Rk,Player,Age,Team,Pos,G,GS,MP,FG,FGA,FG%,3P,3PA,3P%,2P,2PA,2P%,eFG%,FT,FTA,FT%,ORB,DRB,TRB,AST,STL,BLK,TOV,PF,PTS,ORtg,DRtg,Awards,Player-additional,PER,TS%,3PAr,FTr,ORB%,DRB%,TRB%,AST%,STL%,BLK%,TOV%,USG%,OWS,DWS,WS,WS/48,OBPM,DBPM,BPM,VORP
1,CJ McCollum,28,POR,SG,70,70,2556,11.4,25.3,0.451,3.6,9.5,0.379,7.8,15.7,0.494,0.522,2.6,3.4,0.757,0.9,4.7,5.5,5.8,1.0,0.8,2.4,3.4,29.0,111.0,118,,mccolcj01,17.0,0.541,0.378,0.136,1.9,10.2,6.1,19.1,1.0,1.4,8.1,25.9,3.5,0.6,4.1,0.077,2.3,-1.8,0.5,1.6
2,Devin Booker,23,PHO,SG,70,70,2512,11.8,24.2,0.489,2.7,7.5,0.354,9.2,16.7,0.549,0.544,8.8,9.6,0.919,0.5,5.1,5.6,8.6,0.9,0.3,5.0,4.0,35.1,115.0,114,AS,bookede01,20.6,0.618,0.31,0.397,1.3,12.0,6.6,30.0,0.9,0.6,14.9,30.0,6.0,1.5,7.5,0.143,3.4,-1.3,2.2,2.6
3,James Harden,30,HOU,SG,68,68,2483,12.5,28.2,0.444,5.6,15.7,0.355,7.0,12.5,0.556,0.543,12.9,14.9,0.865,1.3,7.0,8.3,9.5,2.3,1.1,5.7,4.2,43.5,120.0,108,MVP-3ASNBA1,hardeja01,29.1,0.626,0.557,0.528,2.9,16.0,9.4,35.9,2.3,2.1,14.2,36.3,9.9,3.2,13.1,0.254,8.1,1.6,9.6,7.3
4,Harrison Barnes,27,SAC,PF,72,72,2482,7.1,15.5,0.46,2.0,5.2,0.381,5.1,10.3,0.501,0.525,4.2,5.2,0.801,1.5,5.4,6.9,3.1,0.8,0.2,1.7,1.8,20.4,116.0,116,,barneha02,13.3,0.574,0.338,0.337,3.4,12.9,8.1,9.2,0.8,0.5,8.8,17.4,3.4,1.1,4.6,0.088,0.0,-1.3,-1.3,0.5
5,Damian Lillard,29,POR,PG,66,66,2474,12.0,26.0,0.463,5.2,13.0,0.401,6.8,13.0,0.524,0.563,8.9,10.0,0.888,0.6,4.8,5.5,10.2,1.3,0.4,3.7,2.2,38.1,126.0,117,MVP-8ASNBA2,lillada01,26.9,0.627,0.5,0.384,1.4,10.5,6.0,34.4,1.3,0.8,11.0,30.3,10.9,0.7,11.6,0.225,8.3,-0.9,7.5,5.9
6,Tobias Harris,27,PHI,PF,72,72,2469,10.9,23.0,0.471,2.6,7.0,0.367,8.3,16.0,0.517,0.527,3.4,4.2,0.806,1.4,8.4,9.7,4.5,1.0,0.8,2.0,3.2,27.7,113.0,110,,harrito02,17.2,0.556,0.304,0.184,3.1,19.1,11.1,14.6,1.0,1.4,7.6,23.9,3.5,2.7,6.2,0.121,1.3,-0.5,0.8,1.8
7,P.J. Tucker,34,HOU,PF,72,72,2467,3.3,8.0,0.415,2.0,5.6,0.358,1.3,2.4,0.551,0.541,0.7,0.9,0.813,2.1,6.8,8.9,2.2,1.4,0.7,1.4,4.3,9.4,114.0,111,,tuckepj01,8.3,0.559,0.702,0.113,4.7,15.6,10.1,6.0,1.4,1.2,13.9,8.7,1.6,2.4,4.0,0.078,-2.4,0.6,-1.9,0.1
8,Shai Gilgeous-Alexander,21,OKC,SG,70,70,2428,9.6,20.3,0.471,1.7,5.0,0.347,7.8,15.3,0.512,0.514,5.8,7.1,0.807,0.9,7.3,8.2,4.6,1.6,0.9,2.7,2.3,26.6,111.0,109,,gilgesh01,17.7,0.568,0.247,0.352,2.2,16.1,9.4,15.2,1.6,1.7,10.3,23.7,3.1,3.0,6.1,0.121,1.3,0.4,1.7,2.2
9,Bam Adebayo,22,MIA,PF,72,72,2417,8.9,16.0,0.557,0.0,0.3,0.143,8.8,15.7,0.564,0.558,5.3,7.7,0.691,3.6,11.3,14.8,7.4,1.7,1.9,4.1,3.7,23.1,116.0,106,DPOY-5ASDEF2,adebaba01,20.3,0.598,0.018,0.484,8.5,24.9,17.0,24.2,1.7,3.8,17.6,21.2,4.6,3.9,8.5,0.168,1.4,2.0,3.4,3.3
10,Donovan Mitchell,23,UTA,SG,69,69,2364,12.4,27.6,0.449,3.6,9.7,0.366,8.8,17.9,0.494,0.513,5.7,6.6,0.863,1.1,5.2,6.3,6.1,1.4,0.3,3.8,3.5,34.1,110.0,111,AS,mitchdo01,18.8,0.558,0.352,0.24,2.6,11.3,7.1,21.6,1.4,0.5,11.0,30.8,3.2,2.2,5.4,0.11,2.4,-0.6,1.9,2.3
11,Nikola Jokić,24,DEN,C,73,73,2336,12.0,22.7,0.528,1.7,5.4,0.314,10.3,17.3,0.594,0.565,5.2,6.4,0.817,3.5,11.5,15.0,10.8,1.8,0.9,4.8,4.7,30.8,119.0,108,MVP-9ASNBA2,jokicni01,24.9,0.605,0.238,0.281,8.0,26.1,17.1,35.2,1.8,1.7,15.8,26.6,6.7,3.1,9.8,0.202,5.5,2.0,7.4,5.5
12,Rudy Gobert,27,UTA,C,68,68,2333,8.1,11.6,0.693,0.0,0.0,,8.1,11.6,0.693,0.693,5.3,8.4,0.63,4.8,14.3,19.1,2.1,1.1,2.8,2.7,4.5,21.4,130.0,104,DPOY-3ASNBA3DEF1,goberru01,21.7,0.699,0.0,0.724,11.2,31.3,21.6,6.5,1.1,4.8,15.0,16.2,6.5,4.2,10.7,0.221,1.7,1.9,3.6,3.3
13,DeMar DeRozan,30,SAS,SF,68,68,2316,11.5,21.6,0.531,0.2,0.7,0.257,11.3,20.9,0.54,0.535,7.9,9.3,0.845,0.9,6.8,7.7,7.8,1.4,0.4,3.4,3.7,31.0,118.0,115,,derozde01,21.6,0.603,0.033,0.43,2.0,15.4,8.7,26.1,1.4,0.8,11.6,26.3,5.9,1.3,7.3,0.151,2.3,-0.4,1.9,2.3
14,LeBron James,35,LAL,PG,67,67,2316,13.2,26.8,0.493,3.0,8.7,0.348,10.2,18.0,0.564,0.55,5.4,7.8,0.693,1.4,9.4,10.8,14.0,1.6,0.7,5.4,2.4,34.9,116.0,106,MVP-2ASNBA1,jamesle01,25.5,0.577,0.326,0.292,3.2,21.5,12.4,49.1,1.6,1.4,15.1,31.5,6.2,3.6,9.8,0.204,6.6,1.8,8.4,6.1
15,Jayson Tatum,21,BOS,PF,66,66,2265,11.8,26.1,0.45,4.0,10.0,0.403,7.7,16.1,0.48,0.527,5.4,6.7,0.812,1.4,8.4,9.8,4.3,2.0,1.2,3.3,2.9,33.0,111.0,106,MVP-12ASNBA3,tatumja01,20.4,0.567,0.383,0.255,3.1,18.5,10.9,14.5,2.0,2.3,10.2,28.6,3.2,3.7,6.9,0.146,3.5,0.6,4.0,3.4
16,Buddy Hield,27,SAC,SG,72,44,2216,10.9,25.4,0.429,5.9,15.1,0.394,5.0,10.4,0.479,0.545,2.5,3.0,0.846,1.2,5.9,7.2,4.7,1.4,0.4,3.7,3.6,30.3,106.0,114,,hieldbu01,16.0,0.566,0.592,0.117,2.8,14.1,8.3,15.5,1.4,0.7,12.1,27.2,1.4,1.5,3.0,0.064,2.5,-1.4,1.1,1.7
17,Devonte' Graham,24,CHO,PG,63,53,2211,8.3,21.8,0.382,4.9,13.3,0.373,3.4,8.6,0.397,0.495,4.3,5.3,0.82,1.0,3.9,4.8,10.7,1.4,0.3,4.1,2.6,25.9,109.0,116,,grahade01,15.8,0.537,0.607,0.242,2.0,8.7,5.2,35.3,1.4,0.6,14.5,24.8,2.4,0.9,3.4,0.073,2.5,-2.1,0.5,1.4
18,Chris Paul,34,OKC,PG,70,70,2208,9.6,19.5,0.489,2.4,6.7,0.365,7.1,12.8,0.554,0.552,5.6,6.1,0.907,0.6,7.1,7.7,10.4,2.4,0.2,3.5,3.5,27.1,120.0,108,MVP-7ASNBA2,paulch01,21.7,0.61,0.343,0.315,1.3,15.7,8.7,34.0,2.4,0.4,13.8,23.3,5.9,3.0,8.9,0.193,3.0,1.4,4.4,3.5
19,T.J. Warren,26,IND,SF,67,67,2202,11.8,22.0,0.536,2.0,5.0,0.403,9.8,17.0,0.575,0.581,3.7,4.5,0.819,1.5,4.7,6.2,2.2,1.7,0.7,1.9,4.1,29.2,116.0,110,,warretj01,18.4,0.61,0.227,0.205,3.4,10.5,7.0,7.1,1.7,1.4,7.2,23.3,4.0,2.6,6.5,0.143,1.2,0.0,1.1,1.7
20,Duncan Robinson,25,MIA,SG,73,68,2166,7.3,15.5,0.47,6.1,13.7,0.446,1.2,1.8,0.654,0.667,1.5,1.6,0.931,0.2,5.0,5.2,2.3,0.8,0.4,1.6,4.3,22.2,122.0,113,,robindu01,13.1,0.684,0.882,0.105,0.5,11.0,6.0,7.1,0.8,0.9,8.9,16.0,3.7,1.6,5.3,0.118,1.5,-1.0,0.5,1.3
21,Terry Rozier,25,CHO,PG,63,63,2164,9.2,21.8,0.423,4.0,9.8,0.407,5.2,12.0,0.436,0.514,3.8,4.4,0.874,1.2,5.2,6.4,6.0,1.4,0.2,3.3,2.9,26.3,108.0,115,,roziete01,14.8,0.553,0.45,0.202,2.4,11.8,7.0,20.4,1.4,0.4,12.1,23.7,1.9,1.1,3.0,0.066,0.8,-1.2,-0.4,0.8
22,Domantas Sabonis,23,IND,PF,62,62,2159,10.3,19.1,0.54,0.4,1.5,0.254,9.9,17.6,0.565,0.55,4.8,6.7,0.723,4.2,13.1,17.3,7.0,1.1,0.7,3.8,4.4,25.8,115.0,106,AS,sabondo01,20.7,0.586,0.079,0.349,9.7,29.3,19.6,21.7,1.1,1.2,14.8,23.3,4.1,3.4,7.5,0.168,2.0,1.2,3.2,2.9
23,Collin Sexton,21,CLE,PG,65,65,2143,11.6,24.7,0.472,2.2,5.8,0.38,9.4,18.9,0.501,0.517,5.1,6.1,0.846,1.4,3.2,4.6,4.4,1.5,0.2,3.6,3.2,30.6,108.0,118,,sextoco01,16.3,0.56,0.235,0.246,3.1,7.5,5.3,15.1,1.5,0.3,11.6,27.2,2.1,0.4,2.5,0.057,0.3,-2.1,-1.8,0.1
24,Joe Ingles,32,UTA,PF,72,45,2137,5.6,12.6,0.445,3.2,8.0,0.399,2.4,4.6,0.525,0.572,1.7,2.1,0.787,0.6,5.7,6.3,8.5,1.5,0.3,3.2,3.5,16.1,115.0,111,,inglejo01,12.6,0.595,0.638,0.17,1.4,12.5,7.2,24.4,1.5,0.4,19.3,15.1,2.7,2.1,4.8,0.108,0.1,0.7,0.7,1.5
25,Robert Covington,29,2TM,C,70,68,2137,6.6,15.7,0.422,3.5,10.4,0.335,3.1,5.3,0.593,0.533,2.1,2.7,0.798,1.4,8.7,10.0,1.9,2.5,2.0,2.2,4.8,18.9,105.0,107,,covinro01,13.3,0.559,0.664,0.172,3.0,20.2,11.4,5.9,2.5,3.7,11.7,17.0,0.7,3.0,3.7,0.083,-1.2,1.3,0.0,1.1
25,Robert Covington,29,MIN,PF,48,47,1411,7.1,16.3,0.435,3.6,10.3,0.346,3.6,6.1,0.587,0.544,2.5,3.1,0.798,1.2,8.3,9.4,1.8,2.6,1.5,2.4,4.9,20.2,106.0,109,,covinro01,13.5,0.572,0.629,0.19,2.6,19.5,10.7,5.9,2.6,2.6,12.0,17.8,0.5,1.8,2.3,0.078,-1.2,1.2,0.0,0.7
25,Robert Covington,29,HOU,C,22,21,726,5.7,14.5,0.392,3.4,10.7,0.315,2.3,3.8,0.61,0.509,1.5,1.9,0.8,1.7,9.5,11.2,2.0,2.2,3.1,1.9,4.6,16.3,105.0,105,,covinro01,13.1,0.531,0.74,0.132,3.9,21.7,12.7,6.1,2.2,5.7,11.1,15.4,0.2,1.2,1.4,0.094,-1.2,1.4,0.2,0.4
26,Anthony Davis,26,LAL,PF,62,62,2131,12.3,24.5,0.503,1.6,4.9,0.33,10.7,19.6,0.546,0.536,9.9,11.7,0.846,3.2,9.7,12.9,4.5,2.0,3.2,3.4,3.5,36.1,121.0,102,MVP-6DPOY-2ASNBA1DEF1,davisan02,27.4,0.61,0.199,0.479,7.4,22.1,14.8,15.1,2.0,6.0,10.4,29.3,6.7,4.4,11.1,0.25,5.4,2.6,8.0,5.4
27,Joe Harris,28,BRK,SF,69,69,2123,8.5,17.5,0.486,3.8,9.0,0.424,4.7,8.4,0.553,0.596,1.4,2.0,0.719,1.4,5.2,6.6,3.2,0.9,0.4,2.3,3.5,22.2,114.0,112,,harrijo01,13.3,0.606,0.518,0.114,3.2,11.2,7.3,10.4,0.9,0.7,11.2,18.3,2.5,1.8,4.3,0.097,0.4,-0.6,-0.2,1.0
28,Dorian Finney-Smith,26,DAL,PF,71,68,2120,5.5,11.9,0.466,2.6,6.9,0.376,2.9,5.0,0.589,0.575,1.8,2.5,0.722,3.3,5.9,9.2,2.6,1.0,0.9,1.6,4.1,15.5,122.0,113,,finnedo01,12.3,0.595,0.58,0.207,7.3,12.7,10.0,7.2,1.0,1.6,10.8,12.9,3.3,1.5,4.9,0.11,0.1,-0.3,-0.2,0.9
29,Trae Young,21,ATL,PG,60,60,2120,12.0,27.5,0.437,4.5,12.5,0.361,7.5,15.0,0.501,0.519,10.6,12.3,0.86,0.7,4.9,5.6,12.3,1.4,0.2,6.4,2.3,39.1,114.0,117,AS,youngtr01,23.9,0.595,0.455,0.448,1.6,11.5,6.5,45.6,1.4,0.3,16.2,34.9,5.3,0.6,5.9,0.133,6.2,-2.3,3.9,3.1
30,Jrue Holiday,29,NOP,SG,61,61,2117,10.0,22.0,0.455,2.7,7.6,0.353,7.3,14.4,0.509,0.516,2.8,4.0,0.709,1.7,4.7,6.4,8.9,2.2,1.0,4.0,3.2,25.5,108.0,112,,holidjr01,17.0,0.537,0.344,0.181,3.8,10.9,7.3,29.1,2.2,1.9,14.5,24.5,2.0,1.9,3.9,0.088,1.6,0.2,1.8,2.0
31,Dillon Brooks,24,MEM,SG,73,73,2112,9.6,23.6,0.407,3.2,9.1,0.358,6.4,14.5,0.438,0.476,3.6,4.5,0.808,1.5,3.9,5.4,3.3,1.4,0.6,2.7,6.1,26.1,100.0,113,,brookdi01,11.3,0.51,0.385,0.19,3.5,8.6,6.1,10.5,1.4,1.1,9.7,25.2,-0.4,1.6,1.2,0.027,-2.7,-1.4,-4.1,-1.1
32,Pascal Siakam,25,TOR,PF,60,60,2110,11.3,24.9,0.453,3.0,8.2,0.359,8.3,16.7,0.499,0.512,5.4,6.8,0.792,1.4,8.5,9.9,4.7,1.4,1.2,3.3,3.8,30.9,107.0,105,MVP-10ASNBA2,siakapa01,17.9,0.554,0.331,0.274,3.3,18.3,11.0,16.4,1.4,2.5,10.7,28.1,1.8,3.6,5.4,0.123,1.3,0.5,1.8,2.0
33,Brandon Ingram,22,NOP,PF,62,62,2104,11.2,24.1,0.463,3.3,8.4,0.391,7.9,15.7,0.501,0.531,6.9,8.1,0.851,1.1,7.2,8.4,5.7,1.3,0.8,4.2,3.9,32.5,112.0,112,MIP-1AS,ingrabr01,18.8,0.587,0.35,0.336,2.6,16.6,9.6,19.3,1.3,1.5,13.1,28.1,3.3,1.8,5.1,0.115,2.5,-0.4,2.1,2.2
34,Kyle Lowry,33,TOR,PG,58,58,2098,7.6,18.2,0.416,3.7,10.6,0.352,3.9,7.6,0.504,0.518,6.7,7.8,0.857,0.7,5.9,6.6,9.8,1.9,0.6,4.0,4.3,25.5,116.0,106,AS,lowryky01,17.7,0.59,0.58,0.427,1.6,12.8,7.3,30.6,1.9,1.2,15.7,23.1,4.2,3.3,7.5,0.171,2.2,1.0,3.2,2.8
35,Tim Hardaway Jr.,27,DAL,SG,71,58,2091,8.9,20.4,0.434,4.7,11.9,0.398,4.2,8.6,0.485,0.55,3.4,4.2,0.819,0.6,4.8,5.4,3.2,0.9,0.1,1.6,2.9,25.9,116.0,115,,hardati02,14.5,0.581,0.58,0.206,1.3,10.2,5.8,9.7,0.9,0.2,6.7,21.1,3.4,1.1,4.4,0.102,1.2,-1.4,-0.1,1.0
36,Zach LaVine,24,CHI,SF,60,60,2085,12.5,27.7,0.45,4.3,11.2,0.38,8.2,16.5,0.497,0.526,6.2,7.7,0.802,0.9,5.7,6.7,5.9,2.0,0.6,4.8,3.0,35.3,106.0,110,,lavinza01,19.4,0.568,0.404,0.279,2.1,13.8,7.7,21.7,2.0,1.3,13.3,31.7,1.8,2.2,4.0,0.091,3.3,-0.8,2.5,2.4
37,Bojan Bogdanović,30,UTA,SF,63,63,2083,9.8,21.8,0.447,4.4,10.7,0.414,5.4,11.2,0.479,0.548,5.8,6.5,0.903,0.9,5.1,6.1,3.1,0.8,0.2,3.7,2.6,29.8,111.0,113,,bogdabo02,15.6,0.603,0.489,0.296,2.1,11.2,6.8,10.0,0.8,0.3,13.1,25.5,2.6,1.6,4.2,0.096,1.6,-1.5,0.1,1.1
38,Julius Randle,25,NYK,PF,64,64,2080,10.8,23.5,0.46,1.5,5.4,0.277,9.3,18.1,0.515,0.492,6.0,8.2,0.733,3.5,11.0,14.6,4.6,1.2,0.5,4.5,4.2,29.2,105.0,112,,randlju01,17.5,0.538,0.23,0.35,7.5,24.9,16.0,15.8,1.2,1.0,14.3,27.6,0.9,1.8,2.7,0.062,0.7,-1.0,-0.3,0.9
39,Evan Fournier,27,ORL,SF,66,66,2076,10.2,21.8,0.467,4.1,10.2,0.399,6.1,11.6,0.527,0.56,4.2,5.2,0.818,0.4,3.6,4.0,4.9,1.7,0.4,2.9,3.8,28.6,112.0,112,,fournev01,16.4,0.595,0.467,0.237,0.9,8.2,4.4,16.6,1.7,0.7,10.9,23.9,2.9,1.7,4.6,0.106,1.4,-0.4,1.0,1.6
40,Ja Morant,20,MEM,PG,67,67,2074,10.1,21.1,0.477,1.4,4.0,0.335,8.7,17.1,0.511,0.509,5.4,6.9,0.776,1.1,4.7,5.8,11.0,1.3,0.4,5.0,2.5,26.9,109.0,113,ROY-1,moranja01,17.4,0.556,0.191,0.329,2.6,10.4,6.6,35.2,1.3,0.8,17.0,25.9,2.3,1.5,3.8,0.088,1.4,-1.2,0.3,1.2
41,OG Anunoby,22,TOR,SF,69,68,2066,6.6,13.0,0.505,2.0,5.2,0.39,4.5,7.8,0.583,0.584,1.7,2.3,0.706,1.8,6.5,8.4,2.5,2.2,1.0,1.8,3.8,16.9,114.0,104,,anunoog01,13.2,0.6,0.403,0.18,4.2,14.2,9.3,7.5,2.2,2.1,11.5,14.3,2.1,3.7,5.7,0.134,-0.8,2.0,1.2,1.7
42,Bradley Beal,26,WAS,SG,57,57,2053,13.5,29.7,0.455,3.9,11.0,0.353,9.6,18.7,0.515,0.52,8.8,10.4,0.842,1.2,4.3,5.5,7.9,1.6,0.5,4.4,2.9,39.6,113.0,117,,bealbr01,23.2,0.579,0.369,0.351,2.7,10.5,6.4,29.5,1.6,1.0,11.4,34.4,4.5,0.6,5.1,0.118,5.3,-2.4,2.9,2.5
43,Royce O'Neale,26,UTA,SF,71,62,2049,3.8,8.7,0.433,2.2,5.8,0.377,1.6,2.9,0.545,0.559,1.0,1.3,0.764,0.6,8.6,9.2,4.3,1.4,0.8,1.4,4.8,10.7,117.0,109,,onealro01,9.5,0.578,0.668,0.151,1.5,18.8,10.4,11.6,1.4,1.3,13.5,9.6,1.8,2.5,4.3,0.101,-1.3,2.2,0.9,1.5
44,Russell Westbrook,31,HOU,PG,57,57,2049,13.6,28.9,0.472,1.2,4.8,0.258,12.4,24.1,0.514,0.493,6.5,8.6,0.763,2.3,7.9,10.2,9.1,2.1,0.5,5.8,4.5,35.1,106.0,109,ASNBA3,westbru01,21.0,0.536,0.166,0.297,5.1,18.1,11.5,35.6,2.1,0.8,15.0,34.4,1.7,2.5,4.2,0.098,1.6,-0.1,1.5,1.8
45,Luka Dončić,20,DAL,PG,61,61,2047,13.7,29.6,0.463,4.0,12.8,0.316,9.7,16.9,0.574,0.531,10.1,13.3,0.758,1.8,11.7,13.5,12.7,1.5,0.3,6.1,3.6,41.5,116.0,110,MVP-4ASNBA1,doncilu01,27.6,0.585,0.431,0.448,4.1,25.0,14.7,45.7,1.5,0.6,14.8,36.8,6.5,2.3,8.8,0.207,7.4,1.0,8.4,5.4
46,Mikal Bridges,23,PHO,SF,73,32,2042,5.7,11.2,0.51,1.6,4.5,0.361,4.1,6.7,0.61,0.583,2.4,2.8,0.844,1.5,5.2,6.8,3.0,2.4,1.1,1.7,3.8,15.5,119.0,110,,bridgmi01,12.9,0.62,0.401,0.252,3.5,12.4,7.9,8.6,2.4,2.0,12.0,12.7,2.5,2.3,4.8,0.113,-0.6,1.5,0.8,1.5
47,Al Horford,33,PHI,C,67,61,2025,7.6,17.0,0.45,2.4,6.8,0.35,5.3,10.2,0.516,0.52,1.5,1.9,0.763,2.5,8.4,10.9,6.5,1.2,1.5,1.9,3.4,19.1,115.0,109,,horfoal01,15.7,0.536,0.399,0.113,5.6,19.3,12.4,19.2,1.2,2.6,9.7,17.5,2.8,2.6,5.4,0.128,1.3,1.0,2.2,2.2
48,Lonzo Ball,22,NOP,PG,63,54,2025,6.3,15.7,0.403,3.4,9.0,0.375,2.9,6.7,0.442,0.511,1.0,1.7,0.566,1.6,7.1,8.8,10.0,2.0,0.9,4.4,2.9,17.0,103.0,111,,balllo01,13.1,0.517,0.575,0.111,3.7,16.4,10.0,29.1,2.0,1.6,21.1,18.5,0.4,2.0,2.4,0.058,0.1,0.6,0.6,1.3
49,De'Andre Hunter,22,ATL,SF,63,62,2018,6.5,15.8,0.41,2.5,7.0,0.355,4.0,8.8,0.454,0.489,2.5,3.3,0.764,1.0,5.6,6.6,2.6,1.0,0.4,2.4,4.2,18.0,100.0,117,,huntede01,8.6,0.521,0.445,0.211,2.3,13.1,7.6,8.0,1.0,0.7,12.1,17.5,-0.4,0.5,0.1,0.002,-2.9,-1.8,-4.7,-1.4
50,Aaron Gordon,24,ORL,PF,62,62,2017,8.1,18.5,0.437,1.8,5.7,0.308,6.3,12.8,0.494,0.484,3.6,5.4,0.674,2.6,8.9,11.5,5.5,1.2,0.9,2.4,3.0,21.6,107.0,110,,gordoaa01,15.1,0.516,0.309,0.292,5.5,20.3,12.7,17.4,1.2,1.7,10.4,20.7,1.4,2.3,3.7,0.087,-0.1,0.1,0.0,1.0
51,Ben Simmons,23,PHI,PG,57,57,2017,9.0,15.5,0.58,0.0,0.2,0.286,9.0,15.4,0.583,0.581,4.4,7.2,0.621,2.7,8.0,10.7,10.9,2.9,0.8,4.8,4.5,22.5,116.0,106,DPOY-4ASNBA3DEF1,simmobe01,20.4,0.602,0.011,0.461,6.2,18.2,12.2,33.8,2.9,1.4,20.4,20.9,3.8,3.1,6.9,0.165,1.3,2.3,3.6,2.8
52,Ricky Rubio,29,PHO,PG,65,65,2016,6.7,16.3,0.415,1.8,5.1,0.361,4.9,11.2,0.439,0.471,4.6,5.3,0.863,1.1,6.1,7.1,13.4,2.2,0.3,4.1,3.9,19.9,113.0,111,,rubiori01,16.5,0.535,0.312,0.327,2.5,14.4,8.4,39.7,2.2,0.5,17.9,20.4,2.9,2.0,4.9,0.117,0.7,0.2,1.0,1.5
53,Nemanja Bjelica,31,SAC,PF,72,67,2011,7.6,15.8,0.481,3.2,7.7,0.419,4.3,8.0,0.541,0.583,1.7,2.0,0.821,2.7,8.4,11.0,4.9,1.5,1.0,2.4,5.2,20.0,119.0,111,,bjeline01,15.7,0.602,0.49,0.129,6.1,19.9,12.8,14.7,1.5,1.9,12.5,17.0,3.4,1.9,5.3,0.127,1.2,0.5,1.8,1.9
54,Hassan Whiteside,30,POR,C,67,61,2008,10.3,16.7,0.621,0.1,0.2,0.571,10.3,16.5,0.622,0.624,3.9,5.7,0.686,6.1,15.4,21.5,1.9,0.6,4.7,2.8,4.7,24.7,125.0,107,DPOY-11,whiteha01,25.0,0.644,0.01,0.34,13.6,33.3,23.6,5.9,0.6,8.4,12.9,19.6,5.6,3.0,8.5,0.204,2.5,0.7,3.2,2.6
55,Dennis Schröder,26,OKC,PG,65,2,1999,11.0,23.5,0.469,3.0,7.9,0.385,8.0,15.6,0.513,0.534,4.8,5.7,0.839,0.5,5.3,5.7,6.4,1.1,0.3,4.0,3.5,29.9,108.0,112,6MOY-2,schrode01,16.7,0.575,0.337,0.245,1.1,11.6,6.5,21.9,1.1,0.6,13.4,27.2,1.9,1.8,3.6,0.087,1.1,-1.1,-0.1,1.0
56,Nikola Vučević,29,ORL,C,62,62,1998,12.0,25.2,0.477,2.4,7.0,0.339,9.6,18.1,0.531,0.525,3.2,4.1,0.784,3.4,13.0,16.4,5.4,1.3,1.1,2.1,3.3,29.6,114.0,107,,vucevni01,21.9,0.549,0.28,0.162,7.3,29.7,18.1,19.5,1.3,2.1,7.4,25.8,3.5,2.9,6.4,0.153,3.7,0.5,4.2,3.1
57,Markelle Fultz,21,ORL,PG,72,60,1996,8.8,18.8,0.465,0.9,3.3,0.267,7.9,15.5,0.507,0.488,2.8,3.9,0.73,1.0,4.8,5.8,9.0,2.2,0.3,3.6,3.5,21.2,104.0,111,,fultzma01,14.3,0.517,0.175,0.206,2.1,11.0,6.4,29.0,2.2,0.5,14.9,21.4,0.6,2.0,2.7,0.065,-1.8,0.0,-1.8,0.1
58,Miles Bridges,21,CHO,SF,65,64,1995,8.0,18.9,0.424,2.5,7.5,0.33,5.5,11.4,0.486,0.489,2.7,3.3,0.809,2.2,6.9,9.1,2.9,1.0,1.2,2.4,3.3,21.2,103.0,114,,bridgmi02,12.1,0.52,0.398,0.174,4.6,15.6,9.9,9.4,1.0,2.2,10.5,20.0,0.3,1.3,1.6,0.039,-1.5,-1.0,-2.5,-0.3
59,Spencer Dinwiddie,26,BRK,PG,64,49,1994,10.1,24.2,0.415,2.9,9.5,0.308,7.1,14.7,0.485,0.476,8.2,10.6,0.778,0.8,4.5,5.2,10.3,0.9,0.5,4.1,4.3,31.3,111.0,113,,dinwisp01,17.8,0.541,0.392,0.437,1.7,9.6,5.7,35.0,0.9,0.9,12.5,29.2,3.2,1.6,4.8,0.116,2.7,-0.9,1.8,1.9
60,Kendrick Nunn,24,MIA,PG,67,67,1962,10.0,22.7,0.439,3.4,9.7,0.35,6.6,13.0,0.505,0.514,2.1,2.5,0.85,0.5,4.0,4.5,5.5,1.4,0.4,2.8,3.8,25.5,103.0,112,ROY-2,nunnke01,12.9,0.534,0.428,0.109,1.2,8.7,5.1,18.5,1.4,0.8,10.6,24.1,0.4,1.6,2.0,0.049,-1.0,-1.3,-2.3,-0.1
61,Jimmy Butler,30,MIA,SF,58,58,1959,8.6,18.9,0.455,0.7,3.0,0.244,7.9,15.9,0.495,0.474,10.9,13.1,0.834,2.6,7.0,9.6,8.7,2.6,0.8,3.2,2.0,28.8,123.0,108,MVP-11ASNBA3,butleji01,23.6,0.585,0.157,0.693,6.3,15.4,11.0,28.1,2.6,1.6,11.4,25.1,6.3,2.7,9.0,0.221,4.0,1.5,5.4,3.7
62,Marcus Morris,30,2TM,PF,62,62,1936,8.9,20.2,0.438,3.5,8.7,0.408,5.3,11.5,0.461,0.526,4.5,5.5,0.823,1.5,6.3,7.8,2.1,1.2,0.7,2.4,4.5,25.8,111.0,113,,morrima03,14.3,0.57,0.43,0.272,3.2,14.0,8.5,6.8,1.2,1.4,9.7,21.9,2.1,1.5,3.6,0.088,0.6,-0.7,-0.1,0.9
62,Marcus Morris,30,NYK,SF,43,43,1387,9.9,22.3,0.442,4.1,9.3,0.439,5.8,13.1,0.444,0.533,5.7,7.0,0.823,1.7,6.5,8.2,2.1,1.2,0.6,2.6,4.5,29.5,113.0,115,,morrima03,16.5,0.582,0.415,0.311,3.6,14.7,9.0,6.8,1.2,1.2,9.2,24.4,2.1,0.8,2.9,0.101,1.8,-1.1,0.7,0.9
62,Marcus Morris,30,LAC,PF,19,19,549,6.4,15.0,0.425,2.2,7.2,0.31,4.1,7.7,0.533,0.5,1.5,1.9,0.818,0.9,5.8,6.7,2.3,1.1,1.1,2.1,4.5,16.5,101.0,109,,morrima03,8.9,0.523,0.483,0.126,2.1,12.3,7.4,6.8,1.1,2.1,11.6,15.8,0.0,0.7,0.6,0.055,-2.5,0.3,-2.2,0.0
63,Jaylen Brown,23,BOS,SG,57,57,1934,10.7,22.1,0.481,3.2,8.4,0.382,7.4,13.7,0.543,0.554,4.4,6.1,0.724,1.5,7.5,9.1,2.9,1.6,0.5,3.1,4.2,28.9,110.0,108,,brownja02,16.9,0.583,0.381,0.274,3.5,16.5,10.1,9.7,1.6,1.0,11.2,24.7,2.3,2.6,4.9,0.123,1.0,-0.2,0.8,1.4
64,Kelly Oubre Jr.,24,PHO,SF,56,55,1933,9.1,20.2,0.452,2.6,7.5,0.352,6.5,12.7,0.511,0.517,4.7,6.0,0.78,1.6,7.2,8.8,2.1,1.7,1.0,2.0,4.7,25.6,109.0,110,,oubreke01,14.9,0.56,0.372,0.298,3.8,17.1,10.4,6.6,1.7,1.8,8.2,22.4,1.7,2.1,3.8,0.093,-0.3,-0.3,-0.5,0.7
65,Fred VanVleet,25,TOR,SG,54,54,1928,7.9,19.1,0.413,3.6,9.2,0.39,4.3,9.8,0.434,0.507,4.1,4.9,0.848,0.4,4.6,5.0,8.8,2.5,0.4,3.0,3.3,23.5,113.0,106,,vanvlfr01,16.3,0.553,0.484,0.256,1.0,9.9,5.6,27.7,2.5,0.9,12.3,21.7,2.8,3.1,5.8,0.145,1.3,1.4,2.7,2.3
66,Marcus Smart,25,BOS,SG,60,40,1919,6.4,17.2,0.375,3.4,9.9,0.347,3.0,7.2,0.415,0.476,3.2,3.8,0.836,1.1,4.6,5.7,7.3,2.5,0.7,2.6,4.1,19.5,110.0,107,DPOY-6DEF1,smartma01,13.8,0.518,0.579,0.223,2.4,10.1,6.3,21.1,2.5,1.4,12.1,18.9,1.7,2.8,4.5,0.112,0.0,1.4,1.4,1.6
67,Giannis Antetokounmpo,25,MIL,PF,63,63,1917,16.3,29.5,0.553,2.1,7.0,0.304,14.2,22.5,0.631,0.589,9.5,15.0,0.633,3.3,17.1,20.4,8.4,1.5,1.6,5.5,4.6,44.2,116.0,97,MVP-1DPOY-1ASNBA1DEF1,antetgi01,31.9,0.613,0.237,0.508,7.7,34.8,22.1,34.2,1.5,3.0,13.2,37.5,6.1,5.0,11.1,0.279,7.4,4.1,11.5,6.6
68,Will Barton,29,DEN,SF,58,58,1916,8.6,19.0,0.45,2.8,7.4,0.375,5.8,11.6,0.498,0.523,2.6,3.4,0.767,2.0,7.5,9.4,5.5,1.6,0.7,2.3,3.1,22.5,113.0,111,,bartowi01,15.6,0.549,0.39,0.18,4.5,16.9,10.7,16.0,1.6,1.4,9.9,20.1,2.4,1.8,4.2,0.106,1.2,-0.2,1.1,1.5
69,Danuel House Jr.,26,HOU,SF,63,52,1913,5.6,13.0,0.427,3.1,8.6,0.363,2.4,4.5,0.549,0.546,1.8,2.2,0.811,1.4,5.1,6.5,2.1,1.6,0.8,1.3,3.2,16.0,114.0,112,,houseda01,11.3,0.572,0.659,0.167,3.1,11.6,7.3,6.1,1.6,1.5,8.5,13.7,1.9,1.8,3.6,0.091,-0.8,0.0,-0.7,0.6
70,Cedi Osman,24,CLE,SF,65,65,1910,6.8,15.5,0.437,3.1,8.2,0.383,3.6,7.3,0.497,0.538,1.6,2.4,0.67,1.0,4.9,5.9,3.9,1.4,0.4,2.3,4.1,18.3,107.0,117,,osmande01,10.7,0.552,0.527,0.154,2.2,11.3,6.7,11.6,1.4,0.7,12.3,16.6,1.0,0.6,1.6,0.04,-1.7,-0.9,-2.6,-0.3
71,Jamal Murray,22,DEN,PG,59,59,1904,10.6,23.2,0.456,2.9,8.4,0.346,7.7,14.8,0.519,0.519,4.2,4.8,0.881,1.2,5.0,6.1,7.4,1.7,0.4,3.3,2.6,28.3,112.0,113,,murraja01,17.7,0.559,0.362,0.207,2.7,11.2,6.9,22.9,1.7,0.8,11.5,25.2,2.8,1.5,4.3,0.107,2.0,-0.8,1.2,1.5
72,Carmelo Anthony,35,POR,PF,58,58,1902,8.4,19.6,0.43,2.2,5.7,0.385,6.2,13.9,0.448,0.485,3.4,4.0,0.845,1.8,7.4,9.2,2.1,1.2,0.7,2.5,4.3,22.4,104.0,115,,anthoca01,12.4,0.525,0.289,0.206,3.9,16.1,10.1,6.4,1.2,1.2,10.5,21.2,0.4,0.9,1.3,0.033,-1.8,-1.8,-3.6,-0.8
73,Jerami Grant,25,DEN,PF,71,24,1892,7.9,16.6,0.478,2.6,6.6,0.389,5.4,10.0,0.537,0.555,3.8,5.1,0.75,1.5,5.0,6.5,2.3,1.3,1.5,1.6,4.0,22.2,117.0,112,,grantje01,14.4,0.591,0.397,0.309,3.4,11.2,7.3,6.6,1.3,2.8,8.0,18.0,2.8,1.6,4.4,0.111,0.1,-0.6,-0.5,0.7
74,Maxi Kleber,28,DAL,PF,74,21,1890,6.1,13.1,0.461,3.0,8.2,0.373,3.0,5.0,0.605,0.577,2.0,2.4,0.849,2.9,7.1,9.9,2.3,0.6,2.1,1.5,4.5,17.2,122.0,112,,klebima01,13.6,0.605,0.621,0.181,6.3,15.1,10.8,6.3,0.6,3.8,9.5,13.9,3.2,1.7,4.8,0.123,0.4,0.0,0.4,1.1
75,Terrence Ross,28,ORL,SG,69,0,1889,8.8,21.8,0.403,4.6,13.0,0.351,4.2,8.8,0.48,0.508,4.0,4.7,0.853,0.3,5.4,5.7,2.1,2.0,0.6,1.8,2.8,26.2,106.0,110,,rosste01,14.0,0.548,0.596,0.217,0.7,12.3,6.3,6.8,2.0,1.1,7.0,22.8,1.1,2.0,3.0,0.077,-0.1,-0.3,-0.4,0.8
76,Andre Drummond,26,2TM,C,57,56,1879,10.9,20.5,0.533,0.1,0.9,0.143,10.8,19.6,0.551,0.536,4.4,7.7,0.575,6.5,16.1,22.6,4.0,2.8,2.4,5.3,5.3,26.4,104.0,103,DPOY-8,drumman01,22.0,0.553,0.045,0.375,14.9,37.5,26.0,13.6,2.8,4.2,18.2,25.9,0.6,3.6,4.2,0.108,-0.1,1.1,0.9,1.4
76,Andre Drummond,26,DET,C,49,48,1654,10.7,20.2,0.53,0.0,0.6,0.048,10.7,19.6,0.546,0.531,4.4,7.6,0.584,6.7,16.3,23.0,4.1,2.9,2.4,5.2,5.2,25.9,104.0,102,,drumman01,22.1,0.55,0.031,0.376,15.3,38.2,26.6,14.0,2.9,4.2,18.0,25.5,0.7,3.3,4.0,0.116,0.0,1.2,1.1,1.3
76,Andre Drummond,26,CLE,C,8,8,225,12.5,22.7,0.552,0.9,3.0,0.286,11.7,19.7,0.593,0.571,4.3,8.4,0.513,5.2,14.1,19.2,3.0,2.6,2.4,6.3,5.4,30.3,100.0,107,,drumman01,21.1,0.573,0.133,0.371,11.7,32.4,22.0,10.8,2.6,4.2,19.2,28.7,-0.1,0.3,0.3,0.053,-0.9,0.4,-0.4,0.1
77,Tomáš Satoranský,28,CHI,SG,65,64,1878,6.1,14.1,0.43,1.6,5.1,0.322,4.4,9.0,0.491,0.488,2.7,3.1,0.876,1.9,4.6,6.5,9.1,2.1,0.2,3.3,3.5,16.5,111.0,112,,satorto01,13.5,0.533,0.361,0.22,4.3,11.0,7.5,27.1,2.1,0.4,17.7,16.7,1.8,1.7,3.5,0.09,-1.1,-0.2,-1.2,0.4
78,Jae Crowder,29,2TM,SF,65,53,1875,5.7,14.2,0.401,3.4,9.9,0.343,2.3,4.3,0.538,0.521,2.4,3.2,0.776,1.3,8.4,9.7,4.1,1.8,0.6,1.7,3.6,17.3,111.0,109,,crowdja01,12.5,0.553,0.7,0.222,3.0,18.5,11.0,11.5,1.8,1.2,10.0,15.5,1.6,2.2,3.8,0.098,-0.5,0.4,-0.1,0.9
78,Jae Crowder,29,MEM,SF,45,45,1322,5.2,14.1,0.368,2.8,9.4,0.293,2.4,4.7,0.519,0.466,2.6,3.4,0.789,1.4,8.4,9.8,4.4,1.7,0.5,1.9,3.0,15.8,106.0,110,,crowdja01,11.0,0.507,0.667,0.238,3.2,18.5,11.0,12.2,1.7,0.9,10.9,15.6,0.5,1.4,1.9,0.069,-1.4,0.2,-1.2,0.3
78,Jae Crowder,29,MIA,PF,20,8,553,7.0,14.5,0.482,5.0,11.3,0.445,1.9,3.2,0.611,0.655,1.9,2.6,0.733,1.1,8.4,9.4,3.2,2.2,0.9,1.3,5.1,20.9,127.0,107,,crowdja01,16.3,0.669,0.78,0.183,2.5,18.5,10.8,9.7,2.2,1.8,7.8,15.3,1.2,0.8,1.9,0.169,1.8,0.8,2.5,0.6
79,Lou Williams,33,LAC,PG,65,8,1864,9.9,23.7,0.418,2.8,8.0,0.352,7.1,15.7,0.451,0.477,7.4,8.6,0.861,0.8,4.3,5.1,9.3,1.1,0.3,4.6,2.0,30.1,109.0,111,6MOY-3,willilo02,17.3,0.546,0.337,0.362,1.8,9.2,5.6,30.1,1.1,0.6,14.4,28.4,2.3,1.8,4.1,0.105,2.2,-1.4,0.7,1.3
80,Andrew Wiggins,24,2TM,SF,54,54,1858,11.0,24.6,0.447,2.8,8.4,0.332,8.2,16.2,0.506,0.504,4.8,6.7,0.709,1.7,5.2,6.9,5.0,1.1,1.3,3.3,3.2,29.6,105.0,114,,wiggian01,16.4,0.536,0.342,0.274,3.6,12.3,7.8,18.1,1.1,2.4,10.7,27.4,0.8,1.1,1.9,0.05,1.1,-1.4,-0.3,0.8
80,Andrew Wiggins,24,MIN,SF,42,42,1455,11.2,25.2,0.444,2.9,8.8,0.331,8.3,16.4,0.505,0.502,4.8,6.6,0.72,1.5,5.5,7.0,4.9,0.9,1.1,3.4,3.2,30.1,104.0,115,,wiggian01,16.1,0.535,0.348,0.262,3.4,12.9,7.9,18.1,0.9,2.1,10.8,28.0,0.6,0.8,1.4,0.046,1.1,-1.5,-0.4,0.6
80,Andrew Wiggins,24,GSW,SF,12,12,403,10.2,22.3,0.457,2.4,7.0,0.339,7.8,15.3,0.512,0.511,4.9,7.2,0.672,2.1,4.4,6.5,5.1,1.9,2.0,3.0,3.1,27.7,106.0,113,,wiggian01,17.5,0.542,0.314,0.324,4.7,10.3,7.4,18.2,1.9,3.8,10.4,25.4,0.2,0.3,0.5,0.064,1.0,-1.1,-0.1,0.2
81,Taurean Prince,25,BRK,PF,64,61,1857,7.1,18.8,0.376,3.7,11.0,0.339,3.4,7.8,0.429,0.475,1.8,2.3,0.798,1.3,8.4,9.7,3.0,1.5,0.6,3.2,4.1,19.7,94.0,109,,princta02,9.1,0.497,0.583,0.12,2.8,18.1,10.6,9.2,1.5,1.1,14.0,20.4,-1.7,2.3,0.6,0.014,-2.8,-0.1,-2.9,-0.4
82,Khris Middleton,28,MIL,SF,62,59,1853,11.6,23.3,0.497,3.6,8.7,0.415,8.0,14.6,0.546,0.575,5.1,5.6,0.916,1.1,8.3,9.4,6.5,1.3,0.2,3.4,3.5,32.0,118.0,104,AS,middlkh01,21.1,0.619,0.374,0.24,2.5,17.0,10.2,22.2,1.3,0.3,11.6,26.4,4.6,3.3,7.9,0.205,3.4,0.7,4.1,2.9
83,Jarrett Allen,21,BRK,C,70,64,1852,7.7,11.9,0.649,0.0,0.2,0.0,7.7,11.7,0.658,0.649,4.4,6.9,0.633,5.5,11.6,17.1,2.8,1.0,2.4,2.0,4.1,19.8,132.0,106,DPOY-12,allenja01,20.7,0.664,0.013,0.581,12.3,24.9,18.7,8.9,1.0,4.2,11.7,14.9,5.2,2.9,8.2,0.212,1.4,1.0,2.3,2.0
84,Kawhi Leonard,28,LAC,SF,57,57,1848,13.6,29.0,0.47,3.1,8.3,0.378,10.5,20.7,0.506,0.524,9.1,10.3,0.886,1.4,8.9,10.3,7.2,2.6,0.8,3.8,2.9,39.5,117.0,104,MVP-5DPOY-8ASNBA2DEF2,leonaka01,26.9,0.589,0.287,0.355,3.1,19.1,11.3,26.4,2.6,1.6,10.2,33.0,5.4,3.3,8.7,0.226,6.5,2.4,8.9,5.1
85,Jonas Valančiūnas,27,MEM,C,70,70,1845,10.9,18.7,0.585,0.8,2.3,0.352,10.1,16.4,0.617,0.606,3.7,5.1,0.74,5.4,14.6,19.9,3.3,0.8,1.9,3.2,4.7,26.4,120.0,107,,valanjo01,22.2,0.631,0.123,0.271,12.4,32.2,22.5,10.9,0.8,3.6,13.3,21.5,4.2,2.8,7.0,0.182,2.1,0.2,2.4,2.0
86,Danilo Gallinari,31,OKC,PF,62,62,1834,9.5,21.6,0.438,4.7,11.6,0.405,4.8,10.0,0.476,0.547,7.0,7.9,0.893,0.9,7.6,8.5,3.2,1.1,0.1,2.0,2.0,30.7,120.0,111,,gallida01,19.5,0.612,0.537,0.365,2.1,16.8,9.7,10.3,1.1,0.2,7.4,24.6,4.5,1.9,6.3,0.166,4.1,-0.9,3.3,2.4
87,Justin Holiday,30,IND,SF,73,6,1826,5.5,12.9,0.428,3.6,8.8,0.405,2.0,4.1,0.477,0.566,1.4,1.8,0.791,0.9,5.5,6.3,2.5,2.3,1.2,1.2,3.6,16.0,114.0,107,,holidju01,12.1,0.585,0.681,0.138,1.9,12.2,7.1,6.7,2.3,2.2,7.9,13.4,1.6,2.6,4.2,0.112,-0.5,1.8,1.3,1.5
88,Myles Turner,23,IND,C,62,62,1826,7.1,15.6,0.457,2.3,6.6,0.344,4.8,9.0,0.54,0.53,3.4,4.5,0.751,2.3,8.5,10.8,1.9,1.2,3.5,2.3,4.4,19.9,108.0,105,,turnemy01,14.8,0.566,0.426,0.288,5.2,19.1,12.2,5.4,1.2,6.4,11.4,17.9,1.1,3.1,4.2,0.111,-1.0,1.1,0.1,1.0
89,Darius Garland,20,CLE,SG,59,59,1824,7.5,18.6,0.401,2.8,7.9,0.355,4.7,10.7,0.434,0.476,1.7,1.9,0.875,0.7,2.2,3.0,6.1,1.1,0.1,4.0,2.5,19.4,96.0,119,,garlada01,8.5,0.498,0.423,0.103,1.6,5.2,3.4,18.5,1.1,0.2,17.1,20.7,-1.3,0.0,-1.3,-0.034,-2.7,-2.8,-5.5,-1.7
90,Brook Lopez,31,MIL,C,68,67,1817,7.3,16.9,0.435,2.6,8.2,0.314,4.8,8.7,0.549,0.511,3.2,3.8,0.836,1.5,6.4,7.8,2.5,1.2,4.1,1.8,4.1,20.4,109.0,100,DPOY-10DEF2,lopezbr01,15.0,0.551,0.484,0.227,3.4,13.0,8.5,7.4,1.2,7.9,8.7,18.3,1.4,4.1,5.5,0.145,-0.4,2.5,2.0,1.9
91,Kristaps Porziņģis,24,DAL,C,57,57,1814,10.6,24.8,0.427,3.8,10.7,0.352,6.8,14.1,0.484,0.503,6.0,7.5,0.799,2.7,11.7,14.4,2.7,1.1,3.1,2.5,4.9,31.0,111.0,107,,porzikr01,20.2,0.551,0.432,0.304,5.9,25.1,15.6,8.8,1.1,5.4,8.0,27.0,2.6,2.6,5.2,0.138,1.8,0.1,1.9,1.8
92,Ish Smith,31,WAS,PG,68,23,1787,8.1,18.0,0.447,1.6,4.4,0.367,6.4,13.6,0.473,0.492,1.6,2.2,0.721,0.8,4.9,5.7,8.7,1.5,0.8,2.5,2.8,19.4,108.0,117,,smithis01,13.9,0.509,0.245,0.125,1.8,12.0,6.7,27.1,1.5,1.5,11.6,19.1,1.3,0.6,1.9,0.051,-0.3,-1.0,-1.3,0.3
93,Glenn Robinson III,26,2TM,SF,62,52,1786,7.7,15.9,0.486,2.1,5.3,0.391,5.7,10.6,0.534,0.552,2.0,2.3,0.86,2.2,5.1,7.2,2.6,1.4,0.4,1.5,2.7,19.5,114.0,115,,robingl02,13.3,0.577,0.333,0.145,4.8,11.9,8.2,8.4,1.4,0.8,8.0,16.4,2.0,0.9,2.9,0.078,-0.5,-1.2,-1.7,0.1
93,Glenn Robinson III,26,GSW,SF,48,48,1516,7.7,16.0,0.481,2.1,5.4,0.4,5.6,10.6,0.522,0.548,2.0,2.3,0.851,2.1,5.1,7.1,2.7,1.4,0.4,1.6,2.6,19.5,112.0,116,,robingl02,13.1,0.574,0.335,0.146,4.6,11.9,8.1,8.8,1.4,0.8,8.5,16.6,1.5,0.6,2.1,0.067,-0.6,-1.1,-1.7,0.1
93,Glenn Robinson III,26,PHI,SF,14,4,270,7.9,15.3,0.518,1.6,4.8,0.333,6.3,10.4,0.603,0.571,2.0,2.2,0.917,2.7,5.2,7.9,2.0,1.6,0.4,0.9,3.2,19.4,124.0,111,,robingl02,14.7,0.598,0.318,0.141,6.1,11.9,9.0,5.9,1.6,0.6,5.2,15.2,0.5,0.3,0.8,0.137,0.0,-1.3,-1.4,0.0
94,Troy Brown Jr.,20,WAS,SF,69,22,1782,7.2,16.3,0.439,1.6,4.7,0.341,5.6,11.6,0.479,0.488,2.9,3.6,0.784,2.0,8.1,10.0,4.7,2.2,0.2,2.1,3.5,18.8,109.0,114,,browntr01,13.7,0.524,0.288,0.223,4.5,19.6,11.7,14.1,2.2,0.3,10.4,17.8,1.3,1.2,2.4,0.065,-0.8,-0.4,-1.2,0.3
95,Gary Harris,25,DEN,SG,56,55,1780,6.1,14.4,0.42,1.9,5.8,0.333,4.1,8.6,0.479,0.487,2.1,2.6,0.815,0.7,3.8,4.5,3.3,2.1,0.4,1.7,3.2,16.1,105.0,113,,harriga01,9.7,0.519,0.405,0.177,1.6,8.6,5.1,8.9,2.1,0.7,9.7,15.1,0.5,1.4,1.9,0.052,-2.8,0.3,-2.5,-0.2
96,Kevin Love,31,CLE,PF,56,56,1780,8.9,19.9,0.45,4.0,10.7,0.374,4.9,9.2,0.537,0.55,5.1,6.0,0.854,1.5,13.5,15.0,4.9,0.9,0.5,3.8,2.5,27.0,112.0,113,,loveke01,17.9,0.599,0.536,0.301,3.3,31.1,17.1,15.4,0.9,0.9,14.5,23.1,2.5,1.3,3.8,0.101,2.6,-0.5,2.0,1.8
97,Bogdan Bogdanović,27,SAC,SG,61,28,1766,9.3,21.0,0.44,4.5,12.1,0.372,4.8,8.9,0.532,0.547,2.4,3.2,0.741,0.7,5.0,5.7,5.7,1.8,0.4,2.8,3.7,25.4,110.0,113,,bogdabo01,15.2,0.565,0.576,0.151,1.6,11.8,6.6,18.0,1.8,0.8,11.1,22.6,1.8,1.3,3.1,0.084,1.2,-0.5,0.6,1.2
98,Kentavious Caldwell-Pope,26,LAL,SG,69,26,1762,6.4,13.7,0.467,2.5,6.4,0.385,3.9,7.2,0.541,0.558,2.1,2.8,0.775,1.0,2.8,3.8,3.0,1.5,0.4,1.7,3.5,17.4,115.0,110,,caldwke01,11.0,0.584,0.471,0.201,2.4,6.4,4.4,8.5,1.5,0.7,10.1,14.7,1.9,1.9,3.7,0.102,-1.2,0.4,-0.8,0.5
99,Kevin Huerter,21,ATL,SG,56,48,1760,6.7,16.1,0.413,3.4,8.8,0.38,3.3,7.3,0.453,0.517,1.4,1.7,0.828,0.9,5.1,6.0,5.6,1.4,0.7,2.3,3.7,18.1,107.0,116,,huertke01,11.5,0.536,0.548,0.105,2.1,12.0,7.0,17.5,1.4,1.3,12.0,17.1,1.0,0.6,1.6,0.043,-0.7,-0.9,-1.6,0.2
100,Cory Joseph,28,SAC,PG,72,26,1759,4.7,11.4,0.415,1.5,4.4,0.352,3.2,7.0,0.455,0.483,1.7,1.9,0.857,1.2,4.0,5.2,6.9,1.5,0.6,2.2,3.7,12.6,110.0,114,,josepco01,10.1,0.517,0.386,0.17,2.7,9.4,6.0,19.1,1.5,1.1,15.3,12.9,1.2,1.1,2.3,0.062,-2.1,0.1,-2.0,0.0
101,P.J. Washington,21,CHO,PF,58,57,1759,7.6,16.8,0.455,2.4,6.6,0.374,5.2,10.2,0.507,0.528,2.5,3.9,0.647,1.7,7.3,9.0,3.5,1.5,1.3,2.6,4.5,20.2,105.0,112,,washipj01,12.4,0.547,0.39,0.231,3.5,16.6,9.8,11.3,1.5,2.3,12.5,18.6,0.5,1.5,2.0,0.054,-1.7,0.1,-1.6,0.2
102,Josh Hart,24,NOP,SF,65,16,1755,5.9,14.0,0.423,3.2,9.3,0.342,2.7,4.7,0.584,0.537,2.2,3.0,0.739,1.6,9.6,11.2,2.8,1.7,0.6,2.0,4.2,17.3,110.0,111,,hartjo01,11.9,0.563,0.665,0.216,3.7,22.1,12.8,8.2,1.7,1.1,11.4,15.3,1.3,1.8,3.1,0.085,-1.1,0.4,-0.7,0.6
103,LaMarcus Aldridge,34,SAS,C,53,53,1754,10.7,21.6,0.493,1.7,4.3,0.389,9.0,17.3,0.519,0.532,4.3,5.2,0.827,2.8,7.9,10.7,3.5,1.0,2.4,2.0,3.5,27.3,115.0,112,,aldrila01,19.7,0.571,0.198,0.241,6.3,17.8,12.0,11.4,1.0,4.4,7.8,23.4,3.0,1.4,4.5,0.122,1.8,-0.5,1.4,1.5
104,Alec Burks,28,2TM,SF,66,19,1754,8.8,21.0,0.418,3.2,8.2,0.385,5.6,12.8,0.439,0.493,6.4,7.2,0.887,1.3,6.4,7.7,5.2,1.7,0.5,2.5,3.5,27.2,112.0,114,,burksal01,16.7,0.561,0.392,0.345,2.9,14.9,8.7,17.2,1.7,0.9,9.3,23.8,2.5,1.2,3.7,0.101,1.2,-0.7,0.5,1.1
104,Alec Burks,28,GSW,SF,48,18,1390,8.4,20.7,0.406,2.9,7.7,0.375,5.5,13.0,0.424,0.476,6.9,7.7,0.897,1.3,6.5,7.8,5.2,1.7,0.6,2.6,3.7,26.6,110.0,114,,burksal01,16.1,0.552,0.373,0.373,2.8,15.3,8.8,17.4,1.7,1.1,9.8,23.8,1.6,0.9,2.5,0.085,0.7,-0.6,0.1,0.7
104,Alec Burks,28,PHI,SG,18,1,364,10.3,22.2,0.461,4.3,10.3,0.416,6.0,12.0,0.5,0.557,4.5,5.5,0.829,1.5,6.0,7.5,5.1,1.6,0.0,2.0,2.8,29.3,120.0,111,,burksal01,19.0,0.594,0.461,0.246,3.3,13.7,8.5,16.3,1.6,0.0,7.5,23.7,0.9,0.4,1.2,0.161,3.1,-1.1,2.0,0.4
105,Montrezl Harrell,26,LAC,C,63,2,1749,12.7,21.9,0.58,0.0,0.5,0.0,12.7,21.5,0.593,0.58,6.2,9.5,0.658,4.4,7.6,12.0,2.9,1.1,1.9,2.9,3.9,31.7,119.0,107,6MOY-1,harremo01,23.2,0.607,0.022,0.432,9.9,16.3,13.2,10.3,1.1,3.6,10.1,25.7,4.4,2.5,7.0,0.191,2.5,0.5,2.9,2.2
106,Kemba Walker,29,BOS,PG,56,56,1742,10.5,24.6,0.425,5.0,13.1,0.381,5.5,11.5,0.476,0.526,5.8,6.7,0.864,1.0,5.0,6.0,7.4,1.3,0.8,3.2,2.5,31.7,116.0,110,AS,walkeke02,20.0,0.575,0.532,0.272,2.2,11.0,6.7,24.2,1.3,1.5,10.5,27.2,3.9,2.0,5.9,0.162,4.9,-0.3,4.6,2.9
107,Gordon Hayward,29,BOS,SF,52,52,1740,9.7,19.4,0.5,2.4,6.2,0.383,7.4,13.3,0.554,0.561,3.4,4.0,0.855,1.5,8.1,9.7,5.9,1.1,0.6,2.7,2.7,25.2,118.0,109,,haywago01,18.1,0.595,0.317,0.207,3.4,17.8,10.7,18.7,1.1,1.2,11.2,21.1,3.5,2.2,5.7,0.158,2.6,0.1,2.7,2.0
108,Garrett Temple,33,BRK,SG,62,35,1730,6.1,16.1,0.378,3.5,10.6,0.329,2.6,5.5,0.473,0.486,1.9,2.4,0.805,0.8,5.2,6.0,4.3,1.3,0.8,1.7,3.0,17.5,106.0,111,,templga01,10.5,0.513,0.658,0.148,1.8,11.1,6.5,12.8,1.3,1.4,9.0,16.6,0.7,1.7,2.4,0.066,-1.4,0.3,-1.1,0.4
109,Tristan Thompson,28,CLE,C,57,51,1721,8.1,15.9,0.512,0.3,0.7,0.391,7.9,15.2,0.518,0.52,2.8,4.6,0.615,6.4,9.9,16.3,3.4,0.9,1.4,2.9,3.5,19.3,112.0,114,,thomptr01,16.8,0.54,0.041,0.286,14.5,22.9,18.6,10.5,0.9,2.5,14.0,18.3,2.0,1.1,3.1,0.085,-0.2,-1.3,-1.5,0.2
110,Jordan Clarkson,27,2TM,SG,71,2,1705,11.2,24.7,0.454,4.3,11.8,0.368,6.9,13.0,0.533,0.542,3.9,4.7,0.836,1.4,3.9,5.3,3.9,1.3,0.5,2.8,3.1,30.8,111.0,114,,clarkjo01,17.3,0.574,0.476,0.19,3.3,8.7,6.1,13.2,1.3,0.8,9.4,26.3,2.4,1.0,3.4,0.096,2.4,-1.3,1.1,1.3
110,Jordan Clarkson,27,CLE,SG,29,0,666,10.5,23.8,0.442,4.3,11.6,0.371,6.2,12.2,0.509,0.532,5.6,6.3,0.884,1.5,3.5,5.0,5.1,1.2,0.6,2.8,2.4,30.9,116.0,118,,clarkjo01,18.6,0.581,0.488,0.264,3.5,8.1,5.8,17.0,1.2,1.0,9.7,25.9,1.4,0.1,1.5,0.107,4.1,-1.4,2.7,0.8
110,Jordan Clarkson,27,UTA,SG,42,2,1039,11.7,25.3,0.462,4.4,11.9,0.366,7.4,13.4,0.547,0.548,2.9,3.7,0.785,1.4,4.2,5.5,3.1,1.4,0.4,2.7,3.5,30.7,109.0,112,,clarkjo01,16.5,0.569,0.47,0.146,3.2,9.1,6.3,10.8,1.4,0.6,9.2,26.7,1.0,0.9,1.9,0.089,1.3,-1.2,0.0,0.5
111,RJ Barrett,19,NYK,SG,56,55,1704,8.3,20.8,0.402,1.8,5.6,0.32,6.5,15.1,0.432,0.445,4.5,7.3,0.614,1.4,6.5,8.0,4.1,1.6,0.5,3.5,3.5,22.9,95.0,114,ROY-8,barrerj01,10.7,0.479,0.271,0.349,3.0,14.8,8.7,12.8,1.6,0.9,12.9,24.0,-1.6,1.1,-0.5,-0.015,-2.9,-1.5,-4.3,-1.0
112,Langston Galloway,28,DET,SG,66,6,1702,6.8,15.7,0.435,3.8,9.6,0.399,3.0,6.1,0.493,0.557,2.1,2.5,0.859,1.0,3.4,4.3,2.9,1.4,0.3,1.2,2.8,19.6,118.0,116,,gallola01,12.3,0.584,0.611,0.157,2.2,7.8,5.0,8.8,1.4,0.5,6.5,15.9,2.4,0.7,3.1,0.087,0.0,-0.9,-0.8,0.5
113,Josh Richardson,26,PHI,SG,55,53,1693,8.0,18.5,0.43,2.4,7.1,0.341,5.5,11.4,0.486,0.496,3.3,4.0,0.809,1.2,3.8,5.0,4.6,1.5,1.0,3.0,3.9,21.6,104.0,111,,richajo01,12.0,0.533,0.385,0.218,2.7,8.7,5.7,13.9,1.5,1.8,12.8,20.6,0.5,1.7,2.1,0.061,-1.4,-0.4,-1.8,0.1
114,Kent Bazemore,30,2TM,SF,68,21,1688,5.7,15.2,0.375,2.4,6.9,0.344,3.3,8.2,0.4,0.453,3.2,4.2,0.769,0.8,7.6,8.4,2.6,2.1,1.1,2.6,5.6,17.0,96.0,112,,bazemke01,9.3,0.499,0.457,0.275,1.7,17.1,9.4,7.4,2.1,2.1,13.2,17.5,-0.9,1.5,0.6,0.017,-3.4,0.3,-3.0,-0.5
114,Kent Bazemore,30,POR,SF,43,21,1111,4.8,14.0,0.347,2.4,7.3,0.327,2.4,6.6,0.368,0.433,2.5,3.1,0.806,0.6,6.8,7.4,2.6,1.9,1.3,2.6,5.2,14.6,92.0,113,,bazemke01,7.5,0.475,0.525,0.221,1.2,14.8,8.1,7.1,1.9,2.4,14.4,15.9,-1.0,0.8,-0.2,-0.008,-3.6,0.4,-3.2,-0.3
114,Kent Bazemore,30,SAC,SF,25,0,577,7.3,17.5,0.418,2.4,6.1,0.384,5.0,11.4,0.437,0.486,4.6,6.3,0.733,1.2,9.1,10.3,2.7,2.4,0.8,2.6,6.3,21.6,103.0,109,,bazemke01,12.6,0.533,0.351,0.361,2.7,21.6,11.9,8.0,2.4,1.5,11.4,20.4,0.1,0.7,0.8,0.065,-3.0,0.3,-2.8,-0.1
115,Danny Green,32,LAL,SG,68,68,1687,5.6,13.4,0.416,3.4,9.2,0.367,2.2,4.1,0.524,0.542,0.9,1.4,0.688,1.4,4.9,6.3,2.6,2.4,0.9,1.8,3.8,15.4,108.0,107,,greenda02,10.8,0.552,0.69,0.101,3.3,11.2,7.3,7.1,2.4,1.7,11.3,13.9,0.8,2.5,3.4,0.096,-1.1,1.5,0.5,1.1
116,Dejounte Murray,23,SAS,PG,66,58,1687,8.3,18.0,0.462,1.2,3.1,0.369,7.2,14.9,0.481,0.494,2.6,3.2,0.798,2.0,8.9,10.8,7.7,3.1,0.5,3.5,4.1,20.4,105.0,110,,murrade01,16.2,0.524,0.174,0.179,4.4,20.1,12.2,23.1,3.1,0.9,15.4,20.8,0.7,2.0,2.6,0.074,-0.9,1.3,0.4,1.0
117,Steven Adams,26,OKC,C,63,63,1680,8.2,13.8,0.592,0.0,0.1,0.333,8.2,13.7,0.594,0.593,3.4,5.8,0.582,6.0,10.9,16.9,4.2,1.5,1.9,2.7,3.5,19.8,122.0,106,,adamsst01,20.5,0.604,0.006,0.421,14.0,24.0,19.2,13.2,1.5,3.4,14.2,17.3,3.8,2.7,6.5,0.185,1.9,1.1,2.9,2.1
118,Derrick White,25,SAS,SG,68,20,1677,7.2,15.7,0.458,2.3,6.2,0.366,5.0,9.6,0.518,0.53,5.1,6.0,0.853,1.0,5.4,6.4,6.9,1.3,1.7,2.5,4.3,21.8,118.0,114,,whitede01,16.4,0.593,0.391,0.382,2.3,12.1,7.2,20.0,1.3,3.1,12.1,18.9,3.1,1.1,4.2,0.119,1.2,0.1,1.3,1.4
119,Coby White,19,CHI,PG,65,1,1674,9.0,22.8,0.394,3.8,10.8,0.354,5.2,12.0,0.43,0.478,2.9,3.7,0.791,0.8,5.8,6.6,5.0,1.4,0.2,3.1,3.4,24.7,100.0,112,ROY-5,whiteco01,11.9,0.506,0.475,0.163,1.8,14.0,7.6,16.5,1.4,0.3,11.4,24.4,-0.5,1.4,0.9,0.026,-1.3,-1.6,-2.9,-0.4
120,Malcolm Brogdon,27,IND,PG,54,54,1666,9.5,21.7,0.438,2.2,6.7,0.326,7.3,15.0,0.488,0.489,4.8,5.4,0.892,1.3,6.3,7.6,11.1,1.0,0.3,3.8,2.9,26.0,111.0,111,,brogdma01,17.7,0.541,0.309,0.25,3.1,14.1,8.6,33.8,1.0,0.5,13.7,25.2,2.3,1.7,4.0,0.114,2.3,-0.5,1.8,1.6
121,Goran Dragić,33,MIA,PG,59,3,1663,9.4,21.3,0.441,3.6,9.9,0.367,5.7,11.3,0.505,0.526,5.6,7.2,0.776,0.9,4.6,5.5,8.8,1.2,0.3,4.2,3.6,28.0,110.0,113,6MOY-6,dragigo01,16.3,0.573,0.467,0.34,2.0,10.2,6.3,29.2,1.2,0.6,14.8,25.9,2.2,1.3,3.5,0.102,1.4,-1.6,-0.1,0.8
122,Eric Paschall,23,GSW,PF,60,26,1654,9.2,18.5,0.497,1.1,3.7,0.287,8.1,14.8,0.55,0.526,4.7,6.1,0.774,2.4,5.6,8.0,3.7,0.9,0.4,2.7,3.6,24.2,110.0,117,ROY-6,pascher01,14.5,0.571,0.202,0.331,5.2,13.1,9.0,12.7,0.9,0.7,11.4,21.4,1.6,0.5,2.1,0.062,-0.7,-2.0,-2.7,-0.3
123,Eric Bledsoe,30,MIL,PG,61,61,1646,9.3,19.5,0.475,2.1,6.0,0.344,7.2,13.5,0.533,0.528,4.7,5.9,0.79,1.2,6.6,7.8,9.1,1.6,0.7,4.1,3.6,25.3,112.0,104,DEF2,bledser01,17.6,0.571,0.306,0.304,2.8,13.5,8.5,28.7,1.6,1.4,15.7,23.7,2.4,3.0,5.4,0.157,0.8,1.0,1.8,1.6
124,Tony Snell,28,DET,SF,59,57,1641,5.1,11.5,0.445,3.1,7.6,0.402,2.0,3.8,0.531,0.579,1.0,1.0,1.0,0.3,3.1,3.3,3.8,1.0,0.4,0.9,3.0,14.2,121.0,117,,snellto01,9.7,0.598,0.665,0.084,0.6,7.1,3.8,10.9,1.0,0.8,7.3,11.4,2.1,0.5,2.6,0.076,-1.2,-0.6,-1.8,0.1
125,Monte Morris,24,DEN,PG,73,12,1636,7.9,17.1,0.459,2.0,5.2,0.378,5.9,11.9,0.495,0.517,2.3,2.7,0.843,0.7,3.4,4.1,7.7,1.7,0.5,1.6,2.2,19.9,118.0,114,,morrimo01,14.9,0.545,0.304,0.157,1.6,7.7,4.7,22.1,1.7,1.0,8.1,17.5,2.7,1.1,3.8,0.112,0.4,-0.5,-0.2,0.7
126,Wesley Matthews,33,MIL,SG,67,67,1635,4.7,11.8,0.396,3.0,8.3,0.364,1.6,3.5,0.472,0.524,1.5,1.9,0.765,0.6,4.0,4.6,2.6,1.1,0.3,1.2,2.9,13.8,109.0,107,,matthwe02,8.1,0.547,0.704,0.161,1.4,8.2,5.0,7.1,1.1,0.5,8.7,12.5,0.8,2.4,3.2,0.093,-2.6,0.7,-1.8,0.1
127,Bruce Brown,23,DET,PG,58,43,1634,6.0,13.5,0.443,1.0,2.9,0.344,5.0,10.6,0.47,0.48,2.6,3.6,0.739,1.8,6.4,8.2,6.9,1.9,0.9,3.0,4.9,15.6,106.0,112,,brownbr01,11.9,0.518,0.215,0.266,4.2,15.0,9.5,20.4,1.9,1.5,16.7,16.0,0.7,1.4,2.1,0.062,-2.0,0.8,-1.2,0.3
128,De'Aaron Fox,22,SAC,PG,51,49,1634,11.6,24.2,0.48,1.6,5.5,0.292,10.0,18.7,0.535,0.513,7.2,10.2,0.705,1.0,4.8,5.8,10.3,2.2,0.7,4.7,4.3,32.0,111.0,112,,foxde01,20.6,0.558,0.227,0.42,2.4,11.4,6.8,35.3,2.2,1.5,14.1,29.8,2.6,1.4,4.0,0.118,2.3,-0.5,1.8,1.6
129,Dario Šarić,25,PHO,PF,66,51,1632,7.4,15.6,0.476,2.4,6.8,0.357,5.0,8.8,0.568,0.554,3.1,3.7,0.844,2.9,8.9,11.8,3.6,1.1,0.5,2.6,4.5,20.4,114.0,112,,saricda01,14.2,0.592,0.437,0.238,6.7,21.1,13.8,10.8,1.1,0.9,12.9,17.8,2.1,1.5,3.6,0.105,-0.1,-0.3,-0.4,0.7
130,Jaren Jackson Jr.,20,MEM,C,57,57,1622,10.2,21.7,0.469,4.2,10.6,0.394,6.0,11.1,0.54,0.565,4.0,5.4,0.747,1.6,6.0,7.5,2.2,1.2,2.6,2.8,6.7,28.5,110.0,110,,jacksja02,16.3,0.593,0.489,0.247,3.6,13.2,8.5,7.2,1.2,5.0,10.6,24.0,1.6,1.8,3.5,0.103,0.3,0.1,0.4,1.0
131,Ben McLemore,26,HOU,SF,71,23,1619,6.9,15.6,0.444,5.2,12.9,0.4,1.7,2.7,0.656,0.61,1.4,1.9,0.746,0.6,3.9,4.5,1.7,1.3,0.5,1.4,4.4,20.4,118.0,113,,mclembe01,11.8,0.622,0.829,0.123,1.3,8.9,5.1,5.2,1.3,0.8,8.0,16.0,2.2,1.1,3.3,0.099,0.1,-0.6,-0.5,0.6
132,Aaron Holiday,23,IND,PG,66,33,1617,7.0,16.9,0.414,2.6,6.6,0.394,4.4,10.3,0.427,0.491,2.2,2.6,0.851,0.7,4.0,4.7,6.8,1.7,0.5,2.6,3.6,18.8,104.0,110,,holidaa01,11.6,0.521,0.393,0.155,1.5,9.0,5.3,19.1,1.7,0.9,12.8,18.7,0.4,1.7,2.1,0.063,-1.6,0.0,-1.6,0.2
133,Austin Rivers,27,HOU,SG,68,4,1594,6.1,14.5,0.421,2.8,7.8,0.356,3.3,6.7,0.498,0.517,2.3,3.2,0.703,0.8,4.3,5.1,3.3,1.4,0.3,1.5,3.7,17.3,110.0,113,,riverau01,10.4,0.542,0.539,0.222,1.8,9.8,5.8,10.0,1.4,0.5,8.3,15.6,1.2,1.2,2.4,0.072,-2.1,-0.4,-2.5,-0.2
134,Thaddeus Young,31,CHI,PF,64,16,1591,8.1,18.2,0.448,2.4,6.7,0.356,5.8,11.5,0.501,0.513,1.3,2.2,0.583,2.8,6.7,9.5,3.5,2.8,0.7,3.1,4.1,20.0,101.0,108,,youngth01,13.3,0.521,0.369,0.12,6.2,16.1,10.9,11.3,2.8,1.4,13.9,19.7,-0.2,2.1,1.9,0.058,-1.4,0.2,-1.2,0.3
135,Dāvis Bertāns,27,WAS,PF,54,4,1583,7.8,18.0,0.434,5.9,13.9,0.424,1.9,4.1,0.471,0.598,3.1,3.6,0.852,1.0,6.2,7.2,2.7,1.1,1.0,1.7,4.1,24.6,120.0,116,6MOY-8,bertada01,15.5,0.628,0.774,0.2,2.3,15.1,8.5,8.4,1.1,1.8,8.2,19.0,3.0,0.5,3.5,0.107,2.7,-1.8,0.9,1.1
136,JJ Redick,35,NOP,SG,60,36,1581,8.4,18.5,0.453,5.3,11.6,0.453,3.1,6.8,0.453,0.596,4.8,5.4,0.892,0.3,4.1,4.4,3.5,0.6,0.3,2.2,2.8,26.8,122.0,116,,redicjj01,15.4,0.644,0.629,0.293,0.7,9.5,5.1,10.8,0.6,0.5,9.5,20.4,3.6,0.6,4.1,0.125,2.3,-1.7,0.7,1.1
137,Bryn Forbes,26,SAS,SG,63,62,1579,7.3,17.6,0.417,4.5,11.5,0.388,2.8,6.1,0.47,0.544,2.3,2.7,0.833,0.4,3.4,3.8,3.3,1.0,0.0,1.7,3.4,21.4,110.0,118,,forbebr01,11.1,0.57,0.656,0.155,0.8,7.8,4.3,9.5,1.0,0.0,8.4,18.5,1.3,0.3,1.5,0.047,-0.6,-2.1,-2.7,-0.3
138,Seth Curry,29,DAL,SG,64,25,1576,8.7,17.6,0.495,4.4,9.8,0.452,4.3,7.8,0.549,0.621,2.5,3.0,0.825,0.8,3.6,4.4,3.8,1.2,0.3,1.9,3.5,24.3,123.0,115,,curryse01,15.5,0.643,0.559,0.169,1.8,7.8,4.8,11.6,1.2,0.5,9.1,18.4,3.5,0.8,4.3,0.13,1.7,-0.9,0.8,1.2
139,Delon Wright,27,DAL,PG,73,5,1570,5.8,12.7,0.462,1.4,3.9,0.37,4.4,8.7,0.504,0.519,2.4,3.1,0.77,2.2,6.5,8.6,7.5,2.6,0.7,2.2,2.9,15.5,120.0,110,,wrighde01,15.4,0.554,0.309,0.243,4.7,13.8,9.4,21.0,2.6,1.2,13.8,14.4,2.6,1.8,4.4,0.134,0.0,1.9,1.9,1.5
140,Daniel Theis,27,BOS,C,65,64,1566,7.4,13.1,0.566,1.0,3.0,0.333,6.4,10.2,0.633,0.603,2.7,3.5,0.763,4.3,8.8,13.1,3.4,1.1,2.6,1.7,6.7,18.5,130.0,105,,theisda01,17.9,0.631,0.225,0.268,9.7,19.3,14.6,10.1,1.1,5.0,10.2,14.4,4.0,2.6,6.5,0.201,0.6,1.8,2.4,1.7
141,Furkan Korkmaz,22,PHI,SG,72,12,1559,7.5,17.5,0.43,4.4,11.1,0.402,3.1,6.4,0.478,0.557,2.4,3.2,0.755,0.6,4.7,5.2,2.5,1.3,0.5,1.8,3.0,21.9,111.0,112,,korkmfu01,12.0,0.579,0.632,0.181,1.3,10.6,6.0,7.3,1.3,0.9,8.8,18.4,1.4,1.4,2.8,0.085,-0.4,-1.0,-1.3,0.3
142,Cam Reddish,20,ATL,SF,58,34,1551,6.4,16.6,0.384,2.5,7.5,0.332,3.9,9.1,0.428,0.459,3.0,3.8,0.802,1.1,5.4,6.5,2.6,1.9,0.8,2.9,4.0,18.3,95.0,115,,reddica01,9.0,0.5,0.451,0.227,2.4,12.7,7.5,8.0,1.9,1.5,13.6,18.9,-1.2,0.8,-0.4,-0.011,-3.3,-1.0,-4.2,-0.9
143,Josh Okogie,21,MIN,SG,62,28,1547,5.1,11.9,0.427,1.2,4.6,0.266,3.9,7.3,0.529,0.479,4.6,5.7,0.796,2.6,5.4,8.0,3.0,2.0,0.8,2.6,4.2,16.0,108.0,113,,okogijo01,11.5,0.553,0.387,0.48,5.7,12.8,9.1,8.9,2.0,1.4,15.3,15.1,0.9,1.2,2.2,0.068,-2.4,0.0,-2.4,-0.2
144,Kyle Kuzma,24,LAL,PF,61,9,1526,9.1,20.8,0.436,2.7,8.5,0.316,6.4,12.3,0.518,0.5,3.6,4.8,0.735,1.6,6.9,8.5,2.5,0.9,0.8,2.8,3.9,24.4,103.0,109,,kuzmaky01,12.2,0.531,0.407,0.232,3.8,15.7,9.8,7.6,0.9,1.5,11.0,22.9,0.1,1.9,2.0,0.063,-1.6,-1.0,-2.6,-0.2
145,Donte DiVincenzo,23,MIL,SG,66,24,1520,7.0,15.3,0.455,2.5,7.4,0.336,4.5,7.9,0.567,0.536,1.9,2.6,0.733,2.0,7.6,9.6,4.6,2.6,0.6,2.7,3.4,18.3,108.0,101,,divindo01,14.1,0.557,0.484,0.169,4.6,15.5,10.3,13.6,2.6,1.2,14.1,17.3,1.0,3.2,4.3,0.135,-1.1,2.4,1.3,1.3
146,Tyler Herro,20,MIA,SG,55,8,1508,8.7,20.4,0.428,3.8,9.6,0.389,5.0,10.8,0.462,0.52,2.8,3.2,0.87,0.5,6.7,7.3,3.9,1.1,0.3,2.8,2.5,24.1,103.0,112,,herroty01,12.5,0.55,0.472,0.158,1.2,14.9,8.3,12.7,1.1,0.6,11.4,22.3,0.2,1.3,1.6,0.05,-0.4,-1.2,-1.6,0.1
147,Jarrett Culver,20,MIN,SG,63,35,1506,7.1,17.5,0.404,2.0,6.8,0.299,5.1,10.7,0.471,0.462,1.7,3.6,0.462,2.2,4.4,6.5,3.4,1.8,1.2,2.5,3.9,17.9,94.0,113,,culveja01,9.6,0.467,0.388,0.206,4.7,10.3,7.4,10.8,1.8,2.1,11.5,19.2,-1.2,1.1,-0.1,-0.004,-3.3,-0.7,-4.0,-0.8
148,Joel Embiid,25,PHI,C,51,51,1506,12.3,25.8,0.477,1.8,5.5,0.331,10.5,20.2,0.517,0.512,11.3,14.0,0.807,4.5,14.5,19.1,4.9,1.4,2.1,5.1,5.6,37.7,113.0,104,AS,embiijo01,25.8,0.59,0.215,0.543,10.3,33.2,21.7,16.9,1.4,3.7,13.8,32.9,3.3,2.7,6.0,0.192,3.7,1.0,4.7,2.5
149,Trevor Ariza,34,2TM,SF,53,21,1493,4.6,10.4,0.438,2.5,6.7,0.372,2.1,3.8,0.556,0.557,2.0,2.4,0.838,1.1,6.8,7.9,2.9,2.2,0.5,1.8,3.6,13.6,114.0,112,,arizatr01,11.0,0.593,0.639,0.228,2.5,15.7,9.0,8.0,2.2,0.9,13.6,11.8,1.3,1.2,2.5,0.081,-1.4,0.9,-0.5,0.6
149,Trevor Ariza,34,SAC,SF,32,0,791,3.9,10.1,0.388,2.6,7.5,0.352,1.3,2.6,0.488,0.518,1.3,1.7,0.778,1.3,7.7,9.0,3.1,2.1,0.4,1.7,3.9,11.8,108.0,111,,arizatr01,9.4,0.543,0.739,0.164,2.9,18.2,10.4,8.3,2.1,0.8,13.7,11.2,0.3,0.8,1.1,0.066,-1.9,1.3,-0.6,0.3
149,Trevor Ariza,34,POR,SF,21,21,702,5.3,10.8,0.491,2.3,5.8,0.4,3.0,5.0,0.595,0.597,2.8,3.2,0.872,0.9,5.9,6.8,2.8,2.3,0.5,1.9,3.3,15.7,121.0,114,,arizatr01,12.8,0.643,0.535,0.296,2.0,12.8,7.4,7.6,2.3,1.0,13.5,12.5,1.0,0.4,1.4,0.098,-0.9,0.4,-0.4,0.3
150,Lauri Markkanen,22,CHI,PF,50,50,1492,8.1,19.1,0.425,3.5,10.2,0.344,4.6,8.8,0.518,0.517,4.1,4.9,0.824,1.9,8.2,10.1,2.4,1.4,0.7,2.6,3.1,23.8,108.0,110,,markkla01,14.3,0.56,0.536,0.259,4.2,19.7,11.6,7.6,1.4,1.5,11.0,21.1,1.0,1.6,2.6,0.084,0.2,-0.8,-0.6,0.5
151,Patty Mills,31,SAS,PG,66,1,1485,8.3,19.2,0.431,5.0,13.0,0.382,3.3,6.3,0.533,0.56,3.1,3.6,0.866,0.7,2.8,3.5,3.8,1.7,0.2,1.7,3.4,24.7,115.0,116,,millspa02,14.8,0.592,0.674,0.187,1.6,6.2,3.9,11.4,1.7,0.4,7.7,20.4,2.3,0.5,2.8,0.091,1.2,-1.2,0.0,0.8
152,Serge Ibaka,30,TOR,C,55,27,1485,11.0,21.5,0.512,2.2,5.8,0.385,8.7,15.6,0.559,0.564,2.9,4.0,0.718,3.7,10.8,14.5,2.5,0.9,1.5,3.5,4.9,27.1,108.0,104,,ibakase01,17.3,0.583,0.272,0.185,8.3,23.5,16.1,8.6,0.9,3.0,13.1,24.0,1.2,2.7,3.9,0.126,0.1,0.0,0.1,0.8
153,Norman Powell,26,TOR,SG,52,26,1479,9.5,19.2,0.495,3.5,8.8,0.399,6.0,10.5,0.575,0.586,4.1,4.9,0.843,0.8,5.3,6.1,2.9,1.9,0.7,2.5,3.5,26.7,115.0,106,,powelno01,16.8,0.624,0.457,0.256,1.9,11.4,6.8,9.7,1.9,1.4,10.4,21.5,2.3,2.3,4.6,0.15,1.2,0.8,2.0,1.5
154,Larry Nance Jr.,27,CLE,PF,56,10,1472,7.6,14.2,0.531,1.9,5.3,0.352,5.7,9.0,0.636,0.596,1.7,2.4,0.676,3.5,10.0,13.5,4.1,1.9,0.7,2.0,3.0,18.6,122.0,113,,nancela02,17.3,0.608,0.369,0.172,7.9,23.1,15.4,12.3,1.9,1.3,11.5,15.2,2.8,1.1,3.9,0.128,1.4,0.4,1.7,1.4
155,Jeff Teague,31,2TM,PG,59,17,1464,6.8,15.5,0.436,1.4,3.7,0.368,5.4,11.8,0.457,0.48,5.5,6.3,0.873,0.9,3.7,4.5,9.8,1.4,0.6,3.7,3.4,20.4,112.0,116,,teaguje01,14.6,0.557,0.239,0.403,1.9,8.6,5.2,30.7,1.4,1.1,16.8,19.5,1.9,0.6,2.5,0.082,-0.2,-1.3,-1.5,0.2
155,Jeff Teague,31,MIN,PG,34,13,945,7.1,15.9,0.448,1.6,4.3,0.379,5.5,11.6,0.473,0.498,6.1,7.1,0.868,0.7,3.6,4.3,10.2,1.2,0.6,3.7,3.4,22.0,116.0,116,,teaguje01,15.9,0.578,0.269,0.444,1.6,8.5,4.9,32.5,1.2,1.1,16.4,20.2,1.7,0.4,2.1,0.108,0.6,-1.2,-0.6,0.3
155,Jeff Teague,31,ATL,PG,25,4,519,6.1,14.8,0.412,0.9,2.7,0.333,5.2,12.1,0.43,0.442,4.2,4.8,0.887,1.1,3.8,4.8,9.0,1.7,0.5,3.6,3.2,17.3,105.0,117,,teaguje01,12.2,0.512,0.182,0.321,2.5,8.8,5.6,27.3,1.7,1.0,17.5,18.3,0.2,0.2,0.4,0.035,-1.6,-1.5,-3.2,-0.2
156,Rudy Gay,33,SAS,PF,67,5,1461,8.7,19.5,0.446,2.4,7.2,0.336,6.3,12.3,0.511,0.508,3.9,4.4,0.882,2.0,9.8,11.8,3.7,1.1,1.1,2.9,3.4,23.7,107.0,113,,gayru01,15.4,0.553,0.369,0.228,4.5,22.2,13.4,11.3,1.1,2.0,11.8,22.0,0.9,1.1,2.1,0.068,0.0,-0.9,-0.8,0.4
157,Landry Shamet,22,LAC,SG,53,30,1452,5.1,12.7,0.404,3.6,9.6,0.375,1.5,3.1,0.495,0.546,2.1,2.5,0.855,0.2,3.1,3.3,3.2,0.7,0.3,1.4,4.6,16.0,115.0,113,,shamela01,8.5,0.58,0.757,0.194,0.4,6.6,3.6,9.1,0.7,0.6,9.0,13.4,1.5,1.1,2.6,0.086,-1.8,-0.3,-2.1,0.0
158,D'Angelo Russell,23,2TM,PG,45,45,1452,11.8,27.7,0.426,5.2,14.1,0.367,6.6,13.6,0.487,0.519,5.3,6.5,0.809,0.6,5.2,5.8,9.3,1.6,0.4,4.8,2.8,34.0,106.0,115,,russeda01,18.7,0.556,0.509,0.235,1.2,12.3,6.6,35.2,1.6,0.8,13.6,31.5,1.1,0.7,1.8,0.06,3.8,-1.9,1.9,1.4
158,D'Angelo Russell,23,GSW,PG,33,33,1060,12.3,28.7,0.43,5.4,14.5,0.374,6.9,14.2,0.487,0.524,5.1,6.5,0.785,0.6,4.9,5.5,9.3,1.4,0.4,4.6,2.9,35.2,106.0,116,,russeda01,19.1,0.558,0.506,0.227,1.4,11.4,6.2,36.0,1.4,0.8,12.6,32.2,0.9,0.4,1.3,0.058,4.5,-1.9,2.6,1.2
158,D'Angelo Russell,23,MIN,PG,12,12,392,10.3,25.0,0.412,4.5,13.0,0.345,5.8,12.0,0.485,0.502,5.7,6.5,0.873,0.4,6.2,6.5,9.4,2.0,0.5,5.4,2.6,30.8,105.0,113,,russeda01,17.6,0.553,0.521,0.261,0.8,14.5,7.4,33.1,2.0,0.8,16.4,29.5,0.2,0.3,0.5,0.064,1.8,-1.7,0.1,0.2
159,Anfernee Simons,20,POR,SG,70,4,1449,7.0,17.6,0.399,2.5,7.4,0.332,4.6,10.2,0.448,0.469,2.5,3.0,0.826,0.8,4.2,5.0,3.2,0.9,0.3,2.0,4.4,19.0,102.0,119,,simonan01,9.0,0.502,0.422,0.172,1.8,9.1,5.5,9.2,0.9,0.6,9.6,18.7,0.0,0.1,0.2,0.005,-2.6,-1.9,-4.5,-0.9
160,Rui Hachimura,21,WAS,PF,48,48,1444,8.2,17.6,0.466,0.8,2.8,0.287,7.4,14.8,0.5,0.489,3.8,4.5,0.829,2.5,7.0,9.5,2.8,1.2,0.3,1.7,3.4,21.0,110.0,117,,hachiru01,13.5,0.535,0.16,0.257,5.7,17.0,11.1,8.8,1.2,0.5,8.0,19.0,1.3,0.5,1.8,0.06,-1.2,-2.0,-3.2,-0.4
161,Maurice Harkless,26,2TM,PF,62,48,1427,4.7,9.4,0.502,1.1,3.3,0.347,3.6,6.2,0.584,0.562,1.3,2.2,0.591,1.8,6.2,8.0,2.3,1.9,1.1,1.8,4.9,11.9,110.0,108,,harklma01,9.8,0.572,0.346,0.233,4.1,13.3,8.8,6.4,1.9,2.1,14.5,10.7,0.8,1.9,2.7,0.09,-2.6,1.9,-0.7,0.5
161,Maurice Harkless,26,LAC,PF,50,38,1141,4.6,9.0,0.516,1.1,3.0,0.37,3.5,6.0,0.59,0.578,1.0,1.7,0.571,1.9,6.3,8.3,2.0,2.0,1.2,1.9,5.0,11.4,109.0,107,,harklma01,9.7,0.584,0.336,0.194,4.4,13.6,9.1,5.5,2.0,2.3,16.3,10.3,0.5,1.7,2.3,0.095,-2.5,2.4,0.0,0.6
161,Maurice Harkless,26,NYK,SF,12,10,286,5.1,11.2,0.455,1.2,4.3,0.28,3.9,7.0,0.561,0.508,2.6,4.1,0.625,1.4,5.4,6.8,3.4,1.5,0.5,1.2,4.8,14.0,114.0,114,,harklma01,10.1,0.536,0.379,0.364,2.9,12.3,7.5,9.7,1.5,1.0,8.4,12.4,0.2,0.2,0.4,0.069,-3.2,-0.3,-3.5,-0.1
162,Damion Lee,27,GSW,SG,49,36,1423,7.2,17.2,0.417,2.9,8.0,0.356,4.3,9.1,0.471,0.5,3.7,4.2,0.873,1.1,7.0,8.0,4.5,1.7,0.2,2.3,3.9,20.9,108.0,114,,leeda03,12.7,0.548,0.468,0.247,2.4,16.3,9.1,14.4,1.7,0.4,10.6,19.0,0.9,0.8,1.7,0.058,-1.5,-0.8,-2.3,-0.1
163,D.J. Augustin,32,ORL,PG,57,13,1420,6.3,15.8,0.399,2.4,6.9,0.348,3.9,8.9,0.438,0.475,5.5,6.2,0.89,0.8,3.4,4.2,9.0,1.2,0.0,2.9,2.5,20.5,114.0,114,,augusdj01,14.0,0.554,0.436,0.393,1.6,7.8,4.6,26.8,1.2,0.1,13.7,19.1,2.0,0.9,2.9,0.098,-0.3,-1.3,-1.6,0.2
164,Paul George,29,LAC,SF,48,48,1419,11.4,26.1,0.439,5.2,12.7,0.412,6.2,13.4,0.464,0.539,6.3,7.2,0.876,0.8,8.3,9.1,6.2,2.3,0.7,4.2,3.8,34.4,112.0,106,,georgpa01,21.1,0.589,0.487,0.277,1.8,17.7,10.0,21.1,2.3,1.2,12.5,29.6,2.5,2.3,4.8,0.161,3.8,1.1,4.9,2.5
165,Mitchell Robinson,21,NYK,C,61,7,1412,8.7,11.8,0.742,0.0,0.0,,8.7,11.8,0.742,0.742,2.9,5.1,0.568,6.4,8.3,14.8,1.2,1.8,4.1,1.3,6.7,20.3,144.0,107,,robinmi01,23.5,0.726,0.0,0.434,13.7,18.8,16.2,3.9,1.8,8.0,8.3,13.3,4.8,2.0,6.8,0.23,1.6,1.4,2.9,1.8
166,Bobby Portis,24,NYK,PF,66,5,1393,9.3,20.6,0.45,2.3,6.5,0.358,6.9,14.1,0.493,0.507,2.5,3.3,0.763,2.8,9.0,11.8,3.4,1.1,0.6,2.6,3.8,23.3,107.0,113,,portibo01,14.6,0.53,0.317,0.158,6.0,20.4,12.9,11.1,1.1,1.2,10.4,21.4,0.9,1.0,1.9,0.064,0.0,-1.1,-1.1,0.3
167,Derrick Jones Jr.,22,MIA,SF,59,16,1375,6.5,12.4,0.527,1.3,4.7,0.28,5.2,7.7,0.677,0.58,3.4,4.4,0.772,2.3,5.9,8.3,2.2,2.1,1.3,1.1,4.6,17.7,126.0,109,,jonesde02,14.9,0.62,0.378,0.352,5.6,13.1,9.5,6.7,2.1,2.7,6.9,13.9,2.6,1.8,4.4,0.153,-0.3,1.1,0.7,1.0
168,Doug McDermott,28,IND,PF,69,0,1372,9.4,19.3,0.488,4.5,10.4,0.435,4.9,8.9,0.549,0.605,1.7,2.1,0.828,0.9,5.2,6.2,2.8,0.4,0.2,1.5,4.1,25.1,117.0,113,,mcderdo01,14.4,0.62,0.537,0.106,2.1,11.7,7.0,8.4,0.4,0.3,6.8,19.6,2.3,1.1,3.3,0.117,1.4,-1.3,0.0,0.7
169,Brad Wanamaker,30,BOS,PG,71,1,1369,5.7,12.8,0.448,1.3,3.6,0.363,4.4,9.2,0.481,0.499,4.4,4.8,0.926,0.8,4.3,5.1,6.3,2.2,0.5,2.7,4.7,17.2,115.0,109,,wanambr01,12.8,0.577,0.282,0.376,1.7,9.4,5.6,17.8,2.2,0.9,15.3,15.5,1.8,1.8,3.5,0.124,-1.9,1.3,-0.6,0.5
170,Mike Conley,32,UTA,PG,47,41,1363,8.3,20.2,0.409,3.4,9.1,0.375,4.9,11.1,0.437,0.494,4.1,5.0,0.827,1.2,4.2,5.4,7.4,1.3,0.2,3.3,3.7,24.1,109.0,112,,conlemi01,14.1,0.537,0.451,0.245,2.8,9.2,6.1,23.1,1.3,0.3,12.8,23.1,1.4,1.1,2.5,0.089,0.7,-0.4,0.3,0.8
171,John Collins,22,ATL,PF,41,41,1363,12.1,20.7,0.583,2.0,5.0,0.401,10.1,15.7,0.642,0.632,4.1,5.1,0.8,4.0,10.3,14.2,2.1,1.1,2.3,2.6,4.7,30.3,124.0,112,,collijo01,23.5,0.659,0.243,0.248,9.0,24.0,16.4,7.6,1.1,4.1,10.1,22.7,3.8,1.2,4.9,0.174,3.7,-0.6,3.1,1.7
172,Shabazz Napier,28,2TM,PG,56,32,1344,6.5,15.8,0.412,2.6,8.3,0.317,3.9,7.5,0.519,0.496,4.4,5.3,0.824,0.9,4.6,5.5,9.1,2.4,0.4,4.4,3.5,20.0,106.0,114,,napiesh01,13.8,0.552,0.526,0.336,2.0,10.9,6.3,27.8,2.4,0.7,19.7,20.0,0.8,0.9,1.7,0.059,-0.7,-0.4,-1.1,0.3
172,Shabazz Napier,28,MIN,PG,36,22,856,6.2,15.3,0.403,2.5,8.6,0.296,3.6,6.7,0.54,0.486,3.9,4.8,0.818,0.9,5.0,6.0,10.1,2.2,0.4,4.1,3.4,18.8,108.0,113,,napiesh01,13.9,0.539,0.562,0.311,2.0,11.9,6.8,31.3,2.2,0.7,19.1,19.1,0.6,0.6,1.3,0.071,-0.6,-0.2,-0.8,0.3
172,Shabazz Napier,28,WAS,PG,20,10,488,7.1,16.6,0.428,2.8,7.8,0.358,4.3,8.8,0.489,0.512,5.2,6.2,0.831,0.9,3.7,4.6,7.2,2.8,0.4,5.0,3.7,22.1,104.0,115,,napiesh01,13.6,0.573,0.468,0.376,1.9,9.1,5.4,21.7,2.8,0.7,20.5,21.6,0.1,0.3,0.4,0.039,-0.9,-0.7,-1.6,0.0
173,Patrick Beverley,31,LAC,PG,51,50,1342,5.2,12.0,0.431,2.8,7.3,0.388,2.4,4.8,0.496,0.548,1.1,1.7,0.66,2.0,7.4,9.4,6.4,1.9,0.9,2.3,5.5,14.3,116.0,107,DPOY-6DEF2,beverpa01,12.5,0.56,0.604,0.138,4.5,15.8,10.3,18.2,1.9,1.6,15.4,13.3,1.6,2.0,3.6,0.128,-0.3,2.5,2.2,1.4
174,Cody Zeller,27,CHO,C,58,39,1341,9.4,17.9,0.524,0.7,2.8,0.24,8.7,15.1,0.577,0.543,4.6,6.7,0.682,6.0,9.4,15.4,3.3,1.5,0.9,2.8,5.2,24.0,116.0,111,,zelleco01,18.8,0.576,0.157,0.374,12.6,21.2,16.7,11.3,1.5,1.7,11.9,20.8,2.3,1.3,3.6,0.129,0.2,-0.8,-0.6,0.5
175,Gary Trent Jr.,21,POR,SF,61,8,1332,7.0,15.8,0.444,4.0,9.6,0.418,3.0,6.2,0.486,0.571,1.3,1.6,0.822,0.9,2.7,3.6,2.2,1.7,0.6,0.8,3.2,19.4,121.0,117,,trentga02,12.9,0.587,0.608,0.102,2.0,5.8,3.9,6.3,1.7,1.0,4.4,15.3,2.2,0.3,2.5,0.089,0.5,-0.8,-0.3,0.6
176,Kyle Anderson,26,MEM,SF,67,28,1330,5.5,11.6,0.474,0.8,3.0,0.282,4.7,8.6,0.541,0.511,1.8,2.7,0.667,2.0,8.0,10.0,5.7,1.9,1.3,2.3,3.9,13.7,109.0,109,,anderky01,12.5,0.534,0.257,0.236,4.7,17.6,11.3,15.9,1.9,2.4,15.3,13.5,0.9,1.7,2.5,0.091,-1.5,2.0,0.5,0.9
177,Caris LeVert,25,BRK,SG,45,31,1330,11.1,26.0,0.425,2.8,7.8,0.364,8.2,18.2,0.451,0.48,5.0,7.0,0.711,1.7,5.0,6.7,7.1,1.9,0.4,4.2,2.9,30.0,102.0,110,,leverca01,16.1,0.514,0.301,0.269,3.9,10.7,7.4,25.0,1.9,0.6,12.6,29.5,0.1,1.4,1.5,0.055,0.6,-0.9,-0.3,0.5
178,Ivica Zubac,22,LAC,C,72,70,1326,8.4,13.7,0.613,0.0,0.1,0.0,8.4,13.7,0.616,0.613,4.4,5.9,0.747,7.0,12.3,19.4,2.9,0.6,2.4,2.2,6.0,21.2,134.0,105,,zubaciv01,21.7,0.651,0.005,0.431,15.9,26.4,21.3,9.1,0.6,4.4,11.8,16.4,4.4,2.3,6.6,0.241,1.9,0.9,2.8,1.6
179,T.J. McConnell,27,IND,PG,71,3,1326,7.8,15.0,0.516,0.2,0.6,0.294,7.6,14.4,0.525,0.522,1.3,1.5,0.833,1.4,5.5,6.9,13.0,2.0,0.4,3.7,2.7,17.0,112.0,109,,mccontj01,16.5,0.54,0.041,0.102,3.2,12.4,7.8,37.6,2.0,0.7,18.9,17.5,1.7,1.7,3.3,0.121,0.1,0.4,0.5,0.8
180,Christian Wood,24,DET,PF,62,12,1325,10.7,18.9,0.567,2.0,5.2,0.386,8.7,13.7,0.636,0.62,6.7,9.0,0.744,3.9,10.6,14.5,2.2,1.3,2.0,3.1,3.6,30.1,123.0,110,6MOY-4,woodch01,23.2,0.659,0.276,0.476,8.8,24.8,16.7,7.6,1.3,3.4,12.0,23.0,3.6,1.5,5.1,0.183,3.5,-0.3,3.1,1.7
181,JaMychal Green,29,LAC,PF,63,1,1307,5.5,12.7,0.429,3.3,8.6,0.387,2.1,4.1,0.518,0.56,1.3,1.7,0.75,2.8,11.2,14.0,1.8,1.0,0.9,2.0,6.3,15.6,112.0,106,,greenja01,11.1,0.576,0.676,0.136,6.3,24.1,15.4,5.0,1.0,1.6,12.6,13.7,1.1,2.0,3.1,0.115,-1.2,0.7,-0.5,0.5
182,Dwight Howard,34,LAL,C,69,2,1306,7.4,10.1,0.729,0.1,0.2,0.6,7.2,9.9,0.732,0.735,4.0,7.8,0.514,6.3,12.2,18.5,1.6,1.1,2.9,3.1,8.1,18.8,125.0,103,6MOY-9,howardw01,18.7,0.696,0.018,0.773,14.6,27.8,21.2,4.8,1.1,5.4,18.5,14.7,2.8,2.6,5.4,0.197,-1.0,1.2,0.2,0.7
183,Kelly Olynyk,28,MIA,C,67,9,1300,6.9,14.9,0.462,3.6,8.8,0.406,3.3,6.2,0.543,0.582,3.2,3.8,0.86,1.7,9.8,11.5,4.4,1.7,0.9,2.7,6.5,20.6,116.0,108,,olynyke01,14.6,0.621,0.588,0.251,3.9,21.6,13.1,13.3,1.7,1.8,13.8,17.4,1.9,1.8,3.7,0.135,0.0,1.0,1.0,1.0
184,Brandon Clarke,23,MEM,PF,58,4,1300,10.6,17.2,0.618,0.8,2.3,0.359,9.8,14.9,0.658,0.642,3.1,4.0,0.759,3.3,9.1,12.4,2.9,1.1,1.7,2.0,3.6,25.1,127.0,109,ROY-4,clarkbr01,20.9,0.663,0.134,0.234,7.6,20.1,14.0,9.5,1.1,3.2,9.4,18.7,3.4,1.6,5.0,0.183,2.4,0.7,3.1,1.7
185,Derrick Rose,31,DET,PG,50,15,1298,14.0,28.5,0.49,1.7,5.6,0.306,12.3,23.0,0.535,0.52,4.6,5.3,0.871,1.0,3.6,4.6,10.5,1.5,0.6,4.8,1.9,34.3,109.0,115,6MOY-7,rosede01,21.0,0.555,0.195,0.185,2.3,8.3,5.3,40.5,1.5,1.0,13.4,31.6,1.8,0.7,2.5,0.092,3.9,-1.7,2.2,1.4
186,Jeremy Lamb,27,IND,SG,46,42,1291,8.1,18.0,0.451,2.0,5.9,0.335,6.1,12.1,0.508,0.506,3.5,4.1,0.836,0.9,6.6,7.5,3.6,2.1,0.8,1.9,3.9,21.7,108.0,107,,lambje01,14.0,0.547,0.33,0.23,2.1,14.8,8.5,10.5,2.1,1.5,8.7,19.6,0.9,1.8,2.7,0.099,-1.1,0.8,-0.4,0.5
187,Matisse Thybulle,22,PHI,SG,65,14,1287,4.2,10.0,0.423,2.1,5.9,0.357,2.1,4.1,0.519,0.528,0.9,1.5,0.61,1.7,2.4,4.0,3.0,3.5,1.8,1.9,5.3,11.5,105.0,106,,thybuma01,10.0,0.539,0.592,0.155,3.8,5.4,4.6,8.0,3.5,3.1,15.3,11.2,0.3,2.0,2.3,0.086,-2.8,3.1,0.3,0.8
188,Clint Capela,25,HOU,C,39,39,1279,8.8,14.0,0.629,0.0,0.0,,8.8,14.0,0.629,0.629,2.0,3.8,0.529,6.1,13.4,19.4,1.7,1.2,2.6,2.3,3.7,19.6,124.0,105,,capelca01,20.6,0.626,0.0,0.268,13.6,30.5,22.0,5.7,1.2,4.8,12.7,16.1,2.8,2.1,4.9,0.184,1.0,0.4,1.4,1.1
189,Jordan Poole,20,GSW,SG,57,14,1274,6.3,18.9,0.333,2.8,10.0,0.279,3.5,8.9,0.392,0.406,3.6,4.5,0.798,0.3,4.1,4.4,5.0,1.3,0.4,2.8,3.5,18.9,91.0,117,,poolejo01,7.2,0.454,0.528,0.237,0.7,9.6,5.0,15.8,1.3,0.7,11.8,21.1,-1.6,0.4,-1.2,-0.047,-4.4,-2.2,-6.6,-1.5
190,Trey Lyles,24,SAS,PF,63,53,1271,5.8,12.9,0.446,2.4,6.3,0.387,3.3,6.6,0.503,0.541,1.2,1.7,0.733,2.7,10.9,13.6,2.6,1.1,1.1,1.5,3.7,15.2,113.0,113,,lylestr01,12.6,0.557,0.49,0.131,6.0,24.6,15.3,7.2,1.1,1.9,9.7,13.6,1.2,1.0,2.2,0.083,-0.5,-0.7,-1.2,0.3
191,George Hill,33,MIL,PG,59,2,1271,7.0,13.5,0.516,2.9,6.3,0.46,4.1,7.2,0.565,0.624,3.1,3.6,0.842,1.8,4.6,6.4,6.5,1.7,0.2,2.0,3.0,19.9,131.0,106,6MOY-4,hillge01,16.9,0.659,0.468,0.269,4.1,9.3,6.9,19.0,1.7,0.3,11.9,15.5,3.5,2.1,5.5,0.21,1.6,1.3,2.9,1.6
192,Kris Dunn,25,CHI,PG,51,32,1269,5.8,13.0,0.444,1.1,4.3,0.259,4.7,8.7,0.535,0.487,1.5,2.0,0.741,0.9,6.2,7.1,6.6,3.8,0.6,2.6,6.0,14.2,104.0,106,,dunnkr01,12.1,0.51,0.327,0.158,1.9,14.9,8.1,19.4,3.8,1.3,15.7,14.6,0.3,2.0,2.3,0.085,-3.8,3.1,-0.6,0.4
193,Svi Mykhailiuk,22,DET,SF,56,27,1265,6.5,15.7,0.41,4.5,11.1,0.404,2.0,4.7,0.425,0.552,2.2,2.7,0.814,0.7,3.4,4.0,4.1,1.6,0.2,2.4,3.4,19.6,110.0,116,,mykhasv01,11.2,0.578,0.704,0.173,1.5,7.9,4.7,12.3,1.6,0.3,12.3,17.1,1.0,0.6,1.6,0.06,-0.7,-1.2,-1.9,0.0
194,James Ennis III,29,2TM,SG,69,18,1265,6.1,13.8,0.446,2.1,6.5,0.325,4.0,7.3,0.553,0.522,3.0,3.8,0.806,2.7,6.7,9.4,2.4,1.3,0.8,2.2,5.3,17.4,111.0,110,,ennisja01,11.5,0.565,0.471,0.273,6.1,15.3,10.6,7.0,1.3,1.5,12.6,15.7,1.0,1.4,2.4,0.09,-2.2,-0.4,-2.6,-0.2
194,James Ennis III,29,PHI,SF,49,0,776,6.2,14.1,0.442,2.3,6.6,0.349,3.9,7.5,0.525,0.524,3.0,3.8,0.787,3.0,6.4,9.4,2.6,1.4,0.9,1.9,5.3,17.8,114.0,110,,ennisja01,12.3,0.564,0.469,0.27,6.8,14.5,10.7,7.3,1.4,1.5,10.9,15.7,0.9,0.9,1.7,0.106,-1.5,0.0,-1.5,0.1
194,James Ennis III,29,ORL,SG,20,18,489,6.0,13.2,0.451,1.8,6.3,0.286,4.2,7.0,0.6,0.519,3.1,3.7,0.838,2.3,7.2,9.5,2.2,1.2,0.8,2.7,5.2,16.8,105.0,111,,ennisja01,10.3,0.566,0.474,0.278,4.9,16.4,10.5,6.5,1.2,1.5,15.3,15.6,0.2,0.5,0.7,0.064,-3.3,-1.1,-4.4,-0.3
195,Terrance Ferguson,21,OKC,SF,56,38,1257,3.0,8.5,0.355,1.9,6.5,0.292,1.1,2.0,0.558,0.466,0.6,0.8,0.75,0.9,2.0,2.9,2.0,1.0,0.7,1.2,6.0,8.5,97.0,114,,fergute01,3.7,0.481,0.764,0.091,2.1,4.4,3.3,5.3,1.0,1.2,11.9,9.1,-0.3,0.9,0.6,0.021,-4.8,0.3,-4.5,-0.8
196,Wendell Carter Jr.,20,CHI,C,43,43,1256,7.0,13.2,0.534,0.2,1.1,0.207,6.8,12.0,0.564,0.542,4.3,5.8,0.737,5.3,10.2,15.5,2.0,1.3,1.4,2.8,6.2,18.6,115.0,108,,cartewe01,15.5,0.59,0.085,0.443,11.6,24.6,17.8,6.0,1.3,2.7,14.9,16.4,1.7,1.6,3.3,0.127,-2.1,-0.3,-2.4,-0.1
197,Cameron Johnson,23,PHO,PF,57,9,1255,6.6,15.3,0.435,4.0,10.3,0.39,2.6,5.0,0.526,0.565,1.7,2.2,0.807,1.8,5.2,7.1,2.6,1.4,0.8,1.2,3.3,19.0,117.0,113,,johnsca02,12.9,0.586,0.672,0.141,4.3,12.4,8.3,7.7,1.4,1.4,6.9,15.7,1.7,1.0,2.7,0.102,0.8,-0.4,0.3,0.7
198,Isaac Bonga,20,WAS,SF,66,49,1250,4.4,8.8,0.504,0.9,2.7,0.352,3.5,6.1,0.571,0.558,2.6,3.2,0.812,2.7,5.6,8.3,2.8,1.7,0.8,2.2,5.8,12.3,116.0,116,,bongais01,10.2,0.608,0.303,0.363,6.0,13.8,9.7,7.9,1.7,1.5,17.6,11.0,1.2,0.6,1.8,0.068,-2.7,-0.1,-2.8,-0.3
199,Elfrid Payton,25,NYK,PG,45,36,1246,7.5,17.2,0.439,0.5,2.7,0.203,7.0,14.5,0.482,0.455,1.9,3.4,0.57,2.0,6.3,8.3,12.6,2.7,0.7,3.8,3.5,17.5,105.0,111,,paytoel01,16.0,0.47,0.157,0.195,4.3,14.1,9.1,38.6,2.7,1.3,16.7,19.5,0.5,1.2,1.7,0.065,-0.4,0.4,0.0,0.6
200,Pat Connaughton,27,MIL,SG,67,4,1243,5.0,11.1,0.455,2.0,6.1,0.331,3.0,5.0,0.607,0.547,1.1,1.5,0.775,2.2,8.2,10.4,3.9,0.9,1.1,1.9,2.6,13.2,114.0,104,,connapa01,11.5,0.565,0.551,0.133,5.1,16.8,11.3,10.9,0.9,2.2,14.0,12.3,1.1,2.3,3.4,0.13,-0.9,1.5,0.6,0.8
201,Derrick Favors,28,NOP,C,51,49,1243,7.8,12.6,0.617,0.0,0.3,0.143,7.7,12.4,0.627,0.618,1.5,2.6,0.563,6.1,12.6,18.7,3.0,1.1,1.7,2.0,4.0,17.1,126.0,109,,favorde01,18.5,0.62,0.021,0.209,13.9,28.9,21.4,9.2,1.1,3.1,12.9,14.0,2.6,1.6,4.2,0.162,0.7,0.3,1.0,0.9
202,Richaun Holmes,26,SAC,C,44,38,1242,8.7,13.4,0.648,0.0,0.0,,8.7,13.4,0.648,0.648,3.6,4.6,0.788,5.0,9.0,14.0,1.6,1.6,2.2,2.0,6.6,21.1,131.0,109,,holmeri01,19.7,0.681,0.0,0.343,11.2,21.5,16.2,5.1,1.6,4.3,11.6,15.6,3.4,1.5,4.9,0.19,0.3,0.7,1.0,0.9
203,Paul Millsap,34,DEN,PF,51,48,1240,8.4,17.5,0.482,2.2,4.9,0.435,6.3,12.5,0.5,0.543,4.6,5.6,0.816,3.9,7.8,11.7,3.3,1.8,1.2,2.8,6.0,23.6,116.0,110,,millspa01,16.9,0.591,0.283,0.322,8.9,17.6,13.2,9.6,1.8,2.2,12.3,20.0,2.1,1.4,3.5,0.136,0.3,-0.2,0.1,0.7
204,Deandre Ayton,21,PHO,C,38,32,1236,11.9,21.8,0.546,0.1,0.5,0.231,11.8,21.3,0.553,0.548,2.6,3.4,0.753,5.6,11.1,16.7,2.8,1.0,2.2,3.1,4.5,26.4,111.0,108,,aytonde01,20.0,0.568,0.023,0.157,13.0,26.3,19.6,9.7,1.0,4.1,11.6,23.7,1.5,1.6,3.1,0.121,0.8,-0.4,0.4,0.7
205,DeAndre Jordan,31,BRK,C,56,6,1234,7.3,11.0,0.666,0.0,0.0,,7.3,11.0,0.666,0.666,3.2,4.7,0.68,5.4,16.1,21.5,4.0,0.7,2.0,2.8,4.4,17.8,129.0,104,,jordade01,19.9,0.682,0.0,0.425,12.1,34.5,23.5,12.6,0.7,3.5,17.8,14.1,3.0,2.2,5.2,0.2,1.2,1.8,3.0,1.5
206,Tyus Jones,23,MEM,PG,65,6,1232,7.5,16.3,0.459,1.8,4.7,0.379,5.7,11.6,0.492,0.514,1.6,2.2,0.741,0.3,3.6,3.9,10.8,2.2,0.2,2.1,1.7,18.3,116.0,112,,jonesty01,15.7,0.532,0.289,0.135,0.8,7.9,4.4,32.0,2.2,0.4,10.8,17.2,1.9,1.1,3.0,0.117,0.4,0.2,0.6,0.8
207,Draymond Green,29,GSW,PF,43,43,1222,4.8,12.4,0.389,1.4,5.1,0.279,3.4,7.3,0.465,0.446,2.5,3.3,0.759,0.9,9.5,10.4,10.4,2.3,1.3,3.8,4.3,13.5,100.0,110,,greendr01,12.5,0.489,0.408,0.263,2.0,22.3,11.8,31.2,2.3,2.4,21.8,15.7,-0.2,1.3,1.1,0.044,-2.1,1.9,-0.2,0.5
208,Terence Davis,22,TOR,SG,72,4,1209,7.8,17.2,0.456,3.7,9.5,0.388,4.1,7.6,0.541,0.564,2.0,2.3,0.864,2.0,7.4,9.3,4.5,1.5,0.6,3.0,4.9,21.4,111.0,106,ROY-6,daviste02,13.8,0.588,0.555,0.135,4.5,16.0,10.3,14.2,1.5,1.1,14.1,19.0,1.2,1.9,3.1,0.122,0.1,0.7,0.8,0.8
209,Malik Beasley,23,2TM,SG,55,14,1209,9.1,21.3,0.425,4.3,11.0,0.388,4.8,10.3,0.465,0.525,2.2,2.6,0.818,0.7,5.2,5.9,3.0,1.6,0.3,2.3,3.1,24.5,105.0,114,,beaslma01,12.7,0.546,0.517,0.124,1.6,11.9,6.7,9.4,1.6,0.6,9.2,21.8,0.4,0.8,1.2,0.049,-0.7,-1.4,-2.1,0.0
209,Malik Beasley,23,DEN,SG,41,0,746,7.8,19.9,0.389,3.8,10.7,0.36,3.9,9.3,0.421,0.485,2.2,2.5,0.868,0.6,4.5,5.1,3.2,2.1,0.4,2.4,3.3,21.5,100.0,112,,beaslma01,10.5,0.511,0.535,0.126,1.4,10.2,5.8,9.1,2.1,0.7,10.2,20.6,-0.2,0.6,0.5,0.03,-2.2,-0.7,-2.9,-0.2
209,Malik Beasley,23,MIN,SG,14,14,463,11.0,23.4,0.472,4.9,11.5,0.426,6.1,11.8,0.517,0.577,2.1,2.8,0.75,0.9,6.2,7.1,2.7,0.9,0.2,2.1,2.7,29.1,111.0,115,,beaslma01,16.2,0.591,0.494,0.12,2.0,14.7,8.1,9.8,0.9,0.4,7.9,23.7,0.5,0.2,0.8,0.079,1.7,-2.4,-0.7,0.2
210,Mike Scott,31,PHI,PF,68,11,1207,6.0,14.1,0.426,3.2,8.7,0.369,2.8,5.3,0.519,0.54,1.2,1.5,0.811,2.6,7.3,10.0,2.2,0.8,0.2,1.0,3.9,16.4,117.0,112,,scottmi01,11.2,0.557,0.62,0.106,5.9,16.8,11.3,6.4,0.8,0.4,6.6,14.0,1.4,1.1,2.5,0.1,-0.7,-1.1,-1.8,0.1
211,Marquese Chriss,22,GSW,PF,59,21,1196,8.4,15.4,0.545,0.3,1.6,0.205,8.1,13.8,0.584,0.556,4.8,6.2,0.769,4.6,10.0,14.6,4.6,1.6,2.5,3.1,4.9,21.9,117.0,110,,chrisma01,19.5,0.604,0.101,0.405,10.0,23.6,16.5,15.3,1.6,4.7,14.7,19.0,2.1,1.3,3.4,0.136,0.0,0.6,0.6,0.8
212,Frank Ntilikina,21,NYK,PG,57,26,1187,5.4,13.7,0.393,1.8,5.6,0.321,3.6,8.0,0.444,0.459,2.1,2.4,0.864,0.9,4.0,5.0,7.1,2.2,0.7,2.9,5.8,14.6,103.0,113,,ntilila01,9.8,0.497,0.411,0.177,2.0,9.1,5.4,20.2,2.2,1.3,16.5,15.4,0.1,0.8,0.9,0.037,-3.6,0.4,-3.2,-0.4
213,Karl-Anthony Towns,24,MIN,C,35,35,1187,12.4,24.3,0.508,4.5,10.8,0.412,7.9,13.5,0.586,0.6,7.0,8.8,0.796,3.7,11.1,14.8,6.0,1.3,1.6,4.3,4.6,36.2,121.0,110,,townska01,26.5,0.642,0.445,0.363,8.1,26.1,16.8,22.8,1.3,2.9,13.2,28.8,3.7,1.3,5.1,0.204,7.0,0.8,7.8,2.9
214,Markieff Morris,30,2TM,PF,58,17,1187,8.4,18.9,0.443,3.6,9.4,0.386,4.7,9.5,0.5,0.539,2.7,3.5,0.776,1.6,7.3,9.0,3.2,1.3,0.7,3.1,5.5,23.1,105.0,112,,morrima02,12.5,0.565,0.498,0.186,3.8,17.1,10.3,10.1,1.3,1.2,13.3,20.9,0.5,1.0,1.4,0.058,-1.1,-0.9,-2.0,0.0
214,Markieff Morris,30,DET,PF,44,16,988,8.7,19.4,0.45,3.7,9.4,0.397,5.0,10.0,0.5,0.546,3.0,3.9,0.772,1.2,7.4,8.6,3.4,1.3,0.5,3.5,5.2,24.2,104.0,113,,morrima02,12.7,0.573,0.486,0.203,2.7,17.3,9.9,11.0,1.3,0.9,14.2,21.8,0.3,0.7,1.0,0.049,-1.1,-1.0,-2.1,0.0
214,Markieff Morris,30,LAL,PF,14,1,199,6.7,16.5,0.406,3.1,9.3,0.333,3.6,7.2,0.5,0.5,1.2,1.4,0.833,3.8,6.9,10.8,1.9,1.2,1.4,1.4,6.9,17.7,110.0,107,,morrima02,11.5,0.516,0.565,0.087,8.9,15.8,12.4,5.4,1.2,2.7,7.7,16.5,0.2,0.3,0.4,0.106,-1.3,-0.1,-1.4,0.0
215,Avery Bradley,29,LAL,SG,49,44,1186,6.8,15.4,0.444,2.5,6.9,0.364,4.3,8.4,0.51,0.526,0.8,1.0,0.833,0.7,3.9,4.6,2.5,1.7,0.2,1.9,4.4,17.0,103.0,110,,bradlav01,8.9,0.537,0.452,0.063,1.7,8.9,5.3,7.2,1.7,0.4,10.7,15.7,0.2,1.4,1.5,0.062,-3.0,0.5,-2.5,-0.2
216,Alex Caruso,25,LAL,PG,64,2,1175,4.9,11.8,0.412,1.6,4.9,0.333,3.2,6.9,0.468,0.481,2.8,3.8,0.734,0.7,4.3,5.0,5.0,2.8,0.7,2.1,4.0,14.1,107.0,106,,carusal01,10.8,0.525,0.412,0.323,1.6,9.8,5.7,13.6,2.8,1.4,13.8,13.8,0.5,1.8,2.3,0.095,-2.6,2.4,-0.2,0.5
217,Jakob Poeltl,24,SAS,C,66,18,1171,6.8,10.9,0.624,0.0,0.0,,6.8,10.9,0.624,0.624,1.6,3.5,0.465,5.3,10.0,15.3,4.7,1.5,3.9,2.2,5.1,15.2,125.0,108,,poeltja01,19.1,0.612,0.0,0.323,12.1,22.5,17.3,13.6,1.5,7.1,15.1,13.2,2.4,1.6,4.0,0.163,0.5,2.0,2.5,1.3
218,Malik Monk,21,CHO,SG,55,1,1169,9.1,20.9,0.434,2.5,8.7,0.284,6.6,12.2,0.542,0.494,3.5,4.3,0.82,1.2,5.6,6.7,4.9,1.1,0.7,3.3,3.2,24.2,102.0,115,,monkma01,12.6,0.53,0.418,0.205,2.4,12.6,7.3,16.6,1.1,1.3,12.6,22.9,0.1,0.6,0.7,0.028,-1.1,-1.3,-2.3,-0.1
219,De'Anthony Melton,21,MEM,PG,60,8,1167,6.4,16.0,0.401,1.6,5.6,0.286,4.8,10.4,0.464,0.451,3.7,4.8,0.769,1.7,7.1,8.8,7.0,3.1,0.8,3.4,4.4,18.2,102.0,107,,meltode01,13.5,0.501,0.349,0.302,4.0,15.7,9.9,20.1,3.1,1.5,15.6,19.2,0.1,1.7,1.7,0.072,-2.2,2.0,-0.2,0.5
220,Kevin Knox,20,NYK,SF,65,4,1166,6.0,16.7,0.359,2.7,8.3,0.327,3.3,8.4,0.391,0.44,2.8,4.2,0.653,1.2,6.5,7.7,2.5,1.0,1.2,1.9,4.4,17.5,97.0,114,,knoxke01,8.3,0.47,0.496,0.252,2.5,14.7,8.4,7.4,1.0,2.3,9.2,17.8,-0.5,0.7,0.2,0.007,-3.1,-1.1,-4.2,-0.7
221,Kevin Porter Jr.,19,CLE,SF,50,3,1162,7.8,17.6,0.442,2.2,6.6,0.335,5.6,11.0,0.506,0.505,3.1,4.2,0.723,0.9,5.9,6.8,4.6,1.9,0.6,3.9,5.7,20.9,99.0,115,,porteke02,10.8,0.535,0.375,0.24,2.1,13.5,7.7,13.9,1.9,1.0,16.7,20.5,-0.3,0.6,0.3,0.012,-3.2,-0.6,-3.8,-0.5
222,Marc Gasol,35,TOR,C,44,43,1161,4.9,11.4,0.427,2.3,6.1,0.385,2.5,5.4,0.473,0.529,1.5,2.0,0.735,1.3,10.0,11.3,6.0,1.4,1.6,2.4,5.1,13.6,110.0,103,,gasolma01,11.8,0.551,0.53,0.176,2.9,21.7,12.5,17.3,1.4,3.2,16.4,13.2,0.8,2.2,3.0,0.124,-1.2,2.8,1.6,1.1
223,Thomas Bryant,22,WAS,C,46,36,1147,9.9,17.0,0.581,1.5,3.7,0.407,8.4,13.3,0.63,0.626,3.5,4.7,0.741,4.0,9.5,13.5,3.4,1.0,2.0,2.2,4.2,24.8,127.0,114,,bryanth01,21.1,0.649,0.218,0.278,9.0,23.1,15.8,11.1,1.0,3.7,10.2,18.9,3.1,0.8,3.9,0.164,2.9,-0.7,2.2,1.2
224,JaVale McGee,32,LAL,C,68,68,1130,8.2,12.9,0.637,0.1,0.3,0.5,8.1,12.6,0.64,0.642,2.2,3.5,0.646,5.3,11.2,16.4,1.6,1.5,4.0,2.3,6.7,18.8,124.0,101,,mcgeeja01,19.4,0.652,0.02,0.268,12.2,25.4,18.9,4.6,1.5,7.5,13.9,14.8,2.2,2.4,4.7,0.198,-0.6,2.1,1.5,1.0
225,Darius Bazley,19,OKC,PF,61,9,1130,5.4,13.6,0.394,2.1,6.1,0.348,3.3,7.6,0.432,0.472,1.8,2.7,0.694,1.3,9.3,10.6,1.8,1.0,1.8,1.9,2.4,14.7,96.0,108,,bazleda01,9.6,0.497,0.445,0.196,3.0,20.5,12.0,5.1,1.0,3.1,11.6,15.1,-0.5,1.5,1.0,0.041,-2.1,0.5,-1.6,0.1
226,Marvin Williams,33,2TM,PF,58,1,1129,5.1,11.5,0.446,2.4,6.7,0.359,2.7,4.8,0.568,0.551,2.1,2.5,0.86,1.3,6.6,7.9,2.6,1.6,1.3,1.4,4.4,14.8,116.0,110,,willima02,11.2,0.587,0.584,0.213,2.8,14.3,8.5,7.6,1.6,2.4,10.2,12.5,1.1,1.3,2.4,0.102,-1.6,1.0,-0.6,0.4
226,Marvin Williams,33,CHO,PF,41,1,808,5.8,13.0,0.448,2.7,7.3,0.376,3.1,5.8,0.538,0.552,2.7,3.1,0.86,0.9,5.8,6.8,2.5,1.6,1.4,1.6,4.4,17.1,115.0,113,,willima02,11.8,0.593,0.557,0.238,2.0,13.2,7.4,7.8,1.6,2.5,9.7,14.0,0.8,0.6,1.5,0.087,-1.6,0.4,-1.3,0.1
226,Marvin Williams,33,MIL,PF,17,0,321,3.6,8.1,0.439,1.7,5.5,0.308,1.8,2.6,0.722,0.544,0.9,1.0,0.857,2.1,8.4,10.5,2.7,1.4,1.1,1.1,4.6,9.7,119.0,103,,willima02,9.8,0.566,0.684,0.123,4.9,17.1,11.4,7.2,1.4,2.2,11.8,8.7,0.3,0.6,0.9,0.139,-1.6,2.5,0.9,0.2
227,Nerlens Noel,25,OKC,C,61,7,1127,7.9,11.6,0.684,0.0,0.1,0.333,7.9,11.5,0.688,0.686,3.4,4.6,0.755,3.9,9.0,12.9,2.5,2.5,3.9,2.8,7.2,19.4,127.0,102,,noelne01,20.4,0.711,0.011,0.394,9.2,19.9,14.7,7.6,2.5,6.9,17.3,14.9,2.6,2.3,4.9,0.209,-0.3,3.4,3.1,1.5
228,Rondae Hollis-Jefferson,25,TOR,PF,60,6,1122,6.6,13.9,0.471,0.1,1.0,0.13,6.4,13.0,0.497,0.476,4.5,6.1,0.734,4.7,7.3,12.0,4.5,2.0,1.0,2.5,4.9,17.7,114.0,104,,holliro01,15.1,0.533,0.07,0.435,10.6,15.9,13.3,13.6,2.0,2.0,13.1,17.2,1.4,2.0,3.4,0.146,-1.2,1.5,0.3,0.6
229,Willie Cauley-Stein,26,2TM,C,54,39,1097,7.6,13.2,0.579,0.0,0.0,0.0,7.6,13.1,0.581,0.579,1.7,2.9,0.606,3.7,10.1,13.8,3.1,2.1,2.7,1.7,5.3,17.0,117.0,108,,caulewi01,17.0,0.589,0.003,0.219,8.0,23.3,15.5,9.9,2.1,5.0,10.8,14.4,1.5,1.5,2.9,0.128,-1.2,1.7,0.5,0.7
229,Willie Cauley-Stein,26,GSW,C,41,37,940,7.3,13.1,0.56,0.0,0.0,,7.3,13.1,0.56,0.56,1.8,2.9,0.614,3.6,9.4,13.0,3.1,2.3,2.5,1.8,5.2,16.4,114.0,109,,caulewi01,16.2,0.573,0.0,0.222,7.9,22.0,14.7,9.9,2.3,4.8,11.0,14.4,1.0,1.2,2.2,0.113,-1.6,1.6,0.0,0.5
229,Willie Cauley-Stein,26,DAL,C,13,2,157,9.5,13.9,0.689,0.0,0.3,0.0,9.5,13.5,0.705,0.689,1.5,2.8,0.556,4.0,14.5,18.5,3.1,1.2,3.4,1.5,5.8,20.6,135.0,105,,caulewi01,22.2,0.684,0.022,0.2,8.8,31.0,20.1,9.6,1.2,6.0,9.3,14.7,0.5,0.3,0.7,0.222,0.9,2.2,3.1,0.2
230,Gorgui Dieng,30,2TM,C,63,17,1096,7.0,15.4,0.456,2.3,6.4,0.355,4.8,9.0,0.528,0.53,3.3,4.3,0.772,3.9,11.2,15.0,3.1,2.2,2.5,2.5,5.3,19.7,113.0,106,,dienggo01,17.1,0.568,0.418,0.277,8.5,25.8,17.0,9.7,2.2,4.5,12.8,17.6,1.3,1.7,2.9,0.129,-0.2,1.8,1.5,1.0
230,Gorgui Dieng,30,MIN,C,46,17,778,7.4,16.5,0.448,2.7,7.2,0.383,4.7,9.4,0.497,0.531,2.8,3.5,0.797,4.4,10.9,15.3,3.5,2.2,2.5,2.6,5.3,20.3,113.0,107,,dienggo01,17.8,0.563,0.433,0.213,9.5,25.8,17.4,11.1,2.2,4.5,12.7,18.4,0.9,1.1,2.1,0.129,0.3,1.5,1.8,0.7
230,Gorgui Dieng,30,MEM,C,17,0,318,6.2,12.8,0.483,1.2,4.7,0.25,5.0,8.1,0.618,0.529,4.6,6.2,0.738,2.6,11.7,14.4,2.2,2.1,2.5,2.3,5.1,18.1,112.0,105,,dienggo01,15.5,0.583,0.368,0.483,6.1,26.0,16.2,6.3,2.1,4.7,13.2,15.9,0.3,0.6,0.9,0.13,-1.5,2.5,1.0,0.2
231,Solomon Hill,28,2TM,PF,59,4,1088,4.8,12.0,0.396,2.7,7.4,0.368,2.0,4.6,0.439,0.509,1.7,2.3,0.741,1.3,5.9,7.1,4.5,1.9,0.5,2.2,3.7,14.0,106.0,111,,hillso01,9.8,0.535,0.615,0.194,2.9,13.0,8.1,12.4,1.9,1.0,14.5,13.6,0.4,1.1,1.4,0.064,-2.0,0.3,-1.7,0.1
231,Solomon Hill,28,MEM,PF,48,3,901,5.0,12.1,0.412,2.9,7.6,0.381,2.1,4.5,0.465,0.532,1.3,2.0,0.684,1.2,6.2,7.5,4.9,1.6,0.4,2.1,3.8,14.2,109.0,112,,hillso01,10.2,0.549,0.631,0.163,2.9,13.8,8.4,13.4,1.6,0.7,13.8,13.4,0.5,0.8,1.4,0.072,-1.6,0.2,-1.4,0.1
231,Solomon Hill,28,MIA,PF,11,1,187,3.7,11.7,0.311,1.8,6.3,0.292,1.8,5.5,0.333,0.389,3.7,4.2,0.875,1.3,4.2,5.5,2.6,3.1,1.3,2.9,3.1,12.8,91.0,107,,hillso01,8.1,0.471,0.533,0.356,3.1,9.2,6.3,7.3,3.1,2.7,17.4,14.8,-0.2,0.3,0.1,0.023,-3.7,0.8,-2.8,0.0
232,Jaxson Hayes,19,NOP,C,64,14,1080,7.5,11.1,0.672,0.0,0.2,0.25,7.4,10.9,0.678,0.674,5.3,8.1,0.647,4.2,6.9,11.1,2.4,1.1,2.4,2.3,6.9,20.2,131.0,111,,hayesja02,17.6,0.689,0.015,0.734,9.5,16.0,12.7,7.2,1.1,4.3,13.4,15.0,2.8,1.1,3.9,0.171,-0.9,0.6,-0.3,0.5
233,Torrey Craig,29,DEN,SF,58,27,1072,5.7,12.4,0.461,2.1,6.4,0.326,3.6,6.0,0.603,0.545,1.0,1.7,0.611,2.9,5.8,8.7,2.2,1.1,1.7,1.2,6.2,14.5,116.0,112,,craigto01,10.8,0.553,0.513,0.134,6.6,13.2,9.9,5.9,1.1,3.1,8.1,12.6,1.1,0.9,2.0,0.091,-2.0,-0.3,-2.3,-0.1
234,Dwight Powell,28,DAL,C,40,37,1061,6.7,10.4,0.638,0.5,1.8,0.256,6.2,8.7,0.716,0.659,3.4,5.1,0.667,3.4,6.9,10.3,2.7,1.5,1.0,1.6,4.6,17.1,134.0,111,,poweldw01,15.9,0.677,0.17,0.485,7.5,14.8,11.2,7.7,1.5,1.8,11.5,12.6,2.6,1.0,3.6,0.162,0.4,0.9,1.3,0.9
235,Mason Plumlee,29,DEN,C,61,1,1057,8.3,13.5,0.615,0.0,0.2,0.0,8.3,13.2,0.625,0.615,3.9,7.2,0.535,4.6,10.2,14.8,7.2,1.5,1.8,3.8,6.7,20.4,118.0,108,,plumlma01,18.8,0.613,0.017,0.538,10.4,23.2,16.8,20.9,1.5,3.3,18.7,18.0,2.0,1.4,3.4,0.153,0.3,1.7,2.0,1.1
236,Justin Jackson,24,DAL,PF,65,3,1045,6.2,15.8,0.396,2.2,7.5,0.294,4.0,8.2,0.489,0.466,1.9,2.3,0.84,1.2,5.9,7.1,2.4,0.7,0.5,0.6,3.2,16.6,108.0,115,,jacksju01,9.5,0.496,0.478,0.147,2.7,12.6,7.7,6.8,0.7,0.8,3.7,15.4,0.6,0.6,1.2,0.054,-2.1,-1.3,-3.4,-0.4
237,Grant Williams,21,BOS,PF,69,5,1043,4.0,9.8,0.412,1.1,4.4,0.25,2.9,5.3,0.548,0.469,1.8,2.5,0.722,2.7,5.5,8.2,3.1,1.4,1.7,2.3,7.5,11.0,104.0,108,,willigr01,7.9,0.505,0.455,0.256,6.1,12.1,9.1,8.5,1.4,3.2,17.6,11.6,0.1,1.4,1.6,0.071,-4.1,1.4,-2.7,-0.2
238,Nicolò Melli,29,NOP,C,60,8,1042,6.0,14.3,0.421,3.1,9.1,0.335,3.0,5.2,0.573,0.528,2.4,3.2,0.74,1.7,6.3,8.0,3.6,1.5,1.0,2.0,5.5,17.5,111.0,112,,mellini01,11.4,0.556,0.638,0.226,3.9,14.5,9.2,10.5,1.5,1.8,11.5,15.7,0.9,0.9,1.8,0.082,-1.5,0.2,-1.3,0.2
239,Meyers Leonard,27,MIA,C,51,49,1034,5.6,11.0,0.509,2.5,6.0,0.414,3.1,5.0,0.623,0.622,0.8,1.3,0.643,1.4,10.9,12.3,2.6,0.7,0.7,1.8,5.1,14.6,114.0,110,,leoname01,10.6,0.627,0.547,0.12,3.4,24.0,14.1,7.6,0.7,1.4,13.7,12.2,0.9,1.2,2.1,0.096,-1.3,0.4,-0.9,0.3
240,Bismack Biyombo,27,CHO,C,53,29,1029,7.4,13.5,0.543,0.0,0.0,,7.4,13.5,0.543,0.543,4.4,7.4,0.603,5.8,9.2,15.0,2.4,0.5,2.4,2.3,5.6,19.1,116.0,112,,biyombi01,16.1,0.57,0.0,0.543,12.3,20.7,16.3,7.8,0.5,4.4,12.2,16.8,1.5,0.9,2.4,0.113,-1.8,-0.7,-2.5,-0.1
241,Taj Gibson,34,NYK,C,62,56,1025,7.9,13.6,0.584,0.2,0.7,0.286,7.7,12.9,0.599,0.591,1.9,2.7,0.732,5.3,7.4,12.7,2.5,1.3,1.4,2.2,5.8,18.0,121.0,113,,gibsota01,16.1,0.61,0.049,0.196,11.2,16.7,13.9,7.6,1.3,2.8,13.1,14.8,1.8,0.8,2.6,0.12,-0.8,-0.3,-1.1,0.2
242,Jalen Brunson,23,DAL,PG,57,16,1022,8.6,18.3,0.466,2.0,5.7,0.358,6.5,12.7,0.515,0.522,2.9,3.5,0.813,1.0,5.3,6.3,8.9,1.0,0.2,3.1,3.5,22.0,114.0,114,,brunsja01,14.9,0.553,0.309,0.193,2.3,11.3,6.9,27.0,1.0,0.3,13.6,20.4,1.6,0.6,2.1,0.101,0.1,-1.0,-0.9,0.3
243,E'Twaun Moore,30,NOP,SG,56,6,1020,8.4,19.8,0.426,2.9,7.6,0.377,5.6,12.2,0.456,0.498,1.4,2.0,0.689,1.4,4.5,5.9,3.5,1.5,0.5,1.8,3.6,21.1,104.0,114,,mooreet01,11.3,0.51,0.382,0.103,3.2,10.4,6.8,11.0,1.5,0.9,8.1,19.9,0.3,0.7,0.9,0.043,-1.9,-0.8,-2.7,-0.2
244,Eric Gordon,31,HOU,SF,36,15,1016,7.8,21.1,0.369,4.4,13.8,0.317,3.4,7.3,0.469,0.473,3.7,4.9,0.766,0.4,2.8,3.2,2.5,1.0,0.6,2.0,3.2,23.7,101.0,115,,gordoer01,10.3,0.51,0.654,0.231,0.9,6.5,3.7,7.9,1.0,1.1,7.8,22.5,-0.1,0.6,0.5,0.024,-1.8,-2.1,-3.9,-0.5
245,Ky Bowman,22,GSW,PG,45,12,1015,6.3,15.1,0.417,1.6,5.0,0.308,4.8,10.1,0.472,0.469,1.6,1.9,0.829,1.1,4.6,5.7,6.2,2.1,0.5,3.3,4.8,15.8,96.0,115,,bowmaky01,9.1,0.494,0.333,0.128,2.5,10.7,6.5,19.4,2.1,0.9,17.1,17.2,-0.6,0.6,-0.1,-0.003,-4.0,-0.3,-4.3,-0.6
246,Semi Ojeleye,25,BOS,PF,69,6,1011,3.8,9.4,0.408,2.3,6.1,0.378,1.5,3.3,0.464,0.531,1.3,1.5,0.875,1.2,5.7,6.9,1.8,1.0,0.2,0.9,3.8,11.3,116.0,111,,ojelese01,7.7,0.562,0.648,0.163,2.8,12.5,7.7,4.7,1.0,0.5,8.3,9.7,0.8,1.0,1.9,0.088,-2.1,0.4,-1.7,0.1
247,Lonnie Walker IV,21,SAS,SG,61,12,988,7.4,17.3,0.426,2.0,4.9,0.406,5.4,12.4,0.434,0.483,2.1,3.0,0.721,1.1,5.6,6.7,3.3,1.5,0.7,2.1,3.8,18.8,100.0,115,,walkelo01,10.5,0.507,0.283,0.171,2.5,12.7,7.6,9.6,1.5,1.2,10.3,18.7,-0.2,0.6,0.3,0.016,-2.5,-1.0,-3.5,-0.4
248,Ersan İlyasova,32,MIL,PF,63,8,986,6.8,14.5,0.466,2.3,6.3,0.365,4.4,8.2,0.545,0.546,3.3,4.0,0.828,2.9,11.1,14.0,2.3,1.1,0.8,1.6,4.4,19.2,119.0,102,,ilyaser01,14.9,0.589,0.438,0.278,6.6,22.7,15.1,6.6,1.1,1.5,8.8,16.1,1.6,2.0,3.6,0.174,-0.3,0.8,0.4,0.6
249,Rajon Rondo,33,LAL,PG,48,3,984,6.6,15.8,0.418,2.0,6.0,0.328,4.6,9.8,0.473,0.48,1.3,2.0,0.659,1.1,5.8,6.9,11.6,1.9,0.1,4.4,2.8,16.5,103.0,108,,rondora01,12.4,0.494,0.381,0.125,2.6,13.1,7.9,32.9,1.9,0.2,20.8,18.7,0.1,1.3,1.4,0.068,-1.2,-0.1,-1.4,0.2
250,Enes Freedom,27,BOS,C,58,7,983,9.8,17.1,0.572,0.0,0.3,0.143,9.7,16.7,0.581,0.573,3.4,4.9,0.707,8.0,13.2,21.2,2.7,1.1,2.0,2.7,4.9,23.0,123.0,104,,kanteen01,22.4,0.599,0.02,0.284,18.0,28.9,23.5,8.8,1.1,3.9,12.5,19.4,2.6,1.8,4.4,0.214,1.8,-0.3,1.5,0.9
251,Jonathan Isaac,22,ORL,PF,34,32,980,7.7,16.5,0.47,1.6,4.7,0.34,6.2,11.8,0.521,0.518,3.0,3.8,0.779,2.9,8.6,11.5,2.4,2.6,3.9,2.4,4.1,20.1,107.0,103,,isaacjo01,17.3,0.552,0.283,0.232,6.2,19.6,12.7,7.4,2.6,7.2,11.8,18.3,0.6,1.9,2.5,0.12,-0.6,2.9,2.3,1.1
252,Jerome Robinson,22,2TM,SG,63,6,979,5.5,14.9,0.371,2.4,7.3,0.32,3.2,7.5,0.42,0.45,1.9,2.7,0.702,0.6,5.6,6.2,4.2,1.3,0.8,2.4,5.4,15.3,96.0,113,,robinje01,7.4,0.476,0.494,0.184,1.4,12.8,7.0,11.9,1.3,1.5,12.8,16.4,-0.6,0.8,0.2,0.009,-3.8,-0.2,-3.9,-0.5
252,Jerome Robinson,22,LAC,SG,42,1,476,4.6,13.5,0.338,1.9,6.7,0.284,2.7,6.9,0.391,0.408,1.1,1.9,0.579,0.5,5.5,6.0,4.6,1.3,0.8,2.6,5.5,12.1,87.0,109,,robinje01,4.8,0.423,0.493,0.14,1.1,11.7,6.5,12.6,1.3,1.5,15.3,15.0,-0.6,0.6,0.0,-0.004,-5.3,0.6,-4.7,-0.3
252,Jerome Robinson,22,WAS,SG,21,5,503,6.4,16.2,0.397,2.8,8.0,0.349,3.6,8.2,0.443,0.483,2.7,3.5,0.763,0.7,5.7,6.4,3.8,1.4,0.8,2.1,5.3,18.3,103.0,116,,robinje01,9.8,0.516,0.494,0.218,1.7,13.8,7.5,11.3,1.4,1.6,10.8,17.7,0.0,0.2,0.2,0.022,-2.3,-0.9,-3.2,-0.1
253,Alex Len,26,2TM,C,55,12,970,8.6,15.5,0.555,0.8,2.9,0.271,7.8,12.6,0.619,0.58,3.3,5.1,0.648,4.8,10.7,15.6,2.4,1.1,2.3,2.7,6.2,21.2,116.0,111,,lenal01,17.7,0.6,0.185,0.329,11.1,25.2,18.0,7.9,1.1,4.3,13.1,18.1,1.5,1.0,2.5,0.122,-0.5,-0.3,-0.7,0.3
253,Alex Len,26,ATL,C,40,9,745,8.9,16.3,0.546,0.9,3.5,0.25,8.0,12.8,0.627,0.573,3.2,5.1,0.63,4.3,10.1,14.4,2.6,1.3,2.1,2.4,5.8,21.8,115.0,112,,lenal01,17.5,0.59,0.215,0.312,9.8,23.6,16.6,8.7,1.3,3.7,11.7,18.6,1.1,0.6,1.8,0.113,-0.2,-0.2,-0.4,0.3
253,Alex Len,26,SAC,C,15,3,225,7.5,12.7,0.593,0.4,0.6,0.667,7.1,12.1,0.589,0.61,3.7,5.2,0.708,6.7,12.9,19.6,1.7,0.6,3.2,3.5,7.3,19.2,119.0,108,,lenal01,18.2,0.64,0.051,0.407,15.1,30.8,22.8,5.2,0.6,6.4,18.7,16.5,0.4,0.3,0.7,0.15,-1.3,-0.3,-1.6,0.0
254,Kyle Korver,38,MIL,SF,58,1,960,6.0,13.9,0.43,4.7,11.3,0.418,1.3,2.7,0.482,0.599,1.7,2.0,0.854,0.7,5.1,5.8,3.2,1.2,0.6,2.3,3.7,18.4,113.0,106,,korveky01,11.3,0.62,0.809,0.14,1.6,10.4,6.3,9.2,1.2,1.1,13.4,15.4,0.9,1.5,2.5,0.124,-0.6,0.7,0.1,0.5
255,Jeff Green,33,2TM,C,48,4,960,7.9,17.1,0.462,3.1,9.1,0.339,4.8,8.0,0.602,0.552,3.6,4.5,0.802,1.2,5.4,6.6,2.5,1.3,0.9,2.1,4.4,22.5,114.0,111,,greenje02,13.7,0.59,0.532,0.265,2.7,12.0,7.5,7.9,1.3,1.7,9.9,19.0,1.2,0.9,2.1,0.104,0.0,-0.1,-0.1,0.5
255,Jeff Green,33,UTA,PF,30,2,553,6.6,17.2,0.385,3.0,9.2,0.327,3.6,8.0,0.451,0.472,4.3,5.5,0.778,1.2,5.9,7.1,1.8,1.1,0.9,2.4,4.0,20.5,101.0,111,,greenje02,10.0,0.523,0.533,0.323,2.9,12.9,8.1,5.2,1.1,1.5,10.8,19.7,0.0,0.5,0.5,0.046,-1.9,-0.2,-2.1,0.0
255,Jeff Green,33,HOU,C,18,2,407,9.6,16.9,0.564,3.2,9.0,0.354,6.4,8.0,0.8,0.658,2.7,3.2,0.857,1.1,4.8,5.9,3.4,1.6,1.0,1.7,4.9,25.0,131.0,112,,greenje02,18.6,0.682,0.53,0.188,2.6,10.9,6.7,11.5,1.6,1.9,8.5,17.9,1.2,0.4,1.5,0.183,2.5,0.1,2.6,0.5
256,Robin Lopez,31,MIL,C,66,5,958,7.0,14.3,0.492,1.7,5.0,0.333,5.3,9.2,0.577,0.55,1.3,2.5,0.528,2.7,5.0,7.7,2.1,0.5,2.1,3.0,4.6,17.0,101.0,105,,lopezro01,10.2,0.554,0.351,0.177,6.2,10.2,8.3,6.3,0.5,4.1,16.4,16.6,-0.1,1.6,1.5,0.077,-3.0,0.4,-2.6,-0.2
257,Wes Iwundu,25,ORL,SF,52,21,953,5.0,11.9,0.416,1.4,4.2,0.341,3.5,7.7,0.457,0.476,4.0,5.0,0.804,1.2,5.5,6.7,3.1,1.3,0.7,1.3,4.1,15.3,113.0,112,,iwundwe01,10.3,0.544,0.352,0.416,2.6,12.5,7.4,8.8,1.3,1.2,8.6,13.7,0.8,0.8,1.7,0.084,-2.7,0.0,-2.6,-0.2
258,Jevon Carter,24,PHO,PG,58,2,945,5.1,12.2,0.416,3.1,7.3,0.425,2.0,4.9,0.402,0.543,1.2,1.4,0.852,1.5,4.4,5.9,4.2,2.4,0.9,1.6,4.3,14.4,114.0,111,,carteje01,11.3,0.563,0.601,0.111,3.5,10.5,6.9,11.9,2.4,1.6,11.2,12.9,0.8,1.0,1.8,0.093,-0.7,1.3,0.6,0.6
259,Aron Baynes,33,PHO,C,42,28,934,9.3,19.3,0.48,3.0,8.5,0.351,6.3,10.8,0.582,0.558,2.8,3.8,0.747,3.6,8.4,12.0,3.4,0.5,1.2,2.5,7.2,24.4,113.0,112,,baynear01,15.2,0.581,0.441,0.197,8.3,20.0,14.1,10.9,0.5,2.1,10.8,21.1,1.3,0.8,2.1,0.107,-0.2,-0.8,-1.0,0.2
260,Ryan Arcidiacono,25,CHI,PG,58,4,930,4.7,11.4,0.409,2.8,7.1,0.391,1.9,4.2,0.439,0.532,1.4,2.0,0.711,1.0,4.7,5.7,5.0,1.4,0.2,1.9,5.0,13.5,111.0,113,,arcidry01,9.0,0.551,0.627,0.173,2.3,11.2,6.5,14.3,1.4,0.3,13.5,12.5,0.7,0.7,1.4,0.071,-2.7,-0.1,-2.8,-0.2
261,Treveon Graham,26,2TM,SF,55,20,929,4.4,12.1,0.36,1.7,6.0,0.275,2.7,6.1,0.443,0.428,1.8,2.8,0.643,2.6,5.0,7.5,2.3,1.2,0.3,1.5,5.1,12.2,99.0,116,,grahatr01,6.6,0.456,0.496,0.231,5.7,11.7,8.6,6.6,1.2,0.5,9.8,13.1,-0.2,0.4,0.2,0.009,-4.5,-1.1,-5.6,-0.8
261,Treveon Graham,26,MIN,SF,33,20,663,4.3,12.3,0.354,1.4,5.8,0.241,2.9,6.4,0.457,0.411,1.9,2.6,0.73,2.0,5.0,7.0,2.1,1.2,0.1,1.3,4.6,12.0,97.0,116,,grahatr01,6.0,0.447,0.474,0.211,4.5,11.7,8.0,6.1,1.2,0.3,9.0,13.1,-0.3,0.3,0.1,0.004,-5.0,-0.8,-5.8,-0.6
261,Treveon Graham,26,ATL,SF,22,0,266,4.4,11.7,0.373,2.3,6.5,0.351,2.1,5.3,0.4,0.47,1.6,3.3,0.474,3.9,4.9,8.8,2.6,1.2,0.7,1.8,6.3,12.6,104.0,117,,grahatr01,8.0,0.478,0.552,0.284,8.8,11.5,10.1,7.6,1.2,1.3,11.7,13.3,0.0,0.1,0.1,0.022,-3.3,-1.7,-5.0,-0.2
262,Isaiah Thomas,30,WAS,PG,40,37,925,8.8,21.5,0.408,3.9,9.6,0.413,4.9,12.0,0.405,0.5,3.1,3.8,0.816,0.6,2.9,3.4,7.4,0.7,0.3,3.9,3.9,24.7,103.0,120,,thomais02,11.6,0.531,0.444,0.178,1.2,7.0,4.0,23.4,0.7,0.6,14.4,24.1,0.1,-0.1,0.0,0.002,-0.5,-3.9,-4.4,-0.5
263,Georges Niang,26,UTA,PF,66,1,923,7.4,17.0,0.438,4.7,11.9,0.4,2.7,5.1,0.526,0.578,1.1,1.3,0.833,0.8,5.9,6.7,2.3,0.9,0.3,1.6,4.0,20.7,113.0,112,,niangge01,11.7,0.589,0.699,0.075,1.9,12.9,7.6,7.0,0.9,0.4,8.3,17.2,1.0,0.8,1.8,0.092,0.4,-0.5,-0.1,0.4
264,Khem Birch,27,ORL,C,48,24,922,3.9,7.6,0.51,0.0,0.1,0.0,3.9,7.5,0.514,0.51,3.5,5.3,0.653,4.8,6.8,11.6,2.6,1.1,1.2,1.6,4.8,11.2,121.0,111,,birchkh01,11.7,0.566,0.007,0.706,10.3,15.6,12.9,7.3,1.1,2.3,14.2,10.2,1.2,0.9,2.2,0.112,-2.5,0.2,-2.4,-0.1
265,Luke Kennard,23,DET,SG,28,25,922,8.1,18.2,0.442,3.9,9.8,0.399,4.2,8.5,0.491,0.548,3.6,4.0,0.893,0.5,4.7,5.2,6.1,0.6,0.3,2.3,3.5,23.6,117.0,117,,kennalu01,14.4,0.589,0.535,0.219,1.1,11.1,6.0,19.2,0.6,0.5,10.3,19.8,1.6,0.3,1.9,0.1,1.1,-1.4,-0.3,0.4
266,Jabari Parker,24,2TM,PF,38,23,917,11.2,21.9,0.51,1.6,6.1,0.269,9.5,15.8,0.603,0.548,3.1,4.1,0.753,3.1,7.8,10.9,3.5,2.3,0.8,3.3,5.0,27.1,108.0,112,,parkeja01,18.0,0.571,0.277,0.189,7.1,18.3,12.6,12.4,2.3,1.5,12.1,24.0,0.8,0.8,1.6,0.083,0.6,-0.3,0.3,0.5
266,Jabari Parker,24,ATL,PF,32,23,837,11.0,21.9,0.504,1.7,6.4,0.27,9.3,15.5,0.601,0.543,3.0,4.0,0.736,3.0,7.6,10.6,3.2,2.3,0.8,3.3,5.2,26.7,106.0,113,,parkeja01,17.2,0.565,0.293,0.183,6.9,17.9,12.3,11.6,2.3,1.5,12.4,24.0,0.5,0.7,1.2,0.068,0.3,-0.3,0.0,0.4
266,Jabari Parker,24,SAC,PF,6,0,80,12.7,21.8,0.583,0.6,2.4,0.25,12.1,19.4,0.625,0.597,4.9,5.5,0.889,4.2,9.7,13.9,6.1,1.8,0.6,2.4,3.6,30.9,129.0,110,,parkeja01,26.5,0.638,0.111,0.25,9.6,23.1,16.2,21.5,1.8,1.2,9.1,23.8,0.3,0.1,0.4,0.234,3.5,-0.9,2.6,0.1
267,DeAndre' Bembry,25,ATL,SG,43,4,915,5.3,11.6,0.456,0.8,3.3,0.231,4.5,8.3,0.546,0.489,1.3,2.4,0.542,1.7,6.0,7.7,4.1,2.8,1.0,3.1,4.3,12.7,95.0,112,,bembrde01,9.6,0.5,0.285,0.211,3.9,14.1,8.9,12.3,2.8,1.7,19.4,14.0,-0.5,0.8,0.2,0.012,-3.5,1.1,-2.5,-0.1
268,Patrick McCaw,24,TOR,SF,37,12,908,3.5,8.5,0.414,1.2,3.7,0.324,2.3,4.8,0.484,0.485,0.7,0.9,0.722,1.0,3.5,4.5,4.1,2.0,0.2,1.5,3.1,8.9,105.0,108,,mccawpa01,7.3,0.5,0.438,0.111,2.3,7.6,5.0,11.5,2.0,0.4,14.6,9.4,0.2,1.2,1.4,0.075,-3.6,1.8,-1.8,0.0
269,Michael Porter Jr.,21,DEN,SF,55,8,903,10.7,21.0,0.509,3.4,8.0,0.422,7.3,12.9,0.564,0.59,3.3,3.9,0.833,3.6,10.6,14.2,2.5,1.5,1.4,2.7,5.5,28.0,118.0,109,,portemi01,19.8,0.617,0.384,0.188,8.2,23.9,16.1,7.9,1.5,2.6,10.6,22.3,1.8,1.1,2.9,0.154,2.4,-0.8,1.5,0.8
270,Cody Martin,24,CHO,SF,48,3,903,4.9,11.5,0.43,1.0,4.3,0.234,3.9,7.2,0.546,0.473,2.3,3.6,0.646,2.1,6.7,8.8,5.3,2.2,0.5,2.4,4.3,13.2,104.0,112,,martico01,10.5,0.505,0.372,0.314,4.4,15.1,9.6,15.7,2.2,0.9,15.7,13.6,0.2,0.8,1.0,0.052,-3.1,1.0,-2.1,0.0
271,Hamidou Diallo,21,OKC,SF,46,3,896,7.2,16.1,0.446,0.9,3.1,0.281,6.3,13.0,0.485,0.473,2.1,3.4,0.603,2.4,6.7,9.1,2.0,2.0,0.5,2.8,5.5,17.2,94.0,109,,diallha01,9.3,0.491,0.193,0.213,5.6,14.7,10.3,5.9,2.0,0.9,13.6,18.4,-0.7,1.1,0.4,0.022,-4.2,0.3,-3.9,-0.4
272,Damian Jones,24,ATL,C,55,27,887,6.4,9.4,0.68,0.1,0.5,0.222,6.3,8.9,0.704,0.685,3.3,4.4,0.738,3.9,6.9,10.8,1.8,1.4,2.1,1.5,7.8,16.1,138.0,113,,jonesda03,15.6,0.712,0.051,0.472,8.9,16.2,12.5,5.6,1.4,3.8,11.5,11.4,2.2,0.6,2.8,0.152,-1.6,0.1,-1.5,0.1
273,Omari Spellman,22,GSW,C,49,3,886,6.9,15.9,0.431,2.3,5.9,0.391,4.5,10.0,0.454,0.503,3.9,5.0,0.793,4.2,7.7,11.8,2.5,1.8,1.3,2.9,3.4,20.0,107.0,112,,spellom01,14.4,0.551,0.373,0.312,9.1,18.0,13.4,8.1,1.8,2.4,13.9,18.8,0.5,0.7,1.2,0.066,-0.8,-1.0,-1.8,0.1
274,Marco Belinelli,33,SAS,SG,57,0,883,6.7,17.0,0.392,3.6,9.6,0.376,3.0,7.4,0.412,0.498,2.6,3.1,0.828,0.4,5.0,5.4,3.7,0.6,0.1,1.0,2.4,19.5,110.0,118,,belinma01,10.8,0.532,0.567,0.185,0.9,11.2,6.0,10.7,0.6,0.1,5.3,17.5,0.7,0.2,0.8,0.046,-0.7,-2.0,-2.7,-0.2
275,Mo Bamba,21,ORL,C,62,0,878,7.3,15.9,0.462,2.1,5.9,0.346,5.3,9.9,0.531,0.526,1.7,2.6,0.674,5.5,11.2,16.7,2.3,1.3,4.8,2.3,6.4,18.4,111.0,103,,bambamo01,17.5,0.542,0.374,0.161,11.9,25.6,18.5,7.2,1.3,8.8,12.1,17.1,0.8,1.7,2.5,0.135,-1.2,1.6,0.4,0.5
276,Vince Carter,43,ATL,PF,60,0,876,5.7,16.2,0.352,3.2,10.7,0.302,2.4,5.4,0.451,0.452,1.2,1.5,0.793,1.0,5.6,6.6,2.6,1.2,1.3,1.8,4.8,15.9,94.0,116,,cartevi01,7.5,0.47,0.664,0.095,2.2,13.2,7.6,7.7,1.2,2.4,9.4,16.6,-0.6,0.4,-0.2,-0.011,-3.1,-1.2,-4.3,-0.5
277,Anthony Tolliver,34,3TM,PF,55,13,872,3.5,9.9,0.357,2.7,7.9,0.338,0.9,2.0,0.432,0.492,1.1,1.6,0.724,1.9,6.5,8.4,2.3,1.0,0.6,1.9,4.0,10.9,103.0,115,,tollian01,7.0,0.513,0.797,0.159,4.1,14.3,9.3,6.0,1.0,1.1,14.9,11.1,0.0,0.4,0.5,0.026,-2.7,-0.5,-3.2,-0.3
277,Anthony Tolliver,34,POR,PF,33,9,554,3.7,10.1,0.368,2.6,7.7,0.337,1.1,2.4,0.464,0.496,1.1,1.6,0.684,2.3,7.1,9.5,2.5,0.7,0.8,1.8,4.6,11.1,106.0,117,,tollian01,7.5,0.515,0.761,0.162,5.2,15.5,10.4,6.6,0.7,1.4,14.3,11.2,0.2,0.2,0.4,0.031,-2.3,-0.9,-3.3,-0.2
277,Anthony Tolliver,34,SAC,PF,9,0,82,1.8,10.1,0.176,1.2,8.9,0.133,0.6,1.2,0.5,0.235,0.6,1.2,0.5,1.2,5.3,6.5,1.8,2.4,0.6,2.4,3.6,5.3,57.0,112,,tollian01,0.2,0.252,0.882,0.118,2.7,12.7,7.6,4.5,2.4,1.2,18.3,11.6,-0.2,0.1,-0.2,-0.1,-7.8,-1.0,-8.8,-0.1
277,Anthony Tolliver,34,MEM,PF,13,4,236,3.8,9.5,0.396,3.4,8.1,0.415,0.4,1.4,0.286,0.573,1.4,1.6,0.875,1.0,5.5,6.5,2.0,1.4,0.2,1.8,2.8,12.3,110.0,113,,tollian01,8.0,0.602,0.854,0.167,2.3,12.3,7.4,5.3,1.4,0.4,14.9,10.7,0.1,0.2,0.3,0.061,-1.8,0.6,-1.2,0.0
278,Rodney McGruder,28,LAC,SG,56,4,871,3.9,9.8,0.398,1.3,4.8,0.27,2.6,5.0,0.522,0.464,1.0,1.8,0.559,1.6,6.6,8.2,2.0,1.4,0.4,1.3,4.0,10.1,100.0,109,,mcgruro01,6.7,0.477,0.492,0.188,3.6,14.2,9.0,5.3,1.4,0.8,10.9,10.6,-0.1,1.1,1.0,0.055,-3.7,0.8,-3.0,-0.2
279,Mario Hezonja,24,POR,PF,53,4,871,5.0,11.9,0.422,1.3,4.3,0.308,3.7,7.7,0.486,0.477,2.6,3.2,0.814,1.6,8.4,10.1,2.7,2.0,0.5,2.3,5.9,14.0,104.0,113,,hezonma01,9.5,0.525,0.358,0.271,3.6,18.3,11.0,7.5,2.0,0.9,14.7,13.9,0.1,0.6,0.8,0.043,-3.1,0.2,-2.9,-0.2
280,Abdel Nader,26,OKC,SF,55,6,867,6.9,14.7,0.468,2.7,7.2,0.375,4.2,7.6,0.556,0.559,2.9,3.7,0.773,0.8,4.8,5.6,2.1,1.3,1.1,2.4,4.4,19.3,107.0,111,,naderab01,11.3,0.591,0.487,0.251,1.8,10.6,6.4,6.4,1.3,2.0,12.8,17.0,0.5,0.9,1.3,0.074,-1.2,0.2,-1.0,0.2
281,Timothé Luwawu-Cabarrot,24,BRK,SF,47,2,853,6.5,14.9,0.435,3.4,8.9,0.388,3.1,6.0,0.505,0.55,3.8,4.5,0.852,1.6,5.4,7.0,1.6,1.0,0.4,2.1,5.9,20.2,114.0,112,,luwawti01,11.0,0.599,0.595,0.301,3.6,11.6,7.7,4.9,1.0,0.7,10.8,16.8,0.9,0.7,1.7,0.095,-1.8,-0.5,-2.2,-0.1
282,Emmanuel Mudiay,23,UTA,PG,54,2,850,8.6,18.7,0.462,1.7,5.0,0.345,6.9,13.7,0.504,0.508,3.6,4.8,0.759,1.0,6.2,7.2,6.6,1.4,0.6,4.4,4.1,22.6,103.0,111,,mudiaem01,13.0,0.543,0.266,0.254,2.4,13.5,8.2,20.9,1.4,1.0,17.3,22.6,0.1,0.9,1.0,0.057,-1.8,-0.1,-1.9,0.0
283,Damyean Dotson,25,NYK,SG,48,0,836,7.0,16.9,0.414,3.4,9.5,0.362,3.6,7.4,0.48,0.516,1.3,1.9,0.667,0.6,4.7,5.3,3.3,1.3,0.2,1.2,2.6,18.7,109.0,116,,dotsoda01,10.9,0.527,0.562,0.114,1.2,10.6,5.8,10.0,1.3,0.5,6.5,16.5,0.6,0.4,0.9,0.053,-0.9,-0.5,-1.4,0.1
284,Moritz Wagner,22,WAS,C,45,5,835,8.1,14.9,0.545,1.4,4.5,0.313,6.7,10.4,0.645,0.592,4.4,5.3,0.821,3.1,9.1,12.3,3.1,1.6,1.1,3.7,8.5,22.0,114.0,113,,wagnemo01,15.1,0.638,0.301,0.357,7.0,22.2,14.3,9.8,1.6,2.0,17.7,18.6,1.1,0.6,1.7,0.099,-2.0,-0.3,-2.3,-0.1
285,Michael Carter-Williams,28,ORL,SG,45,0,833,6.5,15.2,0.427,1.3,4.4,0.293,5.2,10.8,0.481,0.469,4.6,5.6,0.832,2.7,5.9,8.6,6.4,2.9,1.3,3.0,5.1,18.9,109.0,107,,cartemi01,15.3,0.535,0.288,0.365,5.8,13.5,9.5,19.1,2.9,2.4,14.7,18.3,0.7,1.2,1.9,0.111,-1.5,1.6,0.1,0.5
286,Juancho Hernangómez,24,2TM,PF,48,14,833,5.7,14.2,0.405,2.5,7.4,0.341,3.2,6.8,0.475,0.494,2.5,4.1,0.62,2.5,8.9,11.3,2.3,1.1,0.5,1.8,3.7,16.6,105.0,113,,hernaju01,10.4,0.518,0.522,0.287,5.6,20.5,12.8,6.6,1.1,1.0,10.3,15.7,0.2,0.7,0.9,0.052,-2.2,-1.1,-3.4,-0.3
286,Juancho Hernangómez,24,DEN,PF,34,0,422,4.5,12.9,0.345,1.8,7.0,0.25,2.7,5.9,0.46,0.414,1.9,2.9,0.64,2.8,8.3,11.1,2.6,0.6,0.6,2.1,3.4,12.5,95.0,113,,hernaju01,6.9,0.442,0.545,0.227,6.4,18.8,12.6,6.7,0.6,1.1,12.9,14.3,-0.2,0.3,0.1,0.007,-4.0,-1.2,-5.2,-0.3
286,Juancho Hernangómez,24,MIN,PF,14,14,411,7.0,15.5,0.453,3.3,7.8,0.42,3.7,7.7,0.485,0.558,3.2,5.2,0.609,2.1,9.4,11.5,2.0,1.6,0.5,1.6,4.0,20.4,114.0,112,,hernaju01,14.1,0.576,0.504,0.336,4.7,22.1,13.1,6.4,1.6,0.8,8.2,17.1,0.5,0.4,0.8,0.098,-0.4,-1.0,-1.5,0.1
287,Kenrich Williams,25,NOP,PF,39,18,832,2.8,8.2,0.347,1.4,5.4,0.258,1.4,2.8,0.52,0.432,0.5,1.4,0.346,2.8,7.5,10.3,3.2,1.5,1.2,1.2,4.9,7.6,103.0,111,,willike04,7.5,0.429,0.66,0.177,6.5,17.3,11.9,8.4,1.5,2.1,12.2,8.9,0.1,0.8,0.9,0.05,-3.4,0.9,-2.4,-0.1
288,Matthew Dellavedova,29,CLE,PG,57,4,821,3.7,10.4,0.354,1.2,5.4,0.231,2.4,5.0,0.488,0.414,1.9,2.2,0.865,1.1,3.4,4.4,10.7,1.2,0.1,3.5,4.6,10.5,103.0,118,,dellama01,8.1,0.463,0.52,0.211,2.4,7.8,5.1,29.0,1.2,0.2,23.6,13.0,0.1,0.1,0.2,0.011,-3.6,-1.6,-5.2,-0.7
289,Luguentz Dort,20,OKC,SF,36,28,820,5.1,12.9,0.394,1.8,6.0,0.297,3.3,6.9,0.479,0.463,2.5,3.1,0.792,1.4,3.4,4.8,1.6,1.8,0.2,1.3,5.7,14.5,103.0,111,,dortlu01,7.6,0.506,0.463,0.243,3.3,7.5,5.5,4.6,1.8,0.4,8.4,14.1,0.1,0.8,0.8,0.049,-4.1,0.4,-3.7,-0.4
290,Chris Boucher,27,TOR,C,62,0,819,8.2,17.4,0.472,2.2,6.9,0.322,6.0,10.5,0.569,0.535,5.3,6.7,0.784,6.2,9.9,16.1,1.5,1.3,3.5,1.6,6.6,23.9,124.0,101,,bouchch01,20.7,0.587,0.395,0.388,14.1,21.4,17.9,4.8,1.3,7.3,7.4,19.7,2.1,1.8,3.8,0.224,1.0,1.0,2.0,0.8
291,Ian Mahinmi,33,WAS,C,38,35,808,6.0,12.1,0.495,0.3,1.5,0.192,5.7,10.6,0.538,0.507,4.0,6.5,0.619,4.5,8.1,12.6,2.8,1.8,2.5,2.6,6.6,16.4,110.0,112,,mahinia01,14.2,0.545,0.124,0.538,10.1,19.7,14.7,8.3,1.8,4.8,14.8,15.7,0.7,0.7,1.4,0.083,-2.8,0.0,-2.7,-0.2
292,Shake Milton,23,PHI,SG,40,24,805,8.1,16.7,0.484,3.5,8.1,0.43,4.6,8.6,0.535,0.588,3.1,3.9,0.785,0.9,4.4,5.3,6.3,1.2,0.4,2.8,5.5,22.7,118.0,112,,miltosh01,14.4,0.617,0.487,0.235,2.1,10.0,6.0,18.8,1.2,0.7,13.3,18.9,1.4,0.7,2.1,0.126,0.0,-1.0,-1.0,0.2
293,Frank Jackson,21,NOP,PG,59,2,797,7.8,19.2,0.405,2.7,8.4,0.326,5.1,10.9,0.465,0.476,3.3,4.4,0.747,1.3,3.5,4.8,3.5,1.0,0.2,2.8,4.5,21.5,100.0,116,,jacksfr01,9.1,0.51,0.435,0.227,2.9,8.1,5.5,10.8,1.0,0.4,11.9,21.2,-0.2,0.3,0.2,0.01,-3.3,-2.2,-5.5,-0.7
294,Jordan McRae,28,3TM,SG,37,4,784,9.0,22.0,0.407,2.7,7.6,0.357,6.3,14.4,0.433,0.469,5.0,6.6,0.761,1.1,6.4,7.5,5.6,1.3,1.0,2.6,4.4,25.6,105.0,116,,mcraejo01,14.2,0.515,0.344,0.298,2.4,15.4,8.7,17.9,1.3,1.8,9.4,24.4,0.4,0.4,0.7,0.044,0.0,-1.5,-1.5,0.1
294,Jordan McRae,28,WAS,SG,29,4,654,9.5,22.7,0.42,2.9,7.6,0.377,6.6,15.1,0.441,0.483,4.6,5.9,0.771,1.2,6.2,7.4,5.9,1.4,1.1,2.7,4.4,26.4,106.0,116,,mcraejo01,15.2,0.523,0.334,0.262,2.7,15.1,8.7,19.1,1.4,2.0,9.7,24.9,0.4,0.3,0.7,0.051,0.8,-1.2,-0.4,0.3
294,Jordan McRae,28,DEN,SG,4,0,32,3.1,9.3,0.333,3.1,6.2,0.5,0.0,3.1,0.0,0.5,4.6,6.2,0.75,1.5,6.2,7.7,6.2,3.1,1.5,0.0,3.1,13.9,144.0,108,,mcraejo01,16.7,0.58,0.667,0.667,3.5,14.0,8.8,15.6,3.1,2.9,0.0,10.5,0.1,0.0,0.1,0.201,1.1,1.4,2.5,0.0
294,Jordan McRae,28,DET,SG,4,0,98,7.0,21.6,0.326,1.5,8.0,0.188,5.5,13.6,0.407,0.36,8.0,11.0,0.727,0.0,7.5,7.5,3.5,0.0,0.0,2.5,5.0,23.6,92.0,117,,mcraejo01,6.5,0.446,0.372,0.512,0.0,17.6,8.7,10.7,0.0,0.0,8.7,25.7,-0.1,0.0,-0.1,-0.053,-5.6,-4.2,-9.8,-0.2
295,Frank Kaminsky,26,PHO,C,39,13,777,8.4,18.7,0.45,2.5,7.6,0.331,5.9,11.2,0.53,0.516,3.7,5.5,0.678,2.1,8.6,10.7,4.6,0.9,0.6,2.3,4.6,23.0,110.0,112,,kaminfr01,14.2,0.545,0.404,0.293,4.9,20.4,12.6,14.3,0.9,1.1,9.6,21.0,0.7,0.7,1.4,0.087,-0.1,-0.4,-0.5,0.3
296,Thon Maker,22,DET,C,60,14,776,5.9,12.2,0.482,1.4,4.1,0.344,4.5,8.2,0.55,0.539,4.6,7.0,0.664,3.4,7.2,10.6,2.7,1.6,2.5,2.9,6.5,17.8,111.0,110,,makerth01,13.7,0.582,0.332,0.57,7.8,16.7,12.2,8.0,1.6,4.2,15.7,16.1,0.7,0.8,1.5,0.096,-2.1,0.7,-1.4,0.1
297,Patrick Patterson,30,LAC,PF,59,18,776,5.8,14.2,0.408,4.1,10.5,0.39,1.7,3.7,0.459,0.552,2.1,2.6,0.814,2.1,7.1,9.2,2.5,0.4,0.2,1.3,3.3,17.8,119.0,111,,pattepa01,11.5,0.58,0.738,0.185,4.8,15.1,10.1,7.2,0.4,0.3,7.7,14.7,1.1,0.8,1.9,0.118,0.8,-0.5,0.3,0.5
298,Dewayne Dedmon,30,2TM,C,44,18,774,6.3,15.8,0.4,1.4,6.6,0.206,5.0,9.2,0.541,0.443,1.9,2.2,0.833,3.7,11.7,15.4,1.4,1.5,2.5,3.5,8.2,15.9,90.0,108,,dedmode01,9.4,0.473,0.42,0.141,8.5,27.6,17.8,4.0,1.5,4.8,17.4,18.1,-1.0,1.0,0.1,0.005,-5.8,0.0,-5.8,-0.7
298,Dewayne Dedmon,30,SAC,C,34,10,541,6.2,15.3,0.404,1.3,6.4,0.197,4.9,9.0,0.55,0.444,2.1,2.5,0.821,4.1,10.9,15.0,1.3,1.3,2.3,4.2,8.3,15.7,89.0,108,,dedmode01,8.5,0.477,0.415,0.164,9.3,25.8,17.4,3.9,1.3,4.6,20.4,18.5,-0.8,0.7,-0.1,-0.007,-6.3,-0.1,-6.4,-0.6
298,Dewayne Dedmon,30,ATL,C,10,8,233,6.6,16.8,0.393,1.6,7.2,0.222,5.0,9.6,0.521,0.44,1.4,1.6,0.875,2.8,13.6,16.4,1.4,2.0,3.0,2.0,8.0,16.2,94.0,107,,dedmode01,11.4,0.463,0.429,0.095,6.4,31.8,18.9,4.3,2.0,5.4,10.3,17.4,-0.2,0.3,0.2,0.032,-4.6,0.1,-4.5,-0.1
299,Sterling Brown,24,MIL,SF,52,1,767,5.7,15.2,0.371,2.6,8.1,0.324,3.0,7.1,0.425,0.457,1.9,2.4,0.8,1.8,9.0,10.9,3.0,1.7,0.4,2.5,3.2,15.8,97.0,103,,brownst02,9.5,0.486,0.531,0.156,4.3,18.5,11.8,8.6,1.7,0.8,13.3,17.0,-0.4,1.5,1.1,0.07,-3.0,1.0,-2.0,0.0
300,Sekou Doumbouya,19,DET,PF,38,19,754,6.0,15.4,0.39,1.8,6.4,0.286,4.2,9.0,0.464,0.449,2.0,3.0,0.674,1.3,6.4,7.7,1.2,1.3,0.5,2.3,5.2,15.9,90.0,114,,doumbse01,6.2,0.474,0.415,0.195,3.0,14.9,8.9,3.6,1.3,0.9,12.0,16.9,-0.8,0.5,-0.3,-0.02,-5.2,-1.4,-6.7,-0.9
301,Keita Bates-Diop,24,2TM,SF,44,0,744,6.3,14.7,0.427,2.1,6.5,0.33,4.2,8.2,0.504,0.5,3.4,4.7,0.72,1.6,6.4,8.0,1.9,1.2,1.5,1.1,2.7,18.1,111.0,113,,bateske01,12.4,0.539,0.44,0.321,3.5,15.1,9.1,5.8,1.2,2.7,6.0,15.8,0.6,0.6,1.2,0.078,-1.0,-0.4,-1.4,0.1
301,Keita Bates-Diop,24,MIN,PF,37,0,646,6.3,14.8,0.422,2.2,6.8,0.33,4.0,8.0,0.5,0.498,3.3,4.7,0.708,1.5,6.4,7.9,2.2,1.2,1.4,1.0,2.6,18.0,111.0,113,,bateske01,12.5,0.535,0.456,0.316,3.3,15.1,9.0,6.7,1.2,2.6,5.6,15.8,0.6,0.5,1.0,0.077,-0.8,-0.1,-0.9,0.2
301,Keita Bates-Diop,24,DEN,SF,7,0,98,6.6,14.1,0.464,1.5,4.5,0.333,5.0,9.6,0.526,0.518,4.0,5.0,0.8,2.0,6.6,8.6,0.0,1.0,2.0,1.5,3.5,18.7,111.0,111,,bateske01,12.1,0.571,0.321,0.357,4.6,14.8,9.7,0.0,1.0,3.8,8.5,15.7,0.1,0.1,0.2,0.084,-2.2,-2.8,-5.0,-0.1
302,Reggie Jackson,29,2TM,PG,31,16,743,8.7,21.2,0.411,3.7,9.4,0.393,5.0,11.8,0.425,0.498,2.9,3.5,0.833,1.1,4.9,6.0,8.2,0.8,0.3,3.3,3.8,24.0,108.0,114,,jacksre01,13.7,0.529,0.445,0.166,2.5,10.8,6.7,26.2,0.8,0.6,12.7,23.1,0.6,0.5,1.1,0.073,0.8,-1.2,-0.4,0.3
302,Reggie Jackson,29,DET,PG,14,10,381,9.8,25.6,0.384,4.0,10.6,0.378,5.8,15.0,0.388,0.462,3.4,4.3,0.788,1.4,3.9,5.3,9.3,1.0,0.1,3.0,2.7,27.0,106.0,117,,jacksre01,14.7,0.492,0.414,0.167,3.2,9.1,6.1,30.8,1.0,0.2,9.8,27.0,0.2,0.1,0.4,0.047,1.7,-2.2,-0.5,0.1
302,Reggie Jackson,29,LAC,PG,17,6,362,7.6,16.7,0.453,3.4,8.2,0.413,4.2,8.5,0.492,0.555,2.5,2.7,0.905,0.8,5.9,6.7,7.1,0.7,0.5,3.7,5.0,21.0,111.0,111,,jacksre01,12.6,0.587,0.492,0.164,1.8,12.6,7.3,21.3,0.7,1.0,16.9,19.1,0.4,0.4,0.8,0.1,-0.1,-0.2,-0.3,0.2
303,Wilson Chandler,32,BRK,PF,35,3,734,4.8,11.8,0.404,2.4,7.8,0.306,2.4,4.0,0.597,0.505,1.3,1.5,0.87,0.7,8.6,9.3,2.5,1.0,0.8,2.2,5.1,13.2,99.0,110,,chandwi01,7.4,0.531,0.661,0.126,1.6,18.5,10.2,7.3,1.0,1.4,15.0,12.9,-0.1,0.9,0.7,0.046,-3.7,1.0,-2.7,-0.1
304,Elie Okobo,22,PHO,PG,55,3,719,4.7,11.9,0.398,1.6,4.7,0.352,3.1,7.2,0.427,0.467,3.3,4.7,0.704,1.1,4.9,5.9,7.6,1.6,0.3,2.5,3.6,14.4,109.0,113,,okoboel01,10.6,0.516,0.392,0.392,2.4,11.6,6.9,21.2,1.6,0.5,15.2,14.8,0.5,0.5,1.0,0.067,-1.9,0.0,-1.9,0.0
305,Grayson Allen,24,MEM,SG,38,0,718,7.6,16.3,0.466,3.7,9.2,0.404,3.9,7.2,0.545,0.58,2.5,2.9,0.867,0.5,5.0,5.5,3.4,0.7,0.1,2.1,3.4,21.5,114.0,115,,allengr01,12.0,0.609,0.562,0.179,1.2,11.1,6.2,10.0,0.7,0.2,10.9,17.6,0.8,0.4,1.2,0.082,-0.1,-1.2,-1.3,0.1
306,Bruno Fernando,21,ATL,C,56,13,713,6.7,13.0,0.518,0.3,2.4,0.135,6.4,10.6,0.605,0.53,1.9,3.3,0.569,4.4,8.6,12.9,3.2,1.2,1.1,2.7,7.0,15.7,107.0,114,,fernabr01,11.9,0.542,0.186,0.256,10.0,20.0,15.0,9.9,1.2,2.0,15.9,15.3,0.4,0.4,0.8,0.055,-3.2,-0.9,-4.1,-0.4
307,Tyler Johnson,27,2TM,SG,39,7,709,6.5,16.7,0.388,2.5,7.9,0.319,3.9,8.8,0.45,0.464,2.8,3.3,0.84,1.2,3.9,5.1,4.9,1.1,0.6,1.9,3.9,18.3,105.0,114,,johnsty01,10.1,0.504,0.476,0.2,2.7,8.9,5.8,14.8,1.1,1.1,9.6,18.0,0.3,0.5,0.7,0.05,-2.0,-0.9,-2.9,-0.2
307,Tyler Johnson,27,PHO,PG,31,3,515,6.0,15.7,0.38,2.2,7.6,0.289,3.8,8.1,0.466,0.45,2.2,2.9,0.75,0.9,3.9,4.8,4.6,1.1,0.7,2.2,4.0,16.4,98.0,114,,johnsty01,8.1,0.481,0.485,0.187,2.1,9.2,5.6,13.3,1.1,1.4,11.5,17.3,-0.2,0.3,0.2,0.014,-3.0,-0.6,-3.6,-0.2
307,Tyler Johnson,27,BRK,SG,8,4,194,7.8,19.3,0.405,3.4,8.8,0.389,4.4,10.5,0.419,0.494,4.4,4.4,1.0,2.0,3.9,5.9,5.9,1.0,0.2,1.2,3.7,23.4,121.0,113,,johnsty01,15.6,0.552,0.456,0.228,4.4,8.4,6.4,18.6,1.0,0.4,5.4,19.8,0.4,0.1,0.6,0.144,0.6,-1.7,-1.1,0.0
308,Dwayne Bacon,24,CHO,SG,39,11,687,6.2,17.8,0.348,1.4,4.9,0.284,4.8,12.9,0.373,0.387,2.6,3.9,0.66,1.1,6.2,7.3,3.8,1.7,0.1,2.7,3.8,16.3,86.0,114,,bacondw01,6.1,0.419,0.275,0.217,2.3,14.0,7.9,11.7,1.7,0.3,12.2,19.5,-1.2,0.4,-0.8,-0.053,-5.9,-0.9,-6.8,-0.8
309,Rodions Kurucs,21,BRK,PF,47,9,684,5.5,12.2,0.446,2.3,6.2,0.367,3.2,6.0,0.529,0.54,1.7,2.6,0.632,1.7,7.7,9.5,3.5,1.7,0.3,3.2,6.2,14.9,101.0,109,,kurucro01,8.9,0.555,0.508,0.215,3.9,16.6,10.4,10.4,1.7,0.6,19.2,14.7,-0.1,0.8,0.8,0.055,-3.6,0.9,-2.8,-0.1
310,Reggie Bullock,28,NYK,SG,29,19,684,6.4,15.9,0.402,2.6,7.9,0.333,3.8,8.0,0.469,0.484,1.2,1.5,0.81,0.9,3.9,4.8,3.0,1.8,0.2,1.4,4.0,16.7,105.0,115,,bullore01,9.3,0.502,0.496,0.094,2.0,8.8,5.3,8.8,1.8,0.4,7.5,15.6,0.2,0.3,0.5,0.036,-2.8,-0.3,-3.0,-0.2
311,Raul Neto,27,PHI,PG,54,3,668,7.3,16.1,0.455,2.5,6.4,0.386,4.9,9.7,0.5,0.532,2.8,3.4,0.83,0.8,3.6,4.4,6.9,1.7,0.4,3.4,3.6,20.0,109.0,111,,netora01,12.7,0.567,0.396,0.212,1.8,8.3,5.0,20.3,1.7,0.8,16.2,18.7,0.5,0.6,1.2,0.083,-1.2,-0.6,-1.8,0.0
312,Zion Williamson,19,NOP,PF,24,24,668,14.5,24.9,0.583,0.4,1.0,0.429,14.1,24.0,0.59,0.592,7.9,12.3,0.64,4.4,6.0,10.4,3.5,1.1,0.6,4.1,2.9,37.4,115.0,114,ROY-3,willizi01,24.1,0.616,0.039,0.494,10.1,13.7,11.9,13.3,1.1,1.1,11.9,30.5,1.5,0.4,2.0,0.141,3.5,-1.4,2.1,0.7
313,Harry Giles,21,SAC,C,46,17,667,10.1,18.3,0.554,0.0,0.1,0.0,10.1,18.1,0.558,0.554,2.8,3.6,0.776,3.1,10.5,13.7,4.4,1.6,1.3,3.2,8.7,23.0,111.0,109,,gilesha01,16.4,0.58,0.008,0.195,7.1,25.1,15.9,14.2,1.6,2.6,13.9,20.6,0.8,0.8,1.6,0.112,-2.2,0.9,-1.3,0.1
314,Tony Bradley,22,UTA,C,58,3,663,9.2,13.9,0.667,0.2,0.2,1.0,9.0,13.7,0.661,0.675,2.2,3.4,0.652,8.1,11.5,19.6,1.7,1.0,2.4,2.2,8.4,20.9,135.0,106,,bradlto01,21.7,0.681,0.016,0.243,19.1,25.0,22.2,5.4,1.0,4.1,12.5,15.8,2.2,1.1,3.3,0.236,1.0,0.3,1.3,0.6
315,Kyrie Irving,27,BRK,PG,20,20,658,14.3,29.9,0.478,4.0,10.2,0.394,10.3,19.7,0.522,0.546,6.8,7.3,0.922,1.6,5.8,7.4,9.2,1.9,0.7,3.7,3.8,39.4,119.0,109,,irvinky01,26.2,0.595,0.341,0.245,3.5,12.5,8.1,36.7,1.9,1.3,10.1,32.6,2.1,0.8,2.9,0.21,6.7,0.9,7.7,1.6
316,Allen Crabbe,27,2TM,SF,37,1,653,4.5,12.6,0.356,2.6,8.5,0.303,1.9,4.1,0.466,0.458,0.7,1.0,0.714,0.8,4.7,5.5,2.4,1.1,0.3,1.2,3.4,12.3,97.0,117,,crabbal01,6.0,0.47,0.672,0.079,1.8,11.0,6.3,6.8,1.1,0.5,8.5,12.7,-0.2,0.2,-0.1,-0.007,-3.7,-1.5,-5.3,-0.5
316,Allen Crabbe,27,ATL,SG,28,1,522,4.6,12.8,0.364,2.7,8.3,0.323,2.0,4.5,0.44,0.469,0.8,1.1,0.75,0.9,4.9,5.8,2.5,1.3,0.4,1.1,3.2,12.8,100.0,117,,crabbal01,7.2,0.482,0.65,0.084,2.0,11.5,6.7,7.3,1.3,0.6,7.5,12.7,-0.1,0.1,0.1,0.009,-3.1,-1.1,-4.1,-0.3
316,Allen Crabbe,27,MIN,SF,9,0,131,3.9,12.0,0.324,2.1,9.2,0.231,1.8,2.8,0.625,0.412,0.4,0.7,0.5,0.4,3.9,4.3,1.8,0.0,0.0,1.8,3.9,10.3,81.0,119,,crabbal01,1.1,0.416,0.765,0.059,0.8,9.2,4.8,5.1,0.0,0.0,12.5,12.5,-0.2,0.0,-0.2,-0.068,-6.4,-3.3,-9.7,-0.3
317,Rodney Hood,27,POR,SF,21,21,619,6.7,13.2,0.506,2.7,5.5,0.493,4.0,7.8,0.515,0.608,1.6,2.1,0.778,0.8,4.8,5.5,2.5,1.3,0.3,1.5,3.5,17.7,121.0,117,,hoodro01,12.2,0.625,0.413,0.157,1.7,10.4,6.1,7.0,1.3,0.6,9.4,13.9,0.9,0.2,1.1,0.084,-0.4,-0.5,-0.9,0.2
318,James Johnson,32,2TM,PF,32,1,619,7.9,16.5,0.479,2.5,7.0,0.363,5.4,9.5,0.565,0.556,2.4,3.7,0.646,1.9,7.1,9.1,5.7,1.9,2.5,3.7,6.1,20.7,107.0,108,,johnsja01,14.8,0.572,0.423,0.223,4.3,16.3,10.3,18.4,1.9,4.6,16.9,19.4,0.3,0.8,1.1,0.089,-1.1,1.2,0.0,0.3
318,James Johnson,32,MIA,PF,18,0,281,6.8,15.1,0.448,2.8,7.8,0.356,4.0,7.3,0.548,0.54,1.4,2.4,0.571,1.4,7.6,9.0,3.6,1.0,2.3,2.6,5.9,17.7,103.0,109,,johnsja01,11.1,0.547,0.517,0.161,3.3,16.9,10.4,11.1,1.0,4.6,13.9,17.0,0.0,0.4,0.4,0.065,-2.6,0.8,-1.8,0.0
318,James Johnson,32,MIN,C,14,1,338,8.8,17.6,0.5,2.3,6.3,0.37,6.5,11.3,0.573,0.566,3.2,4.7,0.676,2.3,6.7,9.1,7.3,2.6,2.6,4.5,6.3,23.1,109.0,108,,johnsja01,17.9,0.588,0.359,0.266,5.1,15.9,10.3,24.4,2.6,4.7,18.8,21.4,0.3,0.4,0.8,0.109,0.1,1.5,1.6,0.3
319,Daniel Gafford,21,CHI,C,43,7,609,7.4,10.6,0.701,0.0,0.0,,7.4,10.6,0.701,0.701,2.5,4.7,0.533,4.1,4.3,8.4,1.7,1.0,4.4,2.3,7.8,17.4,124.0,109,,gaffoda01,16.2,0.686,0.0,0.448,9.0,10.3,9.6,5.2,1.0,8.7,15.3,13.3,1.1,0.8,1.9,0.146,-2.8,1.5,-1.3,0.1
320,John Henson,29,2TM,C,40,8,600,7.7,13.9,0.556,0.7,2.9,0.222,7.1,11.0,0.644,0.579,1.9,3.7,0.5,3.7,9.4,13.2,4.4,2.0,3.4,2.9,6.3,18.0,112.0,109,,hensojo01,17.0,0.578,0.211,0.269,8.5,21.8,15.1,13.4,2.0,6.0,15.8,16.3,0.6,0.8,1.4,0.109,-1.2,2.1,0.9,0.4
320,John Henson,29,CLE,C,29,2,412,7.2,14.2,0.508,0.7,3.7,0.194,6.5,10.5,0.618,0.533,2.0,3.9,0.515,3.8,9.7,13.5,5.1,1.9,3.8,2.5,6.5,17.1,112.0,109,,hensojo01,16.9,0.539,0.258,0.275,8.5,22.3,15.4,15.2,1.9,6.7,13.5,16.1,0.4,0.5,0.9,0.109,-1.2,2.2,1.1,0.3
320,John Henson,29,DET,C,11,6,188,8.9,13.3,0.667,0.5,1.3,0.4,8.4,12.0,0.696,0.686,1.6,3.4,0.462,3.7,8.9,12.6,2.9,2.1,2.6,3.9,6.0,19.9,112.0,108,,hensojo01,17.1,0.67,0.098,0.255,8.3,20.8,14.5,9.3,2.1,4.5,20.9,16.7,0.2,0.2,0.4,0.11,-1.2,1.7,0.5,0.1
321,Alfonzo McKinnie,27,CLE,SF,40,1,593,6.0,14.0,0.427,1.1,5.3,0.215,4.8,8.7,0.557,0.468,1.8,2.5,0.71,3.0,6.2,9.3,1.1,1.9,0.7,2.1,5.9,14.9,99.0,115,,mckinal01,8.7,0.493,0.38,0.181,6.9,14.4,10.6,3.3,1.9,1.2,12.3,15.2,-0.2,0.3,0.2,0.014,-4.4,-0.9,-5.3,-0.5
322,Nickeil Alexander-Walker,21,NOP,SG,47,1,591,7.7,20.8,0.368,3.6,10.4,0.346,4.1,10.4,0.391,0.455,2.0,2.9,0.676,0.7,5.9,6.6,7.0,1.3,0.6,4.2,4.5,20.9,93.0,113,,alexani01,8.9,0.473,0.5,0.139,1.6,13.5,7.5,21.1,1.3,1.1,16.1,23.3,-0.7,0.4,-0.2,-0.02,-3.2,-1.4,-4.6,-0.4
323,Jordan McLaughlin,23,MIN,PG,30,2,590,6.8,14.0,0.489,2.3,6.0,0.382,4.6,8.0,0.569,0.57,2.0,3.1,0.667,0.6,3.3,3.9,9.8,2.7,0.3,2.4,2.4,18.0,121.0,113,,mclaujo01,16.3,0.587,0.427,0.219,1.2,7.8,4.4,31.0,2.7,0.6,13.7,15.8,1.1,0.4,1.6,0.13,0.3,0.0,0.3,0.3
324,Nassir Little,19,POR,PF,48,5,573,5.4,12.6,0.43,1.2,4.9,0.237,4.2,7.7,0.554,0.477,2.3,3.7,0.636,2.6,6.4,9.0,1.8,1.1,1.2,1.2,6.0,14.3,108.0,116,,littlna01,9.6,0.505,0.391,0.291,5.7,13.9,9.9,5.0,1.1,2.1,8.1,13.7,0.3,0.3,0.6,0.047,-2.9,-0.6,-3.5,-0.2
325,Mike Muscala,28,OKC,C,47,2,572,6.5,16.1,0.407,4.6,12.1,0.378,2.0,3.9,0.5,0.55,1.5,1.9,0.818,1.4,7.8,9.2,3.4,0.8,1.0,1.4,4.9,19.2,114.0,110,,muscami01,12.5,0.569,0.757,0.116,3.2,17.3,10.4,10.1,0.8,1.8,7.9,16.6,0.7,0.6,1.3,0.107,0.1,-0.2,-0.1,0.3
326,Skal Labissière,23,POR,C,33,1,567,6.8,12.4,0.551,0.3,1.1,0.231,6.6,11.3,0.582,0.561,2.1,2.8,0.758,5.5,8.7,14.2,3.5,0.6,2.6,2.5,7.5,16.0,121.0,113,,labissk01,15.4,0.588,0.088,0.224,12.1,19.0,15.6,10.1,0.6,4.7,15.7,14.3,1.0,0.4,1.4,0.119,-1.5,0.2,-1.3,0.1
327,Gary Clark,25,2TM,PF,42,5,567,4.5,11.2,0.406,3.3,9.3,0.351,1.3,1.9,0.682,0.553,0.8,0.8,0.9,3.1,6.1,9.3,1.4,0.5,1.9,0.8,3.9,13.1,120.0,112,,clarkga01,10.7,0.568,0.835,0.075,6.8,14.0,10.3,4.1,0.5,3.4,6.8,11.0,0.7,0.5,1.2,0.1,-0.9,-0.9,-1.9,0.0
327,Gary Clark,25,HOU,PF,18,0,212,5.0,12.9,0.39,3.9,11.1,0.353,1.1,1.7,0.625,0.542,1.3,1.5,0.857,2.4,6.3,8.7,2.6,0.4,1.5,0.4,4.6,15.3,126.0,113,,clarkga01,11.8,0.564,0.864,0.119,5.4,14.5,9.9,7.7,0.4,2.8,3.1,12.5,0.4,0.2,0.5,0.123,0.3,-0.9,-0.6,0.1
327,Gary Clark,25,ORL,SF,24,5,355,4.3,10.1,0.419,2.9,8.2,0.35,1.4,1.9,0.714,0.561,0.4,0.4,1.0,3.6,6.0,9.6,0.7,0.5,2.1,1.1,3.4,11.8,116.0,111,,clarkga01,10.1,0.571,0.811,0.041,7.6,13.8,10.6,1.9,0.5,3.8,9.6,10.1,0.3,0.3,0.6,0.087,-1.7,-0.9,-2.6,-0.1
328,Luke Kornet,24,CHI,C,36,14,559,7.1,16.1,0.439,2.7,9.3,0.287,4.4,6.8,0.646,0.521,1.7,2.4,0.714,1.9,5.3,7.2,2.8,0.9,2.2,1.2,4.7,18.5,112.0,111,,kornelu01,12.7,0.539,0.578,0.15,4.1,12.9,8.3,8.5,0.9,4.4,6.6,16.3,0.5,0.6,1.1,0.091,-0.9,-0.2,-1.2,0.1
329,Wayne Ellington,32,NYK,SG,36,1,558,5.3,15.2,0.351,4.4,12.5,0.35,1.0,2.7,0.355,0.494,1.0,1.1,0.846,0.3,5.3,5.7,3.8,1.1,0.3,1.6,3.6,16.0,105.0,116,,ellinwa01,8.5,0.509,0.822,0.075,0.7,12.0,6.2,11.0,1.1,0.7,9.1,15.0,0.2,0.2,0.4,0.035,-1.9,-1.0,-2.9,-0.1
330,Dennis Smith Jr.,22,NYK,PG,34,3,537,6.5,19.1,0.341,1.5,4.9,0.296,5.1,14.2,0.357,0.379,2.4,4.8,0.509,1.9,5.2,7.1,8.9,2.5,0.7,5.3,5.9,17.0,84.0,112,,smithde03,7.4,0.399,0.256,0.251,4.1,11.7,7.7,26.4,2.5,1.4,19.8,23.1,-1.4,0.5,-0.9,-0.079,-5.2,-0.9,-6.1,-0.6
331,Troy Daniels,28,2TM,SG,47,0,532,6.5,16.7,0.387,4.1,11.9,0.348,2.3,4.9,0.481,0.511,0.9,1.4,0.625,1.1,3.6,4.7,1.5,1.0,0.3,1.1,3.3,18.0,105.0,112,,danietr01,8.4,0.518,0.71,0.086,2.5,8.2,5.4,4.3,1.0,0.5,5.9,16.3,0.1,0.5,0.6,0.056,-1.7,-1.2,-2.9,-0.1
331,Troy Daniels,28,LAL,SG,41,0,456,6.5,16.5,0.392,4.2,11.7,0.357,2.3,4.8,0.478,0.519,1.0,1.7,0.625,1.3,3.5,4.8,1.5,0.8,0.3,0.9,3.1,18.1,108.0,112,,danietr01,9.0,0.527,0.709,0.101,2.9,8.1,5.5,4.1,0.8,0.6,5.2,16.1,0.2,0.4,0.7,0.069,-1.2,-1.1,-2.2,0.0
331,Troy Daniels,28,DEN,SG,6,0,76,6.5,18.2,0.357,3.9,13.0,0.3,2.6,5.2,0.5,0.464,0.0,0.0,,0.0,3.9,3.9,2.0,2.0,0.0,2.0,4.6,16.9,89.0,113,,danietr01,5.3,0.464,0.714,0.0,0.0,8.8,4.4,5.4,2.0,0.0,9.7,17.7,-0.1,0.1,0.0,-0.025,-4.8,-2.4,-7.2,-0.1
332,Yogi Ferrell,26,SAC,PG,50,0,530,7.2,17.2,0.42,2.2,7.2,0.304,5.0,10.0,0.505,0.484,3.3,3.8,0.857,0.5,3.9,4.5,6.3,1.6,0.4,2.6,3.5,20.0,107.0,114,,ferreyo01,12.2,0.528,0.42,0.223,1.2,9.4,5.2,18.8,1.6,0.7,11.9,19.2,0.3,0.3,0.7,0.06,-1.5,-0.3,-1.8,0.0
333,Victor Oladipo,27,IND,SG,19,16,528,8.9,22.6,0.394,3.0,9.6,0.317,5.9,13.0,0.451,0.461,4.4,5.4,0.814,0.8,6.1,6.9,5.1,1.6,0.4,4.3,3.3,25.3,94.0,110,,oladivi01,11.3,0.506,0.423,0.24,1.9,13.6,7.8,15.4,1.6,0.7,14.7,26.5,-0.6,0.6,0.0,0.002,-2.2,-1.1,-3.3,-0.2
334,Chandler Hutchison,23,CHI,SF,28,10,527,7.3,16.0,0.457,1.1,3.5,0.316,6.2,12.5,0.496,0.491,4.2,7.1,0.59,1.6,8.2,9.9,2.4,2.5,0.6,2.5,4.3,19.9,101.0,108,,hutchch01,12.4,0.521,0.217,0.446,3.6,19.8,11.3,7.4,2.5,1.3,11.4,19.1,0.0,0.7,0.7,0.06,-2.7,0.1,-2.6,-0.1
335,Trey Burke,27,2TM,PG,33,1,520,8.8,19.5,0.45,3.0,7.0,0.427,5.8,12.5,0.463,0.526,2.1,2.7,0.793,1.5,3.2,4.7,7.7,1.5,0.2,2.0,3.1,22.6,117.0,113,,burketr01,15.6,0.548,0.359,0.139,3.4,7.0,5.2,23.7,1.5,0.3,8.7,20.0,1.0,0.4,1.3,0.123,0.8,-1.0,-0.2,0.2
335,Trey Burke,27,PHI,PG,25,0,329,8.7,18.7,0.465,2.4,5.6,0.421,6.3,13.1,0.483,0.528,1.9,2.7,0.722,2.2,2.9,5.2,7.8,1.0,0.1,1.8,3.1,21.7,119.0,114,,burketr01,15.4,0.545,0.299,0.142,5.0,6.7,5.9,23.9,1.0,0.3,8.2,19.2,0.6,0.2,0.9,0.127,0.7,-1.2,-0.5,0.1
335,Trey Burke,27,DAL,PG,8,1,191,8.9,20.7,0.427,4.0,9.4,0.432,4.8,11.4,0.422,0.524,2.5,2.8,0.909,0.3,3.5,3.8,7.6,2.3,0.3,2.3,3.0,24.3,115.0,113,,burketr01,16.0,0.553,0.451,0.134,0.6,7.6,4.1,23.2,2.3,0.4,9.4,21.4,0.3,0.2,0.5,0.117,1.0,-0.8,0.2,0.1
336,Blake Griffin,30,DET,PF,18,18,512,8.5,24.0,0.352,2.6,10.7,0.243,5.9,13.4,0.439,0.406,7.3,9.4,0.776,1.6,6.4,8.1,5.7,0.7,0.7,3.8,2.6,26.8,97.0,115,,griffbl01,11.9,0.476,0.444,0.392,3.7,15.0,9.3,18.0,0.7,1.1,12.0,28.4,-0.4,0.3,-0.1,-0.012,-1.7,-2.6,-4.3,-0.3
337,Quinn Cook,26,LAL,PG,44,1,508,8.5,20.0,0.425,2.9,8.0,0.365,5.6,12.1,0.465,0.498,1.0,1.3,0.786,1.0,3.7,4.8,4.6,1.1,0.2,3.1,2.5,21.0,99.0,111,,cookqu01,10.0,0.509,0.397,0.065,2.4,8.5,5.5,13.8,1.1,0.4,13.0,21.0,-0.2,0.5,0.3,0.03,-2.3,-1.4,-3.8,-0.2
338,Jake Layman,25,MIN,SF,23,2,505,7.4,16.5,0.453,2.2,6.6,0.333,5.2,9.8,0.533,0.52,2.2,2.9,0.75,1.6,3.7,5.2,1.4,1.6,0.9,2.2,4.3,19.3,102.0,114,,laymaja01,10.3,0.544,0.402,0.179,3.4,8.7,6.0,4.4,1.6,1.6,11.1,17.7,0.0,0.3,0.3,0.03,-2.8,-0.9,-3.7,-0.2
339,Nicolas Batum,31,CHO,SF,22,3,505,2.8,8.0,0.346,1.4,4.9,0.286,1.4,3.2,0.438,0.432,0.9,1.0,0.9,2.5,7.4,9.9,6.5,1.7,0.8,2.2,4.1,7.8,107.0,112,,batumni01,9.2,0.463,0.605,0.123,5.2,16.8,10.8,18.3,1.7,1.5,20.5,9.4,0.2,0.4,0.6,0.055,-2.8,0.9,-1.9,0.0
340,Kelan Martin,24,MIN,SF,31,4,495,6.7,17.0,0.392,2.3,9.0,0.26,4.3,8.0,0.541,0.461,2.8,2.9,0.968,1.1,7.9,9.0,2.2,0.7,0.8,1.9,4.8,18.5,100.0,114,,martike03,9.2,0.506,0.53,0.171,2.5,18.6,10.2,6.8,0.7,1.5,9.3,17.8,-0.1,0.3,0.2,0.023,-3.3,-1.0,-4.3,-0.3
341,Naz Reid,20,MIN,C,30,11,495,9.4,22.8,0.412,3.0,9.1,0.33,6.4,13.7,0.466,0.477,3.5,5.0,0.698,3.2,8.4,11.6,3.3,1.8,2.1,2.1,7.8,25.2,105.0,110,,reidna01,15.3,0.505,0.399,0.218,7.0,19.9,13.2,11.2,1.8,3.7,7.6,24.0,0.2,0.6,0.8,0.074,-1.6,-0.3,-1.9,0.0
342,Denzel Valentine,26,CHI,SF,36,5,488,9.6,23.4,0.409,4.5,13.5,0.336,5.0,9.9,0.51,0.506,0.6,0.8,0.75,0.9,6.4,7.3,4.2,2.6,0.6,2.6,5.0,24.3,100.0,109,,valende01,13.0,0.511,0.578,0.034,1.9,15.5,8.4,14.2,2.6,1.2,9.8,23.3,-0.1,0.6,0.5,0.048,-0.8,0.2,-0.6,0.2
343,Džanan Musa,20,BRK,SF,40,0,487,6.2,16.7,0.372,1.8,7.6,0.244,4.4,9.1,0.479,0.427,4.4,5.8,0.75,2.0,6.3,8.4,4.2,1.5,0.1,3.5,2.9,18.7,96.0,111,,musadz01,9.4,0.484,0.453,0.349,4.6,13.5,9.1,12.6,1.5,0.2,15.4,20.1,-0.3,0.5,0.2,0.016,-3.5,-0.9,-4.4,-0.3
344,Dante Exum,24,2TM,SG,35,1,485,5.6,11.9,0.471,1.5,4.3,0.349,4.1,7.6,0.539,0.534,3.2,4.3,0.744,1.2,5.5,6.7,4.0,1.3,0.8,3.1,3.8,16.0,106.0,115,,exumda01,10.3,0.576,0.361,0.361,2.7,12.6,7.7,11.5,1.3,1.4,18.4,15.0,0.2,0.2,0.4,0.043,-2.5,-0.4,-2.9,-0.1
344,Dante Exum,24,UTA,SG,11,0,83,5.9,13.5,0.435,1.2,3.5,0.333,4.7,10.0,0.471,0.478,1.2,1.2,1.0,1.8,5.3,7.0,4.1,0.6,1.2,5.9,4.7,14.1,83.0,112,,exumda01,4.8,0.503,0.261,0.087,4.1,11.5,8.0,11.9,0.6,2.0,29.5,17.8,-0.2,0.1,-0.1,-0.056,-5.2,-0.5,-5.7,-0.1
344,Dante Exum,24,CLE,SG,24,1,402,5.6,11.6,0.479,1.6,4.5,0.351,4.0,7.1,0.559,0.547,3.6,5.0,0.732,1.1,5.6,6.7,4.0,1.5,0.7,2.5,3.6,16.3,112.0,116,,exumda01,11.5,0.592,0.385,0.427,2.5,12.8,7.6,11.4,1.5,1.3,15.6,14.4,0.4,0.2,0.5,0.063,-2.0,-0.4,-2.4,0.0
345,Marko Gudurić,24,MEM,SG,44,0,484,6.0,15.1,0.395,2.4,8.0,0.301,3.6,7.1,0.5,0.475,2.3,2.5,0.923,1.4,5.7,7.0,4.3,1.2,0.8,3.5,3.3,16.7,97.0,112,,gudurma01,8.8,0.514,0.529,0.166,3.1,12.6,7.9,12.3,1.2,1.4,17.6,17.6,-0.3,0.4,0.1,0.014,-2.7,-0.7,-3.4,-0.2
346,Shaquille Harrison,26,CHI,SG,43,10,484,7.7,16.4,0.467,1.6,4.2,0.381,6.1,12.2,0.496,0.515,3.9,5.0,0.78,2.2,6.4,8.6,4.9,3.4,1.9,1.9,5.5,20.8,116.0,105,,harrish01,17.8,0.559,0.255,0.303,4.8,15.3,9.8,15.3,3.4,3.7,9.2,18.1,0.7,0.8,1.5,0.153,0.4,2.4,2.8,0.6
347,Cheick Diallo,23,PHO,C,47,2,479,9.1,14.0,0.648,0.1,0.3,0.333,9.0,13.7,0.655,0.651,3.4,3.9,0.872,3.0,10.0,13.0,2.2,1.1,1.2,3.2,5.4,21.7,119.0,110,,diallch01,16.5,0.688,0.021,0.275,6.9,23.7,15.2,6.9,1.1,2.2,16.7,17.0,0.8,0.5,1.3,0.132,-1.1,-0.2,-1.3,0.1
348,Goga Bitadze,20,IND,C,54,2,471,7.2,15.5,0.467,0.8,4.3,0.19,6.4,11.1,0.574,0.493,2.5,3.4,0.727,2.6,8.3,10.9,2.4,1.0,3.8,2.9,6.7,17.7,99.0,105,,bitadgo01,12.1,0.523,0.28,0.22,5.9,18.7,12.3,6.7,1.0,6.9,14.5,17.9,-0.1,0.8,0.7,0.067,-4.1,1.8,-2.3,0.0
349,JaKarr Sampson,26,IND,PF,34,12,471,7.0,11.8,0.591,0.2,1.3,0.154,6.8,10.5,0.647,0.6,1.9,2.8,0.667,2.1,7.0,9.1,2.2,1.6,1.2,1.5,6.6,16.1,118.0,108,,sampsja02,12.6,0.615,0.113,0.235,4.7,15.7,10.2,6.1,1.6,2.2,10.6,13.2,0.6,0.7,1.2,0.124,-2.8,1.4,-1.4,0.1
350,Javonte Green,26,BOS,SG,48,2,468,6.5,13.0,0.5,0.9,3.4,0.273,5.6,9.6,0.581,0.536,2.9,4.3,0.667,2.5,7.1,9.6,2.7,2.5,0.8,2.4,4.4,16.8,110.0,106,,greenja02,13.1,0.564,0.262,0.333,5.6,15.6,10.6,7.7,2.5,1.6,13.7,15.3,0.4,0.8,1.1,0.113,-2.1,1.4,-0.7,0.2
351,Jahlil Okafor,24,NOP,C,30,9,467,10.0,16.1,0.623,0.1,0.3,0.333,9.9,15.8,0.629,0.627,4.0,6.1,0.645,4.8,7.8,12.6,3.7,0.7,2.2,3.8,6.6,24.1,117.0,112,,okafoja01,18.3,0.642,0.019,0.383,10.9,18.0,14.4,12.0,0.7,3.9,16.7,19.9,0.9,0.4,1.3,0.133,-0.5,0.3,-0.2,0.2
352,Brandon Knight,28,2TM,SG,25,3,462,6.2,17.7,0.353,4.8,13.9,0.344,1.5,3.8,0.389,0.488,2.1,3.6,0.588,0.4,3.9,4.3,7.3,1.1,0.3,4.0,4.2,19.4,98.0,117,,knighbr03,8.5,0.503,0.784,0.204,1.0,9.1,5.0,21.6,1.1,0.6,17.3,20.6,-0.2,0.1,-0.1,-0.01,-1.8,-2.6,-4.4,-0.3
352,Brandon Knight,28,CLE,SG,16,0,241,5.7,17.4,0.326,3.8,12.9,0.297,1.8,4.4,0.409,0.436,0.8,2.6,0.308,0.6,3.4,4.0,6.3,1.0,0.4,3.2,4.0,15.9,89.0,119,,knighbr03,5.4,0.431,0.744,0.151,1.4,7.9,4.6,18.0,1.0,0.7,14.9,19.1,-0.3,0.0,-0.3,-0.062,-3.8,-2.7,-6.5,-0.3
352,Brandon Knight,28,DET,PG,9,3,221,6.9,18.0,0.383,5.8,14.9,0.388,1.1,3.1,0.357,0.543,3.6,4.7,0.762,0.2,4.5,4.7,8.5,1.1,0.2,4.9,4.5,23.1,106.0,116,,knighbr03,11.9,0.576,0.827,0.259,0.5,10.4,5.4,25.6,1.1,0.4,19.6,22.2,0.1,0.1,0.2,0.046,0.5,-2.5,-2.0,0.0
353,J.J. Barea,35,DAL,PG,29,6,450,9.1,22.2,0.411,3.4,9.1,0.376,5.7,13.1,0.434,0.488,2.1,2.4,0.909,1.1,4.6,5.7,12.0,0.5,0.2,4.1,2.9,23.8,109.0,116,,bareajo01,14.6,0.512,0.411,0.106,2.4,9.9,6.2,37.1,0.5,0.4,14.9,24.2,0.5,0.2,0.7,0.072,1.6,-3.0,-1.4,0.1
354,Edmond Sumner,24,IND,SG,31,3,447,6.6,15.4,0.43,1.5,5.8,0.264,5.1,9.7,0.528,0.479,1.7,3.1,0.552,1.2,3.8,5.0,6.0,1.6,1.0,2.4,4.8,16.5,100.0,110,,sumneed01,10.1,0.491,0.373,0.204,2.7,8.5,5.6,16.7,1.6,1.8,12.4,17.3,-0.1,0.5,0.4,0.047,-3.1,0.2,-2.9,-0.1
355,Matt Thomas,25,TOR,SG,41,1,440,7.9,16.2,0.487,5.1,10.7,0.475,2.8,5.5,0.51,0.643,1.0,1.3,0.75,1.0,5.6,6.6,2.4,1.1,0.1,1.7,4.1,21.8,119.0,109,,thomama02,13.3,0.65,0.66,0.08,2.2,12.2,7.3,7.5,1.1,0.2,9.3,16.6,0.7,0.6,1.2,0.133,1.0,0.1,1.1,0.3
356,Anžejs Pasečņiks,24,WAS,C,27,0,437,6.5,12.4,0.526,0.0,0.3,0.0,6.5,12.1,0.54,0.526,3.6,6.2,0.586,4.5,7.0,11.4,1.9,1.0,1.3,2.6,8.0,16.7,109.0,116,,pasecan01,11.3,0.551,0.026,0.5,10.1,16.9,13.4,5.7,1.0,2.4,14.5,15.8,0.3,0.2,0.5,0.054,-4.1,-1.5,-5.6,-0.4
357,Thabo Sefolosha,35,HOU,PF,41,0,436,3.9,9.7,0.407,1.6,5.7,0.278,2.3,3.9,0.595,0.489,0.3,0.8,0.375,2.2,7.6,9.9,2.7,2.5,1.3,1.6,4.6,9.8,103.0,107,,sefolth01,9.4,0.487,0.593,0.088,5.0,17.5,11.2,7.5,2.5,2.4,13.7,10.4,0.0,0.6,0.7,0.072,-2.9,1.7,-1.2,0.1
358,Gary Payton II,27,WAS,SF,29,17,432,5.2,12.6,0.414,1.4,5.0,0.283,3.8,7.6,0.5,0.47,0.4,0.9,0.5,2.8,5.8,8.7,5.2,3.6,0.8,2.2,5.8,12.2,103.0,111,,paytoga02,11.3,0.473,0.397,0.069,6.3,14.2,10.1,14.8,3.6,1.4,14.3,13.4,0.0,0.4,0.5,0.051,-3.1,1.5,-1.6,0.0
359,Brandon Goodwin,24,ATL,PG,34,1,430,8.2,20.6,0.4,2.8,9.4,0.299,5.4,11.2,0.485,0.468,3.0,3.3,0.933,1.2,6.6,7.8,5.5,1.3,0.4,3.1,4.7,22.3,101.0,116,,goodwbr01,11.6,0.507,0.458,0.158,2.7,15.5,9.0,18.0,1.3,0.8,12.5,22.4,-0.1,0.2,0.1,0.013,-1.6,-1.3,-2.9,-0.1
360,Boban Marjanović,31,DAL,C,44,5,422,13.9,24.2,0.573,0.5,1.9,0.235,13.4,22.2,0.603,0.583,4.9,6.5,0.754,7.6,15.0,22.6,2.3,0.9,1.1,3.4,6.4,33.1,120.0,108,,marjabo01,25.7,0.612,0.081,0.27,16.6,32.1,24.5,8.3,0.9,2.0,11.3,26.9,1.2,0.6,1.8,0.2,2.8,-1.6,1.2,0.3
361,Andre Iguodala,36,MIA,SF,21,0,418,4.4,10.3,0.432,1.6,5.5,0.298,2.8,4.8,0.585,0.511,0.7,1.8,0.4,2.0,7.1,9.1,6.0,1.6,2.5,3.0,4.1,11.2,101.0,107,,iguodan01,10.5,0.507,0.534,0.17,4.7,15.7,10.4,16.9,1.6,5.0,21.6,12.7,0.0,0.6,0.6,0.065,-1.9,1.4,-0.5,0.2
362,Jacob Evans,22,2TM,SG,29,1,418,5.2,15.3,0.336,1.5,4.5,0.333,3.7,10.9,0.337,0.384,2.9,3.3,0.862,1.0,3.7,4.7,3.5,1.3,1.4,2.9,4.7,14.6,86.0,116,,evansja02,5.5,0.436,0.291,0.216,2.3,8.6,5.3,10.8,1.3,2.6,14.6,17.5,-0.7,0.2,-0.5,-0.056,-5.8,-1.3,-7.1,-0.5
362,Jacob Evans,22,GSW,SG,27,1,414,5.2,15.4,0.338,1.5,4.4,0.342,3.7,11.0,0.337,0.387,2.9,3.4,0.862,1.0,3.7,4.7,3.6,1.3,1.4,2.9,4.7,14.8,86.0,116,,evansja02,5.6,0.439,0.286,0.218,2.3,8.7,5.4,10.9,1.3,2.6,14.6,17.6,-0.6,0.2,-0.5,-0.054,-5.7,-1.2,-7.0,-0.5
362,Jacob Evans,22,MIN,SG,2,0,4,0.0,11.6,0.0,0.0,11.6,0.0,0.0,0.0,,0.0,0.0,0.0,,0.0,0.0,0.0,0.0,0.0,0.0,0.0,0.0,0.0,0.0,121,,evansja02,-9.6,0.0,1.0,0.0,0.0,0.0,0.0,0.0,0.0,0.0,0.0,10.3,0.0,0.0,0.0,-0.263,-10.5,-5.6,-16.1,0.0
363,PJ Dozier,23,DEN,SG,29,0,412,7.8,18.8,0.414,2.0,5.9,0.347,5.8,13.0,0.444,0.468,2.5,3.5,0.724,1.2,5.4,6.6,7.6,1.7,0.7,3.2,5.4,20.2,102.0,112,,doziepj01,11.6,0.495,0.312,0.185,2.7,12.2,7.5,21.6,1.7,1.3,13.7,20.8,0.0,0.4,0.4,0.044,-2.5,-1.2,-3.8,-0.2
364,Chris Chiozza,24,2TM,PG,28,2,401,6.5,16.5,0.393,3.2,8.5,0.375,3.3,8.0,0.412,0.489,0.6,0.6,1.0,1.1,5.2,6.2,9.8,2.5,0.5,3.8,4.3,16.7,103.0,111,,chiozch01,12.0,0.499,0.514,0.036,2.4,11.6,6.9,29.4,2.5,0.9,18.4,18.1,0.0,0.4,0.5,0.055,-1.6,0.5,-1.2,0.1
364,Chris Chiozza,24,WAS,PG,10,0,123,3.8,12.9,0.294,2.7,6.1,0.438,1.1,6.8,0.167,0.397,0.0,0.0,,0.0,5.7,5.7,10.6,3.8,0.8,3.4,4.6,10.3,91.0,111,,chiozch01,9.2,0.397,0.471,0.0,0.0,13.9,6.7,29.2,3.8,1.4,20.9,14.5,-0.1,0.1,0.0,-0.001,-3.6,2.2,-1.5,0.0
364,Chris Chiozza,24,BRK,PG,18,2,278,7.7,18.0,0.425,3.4,9.5,0.357,4.3,8.5,0.5,0.519,0.9,0.9,1.0,1.5,4.9,6.5,9.4,1.9,0.3,3.9,4.3,19.6,107.0,110,,chiozch01,13.2,0.531,0.528,0.047,3.4,10.6,7.1,29.5,1.9,0.6,17.5,19.7,0.2,0.3,0.5,0.08,-0.8,-0.3,-1.1,0.1
365,Robert Williams,22,BOS,C,29,1,388,8.0,10.9,0.727,0.0,0.0,,8.0,10.9,0.727,0.727,2.7,4.2,0.647,5.0,10.9,15.9,3.4,2.7,4.4,2.6,6.3,18.7,134.0,98,,williro04,23.1,0.728,0.0,0.386,11.2,24.0,17.7,10.1,2.7,8.4,16.9,13.6,1.1,1.0,2.0,0.253,0.8,4.3,5.1,0.7
366,Cristiano Felício,27,CHI,C,22,0,386,4.2,6.7,0.63,0.0,0.2,0.0,4.2,6.5,0.654,0.63,2.2,2.9,0.783,6.9,5.9,12.7,2.0,1.2,0.2,2.2,4.2,10.7,130.0,112,,feliccr01,12.8,0.671,0.037,0.426,15.0,14.1,14.6,5.7,1.2,0.5,21.9,9.1,0.7,0.3,1.0,0.126,-1.4,-1.7,-3.1,-0.1
367,Josh Jackson,22,MEM,SF,22,0,381,8.6,19.5,0.44,2.8,8.8,0.319,5.8,10.7,0.54,0.513,4.3,6.1,0.7,1.3,6.7,8.1,4.3,2.2,1.1,3.4,4.9,24.3,103.0,109,,jacksjo02,14.1,0.547,0.453,0.314,3.1,14.9,9.1,13.1,2.2,2.1,13.4,22.8,0.1,0.5,0.5,0.069,-1.0,1.1,0.1,0.2
368,Al-Farouq Aminu,29,ORL,PF,18,2,380,3.2,11.0,0.291,1.2,4.6,0.25,2.0,6.4,0.32,0.343,2.4,3.7,0.655,3.1,8.1,11.1,2.7,2.3,1.0,2.2,3.5,10.0,88.0,108,,aminual01,7.6,0.395,0.419,0.337,6.6,18.4,12.3,7.4,2.3,1.9,14.7,13.2,-0.4,0.5,0.1,0.014,-4.4,1.4,-3.0,-0.1
369,Noah Vonleh,24,2TM,C,36,1,377,6.4,11.4,0.565,0.4,1.9,0.2,6.1,9.5,0.636,0.582,3.1,4.0,0.781,4.6,10.8,15.3,3.5,1.4,0.7,2.6,4.9,16.3,121.0,111,,vonleno01,15.5,0.622,0.163,0.348,10.1,25.3,17.4,10.7,1.4,1.3,16.5,13.9,0.6,0.4,1.0,0.127,-1.2,0.3,-1.0,0.1
369,Noah Vonleh,24,MIN,C,29,1,347,6.3,11.5,0.547,0.3,1.9,0.143,6.0,9.6,0.625,0.558,3.1,3.7,0.821,4.5,11.0,15.5,3.5,1.5,0.8,2.5,4.8,15.9,119.0,111,,vonleno01,15.3,0.605,0.163,0.326,10.0,25.9,17.6,10.8,1.5,1.4,16.2,13.9,0.5,0.4,0.9,0.124,-1.5,0.4,-1.0,0.1
369,Noah Vonleh,24,DEN,C,7,0,30,8.2,9.9,0.833,1.6,1.6,1.0,6.6,8.2,0.8,0.917,3.3,6.6,0.5,4.9,8.2,13.2,3.3,0.0,0.0,3.3,6.6,21.4,136.0,115,,vonleno01,17.6,0.838,0.167,0.667,11.2,18.6,14.9,9.5,0.0,0.0,20.5,14.1,0.1,0.0,0.1,0.166,1.3,-1.9,-0.6,0.0
370,Willy Hernangómez,25,CHO,C,31,0,375,9.9,18.6,0.532,0.7,2.9,0.227,9.2,15.6,0.59,0.55,4.9,7.9,0.627,5.7,12.2,17.9,3.9,1.3,0.9,4.0,4.3,25.4,110.0,110,,hernawi01,19.2,0.576,0.158,0.424,12.1,27.5,19.5,13.5,1.3,1.7,15.4,22.9,0.4,0.4,0.8,0.107,0.6,-0.5,0.1,0.2
371,Romeo Langford,20,BOS,SG,32,2,370,3.7,10.4,0.35,0.7,3.5,0.185,3.0,6.9,0.434,0.381,2.3,3.3,0.72,2.0,3.4,5.3,1.7,1.0,1.0,1.4,4.3,10.3,95.0,111,,langfro01,5.4,0.434,0.338,0.313,4.4,7.4,5.9,4.5,1.0,2.0,10.8,11.8,-0.2,0.4,0.2,0.025,-4.7,-0.3,-4.9,-0.3
372,Admiral Schofield,22,WAS,PF,33,2,368,4.4,11.7,0.38,2.4,7.7,0.311,2.0,3.9,0.516,0.484,1.3,1.9,0.667,0.9,5.1,6.0,1.9,1.0,0.5,0.9,6.4,12.6,104.0,118,,schofad01,6.1,0.502,0.663,0.163,2.0,12.4,7.0,5.3,1.0,0.9,6.6,11.9,0.1,0.1,0.1,0.017,-4.3,-1.2,-5.5,-0.3
373,Theo Pinson,24,BRK,SG,33,0,365,5.8,20.1,0.29,1.9,10.4,0.188,3.9,9.7,0.4,0.339,1.9,2.1,0.938,1.3,5.7,7.0,7.3,2.2,0.5,4.3,4.5,15.6,80.0,109,,pinsoth01,5.2,0.37,0.516,0.103,2.9,12.2,7.7,21.7,2.2,0.9,16.9,22.3,-1.0,0.4,-0.6,-0.078,-6.8,-0.2,-7.0,-0.5
374,Jared Dudley,34,LAL,PF,45,1,364,3.1,7.8,0.4,2.4,5.5,0.429,0.8,2.4,0.333,0.55,0.3,0.3,1.0,0.8,6.0,6.8,3.7,2.0,0.4,1.0,5.4,8.9,117.0,108,,dudleja01,7.8,0.558,0.7,0.033,1.8,13.7,7.8,9.5,2.0,0.7,11.6,8.0,0.3,0.5,0.8,0.102,-2.7,2.0,-0.7,0.1
375,D.J. Wilson,23,MIL,PF,37,1,363,6.5,16.6,0.394,2.3,9.2,0.247,4.3,7.4,0.576,0.462,1.4,2.3,0.611,1.5,10.1,11.6,3.1,0.4,0.6,2.4,4.2,16.7,94.0,105,,wilsodj01,8.2,0.475,0.553,0.136,3.5,20.5,12.5,9.1,0.4,1.2,12.0,18.1,-0.3,0.6,0.3,0.046,-4.1,0.0,-4.0,-0.2
376,Terance Mann,23,LAC,SF,41,6,362,4.8,10.3,0.468,0.9,2.6,0.35,3.9,7.7,0.508,0.513,2.4,3.5,0.667,1.3,5.9,7.2,6.9,1.4,0.7,2.4,6.0,12.9,114.0,109,,mannte01,10.6,0.545,0.253,0.342,2.9,12.6,7.9,19.3,1.4,1.2,16.5,12.6,0.4,0.4,0.8,0.106,-2.7,1.2,-1.5,0.0
377,Deonte Burton,26,OKC,SF,39,0,356,5.9,17.1,0.344,1.4,7.2,0.189,4.5,9.8,0.458,0.384,1.1,1.9,0.571,1.0,6.8,7.8,2.3,1.0,1.4,2.6,4.6,14.2,78.0,110,,burtode02,4.3,0.396,0.424,0.112,2.2,15.1,8.8,6.8,1.0,2.4,12.7,18.5,-0.9,0.4,-0.5,-0.067,-6.3,-0.5,-6.8,-0.4
378,Tim Frazier,29,DET,PG,27,11,355,4.7,13.0,0.362,1.4,4.2,0.333,3.3,8.9,0.375,0.415,2.6,3.3,0.792,1.2,3.3,4.6,12.9,1.9,0.6,5.0,5.8,13.4,99.0,114,,fraziti01,9.8,0.464,0.319,0.255,2.8,7.8,5.3,36.5,1.9,0.9,25.6,17.3,-0.1,0.2,0.1,0.016,-3.0,-1.6,-4.6,-0.2
379,Justise Winslow,23,MIA,SG,11,5,352,6.9,17.9,0.388,0.8,3.7,0.222,6.1,14.1,0.431,0.411,2.5,3.7,0.667,2.2,7.9,10.1,6.1,1.0,0.7,3.3,5.3,17.2,93.0,111,,winslju01,8.5,0.44,0.209,0.209,5.3,17.5,11.6,18.7,1.0,1.4,14.6,20.6,-0.4,0.4,0.0,-0.004,-3.5,-0.1,-3.6,-0.1
380,Carsen Edwards,21,BOS,SG,37,0,351,5.8,17.6,0.328,3.3,10.5,0.316,2.5,7.2,0.346,0.422,1.8,2.6,0.684,0.8,5.6,6.5,3.3,1.7,0.6,2.1,4.7,16.6,92.0,109,,edwarca01,6.9,0.444,0.594,0.148,1.9,12.4,7.2,9.3,1.7,1.1,9.9,18.4,-0.3,0.4,0.1,0.014,-4.4,-0.2,-4.6,-0.2
381,Chris Silva,23,MIA,PF,44,0,346,6.8,11.0,0.615,0.0,0.4,0.0,6.8,10.6,0.64,0.615,5.2,7.8,0.673,8.5,9.3,17.8,3.2,1.3,3.0,4.5,12.0,18.8,120.0,106,,silvach01,17.3,0.651,0.038,0.705,20.2,20.6,20.4,9.9,1.3,6.0,23.8,17.1,0.7,0.5,1.3,0.178,-3.1,0.8,-2.3,0.0
382,Courtney Lee,34,DAL,SG,24,9,345,5.6,11.5,0.488,2.9,6.6,0.447,2.7,4.9,0.543,0.616,0.8,1.0,0.857,1.0,3.5,4.5,1.7,2.5,0.8,1.5,4.6,15.0,116.0,111,,leeco01,10.8,0.629,0.573,0.085,2.2,7.5,4.9,4.7,2.5,1.5,11.4,11.9,0.3,0.3,0.7,0.092,-2.1,1.5,-0.6,0.1
383,Marvin Bagley III,20,SAC,C,13,6,334,11.3,24.3,0.467,0.6,3.2,0.182,10.7,21.1,0.51,0.479,3.6,4.5,0.806,4.2,9.9,14.1,1.5,0.9,1.7,2.6,6.2,26.9,102.0,111,,baglema01,15.6,0.512,0.132,0.186,9.5,23.5,16.3,4.9,0.9,3.4,9.1,25.8,0.0,0.3,0.4,0.051,-2.2,-1.4,-3.5,-0.1
384,Otto Porter Jr.,26,CHI,SF,14,9,331,9.0,20.4,0.443,3.5,9.0,0.387,5.5,11.4,0.487,0.529,2.8,3.9,0.704,1.9,5.1,7.0,3.6,2.2,0.9,1.6,4.5,24.3,112.0,110,,porteot01,15.8,0.55,0.443,0.193,4.1,12.3,8.0,11.9,2.2,1.7,6.8,21.0,0.4,0.4,0.8,0.112,0.8,0.2,1.0,0.3
385,Ty Jerome,22,PHO,SG,31,0,328,5.5,16.3,0.336,2.0,7.2,0.28,3.5,9.1,0.381,0.398,1.7,2.3,0.75,1.0,5.6,6.6,6.4,2.2,0.4,2.6,4.2,14.7,92.0,111,,jeromty01,7.9,0.425,0.442,0.142,2.3,13.4,7.8,18.2,2.2,0.8,13.0,17.9,-0.3,0.3,0.0,-0.003,-3.9,0.1,-3.7,-0.1
386,Caleb Martin,24,CHO,SF,18,1,317,5.8,13.3,0.44,3.2,5.8,0.541,2.7,7.4,0.362,0.56,2.7,3.3,0.81,1.6,4.4,6.0,3.6,1.9,1.1,2.4,5.1,17.5,113.0,113,,martica02,12.0,0.595,0.44,0.25,3.3,10.0,6.5,11.1,1.9,2.0,13.9,15.0,0.3,0.2,0.5,0.081,-1.6,0.6,-1.0,0.1
387,Kyle O'Quinn,29,PHI,C,29,2,313,6.5,13.2,0.494,1.1,4.2,0.259,5.4,9.0,0.603,0.535,1.7,3.1,0.55,5.3,12.7,18.0,7.9,1.1,3.7,3.1,5.7,15.8,117.0,104,,oquinky01,18.6,0.544,0.318,0.235,12.0,29.0,20.5,22.7,1.1,6.5,17.6,15.7,0.5,0.6,1.1,0.165,0.3,2.7,3.0,0.4
388,Ed Davis,30,UTA,C,28,1,303,3.5,7.4,0.478,0.0,0.0,,3.5,7.4,0.478,0.478,1.1,2.2,0.5,5.6,11.2,16.9,1.9,1.8,1.4,2.1,9.8,8.2,110.0,106,,davised01,9.5,0.489,0.0,0.304,13.2,24.6,19.1,5.2,1.8,2.5,20.0,9.4,0.2,0.5,0.6,0.102,-4.6,1.5,-3.2,-0.1
389,Keldon Johnson,20,SAS,SF,17,1,301,8.4,14.1,0.596,2.1,3.5,0.591,6.4,10.6,0.597,0.669,5.6,7.0,0.795,1.6,7.5,9.0,2.4,2.2,0.3,2.1,4.4,24.4,131.0,113,,johnske04,19.1,0.711,0.247,0.494,3.6,16.8,10.2,7.2,2.2,0.6,10.7,17.4,0.8,0.2,1.1,0.174,1.5,0.0,1.5,0.3
390,Jalen McDaniels,22,CHO,SF,16,0,293,5.6,12.0,0.471,1.5,4.1,0.375,4.1,7.9,0.522,0.536,2.4,2.9,0.824,2.6,8.5,11.1,2.2,1.4,0.5,1.9,6.2,15.2,112.0,113,,mcdanja01,10.7,0.574,0.343,0.243,5.4,19.4,12.1,6.8,1.4,0.9,12.4,13.3,0.2,0.2,0.5,0.078,-3.4,0.1,-3.3,-0.1
391,Chris Clemons,22,HOU,SG,33,0,291,9.1,22.6,0.401,5.9,17.0,0.346,3.2,5.6,0.571,0.532,1.6,1.7,0.909,0.6,4.1,4.8,4.3,1.4,1.0,3.0,4.1,25.6,105.0,112,,clemoch01,13.1,0.548,0.754,0.077,1.4,9.4,5.4,14.3,1.4,1.8,11.5,23.6,0.1,0.2,0.4,0.058,0.3,-1.3,-1.0,0.1
392,Allonzo Trier,24,NYK,SG,24,1,291,8.5,17.7,0.481,3.2,8.9,0.358,5.4,8.9,0.604,0.571,5.7,7.2,0.791,1.0,3.8,4.9,4.7,0.5,0.7,3.7,4.9,25.9,115.0,118,,trieral01,14.5,0.62,0.5,0.406,2.1,8.7,5.3,14.8,0.5,1.3,15.0,21.4,0.5,0.1,0.5,0.087,1.0,-1.4,-0.4,0.1
393,Zach Collins,22,POR,PF,11,11,290,5.3,11.2,0.471,1.2,3.1,0.368,4.1,8.1,0.51,0.522,1.0,1.3,0.75,4.1,7.2,11.3,2.6,0.8,0.8,2.3,5.9,12.7,110.0,116,,colliza01,9.9,0.538,0.279,0.118,9.1,15.7,12.4,7.2,0.8,1.5,16.4,12.5,0.2,0.1,0.3,0.052,-1.7,-1.4,-3.1,-0.1
394,DeMarre Carroll,33,2TM,C,24,0,290,4.0,10.7,0.379,1.3,5.3,0.242,2.8,5.3,0.515,0.439,4.7,6.8,0.69,1.9,7.0,8.9,4.0,1.3,0.8,2.8,5.2,14.1,103.0,113,,carrode01,9.1,0.515,0.5,0.636,4.4,15.8,10.1,11.2,1.3,1.5,16.8,14.8,0.0,0.2,0.3,0.045,-3.1,-0.7,-3.9,-0.1
394,DeMarre Carroll,33,SAS,SF,15,0,135,3.2,10.3,0.31,1.1,4.6,0.231,2.1,5.7,0.375,0.362,4.2,7.1,0.6,2.5,8.5,11.0,3.9,0.7,0.7,3.5,7.1,11.7,88.0,115,,carrode01,4.9,0.437,0.448,0.69,5.6,19.2,12.4,10.1,0.7,1.3,20.9,15.3,-0.2,0.1,-0.1,-0.036,-5.9,-1.1,-7.0,-0.2
394,DeMarre Carroll,33,HOU,C,9,0,155,4.8,11.0,0.432,1.5,6.0,0.25,3.3,5.1,0.647,0.5,5.1,6.6,0.773,1.5,5.7,7.2,4.2,1.8,0.9,2.1,3.6,16.1,117.0,111,,carrode01,12.8,0.578,0.541,0.595,3.3,13.0,8.1,12.2,1.8,1.7,13.0,14.3,0.2,0.2,0.4,0.114,-0.7,-0.4,-1.1,0.0
395,Caleb Swanigan,22,2TM,PF,27,1,288,4.6,7.8,0.596,0.0,0.3,0.0,4.6,7.5,0.622,0.596,1.5,2.8,0.529,4.5,12.1,16.6,5.1,0.5,1.2,6.1,10.3,10.8,95.0,113,,swanica01,7.6,0.597,0.043,0.362,9.9,26.4,18.3,13.9,0.5,2.2,40.4,13.5,-0.2,0.2,0.0,0.004,-6.3,0.2,-6.0,-0.3
395,Caleb Swanigan,22,SAC,C,7,0,23,4.2,8.4,0.5,0.0,0.0,,4.2,8.4,0.5,0.5,2.1,4.2,0.5,4.2,10.5,14.8,4.2,2.1,4.2,12.7,16.9,10.5,61.0,104,,swanica01,-0.1,0.512,0.0,0.5,9.6,25.1,17.1,11.5,2.1,8.3,55.1,20.5,-0.1,0.0,-0.1,-0.177,-15.4,3.7,-11.7,-0.1
395,Caleb Swanigan,22,POR,PF,20,1,265,4.7,7.7,0.605,0.0,0.4,0.0,4.7,7.4,0.634,0.605,1.4,2.7,0.533,4.5,12.2,16.7,5.2,0.4,0.9,5.6,9.7,10.8,99.0,114,,swanica01,8.2,0.605,0.047,0.349,10.0,26.5,18.3,14.1,0.4,1.6,38.5,12.9,-0.1,0.2,0.1,0.02,-5.5,-0.1,-5.5,-0.2
396,Dragan Bender,22,2TM,C,16,3,286,6.8,15.2,0.446,2.5,7.1,0.349,4.3,8.1,0.531,0.527,1.6,2.3,0.714,2.6,9.4,12.0,4.6,0.7,1.5,3.5,6.9,17.6,102.0,110,,bendedr01,10.9,0.545,0.467,0.152,5.9,21.1,13.5,14.4,0.7,2.8,17.6,17.7,0.0,0.3,0.3,0.052,-3.1,0.2,-2.9,-0.1
396,Dragan Bender,22,MIL,C,7,0,91,5.0,10.5,0.476,2.0,4.5,0.444,3.0,6.0,0.5,0.571,1.0,1.5,0.667,0.0,10.0,10.0,4.5,0.0,2.5,2.5,8.0,13.0,105.0,103,,bendedr01,8.4,0.582,0.429,0.143,0.0,20.5,10.9,12.5,0.0,4.8,18.3,12.4,0.0,0.2,0.2,0.105,-4.4,3.2,-1.2,0.0
396,Dragan Bender,22,GSW,PF,9,3,195,7.6,17.4,0.437,2.7,8.3,0.324,4.9,9.1,0.541,0.514,2.0,2.7,0.727,3.9,9.1,13.0,4.7,1.0,1.0,3.9,6.4,19.9,101.0,114,,bendedr01,12.1,0.534,0.479,0.155,8.6,21.3,14.7,15.2,1.0,1.8,17.4,20.1,0.0,0.1,0.1,0.027,-2.5,-1.2,-3.7,-0.1
397,Michael Kidd-Gilchrist,26,2TM,PF,25,0,281,3.9,11.6,0.333,0.9,3.5,0.25,3.0,8.1,0.37,0.371,1.9,2.5,0.786,2.5,9.3,11.8,2.5,0.4,1.1,2.8,6.5,10.5,85.0,113,,kiddgmi01,4.2,0.416,0.303,0.212,5.3,20.4,12.8,7.1,0.3,1.9,18.1,13.7,-0.4,0.2,-0.2,-0.03,-6.3,-1.1,-7.4,-0.4
397,Michael Kidd-Gilchrist,26,CHO,PF,12,0,160,5.6,16.6,0.34,1.6,5.3,0.294,4.1,11.3,0.361,0.387,2.2,2.8,0.778,2.8,8.1,11.0,3.1,0.0,0.9,2.2,5.6,15.0,91.0,115,,kiddgmi01,6.1,0.421,0.321,0.17,5.9,18.4,11.9,9.5,0.0,1.7,10.9,17.6,-0.2,0.1,-0.1,-0.028,-5.3,-1.6,-6.9,-0.2
397,Michael Kidd-Gilchrist,26,DAL,PF,13,0,121,1.6,5.2,0.308,0.0,1.2,0.0,1.6,4.0,0.4,0.308,1.6,2.0,0.8,2.0,10.8,12.8,1.6,0.8,1.2,3.6,7.6,4.8,71.0,110,,kiddgmi01,1.7,0.395,0.231,0.385,4.4,23.1,13.9,4.0,0.8,2.1,37.2,8.5,-0.2,0.1,-0.1,-0.032,-7.6,-0.4,-8.0,-0.2
398,Drew Eubanks,22,SAS,C,22,3,272,7.6,11.8,0.642,0.2,0.2,1.0,7.4,11.6,0.636,0.649,3.5,4.6,0.769,4.9,10.0,14.9,2.6,0.9,3.0,3.7,6.5,18.8,120.0,111,,eubandr01,17.3,0.682,0.015,0.388,11.1,22.6,16.8,7.7,0.9,5.5,21.1,15.8,0.5,0.3,0.8,0.134,-1.4,-0.4,-1.8,0.0
399,Juan Toscano-Anderson,26,GSW,SG,13,6,272,5.1,11.1,0.46,1.4,4.0,0.348,3.7,7.0,0.525,0.524,0.5,0.9,0.6,1.6,7.6,9.1,4.6,2.3,0.9,2.8,5.3,12.1,98.0,112,,toscaju01,9.4,0.529,0.365,0.079,3.5,17.8,10.4,13.8,2.3,1.7,19.7,12.7,-0.1,0.2,0.2,0.03,-4.1,0.5,-3.6,-0.1
400,David Nwaba,27,BRK,SF,20,0,268,6.5,12.5,0.521,2.1,4.9,0.429,4.4,7.6,0.581,0.606,3.2,4.8,0.667,1.4,6.5,7.9,1.4,1.9,2.1,1.4,5.7,18.4,120.0,107,,nwabada01,14.0,0.627,0.394,0.38,3.2,14.0,8.7,4.3,1.9,3.7,8.8,14.2,0.4,0.4,0.8,0.138,-1.0,2.0,1.1,0.2
401,Isaiah Hartenstein,21,HOU,C,23,2,266,7.7,11.7,0.657,0.0,0.9,0.0,7.7,10.8,0.71,0.657,3.3,4.9,0.679,5.0,10.6,15.7,3.1,1.6,2.1,2.8,7.1,18.6,128.0,107,,harteis01,18.6,0.674,0.075,0.418,11.3,24.3,17.7,10.0,1.6,3.9,16.8,14.8,0.7,0.4,1.1,0.19,-1.0,1.3,0.3,0.2
402,Kevon Looney,23,GSW,C,20,4,262,5.3,14.4,0.367,0.2,2.6,0.071,5.1,11.9,0.431,0.373,1.6,2.2,0.75,5.1,6.9,12.1,3.7,2.2,1.1,2.2,6.2,12.4,94.0,112,,looneke01,9.4,0.403,0.177,0.152,11.2,16.3,13.6,11.1,2.2,2.1,12.5,15.7,-0.2,0.2,0.0,0.006,-4.8,-0.8,-5.6,-0.2
403,Jordan Bell,25,2TM,C,29,0,256,6.4,12.2,0.522,0.7,2.2,0.333,5.6,10.0,0.564,0.552,3.4,5.6,0.613,5.4,9.3,14.7,2.9,0.5,1.8,3.8,3.4,16.9,108.0,112,,belljo01,13.9,0.577,0.179,0.463,12.0,21.8,16.7,8.9,0.5,3.2,20.7,16.4,0.2,0.2,0.4,0.07,-1.4,-1.1,-2.5,0.0
403,Jordan Bell,25,MIN,C,27,0,235,6.3,11.9,0.533,0.4,1.8,0.222,5.9,10.1,0.588,0.55,3.4,5.7,0.586,5.5,9.9,15.4,2.8,0.4,2.0,3.6,3.4,16.4,108.0,112,,belljo01,14.1,0.57,0.15,0.483,12.1,23.3,17.5,8.6,0.4,3.5,19.8,15.9,0.2,0.2,0.4,0.072,-1.5,-1.1,-2.6,0.0
403,Jordan Bell,25,MEM,C,2,0,21,6.7,15.6,0.429,4.4,6.7,0.667,2.2,8.9,0.25,0.571,4.4,4.4,1.0,4.4,2.2,6.7,4.4,2.2,0.0,6.7,4.4,22.2,103.0,113,,belljo01,12.6,0.635,0.429,0.286,10.2,4.9,7.5,12.9,2.2,0.0,27.6,21.6,0.0,0.0,0.0,0.047,-0.9,-0.8,-1.6,0.0
404,Jusuf Nurkić,25,POR,C,8,8,253,10.2,20.5,0.495,0.4,1.9,0.2,9.8,18.6,0.525,0.505,5.8,6.6,0.886,4.3,11.1,15.4,6.0,2.1,3.0,3.6,7.3,26.6,116.0,108,,nurkiju01,22.6,0.567,0.092,0.321,9.6,24.1,16.9,19.1,2.1,5.4,13.2,24.0,0.5,0.3,0.9,0.164,1.0,1.0,2.0,0.2
405,Evan Turner,31,ATL,SG,19,0,251,4.6,12.4,0.373,0.0,0.9,0.0,4.6,11.5,0.403,0.373,2.2,2.6,0.857,1.5,5.6,7.1,7.1,1.7,1.5,4.8,3.7,11.5,84.0,115,,turneev01,6.8,0.424,0.075,0.209,3.4,13.0,8.2,20.6,1.7,2.7,26.2,16.4,-0.5,0.1,-0.3,-0.064,-4.9,-0.7,-5.5,-0.2
406,Derrick Walton,24,2TM,PG,26,1,248,3.4,7.5,0.462,1.9,4.6,0.417,1.5,2.9,0.533,0.59,1.3,1.7,0.778,0.4,2.7,3.1,5.2,1.3,0.0,1.0,4.0,10.1,131.0,112,,waltode01,8.7,0.617,0.615,0.231,0.9,5.8,3.4,13.9,1.4,0.0,10.4,8.1,0.4,0.2,0.6,0.111,-2.2,1.3,-1.0,0.1
406,Derrick Walton,24,LAC,PG,23,1,222,3.6,7.7,0.472,1.9,4.5,0.429,1.7,3.2,0.533,0.597,1.5,1.9,0.778,0.4,2.8,3.2,4.7,0.9,0.0,0.9,4.0,10.6,133.0,113,,waltode01,8.4,0.626,0.583,0.25,1.0,5.9,3.5,12.6,0.9,0.0,9.1,8.3,0.4,0.2,0.5,0.112,-2.2,0.9,-1.3,0.0
406,Derrick Walton,24,DET,PG,3,0,26,1.9,5.7,0.333,1.9,5.7,0.333,0.0,0.0,,0.5,0.0,0.0,,0.0,1.9,1.9,9.5,5.7,0.0,1.9,3.8,5.7,117.0,107,,waltode01,11.3,0.5,1.0,0.0,0.0,4.4,2.2,24.8,5.7,0.0,25.0,6.7,0.0,0.0,0.1,0.105,-2.9,4.7,1.8,0.0
407,Bruno Caboclo,24,2TM,C,30,0,244,7.3,17.0,0.427,1.1,6.3,0.182,6.1,10.7,0.571,0.461,1.5,1.7,0.889,4.4,7.1,11.5,2.3,2.9,3.2,2.5,5.9,17.2,100.0,105,,cabocbr01,14.1,0.484,0.371,0.101,10.0,15.8,12.9,6.8,2.9,6.1,12.3,18.0,0.0,0.4,0.4,0.076,-3.0,0.9,-2.1,0.0
407,Bruno Caboclo,24,MEM,C,22,0,192,6.8,16.8,0.406,1.0,6.1,0.16,5.8,10.7,0.545,0.435,0.5,0.7,0.667,4.1,6.6,10.7,2.4,2.4,2.9,1.7,5.6,15.1,97.0,106,,cabocbr01,11.9,0.441,0.362,0.043,9.5,14.5,12.1,7.1,2.4,5.5,9.1,16.8,-0.1,0.3,0.2,0.053,-3.4,0.7,-2.7,0.0
407,Bruno Caboclo,24,HOU,C,8,0,52,8.9,17.8,0.5,1.8,7.1,0.25,7.1,10.7,0.667,0.55,5.3,5.3,1.0,5.3,8.9,14.2,1.8,4.4,4.4,5.3,7.1,24.9,108.0,98,,cabocbr01,22.1,0.618,0.4,0.3,12.0,20.3,16.1,5.9,4.4,8.2,20.9,22.8,0.0,0.1,0.2,0.162,-1.4,1.6,0.2,0.0
408,Iman Shumpert,29,BRK,SF,13,0,241,4.1,12.6,0.328,1.6,6.5,0.242,2.6,6.1,0.419,0.391,0.8,1.4,0.571,1.8,4.9,6.7,2.4,2.4,0.4,2.0,4.1,10.6,85.0,109,,shumpim01,5.3,0.403,0.516,0.109,3.9,10.5,7.3,6.7,2.4,0.7,13.0,13.4,-0.3,0.3,0.0,-0.005,-6.2,0.7,-5.5,-0.2
409,Wenyen Gabriel,22,2TM,PF,30,1,235,4.3,9.8,0.438,1.2,4.1,0.3,3.1,5.7,0.536,0.5,3.1,4.5,0.682,4.3,6.3,10.6,1.6,2.2,1.4,3.3,7.9,12.8,103.0,112,,gabriwe01,9.6,0.546,0.417,0.458,9.5,13.9,11.7,4.4,2.2,2.6,21.7,13.4,0.0,0.2,0.2,0.048,-3.7,-0.1,-3.8,-0.1
409,Wenyen Gabriel,22,SAC,PF,11,0,61,4.8,13.5,0.353,0.8,6.4,0.125,4.0,7.2,0.556,0.382,4.8,8.0,0.6,3.2,4.8,8.0,2.4,2.4,1.6,4.0,5.6,15.1,87.0,110,,gabriwe01,7.4,0.444,0.471,0.588,7.2,11.3,9.2,6.6,2.4,3.1,18.9,18.8,-0.1,0.1,0.0,-0.029,-4.4,0.5,-3.9,0.0
409,Wenyen Gabriel,22,POR,PF,19,1,174,4.1,8.5,0.484,1.4,3.3,0.417,2.7,5.2,0.526,0.565,2.5,3.3,0.75,4.7,6.8,11.5,1.4,2.2,1.4,3.0,8.8,12.1,112.0,112,,gabriwe01,10.3,0.606,0.387,0.387,10.3,14.9,12.6,3.6,2.2,2.5,23.3,11.5,0.1,0.1,0.3,0.075,-3.5,-0.3,-3.8,-0.1
410,Justin James,23,SAC,SF,36,0,232,7.3,17.6,0.417,1.9,6.1,0.31,5.4,11.5,0.473,0.47,2.1,4.4,0.476,1.3,5.4,6.7,3.8,1.3,1.9,1.7,3.6,18.6,99.0,112,,jamesju01,11.0,0.477,0.345,0.25,2.8,12.9,7.8,11.2,1.3,3.7,7.9,18.9,-0.1,0.2,0.1,0.028,-1.4,0.0,-1.4,0.0
411,Norvel Pelle,26,PHI,C,24,0,232,5.2,10.0,0.521,0.0,0.2,0.0,5.2,9.8,0.532,0.521,1.5,2.9,0.5,4.2,10.9,15.0,1.7,0.6,6.5,3.8,11.5,11.9,94.0,102,,pelleno01,10.5,0.526,0.021,0.292,9.5,24.8,17.1,4.6,0.6,11.4,24.9,13.4,-0.2,0.5,0.3,0.069,-7.8,2.6,-5.2,-0.2
412,Garrison Mathews,23,WAS,SG,18,0,227,4.9,11.5,0.429,3.9,9.5,0.413,1.0,2.1,0.5,0.598,6.4,7.0,0.912,1.2,3.7,4.9,2.1,1.6,0.2,1.6,6.6,20.2,133.0,118,,mathega01,13.1,0.691,0.821,0.607,2.8,9.0,5.8,5.8,1.6,0.4,10.1,14.5,0.6,0.1,0.6,0.131,-0.6,-0.5,-1.1,0.1
413,T.J. Leaf,22,IND,PF,28,1,222,7.9,18.8,0.419,1.1,3.9,0.278,6.8,14.9,0.456,0.448,1.5,3.5,0.438,5.0,10.5,15.5,2.0,2.2,0.9,1.7,4.8,18.4,98.0,105,,leaftj01,12.9,0.451,0.209,0.186,11.5,23.5,17.5,5.7,2.2,1.6,7.9,20.0,-0.1,0.4,0.3,0.061,-2.5,0.1,-2.4,0.0
414,Ante Žižić,23,CLE,C,22,0,221,9.0,15.9,0.569,0.0,0.0,,9.0,15.9,0.569,0.569,3.1,4.2,0.737,4.0,10.6,14.5,1.3,1.5,1.1,2.2,5.9,21.1,116.0,113,,zizican01,16.4,0.597,0.0,0.264,9.0,24.4,16.6,4.2,1.5,1.9,11.1,17.5,0.3,0.2,0.5,0.106,-1.7,-1.5,-3.2,-0.1
415,Tyson Chandler,37,HOU,C,26,5,219,3.0,3.8,0.778,0.0,0.0,,3.0,3.8,0.778,0.778,1.3,2.7,0.462,5.3,8.7,13.9,1.3,1.3,1.7,1.7,6.8,7.2,135.0,109,,chandty01,10.8,0.717,0.0,0.722,11.8,19.8,15.8,3.5,1.3,3.1,25.2,6.0,0.3,0.3,0.6,0.131,-2.6,1.1,-1.5,0.0
416,Dion Waiters,28,2TM,SG,10,0,207,9.5,22.9,0.414,3.5,10.9,0.319,6.0,12.0,0.5,0.49,3.2,3.9,0.824,0.5,5.1,5.5,4.6,0.9,1.4,3.7,4.8,25.6,98.0,110,,waitedi01,11.5,0.521,0.475,0.172,1.1,11.5,6.4,14.4,0.9,2.7,13.1,25.2,-0.1,0.2,0.1,0.03,-0.7,-0.6,-1.2,0.0
416,Dion Waiters,28,MIA,SG,3,0,42,11.6,30.2,0.385,9.3,19.8,0.471,2.3,10.5,0.222,0.538,0.0,1.2,0.0,0.0,12.8,12.8,3.5,0.0,2.3,3.5,5.8,32.5,93.0,108,,waitedi01,13.4,0.53,0.654,0.038,0.0,28.2,14.7,12.5,0.0,4.7,10.2,30.9,-0.1,0.1,0.0,-0.003,2.4,-0.5,1.8,0.0
416,Dion Waiters,28,LAL,SG,7,0,165,8.9,21.0,0.425,2.0,8.6,0.233,6.9,12.4,0.558,0.473,4.0,4.6,0.875,0.6,3.2,3.7,4.9,1.2,1.2,3.7,4.6,23.9,99.0,110,,waitedi01,11.0,0.518,0.411,0.219,1.3,7.2,4.3,14.9,1.2,2.2,14.0,23.8,-0.1,0.2,0.1,0.038,-1.4,-0.6,-2.0,0.0
417,Mychal Mulder,25,GSW,SF,7,3,204,6.1,15.7,0.388,3.8,12.2,0.308,2.3,3.5,0.667,0.507,2.1,2.8,0.75,0.7,4.7,5.4,1.9,0.5,0.2,1.2,4.7,18.1,104.0,118,,muldemy01,7.8,0.533,0.776,0.179,1.5,11.0,6.1,5.8,0.5,0.4,6.5,16.2,0.0,0.0,0.1,0.017,-3.2,-2.9,-6.0,-0.2
418,Nic Claxton,20,BRK,C,15,0,187,6.8,12.1,0.563,0.3,1.8,0.143,6.6,10.4,0.634,0.573,2.8,5.3,0.524,4.8,6.3,11.1,4.0,0.3,2.0,2.3,3.5,16.7,118.0,111,,claxtni01,14.8,0.577,0.146,0.438,10.7,13.6,12.2,12.4,0.3,3.6,13.6,14.8,0.3,0.2,0.5,0.121,-0.7,0.1,-0.7,0.1
419,Cameron Payne,25,PHO,SG,8,0,183,8.5,17.6,0.485,3.9,7.5,0.517,4.7,10.1,0.462,0.596,1.6,1.8,0.857,1.0,7.0,8.0,6.2,2.1,0.5,2.8,5.2,22.5,115.0,110,,payneca01,15.7,0.612,0.426,0.103,2.4,16.6,9.4,19.5,2.1,1.0,13.4,19.1,0.3,0.2,0.5,0.12,0.7,1.0,1.7,0.2
420,John Konchar,23,MEM,SG,19,0,181,6.2,9.5,0.649,1.3,2.6,0.5,4.9,7.0,0.704,0.716,0.3,0.5,0.5,4.6,7.5,12.1,5.7,1.8,0.8,1.8,1.8,13.9,140.0,110,,konchjo01,18.0,0.713,0.27,0.054,10.7,16.6,13.7,16.2,1.8,1.5,15.6,10.3,0.5,0.2,0.7,0.182,2.5,2.0,4.5,0.3
421,Ryan Broekhoff,29,DAL,SF,17,1,180,5.9,15.8,0.373,5.4,13.7,0.392,0.5,2.1,0.25,0.542,1.9,2.1,0.875,1.3,10.2,11.5,3.0,1.3,1.1,1.6,4.0,19.1,114.0,110,,broekry01,13.1,0.568,0.864,0.136,3.0,21.9,12.5,8.3,1.3,1.9,8.8,16.3,0.2,0.2,0.4,0.109,0.5,0.3,0.8,0.1
422,Johnathan Williams,24,WAS,PF,15,6,180,4.9,8.8,0.559,0.0,0.5,0.0,4.9,8.3,0.594,0.559,1.8,3.4,0.538,6.2,10.4,16.6,2.1,0.3,2.1,1.3,4.2,11.7,126.0,115,,willijo04,14.0,0.566,0.059,0.382,14.0,25.3,19.4,5.9,0.3,3.9,11.2,10.3,0.3,0.1,0.4,0.109,-0.8,-1.3,-2.0,0.0
423,Malcolm Miller,26,TOR,SF,28,1,162,3.5,8.5,0.414,2.3,6.5,0.364,1.2,2.1,0.571,0.552,0.9,2.3,0.375,0.6,4.1,4.7,3.2,1.5,0.6,1.2,5.3,10.3,108.0,108,,millema01,6.7,0.538,0.759,0.276,1.3,8.9,5.2,8.9,1.5,1.2,11.0,9.6,0.1,0.2,0.3,0.082,-3.5,1.2,-2.3,0.0
424,Rayjon Tucker,22,UTA,SG,20,0,161,6.0,13.0,0.465,0.9,5.1,0.176,5.1,7.9,0.654,0.5,5.7,7.0,0.826,0.9,5.1,6.0,1.5,0.3,0.3,2.4,3.0,18.7,109.0,114,,tuckera01,9.7,0.584,0.395,0.535,2.1,11.2,6.8,4.4,0.3,0.5,13.1,16.6,0.1,0.1,0.2,0.063,-3.8,-2.2,-6.1,-0.2
425,C.J. Miles,32,WAS,SF,10,0,161,5.5,17.1,0.322,3.2,10.2,0.314,2.3,7.0,0.333,0.415,4.4,5.8,0.75,1.2,2.3,3.5,3.5,2.9,1.2,1.2,4.1,18.6,103.0,114,,milescj01,11.1,0.472,0.593,0.339,2.6,5.7,4.1,10.0,2.9,2.2,5.6,18.6,0.0,0.1,0.1,0.035,-1.7,0.0,-1.7,0.0
426,Tyrone Wallace,25,ATL,SG,14,0,160,4.1,12.8,0.318,0.3,4.4,0.067,3.8,8.4,0.448,0.33,3.2,5.0,0.647,0.9,5.5,6.4,3.8,2.0,0.3,2.9,5.5,11.6,80.0,115,,wallaty01,3.9,0.389,0.341,0.386,2.0,13.0,7.4,10.9,2.0,0.5,16.3,16.0,-0.3,0.1,-0.2,-0.075,-7.8,-1.0,-8.7,-0.3
427,Amir Coffey,22,LAC,SG,18,1,159,6.8,16.1,0.426,1.8,5.6,0.316,5.1,10.4,0.486,0.481,1.8,3.3,0.545,1.2,3.6,4.8,4.2,1.5,0.6,2.4,5.9,17.2,100.0,110,,coffeam01,8.5,0.493,0.352,0.204,2.7,7.6,5.2,12.3,1.5,1.1,12.0,17.6,0.0,0.2,0.1,0.041,-4.3,0.1,-4.1,-0.1
428,Jaylen Nowell,20,MIN,SG,15,0,151,5.8,16.3,0.358,0.9,8.0,0.115,4.9,8.3,0.593,0.387,4.9,5.2,0.941,0.9,3.1,4.0,5.8,0.9,0.3,0.9,3.4,17.5,109.0,117,,nowelja01,10.5,0.471,0.491,0.321,2.0,7.3,4.5,17.8,0.9,0.6,4.7,17.3,0.1,0.0,0.2,0.051,-2.9,-0.8,-3.8,-0.1
429,Stanley Johnson,23,TOR,PF,25,0,150,7.0,18.7,0.373,2.2,7.6,0.292,4.8,11.1,0.429,0.432,2.9,5.1,0.563,2.2,9.5,11.7,6.3,1.9,1.3,4.8,5.1,19.0,90.0,103,,johnsst04,9.9,0.454,0.407,0.271,5.0,20.6,13.0,19.4,1.9,2.6,18.5,23.1,-0.3,0.3,0.0,0.014,-3.9,1.4,-2.5,0.0
430,Michael Frazier,25,HOU,SG,13,0,145,2.2,9.3,0.241,1.3,7.3,0.174,1.0,1.9,0.5,0.31,2.9,4.5,0.643,0.3,2.9,3.2,0.6,0.6,0.0,1.6,7.0,8.6,76.0,116,,frazimi01,-0.9,0.384,0.793,0.483,0.7,6.6,3.6,1.7,0.6,0.0,12.5,11.5,-0.2,0.1,-0.2,-0.06,-8.9,-2.1,-11.0,-0.3
431,DaQuan Jeffries,22,SAC,SG,13,0,141,6.9,13.8,0.5,1.7,6.2,0.278,5.2,7.6,0.682,0.563,1.7,2.1,0.833,1.0,5.2,6.2,2.4,1.4,0.3,0.7,6.5,17.2,121.0,114,,jeffrda01,11.2,0.586,0.45,0.15,2.3,12.3,7.2,7.1,1.4,0.7,4.5,13.7,0.2,0.1,0.3,0.1,-2.8,-1.1,-3.8,-0.1
432,Alen Smailagić,19,GSW,C,14,0,139,6.9,13.8,0.5,1.0,4.5,0.231,5.9,9.3,0.63,0.538,5.5,6.5,0.842,3.4,5.9,9.3,4.5,1.0,1.4,3.8,4.8,20.3,112.0,115,,smailal01,14.5,0.61,0.325,0.475,7.5,13.7,10.5,14.3,1.0,2.6,18.5,18.2,0.2,0.1,0.2,0.081,-1.5,-0.7,-2.2,0.0
433,Stephen Curry,31,GSW,PG,5,5,139,11.4,28.2,0.402,4.1,16.9,0.245,7.2,11.4,0.636,0.476,9.0,9.0,1.0,1.4,7.6,9.0,11.4,1.7,0.7,5.5,3.8,35.8,109.0,113,,curryst01,21.7,0.557,0.598,0.317,3.0,17.8,10.1,42.3,1.7,1.3,14.6,33.6,0.2,0.1,0.3,0.103,4.5,-0.6,3.9,0.2
434,Oshae Brissett,21,TOR,SF,19,0,135,4.6,12.7,0.361,1.1,5.3,0.2,3.5,7.4,0.476,0.403,2.8,3.5,0.8,3.2,6.0,9.2,2.5,1.4,0.4,2.5,6.3,13.0,96.0,107,,brissos01,6.7,0.458,0.417,0.278,7.2,13.0,10.2,7.0,1.4,0.7,14.8,15.0,-0.1,0.2,0.1,0.043,-5.8,0.4,-5.3,-0.1
435,Juwan Morgan,22,UTA,PF,21,0,134,5.4,9.4,0.577,1.1,2.9,0.375,4.4,6.5,0.667,0.635,1.1,1.5,0.75,3.6,6.9,10.5,2.2,0.4,0.7,2.2,6.9,13.1,121.0,112,,morgaju01,10.1,0.648,0.308,0.154,8.5,15.1,11.9,6.2,0.4,1.2,17.8,11.0,0.2,0.1,0.3,0.106,-2.9,-0.3,-3.2,0.0
436,Donta Hall,22,2TM,PF,9,0,133,5.4,7.9,0.682,0.0,0.0,,5.4,7.9,0.682,0.682,3.2,6.5,0.5,5.1,8.7,13.7,1.4,1.1,2.2,1.8,8.3,14.1,125.0,109,,halldo01,13.6,0.652,0.0,0.818,11.4,19.2,15.4,4.2,1.1,3.8,14.3,11.1,0.2,0.2,0.4,0.137,-3.5,-0.4,-3.9,-0.1
436,Donta Hall,22,DET,PF,4,0,48,1.0,4.1,0.25,0.0,0.0,,1.0,4.1,0.25,0.25,4.1,6.1,0.667,6.1,9.2,15.4,2.0,1.0,1.0,2.0,9.2,6.1,111.0,112,,halldo01,7.3,0.452,0.0,1.5,14.0,21.6,17.7,5.3,1.0,1.7,23.1,7.9,0.0,0.0,0.1,0.067,-5.7,-1.3,-7.0,-0.1
436,Donta Hall,22,BRK,C,5,0,85,7.8,10.0,0.778,0.0,0.0,,7.8,10.0,0.778,0.778,2.8,6.7,0.417,4.5,8.4,12.8,1.1,1.1,2.8,1.7,7.8,18.4,131.0,107,,halldo01,17.2,0.709,0.0,0.667,9.9,17.9,14.0,3.5,1.1,4.9,11.4,12.9,0.2,0.1,0.3,0.177,-2.2,0.2,-2.1,0.0
437,Vincent Poirier,26,BOS,C,22,0,130,6.3,13.4,0.472,0.4,0.7,0.5,5.9,12.6,0.471,0.486,2.2,2.6,0.857,4.8,11.1,16.0,3.0,0.7,3.3,3.0,9.3,15.2,107.0,104,,poirivi01,12.7,0.525,0.056,0.194,10.8,24.4,17.7,8.5,0.7,6.4,17.0,15.4,0.1,0.2,0.3,0.113,-4.8,1.0,-3.8,-0.1
438,Thanasis Antetokounmpo,27,MIL,SF,20,2,129,8.5,17.0,0.5,0.0,3.5,0.0,8.5,13.5,0.632,0.5,2.5,6.0,0.412,4.2,4.2,8.5,5.3,2.5,0.7,4.2,6.4,19.5,98.0,103,,antetth01,12.2,0.496,0.208,0.354,9.8,8.7,9.2,16.3,2.5,1.4,17.8,21.6,-0.1,0.2,0.2,0.07,-4.6,1.4,-3.2,0.0
439,Melvin Frazier,23,ORL,SG,19,0,126,5.8,13.1,0.441,3.1,6.2,0.5,2.7,7.0,0.389,0.559,0.8,1.5,0.5,0.8,3.1,3.9,1.2,3.5,0.8,1.9,4.3,15.5,100.0,108,,frazime01,9.8,0.559,0.471,0.118,1.7,7.1,4.3,3.4,3.5,1.4,12.3,14.0,0.0,0.2,0.2,0.057,-3.5,1.2,-2.3,0.0
440,Tremont Waters,22,BOS,PG,11,1,119,5.7,19.9,0.286,1.6,9.7,0.167,4.1,10.1,0.4,0.327,3.2,3.2,1.0,0.0,4.9,4.9,6.5,4.1,0.8,6.1,5.3,16.2,73.0,103,,watertr01,4.3,0.381,0.49,0.163,0.0,10.7,5.4,18.3,4.1,1.6,22.2,24.2,-0.5,0.2,-0.3,-0.103,-8.5,1.0,-7.5,-0.2
441,Alize Johnson,23,IND,PF,17,1,118,4.9,11.9,0.414,1.2,3.3,0.375,3.7,8.6,0.429,0.466,2.9,4.1,0.7,6.6,13.2,19.7,2.9,1.2,0.8,2.9,4.9,14.0,108.0,105,,johnsal02,13.3,0.509,0.276,0.345,15.0,29.4,22.3,7.7,1.2,1.5,17.3,15.0,0.1,0.2,0.3,0.111,-1.8,0.2,-1.6,0.0
442,Frank Mason III,25,MIL,PG,9,0,118,8.9,19.7,0.451,2.3,8.1,0.286,6.6,11.6,0.567,0.51,3.9,6.6,0.588,1.9,5.4,7.4,11.2,1.9,0.4,4.3,4.3,24.0,110.0,104,,masonfr01,16.9,0.53,0.412,0.333,4.5,11.1,8.0,35.0,1.9,0.7,15.8,24.3,0.1,0.2,0.4,0.143,-0.6,0.6,0.0,0.1
443,Kadeem Allen,27,NYK,PG,10,0,117,7.9,18.3,0.432,2.1,6.7,0.313,5.8,11.7,0.5,0.489,2.9,4.6,0.636,0.8,2.9,3.7,8.7,2.1,0.8,3.3,2.9,20.8,106.0,114,,allenka01,14.0,0.512,0.364,0.25,1.8,6.6,4.1,27.0,2.1,1.6,14.1,20.6,0.1,0.1,0.1,0.053,-0.3,-0.7,-0.9,0.0
444,Adam Mokoka,21,CHI,SF,11,0,112,5.2,12.0,0.429,2.6,6.5,0.4,2.6,5.6,0.462,0.536,0.9,1.7,0.5,3.0,1.3,4.3,1.7,1.7,0.0,0.9,7.3,13.8,115.0,114,,mokokad01,8.2,0.538,0.536,0.143,6.6,3.1,4.9,5.0,1.7,0.0,6.3,12.1,0.1,0.1,0.2,0.073,-2.9,-1.2,-4.1,-0.1
445,Miye Oni,22,UTA,SF,10,1,109,5.4,14.3,0.375,3.1,8.5,0.368,2.2,5.8,0.385,0.484,1.8,2.2,0.8,2.2,5.4,7.6,1.8,1.8,0.9,1.8,4.0,15.6,104.0,110,,onimi01,9.7,0.512,0.594,0.156,5.2,11.7,8.6,5.1,1.8,1.5,10.5,15.3,0.0,0.1,0.1,0.063,-3.1,-1.1,-4.3,-0.1
446,Justin Anderson,26,BRK,SG,10,1,107,4.4,16.8,0.263,2.7,12.8,0.207,1.8,4.0,0.444,0.342,0.9,1.8,0.5,0.4,8.8,9.3,3.5,0.0,2.7,1.8,5.7,12.4,78.0,109,,anderju01,3.2,0.352,0.763,0.105,1.0,18.9,10.2,10.1,0.0,4.7,9.1,17.1,-0.2,0.1,-0.1,-0.054,-6.8,-1.0,-7.7,-0.2
447,Chimezie Metu,22,SAS,C,18,0,105,10.9,19.1,0.571,0.0,0.9,0.0,10.9,18.2,0.6,0.571,4.6,5.9,0.769,5.5,9.6,15.0,4.6,1.4,2.7,4.6,3.2,26.4,113.0,110,,metuch01,22.2,0.608,0.048,0.31,12.3,21.6,16.9,14.9,1.4,5.0,17.3,23.7,0.2,0.1,0.3,0.13,1.7,-0.1,1.7,0.1
448,Yuta Watanabe,25,MEM,SF,18,0,105,6.7,15.1,0.441,1.3,3.6,0.375,5.3,11.6,0.462,0.485,1.3,3.6,0.375,3.1,5.8,8.9,2.2,2.2,0.4,0.9,4.0,16.0,105.0,110,,watanyu01,11.2,0.48,0.235,0.235,7.2,12.8,10.0,6.4,2.2,0.8,5.1,15.7,0.0,0.1,0.1,0.065,-2.4,0.7,-1.7,0.0
449,Jaylen Hoard,20,POR,PF,13,0,103,6.9,14.8,0.469,0.0,1.4,0.0,6.9,13.4,0.517,0.469,3.7,6.0,0.615,6.5,8.3,14.8,1.9,2.3,0.0,1.9,5.6,17.6,113.0,113,,hoardja01,14.9,0.504,0.094,0.406,14.4,18.1,16.2,5.3,2.3,0.0,9.6,17.2,0.1,0.1,0.2,0.093,-0.8,-1.3,-2.1,0.0
450,Jeremiah Martin,23,BRK,PG,9,0,99,11.5,25.3,0.453,2.4,8.6,0.278,9.1,16.7,0.543,0.5,5.3,6.7,0.786,0.5,4.3,4.8,8.6,3.3,1.0,1.9,3.3,30.6,116.0,107,,martije02,21.8,0.541,0.34,0.264,1.1,9.2,5.2,30.8,3.3,1.7,6.3,26.7,0.2,0.1,0.4,0.176,1.5,1.7,3.2,0.1
451,Lance Thomas,31,BRK,PF,7,4,98,3.9,11.1,0.348,1.9,6.3,0.308,1.9,4.8,0.4,0.435,1.9,1.9,1.0,1.0,5.3,6.3,2.9,0.0,0.0,2.9,5.3,11.6,91.0,115,,thomala01,3.0,0.485,0.565,0.174,2.2,11.4,6.9,8.2,0.0,0.0,19.5,13.1,-0.1,0.1,0.0,-0.015,-5.7,-2.5,-8.2,-0.2
452,Jarrell Brantley,23,UTA,PF,9,0,96,5.1,14.2,0.357,1.5,6.6,0.231,3.5,7.6,0.467,0.411,0.5,1.0,0.5,1.0,9.1,10.1,5.6,1.5,2.5,3.5,3.5,12.2,85.0,106,,brantja01,8.0,0.416,0.464,0.071,2.4,19.9,11.5,15.8,1.5,4.3,19.5,16.3,-0.2,0.1,0.0,-0.006,-5.3,0.7,-4.6,-0.1
453,Bol Bol,20,DEN,PF,7,0,87,8.0,15.9,0.5,2.3,5.1,0.444,5.7,10.8,0.526,0.571,4.5,5.7,0.8,2.8,8.0,10.8,3.4,1.1,3.4,5.7,6.2,22.7,102.0,108,,bolbo01,14.4,0.617,0.321,0.357,6.4,18.0,12.2,9.8,1.1,6.4,23.6,21.2,0.0,0.1,0.1,0.063,-2.3,-0.7,-3.0,0.0
454,Andre Roberson,28,OKC,SF,7,0,87,4.5,16.2,0.276,1.7,7.8,0.214,2.8,8.4,0.333,0.328,0.6,1.1,0.5,3.9,11.2,15.1,2.2,0.6,1.7,1.1,7.3,11.2,84.0,108,,roberan03,5.4,0.335,0.483,0.069,9.2,24.7,17.1,6.3,0.6,3.0,6.3,16.1,-0.1,0.1,0.0,-0.017,-5.2,-0.2,-5.4,-0.1
455,Paul Watson,25,2TM,SF,10,0,87,5.4,14.2,0.385,2.2,6.5,0.333,3.3,7.6,0.429,0.462,3.8,4.9,0.778,1.1,8.2,9.3,4.4,2.2,0.5,1.6,2.7,16.9,106.0,106,,watsopa01,12.6,0.517,0.462,0.346,2.5,17.9,10.3,12.4,2.2,1.1,9.1,16.1,0.0,0.1,0.2,0.097,-1.1,0.9,-0.2,0.0
455,Paul Watson,25,ATL,SF,2,0,17,0.0,19.2,0.0,0.0,8.2,0.0,0.0,11.0,0.0,0.0,0.0,0.0,,0.0,5.5,5.5,8.2,2.7,0.0,0.0,2.7,0.0,27.0,114,,watsopa01,-7.1,0.0,0.429,0.0,0.0,12.8,6.3,21.1,2.7,0.0,0.0,17.1,-0.1,0.0,-0.1,-0.32,-11.5,-1.6,-13.1,0.0
455,Paul Watson,25,TOR,SF,8,0,70,6.8,12.9,0.526,2.7,6.1,0.444,4.1,6.8,0.6,0.632,4.8,6.1,0.778,1.4,8.8,10.2,3.4,2.0,0.7,2.0,2.7,21.1,127.0,104,,watsopa01,17.3,0.675,0.474,0.474,3.1,19.2,11.3,10.3,2.0,1.4,11.6,15.9,0.2,0.1,0.3,0.198,1.4,1.4,2.9,0.1
456,B.J. Johnson,24,ORL,SF,10,0,83,5.3,18.8,0.281,1.8,5.3,0.333,3.5,13.5,0.261,0.328,5.3,5.9,0.9,1.8,7.0,8.8,1.8,1.8,0.0,3.5,1.8,17.6,81.0,111,,johnsbj01,5.4,0.412,0.281,0.313,3.8,16.1,9.7,5.1,1.8,0.0,14.2,22.1,-0.2,0.1,-0.1,-0.074,-5.8,-3.2,-9.0,-0.1
457,Gabe Vincent,23,MIA,PG,9,0,83,4.7,21.8,0.216,3.5,15.9,0.222,1.2,5.9,0.2,0.297,0.0,0.0,,0.0,2.9,2.9,3.5,2.9,0.0,0.6,3.5,12.9,70.0,110,,vincega01,1.2,0.297,0.73,0.0,0.0,6.5,3.4,10.1,2.9,0.0,2.6,20.2,-0.3,0.1,-0.2,-0.117,-8.5,-1.9,-10.4,-0.2
458,Devon Hall,24,OKC,PG,11,0,81,3.6,18.0,0.2,2.4,10.2,0.235,1.2,7.8,0.154,0.267,2.4,4.8,0.5,1.2,3.0,4.2,7.8,2.4,0.6,3.0,3.6,12.0,74.0,110,,hallde01,3.1,0.298,0.567,0.267,2.8,6.6,4.8,21.3,2.4,1.1,13.0,20.9,-0.3,0.1,-0.2,-0.116,-6.0,-0.7,-6.7,-0.1
459,Talen Horton-Tucker,19,LAL,SG,6,1,81,8.2,17.6,0.467,2.3,7.6,0.308,5.9,10.0,0.588,0.533,1.2,2.3,0.5,1.2,2.9,4.1,3.5,4.7,0.6,3.5,5.9,20.0,97.0,103,,hortota01,12.3,0.535,0.433,0.133,2.7,6.7,4.7,10.5,4.7,1.1,15.9,19.7,0.0,0.2,0.1,0.07,-4.0,2.0,-2.1,0.0
460,Jerian Grant,27,WAS,SG,6,0,80,5.8,15.8,0.37,1.2,4.7,0.25,4.7,11.1,0.421,0.407,2.9,4.1,0.714,1.2,2.3,3.5,5.3,0.6,0.6,1.8,6.4,15.8,99.0,120,,grantje02,6.6,0.449,0.296,0.259,2.6,5.7,4.1,15.3,0.6,1.1,9.1,17.2,0.0,0.0,0.0,-0.018,-4.5,-2.0,-6.5,-0.1
461,J.R. Smith,34,LAL,SG,6,0,79,4.2,13.2,0.318,0.6,6.6,0.091,3.6,6.6,0.545,0.341,1.2,1.2,1.0,0.0,3.0,3.0,1.8,0.6,0.0,2.4,3.0,10.2,72.0,113,,smithjr01,0.0,0.372,0.5,0.091,0.0,6.9,3.5,4.8,0.6,0.0,14.9,14.3,-0.2,0.1,-0.1,-0.077,-7.8,-2.0,-9.8,-0.2
462,Quinndary Weatherspoon,23,SAS,SG,11,0,78,3.1,10.4,0.294,0.6,3.1,0.2,2.5,7.4,0.333,0.324,0.6,1.2,0.5,0.6,3.7,4.3,6.7,1.8,0.6,3.1,4.9,7.4,77.0,115,,weathqu01,3.2,0.336,0.294,0.118,1.4,8.3,4.8,17.5,1.8,1.1,21.9,12.7,-0.2,0.0,-0.1,-0.071,-6.4,-1.0,-7.4,-0.1
463,Amile Jefferson,26,ORL,PF,18,0,74,3.3,9.2,0.357,0.0,0.0,,3.3,9.2,0.357,0.357,3.3,9.2,0.357,6.6,8.6,15.1,2.6,0.7,2.0,2.0,4.6,9.9,95.0,110,,jeffeam01,8.9,0.372,0.0,1.0,14.1,19.5,16.7,7.2,0.7,3.7,13.0,13.5,0.0,0.1,0.0,0.023,-4.8,-1.0,-5.8,-0.1
464,Dean Wade,23,CLE,PF,12,0,71,6.2,8.9,0.692,1.4,2.7,0.5,4.8,6.2,0.778,0.769,0.0,0.7,0.0,2.1,11.0,13.0,1.4,1.4,2.7,2.1,5.5,13.7,122.0,111,,wadede01,13.9,0.744,0.308,0.077,4.6,25.3,14.9,4.0,1.4,4.8,18.2,9.9,0.1,0.1,0.2,0.105,-1.7,0.5,-1.3,0.0
465,Mfiondu Kabengele,22,LAC,C,12,0,64,10.3,23.6,0.438,6.6,14.8,0.45,3.7,8.9,0.417,0.578,3.7,3.7,1.0,0.7,7.4,8.1,1.5,1.5,1.5,1.5,6.6,31.0,119.0,107,,kabenmf01,18.2,0.614,0.625,0.156,1.7,15.8,8.9,4.9,1.5,2.8,5.5,23.7,0.1,0.1,0.2,0.173,2.3,-0.1,2.2,0.1
466,Louis King,20,DET,SF,10,0,62,6.3,16.7,0.381,3.2,8.7,0.364,3.2,7.9,0.4,0.476,0.0,2.4,0.0,0.8,7.1,7.9,4.0,1.6,0.0,1.6,7.9,15.9,93.0,113,,kinglo02,6.2,0.448,0.524,0.143,1.8,16.7,9.2,11.8,1.6,0.0,8.2,17.1,-0.1,0.0,0.0,-0.007,-5.1,-1.1,-6.2,-0.1
467,Vic Law,24,ORL,PF,8,0,62,4.7,14.1,0.333,0.8,5.5,0.143,3.9,8.6,0.455,0.361,1.6,4.7,0.333,1.6,7.1,8.6,2.4,1.6,0.0,1.6,4.7,11.8,79.0,111,,lawvi01,3.7,0.363,0.389,0.333,3.4,16.2,9.6,6.7,1.6,0.0,8.8,15.8,-0.1,0.1,-0.1,-0.052,-7.0,-2.6,-9.6,-0.1
468,Khyri Thomas,23,DET,SG,8,0,61,4.0,13.7,0.294,4.0,11.3,0.357,0.0,2.4,0.0,0.441,1.6,3.2,0.5,0.8,0.0,0.8,2.4,2.4,0.0,2.4,7.3,13.7,88.0,116,,thomakh01,3.1,0.453,0.824,0.235,1.8,0.0,0.9,6.7,2.4,0.0,13.8,15.6,-0.1,0.0,0.0,-0.038,-6.2,-1.7,-7.9,-0.1
469,Chandler Parsons,31,ATL,PF,5,0,54,4.3,15.5,0.278,3.5,12.1,0.286,0.9,3.5,0.25,0.389,0.0,0.0,,0.9,5.2,6.0,2.6,3.5,0.9,2.6,2.6,12.1,77.0,112,,parsoch01,5.6,0.389,0.778,0.0,2.0,12.1,7.0,7.5,3.5,1.6,14.3,16.1,-0.1,0.0,-0.1,-0.065,-4.4,-1.6,-6.0,-0.1
470,Tyler Cook,22,2TM,PF,13,0,54,7.2,10.9,0.667,0.0,0.0,,7.2,10.9,0.667,0.667,6.3,7.2,0.875,5.4,7.2,12.7,0.9,2.7,0.0,2.7,4.5,20.8,135.0,112,,cookty01,19.4,0.741,0.0,0.667,12.3,16.6,14.4,2.9,2.7,0.0,16.2,14.7,0.2,0.0,0.2,0.182,0.3,-0.5,-0.2,0.0
470,Tyler Cook,22,CLE,PF,11,0,35,9.7,13.9,0.7,0.0,0.0,,9.7,13.9,0.7,0.7,7.0,8.3,0.833,5.6,8.3,13.9,1.4,1.4,0.0,1.4,5.6,26.4,150.0,116,,cookty01,23.9,0.752,0.0,0.6,12.6,19.2,15.9,4.5,1.4,0.0,7.3,16.7,0.2,0.0,0.2,0.244,2.9,-0.6,2.3,0.0
470,Tyler Cook,22,DEN,SF,2,0,19,2.6,5.2,0.5,0.0,0.0,,2.6,5.2,0.5,0.5,5.2,5.2,1.0,5.2,5.2,10.4,0.0,5.2,0.0,5.2,2.6,10.4,99.0,105,,cookty01,11.3,0.694,0.0,1.0,11.8,11.8,11.8,0.0,5.2,0.0,41.0,11.2,0.0,0.0,0.0,0.069,-4.4,-0.4,-4.8,0.0
471,Jordan Bone,22,DET,PG,10,0,53,4.6,18.6,0.25,1.9,9.3,0.2,2.8,9.3,0.3,0.3,0.0,0.0,,0.0,3.7,3.7,7.4,0.9,0.0,1.9,5.6,11.1,76.0,117,,bonejo01,0.8,0.3,0.5,0.0,0.0,8.7,4.3,21.0,0.9,0.0,9.1,18.1,-0.1,0.0,-0.1,-0.117,-9.1,-2.8,-11.9,-0.1
472,Ignas Brazdeikis,21,NYK,SF,9,0,53,5.5,20.2,0.273,0.9,8.3,0.111,4.6,11.9,0.385,0.295,3.7,4.6,0.8,1.8,2.8,4.6,3.7,0.0,0.9,1.8,2.8,15.6,82.0,119,,brazdig01,3.2,0.351,0.409,0.227,3.9,6.2,5.0,10.6,0.0,1.8,7.6,21.0,-0.1,0.0,-0.1,-0.108,-5.1,-3.9,-9.0,-0.1
473,Jarrod Uthoff,26,2TM,PF,7,0,53,6.2,15.9,0.389,2.6,7.9,0.333,3.5,7.9,0.444,0.472,1.8,1.8,1.0,1.8,3.5,5.3,0.0,0.9,0.0,0.0,1.8,16.8,105.0,119,,uthofja01,8.8,0.503,0.5,0.111,4.0,8.6,6.1,0.0,0.9,0.0,0.0,14.8,0.0,0.0,0.0,0.018,-2.2,-2.4,-4.6,0.0
473,Jarrod Uthoff,26,MEM,PF,4,0,14,3.3,23.3,0.143,0.0,13.3,0.0,3.3,10.0,0.333,0.143,6.7,6.7,1.0,3.3,0.0,3.3,0.0,3.3,0.0,0.0,3.3,13.3,67.0,112,,uthofja01,-0.1,0.254,0.571,0.286,7.7,0.0,3.8,0.0,3.3,0.0,0.0,23.4,-0.1,0.0,0.0,-0.166,-10.9,-3.0,-13.9,0.0
473,Jarrod Uthoff,26,WAS,PF,3,0,39,7.2,13.2,0.545,3.6,6.0,0.6,3.6,7.2,0.5,0.682,0.0,0.0,,1.2,4.8,6.0,0.0,0.0,0.0,0.0,1.2,18.0,135.0,121,,uthofja01,12.0,0.682,0.455,0.0,2.7,11.7,7.0,0.0,0.0,0.0,0.0,11.7,0.1,0.0,0.1,0.083,0.9,-2.2,-1.3,0.0
474,Kevin Hervey,23,OKC,PF,10,0,52,6.5,25.2,0.259,2.8,18.7,0.15,3.7,6.5,0.571,0.315,0.0,0.0,,0.9,10.3,11.2,4.7,0.9,0.9,0.0,3.7,15.9,78.0,109,,herveke01,5.0,0.315,0.741,0.0,2.2,22.7,12.7,13.9,0.9,1.7,0.0,22.8,-0.2,0.1,-0.1,-0.085,-4.0,-1.1,-5.1,0.0
475,Zylan Cheatham,24,NOP,PF,4,0,51,5.4,8.2,0.667,0.0,0.9,0.0,5.4,7.3,0.75,0.667,0.0,0.0,,2.7,5.4,8.2,2.7,0.9,0.9,3.6,9.1,10.9,103.0,114,,cheatzy01,6.7,0.667,0.111,0.0,6.2,12.5,9.4,7.7,0.9,1.6,30.8,10.4,0.0,0.0,0.0,0.034,-6.6,-0.5,-7.2,-0.1
476,Nigel Williams-Goss,25,UTA,PG,10,0,50,4.9,15.6,0.313,1.9,6.8,0.286,2.9,8.8,0.333,0.375,1.9,1.9,1.0,1.9,3.9,5.8,5.8,2.9,1.0,2.9,5.8,13.6,92.0,108,,willini01,8.1,0.415,0.438,0.125,4.6,8.5,6.6,16.4,2.9,1.7,15.1,17.4,-0.1,0.1,0.0,0.017,-5.2,1.3,-3.9,0.0
477,Joakim Noah,34,LAC,C,5,0,50,3.8,7.6,0.5,0.0,0.0,,3.8,7.6,0.5,0.5,5.7,7.6,0.75,4.7,10.4,15.1,6.6,0.9,0.9,5.7,8.5,13.2,107.0,107,,noahjo01,11.1,0.608,0.0,1.0,10.7,22.3,16.6,17.9,0.9,1.8,34.2,14.7,0.0,0.1,0.1,0.096,-4.1,2.5,-1.6,0.0
478,Justin Robinson,22,WAS,PG,9,0,49,4.8,11.4,0.417,2.9,4.8,0.6,1.9,6.7,0.286,0.542,0.0,0.0,,1.0,3.8,4.8,6.7,0.0,1.0,2.9,1.9,12.4,105.0,120,,robinju01,8.2,0.542,0.417,0.0,2.1,9.3,5.6,18.8,0.0,1.8,20.0,12.7,0.0,0.0,0.0,0.007,-2.6,-3.1,-5.7,0.0
479,Luka Šamanić,20,SAS,PF,3,1,48,5.0,15.9,0.313,3.0,8.0,0.375,2.0,8.0,0.25,0.406,3.0,4.0,0.75,1.0,9.0,10.0,6.0,0.0,2.0,2.0,6.0,15.9,98.0,115,,samanlu01,8.8,0.45,0.5,0.25,2.2,20.2,11.2,16.3,0.0,3.7,10.1,17.8,0.0,0.0,0.0,0.011,-2.4,-1.7,-4.1,0.0
480,Naz Mitrou-Long,26,IND,SG,5,0,47,6.2,17.5,0.353,2.1,12.4,0.167,4.1,5.2,0.8,0.412,0.0,0.0,,0.0,7.2,7.2,8.3,1.0,1.0,3.1,2.1,14.5,87.0,109,,mitrona01,7.8,0.412,0.706,0.0,0.0,16.2,8.2,22.8,1.0,1.9,15.0,18.7,-0.1,0.1,0.0,-0.022,-3.5,2.1,-1.4,0.0
481,Jonah Bolden,24,2TM,C,7,0,47,4.1,11.2,0.364,0.0,4.1,0.0,4.1,7.1,0.571,0.364,2.0,4.1,0.5,3.0,6.1,9.1,0.0,3.0,2.0,2.0,10.1,10.1,80.0,106,,boldejo01,4.9,0.392,0.364,0.364,7.0,14.3,10.6,0.0,3.0,3.7,13.6,13.4,-0.1,0.1,0.0,-0.006,-8.8,-0.4,-9.2,-0.1
481,Jonah Bolden,24,PHI,C,4,0,14,6.9,10.4,0.667,0.0,3.5,0.0,6.9,6.9,1.0,0.667,0.0,6.9,0.0,0.0,3.5,3.5,0.0,3.5,0.0,6.9,13.8,13.8,57.0,108,,boldejo01,-2.0,0.515,0.333,0.667,0.0,7.9,3.9,0.0,3.5,0.0,34.0,18.1,-0.1,0.0,0.0,-0.15,-14.1,-0.7,-14.7,0.0
481,Jonah Bolden,24,PHO,C,3,0,33,2.9,11.5,0.25,0.0,4.3,0.0,2.9,7.2,0.4,0.25,2.9,2.9,1.0,4.3,7.2,11.5,0.0,2.9,2.9,0.0,8.6,8.6,94.0,105,,boldejo01,7.9,0.338,0.375,0.25,10.0,17.0,13.5,0.0,2.9,5.3,0.0,11.4,0.0,0.1,0.0,0.054,-6.6,-0.3,-6.9,0.0
482,Antonius Cleveland,25,DAL,SG,11,0,46,4.2,14.7,0.286,0.0,3.2,0.0,4.2,11.6,0.364,0.286,3.2,5.3,0.6,2.1,5.3,7.4,1.1,1.1,3.2,2.1,8.4,11.6,74.0,110,,clevean01,2.5,0.34,0.214,0.357,4.6,11.3,8.0,2.8,1.1,5.6,11.0,16.9,-0.1,0.0,-0.1,-0.076,-9.0,-1.0,-10.1,-0.1
483,Jarred Vanderbilt,20,2TM,PF,11,0,46,5.3,8.5,0.625,0.0,1.1,0.0,5.3,7.5,0.714,0.625,2.1,2.1,1.0,3.2,6.4,9.6,2.1,3.2,1.1,7.5,6.4,12.8,81.0,108,,vandeja01,7.6,0.676,0.125,0.25,7.3,14.5,10.9,5.9,3.2,2.0,44.1,14.9,-0.1,0.1,0.0,-0.026,-6.8,0.5,-6.3,-0.1
483,Jarred Vanderbilt,20,DEN,PF,9,0,41,6.0,8.4,0.714,0.0,0.0,,6.0,8.4,0.714,0.714,0.0,0.0,,3.6,6.0,9.6,2.4,3.6,1.2,8.4,7.2,12.1,77.0,107,,vandeja01,7.2,0.714,0.0,0.0,8.2,13.6,10.9,6.6,3.6,2.3,50.0,14.8,-0.1,0.1,0.0,-0.042,-7.3,0.9,-6.4,0.0
483,Jarred Vanderbilt,20,MIN,PF,2,0,5,0.0,9.3,0.0,0.0,9.3,0.0,0.0,0.0,,0.0,18.6,18.6,1.0,0.0,9.3,9.3,0.0,0.0,0.0,0.0,0.0,18.6,124.0,116,,vandeja01,11.1,0.532,1.0,2.0,0.0,21.9,10.6,0.0,0.0,0.0,0.0,15.5,0.0,0.0,0.0,0.104,-2.8,-2.8,-5.6,0.0
484,Vlatko Čančar,22,DEN,PF,14,0,45,6.6,16.5,0.4,1.1,6.6,0.167,5.5,9.9,0.556,0.433,4.4,4.4,1.0,5.5,5.5,11.0,3.3,1.1,1.1,3.3,7.7,18.7,106.0,113,,cancavl01,11.4,0.507,0.4,0.267,12.5,12.4,12.4,9.1,1.1,2.1,15.2,19.1,0.0,0.0,0.1,0.062,-3.6,-1.2,-4.8,0.0
485,Justin Wright-Foreman,22,UTA,PG,4,0,45,7.6,21.6,0.35,2.2,10.8,0.2,5.4,10.8,0.5,0.4,3.2,4.3,0.75,0.0,5.4,5.4,7.6,2.2,0.0,3.2,5.4,20.5,93.0,110,,wrighju02,8.8,0.437,0.5,0.2,0.0,11.8,6.1,23.0,2.2,0.0,12.1,24.1,-0.1,0.1,0.0,-0.008,-7.0,-2.0,-9.0,-0.1
486,Udonis Haslem,39,MIA,C,4,1,44,4.4,12.2,0.364,1.1,3.3,0.333,3.3,8.9,0.375,0.409,3.3,4.4,0.75,1.1,16.6,17.7,1.1,0.0,0.0,1.1,6.7,13.3,97.0,109,,hasleud01,6.5,0.47,0.273,0.364,2.6,36.7,20.3,3.2,0.0,0.0,7.3,13.8,0.0,0.1,0.0,0.041,-5.8,-1.6,-7.4,-0.1
487,Jeremy Pargo,33,GSW,PG,3,0,44,12.0,23.9,0.5,3.3,7.6,0.429,8.7,16.3,0.533,0.568,0.0,1.1,0.0,1.1,2.2,3.3,8.7,1.1,0.0,4.4,8.7,27.2,103.0,119,,pargoje01,12.6,0.557,0.318,0.045,2.4,5.1,3.7,33.2,1.1,0.0,15.1,25.7,0.0,0.0,0.0,0.011,-2.8,-3.1,-5.9,0.0
488,Johnathan Motley,24,LAC,PF,13,0,41,12.7,17.3,0.733,1.2,1.2,1.0,11.5,16.1,0.714,0.767,5.8,8.1,0.714,3.5,8.1,11.5,9.2,3.5,0.0,5.8,6.9,32.3,132.0,104,,motlejo01,28.5,0.774,0.067,0.467,7.8,17.3,12.7,32.9,3.5,0.0,21.7,23.5,0.2,0.1,0.3,0.299,4.8,3.3,8.1,0.1
489,Zach Norvell,22,2TM,SG,5,0,41,3.5,14.0,0.25,3.5,9.3,0.375,0.0,4.7,0.0,0.375,1.2,1.2,1.0,0.0,7.0,7.0,3.5,2.3,0.0,3.5,4.7,11.7,74.0,112,,norveza01,2.6,0.402,0.667,0.083,0.0,16.3,7.9,10.2,2.3,0.0,19.4,16.1,-0.1,0.0,-0.1,-0.084,-7.1,-1.2,-8.4,-0.1
489,Zach Norvell,22,LAL,SG,2,0,5,0.0,9.5,0.0,0.0,0.0,,0.0,9.5,0.0,0.0,0.0,0.0,,0.0,9.5,9.5,0.0,0.0,0.0,0.0,0.0,0.0,0.0,111,,norveza01,-5.6,0.0,0.0,0.0,0.0,21.6,10.9,0.0,0.0,0.0,0.0,8.4,0.0,0.0,0.0,-0.152,-10.3,-2.5,-12.8,0.0
489,Zach Norvell,22,GSW,SG,3,0,36,4.0,14.6,0.273,4.0,10.6,0.375,0.0,4.0,0.0,0.409,1.3,1.3,1.0,0.0,6.6,6.6,4.0,2.7,0.0,4.0,5.3,13.3,78.0,113,,norveza01,3.7,0.437,0.727,0.091,0.0,15.6,7.5,11.7,2.7,0.0,20.8,17.1,-0.1,0.0,-0.1,-0.075,-6.7,-1.0,-7.7,-0.1
490,Charlie Brown Jr.,22,ATL,SG,10,0,40,7.0,22.1,0.316,3.5,10.5,0.333,3.5,11.6,0.3,0.395,5.8,5.8,1.0,2.3,2.3,4.7,2.3,2.3,2.3,3.5,3.5,23.3,93.0,114,,brownch02,11.0,0.472,0.474,0.263,5.3,5.5,5.4,7.3,2.3,4.2,12.4,25.1,0.0,0.0,0.0,-0.028,-1.2,-1.4,-2.5,0.0
491,Chasson Randle,26,GSW,PG,3,0,40,0.0,4.8,0.0,0.0,2.4,0.0,0.0,2.4,0.0,0.0,6.0,7.2,0.833,0.0,2.4,2.4,6.0,2.4,0.0,0.0,3.6,6.0,113.0,116,,randlch01,6.7,0.377,0.5,1.5,0.0,5.6,2.7,15.7,2.4,0.0,0.0,7.1,0.0,0.0,0.0,0.045,-6.0,0.2,-5.9,0.0
492,Josh Magette,30,ORL,PG,8,0,38,6.4,19.2,0.333,1.3,5.1,0.25,5.1,14.1,0.364,0.367,1.3,2.6,0.5,1.3,6.4,7.7,6.4,3.8,1.3,6.4,5.1,15.4,71.0,105,,magetjo01,5.1,0.378,0.267,0.133,2.7,14.6,8.5,19.2,3.8,2.4,23.9,23.7,-0.2,0.1,-0.1,-0.127,-7.9,1.6,-6.2,0.0
493,Sindarius Thornwell,25,NOP,SF,2,0,35,7.9,14.5,0.545,2.6,5.3,0.5,5.3,9.3,0.571,0.636,2.6,5.3,0.5,0.0,5.3,5.3,5.3,1.3,1.3,2.6,2.6,21.2,115.0,113,,thornsi01,14.7,0.627,0.364,0.364,0.0,12.2,6.1,16.1,1.3,2.4,13.6,17.3,0.0,0.0,0.1,0.101,0.4,-1.2,-0.8,0.0
494,Moses Brown,20,POR,C,9,0,33,5.8,14.4,0.4,0.0,0.0,,5.8,14.4,0.4,0.4,4.3,11.6,0.375,4.3,15.9,20.2,1.4,1.4,1.4,4.3,10.1,15.9,81.0,108,,brownmo01,6.7,0.407,0.0,0.8,9.6,34.5,22.2,4.0,1.4,2.6,18.2,21.2,-0.1,0.0,0.0,-0.065,-8.2,-1.8,-10.0,-0.1
495,Tacko Fall,24,BOS,C,7,0,33,16.1,20.5,0.786,0.0,0.0,,16.1,20.5,0.786,0.786,1.5,4.4,0.333,1.5,20.5,21.9,1.5,1.5,5.9,4.4,10.2,33.6,115.0,93,,fallta01,28.4,0.751,0.0,0.214,3.3,44.9,24.3,5.8,1.5,11.2,16.4,23.7,0.1,0.1,0.2,0.223,0.4,6.0,6.5,0.1
496,Corey Brewer,33,SAC,PF,5,0,33,2.9,5.9,0.5,0.0,1.5,0.0,2.9,4.4,0.667,0.5,1.5,4.4,0.333,2.9,8.8,11.8,2.9,5.9,0.0,2.9,10.3,7.4,91.0,102,,breweco01,8.7,0.47,0.25,0.75,6.7,21.0,13.6,7.7,5.9,0.0,27.3,9.6,0.0,0.1,0.0,0.064,-6.0,2.8,-3.2,0.0
497,Joe Chealey,24,CHO,PG,4,0,33,0.0,10.6,0.0,0.0,6.1,0.0,0.0,4.6,0.0,0.0,3.0,3.0,1.0,0.0,0.0,0.0,1.5,6.1,0.0,3.0,3.0,3.0,29.0,108,,chealjo01,-2.9,0.127,0.571,0.286,0.0,0.0,0.0,3.9,6.1,0.0,20.2,13.2,-0.2,0.0,-0.1,-0.188,-14.3,1.7,-12.5,-0.1
498,Zhaire Smith,20,PHI,SF,7,0,32,4.5,16.7,0.273,0.0,4.5,0.0,4.5,12.1,0.375,0.273,3.0,6.1,0.5,0.0,3.0,3.0,3.0,4.5,0.0,3.0,6.1,12.1,65.0,106,,smithzh01,1.1,0.313,0.273,0.364,0.0,6.9,3.5,8.2,4.5,0.0,13.6,19.9,-0.1,0.1,-0.1,-0.12,-10.2,0.4,-9.8,-0.1
499,Jalen Lecque,19,PHO,SG,5,0,32,5.9,14.8,0.4,0.0,5.9,0.0,5.9,8.9,0.667,0.4,3.0,3.0,1.0,0.0,3.0,3.0,3.0,0.0,0.0,3.0,4.4,14.8,86.0,118,,lecquja01,2.7,0.46,0.4,0.2,0.0,7.0,3.5,8.6,0.0,0.0,15.5,17.1,0.0,0.0,0.0,-0.065,-6.6,-2.9,-9.5,-0.1
500,Brian Bowen,21,IND,SF,6,1,31,4.7,15.7,0.3,0.0,3.1,0.0,4.7,12.5,0.375,0.3,0.0,0.0,,1.6,9.4,11.0,0.0,0.0,1.6,1.6,4.7,9.4,62.0,109,,bowenbr02,0.1,0.3,0.2,0.0,3.6,21.0,12.4,0.0,0.0,2.8,9.1,15.6,-0.1,0.0,-0.1,-0.107,-9.1,-1.8,-10.9,-0.1
501,Dewan Hernandez,23,TOR,C,6,0,28,8.5,23.8,0.357,1.7,3.4,0.5,6.8,20.4,0.333,0.393,5.1,8.5,0.6,8.5,15.3,23.8,5.1,1.7,0.0,5.1,10.2,23.8,95.0,101,,hernade01,12.9,0.432,0.143,0.357,19.3,33.2,26.4,16.4,1.7,0.0,15.6,29.3,0.0,0.1,0.0,0.043,-6.6,-3.0,-9.6,-0.1
502,Josh Reaves,22,DAL,SF,4,0,28,5.2,15.5,0.333,0.0,3.5,0.0,5.2,12.1,0.429,0.333,3.5,3.5,1.0,1.7,3.5,5.2,5.2,0.0,0.0,0.0,8.6,13.8,107.0,118,,reavejo02,5.8,0.405,0.222,0.222,3.8,7.4,5.6,14.2,0.0,0.0,0.0,15.1,0.0,0.0,0.0,0.031,-5.3,-4.0,-9.4,-0.1
503,Marial Shayok,24,PHI,SG,4,0,28,5.2,20.8,0.25,3.5,10.4,0.333,1.7,10.4,0.167,0.333,5.2,6.9,0.75,1.7,10.4,12.1,1.7,0.0,1.7,5.2,6.9,19.0,75.0,110,,shayoma01,1.4,0.4,0.5,0.333,3.9,23.7,13.8,4.8,0.0,3.0,17.9,25.8,-0.1,0.0,-0.1,-0.13,-9.3,-3.7,-13.0,-0.1
504,KZ Okpala,20,MIA,PF,5,0,26,5.6,9.4,0.6,0.0,1.9,0.0,5.6,7.5,0.75,0.6,1.9,3.8,0.5,1.9,7.5,9.4,1.9,3.8,1.9,1.9,3.8,13.1,110.0,103,,okpalkz01,13.7,0.595,0.2,0.4,4.5,16.6,10.8,5.5,3.8,3.8,14.5,11.7,0.0,0.0,0.1,0.118,-1.3,3.7,2.4,0.0
505,Luc Mbah a Moute,33,HOU,PF,3,0,25,3.7,9.3,0.4,0.0,3.7,0.0,3.7,5.6,0.667,0.4,1.9,3.7,0.5,1.9,1.9,3.7,0.0,3.7,0.0,1.9,0.0,9.3,82.0,110,,mbahalu01,6.4,0.425,0.4,0.4,4.2,4.2,4.2,0.0,3.7,0.0,14.5,11.4,0.0,0.0,0.0,-0.008,-5.2,-2.2,-7.4,0.0
506,Justin Patton,22,OKC,C,5,0,24,8.1,20.2,0.4,2.0,8.1,0.25,6.1,12.1,0.5,0.45,0.0,0.0,,2.0,8.1,10.1,4.0,0.0,0.0,4.0,8.1,18.2,86.0,113,,pattoju01,4.7,0.45,0.4,0.0,4.7,17.9,11.5,12.6,0.0,0.0,16.7,22.0,-0.1,0.0,0.0,-0.063,-6.8,-3.3,-10.1,0.0
507,Josh Gray,26,NOP,PG,2,0,23,2.0,4.0,0.5,0.0,0.0,,2.0,4.0,0.5,0.5,0.0,0.0,,2.0,2.0,4.0,4.0,0.0,0.0,10.1,2.0,4.0,47.0,119,,grayjo01,-5.0,0.5,0.0,0.0,4.6,4.6,4.6,10.4,0.0,0.0,71.4,12.5,-0.1,0.0,-0.1,-0.226,-11.4,-4.7,-16.0,-0.1
508,Kostas Antetokounmpo,22,LAL,PF,5,0,20,7.1,7.1,1.0,0.0,0.0,,7.1,7.1,1.0,1.0,2.4,4.8,0.5,4.8,2.4,7.1,4.8,0.0,0.0,2.4,4.8,16.6,153.0,115,,antetko01,16.3,0.902,0.0,0.667,11.1,5.4,8.2,13.7,0.0,0.0,20.5,10.3,0.1,0.0,0.1,0.193,0.2,-0.9,-0.7,0.0
509,Matt Mooney,23,CLE,SG,4,0,19,2.6,10.2,0.25,0.0,5.1,0.0,2.6,5.1,0.5,0.25,0.0,0.0,,0.0,7.7,7.7,2.6,5.1,2.6,0.0,2.6,5.1,69.0,104,,moonema01,8.1,0.25,0.5,0.0,0.0,17.7,8.8,6.7,5.1,4.5,0.0,9.0,0.0,0.0,0.0,0.007,-5.3,5.0,-0.4,0.0
510,Eric Mika,25,SAC,C,1,0,19,5.1,7.7,0.667,0.0,0.0,,5.1,7.7,0.667,0.667,5.1,5.1,1.0,5.1,12.8,17.9,0.0,0.0,0.0,0.0,12.8,15.3,173.0,113,,mikaer01,13.9,0.773,0.0,0.667,11.6,30.4,20.7,0.0,0.0,0.0,0.0,8.9,0.1,0.0,0.1,0.218,-1.9,-1.5,-3.4,0.0
511,Henry Ellenson,23,BRK,C,5,0,15,3.2,22.1,0.143,0.0,12.6,0.0,3.2,9.5,0.333,0.143,0.0,0.0,,6.3,12.6,18.9,3.2,0.0,0.0,0.0,3.2,6.3,60.0,111,,ellenhe01,-1.3,0.143,0.571,0.0,14.1,27.0,20.7,8.7,0.0,0.0,0.0,19.5,-0.1,0.0,-0.1,-0.183,-7.5,-3.4,-10.9,0.0
512,Stanton Kidd,27,UTA,SG,4,0,15,0.0,9.7,0.0,0.0,3.2,0.0,0.0,6.5,0.0,0.0,0.0,0.0,,0.0,9.7,9.7,3.2,0.0,0.0,6.5,9.7,0.0,13.0,112,,kiddst01,-13.7,0.0,0.333,0.0,0.0,21.3,11.0,8.0,0.0,0.0,40.0,14.6,-0.1,0.0,-0.1,-0.327,-16.2,-1.4,-17.6,-0.1
513,Tariq Owens,24,PHO,PF,3,0,15,3.2,15.8,0.2,0.0,6.3,0.0,3.2,9.5,0.333,0.2,6.3,6.3,1.0,6.3,3.2,9.5,0.0,3.2,0.0,0.0,3.2,12.6,96.0,111,,owensta01,8.4,0.34,0.4,0.4,14.6,7.5,11.1,0.0,3.2,0.0,0.0,16.7,0.0,0.0,0.0,0.021,-3.1,-2.7,-5.8,0.0
514,Daryl Macon,24,MIA,PG,4,0,14,3.5,10.5,0.333,3.5,7.0,0.5,0.0,3.5,0.0,0.5,0.0,0.0,,0.0,0.0,0.0,3.5,0.0,0.0,7.0,3.5,10.5,65.0,118,,maconda01,-3.1,0.5,0.667,0.0,0.0,0.0,0.0,9.7,0.0,0.0,40.0,15.7,0.0,0.0,0.0,-0.161,-7.3,-4.8,-12.0,0.0
515,Ryan Anderson,31,HOU,C,2,0,14,6.6,23.1,0.286,3.3,16.5,0.2,3.3,6.6,0.5,0.357,0.0,0.0,,0.0,23.1,23.1,6.6,3.3,0.0,3.3,3.3,16.5,78.0,98,,anderry01,9.4,0.357,0.714,0.0,0.0,52.9,26.2,20.4,3.3,0.0,12.5,23.7,0.0,0.0,0.0,-0.037,-3.3,0.5,-2.8,0.0
516,Kyle Alexander,23,MIA,C,2,0,13,3.8,7.5,0.5,0.0,0.0,,3.8,7.5,0.5,0.5,0.0,0.0,,7.5,3.8,11.3,0.0,0.0,0.0,3.8,3.8,7.5,96.0,116,,alexaky01,4.7,0.5,0.0,0.0,17.9,8.3,12.9,0.0,0.0,0.0,33.3,10.2,0.0,0.0,0.0,-0.003,-6.4,-3.7,-10.1,0.0
517,Dusty Hannahs,26,MEM,SG,2,0,13,14.4,32.3,0.444,7.2,10.8,0.667,7.2,21.5,0.333,0.556,7.2,7.2,1.0,0.0,3.6,3.6,0.0,0.0,0.0,0.0,3.6,43.1,120.0,117,,hannadu01,21.3,0.607,0.333,0.222,0.0,8.0,4.1,0.0,0.0,0.0,0.0,31.6,0.0,0.0,0.0,0.146,5.1,-2.1,3.1,0.0
518,William Howard,26,HOU,PF,2,0,13,0.0,14.2,0.0,0.0,14.2,0.0,0.0,0.0,,0.0,0.0,0.0,,0.0,7.1,7.1,3.6,0.0,0.0,3.6,3.6,0.0,14.0,115,,howarwi01,-12.7,0.0,1.0,0.0,0.0,16.3,8.1,9.1,0.0,0.0,20.0,15.9,-0.1,0.0,-0.1,-0.357,-14.2,-5.4,-19.6,-0.1
519,Shamorie Ponds,21,TOR,PG,4,0,11,13.0,21.6,0.6,4.3,8.6,0.5,8.6,13.0,0.667,0.7,8.6,8.6,1.0,0.0,4.3,4.3,8.6,0.0,4.3,0.0,8.6,38.9,164.0,107,,pondssh01,33.1,0.765,0.4,0.4,0.0,9.4,4.8,32.4,0.0,8.9,0.0,22.8,0.1,0.0,0.1,0.45,8.4,5.3,13.7,0.0
520,Isaiah Roby,21,OKC,PF,3,0,11,0.0,4.4,0.0,0.0,0.0,,0.0,4.4,0.0,0.0,0.0,0.0,,0.0,8.8,8.8,0.0,0.0,0.0,4.4,4.4,0.0,0.0,113,,robyis01,-7.7,0.0,0.0,0.0,0.0,19.5,10.0,0.0,0.0,0.0,50.0,8.0,-0.1,0.0,0.0,-0.188,-12.0,-3.4,-15.4,0.0
521,Kyle Guy,22,SAC,SG,3,0,10,9.7,24.3,0.4,0.0,14.6,0.0,9.7,9.7,1.0,0.4,0.0,0.0,,0.0,4.9,4.9,4.9,0.0,0.0,0.0,4.9,19.4,92.0,118,,guyky01,6.6,0.4,0.6,0.0,0.0,11.5,5.6,15.6,0.0,0.0,0.0,21.7,0.0,0.0,0.0,-0.045,-7.5,-4.8,-12.3,0.0
522,Devontae Cacok,23,LAL,C,1,0,9,15.8,31.7,0.5,0.0,0.0,,15.8,31.7,0.5,0.5,0.0,0.0,,10.6,15.8,26.4,5.3,0.0,0.0,0.0,0.0,31.7,122.0,107,,cacokde01,28.6,0.5,0.0,0.0,24.6,36.1,30.4,20.3,0.0,0.0,0.0,28.1,0.0,0.0,0.0,0.226,4.8,-4.6,0.2,0.0
523,Jared Harper,22,PHO,PG,3,0,8,5.9,23.7,0.25,0.0,11.8,0.0,5.9,11.8,0.5,0.25,0.0,0.0,,0.0,0.0,0.0,0.0,0.0,0.0,0.0,0.0,11.8,54.0,120,,harpeja01,-5.3,0.25,0.5,0.0,0.0,0.0,0.0,0.0,0.0,0.0,0.0,21.3,0.0,0.0,0.0,-0.249,-10.1,-5.6,-15.7,0.0
524,Max Strus,23,CHI,SF,2,0,6,16.1,24.1,0.667,0.0,8.0,0.0,16.1,16.1,1.0,0.667,8.0,8.0,1.0,8.0,0.0,8.0,0.0,0.0,0.0,0.0,8.0,40.1,153.0,119,,strusma01,30.7,0.727,0.333,0.333,17.5,0.0,9.2,0.0,0.0,0.0,0.0,24.4,0.0,0.0,0.0,0.316,5.7,-1.7,3.9,0.0
525,Jamal Crawford,39,BRK,SG,1,0,6,15.8,31.5,0.5,7.9,15.8,0.5,7.9,15.8,0.5,0.625,0.0,0.0,,0.0,0.0,0.0,23.7,0.0,0.0,0.0,7.9,39.4,155.0,118,,crawfja01,33.2,0.625,0.5,0.0,0.0,0.0,0.0,100.0,0.0,0.0,0.0,27.9,0.1,0.0,0.1,0.492,12.4,2.6,15.0,0.0
526,Tyler Zeller,30,SAS,C,2,0,4,11.9,47.8,0.25,0.0,0.0,,11.9,47.8,0.25,0.25,0.0,0.0,,35.8,11.9,47.8,0.0,0.0,0.0,0.0,0.0,23.9,95.0,116,,zellety01,22.4,0.25,0.0,0.0,80.9,26.9,53.9,0.0,0.0,0.0,0.0,43.2,0.0,0.0,0.0,-0.075,-0.3,-22.1,-22.4,0.0
527,Malik Newman,22,CLE,SG,1,0,4,0.0,24.3,0.0,0.0,12.2,0.0,0.0,12.2,0.0,0.0,24.3,24.3,1.0,0.0,0.0,0.0,0.0,0.0,0.0,12.2,0.0,24.3,58.0,123,,newmama01,-11.4,0.347,0.5,1.0,0.0,0.0,0.0,0.0,0.0,0.0,25.8,41.5,0.0,0.0,0.0,-0.502,-14.5,-11.2,-25.7,0.0
528,Marques Bolden,21,CLE,C,1,0,3,0.0,0.0,,0.0,0.0,,0.0,0.0,,,0.0,0.0,,0.0,32.4,32.4,0.0,16.2,0.0,0.0,16.2,0.0,,69,,boldema01,19.8,,,,0.0,74.7,37.0,0.0,16.2,0.0,,0.0,0.0,0.0,0.0,0.282,-5.8,11.3,5.4,0.0
529,J.P. Macura,24,CLE,SG,1,0,1,0.0,0.0,,0.0,0.0,,0.0,0.0,,,0.0,0.0,,0.0,0.0,0.0,0.0,0.0,0.0,0.0,0.0,0.0,,123,,macurjp01,0.0,,,,0.0,0.0,0.0,0.0,0.0,0.0,,0.0,0.0,0.0,0.0,-0.022,-5.2,-1.2,-6.4,0.0
