Rk,Player,Age,Team,Pos,G,GS,MP,FG,FGA,FG%,3P,3PA,3P%,2P,2PA,2P%,eFG%,FT,FTA,FT%,ORB,DRB,TRB,AST,STL,BLK,TOV,PF,PTS,ORtg,DRtg,Awards,Player-additional,PER,TS%,3PAr,FTr,ORB%,DRB%,TRB%,AST%,STL%,BLK%,TOV%,USG%,OWS,DWS,WS,WS/48,OBPM,DBPM,BPM,VORP,Dist.,0-3,3-10,10-16,16-3P,2P.1,0-3.1,3-10.1,10-16.1,16-3P.1,3P.1,2P.2,3P.2,%FGA,#,%3PA,Att.,Md.
1,Julius Randle,26,NYK,PF,71,71,2667,11.3,24.8,0.456,3.0,7.3,0.411,8.3,17.5,0.474,0.516,6.5,8.0,0.811,1.6,12.0,13.6,8.0,1.2,0.3,4.5,4.2,32.1,111.0,107,MVP-8MIP-1ASNBA2,randlju01,19.7,0.567,0.294,0.325,3.5,25.7,14.7,27.2,1.2,0.6,13.8,29.3,3.4,4.3,7.8,0.14,2.9,0.9,3.8,3.9,14.5,0.162,0.176,0.201,0.167,0.474,0.659,0.408,0.434,0.414,0.411,0.342,0.794,0.022,25,0.219,1,0
2,RJ Barrett,20,NYK,SG,72,72,2511,9.3,21.1,0.441,2.5,6.2,0.401,6.8,15.0,0.457,0.499,4.1,5.5,0.746,1.4,6.9,8.2,4.3,1.1,0.4,2.8,3.7,25.2,106.0,110,,barrerj01,13.4,0.535,0.292,0.26,3.0,14.8,8.9,13.8,1.1,0.8,10.5,23.4,0.9,3.1,4.1,0.078,-0.9,-0.3,-1.2,0.5,11.5,0.325,0.228,0.087,0.069,0.457,0.605,0.318,0.315,0.397,0.401,0.353,0.976,0.04,39,0.427,1,0
3,Nikola Jokić,25,DEN,C,72,72,2488,14.5,25.7,0.566,1.8,4.7,0.388,12.7,21.0,0.606,0.602,6.8,7.8,0.868,4.1,11.4,15.5,11.9,1.9,1.0,4.4,3.8,37.7,130.0,109,MVP-1ASNBA1,jokicni01,31.3,0.647,0.183,0.305,9.4,26.1,17.8,40.4,1.9,1.9,13.1,29.6,12.2,3.4,15.6,0.301,9.1,3.0,12.1,8.8,10.6,0.244,0.35,0.14,0.082,0.606,0.753,0.572,0.481,0.528,0.388,0.484,0.967,0.037,45,0.034,3,0
4,Buddy Hield,28,SAC,SG,71,71,2433,8.0,19.6,0.406,5.6,14.2,0.391,2.4,5.3,0.446,0.548,1.7,2.1,0.846,0.6,6.0,6.6,5.1,1.2,0.6,2.6,3.5,23.2,109.0,119,,hieldbu01,12.8,0.567,0.727,0.105,1.3,14.1,7.6,14.7,1.2,1.0,11.1,20.7,1.5,0.7,2.2,0.044,1.0,-1.6,-0.6,0.9,21.2,0.087,0.06,0.064,0.063,0.446,0.64,0.267,0.444,0.355,0.391,0.331,0.812,0.009,8,0.136,1,0
5,Damian Lillard,30,POR,PG,67,67,2398,12.2,27.1,0.451,5.6,14.3,0.391,6.7,12.8,0.519,0.554,9.1,9.8,0.928,0.7,5.1,5.8,10.3,1.3,0.3,4.1,2.1,39.2,125.0,118,MVP-7ASNBA2,lillada01,25.6,0.623,0.528,0.363,1.4,11.5,6.3,34.6,1.3,0.6,11.6,31.4,9.6,0.8,10.4,0.209,7.5,-1.3,6.3,5.0,17.9,0.238,0.096,0.044,0.094,0.519,0.631,0.359,0.441,0.437,0.391,0.177,0.393,0.015,19,0.038,4,0
6,Terry Rozier,26,CHO,SG,69,69,2383,10.5,23.2,0.45,4.5,11.7,0.389,5.9,11.5,0.512,0.548,3.4,4.1,0.817,1.0,5.2,6.2,6.0,1.8,0.5,2.6,2.4,28.8,113.0,114,,roziete01,17.1,0.575,0.504,0.178,2.1,11.8,6.9,20.0,1.8,1.1,9.5,24.4,3.3,2.0,5.2,0.105,2.2,-0.5,1.6,2.2,16.6,0.183,0.15,0.097,0.066,0.512,0.615,0.418,0.564,0.36,0.389,0.403,0.829,0.011,12,0.243,2,0
7,Russell Westbrook,32,WAS,PG,65,65,2369,10.6,24.1,0.439,1.7,5.3,0.315,8.9,18.8,0.475,0.474,5.3,8.0,0.656,2.1,12.5,14.6,14.9,1.7,0.4,6.1,3.7,28.1,105.0,110,MVP-11,westbru01,19.5,0.509,0.221,0.334,4.9,28.6,16.8,48.6,1.7,0.8,18.0,30.2,0.5,3.2,3.7,0.075,2.6,1.1,3.7,3.4,13.2,0.194,0.245,0.117,0.224,0.475,0.65,0.465,0.379,0.383,0.315,0.164,0.628,0.025,24,0.103,0,0
8,Andrew Wiggins,25,GSW,PF,71,71,2364,10.0,21.0,0.477,2.8,7.3,0.38,7.3,13.7,0.529,0.543,3.4,4.7,0.714,1.6,5.3,6.9,3.3,1.3,1.4,2.5,3.2,26.2,107.0,111,,wiggian01,15.0,0.568,0.348,0.225,3.7,11.8,7.8,10.9,1.3,2.6,9.8,23.3,1.2,2.7,3.9,0.08,0.0,-0.4,-0.4,1.0,14.2,0.218,0.197,0.108,0.129,0.529,0.706,0.5,0.404,0.38,0.38,0.479,0.829,0.065,65,0.247,0,0
9,Mikal Bridges,24,PHO,SF,72,72,2348,7.6,14.1,0.543,2.8,6.6,0.425,4.8,7.4,0.647,0.643,2.3,2.8,0.84,1.6,4.9,6.5,3.2,1.6,1.3,1.2,2.4,20.4,131.0,112,,bridgmi01,16.4,0.667,0.471,0.196,3.7,11.1,7.5,8.8,1.6,2.4,7.3,14.9,5.4,2.6,8.0,0.164,2.4,0.9,3.3,3.1,14.3,0.278,0.135,0.082,0.034,0.647,0.801,0.5,0.455,0.435,0.425,0.764,0.985,0.058,38,0.597,0,0
10,Nikola Vučević,30,2TM,C,70,70,2348,13.8,28.9,0.477,3.6,9.1,0.4,10.1,19.8,0.513,0.54,2.7,3.2,0.84,3.0,13.9,16.9,5.6,1.3,1.0,2.6,2.8,33.9,112.0,110,AS,vucevni01,22.9,0.56,0.315,0.112,6.5,30.9,18.5,21.3,1.3,1.8,7.9,29.3,3.3,3.0,6.3,0.129,4.9,0.4,5.3,4.4,14.3,0.143,0.251,0.166,0.125,0.513,0.683,0.484,0.466,0.437,0.4,0.616,0.994,0.018,19,0.02,0,0
10,Nikola Vučević,30,ORL,C,44,44,1500,14.1,29.5,0.48,3.8,9.3,0.406,10.3,20.1,0.515,0.545,3.0,3.6,0.827,2.8,13.9,16.8,5.4,1.4,0.9,2.7,2.6,35.0,112.0,111,,vucevni01,23.5,0.565,0.317,0.121,5.8,30.8,17.9,22.1,1.4,1.7,8.0,29.9,2.1,1.8,3.9,0.125,5.5,0.4,5.9,3.0,15.0,0.126,0.24,0.175,0.142,0.515,0.693,0.495,0.465,0.45,0.406,0.608,1.0,0.015,10,0.017,0,0
10,Nikola Vučević,30,CHI,C,26,26,848,13.1,27.9,0.471,3.4,8.7,0.388,9.8,19.2,0.509,0.532,2.3,2.6,0.87,3.4,13.8,17.1,5.8,1.3,1.1,2.5,3.3,32.0,112.0,109,,vucevni01,21.8,0.55,0.311,0.094,7.8,31.2,19.6,20.0,1.3,2.1,7.8,28.2,1.2,1.2,2.4,0.137,3.9,0.5,4.4,1.4,13.7,0.174,0.273,0.15,0.092,0.509,0.671,0.466,0.466,0.4,0.388,0.632,0.983,0.023,9,0.026,0,0
11,Anthony Edwards,19,MIN,SG,72,55,2314,10.3,24.7,0.417,3.5,10.6,0.329,6.8,14.1,0.483,0.488,4.3,5.6,0.776,1.2,5.7,6.9,4.3,1.7,0.7,3.3,2.6,28.4,102.0,116,ROY-2,edwaran01,13.9,0.523,0.429,0.225,2.7,13.5,7.9,14.6,1.7,1.3,10.7,27.0,-0.6,1.4,0.8,0.017,-0.4,-1.7,-2.1,-0.1,14.2,0.306,0.145,0.047,0.072,0.483,0.647,0.318,0.246,0.276,0.329,0.392,0.632,0.066,70,0.14,3,0
12,Jayson Tatum,22,BOS,SF,64,64,2290,12.9,28.1,0.459,4.0,10.3,0.386,8.9,17.8,0.502,0.53,6.3,7.3,0.868,1.1,9.0,10.1,5.9,1.6,0.7,3.6,2.6,36.1,114.0,112,AS,tatumja01,21.3,0.576,0.368,0.258,2.4,20.7,11.5,20.3,1.6,1.3,10.4,30.8,4.1,2.5,6.5,0.137,4.2,-0.3,3.9,3.4,14.6,0.197,0.206,0.141,0.088,0.502,0.735,0.417,0.349,0.422,0.386,0.383,0.465,0.045,55,0.136,1,0
13,Devin Booker,24,PHO,SG,67,67,2270,13.5,28.0,0.484,2.7,8.1,0.34,10.8,19.9,0.543,0.533,7.4,8.5,0.867,0.7,5.4,6.1,6.3,1.2,0.3,4.5,3.9,37.2,110.0,114,AS,bookede01,19.2,0.587,0.288,0.305,1.7,12.1,7.0,20.6,1.2,0.6,12.4,32.7,2.9,2.0,4.9,0.104,1.7,-1.4,0.3,1.3,14.5,0.179,0.163,0.231,0.139,0.543,0.678,0.481,0.542,0.441,0.34,0.394,0.659,0.021,24,0.086,1,0
14,Khris Middleton,29,MIL,SF,68,68,2269,10.6,22.2,0.476,3.1,7.6,0.414,7.5,14.7,0.508,0.546,4.4,4.9,0.898,1.1,7.3,8.4,7.7,1.5,0.2,3.7,3.3,28.7,116.0,113,,middlkh01,18.2,0.588,0.34,0.22,2.6,15.7,9.4,23.2,1.5,0.4,13.1,25.0,4.1,2.2,6.4,0.135,1.7,-0.3,1.3,1.9,15.7,0.15,0.146,0.196,0.168,0.508,0.652,0.49,0.464,0.444,0.414,0.333,0.649,0.014,11,0.156,0,0
15,Duncan Robinson,26,MIA,SF,72,72,2262,6.9,15.7,0.439,5.5,13.5,0.408,1.4,2.3,0.625,0.614,1.4,1.6,0.827,0.2,5.3,5.5,2.8,0.9,0.4,1.8,4.0,20.7,113.0,114,,robindu01,11.0,0.628,0.855,0.105,0.4,12.1,6.3,8.3,0.9,0.9,9.7,16.6,1.9,1.8,3.7,0.079,-0.2,-0.8,-1.0,0.6,22.8,0.079,0.029,0.022,0.014,0.625,0.825,0.429,0.438,0.2,0.408,0.892,0.972,0.006,4,0.186,0,0
16,Luka Dončić,21,DAL,PG,66,66,2262,14.1,29.5,0.479,4.2,11.9,0.35,9.9,17.5,0.567,0.55,7.5,10.3,0.73,1.2,10.3,11.5,12.4,1.4,0.8,6.1,3.3,39.9,114.0,111,MVP-6ASNBA1,doncilu01,25.3,0.587,0.406,0.349,2.7,22.9,12.8,44.1,1.4,1.5,15.3,36.0,5.1,2.6,7.7,0.163,6.1,0.7,6.8,5.1,15.6,0.18,0.201,0.153,0.06,0.567,0.708,0.507,0.512,0.481,0.35,0.095,0.234,0.008,11,0.031,5,0
17,Robert Covington,30,POR,PF,70,70,2243,4.4,11.1,0.401,2.9,7.7,0.379,1.5,3.3,0.451,0.533,1.1,1.3,0.806,1.3,8.8,10.1,2.5,2.2,1.8,1.4,4.2,12.9,113.0,112,,covinro01,11.2,0.553,0.699,0.122,2.8,19.8,11.1,6.8,2.2,3.4,10.7,11.5,1.4,2.4,3.7,0.08,-1.3,1.5,0.2,1.2,19.6,0.181,0.075,0.016,0.029,0.451,0.587,0.211,0.125,0.4,0.379,0.652,0.948,0.031,10,0.126,1,0
18,Royce O'Neale,27,UTA,SF,71,71,2241,3.8,8.6,0.444,2.3,6.0,0.385,1.5,2.5,0.586,0.58,0.8,1.0,0.848,1.9,8.6,10.5,3.9,1.2,0.7,1.8,4.0,10.8,121.0,108,,onealro01,9.9,0.599,0.706,0.117,4.4,18.0,11.5,10.4,1.2,1.2,16.7,9.6,2.3,3.3,5.6,0.121,-1.2,2.1,1.0,1.7,19.0,0.193,0.079,0.01,0.013,0.586,0.737,0.323,0.5,0.0,0.385,0.603,0.981,0.051,18,0.306,0,0
19,Domantas Sabonis,24,IND,PF,62,62,2231,10.3,19.2,0.535,1.1,3.4,0.321,9.2,15.7,0.582,0.564,5.1,6.9,0.732,3.2,12.5,15.7,8.8,1.6,0.7,4.5,4.3,26.7,115.0,110,AS,sabondo01,20.6,0.601,0.179,0.363,7.3,28.6,18.0,27.5,1.6,1.2,16.9,24.1,4.0,3.0,6.9,0.149,2.3,1.6,3.8,3.3,8.8,0.431,0.259,0.076,0.054,0.582,0.746,0.427,0.362,0.327,0.321,0.606,0.962,0.046,39,0.049,0,0
20,Bojan Bogdanović,31,UTA,SF,72,72,2216,8.9,20.3,0.439,4.0,10.1,0.39,5.0,10.2,0.487,0.536,5.1,5.8,0.879,0.9,5.3,6.2,3.0,1.0,0.1,2.8,2.5,26.9,113.0,112,,bogdabo02,14.0,0.588,0.498,0.286,2.0,11.1,6.7,9.1,1.0,0.1,10.9,22.8,2.7,2.5,5.2,0.113,0.2,-0.7,-0.4,0.9,15.4,0.181,0.226,0.079,0.016,0.487,0.635,0.411,0.438,0.133,0.39,0.412,0.961,0.015,11,0.406,0,0
21,Norman Powell,27,2TM,SG,69,58,2205,9.6,20.2,0.477,3.8,9.2,0.411,5.9,11.1,0.532,0.57,5.2,6.0,0.871,0.9,3.8,4.7,2.8,1.8,0.4,2.6,3.5,28.3,116.0,116,,powelno01,16.2,0.618,0.453,0.295,2.0,8.8,5.3,9.2,1.8,0.8,10.3,22.6,3.4,1.3,4.7,0.103,1.1,-0.7,0.4,1.3,14.2,0.275,0.181,0.053,0.038,0.532,0.647,0.416,0.367,0.486,0.411,0.547,0.836,0.044,32,0.317,2,0
21,Norman Powell,27,TOR,SG,42,31,1277,10.7,21.5,0.498,4.5,10.2,0.439,6.2,11.3,0.552,0.602,5.3,6.2,0.865,0.7,4.1,4.8,2.9,1.8,0.3,2.9,3.7,31.2,117.0,115,,powelno01,17.7,0.645,0.475,0.288,1.6,9.6,5.4,10.0,1.8,0.6,10.8,24.2,2.3,0.9,3.2,0.12,2.2,-0.7,1.5,1.1,14.6,0.265,0.184,0.042,0.034,0.552,0.647,0.471,0.292,0.579,0.439,0.555,0.814,0.044,19,0.327,1,0
21,Norman Powell,27,POR,SF,27,27,928,8.2,18.5,0.443,2.8,7.7,0.361,5.4,10.8,0.502,0.518,5.0,5.7,0.88,1.2,3.5,4.7,2.7,1.8,0.5,2.2,3.3,24.2,114.0,118,,powelno01,14.2,0.576,0.418,0.307,2.6,7.8,5.1,8.1,1.8,1.0,9.5,20.5,1.1,0.4,1.5,0.078,-0.5,-0.7,-1.2,0.2,13.7,0.29,0.176,0.071,0.045,0.502,0.647,0.323,0.44,0.375,0.361,0.534,0.887,0.043,13,0.299,1,0
22,Chris Paul,35,PHO,PG,70,70,2199,9.9,19.7,0.499,2.3,5.8,0.395,7.6,13.9,0.543,0.557,3.8,4.1,0.934,0.6,6.4,7.0,14.0,2.2,0.4,3.5,3.7,25.8,124.0,111,MVP-5ASNBA2,paulch01,21.4,0.599,0.294,0.206,1.3,14.5,8.0,40.9,2.2,0.8,14.0,22.6,6.5,2.7,9.2,0.201,3.5,1.1,4.6,3.6,16.9,0.058,0.114,0.327,0.208,0.543,0.667,0.55,0.516,0.546,0.395,0.083,0.412,0.0,0,0.097,4,0
23,Rudy Gobert,28,UTA,C,71,71,2187,8.7,12.9,0.675,0.0,0.1,0.0,8.7,12.8,0.68,0.675,5.2,8.3,0.623,5.3,16.0,21.4,2.0,0.9,4.2,2.6,3.6,22.6,131.0,101,MVP-10DPOY-1ASNBA3DEF1,goberru01,23.5,0.683,0.007,0.646,12.2,33.5,23.3,6.0,0.9,7.0,13.7,17.0,6.1,5.2,11.3,0.248,2.1,2.8,4.9,3.8,2.7,0.77,0.209,0.005,0.009,0.68,0.798,0.281,0.0,0.2,0.0,0.767,,0.432,231,0.25,3,0
24,Justin Holiday,31,IND,SG,72,52,2183,5.6,13.5,0.413,3.7,9.8,0.382,1.8,3.7,0.494,0.551,1.5,1.8,0.788,0.7,4.9,5.5,2.6,1.6,0.9,1.2,2.9,16.4,112.0,114,,holidju01,10.4,0.571,0.725,0.136,1.6,11.1,6.4,7.0,1.6,1.5,7.5,14.0,1.4,1.8,3.1,0.069,-0.9,-0.1,-1.0,0.6,19.9,0.165,0.034,0.027,0.05,0.494,0.612,0.19,0.118,0.516,0.382,0.671,0.971,0.034,18,0.371,0,0
25,Isaac Okoro,20,CLE,SG,67,67,2173,5.3,12.7,0.42,1.4,4.9,0.29,3.9,7.8,0.501,0.476,2.6,3.6,0.726,1.5,3.1,4.7,2.9,1.4,0.5,2.0,4.2,14.7,103.0,117,,okorois01,7.9,0.514,0.383,0.281,3.4,7.3,5.3,8.6,1.4,1.0,12.0,14.3,-0.1,1.0,0.9,0.02,-4.2,-0.9,-5.1,-1.7,11.8,0.377,0.197,0.023,0.02,0.501,0.611,0.364,0.077,0.273,0.29,0.659,0.871,0.063,32,0.383,0,0
26,Coby White,20,CHI,PG,69,54,2156,8.4,20.3,0.416,3.7,10.2,0.359,4.8,10.1,0.473,0.506,2.9,3.2,0.901,0.6,5.8,6.4,7.4,0.9,0.3,3.5,4.0,23.4,106.0,115,,whiteco01,12.0,0.54,0.503,0.157,1.5,13.0,7.3,21.8,0.9,0.6,13.9,22.5,0.7,1.7,2.4,0.052,-1.2,-1.2,-2.4,-0.2,16.6,0.221,0.109,0.063,0.104,0.473,0.558,0.347,0.456,0.436,0.359,0.292,0.785,0.008,7,0.163,1,0
27,Stephen Curry,32,GSW,PG,63,63,2152,14.4,29.8,0.482,7.4,17.5,0.421,7.0,12.3,0.569,0.605,7.9,8.6,0.916,0.6,6.9,7.5,7.9,1.7,0.2,4.6,2.6,44.0,119.0,111,MVP-3ASNBA1,curryst01,26.3,0.655,0.587,0.289,1.5,15.4,8.5,30.5,1.7,0.3,12.2,34.8,6.5,2.5,9.0,0.201,8.3,0.4,8.7,5.8,19.3,0.148,0.136,0.06,0.069,0.569,0.663,0.532,0.549,0.457,0.421,0.411,0.588,0.0,0,0.072,11,0
28,Bradley Beal,27,WAS,SG,60,60,2147,14.4,29.7,0.485,2.8,8.0,0.349,11.6,21.7,0.535,0.532,8.8,9.9,0.889,1.5,4.5,6.1,5.7,1.5,0.5,4.0,3.0,40.3,114.0,115,ASNBA3,bealbr01,22.7,0.593,0.27,0.332,3.6,10.4,7.0,21.3,1.5,0.9,10.6,34.1,4.2,1.7,5.9,0.132,4.8,-1.4,3.4,2.9,13.3,0.177,0.274,0.143,0.136,0.535,0.66,0.53,0.47,0.452,0.349,0.43,0.723,0.021,24,0.169,0,0
29,Bam Adebayo,23,MIA,C,64,64,2143,10.6,18.5,0.57,0.0,0.2,0.25,10.5,18.4,0.573,0.571,6.6,8.2,0.799,3.3,10.0,13.3,8.0,1.7,1.5,3.9,3.4,27.7,122.0,108,DPOY-4DEF2,adebaba01,22.7,0.626,0.01,0.443,7.7,22.6,15.3,26.9,1.7,3.2,15.0,23.7,5.6,3.2,8.8,0.197,2.9,2.0,4.9,3.7,7.6,0.353,0.303,0.225,0.11,0.573,0.794,0.471,0.456,0.386,0.25,0.656,1.0,0.188,137,0.125,0,0
30,Joe Harris,29,BRK,SF,69,65,2141,8.0,15.9,0.505,4.8,10.0,0.475,3.3,5.9,0.555,0.654,1.1,1.4,0.778,1.0,4.6,5.6,2.9,1.0,0.3,1.4,3.2,21.9,126.0,117,,harrijo01,14.1,0.663,0.628,0.089,2.3,10.1,6.4,8.4,1.0,0.6,7.8,16.2,4.1,1.1,5.2,0.117,1.6,-1.2,0.4,1.3,18.5,0.171,0.076,0.071,0.054,0.555,0.661,0.426,0.54,0.421,0.475,0.774,1.0,0.003,2,0.209,0,0
31,Dejounte Murray,24,SAS,PG,67,67,2139,10.0,22.1,0.453,1.4,4.5,0.317,8.6,17.6,0.488,0.485,2.4,3.0,0.791,1.3,9.4,10.7,8.2,2.3,0.2,2.7,3.1,23.8,106.0,111,,murrade01,16.5,0.509,0.204,0.138,2.8,21.1,11.8,25.9,2.3,0.3,10.2,23.4,0.7,2.6,3.3,0.074,-0.2,1.0,0.8,1.5,12.6,0.193,0.205,0.266,0.131,0.488,0.649,0.39,0.452,0.477,0.317,0.275,0.857,0.013,12,0.206,0,0
32,Kevin Huerter,22,ATL,SG,69,49,2126,7.3,16.9,0.432,3.2,8.9,0.363,4.1,8.0,0.51,0.528,1.2,1.5,0.781,0.9,4.5,5.3,5.6,1.9,0.4,1.8,3.8,19.0,112.0,115,,huertke01,12.2,0.541,0.528,0.088,2.0,9.7,6.0,16.3,1.9,0.7,9.4,17.2,1.9,1.7,3.6,0.08,-0.6,0.4,-0.3,1.0,17.4,0.12,0.167,0.141,0.044,0.51,0.625,0.418,0.563,0.375,0.363,0.409,0.879,0.012,9,0.199,1,0
33,Trae Young,22,ATL,PG,63,63,2125,11.3,25.7,0.438,3.1,9.2,0.343,8.1,16.6,0.491,0.499,11.2,12.6,0.886,0.9,4.8,5.7,13.8,1.2,0.3,6.0,2.6,36.9,117.0,116,,youngtr01,23.0,0.589,0.357,0.491,2.0,10.5,6.3,45.5,1.2,0.5,16.2,33.0,5.9,1.3,7.2,0.163,5.3,-1.7,3.7,3.0,15.3,0.162,0.226,0.181,0.075,0.491,0.572,0.47,0.428,0.53,0.343,0.125,0.287,0.0,0,0.038,0,0
34,Deandre Ayton,22,PHO,C,69,69,2115,10.0,16.0,0.626,0.1,0.5,0.2,9.9,15.6,0.639,0.629,3.1,4.0,0.769,5.3,11.6,17.0,2.3,1.0,1.9,2.4,4.6,23.3,127.0,109,,aytonde01,20.3,0.653,0.029,0.252,12.4,26.3,19.5,6.8,1.0,3.4,11.9,18.2,5.3,3.1,8.4,0.191,1.1,0.1,1.2,1.7,5.5,0.53,0.259,0.137,0.045,0.639,0.766,0.517,0.479,0.323,0.2,0.714,1.0,0.166,109,0.0,0,0
35,Collin Sexton,22,CLE,SG,60,60,2115,12.2,25.8,0.475,2.3,6.2,0.371,10.0,19.6,0.508,0.519,7.3,8.9,0.815,1.4,3.0,4.4,6.1,1.4,0.2,3.9,3.7,34.0,111.0,118,,sextoco01,18.0,0.573,0.239,0.347,3.0,7.0,4.9,22.6,1.4,0.4,11.6,29.7,2.6,0.9,3.5,0.08,1.8,-1.9,-0.2,1.0,11.7,0.273,0.251,0.163,0.074,0.508,0.619,0.455,0.483,0.329,0.371,0.422,0.684,0.01,9,0.102,0,0
36,Eric Bledsoe,31,NOP,SG,71,70,2111,7.0,16.6,0.421,2.7,8.1,0.341,4.2,8.5,0.496,0.503,3.0,4.4,0.687,0.7,4.9,5.5,6.1,1.2,0.5,2.6,2.5,19.7,108.0,116,,bledser01,11.5,0.533,0.486,0.267,1.5,11.1,6.3,17.3,1.2,1.1,12.3,18.5,1.1,1.3,2.3,0.053,-1.2,-0.9,-2.0,0.0,16.5,0.159,0.167,0.11,0.078,0.496,0.681,0.393,0.425,0.439,0.341,0.489,0.86,0.0,0,0.22,1,0
37,Harrison Barnes,28,SAC,PF,58,58,2102,7.3,14.7,0.497,2.3,5.8,0.391,5.0,8.8,0.567,0.575,4.5,5.4,0.83,1.5,7.3,8.8,4.6,1.0,0.3,2.1,1.7,21.3,123.0,119,,barneha02,15.4,0.626,0.399,0.366,3.3,17.2,10.2,13.0,1.0,0.4,11.1,17.2,4.0,0.5,4.5,0.103,1.5,-1.3,0.2,1.1,12.5,0.307,0.248,0.044,0.003,0.567,0.721,0.415,0.393,0.0,0.391,0.584,0.88,0.059,35,0.223,0,0
38,Brandon Ingram,23,NOP,SF,61,61,2093,11.8,25.2,0.466,3.3,8.6,0.381,8.5,16.6,0.51,0.531,6.4,7.3,0.878,0.8,6.1,6.9,6.8,1.0,0.8,3.5,2.8,33.2,115.0,116,,ingrabr01,19.2,0.584,0.341,0.291,1.8,13.7,7.8,22.4,1.0,1.6,11.0,28.0,3.9,1.3,5.3,0.12,3.3,-1.1,2.2,2.2,15.9,0.144,0.115,0.224,0.176,0.51,0.677,0.417,0.449,0.51,0.381,0.368,0.79,0.027,26,0.165,3,0
39,DeMar DeRozan,31,SAS,PF,61,61,2056,10.7,21.7,0.495,0.4,1.7,0.257,10.3,20.0,0.515,0.505,9.1,10.4,0.88,0.9,5.2,6.1,10.0,1.3,0.4,2.8,3.0,31.1,122.0,115,,derozde01,22.0,0.591,0.08,0.478,2.0,11.6,6.7,32.0,1.3,0.6,9.7,26.1,5.9,1.5,7.4,0.172,3.2,-0.1,3.1,2.6,11.0,0.191,0.268,0.282,0.178,0.515,0.636,0.51,0.459,0.482,0.257,0.248,0.947,0.021,17,0.324,0,0
40,Ja Morant,21,MEM,PG,63,63,2053,10.0,22.3,0.449,1.7,5.6,0.303,8.3,16.7,0.499,0.487,6.3,8.7,0.728,1.4,4.5,5.9,10.8,1.3,0.3,4.7,2.0,28.0,108.0,115,,moranja01,16.7,0.537,0.252,0.389,3.0,10.1,6.5,33.5,1.3,0.6,15.3,27.2,1.6,1.6,3.2,0.074,1.3,-1.6,-0.4,0.8,10.7,0.335,0.261,0.132,0.02,0.499,0.632,0.372,0.437,0.316,0.303,0.294,0.603,0.06,46,0.104,1,0
41,Jae'Sean Tate,25,HOU,SF,70,58,2043,7.3,14.5,0.506,1.4,4.5,0.308,5.9,10.0,0.595,0.554,2.4,3.4,0.694,3.1,5.6,8.7,4.1,2.0,0.8,2.3,5.1,18.4,114.0,115,,tateja01,13.8,0.576,0.312,0.235,6.6,13.2,9.8,13.2,2.0,1.6,12.4,16.4,2.2,1.6,3.8,0.088,-1.6,0.3,-1.4,0.3,10.2,0.405,0.253,0.019,0.011,0.595,0.719,0.449,0.083,0.286,0.308,0.539,0.95,0.05,27,0.405,0,0
42,De'Aaron Fox,23,SAC,PG,58,58,2036,12.5,26.2,0.477,2.4,7.5,0.322,10.0,18.6,0.539,0.523,7.1,9.8,0.719,0.8,4.0,4.8,9.8,2.1,0.6,4.1,4.0,34.4,113.0,118,,foxde01,20.7,0.565,0.288,0.376,1.8,9.4,5.5,32.7,2.1,1.1,11.9,31.0,3.4,0.8,4.2,0.098,3.1,-1.3,1.8,2.0,12.9,0.233,0.232,0.151,0.095,0.539,0.761,0.426,0.482,0.362,0.322,0.16,0.524,0.015,17,0.094,1,0
43,Zach LaVine,25,CHI,SG,58,58,2034,13.6,26.8,0.507,4.8,11.4,0.419,8.8,15.4,0.571,0.596,6.0,7.1,0.849,0.9,6.0,6.9,6.7,1.1,0.6,4.8,3.3,37.9,115.0,114,AS,lavinza01,21.5,0.634,0.425,0.265,2.0,13.6,7.9,23.4,1.1,1.2,13.9,31.0,4.0,1.8,5.9,0.138,4.9,-0.8,4.0,3.1,14.9,0.31,0.093,0.061,0.11,0.571,0.693,0.362,0.478,0.46,0.419,0.355,0.515,0.05,53,0.145,1,0
44,Zion Williamson,20,NOP,PF,61,61,2026,15.0,24.5,0.611,0.2,0.8,0.294,14.8,23.7,0.622,0.616,8.7,12.5,0.698,4.0,6.5,10.4,5.3,1.3,0.9,4.0,3.2,39.0,124.0,115,AS,willizi01,27.1,0.649,0.033,0.51,8.9,14.7,11.8,19.7,1.3,1.8,11.6,29.8,7.1,1.6,8.7,0.205,6.1,-0.3,5.8,4.0,3.4,0.696,0.257,0.012,0.002,0.622,0.701,0.419,0.5,0.0,0.294,0.553,1.0,0.13,123,0.029,1,0
45,Tobias Harris,28,PHI,PF,62,62,2014,11.3,22.1,0.512,2.0,5.0,0.394,9.4,17.1,0.546,0.556,4.4,4.9,0.892,1.5,8.5,10.0,5.3,1.3,1.2,2.6,2.8,29.0,118.0,108,,harrito02,20.0,0.597,0.225,0.221,3.5,19.2,11.4,17.6,1.3,2.3,9.5,23.9,4.1,3.1,7.1,0.17,2.9,0.8,3.7,2.9,11.7,0.22,0.313,0.144,0.098,0.546,0.709,0.474,0.511,0.462,0.394,0.358,0.817,0.043,35,0.202,0,0
46,Giannis Antetokounmpo,26,MIL,PF,61,61,2013,14.6,25.7,0.569,1.6,5.2,0.303,13.0,20.5,0.636,0.6,9.3,13.6,0.685,2.3,13.4,15.7,8.3,1.7,1.7,4.8,3.9,40.1,122.0,107,MVP-4DPOY-5ASNBA1DEF1,antetgi01,29.2,0.633,0.201,0.528,5.3,28.9,17.5,28.7,1.7,3.2,13.2,32.5,6.9,3.3,10.2,0.244,6.2,2.8,9.0,5.6,9.5,0.451,0.193,0.094,0.062,0.636,0.837,0.401,0.359,0.324,0.303,0.428,0.299,0.169,178,0.045,0,0
47,Pascal Siakam,26,TOR,PF,56,56,2006,10.5,23.2,0.455,1.8,5.9,0.297,8.8,17.3,0.509,0.493,6.0,7.3,0.827,2.3,7.5,9.8,6.0,1.5,0.9,3.1,4.2,28.9,111.0,113,,siakapa01,17.7,0.547,0.256,0.313,5.0,17.6,11.1,20.5,1.5,1.8,10.6,26.3,2.3,2.0,4.2,0.101,1.0,-0.3,0.8,1.4,11.6,0.241,0.324,0.091,0.088,0.509,0.69,0.424,0.425,0.412,0.297,0.341,0.836,0.041,36,0.215,1,0
48,Jaylen Brown,24,BOS,SG,58,58,1999,13.1,27.2,0.484,4.0,10.0,0.397,9.2,17.1,0.536,0.558,4.7,6.1,0.764,1.7,6.7,8.5,4.8,1.8,0.8,3.9,4.1,34.9,112.0,113,AS,brownja02,19.9,0.586,0.37,0.225,3.9,15.5,9.7,16.5,1.8,1.5,11.5,29.7,2.8,2.0,4.8,0.115,3.2,-0.7,2.5,2.3,14.3,0.195,0.239,0.11,0.086,0.536,0.7,0.442,0.484,0.49,0.397,0.453,0.798,0.024,23,0.158,2,0
49,Dillon Brooks,25,MEM,SF,67,67,1997,10.3,24.7,0.419,3.1,8.9,0.344,7.3,15.8,0.461,0.481,3.8,4.7,0.815,1.3,3.4,4.7,3.8,1.9,0.6,2.8,5.7,27.6,102.0,113,,brookdi01,12.1,0.515,0.361,0.189,2.8,7.7,5.2,11.7,1.9,1.2,9.6,26.1,-0.5,1.8,1.4,0.033,-2.6,-1.1,-3.7,-0.9,15.0,0.155,0.167,0.229,0.088,0.461,0.606,0.395,0.411,0.462,0.344,0.513,0.867,0.028,29,0.159,0,0
50,Kelly Olynyk,29,2TM,PF,70,62,1997,8.2,17.0,0.484,3.1,9.0,0.342,5.1,8.0,0.641,0.574,3.5,4.3,0.829,2.1,9.8,11.9,4.9,1.9,1.0,3.1,5.0,23.0,115.0,110,,olynyke01,16.4,0.61,0.528,0.251,4.8,22.5,13.6,16.0,1.9,2.1,14.0,19.7,2.5,2.6,5.1,0.121,0.3,0.9,1.2,1.6,15.3,0.286,0.135,0.03,0.022,0.641,0.769,0.479,0.286,0.467,0.342,0.739,0.937,0.032,20,0.158,0,0
50,Kelly Olynyk,29,MIA,C,43,38,1157,7.0,16.1,0.431,3.3,10.4,0.317,3.6,5.7,0.639,0.533,1.3,1.7,0.775,1.9,9.3,11.2,3.9,1.7,1.1,2.4,5.3,18.5,106.0,109,,olynyke01,12.1,0.549,0.646,0.106,4.4,21.1,12.9,11.7,1.7,2.4,12.3,17.5,0.3,1.6,1.9,0.078,-1.6,1.0,-0.7,0.4,18.1,0.226,0.082,0.024,0.021,0.639,0.729,0.548,0.222,0.5,0.317,0.871,0.974,0.027,10,0.185,0,0
50,Kelly Olynyk,29,HOU,PF,27,24,840,9.9,18.1,0.545,2.8,7.0,0.392,7.1,11.0,0.643,0.621,6.4,7.6,0.844,2.4,10.4,12.8,6.3,2.2,0.9,4.0,4.7,28.9,123.0,111,,olynyke01,22.3,0.674,0.389,0.421,5.2,24.5,14.5,21.9,2.2,1.7,15.7,22.9,2.2,1.0,3.2,0.182,2.9,0.9,3.8,1.2,12.6,0.355,0.196,0.037,0.022,0.643,0.798,0.444,0.333,0.429,0.392,0.651,0.878,0.037,10,0.104,0,0
51,Tim Hardaway Jr.,28,DAL,SG,70,31,1985,10.1,22.6,0.447,5.1,13.1,0.391,5.0,9.5,0.524,0.56,3.5,4.3,0.816,0.5,5.2,5.7,3.1,0.8,0.3,1.6,2.8,28.9,116.0,116,6MOY-5,hardati02,15.7,0.589,0.581,0.191,1.1,11.5,6.4,9.8,0.8,0.5,6.1,23.4,3.2,1.2,4.3,0.105,2.0,-1.7,0.4,1.2,18.5,0.158,0.099,0.075,0.088,0.524,0.715,0.4,0.426,0.4,0.391,0.545,0.841,0.036,28,0.185,3,0
52,Patrick Williams,19,CHI,PF,71,71,1983,6.2,12.9,0.483,1.3,3.4,0.391,4.9,9.5,0.515,0.534,2.2,3.1,0.728,1.6,6.4,8.0,2.4,1.6,1.1,2.4,3.1,16.0,105.0,112,,willipa01,10.5,0.562,0.261,0.237,3.7,14.4,9.1,6.7,1.6,2.0,14.4,14.9,0.3,2.2,2.5,0.06,-2.8,0.4,-2.4,-0.2,12.2,0.29,0.178,0.133,0.138,0.515,0.673,0.394,0.443,0.411,0.391,0.736,0.981,0.102,51,0.413,1,1
53,Draymond Green,30,GSW,PF,63,63,1982,4.0,9.0,0.447,0.8,3.0,0.27,3.2,6.0,0.535,0.492,1.7,2.1,0.795,1.3,9.3,10.6,13.2,2.5,1.2,4.5,4.6,10.5,110.0,106,DPOY-3DEF1,greendr01,13.3,0.53,0.332,0.232,3.0,20.8,12.0,36.4,2.5,2.3,31.0,13.1,1.2,3.4,4.6,0.112,-1.6,3.3,1.7,1.9,12.2,0.347,0.218,0.05,0.053,0.535,0.667,0.458,0.211,0.3,0.27,0.618,0.971,0.076,27,0.127,2,0
54,Keldon Johnson,21,SAS,SF,69,67,1968,8.3,17.4,0.479,1.5,4.5,0.331,6.9,12.9,0.531,0.522,3.6,4.8,0.74,2.3,7.9,10.2,3.0,1.0,0.6,1.9,3.5,21.7,111.0,114,,johnske04,13.8,0.557,0.257,0.278,4.9,17.6,11.1,8.9,1.0,1.0,9.0,19.2,1.6,1.7,3.3,0.079,-0.9,-0.7,-1.6,0.2,9.7,0.391,0.277,0.045,0.03,0.531,0.652,0.374,0.5,0.429,0.331,0.673,0.917,0.047,27,0.238,2,0
55,Dennis Schröder,27,LAL,SG,61,61,1956,8.3,18.9,0.437,1.8,5.3,0.335,6.5,13.6,0.476,0.484,5.1,6.0,0.848,0.7,4.5,5.2,8.7,1.7,0.3,4.1,4.0,23.4,107.0,109,,schrode01,13.8,0.543,0.279,0.32,1.7,10.3,6.1,26.9,1.7,0.6,15.8,22.9,1.0,2.7,3.8,0.093,-1.3,0.2,-1.1,0.4,12.7,0.25,0.216,0.17,0.086,0.476,0.6,0.366,0.457,0.431,0.335,0.318,0.887,0.005,1,0.142,3,0
56,Kyle Kuzma,25,LAL,SF,68,32,1954,8.3,18.8,0.443,3.4,9.5,0.361,4.9,9.4,0.525,0.533,1.7,2.4,0.691,2.7,7.7,10.4,3.2,0.9,1.0,2.8,3.0,21.8,105.0,109,,kuzmaky01,12.7,0.546,0.502,0.128,6.3,17.7,12.0,9.8,0.9,1.9,12.4,20.3,0.4,2.9,3.3,0.08,-0.4,-0.1,-0.4,0.8,16.0,0.24,0.124,0.063,0.07,0.525,0.687,0.394,0.292,0.415,0.361,0.545,0.927,0.048,29,0.295,1,0
57,P.J. Washington,22,CHO,PF,64,61,1954,7.5,17.1,0.44,2.8,7.2,0.386,4.7,9.9,0.48,0.522,2.7,3.6,0.745,2.3,8.1,10.4,4.0,1.7,2.0,3.2,4.3,20.6,105.0,111,,washipj01,13.4,0.549,0.423,0.211,5.1,18.3,11.6,12.2,1.7,4.0,14.6,19.4,0.3,2.4,2.7,0.066,-1.5,0.6,-0.9,0.6,13.4,0.283,0.233,0.036,0.025,0.48,0.613,0.375,0.28,0.235,0.386,0.805,0.946,0.087,48,0.224,1,0
58,Reggie Bullock,29,NYK,SF,65,64,1949,6.4,14.4,0.442,4.2,10.2,0.41,2.2,4.2,0.521,0.587,1.3,1.4,0.909,0.4,5.3,5.7,2.5,1.3,0.3,1.2,3.7,18.2,118.0,111,,bullore01,11.1,0.606,0.709,0.098,0.9,11.4,6.2,7.4,1.3,0.5,7.1,14.4,2.3,2.3,4.6,0.114,-0.9,0.8,-0.1,0.9,20.8,0.087,0.052,0.061,0.091,0.521,0.633,0.379,0.5,0.51,0.41,0.859,0.975,0.002,1,0.317,1,0
59,Danny Green,33,PHI,SF,69,69,1934,5.6,13.6,0.412,4.4,10.8,0.405,1.2,2.8,0.438,0.573,0.8,1.0,0.775,1.4,5.1,6.5,2.9,2.3,1.4,1.7,3.1,16.3,114.0,108,,greenda02,12.1,0.582,0.794,0.074,3.2,11.5,7.4,8.3,2.3,2.6,10.7,14.0,1.6,3.1,4.6,0.115,0.4,1.5,1.9,1.9,21.5,0.059,0.072,0.042,0.033,0.438,0.5,0.333,0.565,0.389,0.405,0.673,0.92,0.004,2,0.456,2,0
60,Miles Bridges,22,CHO,PF,66,19,1932,7.9,15.7,0.503,2.9,7.3,0.4,5.0,8.4,0.593,0.596,2.5,2.9,0.867,2.0,8.0,10.0,3.7,1.1,1.3,2.7,3.6,21.2,116.0,113,6MOY-12,bridgmi02,14.7,0.625,0.466,0.182,4.5,18.0,11.1,11.4,1.1,2.7,13.6,17.3,2.4,1.9,4.2,0.105,0.2,0.1,0.2,1.1,14.0,0.338,0.141,0.019,0.035,0.593,0.729,0.42,0.167,0.227,0.4,0.716,0.819,0.145,82,0.324,3,0
61,Malcolm Brogdon,28,IND,PG,56,56,1930,10.9,24.0,0.453,3.6,9.2,0.388,7.3,14.8,0.493,0.527,3.7,4.3,0.864,1.4,5.8,7.2,8.1,1.2,0.4,2.8,2.7,29.0,113.0,115,,brogdma01,17.9,0.561,0.382,0.181,3.3,13.2,8.3,25.7,1.2,0.6,9.8,25.9,2.9,1.3,4.2,0.105,3.0,-0.9,2.1,2.0,14.3,0.309,0.111,0.081,0.117,0.493,0.554,0.404,0.443,0.452,0.388,0.247,0.662,0.009,8,0.107,0,0
62,Dorian Finney-Smith,27,DAL,PF,60,60,1921,5.6,12.0,0.472,3.1,7.8,0.394,2.6,4.2,0.616,0.6,0.8,1.1,0.756,2.5,5.9,8.4,2.6,1.3,0.6,1.2,3.5,15.1,124.0,114,,finnedo01,12.0,0.609,0.648,0.088,5.7,13.0,9.3,7.2,1.3,1.2,9.0,12.2,2.8,1.6,4.4,0.11,0.2,0.0,0.1,1.0,17.2,0.234,0.086,0.013,0.019,0.616,0.752,0.375,0.5,0.111,0.394,0.614,0.966,0.067,26,0.44,0,0
63,Michael Porter Jr.,22,DEN,SF,61,54,1912,11.5,21.1,0.542,4.4,9.9,0.445,7.1,11.2,0.628,0.646,2.7,3.5,0.791,2.4,9.2,11.5,1.8,1.0,1.4,2.0,3.3,30.0,125.0,112,,portemi01,20.6,0.663,0.468,0.164,5.4,20.9,13.2,5.6,1.0,2.8,8.1,21.7,4.8,2.1,6.9,0.173,4.0,-0.9,3.1,2.5,15.9,0.226,0.131,0.073,0.102,0.628,0.838,0.486,0.417,0.494,0.445,0.714,0.918,0.095,75,0.23,2,0
64,Saddiq Bey,21,DET,SF,70,53,1909,7.2,17.8,0.404,4.5,11.8,0.38,2.7,5.9,0.45,0.53,3.2,3.8,0.844,1.1,7.1,8.2,2.4,1.3,0.4,1.5,2.8,22.0,112.0,114,ROY-4,beysa01,12.6,0.567,0.666,0.213,2.5,16.2,9.3,7.6,1.3,0.6,7.4,18.7,1.6,1.7,3.3,0.082,0.3,-0.8,-0.5,0.7,19.0,0.158,0.097,0.049,0.03,0.45,0.596,0.313,0.294,0.381,0.38,0.49,0.926,0.035,22,0.228,2,0
65,Jrue Holiday,30,MIL,PG,59,56,1907,10.2,20.3,0.503,2.7,7.0,0.392,7.5,13.3,0.561,0.57,2.6,3.3,0.787,1.8,4.8,6.6,8.8,2.4,0.9,3.1,2.4,25.8,121.0,111,DPOY-8DEF1,holidjr01,20.0,0.592,0.344,0.165,4.2,10.4,7.4,26.3,2.4,1.7,12.6,22.2,4.3,2.2,6.6,0.165,2.8,0.6,3.4,2.6,13.1,0.279,0.199,0.108,0.069,0.561,0.704,0.433,0.528,0.404,0.392,0.33,0.541,0.01,6,0.177,2,0
66,Brook Lopez,32,MIL,C,70,70,1902,8.0,15.8,0.503,2.3,6.9,0.338,5.6,8.9,0.632,0.577,3.0,3.5,0.845,2.6,6.0,8.6,1.2,1.0,2.5,1.6,3.7,21.2,121.0,111,,lopezbr01,15.4,0.611,0.439,0.222,6.0,13.0,9.6,3.5,1.0,4.8,8.3,16.9,3.1,2.2,5.3,0.133,0.0,0.0,0.0,0.9,14.2,0.263,0.211,0.064,0.023,0.632,0.774,0.511,0.488,0.533,0.338,0.692,0.958,0.111,66,0.27,0,0
67,Kentavious Caldwell-Pope,27,LAL,SG,67,67,1902,5.6,12.9,0.431,3.1,7.5,0.41,2.5,5.4,0.46,0.549,2.5,2.9,0.866,0.7,3.9,4.6,3.2,1.6,0.7,1.7,2.9,16.7,114.0,109,DPOY-11,caldwke01,10.7,0.588,0.579,0.221,1.6,8.9,5.3,9.2,1.6,1.2,10.6,14.2,1.6,2.6,4.2,0.107,-1.6,1.0,-0.5,0.7,17.6,0.204,0.073,0.042,0.103,0.46,0.602,0.378,0.238,0.327,0.41,0.816,0.95,0.018,7,0.396,0,0
68,Fred VanVleet,26,TOR,SG,52,52,1899,8.6,22.2,0.389,4.4,12.1,0.366,4.2,10.0,0.416,0.489,4.3,4.9,0.885,0.8,4.8,5.6,8.4,2.2,0.9,2.4,3.0,26.0,113.0,113,,vanvlfr01,16.8,0.534,0.547,0.22,1.8,11.3,6.4,26.7,2.2,2.0,9.1,23.9,2.4,1.8,4.3,0.108,2.2,0.2,2.5,2.2,18.2,0.174,0.115,0.069,0.095,0.416,0.53,0.26,0.433,0.386,0.366,0.305,0.661,0.0,0,0.107,3,0
69,Clint Capela,26,ATL,C,63,63,1898,10.7,18.0,0.594,0.0,0.0,,10.7,18.0,0.594,0.594,3.4,5.9,0.573,7.7,15.7,23.4,1.3,1.1,3.3,1.9,3.8,24.8,125.0,106,DPOY-6,capelca01,24.3,0.601,0.0,0.327,17.5,34.3,26.1,4.1,1.1,6.0,8.4,19.9,4.9,3.3,8.2,0.207,2.7,0.0,2.7,2.2,2.4,0.709,0.269,0.017,0.004,0.594,0.684,0.385,0.25,0.333,,0.668,,0.259,168,,0,0
70,Kyle Anderson,27,MEM,PF,69,69,1887,7.8,16.7,0.468,2.4,6.6,0.36,5.4,10.1,0.539,0.54,3.6,4.7,0.783,1.3,8.7,10.0,6.3,2.1,1.4,2.2,3.0,21.6,118.0,109,,anderky01,17.2,0.578,0.397,0.28,2.9,19.5,11.1,18.3,2.1,2.7,10.4,18.5,2.9,2.7,5.6,0.143,1.4,1.9,3.3,2.5,14.8,0.158,0.22,0.149,0.076,0.539,0.654,0.497,0.541,0.42,0.36,0.449,0.862,0.012,7,0.425,1,0
71,Kyrie Irving,28,BRK,PG,54,54,1886,14.0,27.8,0.506,3.9,9.7,0.402,10.2,18.1,0.561,0.576,5.1,5.6,0.922,1.3,5.2,6.6,8.3,1.9,0.9,3.3,3.6,37.1,121.0,114,ASNBA3,irvinky01,24.4,0.614,0.348,0.201,3.2,11.4,7.5,28.6,1.9,1.7,9.9,30.4,5.8,1.6,7.4,0.189,5.7,-0.2,5.5,3.6,14.6,0.195,0.196,0.159,0.101,0.561,0.623,0.535,0.52,0.555,0.402,0.234,0.579,0.005,3,0.071,0,0
72,Ben Simmons,24,PHI,PG,58,58,1877,8.4,15.0,0.557,0.1,0.3,0.3,8.3,14.7,0.562,0.56,4.5,7.4,0.613,2.4,8.3,10.7,10.3,2.4,0.9,4.4,4.4,21.3,114.0,106,MVP-12DPOY-2ASDEF1,simmobe01,18.3,0.584,0.017,0.492,5.6,18.7,12.2,31.3,2.4,1.7,19.6,20.2,2.7,3.3,6.0,0.153,0.7,2.2,2.9,2.3,4.3,0.527,0.383,0.07,0.003,0.562,0.687,0.426,0.366,0.5,0.3,0.407,1.0,0.153,85,0.3,0,0
73,Joe Ingles,33,UTA,SF,67,30,1867,7.2,14.7,0.489,4.8,10.6,0.451,2.4,4.1,0.59,0.652,2.0,2.3,0.844,0.7,5.7,6.4,8.3,1.2,0.3,3.1,3.1,21.1,129.0,111,6MOY-2,inglejo01,15.9,0.672,0.722,0.16,1.6,11.8,6.9,24.0,1.2,0.5,16.3,16.6,4.7,2.3,7.0,0.18,2.6,0.9,3.5,2.6,19.8,0.105,0.137,0.025,0.011,0.59,0.729,0.506,0.571,0.333,0.451,0.315,0.716,0.002,1,0.209,1,0
74,Jarrett Allen,22,2TM,C,63,45,1864,7.9,12.7,0.618,0.2,0.5,0.316,7.7,12.2,0.631,0.624,5.4,7.6,0.703,5.2,11.5,16.6,2.8,0.8,2.4,2.6,2.5,21.2,127.0,112,,allenja01,20.1,0.661,0.039,0.602,11.6,26.3,18.9,8.7,0.8,4.3,14.1,16.6,4.3,2.1,6.4,0.166,1.3,-0.2,1.1,1.4,3.8,0.6,0.276,0.056,0.029,0.631,0.761,0.436,0.407,0.214,0.316,0.723,1.0,0.288,127,0.368,0,0
74,Jarrett Allen,22,BRK,C,12,5,320,6.6,9.8,0.677,0.0,0.0,,6.6,9.8,0.677,0.677,6.9,9.2,0.754,5.7,13.1,18.8,3.0,1.1,2.9,3.3,3.2,20.2,135.0,109,,allenja01,21.5,0.73,0.0,0.938,13.8,28.6,21.6,8.3,1.1,5.2,19.3,15.5,1.0,0.5,1.4,0.216,1.7,0.9,2.6,0.4,2.9,0.723,0.185,0.046,0.046,0.677,0.809,0.333,0.333,0.333,,0.75,,0.277,17,,0,0
74,Jarrett Allen,22,CLE,C,51,40,1544,8.1,13.3,0.609,0.2,0.6,0.316,7.9,12.7,0.623,0.616,5.0,7.3,0.69,5.0,11.1,16.2,2.7,0.8,2.3,2.5,2.4,21.5,125.0,112,,allenja01,19.8,0.649,0.046,0.549,11.2,25.9,18.3,8.8,0.8,4.1,13.1,16.8,3.4,1.6,5.0,0.155,1.2,-0.4,0.8,1.1,4.7,0.58,0.29,0.058,0.026,0.623,0.752,0.446,0.417,0.182,0.316,0.718,1.0,0.29,110,0.368,0,0
75,Dwayne Bacon,25,ORL,SG,72,50,1853,7.7,19.1,0.402,1.5,5.4,0.285,6.1,13.6,0.449,0.443,3.8,4.6,0.824,0.8,5.1,5.9,2.4,1.2,0.1,1.2,2.7,20.7,102.0,117,,bacondw01,9.9,0.49,0.285,0.242,1.7,11.2,6.3,7.9,1.2,0.2,5.4,19.8,-0.3,0.9,0.5,0.013,-3.7,-1.4,-5.1,-1.5,12.9,0.236,0.226,0.143,0.11,0.449,0.579,0.402,0.394,0.338,0.285,0.408,0.593,0.014,8,0.155,0,0
76,John Collins,23,ATL,PF,63,63,1848,11.4,20.5,0.556,2.2,5.5,0.399,9.2,15.0,0.615,0.61,4.5,5.4,0.833,3.1,9.3,12.4,2.1,0.9,1.7,2.2,5.1,29.6,125.0,112,,collijo01,20.6,0.645,0.27,0.265,7.1,20.3,13.8,6.9,0.9,3.0,8.9,22.2,4.8,1.9,6.7,0.174,2.5,-0.2,2.3,2.0,10.9,0.345,0.204,0.132,0.049,0.615,0.752,0.459,0.549,0.474,0.399,0.723,0.988,0.147,99,0.255,0,0
77,Jakob Poeltl,25,SAS,C,69,51,1845,7.0,11.3,0.616,0.0,0.0,,7.0,11.3,0.616,0.616,1.7,3.3,0.508,5.8,8.6,14.4,3.5,1.2,3.2,2.2,4.5,15.6,123.0,109,,poeltja01,17.5,0.612,0.0,0.288,12.4,19.3,15.8,10.1,1.2,5.7,14.6,13.4,3.2,2.5,5.7,0.148,-0.5,1.2,0.8,1.3,3.7,0.581,0.333,0.074,0.012,0.616,0.72,0.49,0.438,0.2,,0.755,,0.1,40,,0,0
78,Jeff Green,34,BRK,PF,68,38,1835,6.9,13.9,0.492,2.7,6.6,0.412,4.2,7.4,0.564,0.59,3.3,4.2,0.776,0.9,6.0,6.9,2.8,0.9,0.7,1.4,3.2,19.7,122.0,116,,greenje02,13.0,0.624,0.472,0.304,2.2,13.1,7.9,7.8,0.9,1.3,8.2,15.6,2.9,1.2,4.1,0.107,0.0,-0.9,-0.8,0.5,14.4,0.281,0.149,0.072,0.026,0.564,0.725,0.329,0.526,0.286,0.412,0.728,0.951,0.077,39,0.42,3,0
79,Nicolas Batum,32,LAC,SF,67,38,1835,5.2,11.1,0.464,3.0,7.3,0.404,2.2,3.8,0.579,0.597,1.3,1.6,0.828,1.3,7.2,8.5,4.0,1.9,1.0,1.4,2.8,14.6,124.0,110,,batumni01,12.9,0.617,0.66,0.141,3.2,15.9,9.7,10.5,1.9,1.8,10.8,11.8,2.7,2.3,5.0,0.132,0.6,1.5,2.1,1.9,19.1,0.177,0.024,0.053,0.085,0.579,0.699,0.6,0.455,0.4,0.404,0.778,0.991,0.046,18,0.434,0,0
80,Jerami Grant,26,DET,SF,54,54,1829,10.7,25.0,0.429,3.1,8.8,0.35,7.6,16.2,0.473,0.491,7.8,9.2,0.845,0.9,5.8,6.7,4.1,0.9,1.6,2.9,3.4,32.3,109.0,114,,grantje01,16.9,0.556,0.353,0.368,2.1,13.2,7.6,14.3,0.9,2.8,9.1,28.5,1.6,1.6,3.2,0.083,1.9,-0.8,1.1,1.4,14.6,0.207,0.197,0.1,0.143,0.473,0.668,0.386,0.366,0.383,0.35,0.537,0.93,0.044,37,0.198,0,0
81,Paul George,30,LAC,SF,54,54,1821,12.1,25.9,0.467,4.6,11.3,0.411,7.4,14.6,0.51,0.557,5.4,6.2,0.868,1.2,8.5,9.8,7.6,1.7,0.7,4.9,3.6,34.2,113.0,110,ASNBA3,georgpa01,20.5,0.598,0.437,0.239,2.9,18.9,11.1,24.6,1.7,1.2,14.5,30.0,3.0,2.3,5.3,0.139,3.9,0.3,4.2,2.9,16.2,0.185,0.146,0.113,0.12,0.51,0.636,0.403,0.444,0.509,0.411,0.277,0.673,0.024,19,0.18,4,0
82,Jordan Clarkson,28,UTA,SG,68,1,1818,12.2,28.8,0.425,5.6,16.0,0.347,6.7,12.8,0.523,0.522,3.5,3.9,0.896,1.3,6.1,7.3,4.5,1.6,0.3,3.1,2.9,33.5,109.0,110,6MOY-1,clarkjo01,17.1,0.549,0.557,0.134,2.9,12.7,8.0,15.3,1.6,0.4,9.2,29.7,1.7,2.5,4.2,0.111,1.8,-0.4,1.4,1.6,17.2,0.09,0.27,0.074,0.008,0.523,0.67,0.497,0.488,0.111,0.347,0.165,0.63,0.013,11,0.172,1,0
83,Donte DiVincenzo,24,MIL,SG,66,66,1814,6.5,15.6,0.42,3.4,9.0,0.379,3.2,6.7,0.475,0.528,1.3,1.8,0.718,2.1,7.7,9.8,5.3,1.9,0.4,2.4,2.9,17.8,112.0,112,,divindo01,13.0,0.542,0.574,0.118,4.9,16.7,11.0,14.2,1.9,0.7,12.5,16.7,1.5,2.1,3.6,0.095,-0.2,0.4,0.2,1.0,17.2,0.257,0.083,0.053,0.033,0.475,0.574,0.34,0.281,0.35,0.379,0.533,0.779,0.02,8,0.176,1,0
84,Gary Trent Jr.,22,2TM,SG,58,38,1802,8.6,21.2,0.408,4.5,11.6,0.385,4.2,9.6,0.435,0.513,2.2,2.9,0.783,0.7,3.4,4.1,2.2,1.5,0.3,1.2,2.5,24.0,108.0,118,,trentga02,12.1,0.534,0.546,0.135,1.6,7.7,4.6,6.6,1.5,0.5,4.9,20.9,1.0,0.7,1.7,0.045,-0.5,-1.7,-2.3,-0.1,18.4,0.101,0.117,0.113,0.122,0.435,0.646,0.359,0.393,0.375,0.385,0.484,0.806,0.013,7,0.186,1,0
84,Gary Trent Jr.,22,POR,SG,41,23,1262,8.4,20.3,0.414,4.7,11.8,0.397,3.7,8.5,0.438,0.53,2.2,2.9,0.773,0.8,2.7,3.5,2.2,1.4,0.2,1.2,2.4,23.7,112.0,119,,trentga02,12.4,0.55,0.582,0.143,1.7,6.1,3.9,6.7,1.4,0.4,5.3,20.1,1.2,0.3,1.5,0.056,-0.1,-1.8,-1.9,0.0,19.2,0.105,0.09,0.101,0.122,0.438,0.673,0.319,0.396,0.359,0.397,0.49,0.835,0.011,5,0.197,1,0
84,Gary Trent Jr.,22,TOR,SG,17,15,540,9.2,23.4,0.395,3.9,11.1,0.355,5.3,12.3,0.431,0.479,2.2,2.8,0.806,0.5,4.9,5.5,2.0,1.7,0.4,1.1,2.6,24.6,100.0,115,,trentga02,11.3,0.501,0.475,0.119,1.2,11.6,6.2,6.4,1.7,0.7,4.2,22.9,-0.2,0.4,0.2,0.019,-1.6,-1.5,-3.1,-0.2,17.6,0.092,0.172,0.138,0.123,0.431,0.583,0.4,0.389,0.406,0.355,0.475,0.727,0.015,2,0.161,0,0
85,Rui Hachimura,22,WAS,PF,57,57,1797,8.0,16.6,0.478,1.2,3.5,0.328,6.8,13.1,0.519,0.513,3.2,4.1,0.77,1.3,6.7,8.0,2.1,1.1,0.2,1.7,3.1,20.2,107.0,115,,hachiru01,11.4,0.549,0.211,0.248,2.9,15.5,9.2,6.3,1.1,0.3,8.6,18.1,0.7,1.4,2.1,0.056,-2.2,-1.0,-3.1,-0.5,12.3,0.221,0.238,0.154,0.176,0.519,0.748,0.442,0.43,0.412,0.328,0.74,1.0,0.1,58,0.307,0,0
86,T.J. McConnell,28,IND,PG,69,3,1796,7.2,12.9,0.559,0.4,1.3,0.313,6.8,11.6,0.586,0.574,0.9,1.3,0.688,1.4,5.3,6.7,12.0,3.4,0.6,3.6,3.0,15.7,117.0,110,6MOY-11,mccontj01,16.9,0.583,0.098,0.098,3.3,12.1,7.7,34.3,3.4,1.0,20.9,15.3,2.6,2.2,4.8,0.128,-0.2,1.7,1.4,1.5,8.4,0.331,0.341,0.188,0.043,0.586,0.654,0.545,0.554,0.524,0.313,0.363,0.8,0.0,0,0.396,1,0
87,Josh Richardson,27,DAL,SG,59,56,1790,7.3,17.0,0.427,2.4,7.4,0.33,4.8,9.7,0.501,0.498,2.7,3.0,0.917,1.4,4.0,5.4,4.2,1.7,0.7,2.2,3.6,19.7,109.0,114,,richajo01,11.9,0.537,0.432,0.175,3.2,8.8,6.0,12.1,1.7,1.2,10.6,18.4,1.0,1.4,2.4,0.066,-1.5,-0.2,-1.7,0.1,16.2,0.16,0.16,0.15,0.097,0.501,0.677,0.404,0.495,0.383,0.33,0.443,0.83,0.01,5,0.18,1,0
88,Darius Garland,21,CLE,PG,54,50,1790,10.0,22.1,0.451,2.9,7.3,0.395,7.1,14.8,0.479,0.517,3.1,3.6,0.848,0.6,2.9,3.6,9.1,1.8,0.2,4.5,3.0,25.9,105.0,117,,garlada01,14.2,0.547,0.332,0.165,1.4,6.8,4.0,30.9,1.8,0.3,16.0,24.9,0.3,0.9,1.2,0.033,0.0,-2.1,-2.1,-0.1,13.1,0.238,0.269,0.111,0.05,0.479,0.586,0.444,0.393,0.35,0.395,0.307,0.705,0.001,1,0.173,0,0
89,Richaun Holmes,27,SAC,C,61,61,1782,9.9,15.5,0.637,0.1,0.3,0.182,9.8,15.2,0.645,0.638,3.6,4.6,0.794,3.9,9.7,13.6,2.7,1.1,2.6,2.0,5.7,23.4,130.0,115,,holmeri01,20.2,0.669,0.019,0.296,8.8,22.7,15.7,8.3,1.1,4.6,10.3,17.5,4.7,1.4,6.1,0.165,0.6,0.0,0.6,1.2,6.9,0.405,0.283,0.257,0.035,0.645,0.747,0.552,0.622,0.4,0.182,0.816,1.0,0.165,91,0.182,1,0
90,Théo Maledon,19,OKC,PG,65,49,1778,6.0,16.4,0.368,2.8,8.4,0.335,3.2,8.0,0.402,0.454,2.7,3.6,0.748,0.7,5.0,5.6,6.1,1.5,0.3,3.8,3.4,17.6,94.0,116,,maledth01,8.2,0.489,0.51,0.22,1.4,11.0,6.2,18.8,1.5,0.5,17.3,19.4,-1.9,1.1,-0.8,-0.021,-4.0,-1.0,-5.0,-1.3,16.8,0.171,0.164,0.107,0.047,0.402,0.419,0.376,0.424,0.379,0.335,0.331,0.781,0.003,1,0.128,3,0
91,Kawhi Leonard,29,LAC,SF,52,52,1773,13.0,25.4,0.512,2.8,7.1,0.398,10.2,18.3,0.557,0.568,7.3,8.2,0.885,1.5,7.9,9.4,7.5,2.3,0.6,2.9,2.3,36.1,126.0,110,MVP-13ASNBA1DEF2,leonaka01,26.0,0.622,0.28,0.325,3.6,17.4,10.7,24.9,2.3,1.1,9.2,28.6,6.4,2.4,8.8,0.238,6.0,1.3,7.3,4.2,13.9,0.186,0.188,0.215,0.131,0.557,0.775,0.52,0.467,0.445,0.398,0.286,0.713,0.069,60,0.169,1,0
92,Ricky Rubio,30,MIN,PG,68,51,1772,5.1,13.3,0.388,1.8,5.7,0.308,3.4,7.6,0.447,0.454,3.5,4.0,0.867,0.7,5.2,5.9,11.5,2.6,0.1,3.0,3.7,15.5,113.0,115,,rubiori01,13.5,0.516,0.43,0.301,1.6,12.4,6.8,33.3,2.6,0.2,16.4,16.0,1.9,1.3,3.1,0.085,-1.9,0.0,-1.9,0.0,14.8,0.221,0.149,0.131,0.07,0.447,0.582,0.338,0.415,0.314,0.308,0.394,0.939,0.002,1,0.327,0,0
93,Donovan Mitchell,24,UTA,PG,53,53,1771,13.1,30.0,0.438,4.9,12.7,0.386,8.3,17.3,0.476,0.52,7.3,8.7,0.845,1.4,5.1,6.5,7.6,1.4,0.4,4.0,3.2,38.5,115.0,110,AS,mitchdo01,21.3,0.569,0.423,0.29,3.1,10.6,7.0,26.7,1.4,0.7,10.7,33.5,3.9,2.2,6.2,0.167,4.6,-0.2,4.3,2.8,16.0,0.157,0.219,0.093,0.108,0.476,0.608,0.418,0.451,0.424,0.386,0.15,0.5,0.022,14,0.104,4,0
94,Enes Freedom,28,POR,C,72,35,1758,9.4,15.6,0.604,0.0,0.1,0.25,9.4,15.5,0.607,0.605,3.5,4.6,0.774,7.9,14.2,22.1,2.3,0.9,1.3,2.2,4.7,22.4,133.0,113,6MOY-10,kanteen01,22.4,0.636,0.007,0.292,16.8,31.9,24.2,7.2,0.9,2.4,11.0,17.4,5.7,1.7,7.5,0.204,2.1,-1.4,0.6,1.2,2.7,0.695,0.275,0.016,0.007,0.607,0.695,0.416,0.222,0.25,0.25,0.459,1.0,0.032,16,0.0,1,0
95,Jonas Valančiūnas,28,MEM,C,62,61,1755,12.0,20.2,0.592,0.6,1.6,0.368,11.4,18.7,0.611,0.606,4.3,5.5,0.773,6.9,14.2,21.1,3.1,1.0,1.6,2.7,4.9,28.8,126.0,108,,valanjo01,24.4,0.636,0.077,0.273,15.1,31.9,23.4,10.0,1.0,2.9,10.7,22.4,5.1,2.6,7.8,0.213,3.2,-0.3,3.0,2.2,6.1,0.46,0.351,0.087,0.024,0.611,0.69,0.536,0.508,0.556,0.368,0.58,0.857,0.089,61,0.175,0,0
96,Delon Wright,28,2TM,PG,63,39,1748,6.7,14.4,0.463,1.8,4.8,0.372,4.9,9.6,0.509,0.525,2.8,3.5,0.802,1.8,5.7,7.5,7.7,2.8,0.8,2.3,2.1,17.9,118.0,113,,wrighde01,16.3,0.562,0.332,0.243,4.1,13.1,8.6,23.0,2.8,1.5,12.6,16.3,2.5,1.8,4.3,0.117,0.6,1.5,2.2,1.8,11.6,0.332,0.259,0.064,0.014,0.509,0.645,0.373,0.364,0.429,0.372,0.301,0.781,0.01,5,0.198,1,0
96,Delon Wright,28,DET,PG,36,31,1052,6.3,13.7,0.464,1.4,4.1,0.348,4.9,9.5,0.515,0.517,3.3,4.2,0.789,1.7,5.9,7.6,8.4,2.7,0.9,2.2,2.1,17.4,119.0,111,,wrighde01,16.5,0.562,0.304,0.307,3.9,13.6,8.7,25.7,2.7,1.6,12.6,15.8,1.7,1.3,2.9,0.134,0.7,2.2,2.8,1.2,10.5,0.392,0.249,0.041,0.014,0.515,0.661,0.342,0.167,0.5,0.348,0.314,0.839,0.01,3,0.202,1,0
96,Delon Wright,28,SAC,PG,27,8,696,7.2,15.5,0.462,2.3,5.7,0.398,4.9,9.8,0.5,0.536,2.1,2.5,0.833,1.9,5.3,7.2,6.7,3.0,0.8,2.4,2.1,18.7,115.0,115,,wrighde01,15.9,0.563,0.369,0.16,4.4,12.5,8.4,18.9,3.0,1.3,12.7,17.1,0.8,0.5,1.3,0.092,0.5,0.6,1.2,0.6,12.7,0.253,0.271,0.093,0.013,0.5,0.614,0.41,0.476,0.333,0.398,0.282,0.727,0.009,2,0.193,0,0
97,Lonzo Ball,23,NOP,PG,55,55,1747,8.0,19.2,0.414,4.7,12.5,0.378,3.2,6.7,0.482,0.537,1.4,1.8,0.781,0.9,6.3,7.2,8.7,2.3,0.9,3.4,2.8,22.0,110.0,113,,balllo01,15.2,0.551,0.65,0.091,2.1,14.3,8.2,25.4,2.3,1.7,14.5,20.5,1.5,1.7,3.2,0.089,1.4,0.3,1.7,1.6,19.4,0.153,0.057,0.063,0.077,0.482,0.626,0.3,0.386,0.407,0.378,0.415,0.837,0.011,8,0.2,2,0
98,Tyrese Haliburton,20,SAC,PG,58,20,1746,8.0,17.0,0.472,3.3,8.1,0.409,4.7,8.9,0.529,0.569,1.3,1.5,0.857,1.1,3.7,4.8,8.5,2.1,0.8,2.5,2.3,20.7,118.0,118,ROY-3,halibty01,16.2,0.585,0.478,0.09,2.4,8.6,5.5,24.6,2.1,1.4,12.5,18.1,2.8,0.7,3.5,0.096,1.9,-0.5,1.4,1.5,17.1,0.139,0.17,0.126,0.087,0.529,0.674,0.514,0.436,0.463,0.409,0.322,0.785,0.029,17,0.27,6,0
99,Jimmy Butler,31,MIA,SF,52,52,1745,10.4,21.0,0.497,0.7,2.9,0.245,9.7,18.0,0.538,0.514,10.2,11.8,0.863,2.7,7.5,10.2,10.5,3.1,0.5,3.1,2.0,31.8,127.0,108,DPOY-10NBA3DEF2,butleji01,26.5,0.607,0.139,0.565,6.3,17.1,11.8,35.1,3.1,1.1,10.6,26.6,6.6,2.7,9.3,0.255,5.4,2.3,7.7,4.3,9.3,0.327,0.289,0.166,0.079,0.538,0.722,0.441,0.426,0.362,0.245,0.358,0.68,0.053,39,0.333,2,0
100,Will Barton,30,DEN,SF,56,52,1736,7.4,17.3,0.426,2.8,7.3,0.381,4.6,10.0,0.459,0.507,2.7,3.4,0.785,1.1,5.3,6.4,5.2,1.4,0.7,2.7,2.7,20.2,107.0,114,,bartowi01,11.8,0.538,0.423,0.199,2.6,12.2,7.4,14.1,1.4,1.3,12.7,19.0,0.7,1.5,2.2,0.061,-1.0,-0.8,-1.9,0.1,14.5,0.227,0.211,0.072,0.067,0.459,0.63,0.297,0.455,0.39,0.381,0.484,0.745,0.035,19,0.183,1,0
101,Darius Bazley,20,OKC,PF,55,55,1714,7.6,19.1,0.396,2.3,7.9,0.29,5.3,11.2,0.47,0.456,3.5,4.9,0.702,1.4,9.6,11.0,2.7,0.8,0.7,3.4,1.7,20.9,93.0,114,,bazleda01,9.7,0.491,0.414,0.258,3.1,21.2,12.0,8.9,0.8,1.3,13.7,22.1,-2.3,1.4,-0.9,-0.026,-3.1,-1.3,-4.4,-1.0,13.3,0.306,0.197,0.039,0.043,0.47,0.621,0.287,0.37,0.333,0.29,0.5,0.831,0.072,44,0.217,1,0
102,Jamal Murray,23,DEN,PG,48,48,1704,11.0,23.0,0.477,3.7,9.2,0.408,7.2,13.8,0.523,0.559,3.9,4.4,0.869,1.1,4.6,5.6,6.7,1.9,0.4,3.1,2.8,29.5,116.0,114,,murraja01,18.3,0.592,0.399,0.193,2.5,10.4,6.5,20.3,1.9,0.7,11.2,24.8,3.1,1.5,4.6,0.129,2.7,-0.7,2.0,1.7,16.9,0.124,0.144,0.145,0.188,0.523,0.816,0.465,0.496,0.396,0.408,0.333,0.581,0.027,19,0.136,1,0
103,Jalen Brunson,24,DAL,PG,68,12,1697,9.5,18.2,0.523,2.4,5.8,0.405,7.2,12.4,0.578,0.588,3.5,4.4,0.795,0.8,5.9,6.7,6.9,1.0,0.0,2.3,3.2,24.9,123.0,116,6MOY-4,brunsja01,17.1,0.618,0.319,0.241,1.8,13.1,7.5,21.3,1.0,0.1,10.3,20.2,3.9,1.1,5.1,0.143,1.5,-0.6,0.9,1.2,13.3,0.214,0.228,0.161,0.078,0.578,0.799,0.42,0.525,0.551,0.405,0.235,0.864,0.002,0,0.28,0,0
104,Carmelo Anthony,36,POR,PF,69,3,1690,9.4,22.4,0.421,3.8,9.4,0.409,5.6,13.0,0.429,0.506,4.0,4.4,0.89,0.9,5.3,6.2,3.0,1.3,1.1,1.8,4.2,26.7,112.0,117,6MOY-7,anthoca01,14.6,0.547,0.418,0.198,2.0,11.8,6.8,9.2,1.3,2.0,6.7,23.1,1.7,0.8,2.6,0.073,0.2,-1.3,-1.1,0.4,18.1,0.062,0.08,0.236,0.205,0.429,0.5,0.403,0.448,0.396,0.409,0.278,0.782,0.012,8,0.197,0,0
105,Karl-Anthony Towns,25,MIN,C,50,50,1689,11.9,24.5,0.486,3.4,8.8,0.387,8.5,15.7,0.541,0.555,7.5,8.7,0.859,3.7,11.1,14.8,6.3,1.1,1.6,4.5,5.2,34.6,117.0,113,,townska01,23.1,0.612,0.36,0.355,8.2,26.4,17.0,22.6,1.1,2.9,13.7,29.1,3.8,1.6,5.4,0.153,4.3,0.2,4.5,2.8,12.9,0.285,0.238,0.067,0.05,0.541,0.663,0.476,0.356,0.409,0.387,0.558,0.934,0.061,47,0.079,0,0
106,Kelly Oubre Jr.,25,GSW,SF,55,50,1687,8.9,20.2,0.439,2.5,7.9,0.316,6.3,12.2,0.519,0.501,3.4,4.9,0.695,2.3,6.9,9.2,2.0,1.6,1.2,1.9,3.4,23.6,103.0,110,,oubreke01,13.3,0.529,0.394,0.244,5.2,15.4,10.4,6.5,1.6,2.2,8.0,22.1,0.0,2.2,2.2,0.062,-1.4,-0.5,-1.9,0.0,13.2,0.267,0.238,0.062,0.04,0.519,0.72,0.355,0.422,0.31,0.316,0.675,0.944,0.133,84,0.354,0,0
107,Patty Mills,32,SAS,PG,68,1,1685,7.3,17.6,0.412,4.6,12.4,0.375,2.6,5.2,0.5,0.544,2.0,2.2,0.91,0.5,2.8,3.3,4.7,1.2,0.1,1.9,2.3,21.2,111.0,117,,millspa02,11.8,0.57,0.702,0.128,1.1,6.3,3.7,13.5,1.2,0.2,9.3,18.4,1.3,0.8,2.2,0.062,0.0,-1.2,-1.2,0.4,20.7,0.111,0.057,0.028,0.101,0.5,0.574,0.457,0.353,0.484,0.375,0.549,0.783,0.0,0,0.147,0,0
108,Devonte' Graham,25,CHO,PG,55,44,1659,7.4,19.7,0.377,5.3,14.0,0.375,2.1,5.7,0.38,0.51,3.9,4.7,0.842,0.6,3.7,4.4,8.7,1.4,0.2,2.5,2.3,24.0,115.0,116,,grahade01,14.6,0.552,0.713,0.236,1.4,8.4,4.8,26.3,1.4,0.4,10.2,21.4,2.5,0.9,3.4,0.099,1.8,-1.1,0.7,1.1,21.8,0.075,0.052,0.072,0.088,0.38,0.44,0.286,0.354,0.407,0.375,0.397,0.771,0.001,1,0.103,1,0
109,Thaddeus Young,32,CHI,PF,68,23,1652,10.9,19.4,0.559,0.4,1.3,0.267,10.5,18.1,0.58,0.568,2.1,3.3,0.628,4.9,7.5,12.4,8.5,2.2,1.2,4.0,4.5,24.2,116.0,110,6MOY-14,youngth01,20.3,0.578,0.068,0.171,11.4,16.9,14.2,27.1,2.2,2.1,16.1,22.3,2.8,2.2,5.1,0.147,1.9,1.4,3.3,2.2,5.7,0.446,0.424,0.044,0.018,0.58,0.678,0.505,0.414,0.333,0.267,0.57,1.0,0.038,22,0.489,3,0
110,Kendrick Nunn,25,MIA,PG,56,44,1650,9.6,19.8,0.485,3.7,9.6,0.381,5.9,10.2,0.583,0.578,1.7,1.8,0.933,0.6,4.8,5.4,4.5,1.6,0.4,2.4,3.3,24.6,111.0,113,,nunnke01,14.2,0.596,0.486,0.091,1.5,10.8,6.2,14.5,1.6,0.9,10.5,20.9,1.4,1.5,2.9,0.084,-0.1,-0.4,-0.5,0.6,16.1,0.229,0.12,0.087,0.078,0.583,0.755,0.405,0.421,0.529,0.381,0.452,0.852,0.021,12,0.188,1,0
111,Jae Crowder,30,PHO,PF,60,42,1648,6.0,14.7,0.404,4.4,11.4,0.389,1.5,3.4,0.455,0.555,1.7,2.2,0.76,1.0,7.5,8.4,3.8,1.4,0.8,1.6,3.7,18.1,113.0,111,,crowdja01,11.8,0.574,0.772,0.152,2.2,16.9,9.7,10.0,1.4,1.5,9.5,15.7,1.4,1.9,3.3,0.097,0.3,0.8,1.1,1.3,21.9,0.075,0.049,0.03,0.073,0.455,0.649,0.417,0.267,0.361,0.389,0.804,0.959,0.006,2,0.255,0,0
112,Seth Curry,30,PHI,SG,57,57,1638,7.6,16.3,0.467,3.7,8.2,0.45,3.9,8.0,0.485,0.582,2.0,2.3,0.896,0.3,3.7,4.0,4.6,1.3,0.2,1.9,2.8,20.9,118.0,112,,curryse01,12.9,0.607,0.507,0.139,0.7,8.3,4.6,13.6,1.3,0.4,10.0,17.1,2.3,1.7,4.0,0.118,0.1,-0.4,-0.3,0.7,19.3,0.083,0.111,0.096,0.203,0.485,0.63,0.426,0.509,0.446,0.45,0.591,0.857,0.0,0,0.157,1,0
113,Tyler Herro,21,MIA,SG,54,15,1635,9.3,21.2,0.439,3.3,9.0,0.36,6.1,12.2,0.498,0.516,2.9,3.6,0.803,0.8,7.4,8.1,5.6,1.1,0.5,3.1,2.2,24.8,104.0,113,,herroty01,13.3,0.543,0.425,0.167,1.8,16.7,9.4,18.0,1.1,1.1,11.9,23.5,0.1,1.6,1.7,0.049,-0.3,-1.0,-1.3,0.3,16.5,0.163,0.16,0.109,0.143,0.498,0.667,0.455,0.408,0.42,0.36,0.46,0.729,0.011,7,0.138,4,0
114,Doug McDermott,29,IND,PF,66,29,1619,10.3,19.4,0.532,3.2,8.3,0.388,7.1,11.1,0.641,0.616,2.3,2.9,0.816,1.8,4.7,6.5,2.5,0.6,0.2,1.5,3.4,26.2,121.0,118,,mcderdo01,15.6,0.635,0.43,0.147,4.0,10.7,7.4,7.8,0.6,0.3,7.0,20.0,3.1,0.7,3.8,0.112,1.4,-2.0,-0.6,0.6,12.8,0.397,0.141,0.018,0.014,0.641,0.716,0.5,0.417,0.222,0.388,0.774,1.0,0.041,26,0.231,0,0
115,Ivica Zubac,23,LAC,C,72,33,1609,7.9,12.1,0.652,0.0,0.1,0.25,7.9,12.0,0.656,0.654,4.2,5.3,0.789,5.8,10.2,16.0,2.8,0.7,1.9,2.5,5.8,20.0,135.0,110,,zubaciv01,19.1,0.693,0.01,0.434,13.6,22.4,18.1,7.9,0.7,3.4,14.7,15.1,4.8,2.1,6.9,0.206,0.6,0.4,1.0,1.2,2.9,0.683,0.287,0.01,0.01,0.656,0.729,0.504,0.5,0.25,0.25,0.734,1.0,0.406,139,0.0,1,0
116,James Harden,31,2TM,PG,44,43,1609,10.2,21.9,0.466,3.6,10.0,0.362,6.6,12.0,0.553,0.548,8.3,9.6,0.861,1.0,9.4,10.4,14.2,1.6,1.0,5.3,3.0,32.4,122.0,112,MVP-13AS,hardeja01,24.5,0.618,0.455,0.44,2.5,20.6,11.9,44.4,1.6,1.8,16.8,28.4,5.3,1.7,7.0,0.208,6.2,1.0,7.2,3.7,15.0,0.238,0.257,0.04,0.01,0.553,0.674,0.455,0.448,0.571,0.362,0.167,0.248,0.007,4,0.045,2,0
116,James Harden,31,HOU,PG,8,8,290,9.8,22.0,0.444,4.1,11.7,0.347,5.7,10.3,0.556,0.537,8.6,9.8,0.883,0.8,5.9,6.7,13.5,1.1,1.0,5.5,2.3,32.3,119.0,116,,hardeja01,22.4,0.613,0.533,0.444,1.8,13.8,7.5,46.9,1.1,1.8,17.4,28.7,0.8,0.2,1.0,0.159,5.4,-0.6,4.8,0.5,15.7,0.311,0.133,0.022,0.0,0.556,0.69,0.278,0.333,,0.347,0.2,0.28,0.007,1,0.056,1,0
116,James Harden,31,BRK,PG,36,35,1319,10.3,21.9,0.471,3.5,9.6,0.366,6.8,12.3,0.552,0.551,8.2,9.6,0.856,1.1,10.1,11.2,14.3,1.7,1.0,5.2,3.1,32.4,123.0,111,,hardeja01,25.0,0.619,0.437,0.439,2.6,22.1,12.9,43.8,1.7,1.8,16.7,28.4,4.5,1.5,6.0,0.219,6.4,1.3,7.7,3.2,14.2,0.222,0.285,0.043,0.012,0.552,0.669,0.474,0.462,0.571,0.366,0.161,0.24,0.007,3,0.042,1,0
117,Steven Adams,27,NOP,C,58,58,1605,5.6,9.2,0.614,0.0,0.1,0.0,5.6,9.1,0.62,0.614,1.8,4.0,0.444,6.4,9.0,15.4,3.3,1.6,1.1,2.3,3.4,13.1,122.0,112,,adamsst01,15.1,0.596,0.01,0.438,14.4,20.4,17.4,9.1,1.6,2.2,17.5,11.7,2.3,1.7,4.0,0.119,-0.4,0.1,-0.3,0.7,3.9,0.646,0.276,0.068,0.0,0.62,0.693,0.494,0.429,,0.0,0.598,,0.182,51,0.0,3,0
118,Kyle Lowry,34,TOR,PG,46,46,1601,7.9,18.0,0.436,4.0,10.0,0.396,3.9,8.0,0.487,0.546,4.2,4.8,0.875,1.1,6.4,7.5,10.2,1.4,0.4,3.8,4.3,23.9,117.0,115,,lowryky01,16.5,0.593,0.555,0.268,2.3,15.1,8.5,31.8,1.4,0.9,15.9,21.4,2.9,1.3,4.1,0.124,2.0,-0.4,1.6,1.5,18.5,0.149,0.129,0.074,0.092,0.487,0.685,0.364,0.409,0.4,0.396,0.349,0.687,0.0,0,0.082,1,0
119,Daniel Theis,28,2TM,C,65,51,1601,7.7,14.2,0.541,1.5,4.6,0.322,6.2,9.6,0.646,0.593,2.3,3.3,0.673,2.8,8.0,10.8,3.3,1.2,1.7,2.0,5.1,19.1,120.0,111,,theisda01,15.0,0.609,0.326,0.236,6.5,18.3,12.4,9.5,1.2,3.3,11.4,15.6,2.4,1.8,4.3,0.128,-0.7,0.7,0.0,0.8,12.5,0.315,0.157,0.124,0.077,0.646,0.776,0.548,0.5,0.556,0.322,0.818,1.0,0.165,71,0.217,1,0
119,Daniel Theis,28,BOS,C,42,37,1027,7.6,13.7,0.552,1.6,4.5,0.347,6.0,9.2,0.653,0.609,2.2,3.2,0.687,2.6,7.9,10.5,3.2,1.2,2.0,2.0,5.7,18.9,123.0,112,,theisda01,15.0,0.625,0.33,0.233,5.8,18.1,11.9,9.3,1.2,3.9,11.4,15.0,1.7,1.2,2.9,0.134,-0.6,1.0,0.4,0.6,12.9,0.299,0.163,0.125,0.083,0.653,0.756,0.553,0.611,0.542,0.347,0.825,1.0,0.16,41,0.221,1,0
119,Daniel Theis,28,CHI,C,23,14,574,7.9,15.0,0.522,1.4,4.8,0.281,6.5,10.2,0.636,0.567,2.4,3.6,0.651,3.3,8.2,11.5,3.5,1.4,1.2,2.1,4.0,19.4,116.0,111,,theisda01,14.9,0.584,0.32,0.242,7.6,18.5,13.1,10.0,1.4,2.1,11.3,16.8,0.7,0.7,1.4,0.116,-1.0,0.3,-0.7,0.2,12.1,0.343,0.146,0.124,0.067,0.636,0.803,0.538,0.318,0.583,0.281,0.805,1.0,0.174,30,0.211,0,0
120,CJ McCollum,29,POR,SG,47,47,1600,12.3,26.9,0.458,5.2,12.8,0.402,7.2,14.1,0.509,0.554,3.3,4.1,0.812,0.9,4.7,5.6,6.8,1.3,0.6,2.0,2.7,33.1,120.0,118,,mccolcj01,20.8,0.577,0.475,0.15,2.0,10.6,6.2,23.0,1.3,1.2,6.5,27.1,4.1,0.6,4.7,0.141,5.0,-1.1,3.9,2.4,17.5,0.106,0.152,0.14,0.127,0.509,0.596,0.455,0.5,0.509,0.402,0.301,0.615,0.003,2,0.143,0,0
121,Joel Embiid,26,PHI,C,51,51,1585,14.0,27.4,0.513,1.8,4.7,0.377,12.3,22.7,0.541,0.545,14.3,16.7,0.859,3.4,13.0,16.4,4.4,1.5,2.1,4.8,3.7,44.1,121.0,104,MVP-2DPOY-7ASNBA2DEF2,embiijo01,30.3,0.636,0.171,0.61,8.0,29.1,18.7,16.2,1.5,3.9,12.2,35.3,5.6,3.2,8.8,0.266,6.3,1.2,7.5,3.8,11.8,0.219,0.227,0.246,0.137,0.541,0.736,0.441,0.48,0.504,0.377,0.429,0.879,0.05,41,0.045,1,0
122,Marcus Smart,26,BOS,PG,48,45,1581,6.3,15.8,0.398,2.9,8.7,0.33,3.4,7.0,0.482,0.489,4.0,5.0,0.79,1.1,4.0,5.2,8.4,2.2,0.7,3.0,3.9,19.4,114.0,113,,smartma01,13.8,0.539,0.553,0.318,2.5,9.3,5.9,23.6,2.2,1.4,14.2,18.4,1.8,1.5,3.3,0.1,-0.4,0.2,-0.3,0.7,17.9,0.129,0.178,0.084,0.055,0.482,0.515,0.495,0.419,0.464,0.33,0.291,0.871,0.006,1,0.131,3,0
123,Montrezl Harrell,27,LAL,C,69,1,1580,11.5,18.6,0.622,0.0,0.3,0.0,11.5,18.3,0.632,0.622,5.6,7.9,0.707,4.9,8.3,13.2,2.2,1.4,1.5,2.3,3.9,28.7,127.0,106,6MOY-6,harremo01,22.7,0.65,0.017,0.425,11.3,19.1,15.2,7.7,1.4,2.8,9.4,21.7,4.5,2.7,7.3,0.221,2.3,0.7,3.0,2.0,4.7,0.577,0.259,0.114,0.033,0.632,0.75,0.506,0.435,0.25,0.0,0.605,,0.214,118,0.1,1,0
124,Pat Connaughton,28,MIL,SG,69,4,1575,5.0,11.5,0.434,3.0,8.1,0.371,2.0,3.4,0.583,0.565,0.9,1.2,0.775,1.9,8.0,9.9,2.4,1.5,0.7,1.0,3.0,14.0,121.0,112,,connapa01,11.3,0.578,0.703,0.103,4.4,17.3,11.1,6.3,1.5,1.3,7.5,11.6,1.8,1.7,3.5,0.108,-0.5,0.5,0.0,0.8,19.5,0.204,0.062,0.013,0.018,0.583,0.709,0.333,0.4,0.143,0.371,0.791,0.97,0.028,9,0.221,1,0
125,Josh Jackson,23,DET,SG,62,25,1560,9.3,22.2,0.419,2.4,8.1,0.3,6.9,14.2,0.487,0.473,5.0,6.9,0.729,1.8,6.2,8.0,4.5,1.7,1.5,4.5,5.6,26.0,97.0,112,,jacksjo02,12.0,0.516,0.364,0.308,4.0,14.2,9.1,15.1,1.7,2.6,15.0,26.5,-1.6,1.7,0.1,0.004,-2.5,-0.5,-3.0,-0.4,13.4,0.267,0.221,0.064,0.085,0.487,0.619,0.385,0.333,0.45,0.3,0.457,0.922,0.038,23,0.268,2,0
126,Nerlens Noel,26,NYK,C,64,41,1547,4.4,7.2,0.614,0.0,0.1,0.0,4.4,7.1,0.623,0.614,1.6,2.3,0.714,4.6,8.6,13.2,1.5,2.3,4.6,2.1,5.7,10.5,121.0,101,,noelne01,14.8,0.638,0.013,0.314,10.1,18.4,14.3,4.1,2.3,8.7,20.4,9.2,1.6,3.6,5.2,0.162,-2.4,3.8,1.4,1.3,3.7,0.686,0.202,0.081,0.018,0.623,0.706,0.489,0.278,0.5,0.0,0.737,,0.39,76,0.333,0,0
127,Reggie Jackson,30,LAC,SG,67,43,1544,8.4,18.8,0.45,3.9,9.0,0.433,4.5,9.7,0.465,0.554,2.1,2.6,0.817,0.8,5.4,6.2,6.6,1.3,0.2,2.4,4.1,22.9,116.0,113,,jacksre01,14.2,0.576,0.482,0.14,1.8,11.9,7.0,19.0,1.3,0.4,10.6,19.9,2.3,1.4,3.7,0.115,0.6,-0.2,0.4,0.9,16.2,0.188,0.166,0.094,0.07,0.465,0.609,0.361,0.345,0.488,0.433,0.262,0.844,0.015,8,0.22,1,0
128,Luguentz Dort,21,OKC,SG,52,52,1543,7.6,19.7,0.387,3.5,10.1,0.343,4.1,9.6,0.432,0.475,3.8,5.1,0.744,1.2,4.7,5.8,2.7,1.4,0.6,2.4,4.1,22.5,100.0,116,,dortlu01,10.1,0.513,0.515,0.257,2.5,10.3,6.4,8.8,1.4,1.1,10.0,21.7,-0.6,1.0,0.3,0.011,-2.6,-0.9,-3.5,-0.6,15.4,0.233,0.196,0.036,0.02,0.432,0.564,0.296,0.391,0.308,0.343,0.455,0.894,0.011,7,0.134,0,0
129,Khem Birch,28,2TM,C,67,22,1529,6.0,12.1,0.497,0.4,1.7,0.25,5.6,10.4,0.537,0.514,2.9,4.1,0.705,5.5,6.8,12.3,2.8,1.5,1.6,1.4,3.6,15.3,121.0,113,,birchkh01,15.1,0.552,0.137,0.339,11.6,15.3,13.4,8.5,1.5,3.1,9.2,13.6,2.3,1.4,3.8,0.118,-1.0,0.1,-1.0,0.4,8.4,0.342,0.342,0.132,0.047,0.537,0.692,0.431,0.46,0.389,0.25,0.761,1.0,0.137,46,0.654,0,0
129,Khem Birch,28,ORL,C,48,5,952,4.8,10.7,0.45,0.2,1.1,0.19,4.6,9.6,0.479,0.459,3.2,4.3,0.741,6.0,6.4,12.4,2.7,1.6,1.4,1.2,3.4,13.0,120.0,114,,birchkh01,14.1,0.517,0.1,0.407,12.3,14.2,13.2,8.0,1.6,2.7,8.5,12.2,1.3,0.8,2.1,0.106,-1.7,0.1,-1.6,0.1,7.8,0.349,0.34,0.153,0.057,0.479,0.63,0.394,0.313,0.5,0.19,0.722,1.0,0.115,21,0.81,0,0
129,Khem Birch,28,TOR,C,19,17,577,8.0,14.3,0.556,0.8,2.6,0.29,7.2,11.7,0.614,0.582,2.3,3.7,0.636,4.8,7.3,12.1,3.0,1.3,1.8,1.8,3.9,19.0,123.0,112,,birchkh01,16.9,0.596,0.181,0.257,10.5,17.2,13.7,9.4,1.3,3.8,9.9,15.8,1.1,0.6,1.7,0.138,0.1,0.0,0.1,0.3,8.9,0.333,0.345,0.105,0.035,0.614,0.772,0.475,0.722,0.167,0.29,0.802,1.0,0.164,25,0.548,0,0
130,Garrett Temple,34,CHI,SG,56,25,1528,5.0,12.1,0.415,2.1,6.3,0.335,2.9,5.7,0.503,0.503,1.3,1.6,0.8,0.9,4.2,5.1,3.9,1.4,1.0,1.8,4.0,13.4,105.0,113,,templga01,8.2,0.525,0.525,0.131,2.1,9.4,5.8,10.5,1.4,1.7,12.6,13.1,0.2,1.4,1.6,0.05,-3.3,0.3,-3.0,-0.4,16.1,0.236,0.087,0.073,0.079,0.503,0.611,0.424,0.393,0.367,0.335,0.67,0.955,0.003,0,0.47,0,0
131,Lonnie Walker IV,22,SAS,SG,60,38,1522,8.2,19.4,0.42,3.2,9.0,0.355,5.0,10.4,0.477,0.502,1.8,2.2,0.814,0.4,4.5,4.9,3.2,0.9,0.5,2.1,3.2,21.3,100.0,116,,walkelo01,9.8,0.523,0.463,0.115,1.0,10.1,5.4,9.6,0.9,0.8,9.2,20.1,-0.5,0.9,0.4,0.012,-2.3,-1.4,-3.7,-0.7,16.2,0.227,0.108,0.092,0.11,0.477,0.572,0.424,0.411,0.388,0.355,0.545,0.9,0.026,13,0.152,1,0
132,Desmond Bane,22,MEM,SG,68,17,1519,7.4,15.7,0.469,3.7,8.5,0.432,3.7,7.2,0.513,0.586,1.3,1.5,0.816,1.0,5.6,6.6,3.7,1.3,0.5,1.9,3.9,19.7,115.0,114,,banede01,12.2,0.6,0.543,0.098,2.1,12.6,7.3,10.6,1.3,0.9,10.2,16.1,1.6,1.3,2.9,0.093,-0.6,-0.2,-0.8,0.5,17.0,0.176,0.132,0.094,0.054,0.513,0.614,0.485,0.426,0.407,0.432,0.709,0.932,0.012,5,0.262,0,0
133,Solomon Hill,29,ATL,PF,71,16,1513,3.5,9.7,0.359,2.2,6.9,0.321,1.3,2.8,0.453,0.473,1.1,1.5,0.761,1.4,5.6,7.0,2.4,1.6,0.4,1.4,3.8,10.3,104.0,115,,hillso01,6.7,0.498,0.711,0.154,3.1,12.2,7.7,6.4,1.6,0.6,11.7,10.4,0.1,1.2,1.3,0.04,-3.0,0.5,-2.5,-0.2,19.0,0.164,0.081,0.017,0.027,0.453,0.571,0.333,0.2,0.25,0.321,0.59,1.0,0.027,6,0.392,1,0
134,Jaden McDaniels,20,MIN,PF,63,27,1511,5.1,11.5,0.447,2.3,6.2,0.364,2.9,5.3,0.544,0.545,0.8,1.4,0.6,1.6,5.6,7.3,2.2,1.1,1.9,1.5,5.4,13.3,108.0,116,,mcdanja02,8.9,0.552,0.54,0.123,3.6,13.4,8.3,6.4,1.1,3.4,10.8,12.0,0.5,0.9,1.4,0.046,-3.3,-0.2,-3.5,-0.6,16.0,0.229,0.139,0.049,0.044,0.544,0.69,0.412,0.5,0.25,0.364,0.707,0.972,0.114,32,0.338,1,0
135,Cedi Osman,25,CLE,SF,59,26,1510,7.2,19.1,0.374,3.2,10.6,0.306,3.9,8.6,0.458,0.458,2.5,3.1,0.8,1.2,5.3,6.6,5.7,1.7,0.3,2.6,3.9,20.0,100.0,116,,osmande01,10.3,0.488,0.553,0.162,2.8,12.4,7.5,17.7,1.7,0.5,11.3,20.4,-0.5,1.0,0.5,0.014,-2.3,-0.9,-3.2,-0.5,16.3,0.234,0.147,0.051,0.015,0.458,0.569,0.314,0.4,0.333,0.306,0.617,0.859,0.012,7,0.191,0,0
136,LeBron James,36,LAL,PG,45,45,1504,13.7,26.6,0.513,3.4,9.2,0.365,10.3,17.4,0.591,0.576,5.8,8.2,0.698,0.9,10.3,11.2,11.3,1.6,0.8,5.4,2.3,36.4,114.0,106,MVP-13ASNBA2,jamesle01,24.2,0.602,0.346,0.31,2.2,23.6,12.9,41.8,1.6,1.5,15.2,31.9,3.0,2.6,5.6,0.179,5.9,2.3,8.1,3.8,13.9,0.318,0.118,0.104,0.113,0.591,0.782,0.474,0.384,0.366,0.365,0.327,0.519,0.062,48,0.077,0,0
137,Marcus Morris,31,LAC,PF,57,29,1502,9.1,19.3,0.473,4.6,9.8,0.473,4.5,9.5,0.472,0.592,2.4,2.9,0.82,1.2,6.6,7.7,1.9,1.1,0.5,1.9,3.9,25.2,117.0,113,,morrima03,14.5,0.614,0.507,0.152,2.7,14.5,8.8,5.6,1.1,0.9,8.4,20.1,2.1,1.5,3.6,0.115,0.9,-0.8,0.0,0.8,18.4,0.082,0.098,0.2,0.113,0.472,0.604,0.316,0.504,0.455,0.473,0.456,0.936,0.007,3,0.318,3,0
138,Mason Plumlee,30,DET,C,56,56,1499,7.7,12.5,0.614,0.0,0.2,0.0,7.7,12.2,0.626,0.614,3.7,5.5,0.669,4.7,12.2,17.0,6.6,1.4,1.6,3.4,6.1,19.0,122.0,109,,plumlma01,18.7,0.638,0.018,0.444,10.6,28.1,19.3,21.0,1.4,2.9,18.7,16.3,3.0,2.1,5.1,0.164,0.2,2.0,2.2,1.6,4.6,0.575,0.304,0.052,0.05,0.626,0.795,0.422,0.25,0.316,0.0,0.722,,0.281,99,0.571,0,0
139,Mike Conley,33,UTA,PG,51,51,1498,9.2,20.8,0.444,4.5,10.9,0.412,4.7,9.9,0.479,0.552,3.9,4.6,0.852,1.2,4.6,5.8,9.9,2.3,0.3,3.2,3.2,26.9,123.0,109,AS,conlemi01,19.2,0.589,0.523,0.222,2.7,9.6,6.3,30.6,2.3,0.5,12.4,23.1,4.0,2.1,6.1,0.197,3.6,1.3,4.9,2.6,17.2,0.109,0.209,0.117,0.041,0.479,0.557,0.478,0.44,0.385,0.412,0.253,0.594,0.0,0,0.179,3,0
140,Gordon Hayward,30,CHO,SF,44,44,1496,10.2,21.5,0.473,2.8,6.7,0.415,7.4,14.8,0.499,0.537,5.1,6.0,0.843,1.2,7.2,8.4,5.9,1.7,0.5,3.0,2.4,28.2,114.0,113,,haywago01,17.6,0.584,0.312,0.281,2.6,16.3,9.3,19.5,1.7,0.9,11.0,23.9,2.2,1.4,3.5,0.114,1.6,-0.1,1.6,1.4,13.7,0.213,0.198,0.161,0.117,0.499,0.671,0.392,0.453,0.429,0.415,0.606,0.871,0.033,21,0.176,0,0
141,Caris LeVert,26,2TM,SG,47,39,1486,11.5,26.0,0.441,2.7,8.2,0.326,8.8,17.8,0.495,0.493,4.7,5.8,0.811,1.1,5.8,6.8,7.8,2.1,1.0,3.3,3.4,30.3,107.0,113,,leverca01,17.8,0.531,0.317,0.221,2.5,13.1,7.8,25.4,2.1,1.7,10.2,28.7,0.9,1.5,2.4,0.077,0.9,-0.5,0.4,0.9,13.3,0.224,0.206,0.189,0.064,0.495,0.659,0.345,0.513,0.346,0.326,0.375,0.56,0.021,17,0.143,1,0
141,Caris LeVert,26,BRK,SG,12,4,334,12.6,28.9,0.435,3.2,9.1,0.349,9.4,19.8,0.474,0.49,3.8,4.9,0.765,1.4,6.1,7.5,10.4,1.9,0.9,3.8,2.9,32.1,108.0,114,,leverca01,19.1,0.516,0.315,0.17,3.5,13.2,8.6,34.1,1.9,1.6,10.8,31.5,0.3,0.3,0.6,0.084,2.1,-0.6,1.5,0.3,13.2,0.235,0.21,0.17,0.07,0.474,0.66,0.381,0.441,0.214,0.349,0.369,0.318,0.03,6,0.127,0,0
141,Caris LeVert,26,IND,SG,35,35,1152,11.2,25.2,0.443,2.5,8.0,0.318,8.6,17.2,0.501,0.493,4.9,6.0,0.822,0.9,5.7,6.6,7.1,2.2,1.0,3.1,3.5,29.8,107.0,112,,leverca01,17.4,0.535,0.318,0.238,2.2,13.0,7.6,22.9,2.2,1.7,10.1,27.9,0.6,1.2,1.8,0.075,0.5,-0.5,0.0,0.6,13.5,0.22,0.205,0.195,0.062,0.501,0.659,0.333,0.533,0.395,0.318,0.376,0.645,0.018,11,0.149,1,0
142,Elfrid Payton,26,NYK,PG,63,63,1484,9.1,21.0,0.432,0.9,3.3,0.286,8.1,17.7,0.46,0.455,2.5,3.6,0.682,2.2,5.1,7.3,6.8,1.6,0.3,3.5,3.9,21.5,99.0,110,,paytoel01,11.7,0.478,0.158,0.172,4.7,11.0,7.9,21.6,1.6,0.6,13.3,23.2,-0.9,1.9,1.0,0.032,-2.9,-0.1,-3.0,-0.4,8.4,0.368,0.339,0.093,0.042,0.46,0.576,0.393,0.293,0.346,0.286,0.27,0.964,0.014,7,0.398,0,0
143,LaMelo Ball,19,CHO,PG,51,31,1469,9.7,22.3,0.436,3.1,8.7,0.352,6.7,13.7,0.489,0.504,4.2,5.5,0.758,2.1,7.9,10.0,10.4,2.7,0.6,4.8,4.5,26.7,108.0,110,ROY-1,ballla01,17.5,0.539,0.388,0.246,4.6,17.9,11.1,33.9,2.7,1.2,16.3,26.1,1.0,1.9,2.8,0.093,1.1,0.7,1.8,1.4,13.7,0.302,0.174,0.095,0.04,0.489,0.576,0.419,0.375,0.407,0.352,0.284,0.728,0.018,8,0.161,1,0
144,Dāvis Bertāns,28,WAS,PF,57,7,1464,6.1,15.1,0.404,5.3,13.5,0.395,0.8,1.6,0.48,0.581,3.1,3.6,0.87,0.6,4.7,5.3,1.5,1.0,0.4,1.0,4.3,20.6,120.0,116,,bertada01,11.4,0.62,0.895,0.241,1.3,10.8,6.1,4.4,1.0,0.7,5.9,15.9,2.1,1.0,3.1,0.101,0.3,-1.1,-0.8,0.4,24.8,0.036,0.04,0.013,0.017,0.48,0.706,0.474,0.167,0.25,0.395,0.75,0.97,0.01,4,0.143,3,0
145,Shake Milton,24,PHI,SG,63,4,1461,9.9,22.0,0.45,2.3,6.7,0.35,7.6,15.3,0.494,0.503,4.8,5.8,0.83,1.1,3.8,4.9,6.4,1.3,0.6,3.4,4.3,27.0,109.0,112,6MOY-12,miltosh01,14.6,0.549,0.304,0.264,2.5,8.5,5.6,20.3,1.3,1.1,12.2,24.9,1.1,1.6,2.8,0.091,-0.7,-1.0,-1.6,0.1,13.9,0.193,0.214,0.181,0.106,0.494,0.62,0.42,0.479,0.437,0.35,0.362,0.803,0.0,0,0.182,0,0
146,Isaiah Stewart,19,DET,C,68,14,1455,7.6,13.8,0.553,0.7,2.1,0.333,6.9,11.7,0.592,0.578,2.2,3.1,0.696,5.4,9.9,15.3,2.0,1.3,2.9,2.3,6.2,18.1,118.0,109,,stewais01,16.4,0.597,0.154,0.225,12.0,22.7,17.3,6.3,1.3,5.2,13.0,15.5,1.9,2.1,4.0,0.132,-1.6,0.5,-1.1,0.3,7.4,0.494,0.252,0.066,0.034,0.592,0.644,0.524,0.556,0.429,0.333,0.659,1.0,0.108,37,0.079,0,0
147,Myles Turner,24,IND,C,47,47,1455,6.7,14.0,0.477,2.2,6.7,0.335,4.5,7.3,0.606,0.557,3.6,4.6,0.782,2.0,7.9,9.9,1.6,1.3,5.2,2.2,5.4,19.2,112.0,108,DPOY-9,turnemy01,15.3,0.599,0.477,0.329,4.7,18.0,11.4,4.4,1.3,8.8,11.9,16.4,1.1,2.2,3.3,0.11,-1.6,2.0,0.4,0.9,14.3,0.329,0.148,0.028,0.019,0.606,0.725,0.438,0.333,0.25,0.335,0.759,1.0,0.063,26,0.218,0,0
148,Chris Boucher,28,TOR,C,60,14,1453,9.6,18.7,0.514,3.0,7.8,0.383,6.6,10.8,0.609,0.595,5.1,6.4,0.788,3.9,9.6,13.5,2.1,1.2,3.7,1.5,5.5,27.2,127.0,109,6MOY-8,bouchch01,21.9,0.634,0.42,0.345,8.5,22.5,15.3,6.9,1.2,7.6,6.7,20.5,4.0,2.1,6.1,0.201,2.7,0.6,3.3,2.0,12.8,0.382,0.154,0.014,0.03,0.609,0.692,0.465,0.5,0.353,0.383,0.687,0.978,0.096,46,0.14,0,0
149,Bruce Brown,24,BRK,PG,65,37,1451,7.8,14.1,0.556,0.6,2.0,0.288,7.2,12.1,0.599,0.576,2.9,3.9,0.735,3.7,7.9,11.6,3.5,1.9,0.9,1.8,4.8,19.0,124.0,112,,brownbr01,16.1,0.604,0.139,0.277,8.9,17.2,13.3,9.8,1.9,1.7,10.2,15.9,2.8,1.5,4.4,0.144,-0.4,0.2,-0.1,0.7,6.4,0.513,0.286,0.057,0.005,0.599,0.7,0.479,0.292,0.5,0.288,0.752,1.0,0.054,22,0.746,0,0
150,Cory Joseph,29,2TM,PG,63,13,1446,6.7,14.2,0.469,1.5,4.4,0.341,5.2,9.8,0.527,0.522,2.4,2.9,0.818,1.2,4.1,5.3,7.1,2.0,0.6,2.6,4.6,17.3,112.0,116,,josepco01,12.5,0.556,0.31,0.207,2.7,9.7,6.1,21.4,2.0,1.1,14.5,16.3,1.3,0.8,2.1,0.069,-1.8,0.0,-1.8,0.1,12.7,0.218,0.254,0.143,0.075,0.527,0.753,0.463,0.328,0.469,0.341,0.335,0.889,0.0,0,0.303,0,0
150,Cory Joseph,29,SAC,PG,44,2,944,5.6,12.7,0.444,1.6,4.8,0.33,4.1,7.9,0.513,0.506,1.8,2.4,0.766,1.3,3.8,5.0,5.5,2.0,0.5,2.2,5.0,14.7,109.0,119,,josepco01,9.9,0.534,0.376,0.188,2.9,8.8,5.8,14.9,2.0,0.8,14.0,14.3,0.4,0.3,0.7,0.037,-3.0,-0.3,-3.3,-0.3,14.3,0.2,0.196,0.14,0.088,0.513,0.74,0.51,0.2,0.5,0.33,0.413,0.968,0.0,0,0.362,0,0
150,Cory Joseph,29,DET,PG,19,11,502,8.7,17.2,0.506,1.4,3.7,0.368,7.3,13.5,0.543,0.545,3.5,4.0,0.878,1.0,4.9,5.9,10.3,2.1,0.9,3.4,4.0,22.3,117.0,112,,josepco01,17.3,0.588,0.216,0.233,2.2,11.2,6.6,33.7,2.1,1.6,15.3,19.9,0.8,0.5,1.4,0.13,0.5,0.4,0.9,0.4,11.2,0.244,0.335,0.148,0.057,0.543,0.767,0.424,0.5,0.4,0.368,0.253,0.714,0.0,0,0.158,0,0
151,Cameron Johnson,24,PHO,PF,60,11,1437,7.0,16.6,0.42,4.0,11.5,0.349,3.0,5.1,0.581,0.541,1.7,2.0,0.847,1.1,5.7,6.8,3.0,1.3,0.5,1.4,2.9,19.7,112.0,113,,johnsca02,11.8,0.563,0.694,0.122,2.6,12.9,7.9,8.0,1.3,1.0,7.3,17.0,1.2,1.4,2.6,0.086,0.0,-0.2,-0.2,0.7,19.5,0.143,0.066,0.054,0.043,0.581,0.754,0.5,0.346,0.429,0.349,0.837,0.983,0.046,20,0.379,1,0
152,OG Anunoby,23,TOR,SF,43,43,1433,8.4,17.5,0.48,3.5,8.8,0.398,4.9,8.7,0.562,0.58,2.7,3.4,0.784,1.8,6.2,8.0,3.2,2.2,1.1,2.5,3.9,23.0,113.0,112,,anunoog01,15.4,0.605,0.503,0.197,4.0,14.6,9.1,10.1,2.2,2.2,11.7,19.3,1.5,1.6,3.1,0.104,0.8,0.4,1.2,1.2,14.8,0.256,0.173,0.04,0.027,0.562,0.759,0.344,0.381,0.357,0.398,0.51,0.971,0.116,55,0.467,1,0
153,Kenrich Williams,26,OKC,PF,66,13,1426,7.3,13.7,0.533,1.7,3.9,0.444,5.6,9.8,0.568,0.596,1.2,2.1,0.571,2.8,6.3,9.1,5.1,1.8,0.6,2.5,4.8,17.5,116.0,114,,willike04,14.0,0.599,0.285,0.153,6.1,14.0,10.0,16.4,1.8,1.1,14.8,15.3,1.6,1.2,2.8,0.096,-1.2,0.5,-0.7,0.4,11.8,0.324,0.207,0.102,0.083,0.568,0.729,0.447,0.429,0.412,0.444,0.473,0.904,0.027,10,0.333,1,0
154,Facundo Campazzo,29,DEN,PG,65,19,1425,4.2,10.9,0.381,2.6,7.5,0.352,1.5,3.4,0.444,0.502,2.8,3.2,0.879,0.8,3.9,4.6,8.0,2.7,0.5,2.5,4.6,13.7,117.0,112,6MOY-15,campafa01,11.6,0.558,0.686,0.289,1.8,8.9,5.3,20.2,2.7,1.0,17.1,13.1,1.6,1.5,3.1,0.105,-1.7,1.2,-0.6,0.5,19.6,0.105,0.137,0.054,0.019,0.444,0.636,0.419,0.235,0.167,0.352,0.273,0.842,0.0,0,0.269,2,0
155,Isaiah Roby,22,OKC,PF,61,34,1425,6.9,14.3,0.483,1.1,3.6,0.294,5.8,10.7,0.547,0.52,2.9,3.9,0.744,3.0,8.4,11.4,3.6,1.7,1.2,3.8,5.4,17.8,102.0,112,,robyis01,11.9,0.555,0.254,0.273,6.4,18.6,12.4,11.4,1.7,2.3,19.0,17.7,-0.3,1.5,1.3,0.043,-3.7,0.4,-3.3,-0.5,9.5,0.424,0.254,0.051,0.016,0.547,0.643,0.422,0.409,0.429,0.294,0.554,0.906,0.114,44,0.174,2,0
156,Lou Williams,34,2TM,PG,66,4,1423,9.2,22.4,0.41,2.4,6.0,0.399,6.8,16.4,0.414,0.464,5.2,6.0,0.867,0.7,4.1,4.8,7.8,1.6,0.2,3.7,2.2,26.0,106.0,114,,willilo02,14.0,0.519,0.268,0.268,1.7,8.9,5.4,23.4,1.6,0.4,13.0,25.7,0.5,1.2,1.7,0.056,-1.0,-1.5,-2.5,-0.2,14.3,0.132,0.203,0.226,0.172,0.414,0.624,0.359,0.404,0.333,0.399,0.276,0.58,0.0,0,0.283,0,0
156,Lou Williams,34,LAC,PG,42,3,918,9.8,23.2,0.421,2.4,6.4,0.378,7.3,16.8,0.437,0.473,5.6,6.4,0.866,0.8,3.9,4.7,7.8,2.1,0.2,3.6,2.3,27.5,108.0,112,,willilo02,15.7,0.529,0.277,0.277,1.9,8.7,5.4,23.3,2.1,0.4,12.0,26.5,0.7,0.9,1.6,0.084,-0.5,-1.0,-1.5,0.1,14.4,0.128,0.223,0.205,0.167,0.437,0.709,0.385,0.42,0.319,0.378,0.316,0.733,0.0,0,0.303,0,0
156,Lou Williams,34,ATL,PG,24,1,505,8.2,21.0,0.389,2.3,5.3,0.444,5.8,15.8,0.37,0.444,4.6,5.3,0.87,0.6,4.3,4.9,7.9,0.8,0.2,4.1,1.9,23.3,101.0,118,,willilo02,10.8,0.498,0.25,0.25,1.3,9.3,5.4,23.7,0.8,0.3,14.9,24.3,-0.2,0.2,0.0,0.004,-1.8,-2.5,-4.3,-0.3,14.2,0.139,0.162,0.269,0.181,0.37,0.467,0.286,0.379,0.359,0.444,0.183,0.292,0.0,0,0.241,0,0
157,Brandon Clarke,24,MEM,PF,59,16,1415,8.7,16.7,0.517,0.7,2.6,0.26,8.0,14.1,0.565,0.537,2.6,3.8,0.69,3.3,7.8,11.1,3.2,2.0,1.7,1.1,2.8,20.6,119.0,109,,clarkbr01,17.3,0.56,0.156,0.228,7.2,17.5,12.3,9.5,2.0,3.2,5.7,17.2,2.2,2.0,4.2,0.142,0.4,1.2,1.5,1.3,8.0,0.412,0.279,0.131,0.022,0.565,0.725,0.428,0.385,0.364,0.26,0.814,1.0,0.145,59,0.597,0,0
158,Raul Neto,28,WAS,PG,64,22,1403,6.9,14.7,0.468,2.1,5.4,0.39,4.8,9.3,0.512,0.539,2.5,2.8,0.882,0.9,4.2,5.1,4.8,2.4,0.2,1.7,3.6,18.3,115.0,113,,netora01,13.0,0.575,0.367,0.19,2.1,9.6,5.9,14.0,2.4,0.4,9.9,15.8,1.5,1.3,2.8,0.097,-1.4,0.9,-0.6,0.5,13.7,0.172,0.315,0.105,0.04,0.512,0.61,0.489,0.511,0.278,0.39,0.421,0.938,0.0,0,0.274,2,0
159,Landry Shamet,23,BRK,SG,61,12,1403,6.4,15.7,0.408,4.4,11.4,0.387,2.0,4.2,0.463,0.549,2.3,2.7,0.846,0.4,3.5,3.9,3.4,1.1,0.3,1.7,3.2,19.5,113.0,118,,shamela01,10.3,0.578,0.73,0.171,0.9,7.6,4.4,9.3,1.1,0.6,8.9,16.7,1.2,0.6,1.8,0.063,-0.9,-1.5,-2.4,-0.2,20.4,0.116,0.053,0.061,0.039,0.463,0.585,0.375,0.357,0.389,0.387,0.649,0.984,0.02,8,0.282,1,0
160,Aaron Gordon,25,2TM,PF,50,50,1384,8.2,17.7,0.463,2.1,6.2,0.335,6.1,11.4,0.533,0.522,3.4,5.3,0.651,2.7,7.3,10.1,5.7,1.2,1.2,3.4,3.2,21.9,107.0,114,,gordoaa01,14.5,0.547,0.353,0.299,6.0,16.4,11.1,17.8,1.2,2.3,14.7,20.7,0.7,1.2,1.9,0.066,0.2,-0.1,0.1,0.7,13.2,0.283,0.166,0.132,0.066,0.533,0.709,0.398,0.439,0.303,0.335,0.494,0.831,0.114,52,0.188,3,0
160,Aaron Gordon,25,ORL,PF,25,25,736,8.5,19.4,0.437,2.8,7.4,0.375,5.7,12.0,0.475,0.509,4.4,6.9,0.629,2.6,8.4,11.0,6.9,1.1,1.3,4.4,3.2,24.1,103.0,114,,gordoaa01,14.9,0.537,0.382,0.358,5.3,18.5,11.7,23.0,1.1,2.5,16.5,23.8,0.0,0.6,0.6,0.037,0.5,0.1,0.6,0.5,14.9,0.225,0.157,0.147,0.089,0.475,0.667,0.326,0.442,0.308,0.375,0.384,0.81,0.072,19,0.107,2,0
160,Aaron Gordon,25,DEN,PF,25,25,648,7.9,15.7,0.5,1.3,4.9,0.266,6.6,10.8,0.606,0.541,2.4,3.4,0.705,2.9,6.1,9.0,4.3,1.3,1.1,2.3,3.1,19.4,115.0,113,,gordoaa01,14.1,0.564,0.311,0.214,6.7,13.9,10.3,11.8,1.3,2.1,11.7,17.2,0.7,0.6,1.3,0.099,-0.1,-0.3,-0.4,0.3,11.6,0.364,0.18,0.112,0.034,0.606,0.747,0.486,0.435,0.286,0.266,0.605,0.882,0.175,33,0.328,1,0
161,Wendell Carter Jr.,21,2TM,C,54,44,1375,8.1,16.1,0.503,0.5,1.8,0.294,7.6,14.3,0.53,0.52,4.6,6.3,0.732,4.7,11.0,15.6,3.7,1.2,1.5,2.8,5.2,21.4,114.0,111,,cartewe01,16.7,0.566,0.112,0.392,10.2,24.6,17.4,11.2,1.2,2.7,12.7,19.3,1.7,1.7,3.4,0.118,-1.1,-0.2,-1.3,0.2,8.3,0.4,0.256,0.158,0.074,0.53,0.689,0.444,0.361,0.324,0.294,0.767,0.933,0.112,48,0.196,0,0
161,Wendell Carter Jr.,21,CHI,C,32,25,792,7.9,15.4,0.512,0.5,1.3,0.364,7.4,14.1,0.526,0.528,5.0,6.8,0.739,4.3,11.0,15.3,4.2,1.1,1.5,3.0,5.9,21.3,115.0,110,,cartewe01,16.3,0.578,0.087,0.44,9.9,24.9,17.5,12.3,1.1,2.6,14.0,19.1,1.1,1.0,2.1,0.13,-1.4,0.4,-1.0,0.2,7.5,0.409,0.29,0.155,0.06,0.526,0.641,0.466,0.41,0.333,0.364,0.785,1.0,0.099,23,0.227,0,0
161,Wendell Carter Jr.,21,ORL,C,22,19,583,8.4,17.1,0.493,0.6,2.4,0.241,7.8,14.7,0.534,0.51,4.1,5.7,0.721,5.2,10.9,16.1,2.9,1.4,1.5,2.4,4.2,21.5,112.0,112,,cartewe01,17.3,0.549,0.141,0.332,10.7,24.1,17.2,9.7,1.4,2.8,11.0,19.5,0.6,0.7,1.2,0.103,-0.8,-1.0,-1.7,0.0,9.1,0.39,0.215,0.161,0.093,0.534,0.75,0.409,0.303,0.316,0.241,0.745,0.857,0.127,25,0.172,0,0
162,Bobby Portis,25,MIL,C,66,7,1372,10.7,20.5,0.523,2.5,5.4,0.471,8.2,15.1,0.542,0.585,1.8,2.5,0.74,4.2,11.7,16.0,2.4,1.8,0.9,1.9,3.9,25.8,121.0,109,6MOY-9,portibo01,19.9,0.598,0.263,0.122,9.9,25.3,17.9,7.4,1.8,1.7,8.2,20.9,2.8,2.0,4.8,0.167,1.8,-0.4,1.5,1.2,12.4,0.264,0.194,0.162,0.117,0.542,0.671,0.457,0.495,0.457,0.471,0.536,1.0,0.062,27,0.382,0,0
163,Kemba Walker,30,BOS,PG,43,43,1369,10.1,24.1,0.42,4.5,12.6,0.36,5.6,11.5,0.486,0.514,4.8,5.3,0.899,0.6,5.5,6.1,7.6,1.7,0.4,3.1,2.2,29.6,114.0,114,,walkeke02,17.7,0.559,0.522,0.22,1.3,12.6,6.9,23.8,1.7,0.8,10.6,26.1,2.1,1.1,3.3,0.115,2.8,-0.7,2.1,1.4,18.0,0.126,0.157,0.09,0.105,0.486,0.741,0.377,0.475,0.352,0.36,0.268,0.551,0.0,0,0.057,3,0
164,Rudy Gay,34,SAS,PF,63,1,1358,9.4,22.4,0.42,3.8,9.9,0.381,5.6,12.5,0.451,0.505,2.9,3.6,0.804,1.5,9.3,10.8,3.1,1.6,1.4,2.3,4.1,25.6,103.0,111,,gayru01,14.7,0.532,0.443,0.162,3.2,20.9,11.9,9.7,1.6,2.5,8.8,23.6,0.0,1.7,1.7,0.059,-0.1,0.0,-0.1,0.6,17.1,0.121,0.139,0.172,0.126,0.451,0.605,0.448,0.407,0.367,0.381,0.405,0.896,0.037,19,0.183,2,0
165,P.J. Tucker,35,2TM,PF,52,33,1356,2.3,6.2,0.373,1.4,4.1,0.336,0.9,2.0,0.448,0.486,0.7,1.0,0.75,1.8,5.3,7.1,2.1,1.4,0.7,1.4,4.4,6.7,104.0,116,,tuckepj01,5.5,0.51,0.672,0.158,3.9,12.3,8.0,5.7,1.4,1.3,17.4,7.2,0.1,0.9,1.0,0.034,-4.6,0.5,-4.1,-0.7,17.5,0.186,0.096,0.034,0.011,0.448,0.515,0.412,0.167,0.5,0.336,0.808,1.0,0.0,0,0.849,0,0
165,P.J. Tucker,35,HOU,PF,32,32,959,2.4,6.5,0.366,1.3,4.2,0.314,1.0,2.2,0.467,0.469,0.9,1.1,0.783,1.6,5.7,7.3,2.2,1.4,0.9,1.6,4.5,7.0,99.0,116,,tuckepj01,5.5,0.5,0.656,0.176,3.5,13.3,8.2,6.1,1.4,1.7,19.0,7.7,-0.2,0.6,0.4,0.021,-5.3,0.7,-4.6,-0.6,16.9,0.198,0.099,0.031,0.015,0.467,0.5,0.462,0.25,0.5,0.314,0.81,1.0,0.0,0,0.826,0,0
165,P.J. Tucker,35,MIL,PF,20,1,397,2.1,5.4,0.391,1.5,3.9,0.394,0.6,1.5,0.385,0.533,0.4,0.6,0.6,2.1,4.5,6.6,1.9,1.2,0.2,0.8,4.0,6.2,120.0,115,,tuckepj01,5.7,0.539,0.717,0.109,4.9,9.7,7.4,4.6,1.2,0.4,12.7,5.8,0.2,0.3,0.5,0.065,-2.9,0.0,-2.9,-0.1,18.1,0.152,0.087,0.043,0.0,0.385,0.571,0.25,0.0,,0.394,0.8,1.0,0.0,0,0.909,0,0
166,Robin Lopez,32,WAS,C,71,9,1354,9.2,14.5,0.633,0.2,0.6,0.278,9.0,13.9,0.649,0.639,3.4,4.7,0.723,4.8,4.5,9.3,1.9,0.5,1.5,2.6,3.7,21.9,124.0,116,,lopezro01,16.7,0.661,0.042,0.322,11.1,10.2,10.6,5.9,0.5,2.7,13.4,17.1,2.8,0.9,3.7,0.131,0.2,-1.2,-1.0,0.4,5.4,0.318,0.595,0.042,0.0,0.649,0.696,0.648,0.333,,0.278,0.617,1.0,0.08,32,0.722,0,0
167,Bryn Forbes,27,MIL,SG,70,10,1354,8.7,18.3,0.473,5.3,11.8,0.452,3.3,6.5,0.511,0.618,1.6,2.1,0.77,0.4,3.5,3.9,1.6,0.8,0.0,1.5,2.7,24.3,119.0,117,,forbebr01,12.8,0.631,0.645,0.115,0.9,7.6,4.3,4.5,0.8,0.1,7.3,18.5,2.0,0.7,2.7,0.096,0.4,-1.7,-1.3,0.2,21.0,0.045,0.078,0.091,0.142,0.511,0.542,0.39,0.604,0.507,0.452,0.667,0.968,0.002,1,0.229,0,0
168,Bismack Biyombo,28,CHO,C,66,36,1349,5.1,8.8,0.587,0.0,0.0,0.0,5.1,8.7,0.589,0.587,1.7,3.8,0.448,5.0,7.6,12.6,2.9,0.6,2.7,2.6,5.1,12.0,113.0,113,,biyombi01,11.7,0.574,0.004,0.434,10.8,17.1,13.9,8.3,0.6,5.4,19.8,11.5,0.9,1.4,2.3,0.081,-3.4,0.4,-3.0,-0.4,2.8,0.698,0.256,0.037,0.004,0.589,0.692,0.355,0.333,0.0,0.0,0.873,,0.318,70,1.0,0,0
169,Josh Hart,25,NOP,SF,47,4,1349,5.4,12.2,0.439,2.2,6.9,0.326,3.1,5.4,0.583,0.531,2.5,3.2,0.775,1.9,11.5,13.4,3.9,1.4,0.4,1.7,3.9,15.4,117.0,113,,hartjo01,12.2,0.566,0.561,0.259,4.3,26.1,15.2,10.6,1.4,0.8,11.3,13.5,1.4,1.3,2.7,0.097,-1.1,0.3,-0.8,0.4,16.1,0.302,0.061,0.026,0.049,0.583,0.654,0.381,0.556,0.412,0.326,0.591,0.984,0.035,12,0.342,1,1
170,Naz Reid,21,MIN,C,70,15,1347,10.7,20.4,0.523,2.1,6.1,0.351,8.5,14.3,0.597,0.576,4.0,5.8,0.693,2.9,8.4,11.3,2.5,1.2,2.7,2.4,6.3,27.5,115.0,113,,reidna01,18.2,0.599,0.299,0.286,6.4,20.0,12.9,8.7,1.2,4.9,9.5,22.5,1.9,1.3,3.2,0.113,-0.1,-0.2,-0.2,0.6,10.0,0.418,0.263,0.017,0.002,0.597,0.704,0.464,0.1,0.0,0.351,0.626,1.0,0.084,43,0.224,1,0
171,Terrence Ross,29,ORL,SG,46,2,1347,9.2,22.3,0.412,3.2,9.5,0.337,6.0,12.7,0.469,0.485,4.3,5.0,0.87,0.5,5.2,5.7,3.9,1.7,0.8,2.7,3.2,25.9,103.0,115,,rosste01,13.2,0.53,0.429,0.224,1.1,11.4,6.1,13.2,1.7,1.4,9.9,24.1,-0.1,1.0,0.9,0.03,-1.4,-0.8,-2.3,-0.1,18.3,0.063,0.12,0.172,0.216,0.469,0.744,0.365,0.538,0.391,0.337,0.485,0.775,0.023,11,0.106,1,0
172,Maxi Kleber,29,DAL,PF,50,40,1341,4.3,10.1,0.422,3.2,7.8,0.41,1.1,2.3,0.46,0.58,1.3,1.4,0.919,1.7,7.8,9.6,2.5,0.9,1.3,1.1,3.9,13.0,123.0,113,,klebima01,10.6,0.606,0.771,0.135,3.9,17.4,10.7,6.6,0.9,2.4,9.3,10.6,1.6,1.3,2.9,0.103,-0.5,0.5,0.0,0.7,20.9,0.102,0.047,0.055,0.025,0.46,0.643,0.154,0.467,0.286,0.41,0.793,1.0,0.044,8,0.316,0,0
173,Andre Iguodala,37,MIA,SF,63,5,1339,3.5,9.2,0.383,2.2,6.8,0.33,1.3,2.4,0.53,0.504,0.9,1.4,0.658,1.4,6.8,8.2,5.3,2.1,1.3,2.5,3.3,10.2,103.0,110,,iguodan01,9.2,0.519,0.734,0.153,3.3,15.4,9.4,14.3,2.1,2.7,20.2,11.2,-0.1,1.8,1.7,0.062,-2.2,1.8,-0.4,0.5,20.3,0.149,0.048,0.032,0.036,0.53,0.649,0.5,0.25,0.333,0.33,0.8,0.933,0.077,17,0.478,5,0
174,Goran Dragić,34,MIA,PG,50,11,1337,8.9,20.6,0.432,3.4,9.1,0.373,5.5,11.6,0.479,0.514,3.8,4.5,0.828,0.9,5.4,6.3,8.1,1.2,0.3,4.4,4.2,25.0,104.0,114,,dragigo01,13.0,0.552,0.44,0.22,2.2,12.1,7.2,25.9,1.2,0.6,16.2,24.5,0.2,1.2,1.3,0.048,-1.1,-1.3,-2.3,-0.1,15.3,0.205,0.164,0.142,0.049,0.479,0.588,0.396,0.456,0.37,0.373,0.322,0.802,0.0,0,0.172,1,0
175,Kent Bazemore,31,GSW,SF,67,18,1333,6.2,13.8,0.449,2.6,6.5,0.408,3.6,7.3,0.486,0.545,1.9,2.7,0.692,0.9,7.2,8.1,3.8,2.4,1.2,2.9,5.6,16.9,101.0,108,,bazemke01,10.6,0.564,0.469,0.199,2.1,16.0,9.1,11.1,2.4,2.2,16.1,16.3,-0.2,2.1,1.8,0.065,-2.9,1.7,-1.2,0.2,15.3,0.214,0.168,0.061,0.087,0.486,0.643,0.485,0.292,0.235,0.408,0.624,0.907,0.01,4,0.527,0,0
176,Kristaps Porziņģis,25,DAL,C,43,43,1327,12.1,25.4,0.476,3.6,9.6,0.376,8.5,15.8,0.536,0.547,4.4,5.1,0.855,3.0,11.1,14.2,2.5,0.7,2.2,1.9,4.3,32.1,117.0,110,,porzikr01,21.3,0.582,0.378,0.202,6.9,24.6,15.8,8.4,0.7,4.1,6.4,26.5,2.6,1.7,4.3,0.154,3.0,-0.8,2.2,1.4,15.1,0.223,0.154,0.157,0.089,0.536,0.75,0.457,0.402,0.377,0.376,0.711,0.969,0.101,59,0.062,3,0
177,Christian Wood,25,HOU,C,41,41,1326,11.7,22.8,0.514,2.7,7.4,0.374,9.0,15.5,0.581,0.574,4.5,7.1,0.631,2.7,11.4,14.1,2.5,1.2,1.7,2.9,3.1,30.7,111.0,112,,woodch01,20.0,0.591,0.322,0.309,5.9,26.8,15.9,9.4,1.2,3.2,9.9,25.9,1.4,1.4,2.8,0.1,1.7,-0.3,1.4,1.1,12.3,0.336,0.195,0.069,0.078,0.581,0.805,0.352,0.455,0.3,0.374,0.687,0.87,0.158,91,0.155,0,0
178,Svi Mykhailiuk,23,2TM,SF,66,14,1324,7.6,18.4,0.411,3.8,11.4,0.334,3.8,7.0,0.536,0.515,1.4,1.8,0.76,0.9,5.1,5.9,4.0,1.9,0.4,3.2,2.3,20.4,98.0,114,,mykhasv01,10.4,0.529,0.621,0.099,1.9,11.4,6.6,12.9,1.9,0.8,14.3,20.0,-0.8,1.1,0.3,0.01,-1.9,-0.7,-2.6,-0.2,17.9,0.209,0.105,0.04,0.026,0.536,0.66,0.302,0.5,0.538,0.334,0.563,0.886,0.03,14,0.223,1,0
178,Svi Mykhailiuk,23,DET,SF,36,5,634,6.5,17.3,0.377,4.4,13.2,0.333,2.1,4.0,0.519,0.504,1.9,2.3,0.8,0.9,4.9,5.7,4.4,2.1,0.5,3.0,2.6,19.3,100.0,113,,mykhasv01,10.2,0.527,0.767,0.135,1.9,11.2,6.5,13.5,2.1,0.8,14.2,19.0,-0.3,0.6,0.3,0.025,-1.5,-0.2,-1.8,0.0,20.6,0.13,0.072,0.018,0.013,0.519,0.655,0.313,0.25,0.667,0.333,0.63,0.895,0.0,0,0.152,0,0
178,Svi Mykhailiuk,23,OKC,SF,30,9,690,8.5,19.5,0.438,3.3,9.9,0.336,5.2,9.6,0.543,0.523,1.0,1.4,0.7,0.9,5.2,6.1,3.7,1.7,0.4,3.4,2.1,21.4,97.0,115,,mykhasv01,10.6,0.531,0.505,0.071,1.9,11.6,6.7,12.3,1.7,0.8,14.4,21.0,-0.5,0.5,-0.1,-0.004,-2.2,-1.1,-3.3,-0.2,15.3,0.272,0.131,0.057,0.035,0.543,0.662,0.297,0.563,0.5,0.336,0.539,0.875,0.053,14,0.308,1,0
179,Derrick Jones Jr.,23,POR,SF,58,43,1318,5.4,11.3,0.484,1.6,5.0,0.316,3.8,6.2,0.619,0.554,2.2,3.4,0.648,2.8,4.7,7.6,1.7,1.4,2.0,1.2,4.7,14.7,121.0,116,,jonesde02,11.9,0.576,0.447,0.299,6.1,10.7,8.3,4.8,1.4,3.7,8.5,12.3,1.6,0.8,2.4,0.089,-1.4,0.0,-1.4,0.2,12.0,0.467,0.079,0.003,0.003,0.619,0.662,0.375,1.0,0.0,0.316,0.673,0.977,0.197,50,0.522,1,0
180,Lauri Markkanen,23,CHI,PF,51,26,1317,9.2,19.2,0.48,4.4,10.9,0.402,4.8,8.3,0.582,0.594,2.8,3.4,0.826,1.3,8.6,9.9,1.7,1.0,0.6,1.9,2.8,25.6,115.0,113,,markkla01,15.2,0.619,0.568,0.177,3.0,19.4,11.3,5.0,1.0,1.0,8.5,20.2,1.7,1.3,3.0,0.109,1.0,-0.9,0.1,0.7,16.2,0.24,0.146,0.033,0.013,0.582,0.672,0.553,0.235,0.143,0.402,0.725,0.992,0.071,33,0.213,1,0
181,Tomáš Satoranský,29,CHI,SG,58,18,1307,6.3,12.2,0.514,1.6,4.4,0.356,4.7,7.8,0.602,0.578,2.5,2.9,0.848,1.1,4.2,5.3,10.1,1.5,0.5,3.6,3.3,16.6,118.0,114,,satorto01,13.8,0.614,0.359,0.24,2.6,9.4,6.0,27.9,1.5,0.9,20.9,15.2,1.9,1.1,3.1,0.113,-0.6,0.1,-0.5,0.5,13.3,0.261,0.213,0.116,0.052,0.602,0.779,0.457,0.395,0.765,0.356,0.425,1.0,0.036,11,0.305,2,0
182,Bogdan Bogdanović,28,ATL,SG,44,27,1305,10.1,21.3,0.473,5.5,12.6,0.438,4.6,8.7,0.522,0.602,1.5,1.7,0.909,0.8,5.3,6.0,5.5,1.8,0.5,2.0,3.7,27.1,122.0,114,,bogdabo01,17.6,0.616,0.589,0.078,1.7,11.5,6.7,17.6,1.8,0.9,8.5,21.3,2.8,1.1,3.9,0.142,3.3,0.3,3.6,1.8,18.7,0.11,0.108,0.122,0.071,0.522,0.629,0.459,0.464,0.55,0.438,0.397,0.836,0.0,0,0.216,0,0
183,Talen Horton-Tucker,20,LAL,SG,65,4,1304,8.4,18.2,0.458,1.4,4.9,0.282,7.0,13.4,0.522,0.496,3.7,4.8,0.775,0.9,5.4,6.3,6.8,2.4,0.8,3.9,4.7,21.8,103.0,107,,hortota01,12.9,0.536,0.268,0.264,2.2,12.3,7.3,20.8,2.4,1.4,16.1,21.7,-0.1,2.2,2.1,0.078,-2.6,1.5,-1.2,0.3,10.3,0.413,0.211,0.072,0.037,0.522,0.639,0.359,0.486,0.222,0.282,0.348,0.73,0.049,15,0.214,1,0
184,Matisse Thybulle,23,PHI,SG,65,8,1298,3.8,9.0,0.42,1.6,5.3,0.301,2.2,3.7,0.59,0.508,0.3,0.7,0.444,1.1,3.5,4.6,2.3,3.9,2.6,1.2,4.7,9.5,104.0,103,DPOY-11DEF2,thybuma01,10.1,0.508,0.588,0.074,2.6,7.8,5.3,6.3,3.9,4.9,11.3,9.4,0.1,2.7,2.8,0.102,-2.6,4.5,1.9,1.3,16.1,0.255,0.123,0.025,0.008,0.59,0.742,0.367,0.167,0.5,0.301,0.661,1.0,0.128,27,0.434,0,0
185,John Wall,30,HOU,PG,40,40,1288,10.8,26.7,0.404,2.9,9.1,0.317,7.9,17.5,0.449,0.458,5.8,7.8,0.749,0.6,4.1,4.7,10.1,1.5,1.1,5.2,1.7,30.2,99.0,116,,walljo01,15.4,0.503,0.343,0.291,1.3,9.7,5.3,36.2,1.5,2.1,14.7,31.7,-1.0,0.8,-0.2,-0.007,1.2,-1.9,-0.7,0.4,14.2,0.293,0.139,0.054,0.171,0.449,0.568,0.386,0.385,0.315,0.317,0.084,0.709,0.015,10,0.064,1,0
186,Tristan Thompson,29,BOS,C,54,43,1287,6.4,12.4,0.518,0.0,0.1,0.0,6.4,12.3,0.523,0.518,2.7,4.6,0.592,6.4,10.2,16.7,2.5,0.9,1.3,2.4,4.5,15.5,116.0,112,,thomptr01,14.2,0.54,0.009,0.368,14.5,23.5,19.0,7.2,0.9,2.4,14.1,14.8,1.5,1.4,2.9,0.107,-1.5,-1.0,-2.5,-0.2,4.5,0.472,0.466,0.046,0.006,0.523,0.571,0.48,0.467,0.5,0.0,0.544,,0.095,26,0.0,2,0
187,Derrick Rose,32,2TM,PG,50,3,1279,11.2,23.8,0.47,1.9,5.0,0.388,9.2,18.8,0.492,0.511,4.3,4.9,0.866,0.8,4.3,5.1,8.1,1.9,0.7,3.0,2.2,28.6,112.0,111,MVP-96MOY-3,rosede01,18.3,0.55,0.211,0.208,1.7,9.3,5.5,28.0,1.9,1.4,10.5,25.8,1.6,1.6,3.1,0.118,1.6,0.3,1.9,1.3,12.1,0.237,0.241,0.164,0.147,0.492,0.517,0.456,0.51,0.489,0.388,0.228,0.86,0.0,0,0.147,0,0
187,Derrick Rose,32,DET,PG,15,0,342,11.3,26.4,0.429,1.9,5.6,0.333,9.5,20.8,0.455,0.465,6.0,7.2,0.84,0.9,3.3,4.2,9.0,2.6,0.6,4.2,2.4,30.6,104.0,113,,rosede01,17.1,0.517,0.212,0.272,1.9,7.6,4.7,32.5,2.6,1.0,12.3,30.0,0.0,0.3,0.4,0.051,0.7,-0.2,0.6,0.2,11.7,0.288,0.196,0.19,0.114,0.455,0.472,0.472,0.429,0.429,0.333,0.197,0.692,0.0,0,0.103,0,0
187,Derrick Rose,32,NYK,PG,35,3,937,11.1,22.8,0.487,2.0,4.8,0.411,9.1,18.0,0.507,0.53,3.6,4.1,0.883,0.7,4.6,5.4,7.8,1.7,0.8,2.6,2.1,27.8,115.0,110,,rosede01,18.8,0.565,0.211,0.18,1.6,10.0,5.9,26.3,1.7,1.5,9.6,24.3,1.5,1.2,2.8,0.142,1.9,0.5,2.4,1.0,12.4,0.215,0.26,0.152,0.162,0.507,0.543,0.45,0.554,0.507,0.411,0.24,0.919,0.0,0,0.167,0,0
188,Cole Anthony,20,ORL,PG,47,34,1273,8.4,21.1,0.397,2.2,6.6,0.337,6.2,14.5,0.424,0.449,4.2,5.0,0.832,1.5,7.0,8.4,7.3,1.1,0.7,4.1,3.7,23.1,98.0,116,,anthoco01,12.1,0.496,0.312,0.237,3.0,15.4,9.0,24.2,1.1,1.3,14.8,24.3,-0.9,0.9,0.0,-0.001,-1.9,-1.4,-3.3,-0.4,13.3,0.185,0.292,0.129,0.083,0.424,0.588,0.298,0.493,0.391,0.337,0.112,0.621,0.013,4,0.093,0,0
189,Payton Pritchard,23,BOS,SG,66,4,1268,7.1,16.1,0.44,3.9,9.6,0.411,3.2,6.5,0.482,0.562,1.5,1.7,0.889,1.3,4.8,6.1,4.6,1.4,0.3,2.0,4.0,19.6,117.0,115,,pritcpa01,12.4,0.582,0.593,0.108,2.9,11.1,6.9,13.3,1.4,0.7,10.8,16.7,1.6,0.9,2.5,0.095,-0.3,-0.4,-0.7,0.4,18.7,0.146,0.139,0.065,0.057,0.482,0.639,0.379,0.37,0.458,0.411,0.378,0.843,0.0,0,0.153,1,0
190,Terance Mann,24,LAC,SG,67,10,1263,7.0,13.7,0.509,1.5,3.6,0.418,5.5,10.2,0.541,0.563,3.1,3.7,0.83,2.2,7.3,9.5,4.1,1.1,0.5,1.6,4.9,18.5,125.0,112,,mannte01,13.8,0.603,0.26,0.269,5.1,16.1,10.8,11.3,1.1,0.9,9.3,15.1,2.4,1.3,3.7,0.141,-0.5,0.3,-0.2,0.6,10.4,0.371,0.209,0.109,0.051,0.541,0.708,0.397,0.342,0.333,0.418,0.507,0.842,0.111,32,0.571,1,0
191,Grayson Allen,25,MEM,SG,50,38,1259,6.6,15.7,0.418,4.1,10.4,0.391,2.5,5.3,0.471,0.547,3.0,3.5,0.868,0.7,5.4,6.1,4.1,1.7,0.3,1.8,2.7,20.2,116.0,113,,allengr01,12.8,0.586,0.662,0.22,1.6,12.0,6.7,11.5,1.7,0.6,9.6,16.8,1.5,1.2,2.7,0.101,-0.2,0.1,-0.2,0.6,19.2,0.123,0.126,0.07,0.019,0.471,0.667,0.365,0.414,0.125,0.391,0.606,0.907,0.029,11,0.172,0,0
192,Evan Fournier,28,2TM,SF,42,36,1259,9.6,20.9,0.457,4.5,11.0,0.413,5.0,10.0,0.504,0.565,4.2,5.3,0.788,0.4,4.6,5.0,5.6,1.8,0.7,2.8,3.7,27.8,115.0,115,,fournev01,16.7,0.598,0.523,0.253,0.8,10.2,5.4,18.6,1.8,1.4,10.8,23.1,1.8,1.0,2.8,0.107,1.5,-0.4,1.1,1.0,17.9,0.137,0.155,0.092,0.092,0.504,0.595,0.5,0.46,0.42,0.413,0.485,0.786,0.006,2,0.155,1,0
192,Evan Fournier,28,ORL,SF,26,26,787,10.5,22.8,0.461,4.5,11.6,0.388,6.0,11.2,0.536,0.56,6.1,7.6,0.797,0.3,4.3,4.6,5.9,1.7,0.6,3.3,3.4,31.6,114.0,116,,fournev01,18.2,0.604,0.509,0.333,0.6,9.5,4.9,20.9,1.7,1.0,11.3,26.2,1.2,0.5,1.7,0.104,2.3,-0.6,1.7,0.7,17.2,0.152,0.157,0.098,0.084,0.536,0.643,0.517,0.528,0.387,0.388,0.474,0.712,0.005,2,0.128,0,0
192,Evan Fournier,28,BOS,SF,16,10,472,8.0,17.8,0.448,4.6,9.8,0.463,3.4,8.0,0.429,0.576,1.0,1.4,0.714,0.5,5.0,5.5,5.1,2.1,1.0,2.0,4.2,21.5,116.0,113,,fournev01,14.1,0.584,0.552,0.081,1.2,11.4,6.3,14.9,2.1,2.0,9.6,18.0,0.6,0.5,1.1,0.111,0.1,0.1,0.3,0.3,18.6,0.105,0.151,0.081,0.11,0.429,0.444,0.462,0.286,0.474,0.463,0.515,0.909,0.006,0,0.211,1,0
193,Deni Avdija,20,WAS,SF,54,32,1257,4.8,11.4,0.417,1.9,6.2,0.315,2.8,5.3,0.535,0.502,1.1,1.7,0.644,0.8,8.8,9.6,2.3,1.2,0.6,1.2,5.1,12.5,103.0,113,,avdijde01,7.6,0.515,0.538,0.144,1.9,20.2,11.0,6.3,1.2,1.0,9.0,12.0,0.0,1.2,1.2,0.046,-3.6,0.4,-3.1,-0.4,16.6,0.144,0.237,0.045,0.035,0.535,0.733,0.473,0.214,0.545,0.315,0.727,0.962,0.048,11,0.274,1,0
194,Alec Burks,29,NYK,SG,49,5,1255,8.4,19.9,0.42,4.1,9.8,0.415,4.3,10.1,0.425,0.522,4.0,4.7,0.856,0.8,8.2,9.0,4.3,1.2,0.6,2.0,4.1,24.8,114.0,109,,burksal01,14.8,0.564,0.492,0.236,1.8,17.6,9.8,13.2,1.2,1.1,8.2,21.3,1.5,1.8,3.3,0.126,0.9,0.6,1.5,1.1,16.8,0.146,0.138,0.128,0.096,0.425,0.507,0.377,0.422,0.375,0.415,0.426,0.686,0.0,0,0.301,0,0
195,DeAndre Jordan,32,BRK,C,57,43,1246,7.4,9.6,0.763,0.0,0.0,0.0,7.4,9.6,0.766,0.763,1.8,3.6,0.5,4.5,12.0,16.5,3.6,0.7,2.5,3.3,4.5,16.5,127.0,111,,jordade01,17.1,0.736,0.004,0.369,10.9,26.1,18.9,10.1,0.7,4.6,22.7,13.1,2.4,1.5,3.9,0.152,0.1,1.0,1.0,0.9,1.7,0.876,0.108,0.004,0.008,0.766,0.826,0.37,0.0,0.0,0.0,0.8,,0.61,137,0.0,0,0
196,Immanuel Quickley,21,NYK,PG,64,3,1243,9.2,23.3,0.395,4.7,12.2,0.389,4.5,11.1,0.401,0.497,6.2,7.0,0.891,1.0,4.5,5.5,5.1,1.2,0.5,2.3,4.6,29.4,113.0,111,,quickim01,15.8,0.557,0.522,0.3,2.2,9.7,6.0,16.2,1.2,0.9,8.1,25.6,1.8,1.4,3.2,0.125,1.4,-0.5,0.9,0.9,18.4,0.059,0.209,0.148,0.062,0.401,0.618,0.397,0.36,0.306,0.389,0.198,0.61,0.005,3,0.079,0,0
197,Andre Drummond,27,2TM,C,46,46,1242,11.1,22.6,0.493,0.0,0.3,0.0,11.1,22.3,0.5,0.493,4.9,8.1,0.6,6.6,15.2,21.8,3.7,2.5,1.9,4.9,5.9,27.1,101.0,104,,drumman01,19.4,0.519,0.014,0.358,14.8,35.2,24.9,13.2,2.5,3.5,15.8,27.6,-0.6,2.5,2.0,0.077,-1.7,0.5,-1.2,0.3,3.6,0.589,0.364,0.026,0.007,0.5,0.576,0.409,0.2,0.0,0.0,0.571,,0.14,64,0.0,1,0
197,Andre Drummond,27,CLE,C,25,25,722,12.3,26.0,0.474,0.0,0.5,0.0,12.3,25.4,0.484,0.474,5.3,8.8,0.597,6.9,16.1,23.0,4.4,2.7,2.0,5.5,4.7,29.9,97.0,105,,drumman01,20.5,0.5,0.021,0.339,15.3,37.5,26.1,16.2,2.7,3.6,15.6,31.3,-0.8,1.3,0.6,0.037,-1.0,0.2,-0.8,0.2,3.7,0.613,0.332,0.024,0.011,0.484,0.545,0.397,0.333,0.0,0.0,0.533,,0.129,38,0.0,1,0
197,Andre Drummond,27,LAL,C,21,21,520,9.5,18.0,0.531,0.0,0.0,,9.5,18.0,0.531,0.531,4.3,7.1,0.605,6.1,13.9,20.0,2.8,2.2,1.9,4.0,7.5,23.4,107.0,101,,drumman01,17.9,0.554,0.0,0.396,14.1,32.0,23.1,9.0,2.2,3.4,16.0,22.4,0.2,1.2,1.4,0.133,-2.7,1.0,-1.7,0.0,3.5,0.542,0.427,0.031,0.0,0.531,0.644,0.427,0.0,,,0.637,,0.161,26,,0,0
198,Luke Kennard,24,LAC,SG,63,17,1232,7.9,16.6,0.476,4.0,9.0,0.446,3.9,7.6,0.511,0.597,1.0,1.2,0.839,0.6,5.9,6.5,4.2,0.9,0.4,1.9,3.7,20.9,117.0,114,,kennalu01,12.7,0.608,0.541,0.075,1.4,13.0,7.3,11.9,0.9,0.7,10.1,17.1,1.6,1.1,2.7,0.105,0.3,-0.5,-0.2,0.6,18.9,0.089,0.094,0.143,0.133,0.511,0.757,0.462,0.475,0.418,0.446,0.66,0.8,0.0,0,0.295,1,1
199,Sterling Brown,25,HOU,SG,51,14,1229,5.8,12.9,0.448,3.5,8.3,0.423,2.3,4.6,0.492,0.584,1.0,1.2,0.806,1.5,7.2,8.6,2.8,1.5,0.5,1.6,3.7,16.0,114.0,116,,brownst02,11.1,0.597,0.642,0.093,3.2,16.8,9.7,8.4,1.5,0.9,10.5,13.5,1.0,0.8,1.8,0.071,-1.6,0.0,-1.6,0.1,17.9,0.206,0.099,0.021,0.033,0.492,0.623,0.364,0.286,0.182,0.423,0.542,0.912,0.021,6,0.414,3,0
200,Hamidou Diallo,22,2TM,SF,52,9,1226,8.8,18.4,0.477,1.1,3.2,0.341,7.7,15.2,0.505,0.506,5.0,7.8,0.64,2.3,8.4,10.7,4.0,1.6,0.9,3.0,5.3,23.7,106.0,112,,diallha01,14.3,0.541,0.174,0.426,5.1,18.8,11.9,13.3,1.6,1.7,12.0,22.2,0.3,1.3,1.6,0.063,-2.2,0.1,-2.1,0.0,9.6,0.368,0.274,0.096,0.087,0.505,0.682,0.395,0.244,0.39,0.341,0.434,0.964,0.06,28,0.293,1,1
200,Hamidou Diallo,22,OKC,SG,32,5,761,8.9,18.6,0.481,0.7,2.6,0.293,8.2,16.0,0.512,0.502,5.2,8.2,0.629,2.3,8.0,10.3,4.8,1.9,0.7,3.1,5.2,23.8,106.0,112,,diallha01,15.0,0.536,0.138,0.444,5.0,17.7,11.3,16.4,1.9,1.4,12.1,22.5,0.3,0.8,1.0,0.065,-2.1,0.6,-1.5,0.1,8.7,0.401,0.259,0.098,0.104,0.512,0.697,0.39,0.207,0.387,0.293,0.435,0.917,0.064,19,0.366,1,1
200,Hamidou Diallo,22,DET,SF,20,4,465,8.5,18.3,0.468,1.7,4.3,0.39,6.9,13.9,0.492,0.514,4.7,7.2,0.662,2.3,9.0,11.3,2.5,1.1,1.3,2.8,5.4,23.5,105.0,112,,diallha01,13.1,0.549,0.237,0.393,5.2,20.6,12.8,8.3,1.1,2.2,11.7,21.6,0.1,0.5,0.6,0.059,-2.4,-0.8,-3.2,-0.1,10.5,0.312,0.301,0.092,0.058,0.492,0.648,0.404,0.313,0.4,0.39,0.431,1.0,0.052,9,0.22,0,0
201,Tyus Jones,24,MEM,PG,70,9,1222,7.0,16.2,0.431,1.8,5.5,0.321,5.2,10.7,0.487,0.485,1.6,1.8,0.911,0.8,4.7,5.5,10.1,2.5,0.2,1.9,1.2,17.3,115.0,112,,jonesty01,15.0,0.511,0.339,0.109,1.8,10.4,6.1,28.6,2.5,0.4,10.0,16.6,1.5,1.3,2.8,0.11,-0.1,0.9,0.8,0.9,14.2,0.133,0.225,0.257,0.046,0.487,0.527,0.484,0.5,0.316,0.321,0.293,0.911,0.0,0,0.3,0,0
202,Danilo Gallinari,32,ATL,PF,51,4,1222,8.3,19.1,0.434,4.1,10.2,0.406,4.1,8.9,0.466,0.542,6.5,7.0,0.925,0.7,7.8,8.5,3.1,1.2,0.4,1.7,4.2,27.2,123.0,114,,gallida01,16.3,0.613,0.535,0.366,1.6,17.0,9.5,9.2,1.2,0.7,7.2,21.2,2.7,1.0,3.7,0.146,1.7,-0.6,1.1,1.0,19.4,0.084,0.088,0.152,0.141,0.466,0.65,0.405,0.472,0.388,0.406,0.515,0.932,0.017,6,0.094,2,0
203,Alex Caruso,26,LAL,PG,58,6,1216,5.3,12.2,0.436,2.2,5.5,0.401,3.1,6.7,0.464,0.526,2.0,3.0,0.645,1.2,5.6,6.8,6.4,2.6,0.6,3.0,4.3,14.8,106.0,106,,carusal01,11.1,0.547,0.449,0.249,2.9,12.8,7.9,18.1,2.6,1.1,18.3,14.8,0.3,2.1,2.4,0.095,-2.5,2.5,0.0,0.6,14.8,0.246,0.144,0.102,0.059,0.464,0.653,0.341,0.323,0.222,0.401,0.487,0.927,0.039,9,0.409,1,0
204,Malik Beasley,24,MIN,SG,37,36,1214,10.3,23.3,0.44,5.0,12.5,0.399,5.3,10.9,0.487,0.547,2.6,3.1,0.85,1.1,5.2,6.3,3.4,1.2,0.3,2.3,2.4,28.2,109.0,118,,beaslma01,14.6,0.57,0.535,0.133,2.4,12.4,7.2,11.6,1.2,0.5,8.6,24.0,0.9,0.4,1.3,0.053,1.6,-1.8,-0.2,0.6,16.4,0.192,0.148,0.075,0.05,0.487,0.6,0.449,0.267,0.5,0.399,0.632,0.875,0.027,13,0.268,0,0
205,Dean Wade,24,CLE,PF,63,19,1212,5.5,12.7,0.431,3.2,8.7,0.366,2.3,4.0,0.571,0.556,1.2,1.6,0.769,1.5,7.2,8.7,3.0,1.4,0.9,1.2,3.2,15.3,116.0,115,,wadede01,11.3,0.573,0.685,0.125,3.4,16.8,9.9,8.9,1.4,1.5,8.4,12.9,1.1,0.9,2.0,0.08,-1.1,-0.1,-1.3,0.2,18.7,0.209,0.048,0.032,0.026,0.571,0.662,0.333,0.5,0.375,0.366,0.696,0.974,0.035,10,0.235,0,0
206,Markieff Morris,31,LAL,PF,61,27,1200,6.2,15.3,0.405,2.6,8.5,0.311,3.6,6.9,0.521,0.491,1.5,2.0,0.72,1.9,8.8,10.8,3.0,0.9,0.8,2.2,4.3,16.5,101.0,108,,morrima02,9.3,0.509,0.553,0.132,4.5,20.3,12.5,8.6,0.9,1.4,11.9,16.4,-0.2,1.8,1.6,0.062,-2.9,0.3,-2.6,-0.2,17.6,0.132,0.138,0.119,0.058,0.521,0.7,0.5,0.444,0.318,0.311,0.545,1.0,0.016,5,0.33,1,0
207,Josh Okogie,22,MIN,SG,59,37,1197,4.0,10.0,0.402,1.1,4.3,0.269,2.9,5.8,0.5,0.459,3.3,4.3,0.769,2.5,3.7,6.2,2.5,2.1,1.1,1.7,4.9,12.5,109.0,116,,okogijo01,9.1,0.524,0.425,0.425,5.5,8.7,7.1,7.0,2.1,2.0,12.5,12.1,0.5,0.8,1.3,0.051,-3.7,0.3,-3.3,-0.4,12.3,0.409,0.134,0.012,0.02,0.5,0.615,0.235,0.0,0.2,0.269,0.603,1.0,0.087,16,0.398,0,0
208,Dwight Howard,35,PHI,C,69,6,1196,7.2,12.2,0.587,0.2,0.8,0.25,7.0,11.4,0.611,0.596,4.9,8.5,0.576,7.7,15.7,23.4,2.5,1.2,2.5,4.5,8.1,19.4,113.0,102,,howardw01,17.8,0.61,0.066,0.693,17.8,35.3,26.7,7.2,1.2,4.7,22.1,18.2,1.3,2.6,4.0,0.159,-2.1,0.6,-1.5,0.1,4.4,0.67,0.208,0.023,0.033,0.611,0.665,0.476,0.286,0.6,0.25,0.59,0.8,0.317,85,0.15,1,0
209,Monte Morris,25,DEN,PG,47,13,1196,7.7,16.0,0.481,2.1,5.5,0.381,5.6,10.5,0.534,0.547,2.4,3.0,0.795,0.5,3.5,4.0,6.2,1.4,0.5,1.4,2.0,19.9,121.0,115,,morrimo01,14.0,0.574,0.346,0.189,1.0,8.0,4.6,17.1,1.4,1.1,7.5,16.5,2.0,0.8,2.9,0.115,0.1,-0.5,-0.3,0.5,14.0,0.235,0.186,0.119,0.114,0.534,0.769,0.333,0.543,0.364,0.381,0.4,0.804,0.003,1,0.276,2,0
210,D'Angelo Russell,24,MIN,PG,42,26,1196,11.1,25.7,0.431,4.7,12.2,0.387,6.4,13.5,0.471,0.523,4.5,5.9,0.765,0.6,3.8,4.4,9.6,1.8,0.7,4.4,2.7,31.4,108.0,117,,russeda01,17.6,0.555,0.475,0.229,1.4,8.9,5.0,33.6,1.8,1.3,13.5,29.1,1.0,0.6,1.6,0.063,3.3,-1.7,1.6,1.1,17.9,0.121,0.118,0.124,0.161,0.471,0.658,0.481,0.346,0.419,0.387,0.286,0.592,0.002,1,0.084,1,0
211,Blake Griffin,31,2TM,PF,46,30,1186,7.1,16.9,0.423,2.9,8.4,0.341,4.3,8.5,0.505,0.509,3.6,4.8,0.744,1.4,7.8,9.2,5.7,1.3,0.6,2.5,4.6,20.7,110.0,114,,griffbl01,12.9,0.546,0.499,0.285,3.4,17.4,10.5,17.0,1.3,1.1,11.8,19.3,0.9,1.1,2.0,0.081,-0.8,0.0,-0.8,0.3,14.9,0.265,0.175,0.029,0.032,0.505,0.633,0.431,0.167,0.154,0.341,0.5,0.757,0.046,18,0.18,1,0
211,Blake Griffin,31,DET,PF,20,20,626,6.3,17.4,0.365,3.1,9.7,0.315,3.3,7.7,0.429,0.453,3.4,4.9,0.71,0.5,7.6,8.1,6.0,1.1,0.2,2.5,3.3,19.2,101.0,114,,griffbl01,9.8,0.491,0.559,0.279,1.2,17.4,9.2,18.4,1.1,0.3,11.4,19.6,-0.2,0.5,0.3,0.026,-1.9,-0.3,-2.2,-0.1,17.3,0.144,0.207,0.045,0.045,0.429,0.656,0.391,0.2,0.1,0.315,0.286,0.615,0.0,0,0.169,0,0
211,Blake Griffin,31,BRK,PF,26,10,560,8.0,16.3,0.492,2.7,7.0,0.383,5.3,9.3,0.574,0.574,3.7,4.7,0.782,2.4,8.0,10.4,5.4,1.6,1.1,2.6,5.9,22.4,121.0,113,,griffbl01,16.3,0.61,0.429,0.291,5.8,17.5,11.9,15.5,1.6,2.0,12.3,18.9,1.1,0.6,1.7,0.142,0.5,0.3,0.8,0.4,12.5,0.407,0.138,0.011,0.016,0.574,0.623,0.5,0.0,0.333,0.383,0.645,0.935,0.101,18,0.198,1,0
212,Shai Gilgeous-Alexander,22,OKC,SG,35,35,1180,11.6,22.8,0.508,2.9,6.8,0.418,8.7,15.9,0.547,0.571,7.5,9.2,0.808,0.8,5.9,6.7,8.3,1.1,0.9,4.3,2.8,33.4,118.0,115,,gilgesh01,21.6,0.623,0.301,0.405,1.7,13.1,7.3,31.2,1.1,1.7,13.7,27.8,2.7,0.8,3.5,0.143,3.9,0.2,4.1,1.8,11.6,0.333,0.225,0.097,0.044,0.547,0.633,0.528,0.382,0.36,0.418,0.074,0.296,0.018,10,0.076,0,0
213,Aaron Holiday,24,IND,PG,66,8,1176,6.8,17.5,0.39,2.7,7.3,0.368,4.1,10.2,0.406,0.467,2.7,3.3,0.819,0.6,3.0,3.6,4.9,1.8,0.5,2.7,3.8,19.1,99.0,115,,holidaa01,9.2,0.503,0.417,0.19,1.4,6.8,4.1,14.0,1.8,0.9,12.3,19.5,-0.6,0.8,0.2,0.009,-3.3,-0.9,-4.2,-0.7,14.5,0.239,0.218,0.076,0.05,0.406,0.481,0.316,0.333,0.545,0.368,0.456,0.925,0.0,0,0.17,1,0
214,Paul Millsap,35,DEN,PF,56,36,1162,8.1,17.1,0.476,2.1,6.1,0.343,6.0,11.0,0.55,0.537,3.0,4.2,0.724,3.2,7.9,11.1,4.2,2.2,1.5,2.2,4.7,21.4,117.0,110,,millspa01,16.4,0.565,0.357,0.244,7.4,18.1,12.8,11.6,2.2,3.0,10.3,18.6,1.7,1.6,3.2,0.133,0.3,0.7,1.0,0.9,12.5,0.244,0.309,0.08,0.01,0.55,0.694,0.5,0.375,0.0,0.343,0.613,0.98,0.04,13,0.196,0,0
215,Anthony Davis,27,LAL,PF,36,36,1162,12.6,25.7,0.491,1.1,4.2,0.26,11.5,21.5,0.536,0.512,6.6,9.0,0.738,2.6,9.4,12.0,4.6,1.9,2.5,3.1,2.5,32.9,110.0,104,AS,davisan02,22.1,0.556,0.163,0.349,6.0,21.5,13.8,16.4,1.9,4.5,9.5,29.2,1.3,2.4,3.7,0.152,2.6,2.2,4.8,2.0,11.7,0.243,0.204,0.232,0.158,0.536,0.785,0.536,0.415,0.33,0.26,0.575,0.962,0.098,54,0.16,1,0
216,Kevon Looney,24,GSW,C,61,34,1161,4.4,8.0,0.548,0.2,0.7,0.235,4.2,7.3,0.578,0.558,1.3,1.9,0.646,4.7,8.3,13.0,4.8,0.8,0.9,1.5,5.5,10.2,130.0,111,,looneke01,11.9,0.575,0.086,0.244,10.9,18.6,14.8,13.4,0.8,1.7,14.5,9.4,2.0,1.4,3.4,0.139,-1.8,1.0,-0.9,0.3,6.3,0.548,0.223,0.086,0.056,0.578,0.722,0.364,0.353,0.364,0.235,0.635,1.0,0.137,26,0.353,0,0
217,Kevin Durant,32,BRK,PF,35,32,1157,13.5,25.1,0.537,3.5,7.9,0.45,10.0,17.3,0.577,0.608,8.8,9.9,0.882,0.5,9.8,10.3,8.1,1.0,1.9,5.0,2.9,39.3,122.0,112,AS,duranke01,26.4,0.666,0.313,0.395,1.3,21.3,11.8,27.5,1.0,3.4,14.5,31.2,3.7,1.2,5.0,0.206,6.4,0.8,7.2,2.7,14.9,0.149,0.154,0.254,0.129,0.577,0.833,0.473,0.536,0.487,0.45,0.477,0.647,0.066,38,0.074,0,0
218,Georges Niang,27,UTA,PF,72,10,1154,7.5,17.1,0.437,5.2,12.3,0.425,2.2,4.8,0.469,0.59,0.9,1.0,0.957,1.2,6.2,7.4,2.5,1.1,0.3,2.2,4.9,21.1,114.0,111,,niangge01,11.4,0.602,0.721,0.057,2.7,13.0,8.1,7.3,1.1,0.6,10.9,17.4,1.2,1.4,2.6,0.108,-0.4,0.1,-0.3,0.5,19.8,0.067,0.128,0.072,0.012,0.469,0.593,0.538,0.276,0.2,0.425,0.698,0.992,0.005,2,0.36,0,0
219,Jarred Vanderbilt,21,MIN,PF,64,30,1139,5.9,9.8,0.606,0.0,0.2,0.2,5.9,9.6,0.615,0.608,2.4,4.2,0.559,4.9,10.4,15.3,3.2,2.7,1.9,2.2,5.1,14.3,122.0,110,,vandeja01,16.2,0.612,0.021,0.432,10.8,24.7,17.5,9.3,2.7,3.5,15.9,12.3,1.6,1.5,3.1,0.132,-1.4,1.4,-0.1,0.5,2.6,0.78,0.182,0.017,0.0,0.615,0.717,0.233,0.0,,0.2,0.711,1.0,0.195,40,0.6,0,0
220,Grant Williams,22,BOS,PF,63,9,1138,4.6,10.6,0.437,2.1,5.5,0.372,2.6,5.1,0.508,0.534,1.3,2.2,0.588,2.1,5.6,7.6,2.7,1.4,1.0,2.4,6.9,12.6,105.0,114,,willigr01,7.5,0.546,0.522,0.206,4.7,12.8,8.7,7.4,1.4,2.0,17.2,12.3,0.1,1.0,1.1,0.046,-4.0,0.3,-3.7,-0.5,15.4,0.202,0.202,0.053,0.02,0.508,0.6,0.5,0.231,0.4,0.372,0.683,1.0,0.032,8,0.434,0,0
221,Chuma Okeke,22,ORL,PF,45,19,1133,5.8,13.9,0.417,2.1,6.1,0.348,3.7,7.9,0.47,0.492,1.3,1.7,0.75,1.8,6.0,7.8,4.3,2.1,0.9,1.6,2.1,15.0,107.0,114,,okekech01,11.8,0.511,0.435,0.123,3.7,13.2,8.3,13.2,2.1,1.8,10.0,14.5,0.3,1.0,1.3,0.056,-1.9,0.5,-1.5,0.1,16.9,0.154,0.157,0.117,0.136,0.47,0.68,0.333,0.447,0.409,0.348,0.407,0.98,0.022,7,0.149,3,0
222,Wesley Matthews,34,LAL,SG,58,10,1130,3.8,10.8,0.353,2.8,8.5,0.335,1.0,2.4,0.418,0.484,1.5,1.8,0.854,0.9,3.1,4.0,2.3,1.6,0.7,1.1,3.4,12.0,106.0,110,,matthwe02,7.2,0.517,0.782,0.163,2.0,7.2,4.6,6.3,1.6,1.3,8.8,11.4,0.2,1.5,1.7,0.073,-3.1,1.4,-1.7,0.1,21.2,0.099,0.056,0.028,0.036,0.418,0.68,0.214,0.286,0.111,0.335,0.609,0.97,0.0,0,0.289,0,0
223,D.J. Augustin,33,2TM,PG,57,12,1129,5.6,14.3,0.394,3.5,9.1,0.382,2.2,5.3,0.413,0.515,3.5,3.9,0.904,0.8,3.1,3.9,7.8,1.2,0.0,2.7,2.3,18.3,117.0,117,,augusdj01,12.1,0.57,0.633,0.274,1.9,7.0,4.4,22.2,1.2,0.1,14.5,16.8,1.5,0.5,2.1,0.088,-0.6,-1.5,-2.1,0.0,18.9,0.146,0.102,0.073,0.047,0.413,0.54,0.371,0.28,0.313,0.382,0.212,0.711,0.0,0,0.194,0,0
223,D.J. Augustin,33,MIL,PG,37,6,713,4.7,12.6,0.37,3.2,8.5,0.38,1.4,4.1,0.349,0.497,2.4,2.6,0.9,0.7,2.6,3.3,7.2,1.3,0.1,2.2,2.2,15.0,115.0,116,,augusdj01,10.2,0.542,0.672,0.208,1.7,5.5,3.7,18.6,1.3,0.1,14.0,14.3,0.8,0.4,1.2,0.08,-1.3,-0.9,-2.2,0.0,20.0,0.109,0.094,0.073,0.052,0.349,0.476,0.333,0.214,0.3,0.38,0.136,0.755,0.0,0,0.24,0,0
223,D.J. Augustin,33,HOU,PG,20,6,416,7.3,17.2,0.424,3.9,10.0,0.386,3.4,7.2,0.476,0.536,5.6,6.1,0.907,1.0,4.0,5.0,8.9,0.9,0.0,3.5,2.6,24.0,118.0,119,,augusdj01,15.5,0.604,0.583,0.358,2.2,9.4,5.6,28.3,0.9,0.0,15.1,21.0,0.8,0.1,0.9,0.103,0.6,-2.6,-2.0,0.0,17.8,0.192,0.113,0.073,0.04,0.476,0.586,0.412,0.364,0.333,0.386,0.267,0.647,0.0,0,0.125,0,0
224,JaMychal Green,30,DEN,PF,58,5,1120,7.6,16.5,0.463,3.5,8.7,0.399,4.1,7.8,0.534,0.568,2.0,2.5,0.807,3.8,8.5,12.2,2.3,1.1,1.0,2.3,6.4,20.8,116.0,112,,greenja01,13.6,0.59,0.529,0.152,8.6,19.4,14.0,6.4,1.1,1.9,11.7,17.6,1.4,1.2,2.6,0.11,-0.5,-1.0,-1.5,0.1,15.5,0.249,0.158,0.027,0.037,0.534,0.688,0.407,0.2,0.286,0.399,0.585,1.0,0.096,27,0.273,0,0
225,Marvin Bagley III,21,SAC,PF,43,42,1112,10.7,21.2,0.504,1.6,4.7,0.343,9.1,16.5,0.55,0.542,3.3,5.8,0.575,4.6,9.2,13.7,1.9,0.9,0.9,2.5,4.3,26.2,109.0,117,,baglema01,16.3,0.554,0.22,0.273,10.4,21.5,15.9,5.8,0.9,1.6,9.7,23.5,0.9,0.5,1.4,0.059,-0.4,-2.7,-3.1,-0.3,8.8,0.373,0.341,0.041,0.024,0.55,0.727,0.383,0.55,0.167,0.343,0.624,0.919,0.151,67,0.426,0,0
226,Juan Toscano-Anderson,27,GSW,SG,53,16,1107,5.1,8.9,0.579,1.6,3.9,0.402,3.6,5.0,0.718,0.667,0.9,1.3,0.71,1.2,8.7,10.0,6.4,1.7,1.1,2.6,4.7,12.8,121.0,109,,toscaju01,12.6,0.676,0.44,0.148,2.8,19.6,11.3,18.1,1.7,2.1,21.5,11.0,1.4,1.6,3.0,0.13,-1.4,2.2,0.8,0.8,12.9,0.392,0.158,0.0,0.01,0.718,0.817,0.455,,1.0,0.402,0.81,0.973,0.134,26,0.304,2,0
227,Anfernee Simons,21,POR,SG,64,0,1104,7.4,17.7,0.419,5.3,12.5,0.426,2.1,5.3,0.403,0.569,2.0,2.5,0.807,0.6,5.6,6.2,3.9,0.8,0.4,1.9,4.2,22.2,117.0,119,,simonan01,12.3,0.589,0.703,0.142,1.3,12.5,6.8,11.4,0.8,0.6,9.2,18.3,1.5,0.3,1.8,0.078,0.6,-1.6,-1.0,0.3,20.7,0.08,0.11,0.042,0.065,0.403,0.531,0.295,0.412,0.423,0.426,0.125,0.683,0.01,3,0.152,0,0
228,Larry Nance Jr.,28,CLE,PF,35,27,1091,5.8,12.3,0.471,1.9,5.2,0.36,3.9,7.1,0.551,0.546,1.4,2.2,0.612,2.4,8.2,10.6,4.8,2.8,0.8,2.5,3.3,14.8,109.0,111,,nancela02,13.2,0.557,0.419,0.18,5.4,19.0,12.1,14.4,2.8,1.4,15.8,13.9,0.5,1.3,1.8,0.08,-1.4,1.8,0.4,0.7,13.5,0.313,0.162,0.059,0.048,0.551,0.682,0.432,0.25,0.462,0.36,0.747,0.951,0.169,42,0.281,0,0
229,Aleksej Pokusevski,19,OKC,PF,45,28,1090,6.1,17.8,0.341,2.5,9.0,0.28,3.5,8.8,0.403,0.412,1.4,1.8,0.738,1.3,7.9,9.2,4.2,0.9,1.8,4.3,2.5,16.0,81.0,114,,pokusal01,6.1,0.43,0.507,0.103,2.8,17.6,10.1,13.1,0.9,3.4,18.8,20.5,-2.9,1.0,-1.9,-0.084,-5.1,-1.0,-6.1,-1.1,17.5,0.137,0.147,0.12,0.088,0.403,0.554,0.333,0.408,0.278,0.28,0.432,0.914,0.032,11,0.193,1,0
230,PJ Dozier,24,DEN,SG,50,6,1088,6.7,16.1,0.417,2.1,6.8,0.315,4.6,9.4,0.49,0.483,1.9,3.0,0.636,1.6,6.7,8.3,4.2,1.4,1.0,2.1,3.9,17.5,104.0,113,,doziepj01,10.4,0.501,0.42,0.186,3.7,15.3,9.5,11.2,1.4,2.0,10.7,17.2,0.1,1.1,1.1,0.051,-2.3,-0.4,-2.6,-0.2,14.5,0.239,0.186,0.076,0.079,0.49,0.682,0.364,0.259,0.429,0.315,0.564,0.872,0.051,12,0.315,2,0
231,Xavier Tillman Sr.,22,MEM,PF,59,12,1085,7.4,13.2,0.559,1.0,2.9,0.338,6.4,10.3,0.62,0.595,1.5,2.3,0.642,3.3,8.0,11.3,3.3,1.9,1.5,2.0,5.1,17.2,119.0,110,,tillmxa01,14.7,0.605,0.217,0.177,7.2,18.0,12.5,9.4,1.9,2.7,12.3,14.3,1.4,1.5,2.9,0.127,-1.3,1.1,-0.2,0.5,9.8,0.348,0.254,0.157,0.023,0.62,0.731,0.526,0.574,0.286,0.338,0.828,1.0,0.104,26,0.523,1,0
232,Victor Oladipo,28,3TM,SG,33,33,1080,10.3,25.4,0.408,3.4,10.5,0.326,6.9,14.8,0.466,0.476,4.6,6.1,0.754,0.5,6.5,7.0,6.6,2.0,0.6,3.7,3.6,28.7,100.0,114,,oladivi01,14.3,0.512,0.415,0.24,1.2,15.1,8.0,22.8,2.0,1.2,11.5,28.5,-0.6,1.0,0.4,0.017,-0.9,-0.8,-1.7,0.1,14.9,0.247,0.156,0.085,0.097,0.466,0.655,0.356,0.306,0.304,0.326,0.357,0.654,0.03,14,0.151,0,0
232,Victor Oladipo,28,IND,SG,9,9,300,10.1,23.9,0.421,3.9,10.9,0.362,6.1,13.1,0.47,0.503,4.3,5.8,0.73,0.2,7.9,8.0,6.0,2.4,0.3,2.8,3.6,28.4,104.0,111,,oladivi01,15.5,0.535,0.454,0.243,0.4,18.0,9.2,18.7,2.4,0.5,9.7,26.4,0.0,0.3,0.4,0.063,0.0,-0.1,-0.2,0.1,15.2,0.316,0.105,0.046,0.079,0.47,0.542,0.5,0.286,0.25,0.362,0.487,0.72,0.026,4,0.087,0,0
232,Victor Oladipo,28,HOU,SG,20,20,669,11.0,27.0,0.407,3.5,10.8,0.32,7.5,16.1,0.465,0.471,4.6,5.9,0.783,0.6,6.2,6.7,7.0,1.7,0.7,3.6,3.2,30.0,100.0,115,,oladivi01,14.9,0.508,0.402,0.218,1.2,14.5,7.6,25.3,1.7,1.3,10.9,29.8,-0.3,0.5,0.1,0.009,-0.3,-1.0,-1.3,0.1,15.1,0.22,0.173,0.1,0.105,0.465,0.69,0.318,0.342,0.35,0.32,0.274,0.592,0.026,7,0.157,0,0
232,Victor Oladipo,28,MIA,SG,4,4,111,7.2,19.2,0.372,1.8,7.6,0.235,5.4,11.6,0.462,0.419,5.4,8.1,0.667,1.3,4.9,6.3,6.3,3.1,0.9,6.3,5.8,21.5,86.0,109,,oladivi01,8.1,0.471,0.395,0.419,3.1,11.1,7.2,18.9,3.1,1.9,21.6,26.4,-0.3,0.2,-0.1,-0.06,-7.1,-1.6,-8.7,-0.2,14.5,0.233,0.186,0.093,0.093,0.462,0.9,0.375,0.0,0.0,0.235,0.667,1.0,0.07,3,0.353,0,0
233,Gary Harris,26,2TM,SG,39,38,1080,6.3,15.7,0.4,2.2,6.4,0.34,4.1,9.3,0.441,0.47,2.9,3.5,0.821,1.0,2.6,3.6,3.5,1.3,0.5,1.7,3.2,17.6,105.0,117,,harriga01,9.1,0.511,0.409,0.226,2.1,5.9,4.0,10.3,1.3,1.0,8.9,16.7,0.2,0.6,0.7,0.033,-2.8,-1.3,-4.2,-0.6,14.3,0.235,0.191,0.067,0.099,0.441,0.605,0.318,0.391,0.324,0.34,0.633,0.854,0.032,10,0.333,0,0
233,Gary Harris,26,DEN,SG,19,19,581,5.9,13.3,0.442,2.0,6.4,0.32,3.8,6.9,0.556,0.519,1.9,2.6,0.733,1.1,2.9,4.0,2.7,1.4,0.3,1.2,3.1,15.7,112.0,116,,harriga01,9.3,0.544,0.481,0.192,2.5,6.6,4.6,7.1,1.4,0.7,7.6,13.8,0.4,0.4,0.8,0.065,-2.2,-0.6,-2.8,-0.1,14.4,0.256,0.186,0.026,0.051,0.556,0.75,0.379,0.5,0.25,0.32,0.733,1.0,0.051,8,0.453,0,0
233,Gary Harris,26,ORL,SG,20,19,499,6.7,18.4,0.365,2.3,6.4,0.364,4.4,12.0,0.366,0.429,4.1,4.7,0.875,0.8,2.3,3.1,4.5,1.1,0.7,2.2,3.3,19.9,99.0,118,,harriga01,9.0,0.485,0.349,0.254,1.6,5.2,3.3,14.0,1.1,1.3,9.9,20.2,-0.2,0.2,0.0,-0.005,-3.6,-2.2,-5.8,-0.5,14.3,0.217,0.196,0.101,0.138,0.366,0.463,0.27,0.368,0.346,0.364,0.533,0.708,0.016,2,0.197,0,0
234,Cameron Payne,26,PHO,PG,60,1,1079,8.7,18.1,0.484,3.3,7.6,0.44,5.4,10.5,0.515,0.576,2.3,2.6,0.893,0.7,5.9,6.6,9.9,1.6,0.7,2.7,4.4,23.1,122.0,112,,payneca01,17.4,0.602,0.42,0.142,1.7,13.2,7.6,28.1,1.6,1.3,12.5,19.8,2.4,1.2,3.6,0.158,2.1,1.0,3.1,1.4,15.1,0.159,0.253,0.124,0.043,0.515,0.667,0.43,0.49,0.529,0.44,0.28,0.685,0.0,0,0.133,2,0
235,Damion Lee,28,GSW,SG,57,1,1079,5.6,11.9,0.467,3.4,8.4,0.397,2.2,3.5,0.638,0.608,1.7,1.9,0.909,1.0,6.9,7.8,3.2,1.7,0.3,1.3,3.9,16.2,121.0,111,,leeda03,11.8,0.636,0.708,0.161,2.2,15.4,8.9,9.1,1.7,0.7,9.3,12.8,1.4,1.3,2.7,0.119,-0.7,0.9,0.2,0.6,20.3,0.08,0.091,0.091,0.029,0.638,0.773,0.68,0.52,0.5,0.397,0.863,0.961,0.007,2,0.309,0,0
236,Terence Davis,23,2TM,SG,61,4,1074,8.7,20.5,0.428,4.4,12.0,0.367,4.4,8.5,0.513,0.535,2.0,2.5,0.818,0.9,6.0,6.9,3.7,2.0,0.6,2.8,4.4,23.9,104.0,115,,daviste02,12.7,0.555,0.586,0.121,2.0,14.1,7.9,11.4,2.0,1.2,11.6,21.8,0.1,0.8,0.8,0.038,-0.9,-0.9,-1.7,0.1,16.6,0.235,0.136,0.011,0.033,0.513,0.636,0.323,0.6,0.4,0.367,0.505,0.827,0.044,20,0.217,0,0
236,Terence Davis,23,TOR,SG,34,4,493,8.5,20.6,0.414,4.3,12.0,0.361,4.2,8.6,0.489,0.519,1.6,1.8,0.889,0.9,5.6,6.5,3.6,1.7,0.7,2.8,4.7,23.0,101.0,114,,daviste02,11.1,0.537,0.581,0.086,1.9,13.2,7.4,11.6,1.7,1.4,11.7,21.6,-0.2,0.4,0.3,0.026,-1.8,-0.8,-2.6,-0.1,16.5,0.21,0.167,0.014,0.029,0.489,0.591,0.4,0.333,0.333,0.361,0.605,0.841,0.038,8,0.262,0,0
236,Terence Davis,23,SAC,SG,27,0,581,8.9,20.3,0.439,4.5,12.0,0.372,4.5,8.3,0.535,0.549,2.4,3.1,0.784,0.9,6.4,7.3,3.8,2.2,0.6,2.8,4.0,24.7,107.0,116,,daviste02,14.0,0.57,0.589,0.15,2.1,14.9,8.4,11.3,2.2,1.0,11.5,21.9,0.2,0.3,0.6,0.047,-0.1,-0.9,-0.9,0.2,16.7,0.256,0.11,0.008,0.037,0.535,0.667,0.222,1.0,0.444,0.372,0.426,0.815,0.049,12,0.179,0,0
237,KJ Martin,20,HOU,SF,45,8,1068,7.2,14.1,0.509,1.6,4.3,0.365,5.6,9.8,0.572,0.564,2.7,3.7,0.714,3.2,7.5,10.7,2.1,1.3,1.8,1.7,3.9,18.6,117.0,114,,martike04,14.6,0.59,0.302,0.264,7.0,17.6,12.1,6.8,1.3,3.4,9.7,15.6,1.3,0.9,2.2,0.099,-1.4,-0.4,-1.8,0.0,9.7,0.469,0.214,0.013,0.003,0.572,0.711,0.294,0.25,0.0,0.365,0.701,1.0,0.226,63,0.292,1,0
238,Derrick White,26,SAS,SG,36,32,1064,8.5,20.7,0.411,3.8,11.1,0.346,4.7,9.6,0.486,0.503,4.4,5.2,0.851,0.6,4.3,4.9,5.8,1.2,1.6,2.1,4.2,25.2,111.0,114,,whitede01,15.0,0.55,0.536,0.252,1.3,9.6,5.4,17.4,1.2,2.9,8.2,22.4,1.0,0.9,1.9,0.085,1.3,0.0,1.3,0.9,16.9,0.143,0.21,0.082,0.029,0.486,0.646,0.474,0.27,0.385,0.346,0.48,0.869,0.009,4,0.177,0,0
239,Furkan Korkmaz,23,PHI,SG,55,11,1062,7.7,19.3,0.401,4.6,12.2,0.375,3.1,7.0,0.445,0.52,2.7,3.7,0.732,0.8,4.4,5.1,3.7,2.2,0.4,2.1,2.9,22.8,108.0,109,,korkmfu01,12.8,0.544,0.634,0.193,1.8,9.8,5.9,11.1,2.2,0.8,9.1,20.5,0.6,1.5,2.0,0.092,-0.3,0.2,-0.1,0.5,19.5,0.137,0.09,0.064,0.075,0.445,0.655,0.289,0.333,0.344,0.375,0.449,0.941,0.026,10,0.249,4,0
240,Devin Vassell,20,SAS,SF,62,7,1056,5.7,13.9,0.406,2.4,6.9,0.347,3.3,7.0,0.464,0.492,2.0,2.3,0.843,1.1,6.9,8.0,2.6,2.0,0.8,1.0,4.0,15.7,108.0,112,,vassede01,10.6,0.524,0.495,0.168,2.4,15.4,8.8,7.1,2.0,1.4,6.3,14.3,0.4,1.1,1.5,0.069,-2.2,0.7,-1.5,0.1,17.5,0.125,0.086,0.168,0.125,0.464,0.658,0.5,0.431,0.289,0.347,0.648,0.942,0.053,14,0.42,0,0
241,Brad Wanamaker,31,2TM,PG,61,0,1053,5.2,13.5,0.385,0.7,3.9,0.188,4.5,9.7,0.463,0.411,4.1,4.6,0.891,0.8,3.9,4.8,7.9,1.9,0.5,3.2,4.3,15.2,102.0,113,,wanambr01,9.5,0.489,0.284,0.338,1.8,8.8,5.3,22.5,1.9,1.0,17.1,16.9,-0.2,1.0,0.9,0.039,-4.4,0.3,-4.0,-0.5,11.9,0.311,0.227,0.064,0.114,0.463,0.602,0.338,0.316,0.412,0.188,0.545,0.688,0.017,5,0.047,0,0
241,Brad Wanamaker,31,GSW,PG,39,0,625,4.6,13.0,0.353,1.0,4.6,0.213,3.6,8.4,0.429,0.39,3.8,4.2,0.893,0.6,4.4,5.0,7.4,2.0,0.5,2.8,4.1,13.9,100.0,112,,wanambr01,8.5,0.468,0.353,0.324,1.4,9.8,5.6,20.8,2.0,0.8,15.8,16.0,-0.2,0.7,0.5,0.036,-4.4,0.9,-3.5,-0.2,14.0,0.231,0.249,0.052,0.116,0.429,0.6,0.302,0.222,0.45,0.213,0.542,0.692,0.017,3,0.049,0,0
241,Brad Wanamaker,31,CHO,PG,22,0,428,6.2,14.4,0.429,0.3,2.7,0.125,5.8,11.6,0.5,0.44,4.6,5.1,0.889,1.1,3.3,4.4,8.6,1.9,0.6,3.9,4.4,17.2,105.0,115,,wanambr01,10.9,0.518,0.19,0.357,2.5,7.5,4.9,25.0,1.9,1.2,18.9,18.1,0.1,0.3,0.4,0.044,-4.4,-0.5,-4.8,-0.3,9.9,0.421,0.198,0.079,0.111,0.5,0.604,0.4,0.4,0.357,0.125,0.549,0.667,0.016,2,0.042,0,0
242,Timothé Luwawu-Cabarrot,25,BRK,SF,58,7,1050,6.0,16.4,0.365,3.4,11.0,0.314,2.5,5.4,0.47,0.471,1.6,2.0,0.814,1.3,4.6,5.9,3.2,1.5,0.3,2.0,4.5,17.0,100.0,116,,luwawti01,7.8,0.493,0.671,0.121,3.1,10.1,6.8,8.6,1.5,0.5,10.3,17.4,-0.3,0.7,0.3,0.015,-3.2,-1.2,-4.4,-0.6,18.2,0.208,0.062,0.028,0.031,0.47,0.568,0.318,0.1,0.455,0.314,0.691,0.987,0.014,3,0.351,0,0
243,De'Anthony Melton,22,MEM,PG,52,1,1045,7.9,18.0,0.438,4.0,9.7,0.412,3.9,8.3,0.467,0.548,1.9,2.3,0.804,1.4,6.0,7.4,6.0,2.7,1.4,3.0,3.9,21.6,110.0,109,,meltode01,15.2,0.568,0.537,0.13,3.0,13.4,8.2,17.5,2.7,2.7,13.7,19.5,0.7,1.5,2.2,0.103,0.6,1.7,2.3,1.1,16.9,0.163,0.155,0.104,0.041,0.467,0.609,0.295,0.561,0.313,0.412,0.412,0.793,0.033,12,0.213,0,0
244,James Johnson,33,2TM,PF,51,12,1043,6.8,15.2,0.446,1.4,5.6,0.258,5.4,9.6,0.556,0.494,2.1,3.5,0.592,1.5,6.8,8.2,4.6,2.0,2.0,2.6,5.6,17.1,103.0,111,,johnsja01,11.4,0.51,0.367,0.232,3.4,15.1,9.3,12.9,2.0,3.8,13.2,17.1,-0.1,1.3,1.2,0.055,-2.7,1.5,-1.2,0.2,11.8,0.364,0.205,0.049,0.015,0.556,0.672,0.403,0.313,0.6,0.258,0.557,0.935,0.043,12,0.433,1,0
244,James Johnson,33,DAL,PF,29,1,504,6.6,14.2,0.462,1.5,5.9,0.25,5.1,8.3,0.612,0.514,1.7,2.8,0.586,1.4,7.0,8.4,4.9,2.3,2.3,2.6,5.8,16.2,104.0,109,,johnsja01,12.2,0.526,0.414,0.2,3.1,15.6,9.4,13.7,2.3,4.2,14.6,16.2,0.0,0.7,0.8,0.073,-2.0,2.5,0.5,0.3,12.6,0.345,0.2,0.028,0.014,0.612,0.74,0.414,0.5,0.5,0.25,0.558,1.0,0.034,5,0.533,1,0
244,James Johnson,33,NOP,PF,22,11,539,7.0,16.2,0.434,1.4,5.3,0.267,5.6,10.9,0.516,0.478,2.5,4.2,0.596,1.6,6.5,8.1,4.3,1.6,1.7,2.5,5.4,18.0,102.0,113,,johnsja01,10.6,0.498,0.33,0.258,3.6,14.7,9.2,12.2,1.6,3.3,12.1,18.0,-0.1,0.5,0.4,0.039,-3.3,0.5,-2.7,-0.1,11.0,0.379,0.209,0.066,0.016,0.516,0.623,0.395,0.25,0.667,0.267,0.556,0.875,0.049,7,0.333,0,0
245,Derrick Favors,29,UTA,C,68,0,1039,7.3,11.4,0.638,0.0,0.1,0.0,7.3,11.3,0.643,0.638,2.8,3.8,0.738,6.5,11.2,17.6,2.1,1.5,3.2,1.7,6.7,17.3,138.0,103,,favorde01,19.7,0.663,0.008,0.329,14.7,23.3,19.2,6.0,1.5,5.3,11.5,13.0,2.9,2.2,5.1,0.237,0.3,2.4,2.6,1.2,5.1,0.547,0.259,0.132,0.053,0.643,0.729,0.619,0.469,0.308,0.0,0.781,,0.128,26,1.0,0,0
246,Garrison Mathews,24,WAS,SG,64,24,1038,4.3,10.5,0.409,3.4,8.8,0.384,0.9,1.7,0.538,0.57,3.7,4.2,0.884,0.7,3.2,3.9,1.2,1.3,0.3,0.4,4.7,15.7,130.0,116,,mathega01,9.7,0.635,0.835,0.401,1.6,7.2,4.4,3.1,1.3,0.6,3.5,11.5,1.7,0.6,2.3,0.108,-1.7,-0.1,-1.8,0.1,23.4,0.042,0.055,0.021,0.046,0.538,0.9,0.308,0.4,0.545,0.384,0.619,0.934,0.004,1,0.323,1,0
247,Denzel Valentine,27,CHI,SG,62,3,1036,7.3,19.5,0.373,3.7,11.3,0.331,3.5,8.1,0.431,0.469,0.7,0.8,0.941,1.1,8.1,9.2,4.9,1.4,0.3,2.0,3.3,19.0,100.0,112,,valende01,10.1,0.479,0.582,0.041,2.6,18.3,10.5,14.0,1.4,0.6,9.0,19.5,-0.4,1.1,0.7,0.032,-2.2,-0.4,-2.7,-0.2,18.7,0.087,0.12,0.154,0.058,0.431,0.611,0.4,0.359,0.417,0.331,0.4,0.9,0.005,2,0.227,0,0
248,Wayne Ellington,33,DET,SG,46,31,1012,7.2,16.4,0.441,5.6,13.3,0.422,1.6,3.1,0.524,0.612,1.4,1.7,0.8,0.6,3.5,4.1,3.2,0.9,0.4,1.6,2.9,21.4,118.0,117,,ellinwa01,12.2,0.625,0.814,0.104,1.3,8.1,4.7,10.2,0.9,0.8,8.5,16.7,1.3,0.5,1.9,0.088,1.1,-1.3,-0.2,0.5,22.4,0.074,0.033,0.036,0.044,0.524,0.6,0.636,0.417,0.4,0.422,0.758,0.957,0.0,0,0.204,0,0
249,Nickeil Alexander-Walker,22,NOP,SG,46,13,1007,9.1,21.8,0.419,3.6,10.4,0.347,5.5,11.4,0.485,0.502,2.3,3.1,0.727,0.6,6.2,6.9,4.9,2.2,1.0,3.3,4.2,24.2,101.0,112,,alexani01,12.5,0.522,0.478,0.144,1.4,14.1,7.8,14.7,2.2,2.1,12.4,23.2,-0.3,1.0,0.7,0.035,-1.4,0.1,-1.3,0.2,15.5,0.236,0.164,0.041,0.081,0.485,0.481,0.52,0.421,0.459,0.347,0.345,0.921,0.015,7,0.283,1,1
250,Stanley Johnson,24,TOR,PF,61,13,1006,4.3,11.2,0.382,2.2,6.6,0.328,2.1,4.6,0.458,0.479,2.1,2.6,0.8,1.4,6.0,7.4,4.3,2.5,0.9,2.6,5.6,12.8,102.0,112,,johnsst04,8.8,0.519,0.588,0.236,3.1,14.1,8.4,12.0,2.5,1.8,17.4,13.4,-0.1,1.1,1.0,0.048,-3.8,1.2,-2.5,-0.1,17.1,0.193,0.159,0.043,0.017,0.458,0.489,0.486,0.4,0.0,0.328,0.318,0.956,0.017,4,0.314,1,0
251,Cody Zeller,28,CHO,C,48,21,1005,8.8,15.7,0.559,0.2,1.4,0.143,8.6,14.4,0.598,0.565,4.1,5.8,0.714,5.8,10.2,15.9,4.2,1.3,0.8,2.5,5.9,21.9,123.0,112,,zelleco01,18.2,0.599,0.086,0.367,12.6,22.9,17.7,13.2,1.3,1.7,11.9,18.3,2.1,1.1,3.3,0.156,-0.2,-0.2,-0.5,0.4,4.9,0.605,0.269,0.028,0.012,0.598,0.684,0.414,0.556,0.5,0.143,0.751,1.0,0.173,52,0.179,0,0
252,Marc Gasol,36,LAL,C,52,42,993,4.3,9.5,0.454,2.4,6.0,0.41,1.9,3.5,0.528,0.582,1.8,2.4,0.72,1.9,8.7,10.5,5.3,1.3,2.8,2.6,5.6,12.8,115.0,105,,gasolma01,12.2,0.606,0.629,0.258,4.3,19.9,12.2,14.7,1.3,5.2,19.7,11.8,0.8,1.9,2.8,0.133,-1.4,3.7,2.3,1.1,19.3,0.093,0.134,0.119,0.026,0.528,0.778,0.5,0.391,0.4,0.41,0.737,0.98,0.015,3,0.082,0,0
253,Tony Snell,29,ATL,SG,47,23,992,4.4,8.5,0.515,3.1,5.4,0.569,1.3,3.1,0.419,0.696,0.5,0.5,1.0,0.9,4.7,5.6,2.9,0.6,0.5,1.0,3.7,12.3,135.0,117,,snellto01,9.5,0.708,0.637,0.064,2.0,10.2,6.2,7.9,0.6,1.0,10.7,8.6,1.6,0.5,2.0,0.099,-0.4,-0.1,-0.5,0.4,18.6,0.076,0.152,0.111,0.023,0.419,0.615,0.346,0.421,0.25,0.569,0.654,0.984,0.012,2,0.45,0,0
254,Jordan Poole,21,GSW,SG,51,7,988,9.7,22.5,0.432,4.6,13.1,0.351,5.1,9.4,0.545,0.535,5.0,5.7,0.882,0.7,3.7,4.4,4.7,1.2,0.4,2.4,4.1,29.1,111.0,114,,poolejo01,15.1,0.581,0.582,0.251,1.6,8.2,5.0,15.4,1.2,0.8,8.8,25.0,1.1,0.9,1.9,0.094,0.7,-1.2,-0.5,0.4,18.6,0.148,0.133,0.082,0.055,0.545,0.743,0.46,0.436,0.385,0.351,0.611,0.897,0.023,11,0.109,1,1
255,James Ennis III,30,ORL,SF,41,37,986,5.7,12.0,0.473,2.2,5.1,0.433,3.5,6.9,0.504,0.566,3.5,4.3,0.805,2.1,6.1,8.2,3.1,1.6,0.3,1.8,4.1,17.0,120.0,115,,ennisja01,12.5,0.613,0.428,0.358,4.4,13.4,8.7,9.3,1.6,0.6,11.3,13.9,1.3,0.7,2.0,0.097,-1.9,-0.3,-2.2,-0.1,13.8,0.251,0.222,0.066,0.033,0.504,0.639,0.352,0.5,0.5,0.433,0.586,0.933,0.041,9,0.24,0,0
256,Robert Williams,23,BOS,C,52,13,985,9.2,12.8,0.721,0.0,0.1,0.0,9.2,12.7,0.727,0.721,2.2,3.6,0.616,6.6,11.2,17.8,4.7,2.1,4.5,2.6,5.2,20.7,139.0,104,,williro04,25.7,0.719,0.008,0.283,14.9,25.6,20.2,14.2,2.1,8.6,15.2,15.0,3.4,1.9,5.3,0.258,2.9,3.1,6.0,2.0,4.1,0.643,0.244,0.054,0.05,0.727,0.801,0.651,0.643,0.231,0.0,0.737,,0.388,93,0.0,2,0
257,Aron Baynes,34,TOR,C,53,31,980,6.6,15.0,0.441,1.3,5.1,0.262,5.3,9.9,0.532,0.485,1.4,2.0,0.707,4.3,9.2,13.5,2.3,0.8,1.1,2.3,5.9,16.0,104.0,113,,baynear01,10.5,0.503,0.339,0.135,9.4,21.7,15.3,7.0,0.8,2.3,12.5,16.2,0.1,0.9,1.0,0.049,-3.4,-1.1,-4.5,-0.6,11.4,0.385,0.181,0.056,0.039,0.532,0.59,0.473,0.471,0.333,0.262,0.738,1.0,0.118,31,0.155,0,0
258,Alex Len,27,2TM,C,64,42,979,8.1,13.1,0.615,0.4,1.2,0.32,7.7,12.0,0.644,0.629,3.5,5.5,0.629,3.7,8.6,12.3,2.3,0.9,3.0,2.6,6.0,20.0,119.0,110,,lenal01,16.4,0.643,0.09,0.417,8.5,19.7,14.1,7.0,0.9,5.6,14.3,16.3,1.5,1.3,2.7,0.133,-1.2,1.0,-0.1,0.5,10.1,0.432,0.432,0.047,0.0,0.644,0.792,0.55,0.154,,0.32,0.755,1.0,0.281,75,0.64,0,0
258,Alex Len,27,TOR,C,7,2,76,3.2,6.4,0.5,1.9,3.8,0.5,1.3,2.5,0.5,0.65,1.9,3.8,0.5,0.0,7.0,7.0,1.9,0.6,3.8,5.1,6.4,10.2,77.0,111,,lenal01,4.3,0.633,0.6,0.6,0.0,16.5,8.0,5.2,0.6,7.9,38.8,11.7,-0.1,0.1,-0.1,-0.033,-6.5,2.5,-4.0,0.0,14.8,0.3,0.1,0.0,0.0,0.5,0.667,0.0,,,0.5,1.0,1.0,0.2,1,0.667,0,0
258,Alex Len,27,WAS,C,57,40,903,8.5,13.7,0.619,0.3,1.0,0.263,8.2,12.7,0.647,0.629,3.6,5.6,0.636,4.0,8.7,12.7,2.3,1.0,3.0,2.4,6.0,20.8,122.0,110,,lenal01,17.5,0.643,0.071,0.41,9.2,20.0,14.6,7.2,1.0,5.4,12.9,16.7,1.6,1.2,2.8,0.147,-0.7,0.9,0.2,0.5,5.3,0.437,0.444,0.049,0.0,0.647,0.795,0.555,0.154,,0.263,0.752,1.0,0.284,74,0.632,0,0
259,DeAndre' Bembry,26,TOR,SF,51,12,972,5.8,11.4,0.513,0.7,2.6,0.264,5.1,8.7,0.589,0.544,2.2,3.3,0.682,1.6,5.6,7.3,5.3,2.6,0.9,3.5,4.3,14.6,104.0,111,,bembrde01,11.2,0.57,0.232,0.289,3.6,13.3,8.3,15.6,2.6,1.9,21.6,14.6,0.1,1.1,1.2,0.059,-3.2,1.4,-1.9,0.0,8.9,0.377,0.342,0.035,0.013,0.589,0.767,0.436,0.375,0.0,0.264,0.583,0.929,0.132,23,0.226,0,0
260,Dwight Powell,29,DAL,C,58,19,966,6.1,9.9,0.619,0.3,1.1,0.238,5.9,8.8,0.665,0.631,5.0,6.3,0.782,4.1,7.9,11.9,3.2,1.8,1.5,2.0,6.9,17.5,136.0,110,,poweldw01,16.8,0.688,0.108,0.639,9.2,17.4,13.3,8.9,1.8,2.9,13.9,13.2,2.6,1.2,3.8,0.188,-0.7,1.3,0.6,0.6,4.5,0.737,0.144,0.01,0.0,0.665,0.755,0.25,0.0,,0.238,0.843,1.0,0.34,58,0.0,0,0
261,Jaxson Hayes,20,NOP,C,60,3,964,8.7,13.9,0.625,0.3,0.7,0.429,8.4,13.2,0.635,0.636,4.6,6.0,0.775,4.6,8.2,12.8,1.7,1.2,1.9,1.9,5.0,22.3,132.0,112,,hayesja02,19.1,0.675,0.05,0.429,10.4,18.6,14.5,5.2,1.2,3.7,10.5,16.2,2.6,1.0,3.5,0.176,0.6,0.0,0.6,0.6,4.5,0.646,0.232,0.05,0.021,0.635,0.724,0.492,0.214,0.5,0.429,0.763,1.0,0.268,71,0.357,1,1
262,Serge Ibaka,31,LAC,C,41,39,955,9.6,18.9,0.51,2.0,6.0,0.339,7.6,13.0,0.588,0.563,2.2,2.7,0.811,3.8,10.5,14.3,3.8,0.5,2.4,2.3,3.9,23.5,119.0,110,,ibakase01,18.2,0.585,0.315,0.145,8.9,23.1,16.2,11.5,0.5,4.4,10.2,20.1,1.7,1.3,3.0,0.15,1.2,0.2,1.4,0.8,12.9,0.244,0.268,0.085,0.088,0.588,0.753,0.469,0.484,0.594,0.339,0.673,1.0,0.082,25,0.043,0,0
263,Semi Ojeleye,26,BOS,PF,56,15,950,4.6,11.4,0.403,3.0,8.1,0.367,1.6,3.2,0.492,0.534,1.2,1.6,0.75,1.6,6.0,7.6,1.9,0.9,0.0,1.1,2.9,13.4,114.0,116,,ojelese01,8.3,0.553,0.715,0.145,3.6,13.7,8.6,5.1,0.9,0.0,8.2,11.6,0.7,0.6,1.2,0.063,-1.7,-0.7,-2.4,-0.1,19.7,0.1,0.109,0.054,0.023,0.492,0.636,0.542,0.25,0.2,0.367,0.613,0.983,0.027,6,0.462,0,0
264,Jeff Teague,32,2TM,PG,55,7,950,6.2,14.4,0.433,1.8,4.2,0.439,4.4,10.2,0.431,0.496,4.5,5.3,0.848,0.8,3.7,4.5,6.7,1.7,0.6,3.2,2.8,18.8,111.0,114,,teaguje01,12.3,0.562,0.289,0.37,1.7,8.3,5.1,18.3,1.7,1.2,16.2,17.7,0.8,0.8,1.6,0.079,-1.7,-0.5,-2.2,-0.1,12.5,0.19,0.324,0.116,0.081,0.431,0.648,0.38,0.394,0.174,0.439,0.161,0.639,0.007,1,0.183,0,0
264,Jeff Teague,32,BOS,PG,34,5,616,6.2,14.9,0.415,2.1,4.4,0.464,4.1,10.5,0.394,0.484,4.0,4.8,0.836,0.8,3.7,4.5,5.8,2.1,0.6,3.1,3.4,18.5,108.0,114,,teaguje01,11.4,0.542,0.298,0.324,1.8,8.6,5.2,16.2,2.1,1.1,15.4,17.7,0.3,0.5,0.8,0.062,-2.4,-0.3,-2.7,-0.1,13.3,0.16,0.335,0.112,0.096,0.394,0.633,0.381,0.286,0.167,0.464,0.192,0.615,0.005,0,0.196,0,0
264,Jeff Teague,32,MIL,PG,21,2,334,6.3,13.5,0.469,1.4,3.7,0.385,4.9,9.8,0.5,0.521,5.3,6.2,0.864,0.7,3.7,4.4,8.3,1.1,0.7,3.5,1.8,19.4,118.0,115,,teaguje01,14.1,0.598,0.271,0.458,1.6,7.9,4.9,22.2,1.1,1.3,17.8,17.6,0.5,0.2,0.8,0.11,-0.5,-1.0,-1.4,0.1,11.6,0.25,0.302,0.125,0.052,0.5,0.667,0.379,0.583,0.2,0.385,0.114,0.7,0.01,1,0.154,0,0
265,Rodney Hood,28,2TM,SF,55,5,942,4.9,13.4,0.362,1.8,5.8,0.301,3.1,7.6,0.408,0.427,1.2,1.4,0.857,1.2,4.1,5.3,2.7,1.2,0.4,1.9,3.8,12.7,94.0,118,,hoodro01,5.6,0.452,0.435,0.108,2.6,9.4,5.9,7.5,1.2,0.7,11.7,14.1,-0.7,0.3,-0.4,-0.019,-4.9,-1.4,-6.4,-1.0,17.3,0.092,0.162,0.192,0.119,0.408,0.583,0.286,0.42,0.419,0.301,0.3,0.794,0.012,2,0.363,1,0
265,Rodney Hood,28,POR,SF,38,5,726,4.9,13.5,0.363,1.7,5.6,0.298,3.2,7.9,0.41,0.425,0.6,0.8,0.75,1.2,3.7,4.9,3.2,1.3,0.3,2.1,4.0,12.1,91.0,119,,hoodro01,5.0,0.436,0.418,0.06,2.6,8.3,5.4,8.5,1.3,0.5,13.1,14.1,-0.7,0.2,-0.5,-0.034,-5.3,-1.5,-6.8,-0.9,16.7,0.095,0.164,0.204,0.119,0.41,0.526,0.273,0.439,0.458,0.298,0.313,0.76,0.015,2,0.321,0,0
265,Rodney Hood,28,TOR,SF,17,0,216,4.7,13.2,0.356,2.0,6.5,0.31,2.7,6.7,0.4,0.432,3.4,3.6,0.938,1.1,5.6,6.7,1.3,0.9,0.7,1.1,3.4,14.8,103.0,116,,hoodro01,7.5,0.5,0.492,0.271,2.5,13.2,7.6,3.8,0.9,1.4,7.0,14.2,0.0,0.1,0.1,0.029,-3.6,-1.4,-4.9,-0.2,17.9,0.085,0.153,0.153,0.119,0.4,0.8,0.333,0.333,0.286,0.31,0.25,0.889,0.0,0,0.483,1,0
266,Jordan McLaughlin,24,MIN,PG,51,2,938,5.0,12.2,0.413,1.7,4.6,0.359,3.4,7.6,0.447,0.481,1.2,1.5,0.767,1.1,4.4,5.4,9.7,2.6,0.3,2.6,2.2,12.9,110.0,115,,mclaujo01,12.0,0.502,0.38,0.124,2.3,10.4,6.2,28.0,2.6,0.6,16.7,13.7,0.6,0.6,1.2,0.062,-2.0,0.2,-1.7,0.1,12.2,0.351,0.223,0.037,0.008,0.447,0.518,0.333,0.556,0.0,0.359,0.373,0.909,0.025,4,0.25,0,0
267,Taj Gibson,35,NYK,C,45,3,936,5.3,8.4,0.627,0.2,0.8,0.2,5.1,7.6,0.671,0.636,2.1,2.9,0.727,5.3,8.1,13.4,1.9,1.7,2.6,1.2,5.3,12.9,139.0,105,,gibsota01,16.0,0.661,0.095,0.348,11.6,17.3,14.5,5.4,1.7,5.0,10.8,9.7,2.1,1.7,3.8,0.195,-0.7,2.1,1.3,0.8,5.8,0.601,0.184,0.082,0.038,0.671,0.789,0.414,0.538,0.333,0.2,0.604,1.0,0.165,23,0.467,0,0
268,Tyrese Maxey,20,PHI,SG,61,8,935,10.2,22.1,0.462,1.6,5.3,0.301,8.6,16.8,0.512,0.498,3.1,3.6,0.871,0.6,4.8,5.4,6.2,1.3,0.7,2.1,4.1,25.2,110.0,111,,maxeyty01,14.5,0.531,0.24,0.163,1.3,10.8,6.1,19.9,1.3,1.2,8.2,23.0,0.8,1.1,1.9,0.099,-1.0,-0.5,-1.5,0.1,12.3,0.268,0.233,0.128,0.131,0.512,0.591,0.46,0.582,0.375,0.301,0.383,0.806,0.019,8,0.126,0,0
269,Danuel House Jr.,27,HOU,SF,36,23,932,5.6,13.8,0.404,2.7,7.9,0.346,2.8,5.9,0.483,0.504,2.1,3.2,0.651,0.9,5.8,6.7,3.5,1.0,0.8,1.8,3.4,16.0,104.0,117,,houseda01,9.1,0.525,0.574,0.232,2.0,13.6,7.5,10.6,1.0,1.5,10.7,15.3,0.0,0.5,0.5,0.026,-2.8,-0.7,-3.5,-0.3,17.0,0.224,0.103,0.037,0.063,0.483,0.557,0.464,0.3,0.353,0.346,0.643,0.815,0.074,16,0.353,1,1
270,Malachi Flynn,22,TOR,PG,47,14,928,6.6,17.7,0.374,2.8,8.8,0.321,3.8,9.0,0.424,0.453,2.3,2.9,0.804,0.5,5.5,6.0,7.1,2.0,0.4,2.2,3.5,18.4,103.0,114,,flynnma01,10.9,0.484,0.494,0.165,1.1,13.0,6.9,21.4,2.0,0.8,10.5,19.0,0.0,0.8,0.8,0.041,-2.5,-0.2,-2.6,-0.1,17.6,0.126,0.174,0.109,0.097,0.424,0.605,0.407,0.405,0.242,0.321,0.082,0.722,0.0,0,0.095,1,0
271,Ish Smith,32,WAS,PG,44,1,924,6.4,14.8,0.434,0.9,2.4,0.367,5.5,12.4,0.448,0.465,0.9,1.6,0.576,1.1,6.4,7.5,8.6,1.6,0.6,2.0,3.1,14.7,106.0,113,,smithis01,11.6,0.473,0.165,0.111,2.5,14.6,8.6,24.7,1.6,1.2,11.6,15.8,0.2,0.9,1.1,0.056,-2.1,0.5,-1.5,0.1,13.0,0.189,0.202,0.215,0.229,0.448,0.554,0.45,0.391,0.412,0.367,0.261,0.944,0.003,1,0.388,1,0
272,Moses Brown,21,OKC,C,43,32,920,7.5,13.8,0.545,0.0,0.0,,7.5,13.8,0.545,0.545,4.0,6.5,0.619,8.0,11.8,19.8,0.5,1.6,2.4,2.2,4.8,19.1,117.0,109,,brownmo01,18.8,0.572,0.0,0.47,17.2,26.2,21.6,1.7,1.6,4.5,11.7,16.9,1.3,1.3,2.6,0.138,-1.3,-1.2,-2.4,-0.1,2.1,0.772,0.224,0.004,0.0,0.545,0.628,0.267,0.0,,,0.507,,0.321,78,,0,0
273,Trey Burke,28,DAL,PG,62,1,911,8.2,19.1,0.428,3.1,8.9,0.354,5.0,10.2,0.492,0.51,2.8,3.1,0.895,0.5,2.4,2.9,4.4,1.9,0.4,1.8,3.5,22.3,110.0,115,,burketr01,12.6,0.544,0.465,0.161,1.2,5.3,3.3,12.9,1.9,0.7,8.0,20.0,0.7,0.7,1.4,0.071,-1.4,-0.4,-1.8,0.0,17.1,0.159,0.096,0.139,0.142,0.492,0.518,0.441,0.51,0.48,0.354,0.312,0.897,0.0,0,0.293,1,1
274,Damyean Dotson,26,CLE,SG,46,7,907,6.5,15.9,0.406,2.5,8.6,0.289,4.0,7.3,0.545,0.485,1.3,2.0,0.667,0.3,4.8,5.1,4.9,0.9,0.2,2.3,2.3,16.7,99.0,118,,dotsoda01,8.1,0.499,0.543,0.123,0.6,11.1,5.7,15.1,0.9,0.4,12.0,16.9,-0.4,0.3,0.0,-0.002,-3.4,-1.4,-4.8,-0.6,18.4,0.174,0.075,0.072,0.137,0.545,0.667,0.591,0.333,0.475,0.289,0.493,0.891,0.007,2,0.208,2,0
275,Willie Cauley-Stein,27,DAL,C,53,16,906,6.3,9.9,0.632,0.1,0.6,0.091,6.2,9.3,0.667,0.635,2.7,4.2,0.628,3.6,9.3,12.8,1.9,1.1,2.3,1.6,7.0,15.2,128.0,110,,caulewi01,14.3,0.647,0.06,0.429,8.1,20.5,14.3,5.3,1.1,4.4,11.8,12.0,1.6,1.2,2.8,0.147,-2.2,0.9,-1.3,0.2,3.8,0.791,0.082,0.044,0.022,0.667,0.694,0.533,0.375,0.75,0.091,0.825,1.0,0.363,53,0.364,0,0
276,Taurean Prince,26,2TM,PF,41,10,905,7.1,17.7,0.401,3.4,8.4,0.4,3.7,9.3,0.401,0.495,3.5,4.1,0.855,1.0,6.7,7.7,4.1,1.5,1.2,2.5,4.1,21.1,106.0,114,,princta02,12.1,0.54,0.474,0.232,2.3,15.3,8.8,12.8,1.5,2.3,11.5,19.6,0.2,0.8,1.0,0.052,-1.2,-0.6,-1.8,0.0,16.2,0.183,0.18,0.104,0.058,0.401,0.55,0.271,0.382,0.368,0.4,0.536,0.855,0.024,7,0.284,2,0
276,Taurean Prince,26,BRK,PF,12,4,218,6.6,16.4,0.405,2.9,8.2,0.351,3.8,8.2,0.459,0.493,5.3,6.0,0.889,0.4,7.1,7.5,1.5,1.8,1.8,2.4,4.6,21.5,105.0,112,,princta02,11.7,0.565,0.5,0.365,1.1,15.4,8.6,4.3,1.8,3.2,11.4,19.4,0.0,0.2,0.3,0.062,-2.2,0.1,-2.2,0.0,16.8,0.162,0.176,0.081,0.081,0.459,0.833,0.231,0.333,0.333,0.351,0.706,0.846,0.027,2,0.27,1,0
276,Taurean Prince,26,CLE,PF,29,6,687,7.3,18.2,0.399,3.5,8.5,0.415,3.7,9.7,0.385,0.496,2.9,3.5,0.837,1.2,6.5,7.8,5.0,1.4,1.1,2.6,3.9,21.0,106.0,115,,princta02,12.2,0.532,0.466,0.194,2.7,15.2,8.8,15.5,1.4,1.9,11.6,19.7,0.2,0.5,0.7,0.049,-0.9,-0.8,-1.7,0.0,15.6,0.19,0.182,0.111,0.051,0.385,0.479,0.283,0.393,0.385,0.415,0.481,0.857,0.024,5,0.288,1,0
277,Ben McLemore,27,2TM,SG,53,5,905,7.1,19.3,0.37,5.1,14.8,0.346,2.0,4.5,0.447,0.503,2.1,2.8,0.736,0.8,4.5,5.3,2.1,1.2,0.5,2.2,4.7,21.5,99.0,115,,mclembe01,8.5,0.523,0.767,0.145,1.7,10.5,6.0,6.4,1.2,0.9,9.8,20.4,-0.5,0.7,0.2,0.013,-2.7,-1.2,-3.9,-0.4,21.9,0.099,0.041,0.022,0.071,0.447,0.639,0.333,0.25,0.308,0.346,0.816,0.959,0.014,4,0.236,2,0
277,Ben McLemore,27,HOU,SG,32,4,537,7.1,19.7,0.357,4.8,14.6,0.331,2.2,5.1,0.431,0.48,2.0,2.8,0.719,1.0,4.8,5.8,2.5,1.8,0.3,2.5,4.5,21.0,95.0,116,,mclembe01,8.3,0.5,0.741,0.143,2.1,11.4,6.6,7.8,1.8,0.5,10.5,21.1,-0.5,0.3,-0.2,-0.019,-3.4,-1.1,-4.5,-0.3,20.8,0.129,0.04,0.031,0.058,0.431,0.621,0.333,0.143,0.231,0.331,0.76,0.945,0.013,2,0.235,1,0
277,Ben McLemore,27,LAL,SG,21,1,368,7.3,18.6,0.39,5.6,15.1,0.368,1.7,3.6,0.481,0.539,2.1,2.8,0.762,0.5,4.0,4.5,1.5,0.4,0.8,1.9,4.9,22.2,105.0,112,,mclembe01,8.8,0.559,0.809,0.149,1.2,9.1,5.2,4.3,0.4,1.5,8.5,19.4,0.1,0.4,0.5,0.061,-1.6,-1.4,-3.0,-0.1,23.0,0.05,0.043,0.007,0.092,0.481,0.714,0.333,1.0,0.385,0.368,0.923,0.976,0.014,2,0.237,1,0
278,Kira Lewis Jr.,19,NOP,PG,54,0,904,6.9,17.9,0.386,2.1,6.4,0.333,4.8,11.5,0.415,0.445,2.3,2.7,0.843,0.6,3.1,3.8,6.6,2.0,0.5,1.8,4.7,18.2,106.0,115,,lewiski01,10.3,0.477,0.356,0.151,1.4,7.1,4.3,18.7,2.0,1.0,8.6,18.3,0.2,0.6,0.9,0.045,-3.2,-0.2,-3.4,-0.3,12.7,0.267,0.252,0.089,0.036,0.415,0.611,0.318,0.2,0.167,0.333,0.378,0.8,0.012,4,0.183,1,0
279,Jalen McDaniels,23,CHO,SF,47,18,904,7.2,15.3,0.468,1.9,5.7,0.333,5.3,9.7,0.547,0.53,2.4,3.5,0.703,2.4,6.7,9.1,2.9,1.5,1.0,2.4,5.1,18.7,107.0,113,,mcdanja01,11.4,0.554,0.37,0.225,5.3,15.1,10.1,8.6,1.5,2.1,12.6,17.0,0.3,0.9,1.2,0.062,-2.8,-0.4,-3.2,-0.3,11.6,0.338,0.239,0.042,0.011,0.547,0.688,0.382,0.333,0.667,0.333,0.633,1.0,0.099,24,0.514,1,0
280,Juancho Hernangómez,25,MIN,PF,52,6,900,6.8,15.7,0.435,2.9,8.8,0.327,3.9,6.9,0.573,0.527,3.1,5.1,0.619,2.4,8.4,10.8,1.8,1.0,0.4,1.4,2.7,19.7,111.0,117,,hernaju01,12.1,0.549,0.562,0.324,5.2,20.0,12.3,5.6,1.0,0.7,7.3,17.2,0.6,0.5,1.1,0.06,-1.1,-1.8,-2.9,-0.2,15.2,0.334,0.097,0.007,0.0,0.573,0.69,0.207,0.0,,0.327,0.747,0.982,0.047,12,0.226,0,0
281,R.J. Hampton,19,2TM,SG,51,1,888,7.5,17.2,0.435,1.5,4.8,0.31,6.0,12.4,0.482,0.478,3.0,4.5,0.671,1.6,8.3,9.8,4.8,1.2,0.6,2.9,3.4,19.5,100.0,115,,hamptrj01,11.1,0.507,0.278,0.262,3.4,18.4,10.7,15.2,1.2,1.0,13.2,19.6,-0.3,0.7,0.4,0.021,-2.6,-1.2,-3.8,-0.4,12.3,0.246,0.272,0.118,0.086,0.482,0.662,0.376,0.378,0.444,0.31,0.358,0.926,0.045,11,0.253,1,0
281,R.J. Hampton,19,DEN,SG,25,0,233,5.3,12.7,0.417,1.1,3.8,0.278,4.2,8.9,0.476,0.458,1.9,2.5,0.75,2.1,8.5,10.6,3.0,1.1,0.4,2.3,4.7,13.6,100.0,113,,hamptrj01,7.7,0.49,0.3,0.2,4.9,19.4,12.2,7.7,1.1,0.8,14.4,14.3,-0.1,0.2,0.1,0.03,-4.4,-0.9,-5.3,-0.2,12.3,0.25,0.283,0.15,0.017,0.476,0.533,0.353,0.556,1.0,0.278,0.35,1.0,0.05,3,0.333,1,0
281,R.J. Hampton,19,ORL,SG,26,1,655,8.2,18.8,0.439,1.6,5.1,0.319,6.6,13.7,0.484,0.482,3.4,5.2,0.657,1.4,8.2,9.6,5.4,1.2,0.6,3.1,2.9,21.5,100.0,115,,hamptrj01,12.3,0.511,0.273,0.277,2.9,18.0,10.2,17.8,1.2,1.1,12.9,21.5,-0.2,0.5,0.2,0.018,-2.0,-1.3,-3.3,-0.2,12.3,0.245,0.269,0.111,0.103,0.484,0.694,0.382,0.321,0.423,0.319,0.36,0.909,0.043,8,0.232,0,0
282,Jusuf Nurkić,26,POR,C,37,37,880,9.5,18.5,0.514,0.7,1.7,0.4,8.8,16.8,0.525,0.532,3.9,6.3,0.619,4.8,13.6,18.4,6.9,2.1,2.2,4.0,5.7,23.5,113.0,109,,nurkiju01,20.5,0.554,0.09,0.339,10.2,30.7,20.2,21.4,2.1,4.0,16.0,22.3,1.2,1.2,2.4,0.133,0.7,1.8,2.5,1.0,5.7,0.565,0.27,0.042,0.033,0.525,0.596,0.433,0.5,0.091,0.4,0.711,0.917,0.093,28,0.0,1,0
283,Malik Monk,22,CHO,SG,42,0,878,9.6,22.2,0.434,4.7,11.8,0.401,4.9,10.4,0.471,0.54,3.3,4.0,0.819,0.8,4.8,5.6,4.8,1.1,0.2,3.1,2.6,27.3,108.0,116,,monkma01,13.6,0.569,0.531,0.18,1.7,10.9,6.2,15.7,1.1,0.5,11.3,23.8,0.5,0.5,1.0,0.054,0.2,-2.0,-1.8,0.0,16.8,0.228,0.125,0.065,0.05,0.471,0.582,0.4,0.231,0.45,0.401,0.432,0.8,0.023,8,0.156,0,0
284,Dario Šarić,26,PHO,C,50,4,871,8.7,19.4,0.447,2.7,7.7,0.348,6.0,11.7,0.512,0.516,4.8,5.6,0.848,2.6,8.2,10.8,3.7,1.7,0.2,3.2,5.4,24.8,109.0,111,,saricda01,14.3,0.567,0.395,0.289,6.1,18.4,12.4,10.4,1.7,0.4,12.9,22.6,0.7,1.0,1.7,0.093,-1.4,-0.6,-2.0,0.0,13.5,0.269,0.228,0.073,0.035,0.512,0.674,0.359,0.52,0.25,0.348,0.736,1.0,0.0,0,0.119,0,0
285,Sekou Doumbouya,20,DET,PF,56,11,869,6.0,15.9,0.379,1.5,6.5,0.226,4.6,9.4,0.485,0.426,2.5,3.6,0.703,2.2,5.9,8.1,2.7,1.4,0.5,2.5,5.3,16.1,93.0,114,,doumbse01,6.9,0.459,0.408,0.227,4.9,13.5,9.2,8.0,1.4,0.9,12.4,17.8,-0.9,0.7,-0.2,-0.012,-5.4,-1.3,-6.7,-1.0,12.3,0.376,0.167,0.039,0.011,0.485,0.642,0.277,0.0,0.0,0.226,0.667,1.0,0.082,19,0.304,0,0
286,Edmond Sumner,25,IND,SG,53,24,861,8.1,15.5,0.525,1.9,4.8,0.398,6.2,10.7,0.582,0.587,3.7,4.6,0.819,1.0,4.2,5.2,2.7,1.8,0.5,2.8,4.8,21.9,112.0,115,,sumneed01,12.7,0.626,0.312,0.294,2.3,9.5,5.9,7.9,1.8,0.9,13.8,18.3,0.7,0.7,1.4,0.077,-2.3,-0.5,-2.8,-0.2,10.4,0.443,0.195,0.035,0.014,0.582,0.712,0.364,0.4,0.0,0.398,0.69,0.943,0.064,18,0.386,1,0
287,Mitchell Robinson,22,NYK,C,31,29,853,6.7,10.3,0.653,0.0,0.0,,6.7,10.3,0.653,0.653,1.5,3.1,0.491,6.6,8.2,14.8,1.0,2.1,2.6,1.5,5.0,15.0,131.0,104,,robinmi01,17.7,0.642,0.0,0.301,14.5,17.5,16.0,2.9,2.1,5.0,11.5,11.8,1.8,1.7,3.4,0.192,-0.3,1.5,1.2,0.7,1.3,0.909,0.091,0.0,0.0,0.653,0.688,0.313,,,,0.626,,0.528,84,,0,0
288,Mike Scott,32,PHI,PF,51,12,852,4.3,11.9,0.36,3.0,8.8,0.342,1.3,3.2,0.411,0.486,0.5,0.7,0.667,0.6,6.2,6.8,2.3,1.4,0.8,1.1,4.1,12.1,101.0,110,,scottmi01,6.8,0.492,0.735,0.057,1.4,13.8,7.8,6.1,1.4,1.5,8.1,11.9,-0.1,1.1,1.0,0.058,-3.2,0.3,-2.8,-0.2,21.0,0.085,0.076,0.052,0.052,0.411,0.5,0.5,0.273,0.273,0.342,0.739,1.0,0.009,1,0.277,0,0
289,Cody Martin,25,CHO,SF,52,10,849,4.8,10.8,0.441,0.9,3.3,0.276,3.9,7.5,0.515,0.484,1.4,2.5,0.581,3.0,6.3,9.3,4.9,2.1,0.7,2.3,3.0,11.9,107.0,113,,martico01,10.6,0.5,0.309,0.229,6.5,14.1,10.3,13.9,2.1,1.4,16.2,12.5,0.2,0.9,1.1,0.061,-2.7,0.7,-2.0,0.0,11.2,0.436,0.117,0.074,0.064,0.515,0.561,0.636,0.214,0.333,0.276,0.597,0.875,0.085,15,0.586,1,0
290,Willy Hernangómez,26,NOP,C,47,12,846,8.6,15.2,0.563,0.1,0.6,0.1,8.5,14.6,0.581,0.565,3.5,5.3,0.667,6.6,12.3,18.9,2.8,1.2,1.3,1.9,3.9,20.7,125.0,111,,hernawi01,19.6,0.591,0.037,0.347,15.0,27.8,21.4,8.5,1.2,2.6,9.9,17.0,1.9,1.0,2.9,0.163,1.0,-1.0,0.0,0.4,4.1,0.642,0.246,0.063,0.011,0.581,0.634,0.5,0.412,0.333,0.1,0.667,1.0,0.123,27,0.3,0,0
291,Austin Rivers,28,2TM,SG,36,7,845,6.1,14.4,0.424,3.2,8.8,0.369,2.9,5.7,0.51,0.537,1.3,1.8,0.71,0.5,4.4,4.8,4.8,1.8,0.1,2.1,3.8,16.8,109.0,112,,riverau01,9.9,0.551,0.608,0.127,1.1,9.6,5.4,13.2,1.8,0.2,12.2,15.4,0.4,0.9,1.3,0.072,-2.2,0.3,-1.9,0.0,17.6,0.171,0.163,0.049,0.008,0.51,0.714,0.3,0.5,0.5,0.369,0.286,0.764,0.0,0,0.208,1,0
291,Austin Rivers,28,NYK,SG,21,2,442,6.6,15.3,0.43,3.2,8.7,0.364,3.4,6.6,0.517,0.533,1.1,1.6,0.714,0.6,4.8,5.3,4.8,1.4,0.0,2.5,3.6,17.4,105.0,112,,riverau01,9.5,0.545,0.57,0.104,1.2,10.2,5.8,13.9,1.4,0.0,13.5,16.5,0.1,0.5,0.6,0.063,-2.4,0.2,-2.2,0.0,17.0,0.178,0.185,0.059,0.007,0.517,0.708,0.28,0.625,1.0,0.364,0.3,0.643,0.0,0,0.195,1,0
291,Austin Rivers,28,DEN,SG,15,5,403,5.6,13.5,0.418,3.3,8.8,0.375,2.3,4.7,0.5,0.541,1.5,2.1,0.706,0.4,3.9,4.3,4.8,2.2,0.2,1.7,3.9,16.1,113.0,113,,riverau01,10.3,0.558,0.655,0.155,0.8,9.0,4.9,12.5,2.2,0.5,10.6,14.2,0.3,0.4,0.7,0.081,-2.1,0.4,-1.7,0.0,18.1,0.164,0.136,0.036,0.009,0.5,0.722,0.333,0.25,0.0,0.375,0.263,0.889,0.0,0,0.222,0,0
292,Trevor Ariza,35,MIA,SF,30,27,841,5.8,14.2,0.411,3.0,8.4,0.35,2.9,5.8,0.5,0.515,2.0,2.6,0.773,1.6,6.9,8.5,3.2,1.8,1.1,1.2,3.2,16.7,111.0,111,,arizatr01,11.9,0.542,0.593,0.183,3.7,15.6,9.8,9.4,1.8,2.2,7.5,15.1,0.5,1.0,1.6,0.091,-1.2,0.1,-1.1,0.2,16.1,0.286,0.095,0.008,0.017,0.5,0.609,0.261,0.0,0.25,0.35,0.776,0.94,0.041,9,0.413,1,0
293,Chasson Randle,27,ORL,PG,41,5,837,5.3,13.8,0.388,2.6,7.6,0.338,2.8,6.2,0.449,0.481,2.2,2.8,0.792,0.4,4.4,4.8,4.3,1.3,0.3,2.7,3.7,15.5,98.0,117,,randlch01,7.4,0.515,0.549,0.203,0.8,9.6,5.1,12.9,1.3,0.5,15.1,15.7,-0.4,0.4,0.0,-0.001,-4.8,-1.1,-5.9,-0.8,17.5,0.203,0.131,0.051,0.068,0.449,0.708,0.258,0.167,0.25,0.338,0.271,0.682,0.0,0,0.138,2,0
294,James Wiseman,19,GSW,C,39,27,836,10.7,20.7,0.519,0.7,2.1,0.316,10.1,18.5,0.542,0.535,3.0,4.8,0.628,3.1,9.6,12.7,1.5,0.6,2.0,3.4,6.8,25.2,100.0,109,,wisemja01,13.1,0.552,0.103,0.234,7.1,21.5,14.4,4.9,0.6,3.8,12.9,23.8,-0.4,1.2,0.7,0.042,-4.0,-1.0,-5.0,-0.6,9.0,0.356,0.285,0.101,0.155,0.542,0.794,0.419,0.243,0.386,0.316,0.827,0.833,0.258,84,0.079,0,0
295,Kevin Porter Jr.,20,HOU,SG,26,23,835,8.8,20.8,0.425,2.8,9.1,0.311,6.0,11.7,0.515,0.493,3.9,5.3,0.734,1.1,4.5,5.6,9.3,1.1,0.5,5.2,3.5,24.4,101.0,118,,porteke02,12.5,0.528,0.439,0.256,2.4,10.5,6.3,31.2,1.1,0.9,18.2,25.4,-0.3,0.3,0.0,0.0,-1.1,-2.4,-3.5,-0.3,15.3,0.21,0.18,0.095,0.076,0.515,0.74,0.364,0.4,0.393,0.311,0.179,0.4,0.052,18,0.137,0,0
296,Patrick Beverley,32,LAC,PG,37,34,832,5.5,13.1,0.423,3.3,8.4,0.397,2.2,4.7,0.468,0.55,2.1,2.7,0.8,1.7,5.4,7.1,4.5,1.7,1.7,2.0,6.4,16.5,118.0,110,,beverpa01,12.0,0.58,0.641,0.205,4.0,11.8,8.0,12.0,1.7,3.0,12.4,14.6,1.0,1.0,2.1,0.119,-0.7,1.4,0.7,0.6,18.2,0.173,0.132,0.032,0.023,0.468,0.5,0.483,0.286,0.4,0.397,0.378,0.929,0.0,0,0.291,0,0
297,Caleb Martin,25,CHO,SF,53,3,818,5.7,15.3,0.375,1.9,7.5,0.248,3.9,7.8,0.496,0.436,2.4,3.8,0.641,1.9,6.6,8.4,4.0,2.2,0.7,2.0,3.7,15.8,99.0,112,,martica02,9.5,0.465,0.488,0.25,4.0,14.8,9.3,11.5,2.2,1.5,10.4,16.7,-0.4,0.9,0.5,0.03,-3.6,0.2,-3.4,-0.3,16.0,0.285,0.094,0.012,0.121,0.496,0.575,0.375,0.333,0.419,0.248,0.6,0.871,0.039,7,0.248,1,0
298,Torrey Craig,30,2TM,SF,50,8,803,6.6,13.8,0.48,2.4,6.4,0.368,4.2,7.3,0.579,0.566,1.0,1.3,0.773,3.5,8.5,12.0,3.0,1.7,1.6,1.5,5.0,16.6,120.0,109,,craigto01,14.2,0.579,0.467,0.097,8.1,19.1,13.7,7.9,1.7,2.9,9.6,14.3,1.1,1.1,2.2,0.133,-0.3,0.7,0.4,0.5,14.5,0.304,0.137,0.048,0.044,0.579,0.783,0.194,0.727,0.2,0.368,0.571,0.974,0.066,14,0.321,0,0
298,Torrey Craig,30,MIL,SF,18,0,201,4.2,10.7,0.391,1.9,5.1,0.364,2.3,5.6,0.417,0.478,0.2,0.5,0.5,3.0,7.0,10.0,3.7,2.1,1.6,1.2,5.6,10.5,113.0,109,,craigto01,10.3,0.48,0.478,0.043,7.1,15.1,11.2,9.5,2.1,3.1,9.6,10.8,0.1,0.3,0.4,0.097,-2.2,1.6,-0.6,0.1,14.8,0.217,0.239,0.022,0.043,0.417,0.8,0.091,1.0,0.0,0.364,0.8,1.0,0.087,4,0.273,0,0
298,Torrey Craig,30,PHO,SF,32,8,602,7.5,14.8,0.503,2.5,6.9,0.369,4.9,8.0,0.619,0.588,1.3,1.6,0.8,3.6,9.0,12.6,2.7,1.6,1.6,1.6,4.8,18.8,121.0,109,,craigto01,15.5,0.603,0.464,0.11,8.4,20.4,14.5,7.4,1.6,2.8,9.5,15.5,1.0,0.8,1.8,0.145,0.4,0.4,0.8,0.4,14.3,0.326,0.11,0.055,0.044,0.619,0.78,0.25,0.7,0.25,0.369,0.533,0.968,0.061,10,0.333,0,0
299,Michael Carter-Williams,29,ORL,SG,31,25,800,6.4,16.4,0.389,0.9,3.7,0.246,5.5,12.7,0.431,0.417,3.0,4.9,0.613,2.4,6.1,8.5,7.8,1.5,1.0,4.2,4.9,16.7,93.0,115,,cartemi01,9.5,0.449,0.226,0.296,4.9,13.4,9.0,24.3,1.5,1.9,18.4,20.2,-1.1,0.6,-0.5,-0.028,-4.6,-0.2,-4.8,-0.6,10.3,0.304,0.307,0.104,0.059,0.431,0.622,0.337,0.25,0.25,0.246,0.344,0.867,0.03,7,0.197,0,0
300,Daniel Gafford,22,2TM,C,54,11,791,9.2,13.4,0.684,0.0,0.0,,9.2,13.4,0.684,0.684,4.3,6.4,0.667,5.6,8.2,13.8,1.7,1.6,4.5,2.4,5.9,22.7,131.0,107,,gaffoda01,22.2,0.697,0.0,0.48,12.9,18.6,15.8,5.3,1.5,8.1,13.1,16.7,2.1,1.3,3.5,0.209,0.6,1.6,2.2,0.8,3.2,0.573,0.382,0.027,0.018,0.684,0.791,0.57,0.333,0.25,,0.714,,0.338,71,,0,0
300,Daniel Gafford,22,CHI,C,31,11,383,7.6,11.0,0.69,0.0,0.0,,7.6,11.0,0.69,0.69,3.4,5.2,0.659,5.6,7.5,13.0,2.2,1.4,4.3,2.8,6.8,18.6,128.0,107,,gaffoda01,18.8,0.7,0.0,0.471,12.9,16.9,14.9,6.2,1.4,7.7,17.3,14.4,0.8,0.6,1.5,0.182,-1.4,1.6,0.2,0.2,3.2,0.644,0.264,0.046,0.046,0.69,0.786,0.565,0.5,0.25,,0.65,,0.368,29,,0,0
300,Daniel Gafford,22,WAS,C,23,0,408,10.6,15.6,0.681,0.0,0.0,,10.6,15.6,0.681,0.681,5.1,7.6,0.672,5.7,8.8,14.5,1.4,1.7,4.6,2.1,5.0,26.3,133.0,106,,gaffoda01,25.4,0.696,0.0,0.486,13.0,20.2,16.6,4.4,1.7,8.4,10.2,18.9,1.3,0.7,2.0,0.235,2.5,1.6,4.0,0.6,3.3,0.529,0.457,0.014,0.0,0.681,0.795,0.571,0.0,,,0.755,,0.319,42,,0,0
301,Eric Gordon,32,HOU,SG,27,13,789,9.5,22.0,0.433,4.1,12.6,0.329,5.4,9.4,0.573,0.527,5.6,6.8,0.825,0.5,3.0,3.5,4.3,0.8,0.8,3.1,2.6,28.9,108.0,119,,gordoer01,14.4,0.577,0.572,0.311,1.0,7.1,3.9,14.6,0.8,1.5,10.9,25.2,0.6,0.2,0.8,0.048,0.7,-1.7,-1.0,0.2,17.1,0.248,0.153,0.022,0.005,0.573,0.747,0.357,0.25,0.0,0.329,0.311,0.754,0.005,2,0.048,0,0
302,Ty Jerome,23,OKC,SG,33,1,788,7.7,17.3,0.446,4.3,10.1,0.423,3.4,7.2,0.479,0.57,1.6,2.1,0.765,0.6,4.9,5.5,7.2,1.2,0.4,2.8,3.7,21.3,113.0,116,,jeromty01,13.4,0.585,0.585,0.118,1.3,10.8,6.0,23.7,1.2,0.7,13.5,18.8,0.9,0.4,1.3,0.079,0.1,-0.8,-0.7,0.3,18.9,0.059,0.226,0.087,0.042,0.479,0.647,0.508,0.48,0.083,0.423,0.228,0.817,0.0,0,0.155,2,0
303,Al Horford,34,OKC,C,28,28,782,9.8,21.9,0.45,3.4,9.2,0.368,6.4,12.6,0.51,0.528,1.1,1.3,0.818,1.8,9.7,11.4,5.7,1.5,1.6,1.8,2.9,24.2,111.0,112,,horfoal01,17.4,0.538,0.422,0.061,3.8,21.4,12.5,20.1,1.5,2.9,7.3,21.6,0.8,0.9,1.6,0.101,2.0,1.4,3.4,1.1,15.2,0.169,0.225,0.1,0.083,0.51,0.672,0.444,0.444,0.433,0.368,0.566,0.929,0.031,9,0.118,0,0
304,Saben Lee,21,DET,PG,48,7,781,6.2,13.2,0.471,0.5,1.4,0.348,5.7,11.7,0.487,0.49,3.8,5.6,0.685,1.3,4.8,6.1,10.9,2.0,0.8,3.5,4.8,16.8,112.0,113,,leesa01,13.8,0.536,0.11,0.424,2.8,11.1,6.9,33.2,2.0,1.5,18.1,17.0,0.7,0.8,1.5,0.091,-2.1,0.2,-2.0,0.0,6.9,0.386,0.429,0.062,0.014,0.487,0.617,0.378,0.462,0.333,0.348,0.352,1.0,0.043,5,0.348,0,0
305,Maurice Harkless,27,2TM,SF,37,23,772,4.3,10.3,0.418,1.4,5.3,0.274,2.9,5.1,0.568,0.488,2.1,2.7,0.767,0.8,4.8,5.6,2.8,1.9,1.3,1.4,5.4,12.1,106.0,116,,harklma01,8.1,0.527,0.509,0.261,1.9,11.1,6.4,7.3,1.9,2.3,10.7,11.5,0.2,0.4,0.6,0.038,-3.8,0.1,-3.7,-0.3,17.6,0.321,0.109,0.012,0.048,0.568,0.66,0.333,0.5,0.5,0.274,0.717,0.913,0.139,18,0.429,0,0
305,Maurice Harkless,27,MIA,SF,11,3,124,2.0,5.2,0.385,2.0,4.4,0.455,0.0,0.8,0.0,0.577,0.0,0.8,0.0,0.8,4.4,5.2,2.8,0.8,1.6,1.2,5.6,6.0,105.0,114,,harklma01,4.6,0.54,0.846,0.154,1.9,10.0,6.0,7.3,0.8,3.4,17.8,6.1,0.0,0.1,0.1,0.046,-3.5,0.7,-2.8,0.0,21.0,0.154,0.0,0.0,0.0,0.0,0.0,,,,0.455,,1.0,0.077,0,0.545,0,0
305,Maurice Harkless,27,SAC,PF,26,20,648,4.7,11.3,0.421,1.3,5.4,0.247,3.4,5.9,0.582,0.48,2.4,3.0,0.805,0.8,4.8,5.6,2.7,2.1,1.2,1.4,5.3,13.3,107.0,117,,harklma01,8.8,0.526,0.48,0.27,1.9,11.3,6.5,7.3,2.1,2.1,10.1,12.6,0.1,0.3,0.5,0.036,-3.8,0.0,-3.8,-0.3,14.3,0.336,0.118,0.013,0.053,0.582,0.686,0.333,0.5,0.5,0.247,0.717,0.889,0.145,18,0.411,0,0
306,Rajon Rondo,34,2TM,PG,45,3,770,6.1,13.8,0.442,2.3,5.7,0.404,3.8,8.1,0.468,0.526,1.0,1.1,0.941,1.2,5.9,7.0,12.8,2.4,0.3,5.1,3.4,15.5,108.0,112,,rondora01,13.2,0.544,0.414,0.079,2.7,12.9,7.9,35.3,2.4,0.5,26.2,17.2,0.5,0.8,1.3,0.081,-0.5,0.3,-0.2,0.4,13.5,0.326,0.195,0.023,0.042,0.468,0.6,0.262,0.4,0.444,0.404,0.136,0.639,0.0,0,0.112,0,0
306,Rajon Rondo,34,ATL,PG,27,2,402,5.4,13.5,0.4,2.1,5.5,0.378,3.3,8.0,0.415,0.477,0.1,0.2,0.5,0.5,6.2,6.7,11.6,2.3,0.2,4.8,3.1,13.0,98.0,113,,rondora01,9.9,0.478,0.409,0.018,1.1,13.6,7.5,32.2,2.3,0.4,26.0,16.2,-0.2,0.4,0.2,0.019,-2.8,0.3,-2.5,0.0,13.4,0.327,0.182,0.036,0.045,0.415,0.611,0.1,0.25,0.4,0.378,0.148,0.588,0.0,0,0.133,0,0
306,Rajon Rondo,34,LAC,PG,18,1,368,6.9,14.1,0.486,2.6,5.9,0.432,4.3,8.2,0.525,0.576,2.0,2.0,1.0,1.9,5.5,7.4,14.0,2.4,0.3,5.4,3.8,18.3,118.0,111,,rondora01,16.8,0.609,0.419,0.143,4.4,12.2,8.4,38.6,2.4,0.5,26.4,18.2,0.7,0.4,1.1,0.148,2.0,0.4,2.3,0.4,13.5,0.324,0.21,0.01,0.038,0.525,0.588,0.409,1.0,0.5,0.432,0.125,0.684,0.0,0,0.091,0,0
307,Mychal Mulder,26,GSW,PG,60,6,766,7.3,16.2,0.449,5.2,13.1,0.397,2.1,3.1,0.667,0.609,0.9,1.3,0.636,0.5,3.2,3.7,1.6,0.7,0.7,1.0,3.4,20.7,113.0,115,,muldemy01,10.8,0.613,0.808,0.083,1.1,7.1,4.2,4.8,0.7,1.4,5.5,16.2,0.6,0.6,1.2,0.075,-0.6,-1.2,-1.8,0.0,21.0,0.147,0.034,0.004,0.008,0.667,0.795,0.333,0.0,0.0,0.397,0.912,1.0,0.057,14,0.322,0,0
308,Jeremy Lamb,28,IND,SG,36,8,765,7.4,17.1,0.435,3.2,7.9,0.406,4.2,9.1,0.459,0.529,4.4,4.6,0.947,1.5,6.5,8.1,3.3,2.1,1.4,1.4,4.4,22.4,119.0,111,,lambje01,15.8,0.587,0.464,0.272,3.6,14.9,9.3,9.4,2.1,2.4,6.6,18.4,1.2,0.9,2.1,0.132,0.7,0.7,1.4,0.7,16.4,0.181,0.159,0.149,0.047,0.459,0.58,0.364,0.488,0.231,0.406,0.529,0.827,0.0,0,0.094,1,0
309,Jaylen Nowell,21,MIN,SG,42,0,759,8.8,20.8,0.424,3.1,9.3,0.333,5.7,11.5,0.497,0.499,2.8,3.4,0.818,1.2,4.7,5.9,3.9,1.4,0.7,1.7,4.5,23.6,107.0,117,,nowelja01,12.3,0.528,0.448,0.164,2.6,11.3,6.8,12.5,1.4,1.4,7.2,21.4,0.3,0.4,0.7,0.044,-1.5,-1.4,-2.8,-0.2,15.9,0.176,0.179,0.125,0.072,0.497,0.559,0.383,0.619,0.417,0.333,0.446,0.8,0.015,5,0.193,1,0
310,Drew Eubanks,23,SAS,C,54,3,755,7.5,13.2,0.566,0.1,0.1,1.0,7.3,13.0,0.562,0.571,4.9,6.8,0.726,4.8,10.7,15.5,2.7,1.2,3.1,2.9,5.7,20.0,118.0,109,,eubandr01,17.9,0.618,0.01,0.517,10.2,24.0,17.0,7.9,1.2,5.5,15.2,17.1,1.2,1.1,2.3,0.145,-1.0,1.0,0.0,0.4,4.6,0.527,0.371,0.034,0.059,0.562,0.667,0.408,0.429,0.667,1.0,0.772,1.0,0.2,37,1.0,0,0
311,Cam Reddish,21,ATL,SF,26,21,750,6.3,17.3,0.365,2.2,8.3,0.262,4.1,9.0,0.46,0.428,4.4,5.4,0.817,1.4,5.4,6.8,2.3,2.2,0.6,2.2,4.5,19.2,100.0,113,,reddica01,9.3,0.488,0.479,0.312,3.3,11.7,7.6,6.5,2.2,1.1,10.2,19.3,-0.3,0.7,0.4,0.026,-3.3,0.1,-3.2,-0.2,15.1,0.243,0.16,0.068,0.049,0.46,0.656,0.262,0.278,0.385,0.262,0.603,0.939,0.053,11,0.27,2,0
312,Frank Jackson,22,DET,PG,40,6,738,8.9,19.5,0.457,4.1,10.0,0.407,4.9,9.5,0.51,0.561,4.1,5.0,0.813,1.0,4.7,5.7,2.4,1.0,0.1,2.3,3.5,25.9,112.0,116,,jacksfr01,13.2,0.598,0.512,0.256,2.2,10.8,6.5,7.9,1.0,0.1,9.4,21.3,0.7,0.4,1.2,0.076,-0.1,-1.6,-1.7,0.1,16.4,0.133,0.208,0.109,0.038,0.51,0.59,0.541,0.406,0.364,0.407,0.548,0.984,0.02,4,0.42,0,0
313,Precious Achiuwa,21,MIA,PF,61,4,737,8.4,15.4,0.544,0.0,0.1,0.0,8.4,15.3,0.546,0.544,3.8,7.4,0.509,4.9,9.1,14.0,2.0,1.3,1.9,2.9,6.1,20.5,107.0,109,,achiupr01,14.2,0.55,0.004,0.482,11.5,20.6,16.1,6.1,1.3,4.0,13.5,19.5,0.3,1.0,1.3,0.085,-3.6,-0.5,-4.1,-0.4,3.3,0.667,0.263,0.039,0.026,0.546,0.645,0.367,0.333,0.167,0.0,0.734,,0.259,48,0.0,0,0
314,Mo Bamba,22,ORL,C,46,5,725,9.5,20.2,0.472,2.6,7.9,0.322,7.0,12.3,0.568,0.535,3.0,4.4,0.682,5.1,12.7,17.8,2.3,0.9,3.9,2.4,5.8,24.6,111.0,109,,bambamo01,19.3,0.556,0.392,0.219,10.5,28.0,19.0,8.1,0.9,7.3,9.8,21.8,0.7,1.1,1.8,0.117,0.2,0.0,0.1,0.4,13.6,0.306,0.166,0.063,0.073,0.568,0.728,0.46,0.263,0.409,0.322,0.577,1.0,0.15,38,0.102,0,0
315,Yuta Watanabe,26,TOR,SF,50,4,723,5.3,12.0,0.439,2.4,6.0,0.4,2.9,6.0,0.478,0.539,1.6,1.9,0.828,2.4,8.2,10.6,2.7,1.7,1.3,1.3,3.8,14.6,117.0,111,,watanyu01,12.2,0.565,0.5,0.161,5.3,19.4,12.1,7.7,1.7,2.6,9.0,12.7,0.7,0.8,1.5,0.102,-1.1,0.5,-0.7,0.2,15.1,0.217,0.178,0.1,0.006,0.478,0.667,0.375,0.222,1.0,0.4,0.651,0.972,0.078,13,0.456,0,0
316,JJ Redick,36,2TM,SG,44,0,723,7.1,17.8,0.397,4.4,11.9,0.371,2.7,5.9,0.449,0.521,3.3,3.5,0.942,0.3,4.0,4.3,3.4,0.7,0.2,2.4,3.3,21.8,109.0,118,,redicjj01,9.9,0.564,0.667,0.195,0.6,9.0,4.8,9.7,0.7,0.4,11.0,19.2,0.4,0.3,0.7,0.045,-1.4,-2.1,-3.5,-0.3,22.4,0.022,0.007,0.082,0.221,0.449,0.667,0.5,0.409,0.441,0.371,0.775,0.939,0.0,0,0.18,0,0
316,JJ Redick,36,NOP,SG,31,0,576,7.2,17.8,0.407,4.2,11.7,0.364,3.0,6.2,0.486,0.526,3.7,3.9,0.957,0.2,4.1,4.3,3.3,0.7,0.2,2.1,3.1,22.5,113.0,118,,redicjj01,10.9,0.575,0.654,0.22,0.6,9.2,4.9,9.6,0.7,0.3,9.6,19.0,0.6,0.2,0.8,0.065,-0.8,-2.0,-2.8,-0.1,22.3,0.019,0.005,0.093,0.229,0.486,0.75,0.0,0.45,0.49,0.364,0.806,0.922,0.0,0,0.207,0,0
316,JJ Redick,36,DAL,SG,13,0,147,6.4,17.8,0.358,5.0,12.7,0.395,1.3,5.0,0.267,0.5,1.3,1.7,0.8,0.3,3.7,4.0,3.7,0.7,0.3,3.7,4.4,19.1,93.0,117,,redicjj01,5.9,0.516,0.717,0.094,0.8,8.2,4.5,10.3,0.7,0.6,16.6,19.9,-0.2,0.1,-0.1,-0.031,-3.4,-2.6,-6.0,-0.1,22.5,0.038,0.019,0.038,0.189,0.267,0.5,1.0,0.0,0.2,0.395,0.5,1.0,0.0,0,0.079,0,0
317,Moritz Wagner,23,3TM,C,45,24,722,6.8,15.0,0.454,2.0,6.0,0.341,4.8,9.0,0.529,0.522,4.7,5.7,0.816,1.8,7.8,9.6,3.3,1.7,1.2,2.8,7.1,20.3,110.0,112,,wagnemo01,12.5,0.58,0.397,0.38,3.9,17.7,10.7,9.7,1.7,2.2,13.9,18.1,0.5,0.8,1.2,0.082,-2.7,0.2,-2.6,-0.1,12.5,0.306,0.271,0.009,0.017,0.529,0.643,0.419,0.0,0.5,0.341,0.863,0.968,0.105,22,0.187,0,0
317,Moritz Wagner,23,WAS,C,25,13,375,7.6,15.0,0.508,1.6,5.2,0.31,6.0,9.8,0.613,0.561,5.0,6.4,0.788,1.6,7.4,9.0,3.9,2.7,1.0,2.6,7.6,21.9,117.0,109,,wagnemo01,15.4,0.614,0.344,0.426,3.7,16.9,10.3,11.7,2.7,1.8,12.7,18.3,0.5,0.5,1.0,0.134,-1.5,1.3,-0.1,0.2,11.8,0.303,0.311,0.016,0.025,0.613,0.73,0.526,0.0,0.667,0.31,0.918,0.923,0.148,17,0.19,0,0
317,Moritz Wagner,23,BOS,C,9,1,61,3.2,11.2,0.286,1.6,4.8,0.333,1.6,6.4,0.25,0.357,0.8,1.6,0.5,2.4,12.8,15.2,4.8,0.0,0.8,7.2,8.0,8.8,66.0,113,,wagnemo01,-1.0,0.37,0.429,0.143,5.4,29.4,17.3,12.4,0.0,1.5,37.7,16.9,-0.2,0.1,-0.2,-0.146,-10.0,-0.3,-10.3,-0.1,11.9,0.357,0.214,0.0,0.0,0.25,0.0,0.667,,,0.333,1.0,1.0,0.071,0,0.167,0,0
317,Moritz Wagner,23,ORL,C,11,10,286,6.5,15.8,0.409,2.7,7.3,0.372,3.7,8.5,0.44,0.495,4.9,5.6,0.879,1.9,7.3,9.2,2.0,0.7,1.5,2.2,6.1,20.6,109.0,115,,wagnemo01,11.5,0.563,0.462,0.355,3.9,16.1,9.8,6.3,0.7,2.9,10.8,18.2,0.2,0.2,0.4,0.063,-2.9,-1.2,-4.0,-0.1,13.6,0.301,0.226,0.0,0.011,0.44,0.643,0.19,,0.0,0.372,0.727,1.0,0.054,5,0.186,0,0
318,Jevon Carter,25,PHO,PG,60,1,717,6.5,15.4,0.422,3.9,10.4,0.371,2.6,5.0,0.528,0.547,0.3,0.5,0.571,1.1,5.2,6.3,4.9,2.0,0.6,1.1,3.9,17.1,115.0,111,,carteje01,12.2,0.548,0.677,0.031,2.6,11.8,7.3,13.0,2.0,1.1,6.6,15.0,0.7,0.8,1.6,0.104,-0.4,0.9,0.5,0.5,21.2,0.076,0.054,0.072,0.121,0.528,0.588,0.417,0.563,0.519,0.371,0.526,0.946,0.004,1,0.252,1,0
319,Frank Kaminsky,27,PHO,C,47,13,715,8.4,17.7,0.471,2.1,5.9,0.365,6.2,11.9,0.523,0.531,2.6,4.1,0.617,2.5,10.5,13.0,5.5,1.0,1.2,1.5,4.8,21.4,117.0,110,,kaminfr01,15.8,0.547,0.331,0.233,5.8,23.7,14.9,15.3,1.0,2.1,7.2,19.0,1.1,0.9,2.0,0.133,0.4,0.8,1.3,0.6,12.2,0.276,0.276,0.07,0.047,0.523,0.676,0.451,0.444,0.167,0.365,0.767,1.0,0.035,9,0.188,0,0
320,DeMarcus Cousins,30,2TM,C,41,11,713,8.7,20.5,0.426,3.2,9.1,0.348,5.6,11.4,0.488,0.503,4.0,5.4,0.728,3.6,14.1,17.7,5.1,2.3,1.6,4.3,7.2,24.6,103.0,107,,couside01,16.4,0.537,0.443,0.266,8.0,32.7,20.0,16.3,2.3,3.0,15.8,24.5,0.0,1.2,1.2,0.079,-1.2,1.6,0.4,0.4,12.2,0.348,0.17,0.013,0.026,0.488,0.547,0.404,0.25,0.375,0.348,0.47,0.979,0.056,13,0.067,0,0
320,DeMarcus Cousins,30,HOU,C,25,11,506,7.4,19.6,0.376,3.6,10.8,0.336,3.7,8.8,0.426,0.469,4.1,5.5,0.746,2.8,15.1,17.9,5.6,2.0,1.7,3.6,6.9,22.5,102.0,108,,couside01,14.9,0.511,0.552,0.281,6.1,35.4,20.1,18.0,2.0,3.2,14.2,23.1,-0.1,0.8,0.7,0.062,-1.6,1.5,-0.1,0.2,15.6,0.3,0.129,0.01,0.01,0.426,0.476,0.333,0.5,0.0,0.336,0.475,0.974,0.048,8,0.069,0,0
320,DeMarcus Cousins,30,LAC,C,16,0,207,12.2,22.7,0.537,1.9,4.5,0.421,10.3,18.2,0.566,0.579,3.6,5.3,0.682,5.5,11.7,17.2,3.8,3.1,1.4,6.0,7.9,29.9,106.0,104,,couside01,20.3,0.597,0.2,0.232,12.9,25.9,19.6,12.4,3.1,2.6,19.3,27.7,0.1,0.4,0.5,0.119,-0.2,1.9,1.7,0.2,8.9,0.453,0.263,0.021,0.063,0.566,0.651,0.48,0.0,0.5,0.421,0.465,1.0,0.074,5,0.053,0,0
321,Naji Marshall,23,NOP,SF,32,10,700,5.6,14.3,0.392,2.0,5.7,0.349,3.6,8.6,0.421,0.462,3.6,5.1,0.707,1.0,9.1,10.1,6.0,1.8,0.7,2.6,4.0,16.9,106.0,113,,marshna01,11.4,0.508,0.397,0.359,2.3,20.6,11.5,16.5,1.8,1.4,13.6,16.8,0.2,0.7,0.9,0.061,-2.1,0.8,-1.3,0.1,13.1,0.321,0.163,0.086,0.033,0.421,0.552,0.294,0.333,0.0,0.349,0.547,0.966,0.038,6,0.482,2,0
322,Eric Paschall,24,GSW,PF,40,2,695,10.0,20.1,0.497,1.2,3.6,0.333,8.8,16.5,0.533,0.527,4.5,6.4,0.713,1.9,6.8,8.7,3.4,0.8,0.5,2.9,4.6,25.7,106.0,113,,pascher01,13.4,0.561,0.181,0.315,4.3,15.1,9.8,11.4,0.8,0.9,11.2,23.5,0.2,0.7,0.9,0.062,-1.8,-0.9,-2.7,-0.1,11.3,0.265,0.265,0.104,0.185,0.533,0.671,0.443,0.452,0.509,0.333,0.562,0.944,0.081,22,0.204,0,0
323,Tyler Johnson,28,BRK,SG,39,3,684,5.1,12.9,0.393,3.4,9.3,0.364,1.7,3.6,0.471,0.525,1.3,1.5,0.857,0.4,5.0,5.4,3.3,1.0,0.0,1.2,3.0,14.8,111.0,117,,johnsty01,8.2,0.546,0.721,0.115,1.0,10.9,6.2,8.7,1.0,0.0,8.1,13.3,0.4,0.3,0.7,0.049,-2.4,-1.0,-3.4,-0.2,21.0,0.082,0.055,0.066,0.077,0.471,0.6,0.4,0.417,0.429,0.364,0.625,0.958,0.0,0,0.311,1,0
324,Tony Bradley,23,2TM,C,42,8,684,9.2,13.8,0.665,0.0,0.2,0.0,9.2,13.6,0.675,0.665,2.7,3.8,0.691,5.9,10.8,16.7,2.6,1.0,2.1,2.3,4.3,21.0,131.0,109,,bradlto01,20.7,0.678,0.015,0.279,13.3,24.0,18.6,8.5,1.0,3.9,13.0,15.8,1.8,1.0,2.7,0.192,1.2,0.1,1.3,0.6,4.2,0.569,0.325,0.046,0.046,0.675,0.741,0.656,0.444,0.222,0.0,0.687,,0.107,20,0.333,0,0
324,Tony Bradley,23,PHI,C,20,8,287,8.6,12.6,0.68,0.0,0.2,0.0,8.6,12.4,0.689,0.68,1.2,1.8,0.636,6.6,10.9,17.5,2.9,1.0,2.2,1.0,4.7,18.3,145.0,106,,bradlto01,21.1,0.683,0.013,0.147,15.2,24.5,19.9,8.7,1.0,4.1,7.0,12.9,1.0,0.5,1.5,0.245,2.3,1.0,3.3,0.4,3.7,0.613,0.293,0.053,0.027,0.689,0.739,0.636,0.5,0.5,0.0,0.627,,0.08,6,1.0,0,0
324,Tony Bradley,23,OKC,C,22,0,397,9.6,14.6,0.656,0.0,0.2,0.0,9.6,14.4,0.667,0.656,3.7,5.3,0.705,5.5,10.7,16.2,2.4,1.1,2.0,3.2,4.0,22.9,123.0,111,,bradlto01,20.4,0.676,0.016,0.361,11.9,23.6,17.7,8.3,1.1,3.8,16.0,18.0,0.8,0.5,1.3,0.154,0.4,-0.5,-0.2,0.2,4.7,0.541,0.344,0.041,0.057,0.667,0.742,0.667,0.4,0.143,0.0,0.725,,0.123,14,0.0,0,0
325,Obi Toppin,22,NYK,PF,62,0,683,7.6,15.3,0.498,1.9,6.2,0.306,5.7,9.1,0.629,0.56,1.4,1.9,0.731,1.9,8.2,10.1,2.1,1.2,1.1,1.7,4.0,18.5,112.0,108,,toppiob01,12.7,0.574,0.407,0.124,4.2,17.6,11.0,6.4,1.2,2.1,9.4,15.9,0.5,1.0,1.5,0.109,-1.4,0.7,-0.7,0.2,12.5,0.392,0.129,0.043,0.029,0.629,0.695,0.481,0.444,0.667,0.306,0.641,0.962,0.182,34,0.412,0,0
326,David Nwaba,28,HOU,SF,30,9,679,7.4,15.2,0.486,1.2,4.4,0.27,6.2,10.8,0.574,0.525,3.3,4.7,0.691,2.8,5.4,8.2,2.2,2.1,1.5,1.2,4.2,19.2,115.0,114,,nwabada01,14.4,0.557,0.289,0.312,6.0,12.8,9.3,6.9,2.1,2.8,6.4,16.6,0.7,0.6,1.3,0.094,-1.4,0.6,-0.8,0.2,9.2,0.482,0.206,0.023,0.0,0.574,0.667,0.422,0.0,,0.27,0.562,1.0,0.06,12,0.46,0,0
327,De'Andre Hunter,23,ATL,SF,23,19,678,8.7,18.0,0.484,2.2,6.9,0.326,6.5,11.1,0.582,0.546,5.3,6.2,0.859,1.2,6.7,8.0,3.2,1.4,0.9,2.1,4.3,25.0,119.0,114,,huntede01,15.7,0.603,0.383,0.343,2.8,14.7,8.9,9.7,1.4,1.6,9.2,20.2,1.2,0.6,1.7,0.123,0.6,0.6,1.2,0.5,14.8,0.226,0.129,0.153,0.109,0.582,0.661,0.563,0.474,0.593,0.326,0.629,0.903,0.044,10,0.326,1,0
328,JaVale McGee,33,2TM,C,46,2,678,10.5,20.5,0.511,0.4,1.7,0.208,10.1,18.8,0.539,0.52,3.2,4.9,0.657,5.6,11.8,17.4,2.8,1.4,3.9,4.4,8.8,24.5,102.0,107,,mcgeeja01,17.0,0.541,0.085,0.238,12.6,27.3,19.8,9.7,1.4,7.3,16.2,23.9,-0.1,1.1,1.0,0.068,-3.3,0.8,-2.5,-0.1,6.5,0.433,0.379,0.085,0.018,0.539,0.689,0.43,0.292,0.4,0.208,0.59,1.0,0.167,44,0.167,0,0
328,JaVale McGee,33,CLE,C,33,1,503,11.0,21.1,0.521,0.5,2.0,0.25,10.5,19.1,0.549,0.533,3.5,5.4,0.655,5.3,11.4,16.7,3.2,1.6,3.9,4.4,7.8,26.0,103.0,108,,mcgeeja01,18.4,0.554,0.093,0.256,11.7,26.5,18.9,11.4,1.6,7.1,15.8,24.6,0.0,0.8,0.8,0.074,-2.3,1.2,-1.1,0.1,6.7,0.423,0.391,0.074,0.019,0.549,0.67,0.464,0.313,0.5,0.25,0.579,1.0,0.163,33,0.2,0,0
328,JaVale McGee,33,DEN,C,13,1,175,9.0,18.9,0.478,0.0,1.1,0.0,9.0,17.8,0.508,0.478,2.3,3.4,0.667,6.5,13.0,19.5,1.7,0.8,4.0,4.2,11.6,20.3,98.0,106,,mcgeeja01,12.9,0.498,0.06,0.179,15.0,29.7,22.4,4.8,0.8,7.8,17.2,21.8,-0.1,0.3,0.2,0.05,-6.4,-0.3,-6.6,-0.2,6.2,0.463,0.343,0.119,0.015,0.508,0.742,0.304,0.25,0.0,0.0,0.625,,0.179,11,0.0,0,0
329,LaMarcus Aldridge,35,2TM,C,26,23,674,10.1,21.3,0.473,2.2,5.8,0.388,7.8,15.5,0.505,0.525,2.9,3.4,0.872,1.4,7.1,8.5,3.5,0.8,2.1,1.9,3.4,25.3,109.0,113,,aldrila01,15.7,0.556,0.27,0.159,3.0,15.8,9.4,11.0,0.8,3.7,7.9,22.2,0.5,0.6,1.1,0.08,-0.2,-0.2,-0.3,0.3,13.3,0.152,0.122,0.152,0.304,0.505,0.622,0.472,0.444,0.489,0.388,0.688,0.968,0.044,12,0.175,0,0
329,LaMarcus Aldridge,35,SAS,C,21,18,544,10.3,22.1,0.464,2.4,6.7,0.36,7.9,15.4,0.509,0.518,2.8,3.3,0.838,1.5,6.9,8.4,3.2,0.7,1.6,1.8,3.2,25.7,108.0,114,,aldrila01,15.1,0.545,0.302,0.149,3.3,15.4,9.2,10.2,0.7,2.8,7.0,22.7,0.3,0.5,0.8,0.067,-0.2,-0.7,-0.9,0.2,16.6,0.109,0.129,0.125,0.335,0.509,0.63,0.438,0.452,0.518,0.36,0.705,0.963,0.024,6,0.16,0,0
329,LaMarcus Aldridge,35,BRK,C,5,5,130,9.3,17.8,0.521,1.5,1.9,0.8,7.8,16.0,0.488,0.563,3.7,3.7,1.0,0.7,8.2,8.9,4.8,1.1,4.1,2.6,4.1,23.7,117.0,110,,aldrila01,18.2,0.611,0.104,0.208,1.8,17.8,10.2,14.3,1.1,7.4,11.8,19.9,0.2,0.2,0.4,0.135,0.1,2.1,2.2,0.1,9.9,0.375,0.083,0.292,0.146,0.488,0.611,0.75,0.429,0.143,0.8,0.619,1.0,0.146,6,0.4,0,0
330,George Hill,34,2TM,PG,30,17,672,6.8,14.0,0.482,2.2,5.7,0.388,4.6,8.3,0.547,0.561,2.8,3.6,0.8,1.1,3.2,4.3,5.2,1.6,0.4,2.2,2.2,18.6,117.0,114,,hillge01,13.1,0.596,0.406,0.254,2.6,7.2,4.9,16.0,1.6,0.7,12.4,15.9,0.9,0.6,1.4,0.1,-1.0,-0.2,-1.2,0.1,14.2,0.259,0.147,0.112,0.076,0.547,0.647,0.483,0.455,0.467,0.388,0.453,0.806,0.01,2,0.288,0,0
330,George Hill,34,OKC,PG,14,14,369,7.9,15.5,0.508,2.8,7.3,0.386,5.0,8.1,0.619,0.6,2.7,3.2,0.84,1.0,2.7,3.7,5.5,1.5,0.3,1.5,1.5,21.3,127.0,117,,hillge01,15.9,0.63,0.475,0.208,2.2,6.0,4.1,18.2,1.5,0.5,8.4,16.5,0.8,0.2,1.0,0.129,0.9,0.1,1.0,0.3,15.3,0.25,0.133,0.092,0.05,0.619,0.7,0.625,0.364,0.667,0.386,0.462,0.864,0.0,0,0.263,0,0
330,George Hill,34,PHI,PG,16,3,303,5.4,12.3,0.442,1.4,3.7,0.391,4.0,8.6,0.463,0.5,3.0,4.0,0.76,1.3,3.8,5.1,4.8,1.8,0.5,3.0,3.0,15.3,105.0,111,,hillge01,9.7,0.545,0.299,0.325,3.0,8.6,5.8,13.3,1.8,0.9,17.8,15.2,0.0,0.4,0.4,0.065,-3.3,-0.5,-3.9,-0.1,13.1,0.273,0.169,0.143,0.117,0.463,0.571,0.308,0.545,0.333,0.391,0.44,0.667,0.026,2,0.348,0,0
331,Killian Hayes,19,DET,PG,26,18,670,5.2,14.7,0.353,1.5,5.3,0.278,3.7,9.4,0.395,0.403,1.0,1.2,0.824,0.4,4.6,5.1,10.1,2.0,0.7,6.1,4.2,12.9,82.0,113,,hayeski01,5.3,0.422,0.358,0.085,1.0,10.6,5.7,29.7,2.0,1.3,28.5,19.0,-1.8,0.6,-1.1,-0.081,-6.3,-0.9,-7.2,-0.9,14.3,0.09,0.353,0.144,0.055,0.395,0.444,0.408,0.414,0.182,0.278,0.235,0.85,0.005,1,0.167,0,0
332,Aaron Nesmith,21,BOS,SF,46,1,669,5.7,13.0,0.438,2.9,7.9,0.37,2.8,5.1,0.543,0.551,1.6,2.0,0.786,2.0,7.2,9.3,1.7,1.1,0.7,1.7,6.4,15.9,113.0,114,,nesmiaa01,9.4,0.573,0.607,0.157,4.6,16.6,10.6,4.6,1.1,1.3,10.8,13.7,0.5,0.6,1.1,0.076,-2.8,-0.4,-3.2,-0.2,17.1,0.169,0.163,0.051,0.011,0.543,0.667,0.448,0.444,0.5,0.37,0.447,1.0,0.034,4,0.398,0,0
333,Gabe Vincent,24,MIA,PG,50,7,655,6.7,17.7,0.378,3.5,11.3,0.309,3.2,6.4,0.5,0.476,1.5,1.7,0.87,0.8,3.5,4.2,5.1,1.6,0.2,2.6,6.0,18.4,98.0,114,,vincega01,7.6,0.498,0.639,0.099,1.8,7.9,4.9,15.1,1.6,0.3,12.3,19.1,-0.4,0.5,0.2,0.011,-4.5,-0.9,-5.4,-0.6,18.2,0.21,0.09,0.026,0.034,0.5,0.633,0.286,0.5,0.25,0.309,0.476,0.804,0.004,0,0.275,0,0
334,Gary Clark,26,3TM,SF,39,11,654,3.0,9.8,0.303,2.3,8.0,0.287,0.7,1.8,0.375,0.42,0.6,0.7,0.8,2.5,6.1,8.6,2.3,1.0,0.5,1.3,2.6,8.9,97.0,117,,clarkga01,6.0,0.436,0.818,0.076,5.1,13.5,9.1,6.4,1.0,1.0,11.1,10.1,-0.3,0.4,0.1,0.008,-4.2,-0.7,-4.9,-0.5,21.9,0.061,0.083,0.015,0.023,0.375,0.875,0.182,0.0,0.0,0.287,0.667,1.0,0.015,2,0.398,1,0
334,Gary Clark,26,ORL,SF,35,11,637,3.1,10.0,0.305,2.4,8.2,0.287,0.7,1.8,0.391,0.424,0.6,0.8,0.8,2.5,6.0,8.6,2.3,0.9,0.5,1.3,2.6,9.1,97.0,117,,clarkga01,6.1,0.439,0.824,0.076,5.2,13.3,9.1,6.4,0.9,1.0,11.2,10.3,-0.2,0.3,0.1,0.007,-4.2,-0.7,-4.9,-0.5,21.7,0.061,0.084,0.015,0.015,0.391,0.875,0.182,0.0,0.0,0.287,0.667,1.0,0.015,2,0.398,1,0
334,Gary Clark,26,DEN,SF,2,0,4,0.0,0.0,,0.0,0.0,,0.0,0.0,,,0.0,0.0,,0.0,12.4,12.4,0.0,0.0,0.0,0.0,0.0,0.0,,115,,clarkga01,2.9,,,,0.0,28.2,14.2,0.0,0.0,0.0,,0.0,0.0,0.0,0.0,0.037,-4.4,-2.0,-6.4,0.0,,,,,,,,,,,,,,,0,,0,0
334,Gary Clark,26,PHI,PF,2,0,13,0.0,3.7,0.0,0.0,0.0,,0.0,3.7,0.0,0.0,0.0,0.0,,0.0,7.4,7.4,3.7,3.7,0.0,0.0,3.7,0.0,57.0,105,,clarkga01,3.8,0.0,0.0,0.0,0.0,16.6,8.5,9.0,3.7,0.0,0.0,3.3,0.0,0.0,0.0,0.044,-6.5,0.6,-5.9,0.0,22.2,0.0,0.0,0.0,1.0,0.0,,,,0.0,,,,0.0,0,,0,0
335,Mike Muscala,29,OKC,C,35,0,645,8.8,19.7,0.446,5.0,13.6,0.37,3.8,6.1,0.614,0.573,2.4,2.7,0.917,1.4,8.3,9.7,2.1,0.6,0.8,1.5,4.0,25.0,116.0,115,,muscami01,14.7,0.599,0.689,0.135,3.0,18.4,10.6,7.0,0.6,1.5,6.9,20.0,0.9,0.4,1.3,0.096,0.9,-1.0,-0.1,0.3,19.9,0.131,0.075,0.041,0.064,0.614,0.714,0.5,0.818,0.412,0.37,0.765,0.971,0.015,4,0.255,1,0
336,Nassir Little,20,POR,PF,48,2,640,5.9,12.7,0.467,2.1,6.1,0.35,3.8,6.6,0.575,0.551,2.7,3.4,0.8,2.4,7.3,9.8,1.8,0.4,1.0,1.4,3.9,16.8,121.0,118,,littlna01,11.6,0.589,0.479,0.269,5.2,16.5,10.7,4.9,0.4,1.8,8.8,13.8,0.9,0.2,1.1,0.082,-1.1,-1.6,-2.7,-0.1,15.6,0.269,0.114,0.054,0.084,0.575,0.689,0.526,0.444,0.357,0.35,0.56,0.821,0.09,13,0.163,0,0
337,Jake Layman,26,MIN,SF,45,11,627,6.9,13.9,0.495,1.7,5.9,0.295,5.1,8.0,0.642,0.557,2.0,2.8,0.703,1.0,4.1,5.0,2.1,2.2,1.4,2.0,3.3,17.4,107.0,115,,laymaja01,11.4,0.577,0.424,0.201,2.2,9.7,5.8,6.4,2.2,2.6,11.5,15.1,0.2,0.5,0.7,0.051,-2.2,0.2,-2.1,0.0,12.7,0.413,0.125,0.016,0.022,0.642,0.75,0.348,0.333,0.5,0.295,0.765,1.0,0.136,23,0.346,1,0
338,Kevin Love,32,CLE,PF,25,25,622,8.2,20.0,0.409,4.5,12.4,0.365,3.6,7.6,0.479,0.522,3.3,4.0,0.824,1.3,13.4,14.7,5.0,1.3,0.2,3.0,2.1,24.2,108.0,113,,loveke01,15.1,0.556,0.619,0.202,3.0,31.2,16.7,16.0,1.3,0.3,12.2,21.9,0.3,0.6,0.9,0.073,0.9,-0.9,-0.1,0.3,19.4,0.115,0.123,0.079,0.063,0.479,0.621,0.484,0.4,0.313,0.365,0.609,0.895,0.0,0,0.103,0,0
339,Brandon Goodwin,25,ATL,PG,47,5,620,6.7,17.7,0.377,2.5,8.2,0.311,4.1,9.5,0.433,0.448,2.2,3.4,0.651,0.6,4.8,5.5,7.5,1.3,0.0,2.9,3.3,18.1,101.0,116,,goodwbr01,9.2,0.471,0.462,0.193,1.4,10.6,6.1,21.6,1.3,0.0,13.0,19.5,-0.2,0.4,0.2,0.013,-2.5,-0.6,-3.1,-0.2,16.1,0.233,0.157,0.099,0.049,0.433,0.481,0.4,0.455,0.273,0.311,0.269,0.688,0.0,0,0.107,2,0
340,Otto Porter Jr.,27,2TM,SF,28,6,606,7.8,18.2,0.432,3.1,8.3,0.375,4.7,9.8,0.48,0.518,2.9,3.4,0.857,2.2,9.9,12.2,4.4,1.3,0.3,2.0,3.3,21.7,113.0,112,,porteot01,14.5,0.552,0.458,0.185,5.2,22.4,13.8,12.9,1.3,0.6,9.2,19.3,0.6,0.7,1.3,0.101,0.0,0.0,0.0,0.3,16.4,0.137,0.154,0.11,0.141,0.48,0.774,0.314,0.48,0.375,0.375,0.61,0.974,0.004,1,0.288,1,0
340,Otto Porter Jr.,27,CHI,SF,25,6,540,8.0,18.1,0.441,3.4,8.5,0.4,4.6,9.6,0.477,0.535,2.8,3.3,0.838,2.5,9.9,12.4,4.5,1.1,0.4,2.2,3.3,22.2,114.0,112,,porteot01,14.8,0.566,0.47,0.183,5.8,22.4,14.2,13.1,1.1,0.6,10.3,19.5,0.6,0.6,1.2,0.108,0.4,-0.3,0.2,0.3,17.1,0.129,0.153,0.109,0.139,0.477,0.769,0.323,0.5,0.357,0.4,0.588,1.0,0.005,1,0.316,1,0
340,Otto Porter Jr.,27,ORL,PF,3,0,66,6.6,18.4,0.36,0.7,6.6,0.111,5.9,11.8,0.5,0.38,3.7,3.7,1.0,0.0,10.3,10.3,3.7,2.9,0.0,0.0,2.9,17.7,101.0,111,,porteot01,11.7,0.441,0.36,0.2,0.0,22.8,11.0,11.5,2.9,0.0,0.0,17.8,0.0,0.1,0.1,0.05,-3.5,1.7,-1.7,0.0,15.8,0.2,0.16,0.12,0.16,0.5,0.8,0.25,0.333,0.5,0.111,0.75,0.0,0.0,0,0.0,0,0
341,Avery Bradley,30,2TM,SG,27,6,602,5.1,13.7,0.374,2.6,8.1,0.327,2.5,5.6,0.443,0.471,1.0,1.2,0.8,0.6,3.9,4.6,3.7,1.7,0.2,2.2,4.4,13.8,94.0,116,,bradlav01,6.3,0.487,0.591,0.088,1.4,9.1,5.2,10.8,1.7,0.5,13.6,14.9,-0.5,0.4,-0.1,-0.008,-4.9,-0.5,-5.4,-0.5,18.2,0.158,0.099,0.035,0.117,0.443,0.741,0.353,0.167,0.2,0.327,0.71,0.939,0.0,0,0.396,0,0
341,Avery Bradley,30,MIA,SG,10,1,211,7.3,15.5,0.47,3.8,8.9,0.421,3.5,6.6,0.536,0.591,1.6,2.1,0.778,0.5,3.8,4.2,3.3,1.6,0.2,2.1,6.1,20.0,110.0,114,,bradlav01,10.4,0.607,0.576,0.136,1.1,8.5,4.9,10.0,1.6,0.5,11.4,16.9,0.1,0.2,0.3,0.072,-2.5,0.1,-2.4,0.0,17.8,0.136,0.121,0.061,0.106,0.536,0.889,0.375,0.25,0.429,0.421,0.733,1.0,0.0,0,0.5,0,0
341,Avery Bradley,30,HOU,SG,17,5,391,4.0,12.7,0.314,2.1,7.6,0.27,1.9,5.1,0.381,0.395,0.6,0.7,0.833,0.7,4.0,4.7,3.9,1.7,0.2,2.3,3.5,10.7,84.0,117,,bradlav01,4.0,0.409,0.6,0.057,1.6,9.4,5.3,11.2,1.7,0.5,15.0,13.8,-0.6,0.2,-0.4,-0.052,-6.2,-0.8,-6.9,-0.5,18.5,0.171,0.086,0.019,0.124,0.381,0.667,0.333,0.0,0.077,0.27,0.688,0.882,0.0,0,0.333,0,0
342,Onyeka Okongwu,20,ATL,C,50,4,601,7.9,12.2,0.644,0.0,0.2,0.0,7.9,12.0,0.658,0.644,2.9,4.7,0.632,5.1,8.3,13.3,1.5,1.9,2.7,2.4,8.2,18.7,125.0,109,,okongon01,16.8,0.655,0.02,0.383,11.5,18.0,14.9,4.4,1.9,4.8,14.3,14.7,1.1,0.8,1.9,0.155,-2.2,0.8,-1.4,0.1,4.0,0.597,0.302,0.06,0.02,0.658,0.787,0.511,0.222,0.333,0.0,0.75,,0.215,32,0.333,0,0
343,Nemanja Bjelica,32,2TM,PF,37,3,595,7.2,16.0,0.454,2.2,6.9,0.318,5.0,9.0,0.559,0.523,3.0,4.2,0.725,2.4,8.0,10.3,5.6,1.2,0.4,2.7,5.5,19.7,111.0,116,,bjeline01,12.9,0.554,0.434,0.26,5.4,18.5,11.9,16.2,1.2,0.8,13.1,18.4,0.5,0.3,0.9,0.071,-1.4,-0.8,-2.2,0.0,14.8,0.311,0.219,0.015,0.02,0.559,0.689,0.395,0.333,0.5,0.318,0.645,0.889,0.005,0,0.153,0,0
343,Nemanja Bjelica,32,SAC,PF,26,1,439,7.5,16.4,0.46,1.9,6.3,0.293,5.7,10.1,0.565,0.517,3.5,4.6,0.762,2.6,8.3,10.9,5.4,0.9,0.2,3.1,5.2,20.4,110.0,119,,bjeline01,12.7,0.555,0.387,0.28,6.0,19.5,12.6,15.3,0.9,0.4,14.3,19.3,0.3,0.1,0.5,0.052,-1.3,-1.3,-2.6,-0.1,12.7,0.327,0.247,0.013,0.027,0.565,0.673,0.432,0.5,0.5,0.293,0.635,0.882,0.007,0,0.155,0,0
343,Nemanja Bjelica,32,MIA,PF,11,2,156,6.4,14.6,0.435,3.2,8.6,0.37,3.2,6.1,0.526,0.543,1.6,2.9,0.556,1.6,7.0,8.6,6.4,2.2,1.0,1.6,6.4,17.5,116.0,110,,bjeline01,13.3,0.55,0.587,0.196,3.7,15.8,9.9,18.7,2.2,2.0,9.1,15.9,0.2,0.2,0.4,0.122,-1.8,0.4,-1.3,0.0,16.8,0.261,0.13,0.022,0.0,0.526,0.75,0.167,0.0,,0.37,0.7,0.9,0.0,0,0.148,0,0
344,Nic Claxton,21,BRK,C,32,1,594,7.3,11.8,0.621,0.1,0.4,0.2,7.2,11.4,0.636,0.624,2.5,5.2,0.484,3.5,10.0,13.5,2.3,1.9,3.2,1.5,5.5,17.2,124.0,108,,claxtni01,16.9,0.612,0.034,0.441,8.4,21.8,15.4,6.4,1.9,5.9,9.4,14.0,1.0,0.9,1.9,0.153,-1.0,1.4,0.4,0.4,3.6,0.697,0.234,0.021,0.014,0.636,0.762,0.353,0.0,0.0,0.2,0.753,1.0,0.31,41,0.4,0,0
345,Patrick Patterson,31,LAC,PF,38,5,582,6.1,14.0,0.436,3.4,9.5,0.357,2.7,4.5,0.604,0.558,1.1,1.4,0.765,1.6,4.8,6.4,2.5,1.2,0.7,0.9,3.8,16.8,119.0,113,,pattepa01,10.9,0.571,0.679,0.103,3.8,10.5,7.2,6.7,1.2,1.2,6.0,14.0,0.7,0.5,1.2,0.101,-0.4,-0.1,-0.6,0.2,18.6,0.182,0.079,0.042,0.018,0.604,0.7,0.462,0.571,0.333,0.357,0.656,0.975,0.048,7,0.446,1,0
346,Justin Jackson,25,2TM,SF,34,3,577,7.3,18.2,0.403,3.0,9.6,0.308,4.4,8.6,0.51,0.484,2.6,3.0,0.838,1.3,5.0,6.3,4.3,1.2,0.2,2.6,2.6,20.2,102.0,116,,jacksju01,10.4,0.516,0.529,0.167,2.9,11.1,6.9,13.9,1.2,0.3,11.9,19.8,-0.1,0.3,0.2,0.018,-2.3,-1.2,-3.5,-0.2,18.1,0.136,0.213,0.095,0.027,0.51,0.7,0.468,0.333,0.5,0.308,0.717,0.806,0.005,1,0.162,0,0
346,Justin Jackson,25,OKC,SF,33,3,544,7.5,18.5,0.406,3.0,9.7,0.306,4.5,8.8,0.515,0.486,2.6,3.1,0.857,1.2,5.0,6.2,4.5,1.3,0.2,2.7,2.7,20.6,102.0,116,,jacksju01,10.7,0.519,0.524,0.165,2.6,11.0,6.8,14.5,1.3,0.3,12.0,20.2,-0.1,0.3,0.2,0.019,-2.3,-1.0,-3.2,-0.2,16.7,0.137,0.217,0.094,0.028,0.515,0.724,0.478,0.3,0.5,0.306,0.712,0.824,0.005,1,0.171,0,0
346,Justin Jackson,25,MIL,SF,1,0,33,4.3,12.8,0.333,2.8,8.5,0.333,1.4,4.3,0.333,0.444,1.4,2.8,0.5,2.8,5.7,8.5,1.4,0.0,0.0,1.4,1.4,12.8,99.0,118,,jacksju01,5.8,0.455,0.667,0.222,6.6,12.3,9.6,3.6,0.0,0.0,9.2,13.8,0.0,0.0,0.0,0.006,-3.2,-4.8,-8.0,0.0,19.6,0.111,0.111,0.111,0.0,0.333,0.0,0.0,1.0,,0.333,1.0,0.5,0.0,0,0.0,0,0
347,John Konchar,24,MEM,SG,43,0,575,5.7,11.5,0.5,1.7,4.7,0.375,4.0,6.8,0.585,0.576,2.1,2.5,0.833,2.9,7.7,10.6,3.9,2.5,0.7,1.5,3.3,15.3,125.0,109,,konchjo01,14.8,0.608,0.406,0.217,6.4,17.3,11.8,10.7,2.5,1.4,10.6,12.4,0.9,0.8,1.7,0.145,-0.2,1.4,1.2,0.5,12.4,0.341,0.181,0.058,0.014,0.585,0.745,0.36,0.25,1.0,0.375,0.75,1.0,0.065,8,0.464,0,0
348,Nicolò Melli,30,2TM,PF,45,4,566,4.0,12.1,0.326,2.0,7.3,0.271,2.0,4.8,0.411,0.408,1.6,2.2,0.76,2.5,8.0,10.5,3.8,1.2,0.3,1.0,5.0,11.5,106.0,114,,mellini01,7.9,0.441,0.603,0.177,5.6,17.9,11.8,9.8,1.2,0.5,7.3,12.5,0.1,0.5,0.6,0.048,-3.5,0.0,-3.5,-0.2,18.4,0.149,0.099,0.078,0.071,0.411,0.476,0.214,0.545,0.4,0.271,0.478,1.0,0.043,5,0.224,0,0
348,Nicolò Melli,30,NOP,PF,22,0,241,3.0,11.7,0.254,1.4,7.4,0.189,1.6,4.4,0.364,0.314,1.2,1.4,0.857,2.4,9.0,11.3,5.0,1.8,0.2,1.4,5.6,8.6,93.0,113,,mellini01,5.8,0.346,0.627,0.119,5.4,20.3,12.8,12.7,1.8,0.4,10.1,12.1,-0.2,0.2,0.0,0.008,-4.9,1.1,-3.9,-0.1,19.0,0.153,0.102,0.051,0.068,0.364,0.333,0.167,0.667,0.5,0.189,0.5,1.0,0.0,0,0.162,0,0
348,Nicolò Melli,30,DAL,PF,23,4,325,4.7,12.4,0.378,2.4,7.3,0.333,2.3,5.2,0.441,0.476,2.0,2.7,0.722,2.6,7.3,9.9,2.9,0.8,0.3,0.8,4.6,13.8,115.0,115,,mellini01,9.4,0.506,0.585,0.22,5.8,16.1,11.0,7.7,0.8,0.6,5.3,12.9,0.3,0.2,0.5,0.078,-2.3,-0.8,-3.2,-0.1,17.9,0.146,0.098,0.098,0.073,0.441,0.583,0.25,0.5,0.333,0.333,0.467,1.0,0.073,5,0.271,0,0
349,Goga Bitadze,21,IND,C,45,3,561,7.0,16.3,0.428,1.7,6.7,0.253,5.3,9.7,0.548,0.479,3.8,5.1,0.738,5.1,7.6,12.6,3.1,0.8,5.1,1.4,7.9,19.5,116.0,109,,bitadgo01,16.3,0.523,0.407,0.314,11.7,17.3,14.5,8.9,0.8,8.7,7.1,18.1,0.7,0.8,1.5,0.129,-2.0,1.0,-1.0,0.1,13.0,0.34,0.191,0.052,0.01,0.548,0.697,0.297,0.6,0.0,0.253,0.635,1.0,0.098,17,0.051,0,0
350,Isaiah Hartenstein,22,2TM,C,46,2,559,8.3,15.1,0.55,0.2,0.5,0.333,8.1,14.6,0.558,0.556,4.1,6.3,0.648,5.7,10.2,16.0,4.9,1.7,3.4,3.9,9.2,20.8,114.0,108,,harteis01,17.9,0.583,0.035,0.415,13.0,23.7,18.2,15.3,1.7,6.5,17.9,19.2,0.7,0.9,1.6,0.134,-2.4,1.5,-0.9,0.2,4.4,0.538,0.38,0.035,0.012,0.558,0.63,0.508,0.167,0.0,0.333,0.783,1.0,0.181,28,0.0,0,0
350,Isaiah Hartenstein,22,DEN,C,30,0,272,7.5,14.5,0.513,0.0,0.0,,7.5,14.5,0.513,0.513,4.0,6.5,0.611,7.3,8.2,15.4,2.7,2.0,3.6,3.8,10.7,18.9,110.0,107,,harteis01,15.5,0.543,0.0,0.45,16.7,18.7,17.7,7.5,2.0,7.2,18.0,18.7,0.2,0.5,0.7,0.115,-4.3,0.6,-3.7,-0.1,3.1,0.588,0.388,0.013,0.013,0.513,0.532,0.516,0.0,0.0,,0.805,,0.163,12,,0,0
350,Isaiah Hartenstein,22,CLE,C,16,2,287,9.1,15.6,0.582,0.3,1.0,0.333,8.8,14.6,0.6,0.593,4.1,6.0,0.686,4.3,12.2,16.5,6.9,1.4,3.3,4.0,7.7,22.7,117.0,109,,harteis01,20.3,0.62,0.066,0.385,9.5,28.4,18.7,22.8,1.4,5.9,17.8,19.6,0.5,0.4,0.9,0.151,-0.6,2.3,1.7,0.3,5.7,0.495,0.374,0.055,0.011,0.6,0.733,0.5,0.2,0.0,0.333,0.765,1.0,0.198,16,0.0,0,0
351,Gorgui Dieng,31,2TM,C,38,1,552,7.4,14.2,0.521,2.6,6.1,0.429,4.8,8.1,0.591,0.613,5.0,5.8,0.866,3.5,8.7,12.2,4.2,2.3,1.4,2.8,4.9,22.5,127.0,109,,dienggo01,19.2,0.67,0.429,0.411,7.6,19.5,13.5,12.0,2.3,2.6,14.3,17.4,1.3,0.8,2.1,0.185,1.8,1.5,3.4,0.7,14.2,0.252,0.141,0.129,0.049,0.591,0.78,0.435,0.524,0.25,0.429,0.6,0.967,0.074,11,0.171,0,0
351,Gorgui Dieng,31,MEM,C,22,1,371,7.2,13.9,0.519,3.0,6.2,0.479,4.3,7.7,0.55,0.625,4.9,5.5,0.884,3.6,9.0,12.6,3.7,2.2,1.8,2.8,4.9,22.3,128.0,108,,dienggo01,19.2,0.682,0.444,0.398,7.9,20.2,14.0,10.6,2.2,3.4,14.8,17.0,0.9,0.6,1.5,0.19,1.8,1.6,3.3,0.5,15.3,0.222,0.111,0.148,0.074,0.55,0.792,0.333,0.5,0.25,0.479,0.667,0.957,0.083,8,0.208,0,0
351,Gorgui Dieng,31,SAS,C,16,0,181,7.8,14.7,0.527,1.9,5.9,0.318,5.9,8.8,0.667,0.591,5.4,6.4,0.833,3.2,8.0,11.3,5.1,2.4,0.5,2.7,4.8,22.8,125.0,111,,dienggo01,19.0,0.648,0.4,0.436,6.9,18.0,12.3,15.0,2.4,0.9,13.2,18.2,0.4,0.2,0.7,0.175,2.0,1.5,3.5,0.2,13.2,0.309,0.2,0.091,0.0,0.667,0.765,0.545,0.6,,0.318,0.5,1.0,0.055,3,0.091,0,0
352,Thanasis Antetokounmpo,28,MIL,SF,57,3,551,5.7,11.7,0.489,0.6,2.5,0.241,5.1,9.2,0.556,0.515,2.1,4.2,0.51,4.6,6.0,10.6,3.9,1.9,0.9,3.7,6.3,14.1,104.0,112,,antetth01,10.3,0.523,0.212,0.358,10.7,12.9,11.8,10.3,1.9,1.6,21.3,15.3,0.0,0.6,0.7,0.057,-3.7,0.2,-3.5,-0.2,8.4,0.62,0.139,0.015,0.015,0.556,0.671,0.105,0.0,0.5,0.241,0.583,0.714,0.255,29,0.31,4,0
353,Damian Jones,25,3TM,C,39,10,547,6.2,9.1,0.68,0.1,0.4,0.2,6.1,8.7,0.704,0.684,3.7,5.1,0.724,3.2,7.5,10.7,2.6,1.0,2.6,2.3,6.8,16.2,129.0,113,,jonesda03,14.6,0.712,0.049,0.563,7.3,17.4,12.3,7.0,1.0,4.6,16.8,12.3,1.0,0.5,1.6,0.138,-2.2,0.8,-1.4,0.1,5.9,0.631,0.184,0.087,0.049,0.704,0.769,0.632,0.667,0.2,0.2,0.884,1.0,0.35,31,0.2,2,0
353,Damian Jones,25,PHO,C,14,0,94,4.2,8.4,0.5,0.0,0.5,0.0,4.2,7.9,0.533,0.5,3.2,5.8,0.545,3.7,5.8,9.5,2.1,0.5,2.6,3.2,10.0,11.6,100.0,112,,jonesda03,6.7,0.528,0.063,0.688,8.6,13.0,10.9,5.3,0.5,4.8,22.4,12.7,0.0,0.1,0.1,0.043,-7.0,1.1,-5.9,-0.1,9.5,0.625,0.188,0.063,0.063,0.533,0.6,0.333,1.0,0.0,0.0,1.0,,0.313,3,0.0,1,0
353,Damian Jones,25,LAL,C,8,6,112,6.9,7.4,0.941,0.0,0.0,,6.9,7.4,0.941,0.941,4.8,5.2,0.917,3.5,7.8,11.3,0.4,0.4,3.0,2.2,9.6,18.7,158.0,106,,jonesda03,17.1,0.965,0.0,0.706,8.1,18.0,13.0,1.3,0.4,5.6,18.3,10.6,0.4,0.2,0.5,0.235,-2.0,1.8,-0.2,0.1,1.8,0.765,0.235,0.0,0.0,0.941,0.923,1.0,,,,0.75,,0.647,10,,0,0
353,Damian Jones,25,SAC,C,17,4,341,6.5,9.9,0.657,0.1,0.6,0.25,6.3,9.3,0.682,0.664,3.5,4.9,0.714,3.0,7.9,10.8,3.4,1.3,2.4,2.1,5.1,16.6,130.0,115,,jonesda03,15.9,0.691,0.057,0.5,6.7,18.5,12.5,9.4,1.3,4.2,14.9,12.7,0.7,0.2,0.9,0.132,-1.0,0.3,-0.6,0.1,6.4,0.6,0.171,0.114,0.057,0.682,0.762,0.583,0.625,0.25,0.25,0.911,1.0,0.286,18,0.25,1,0
354,Hassan Whiteside,31,SAC,C,36,4,546,11.1,19.7,0.563,0.0,0.1,0.0,11.1,19.6,0.565,0.563,3.6,6.9,0.519,5.4,13.5,18.9,1.8,0.8,4.0,3.5,6.4,25.8,107.0,111,,whiteha01,19.2,0.566,0.004,0.353,12.2,31.8,21.9,5.6,0.8,7.1,13.4,23.5,0.3,0.6,0.9,0.081,-1.8,-0.4,-2.2,0.0,5.8,0.366,0.455,0.138,0.036,0.565,0.732,0.451,0.484,0.625,0.0,0.722,,0.138,28,0.0,0,0
355,Wes Iwundu,26,2TM,SF,41,4,539,3.1,9.2,0.333,0.5,3.7,0.122,2.6,5.5,0.475,0.358,2.3,2.8,0.839,1.4,6.8,8.1,1.6,1.4,0.4,1.7,4.4,8.9,89.0,114,,iwundwe01,4.3,0.428,0.402,0.304,3.0,15.2,9.1,4.2,1.4,0.7,14.1,10.8,-0.5,0.4,0.0,-0.003,-6.1,-0.3,-6.3,-0.6,12.0,0.373,0.176,0.02,0.029,0.475,0.579,0.278,0.5,0.333,0.122,0.828,1.0,0.088,8,0.512,0,0
355,Wes Iwundu,26,DAL,SF,23,3,288,2.9,8.9,0.327,0.5,3.9,0.13,2.4,5.0,0.483,0.356,2.1,2.4,0.857,1.0,6.5,7.5,1.7,1.5,0.5,1.0,4.5,8.4,93.0,113,,iwundwe01,4.9,0.421,0.442,0.269,2.3,14.4,8.4,4.4,1.5,1.0,9.4,9.9,-0.2,0.3,0.1,0.015,-5.5,0.5,-4.9,-0.2,12.7,0.365,0.135,0.038,0.019,0.483,0.579,0.286,0.5,0.0,0.13,0.857,1.0,0.115,5,0.565,0,0
355,Wes Iwundu,26,NOP,SF,18,1,251,3.2,9.6,0.34,0.4,3.4,0.111,2.9,6.1,0.469,0.36,2.7,3.2,0.824,1.7,7.1,8.8,1.5,1.1,0.2,2.5,4.4,9.6,86.0,116,,iwundwe01,3.7,0.435,0.36,0.34,3.9,16.0,9.9,3.9,1.1,0.4,18.4,11.8,-0.3,0.2,-0.1,-0.025,-6.8,-1.2,-7.9,-0.4,11.3,0.38,0.22,0.0,0.04,0.469,0.579,0.273,,0.5,0.111,0.8,1.0,0.06,3,0.444,0,0
356,Troy Brown Jr.,21,2TM,SF,34,0,524,5.6,13.0,0.431,2.0,6.3,0.314,3.6,6.7,0.541,0.507,1.3,1.9,0.714,1.8,7.6,9.4,2.6,0.9,0.5,1.9,4.4,14.5,103.0,114,,browntr01,8.5,0.525,0.486,0.146,4.2,17.4,10.8,7.2,0.9,1.0,12.1,14.0,0.0,0.5,0.5,0.043,-3.3,-0.6,-4.0,-0.3,16.9,0.174,0.132,0.063,0.146,0.541,0.8,0.474,0.444,0.333,0.314,0.6,1.0,0.021,2,0.357,2,0
356,Troy Brown Jr.,21,WAS,SF,21,0,287,5.3,14.3,0.371,2.2,7.4,0.304,3.1,6.9,0.442,0.449,1.6,2.4,0.667,1.8,8.0,9.8,3.1,0.5,0.6,2.6,4.7,14.5,93.0,115,,browntr01,6.3,0.471,0.517,0.169,4.1,18.4,11.3,8.5,0.5,1.2,14.3,16.1,-0.3,0.2,-0.1,-0.009,-4.2,-1.3,-5.5,-0.3,19.0,0.112,0.124,0.09,0.157,0.442,0.7,0.455,0.375,0.286,0.304,0.474,1.0,0.022,1,0.261,1,0
356,Troy Brown Jr.,21,CHI,SF,13,0,237,5.9,11.2,0.527,1.6,4.9,0.333,4.3,6.3,0.677,0.6,1.0,1.2,0.833,1.8,7.2,9.0,2.0,1.4,0.4,1.0,4.1,14.5,123.0,113,,browntr01,11.2,0.616,0.436,0.109,4.3,16.2,10.3,5.6,1.4,0.7,8.0,11.5,0.3,0.2,0.5,0.107,-2.3,0.2,-2.2,0.0,14.8,0.273,0.145,0.018,0.127,0.677,0.867,0.5,1.0,0.429,0.333,0.714,1.0,0.018,1,0.542,1,0
357,Armoni Brooks,22,HOU,SG,20,5,520,7.1,17.5,0.406,5.5,14.3,0.382,1.6,3.2,0.514,0.563,0.6,1.1,0.583,0.9,5.3,6.2,2.7,1.1,0.5,2.0,3.1,20.3,105.0,117,,brookar01,10.4,0.565,0.818,0.063,2.0,12.4,7.0,8.7,1.1,0.9,10.0,17.9,0.1,0.2,0.3,0.03,-1.1,-2.1,-3.2,-0.2,22.1,0.099,0.057,0.026,0.0,0.514,0.579,0.545,0.2,,0.382,0.722,0.85,0.016,3,0.153,0,0
358,Miye Oni,23,UTA,SG,54,0,519,3.3,9.3,0.354,2.8,8.3,0.341,0.5,1.0,0.455,0.505,0.5,0.6,0.833,2.2,5.7,7.9,2.6,1.0,0.8,1.5,5.7,9.9,110.0,110,,onimi01,6.4,0.517,0.889,0.061,4.9,11.9,8.6,6.8,1.0,1.2,13.6,9.8,0.2,0.7,0.9,0.081,-3.0,1.3,-1.7,0.0,21.9,0.061,0.051,0.0,0.0,0.455,0.5,0.4,,,0.341,0.6,1.0,0.03,2,0.568,0,0
359,Oshae Brissett,22,IND,SF,21,16,519,6.6,13.8,0.483,3.0,7.1,0.423,3.6,6.6,0.548,0.593,4.6,5.9,0.769,2.6,7.8,10.5,1.6,1.7,1.8,0.9,2.9,20.9,129.0,111,,brissos01,17.2,0.638,0.517,0.43,6.1,17.9,12.0,4.6,1.7,3.1,5.3,15.6,1.2,0.6,1.8,0.165,1.1,-0.5,0.6,0.3,14.9,0.325,0.126,0.02,0.013,0.548,0.735,0.158,0.333,0.0,0.423,0.725,0.97,0.099,14,0.295,1,0
360,Dylan Windler,24,CLE,SF,31,0,513,5.5,12.5,0.438,2.5,7.4,0.338,3.0,5.1,0.585,0.538,2.0,2.6,0.778,1.9,8.4,10.3,3.2,1.8,1.2,3.1,3.6,15.5,103.0,113,,windldy01,10.8,0.567,0.592,0.208,4.3,19.5,11.7,9.4,1.8,2.1,18.4,14.8,0.0,0.5,0.5,0.045,-2.0,0.3,-1.7,0.0,16.2,0.269,0.1,0.038,0.0,0.585,0.629,0.538,0.4,,0.338,0.548,0.962,0.023,3,0.442,0,0
361,Max Strus,24,MIA,SF,39,0,507,8.3,18.3,0.455,4.9,14.5,0.338,3.4,3.8,0.897,0.588,1.6,2.4,0.667,0.5,3.5,4.0,2.4,1.1,0.2,0.8,4.2,23.1,115.0,115,,strusma01,12.1,0.597,0.791,0.128,1.1,8.0,4.6,7.3,1.1,0.4,3.9,18.3,0.6,0.3,0.9,0.088,-0.5,-1.7,-2.2,0.0,20.8,0.155,0.048,0.0,0.005,0.897,0.897,1.0,,0.0,0.338,0.686,0.98,0.027,5,0.25,0,0
362,Justise Winslow,24,MEM,SF,26,1,507,7.0,19.8,0.352,0.9,5.1,0.185,6.0,14.7,0.41,0.376,1.9,3.3,0.571,1.7,9.4,11.1,4.7,1.4,1.1,3.5,4.4,16.8,82.0,110,,winslju01,6.2,0.395,0.257,0.167,3.7,21.1,12.3,13.3,1.4,2.1,14.1,21.9,-1.3,0.6,-0.7,-0.066,-6.2,0.2,-6.0,-0.5,11.9,0.233,0.262,0.148,0.1,0.41,0.551,0.455,0.194,0.286,0.185,0.516,1.0,0.043,9,0.407,0,0
363,Lamar Stevens,23,CLE,PF,40,0,499,6.1,13.4,0.456,0.4,2.5,0.16,5.7,11.0,0.523,0.471,3.7,5.0,0.725,2.4,7.1,9.5,2.5,1.7,1.3,2.3,5.2,16.3,103.0,113,,stevela01,10.5,0.521,0.184,0.375,5.3,16.6,10.8,7.4,1.7,2.3,12.7,15.8,0.0,0.5,0.4,0.043,-4.2,0.0,-4.2,-0.3,10.4,0.368,0.147,0.243,0.059,0.523,0.7,0.35,0.394,0.375,0.16,0.655,1.0,0.125,17,0.32,0,0
364,Jarrett Culver,21,MIN,SG,34,7,499,6.5,15.9,0.411,1.2,5.0,0.245,5.3,10.9,0.487,0.449,2.7,4.5,0.604,3.2,6.6,9.8,2.3,1.6,0.9,2.7,5.5,17.0,96.0,115,,culveja01,8.8,0.476,0.315,0.286,7.1,15.8,11.3,6.8,1.6,1.6,12.9,18.2,-0.4,0.3,-0.1,-0.006,-4.5,-1.1,-5.6,-0.5,10.1,0.405,0.25,0.012,0.018,0.487,0.603,0.333,0.5,0.0,0.245,0.589,1.0,0.101,15,0.283,0,0
365,DaQuan Jeffries,23,2TM,SG,31,5,493,4.8,11.6,0.417,1.9,6.5,0.299,2.9,5.1,0.566,0.5,0.7,0.8,0.875,1.8,5.0,6.9,2.1,1.4,1.0,1.4,4.6,12.3,104.0,117,,jeffrda01,7.9,0.514,0.558,0.067,4.1,11.8,7.8,6.1,1.4,1.8,10.2,11.9,0.0,0.2,0.3,0.027,-3.6,-1.1,-4.7,-0.3,16.2,0.2,0.167,0.025,0.05,0.566,0.792,0.35,0.0,0.667,0.299,0.6,0.95,0.108,10,0.388,0,0
365,DaQuan Jeffries,23,SAC,SG,18,2,232,5.0,11.8,0.421,1.9,5.8,0.321,3.1,6.0,0.517,0.5,1.2,1.4,0.857,1.9,4.1,6.0,1.2,1.4,0.8,1.7,4.8,13.0,102.0,119,,jeffrda01,7.2,0.524,0.491,0.123,4.2,9.7,6.9,3.3,1.4,1.5,11.8,12.6,0.0,0.1,0.0,0.008,-3.7,-1.6,-5.3,-0.2,14.6,0.228,0.211,0.053,0.018,0.517,0.769,0.333,0.0,1.0,0.321,0.8,1.0,0.105,4,0.429,0,0
365,DaQuan Jeffries,23,HOU,SG,13,3,261,4.7,11.4,0.413,2.0,7.1,0.282,2.7,4.4,0.625,0.5,0.2,0.2,1.0,1.8,5.8,7.6,2.9,1.5,1.1,1.1,4.5,11.6,107.0,115,,jeffrda01,8.5,0.504,0.619,0.016,3.9,13.6,8.6,8.6,1.5,2.1,8.6,11.3,0.1,0.2,0.2,0.043,-3.5,-0.6,-4.2,-0.1,17.8,0.175,0.127,0.0,0.079,0.625,0.818,0.375,,0.6,0.282,0.4,0.909,0.111,6,0.359,0,0
366,Chimezie Metu,23,SAC,C,36,6,488,9.0,17.6,0.508,1.3,3.6,0.351,7.7,14.0,0.549,0.545,3.0,4.2,0.721,3.0,8.0,11.0,2.8,1.4,1.8,2.9,5.8,22.2,109.0,116,,metuch01,14.5,0.571,0.207,0.24,7.0,18.7,12.7,8.2,1.4,3.1,12.8,20.0,0.3,0.3,0.6,0.061,-2.2,-1.3,-3.6,-0.2,11.0,0.318,0.212,0.151,0.112,0.549,0.789,0.368,0.333,0.5,0.351,0.731,0.923,0.19,29,0.081,0,0
367,Javonte Green,27,2TM,SF,41,2,473,5.5,10.5,0.52,1.0,3.1,0.333,4.4,7.4,0.597,0.569,3.1,4.1,0.75,2.7,4.6,7.3,1.8,2.9,0.6,2.0,4.6,15.0,118.0,111,,greenja02,12.1,0.61,0.294,0.392,6.1,10.6,8.3,4.8,2.9,1.1,13.7,12.6,0.5,0.6,1.1,0.107,-2.2,1.7,-0.5,0.2,9.6,0.441,0.186,0.078,0.0,0.597,0.733,0.368,0.375,,0.333,0.465,1.0,0.196,17,0.433,0,0
367,Javonte Green,27,BOS,SF,25,2,345,5.5,10.1,0.549,1.0,3.1,0.318,4.5,6.9,0.653,0.599,2.8,4.2,0.667,2.8,4.5,7.4,1.6,2.5,0.3,1.8,4.5,14.9,120.0,113,,greenja02,11.8,0.624,0.31,0.423,6.4,10.4,8.4,4.3,2.5,0.5,13.4,12.1,0.4,0.3,0.8,0.105,-1.7,1.3,-0.5,0.1,10.5,0.408,0.169,0.113,0.0,0.653,0.793,0.5,0.375,,0.318,0.438,1.0,0.211,12,0.409,0,0
367,Javonte Green,27,CHI,SG,16,0,128,5.3,11.7,0.452,1.1,3.0,0.375,4.2,8.7,0.478,0.5,3.8,3.8,1.0,2.3,4.9,7.2,2.3,3.8,1.5,2.3,4.9,15.5,112.0,107,,greenja02,13.1,0.579,0.258,0.323,5.3,11.1,8.2,6.1,3.8,2.7,14.5,14.0,0.1,0.2,0.3,0.114,-3.4,2.8,-0.6,0.0,8.7,0.516,0.226,0.0,0.0,0.478,0.625,0.143,,,0.375,0.545,1.0,0.161,5,0.5,0,0
368,Kevin Knox,21,NYK,SF,42,0,464,6.0,15.4,0.392,3.8,9.6,0.393,2.3,5.8,0.389,0.514,1.7,2.2,0.8,1.1,5.5,6.6,2.0,1.3,0.6,1.8,4.0,17.6,104.0,110,,knoxke01,9.1,0.537,0.622,0.14,2.4,11.8,7.1,5.9,1.3,1.2,10.1,16.2,0.0,0.6,0.6,0.065,-1.7,0.4,-1.4,0.1,18.3,0.168,0.091,0.035,0.084,0.389,0.583,0.231,0.2,0.25,0.393,0.81,1.0,0.049,6,0.472,0,0
369,Ryan Arcidiacono,26,CHI,PG,44,0,450,5.3,12.6,0.419,2.7,7.2,0.373,2.6,5.4,0.48,0.526,1.4,2.2,0.65,0.5,6.7,7.2,6.0,1.0,0.0,1.1,5.1,14.7,118.0,114,,arcidry01,9.8,0.541,0.573,0.171,1.2,15.1,8.3,16.3,1.0,0.0,7.4,13.1,0.5,0.4,0.9,0.093,-2.6,0.3,-2.3,0.0,18.3,0.154,0.137,0.085,0.051,0.48,0.556,0.375,0.7,0.167,0.373,0.542,1.0,0.0,0,0.224,1,0
370,KZ Okpala,21,MIA,PF,37,9,447,4.0,10.7,0.375,1.3,5.6,0.24,2.7,5.1,0.522,0.438,0.9,1.7,0.533,2.3,5.2,7.6,2.1,1.1,1.2,1.7,6.6,10.2,94.0,113,,okpalkz01,5.2,0.448,0.521,0.156,5.5,11.8,8.7,5.8,1.1,2.6,12.8,11.9,-0.3,0.4,0.1,0.015,-6.5,-0.6,-7.1,-0.6,14.5,0.302,0.146,0.01,0.021,0.522,0.655,0.357,0.0,0.0,0.24,0.667,1.0,0.042,4,0.52,0,0
371,Josh Green,20,DAL,SG,39,5,445,4.7,10.3,0.452,0.4,2.8,0.16,4.2,7.5,0.559,0.473,1.4,2.5,0.565,3.1,5.5,8.6,3.1,1.8,0.3,1.9,3.9,11.2,106.0,114,,greenjo02,8.8,0.49,0.269,0.247,7.0,12.3,9.7,8.3,1.8,0.6,14.2,11.9,0.1,0.4,0.5,0.05,-3.7,0.1,-3.6,-0.2,10.2,0.419,0.172,0.054,0.086,0.559,0.667,0.375,0.6,0.375,0.16,0.658,1.0,0.118,9,0.76,0,0
372,Langston Galloway,29,PHO,SG,40,0,438,7.4,16.6,0.449,4.1,9.6,0.424,3.4,7.0,0.484,0.571,2.5,2.6,0.957,0.8,3.9,4.7,2.9,0.9,0.0,1.5,2.8,21.4,118.0,115,,gallola01,12.1,0.605,0.578,0.156,1.8,8.9,5.4,8.0,0.9,0.0,7.6,17.3,0.6,0.3,0.9,0.096,-0.1,-0.8,-0.9,0.1,19.3,0.054,0.109,0.143,0.116,0.484,0.5,0.5,0.524,0.412,0.424,0.8,1.0,0.0,0,0.494,1,0
373,Tyler Cook,23,2TM,SF,32,1,438,7.7,11.5,0.67,0.1,0.2,0.5,7.6,11.3,0.673,0.675,1.9,3.9,0.486,3.1,7.5,10.6,1.9,0.9,0.2,2.4,3.9,17.5,118.0,115,,cookty01,12.8,0.659,0.019,0.34,7.0,17.2,12.1,5.9,0.9,0.4,15.1,13.9,0.5,0.3,0.8,0.09,-2.2,-0.9,-3.0,-0.1,2.0,0.641,0.33,0.01,0.0,0.673,0.758,0.529,0.0,,0.5,0.691,1.0,0.417,40,1.0,0,0
373,Tyler Cook,23,BRK,PF,4,0,17,2.8,8.5,0.333,0.0,0.0,,2.8,8.5,0.333,0.333,0.0,0.0,,2.8,2.8,5.7,5.7,0.0,0.0,2.8,5.7,5.7,88.0,121,,cookty01,1.6,0.333,0.0,0.0,6.9,6.2,6.5,14.1,0.0,0.0,25.0,10.3,0.0,0.0,0.0,-0.047,-5.2,-1.0,-6.2,0.0,0.9,1.0,0.0,0.0,0.0,0.333,0.333,,,,,1.0,,0.0,0,,0,0
373,Tyler Cook,23,DET,SF,28,1,421,7.9,11.7,0.68,0.1,0.2,0.5,7.8,11.4,0.684,0.685,2.0,4.1,0.486,3.1,7.7,10.8,1.7,0.9,0.2,2.3,3.8,17.9,119.0,114,,cookty01,13.2,0.667,0.02,0.35,7.1,17.6,12.3,5.6,0.9,0.4,14.8,14.1,0.5,0.3,0.8,0.096,-2.0,-0.8,-2.9,-0.1,3.2,0.63,0.34,0.01,0.0,0.684,0.778,0.529,0.0,,0.5,0.687,1.0,0.43,40,1.0,0,0
374,Al-Farouq Aminu,30,2TM,PF,23,14,434,4.3,11.1,0.384,0.9,4.1,0.216,3.4,6.9,0.484,0.424,2.0,2.5,0.818,2.5,9.9,12.3,3.5,2.1,1.0,3.1,3.2,11.4,91.0,111,,aminual01,8.9,0.469,0.374,0.222,5.1,21.9,13.3,10.1,2.1,1.9,20.5,13.6,-0.4,0.5,0.1,0.01,-4.9,1.1,-3.8,-0.2,15.0,0.273,0.242,0.03,0.081,0.484,0.519,0.417,0.0,0.75,0.216,0.467,0.875,0.03,3,0.216,0,0
374,Al-Farouq Aminu,30,ORL,PF,17,14,367,4.8,11.8,0.404,0.9,4.1,0.226,3.8,7.7,0.5,0.444,1.9,2.3,0.824,2.7,9.4,12.1,3.8,2.3,1.2,3.3,2.9,12.3,93.0,111,,aminual01,9.9,0.482,0.348,0.191,5.5,20.8,12.9,11.3,2.3,2.2,20.6,14.3,-0.3,0.4,0.1,0.014,-4.4,1.3,-3.1,-0.1,12.7,0.281,0.247,0.034,0.09,0.5,0.56,0.409,0.0,0.75,0.226,0.448,0.857,0.034,3,0.194,0,0
374,Al-Farouq Aminu,30,CHI,PF,6,0,67,1.4,7.2,0.2,0.7,4.3,0.167,0.7,2.9,0.25,0.25,2.9,3.6,0.8,1.4,12.3,13.7,1.4,1.4,0.0,2.2,5.1,6.5,77.0,111,,aminual01,3.0,0.369,0.6,0.5,3.3,27.8,15.7,3.5,1.4,0.0,19.7,9.8,-0.1,0.1,0.0,-0.013,-7.5,0.2,-7.3,-0.1,17.2,0.2,0.2,0.0,0.0,0.25,0.0,0.5,,,0.167,1.0,1.0,0.0,0,0.333,0,0
375,D.J. Wilson,24,2TM,PF,35,1,433,7.4,18.3,0.405,3.3,9.5,0.345,4.1,8.8,0.469,0.494,1.9,2.7,0.68,2.2,10.0,12.2,2.5,1.2,1.7,2.4,4.8,20.0,100.0,112,,wilsodj01,11.5,0.511,0.518,0.149,4.8,23.2,13.7,7.9,1.2,3.3,10.9,19.7,-0.2,0.5,0.3,0.032,-2.7,-0.6,-3.3,-0.1,17.9,0.202,0.119,0.083,0.077,0.469,0.529,0.45,0.429,0.385,0.345,0.763,0.933,0.06,7,0.287,1,0
375,D.J. Wilson,24,MIL,PF,12,0,105,7.2,19.2,0.372,4.5,12.5,0.357,2.7,6.7,0.4,0.488,0.4,0.9,0.5,1.3,9.8,11.2,1.3,0.4,1.8,1.8,5.8,19.2,97.0,112,,wilsodj01,8.4,0.49,0.651,0.047,3.1,21.3,12.5,3.7,0.4,3.4,8.4,19.1,-0.1,0.1,0.0,0.022,-3.7,-1.4,-5.1,-0.1,19.9,0.07,0.07,0.163,0.047,0.4,0.0,0.333,0.571,0.5,0.357,1.0,0.9,0.0,0,0.393,0,0
375,D.J. Wilson,24,HOU,PF,23,1,328,7.5,18.0,0.416,2.9,8.5,0.339,4.6,9.5,0.485,0.496,2.3,3.3,0.696,2.5,10.1,12.6,2.9,1.4,1.7,2.6,4.5,20.2,101.0,112,,wilsodj01,12.5,0.518,0.472,0.184,5.3,23.8,14.1,9.3,1.4,3.3,11.8,19.9,-0.1,0.3,0.2,0.036,-2.3,-0.4,-2.7,-0.1,15.9,0.248,0.136,0.056,0.088,0.485,0.581,0.471,0.286,0.364,0.339,0.719,0.95,0.08,7,0.237,1,0
376,Isaac Bonga,21,WAS,SF,40,8,432,3.2,8.6,0.37,1.4,5.0,0.277,1.8,3.6,0.5,0.451,0.5,0.9,0.625,1.9,5.1,7.0,2.5,1.2,1.0,2.3,6.7,8.3,90.0,114,,bongais01,4.0,0.461,0.58,0.099,4.4,11.7,8.1,6.5,1.2,1.7,20.7,10.2,-0.4,0.4,0.0,-0.001,-5.8,0.0,-5.8,-0.4,16.0,0.16,0.235,0.025,0.0,0.5,0.692,0.421,0.0,,0.277,0.529,1.0,0.012,1,0.617,0,0
377,Dennis Smith Jr.,23,2TM,PG,23,9,420,6.8,17.0,0.4,2.2,6.8,0.328,4.6,10.2,0.448,0.466,2.2,3.0,0.731,1.4,5.0,6.4,9.0,2.7,1.6,3.0,4.3,18.0,105.0,110,,smithde03,13.6,0.492,0.4,0.179,3.1,11.5,7.3,27.8,2.7,2.9,14.3,19.0,0.1,0.5,0.6,0.07,-1.1,1.5,0.4,0.3,16.7,0.228,0.131,0.11,0.131,0.448,0.545,0.421,0.375,0.368,0.328,0.231,0.526,0.014,2,0.052,0,0
377,Dennis Smith Jr.,23,NYK,PG,3,0,28,3.6,17.9,0.2,0.0,7.1,0.0,3.6,10.7,0.333,0.2,8.9,10.7,0.833,0.0,3.6,3.6,5.4,5.4,0.0,1.8,7.1,16.1,84.0,103,,smithde03,6.8,0.356,0.4,0.6,0.0,7.7,3.9,14.4,5.4,0.0,7.3,21.7,-0.1,0.1,0.0,-0.015,-8.5,4.7,-3.8,0.0,18.1,0.1,0.1,0.1,0.3,0.333,1.0,0.0,1.0,0.0,0.0,0.0,,0.0,0,0.0,0,0
377,Dennis Smith Jr.,23,DET,PG,20,9,392,7.0,16.9,0.415,2.4,6.8,0.352,4.6,10.1,0.457,0.485,1.8,2.5,0.7,1.5,5.1,6.6,9.3,2.5,1.8,3.1,4.1,18.1,106.0,110,,smithde03,14.1,0.504,0.4,0.148,3.4,11.8,7.5,28.8,2.5,3.1,14.8,18.8,0.1,0.5,0.6,0.076,-0.6,1.3,0.7,0.3,15.2,0.237,0.133,0.111,0.119,0.457,0.531,0.444,0.333,0.438,0.352,0.243,0.526,0.015,2,0.056,0,0
378,Anthony Lamb,23,HOU,SF,24,3,415,5.2,13.5,0.39,2.6,8.1,0.324,2.6,5.4,0.489,0.487,2.1,2.4,0.857,3.1,4.9,8.0,2.6,0.7,0.6,2.2,3.9,15.2,105.0,118,,lamban01,8.7,0.523,0.602,0.178,6.7,11.5,9.0,7.9,0.7,1.1,13.0,15.0,0.1,0.1,0.2,0.023,-3.4,-2.7,-6.1,-0.4,16.5,0.246,0.153,0.0,0.0,0.489,0.586,0.333,,,0.324,0.522,1.0,0.034,4,0.225,0,0
379,Brodric Thomas,24,2TM,SG,32,1,399,4.8,13.3,0.361,2.0,7.3,0.271,2.8,6.0,0.469,0.435,3.8,5.7,0.674,1.0,5.5,6.5,3.7,1.8,1.2,2.7,4.9,15.4,96.0,114,,thomabr01,8.0,0.487,0.546,0.426,2.2,12.9,7.4,10.7,1.8,2.2,14.6,16.4,-0.3,0.3,0.1,0.006,-4.7,0.3,-4.4,-0.2,19.7,0.231,0.074,0.019,0.13,0.469,0.72,0.125,0.0,0.286,0.271,0.478,0.813,0.056,6,0.22,0,0
379,Brodric Thomas,24,HOU,SG,4,0,24,3.9,13.8,0.286,2.0,11.8,0.167,2.0,2.0,1.0,0.357,9.9,13.8,0.714,2.0,5.9,7.9,7.9,2.0,2.0,7.9,9.9,19.7,88.0,113,,thomabr01,7.2,0.496,0.857,1.0,4.3,13.9,8.9,22.7,2.0,3.7,28.4,24.9,-0.1,0.0,0.0,-0.063,-7.0,0.6,-6.4,0.0,22.3,0.143,0.0,0.0,0.0,1.0,1.0,,,,0.167,0.0,1.0,0.0,0,0.0,0,0
379,Brodric Thomas,24,CLE,SG,28,1,375,4.9,13.3,0.366,2.0,7.0,0.283,2.9,6.3,0.458,0.441,3.4,5.1,0.667,0.9,5.5,6.4,3.4,1.8,1.2,2.4,4.6,15.1,97.0,114,,thomabr01,8.0,0.487,0.525,0.386,2.0,12.8,7.3,9.9,1.8,2.1,13.2,15.8,-0.2,0.3,0.1,0.01,-4.5,0.3,-4.3,-0.2,17.1,0.238,0.079,0.02,0.139,0.458,0.708,0.125,0.0,0.286,0.283,0.5,0.8,0.059,6,0.245,0,0
380,Zeke Nnaji,20,DEN,PF,42,1,397,6.2,12.9,0.481,3.0,7.3,0.407,3.2,5.6,0.578,0.596,1.5,1.9,0.8,1.7,6.3,8.1,1.2,1.0,0.5,0.9,3.6,16.9,124.0,115,,nnajize01,11.3,0.615,0.567,0.144,4.0,14.5,9.3,3.3,1.0,1.0,6.0,12.9,0.6,0.3,0.9,0.104,-0.6,-1.1,-1.7,0.0,16.3,0.212,0.135,0.058,0.029,0.578,0.864,0.214,0.5,0.333,0.407,0.769,0.958,0.058,6,0.407,0,0
381,Amir Coffey,23,LAC,SG,44,1,394,5.7,12.9,0.437,2.9,7.0,0.411,2.8,5.9,0.468,0.549,3.4,4.8,0.711,1.3,4.3,5.5,2.8,1.3,0.0,1.9,3.8,17.6,115.0,114,,coffeam01,10.1,0.585,0.544,0.369,2.9,9.4,6.3,7.4,1.3,0.0,11.1,15.1,0.4,0.3,0.7,0.085,-1.9,-0.1,-2.0,0.0,16.2,0.214,0.146,0.058,0.039,0.468,0.682,0.2,0.5,0.25,0.411,0.636,0.87,0.019,2,0.375,0,0
382,Freddie Gillespie,23,TOR,PF,20,2,392,5.4,10.4,0.524,0.0,0.0,,5.4,10.4,0.524,0.524,2.8,4.1,0.697,5.2,6.8,12.0,1.1,1.6,2.5,1.5,5.3,13.7,120.0,111,,gillefr01,13.4,0.563,0.0,0.393,11.4,16.0,13.6,3.2,1.6,5.1,10.9,12.2,0.5,0.5,0.9,0.116,-3.1,-0.1,-3.2,-0.1,4.5,0.476,0.405,0.119,0.0,0.524,0.675,0.412,0.3,,,0.682,,0.167,12,,0,0
383,E'Twaun Moore,31,PHO,SG,27,1,389,7.0,15.4,0.455,1.4,4.4,0.314,5.6,10.9,0.512,0.5,1.5,1.8,0.857,1.8,3.9,5.7,5.1,1.9,0.6,2.9,4.1,16.9,103.0,112,,mooreet01,10.4,0.523,0.289,0.116,4.2,8.9,6.6,13.7,1.9,1.2,15.3,17.2,0.0,0.4,0.4,0.049,-3.1,0.2,-2.9,-0.1,13.0,0.174,0.314,0.132,0.091,0.512,0.381,0.474,0.75,0.545,0.314,0.432,0.909,0.008,1,0.2,0,0
384,Isaiah Joe,21,PHI,SG,41,1,383,6.0,16.7,0.361,4.9,13.3,0.368,1.1,3.4,0.333,0.508,2.3,3.0,0.75,0.8,3.8,4.5,2.5,1.5,0.5,1.4,4.3,19.3,108.0,111,,joeis01,9.5,0.533,0.797,0.18,1.8,8.5,5.2,7.2,1.5,0.9,7.1,17.4,0.2,0.4,0.6,0.078,-2.0,-1.0,-3.0,-0.1,23.3,0.03,0.045,0.053,0.075,0.333,0.25,0.167,0.429,0.4,0.368,0.556,1.0,0.0,0,0.198,0,0
385,Glenn Robinson III,27,SAC,SF,23,2,369,5.5,12.9,0.424,2.1,5.7,0.364,3.4,7.2,0.473,0.505,2.7,3.0,0.913,1.4,4.4,5.9,2.6,0.5,0.4,1.4,3.0,15.7,112.0,122,,robingl02,9.0,0.554,0.444,0.232,3.3,10.4,6.8,7.0,0.5,0.7,9.2,14.0,0.3,0.0,0.3,0.033,-1.9,-2.2,-4.0,-0.2,14.2,0.202,0.253,0.061,0.04,0.473,0.4,0.64,0.167,0.25,0.364,0.615,1.0,0.04,2,0.591,0,0
386,Nico Mannion,19,GSW,PG,30,1,364,5.0,14.7,0.342,2.8,7.7,0.367,2.2,7.0,0.315,0.439,3.0,3.6,0.821,0.8,5.2,5.9,9.0,2.1,0.1,4.0,3.7,15.9,99.0,111,,mannini01,9.3,0.487,0.526,0.246,1.8,11.5,6.7,25.6,2.1,0.2,19.7,18.5,-0.2,0.4,0.2,0.029,-3.4,-0.5,-3.9,-0.2,18.2,0.114,0.184,0.096,0.079,0.315,0.769,0.286,0.091,0.0,0.367,0.353,0.727,0.009,0,0.083,0,0
387,Trey Lyles,25,SAS,PF,23,9,358,5.8,12.2,0.478,1.9,5.4,0.35,3.9,6.8,0.58,0.556,2.0,3.1,0.652,1.2,10.4,11.7,1.9,0.8,0.1,0.8,1.8,15.6,116.0,114,,lylestr01,11.4,0.574,0.444,0.256,2.6,23.3,12.8,5.3,0.8,0.2,5.7,12.9,0.3,0.3,0.6,0.085,-1.3,-0.5,-1.8,0.0,14.5,0.311,0.1,0.111,0.033,0.58,0.75,0.556,0.3,0.0,0.35,0.69,1.0,0.022,2,0.175,0,0
388,Abdel Nader,27,PHO,SF,24,0,355,7.9,16.1,0.491,2.5,6.0,0.419,5.4,10.2,0.534,0.569,3.9,5.1,0.757,1.0,7.6,8.6,2.6,1.4,1.3,2.6,4.7,22.2,111.0,111,,naderab01,13.4,0.605,0.371,0.319,2.3,17.3,9.9,7.3,1.4,2.3,12.6,19.0,0.3,0.4,0.7,0.095,-1.0,1.0,0.0,0.2,11.7,0.353,0.224,0.043,0.009,0.534,0.683,0.385,0.2,0.0,0.419,0.718,1.0,0.052,6,0.349,0,0
389,Harry Giles,22,POR,C,38,0,348,5.9,13.6,0.433,1.1,3.2,0.348,4.8,10.4,0.459,0.474,2.2,3.8,0.593,4.3,14.3,18.6,4.1,1.1,1.8,2.8,7.6,15.1,106.0,111,,gilesha01,12.4,0.496,0.237,0.278,9.3,32.2,20.4,11.3,1.1,3.3,15.5,15.9,0.1,0.4,0.5,0.069,-3.2,0.2,-2.9,-0.1,10.4,0.392,0.186,0.093,0.093,0.459,0.605,0.333,0.0,0.556,0.348,0.412,1.0,0.113,9,0.174,0,0
390,Luke Kornet,25,2TM,C,31,2,348,6.2,14.1,0.436,2.1,8.3,0.254,4.1,5.9,0.69,0.51,0.4,0.8,0.5,2.0,7.4,9.4,3.4,0.6,4.5,1.0,2.8,14.8,112.0,110,,kornelu01,13.3,0.511,0.584,0.059,4.4,17.0,10.7,9.5,0.6,8.5,6.3,13.7,0.2,0.5,0.7,0.095,-0.8,1.6,0.8,0.3,18.3,0.297,0.099,0.01,0.01,0.69,0.767,0.5,0.0,1.0,0.254,0.724,1.0,0.129,13,0.186,0,0
390,Luke Kornet,25,CHI,C,13,0,94,4.6,13.9,0.333,3.1,11.9,0.261,1.5,2.1,0.75,0.444,1.0,2.1,0.5,0.5,7.2,7.7,2.1,1.0,3.6,0.5,0.5,13.4,97.0,109,,kornelu01,9.8,0.452,0.852,0.148,1.2,16.3,8.8,5.5,1.0,6.5,3.4,13.7,0.0,0.1,0.1,0.047,-0.7,1.2,0.5,0.1,22.4,0.111,0.037,0.0,0.0,0.75,0.667,1.0,,,0.261,0.667,1.0,0.037,1,0.174,0,0
390,Luke Kornet,25,BOS,C,18,2,254,6.7,14.2,0.473,1.7,6.9,0.25,5.0,7.3,0.684,0.534,0.2,0.4,0.5,2.5,7.5,10.0,3.8,0.4,4.8,1.2,3.7,15.4,117.0,110,,kornelu01,14.5,0.534,0.486,0.027,5.7,17.2,11.4,10.9,0.4,9.2,7.4,13.7,0.3,0.3,0.6,0.113,-0.8,1.8,0.9,0.2,14.2,0.365,0.122,0.014,0.014,0.684,0.778,0.444,0.0,1.0,0.25,0.731,1.0,0.162,12,0.194,0,0
391,Jahlil Okafor,25,DET,C,27,2,347,8.9,14.4,0.618,0.3,1.3,0.222,8.6,13.1,0.656,0.627,2.4,3.4,0.708,3.3,6.1,9.3,1.8,0.8,0.7,3.0,5.5,20.5,114.0,115,,okafoja01,13.1,0.644,0.088,0.235,7.3,13.9,10.6,6.1,0.8,1.3,15.7,16.8,0.3,0.3,0.6,0.082,-2.5,-0.7,-3.2,-0.1,5.9,0.52,0.304,0.059,0.029,0.656,0.717,0.613,0.333,0.667,0.222,0.475,1.0,0.118,11,0.111,0,0
392,Chandler Hutchison,24,2TM,SF,25,1,346,5.2,13.9,0.379,1.1,3.0,0.364,4.2,10.9,0.383,0.417,2.8,3.4,0.84,0.8,9.7,10.5,2.3,1.6,0.7,2.7,4.4,14.4,89.0,111,,hutchch01,6.8,0.469,0.214,0.243,1.9,22.2,12.1,6.3,1.6,1.2,14.9,16.2,-0.5,0.4,-0.1,-0.007,-5.7,0.2,-5.6,-0.3,8.8,0.252,0.437,0.068,0.029,0.383,0.346,0.422,0.286,0.333,0.364,0.871,1.0,0.058,4,0.818,1,0
392,Chandler Hutchison,24,CHI,SF,7,0,64,3.8,13.6,0.278,0.8,2.3,0.333,3.0,11.4,0.267,0.306,1.5,1.5,1.0,0.8,14.4,15.1,3.0,0.8,0.0,3.8,6.8,9.8,67.0,111,,hutchch01,0.4,0.344,0.167,0.111,1.8,32.6,17.3,7.9,0.8,0.0,20.9,16.2,-0.2,0.1,-0.1,-0.103,-9.3,-0.7,-10.0,-0.1,7.8,0.5,0.278,0.056,0.0,0.267,0.222,0.4,0.0,,0.333,1.0,1.0,0.111,2,0.333,1,0
392,Chandler Hutchison,24,WAS,SF,18,1,282,5.6,13.9,0.4,1.1,3.1,0.368,4.4,10.8,0.409,0.441,3.1,3.8,0.826,0.8,8.7,9.5,2.1,1.8,0.8,2.5,3.9,15.4,94.0,111,,hutchch01,8.2,0.494,0.224,0.271,1.9,19.9,10.9,6.0,1.8,1.5,13.6,16.2,-0.2,0.3,0.1,0.014,-4.9,0.3,-4.5,-0.2,9.8,0.2,0.471,0.071,0.035,0.409,0.412,0.425,0.333,0.333,0.368,0.852,1.0,0.047,2,0.895,0,0
393,Josh Hall,20,OKC,SF,21,1,336,4.2,14.0,0.303,0.6,5.2,0.108,3.7,8.8,0.419,0.323,3.1,6.2,0.5,0.8,7.5,8.3,4.0,0.6,0.1,3.5,5.2,12.2,73.0,117,,halljo01,1.0,0.363,0.374,0.444,1.8,16.6,9.1,11.6,0.6,0.3,17.4,18.1,-1.1,0.2,-0.9,-0.126,-9.7,-2.2,-11.9,-0.8,13.9,0.152,0.333,0.111,0.03,0.419,0.6,0.333,0.455,0.333,0.108,0.462,1.0,0.01,1,0.135,1,0
394,Mason Jones,22,2TM,SG,32,1,334,7.4,17.5,0.423,3.4,9.4,0.364,4.0,8.1,0.491,0.52,5.7,9.1,0.625,1.0,6.8,7.8,6.0,1.0,0.1,4.1,3.4,23.8,104.0,117,,jonesma05,12.1,0.556,0.537,0.52,2.2,16.0,8.8,18.9,1.0,0.3,16.1,23.0,0.0,0.2,0.2,0.028,-1.4,-1.2,-2.7,-0.1,13.7,0.171,0.163,0.057,0.073,0.491,0.619,0.4,0.571,0.333,0.364,0.5,0.708,0.008,1,0.106,0,0
394,Mason Jones,22,HOU,SG,26,1,307,7.2,17.6,0.412,3.5,9.9,0.359,3.7,7.7,0.48,0.513,5.4,8.8,0.614,0.6,7.2,7.9,6.0,0.9,0.2,4.3,3.4,23.4,101.0,117,,jonesma05,11.1,0.546,0.561,0.5,1.3,17.0,8.9,19.1,0.9,0.3,16.8,23.1,-0.1,0.1,0.0,0.007,-1.9,-1.4,-3.3,-0.1,18.3,0.149,0.158,0.061,0.07,0.48,0.588,0.389,0.571,0.375,0.359,0.5,0.696,0.0,0,0.109,0,0
394,Mason Jones,22,PHI,SG,6,0,27,8.9,16.1,0.556,1.8,3.6,0.5,7.1,12.5,0.571,0.611,8.9,12.5,0.714,5.4,1.8,7.1,5.4,1.8,0.0,1.8,3.6,28.6,140.0,112,,jonesma05,23.5,0.662,0.222,0.778,12.5,4.0,8.2,16.6,1.8,0.0,7.6,20.8,0.1,0.0,0.2,0.27,4.6,0.2,4.8,0.0,9.1,0.444,0.222,0.0,0.111,0.571,0.75,0.5,,0.0,0.5,0.5,1.0,0.111,1,0.0,0,0
395,Shaquille Harrison,27,2TM,SG,34,0,333,3.8,11.5,0.333,0.4,2.4,0.188,3.4,9.2,0.371,0.353,2.7,3.3,0.818,1.0,6.1,7.1,3.7,2.5,0.7,1.6,4.9,10.8,94.0,110,,harrish01,6.8,0.416,0.205,0.282,2.4,13.7,8.1,9.5,2.5,1.5,11.1,12.9,-0.2,0.4,0.2,0.03,-5.5,1.5,-4.1,-0.2,8.7,0.385,0.295,0.051,0.064,0.371,0.567,0.087,0.25,0.6,0.188,0.304,1.0,0.026,2,0.563,0,0
395,Shaquille Harrison,27,UTA,SG,17,0,56,5.2,17.4,0.3,0.0,1.7,0.0,5.2,15.7,0.333,0.3,4.3,5.2,0.833,2.6,5.2,7.8,7.8,1.7,0.0,4.3,2.6,14.8,88.0,110,,harrish01,6.5,0.375,0.1,0.3,5.9,10.9,8.5,21.5,1.7,0.0,18.1,21.3,-0.1,0.1,0.0,-0.033,-6.4,-0.3,-6.7,-0.1,7.5,0.4,0.35,0.1,0.05,0.333,0.5,0.0,0.5,1.0,0.0,0.167,,0.0,0,0.5,0,0
395,Shaquille Harrison,27,DEN,SG,17,0,277,3.6,10.3,0.345,0.5,2.5,0.214,3.0,7.9,0.386,0.371,2.3,2.9,0.813,0.7,6.2,7.0,2.9,2.7,0.9,1.1,5.4,10.0,97.0,110,,harrish01,6.9,0.431,0.241,0.276,1.6,14.3,8.0,7.1,2.7,1.8,8.4,11.2,-0.1,0.4,0.2,0.042,-5.4,1.8,-3.6,-0.1,9.9,0.379,0.276,0.034,0.069,0.386,0.591,0.125,0.0,0.5,0.214,0.353,1.0,0.034,2,0.571,0,0
396,Matt Thomas,26,2TM,SG,45,0,326,7.4,18.9,0.394,4.0,11.9,0.338,3.4,7.0,0.489,0.5,1.8,2.1,0.857,1.0,5.5,6.5,2.8,0.6,0.0,2.1,2.7,20.7,103.0,115,,thomama02,9.1,0.522,0.63,0.11,2.3,12.2,7.3,8.6,0.6,0.0,9.5,19.5,0.0,0.2,0.2,0.031,-2.6,-2.0,-4.6,-0.2,21.0,0.063,0.063,0.071,0.173,0.489,0.625,0.25,0.556,0.5,0.338,0.696,0.963,0.0,0,0.213,1,0
396,Matt Thomas,26,TOR,SG,26,0,192,6.0,15.6,0.387,4.3,10.3,0.415,1.8,5.3,0.333,0.524,1.5,1.8,0.857,0.8,4.5,5.3,2.3,0.5,0.0,1.5,2.5,17.9,106.0,118,,thomama02,8.2,0.545,0.661,0.113,1.7,10.7,6.0,6.7,0.5,0.0,8.4,16.0,0.0,0.1,0.1,0.028,-1.9,-2.0,-3.9,-0.1,21.0,0.065,0.065,0.048,0.161,0.333,0.25,0.25,0.667,0.3,0.415,0.714,0.941,0.0,0,0.195,0,0
396,Matt Thomas,26,UTA,SG,19,0,134,9.5,23.6,0.4,3.6,14.2,0.256,5.8,9.5,0.615,0.477,2.2,2.5,0.857,1.5,6.9,8.4,3.6,0.7,0.0,2.9,2.9,24.7,100.0,112,,thomama02,10.5,0.499,0.6,0.108,3.3,14.4,9.1,11.3,0.7,0.0,10.5,24.5,-0.1,0.2,0.1,0.034,-3.5,-2.0,-5.5,-0.1,21.0,0.062,0.062,0.092,0.185,0.615,1.0,0.25,0.5,0.667,0.256,0.688,1.0,0.0,0,0.231,1,0
397,Kelan Martin,25,IND,SF,35,0,322,9.1,20.3,0.449,3.5,8.8,0.4,5.6,11.4,0.487,0.536,1.3,1.5,0.9,2.6,8.8,11.4,2.5,1.5,1.5,2.3,5.1,23.0,105.0,111,,martike03,13.9,0.551,0.435,0.072,6.1,20.1,13.1,7.5,1.5,2.5,10.1,20.9,0.1,0.4,0.4,0.066,-1.1,-1.3,-2.4,0.0,14.8,0.283,0.138,0.065,0.08,0.487,0.564,0.368,0.111,0.727,0.4,0.526,0.917,0.029,3,0.233,0,0
398,Frank Ntilikina,22,NYK,PG,33,4,322,4.5,12.3,0.367,3.6,7.5,0.479,0.9,4.8,0.194,0.513,1.2,2.8,0.444,0.9,3.9,4.8,3.0,2.8,0.6,1.7,7.0,13.8,102.0,108,,ntilila01,7.7,0.512,0.608,0.228,2.0,8.3,5.2,8.1,2.8,1.2,11.2,13.6,0.0,0.5,0.5,0.07,-4.2,2.5,-1.7,0.0,20.5,0.038,0.076,0.152,0.127,0.194,0.667,0.167,0.167,0.1,0.479,0.0,0.957,0.0,0,0.354,1,0
399,Jaylen Hoard,21,OKC,SF,19,0,320,6.5,13.1,0.5,0.0,1.6,0.0,6.5,11.4,0.571,0.5,4.2,6.1,0.683,3.1,6.5,9.7,3.6,1.9,0.7,2.5,2.8,17.2,109.0,113,,hoardja01,13.4,0.547,0.125,0.466,6.7,14.5,10.6,11.2,1.9,1.4,13.8,16.3,0.2,0.3,0.5,0.07,-2.2,-0.3,-2.5,0.0,6.0,0.602,0.227,0.034,0.011,0.571,0.698,0.25,0.333,1.0,0.0,0.636,,0.091,6,0.545,0,0
400,JaKarr Sampson,27,IND,PF,29,4,316,8.4,16.9,0.496,0.4,2.2,0.2,7.9,14.7,0.541,0.509,2.8,4.3,0.655,4.0,7.5,11.5,0.6,0.3,2.1,2.2,7.8,20.0,104.0,114,,sampsja02,10.9,0.533,0.133,0.257,9.3,17.1,13.2,1.8,0.3,3.6,10.7,19.0,0.0,0.3,0.3,0.044,-5.2,-2.3,-7.5,-0.4,6.8,0.478,0.327,0.027,0.035,0.541,0.519,0.541,0.667,0.75,0.2,0.698,1.0,0.071,6,0.6,0,0
401,Justin James,24,SAC,SF,36,0,310,8.1,17.2,0.468,2.2,5.9,0.368,5.9,11.3,0.521,0.532,3.3,5.6,0.583,1.4,3.3,4.6,3.4,1.2,0.5,2.3,3.6,21.5,106.0,121,,jamesju01,11.3,0.548,0.342,0.324,3.2,7.6,5.4,9.9,1.2,0.8,10.6,19.7,0.1,0.0,0.1,0.02,-2.0,-2.3,-4.3,-0.2,13.2,0.198,0.297,0.108,0.054,0.521,0.682,0.424,0.667,0.167,0.368,0.658,1.0,0.063,5,0.342,1,0
402,Luka Šamanić,21,SAS,PF,33,4,308,7.4,16.5,0.448,1.9,6.8,0.279,5.5,9.8,0.565,0.505,2.5,4.6,0.552,2.5,8.2,10.7,2.4,1.3,1.3,3.2,6.8,19.2,97.0,112,,samanlu01,9.8,0.518,0.41,0.276,5.4,18.3,11.7,6.9,1.3,2.2,14.5,19.5,-0.2,0.3,0.1,0.015,-4.2,-0.7,-4.9,-0.2,12.9,0.324,0.21,0.029,0.029,0.565,0.735,0.364,0.0,0.667,0.279,0.571,1.0,0.048,4,0.093,0,0
403,Jerome Robinson,23,WAS,SG,17,6,305,4.2,14.4,0.295,1.7,6.3,0.262,2.6,8.0,0.321,0.353,2.4,3.0,0.8,0.6,5.1,5.7,3.8,1.8,0.9,2.9,4.7,12.5,81.0,113,,robinje01,4.1,0.4,0.442,0.211,1.4,11.8,6.6,10.2,1.8,1.6,15.5,16.7,-0.7,0.3,-0.4,-0.057,-6.9,-0.1,-7.0,-0.4,17.2,0.053,0.179,0.179,0.147,0.321,0.6,0.294,0.235,0.357,0.262,0.529,1.0,0.011,1,0.262,0,0
404,Trent Forrest,22,UTA,PG,30,0,302,5.2,11.5,0.451,0.8,4.2,0.192,4.4,7.3,0.6,0.486,3.1,3.1,1.0,1.8,5.3,7.1,7.3,1.5,0.6,3.4,3.5,14.2,113.0,110,,forretr01,11.2,0.554,0.366,0.268,4.0,11.1,7.7,19.9,1.5,1.1,20.9,14.3,0.3,0.4,0.7,0.106,-2.5,1.2,-1.3,0.1,12.8,0.211,0.296,0.113,0.014,0.6,0.533,0.524,0.875,1.0,0.192,0.259,1.0,0.028,2,0.654,0,0
405,Ed Davis,31,MIN,C,23,7,299,3.0,7.0,0.432,0.0,0.0,,3.0,7.0,0.432,0.432,1.6,1.9,0.833,7.3,10.9,18.2,3.3,2.1,2.1,1.1,8.8,7.6,130.0,110,,davised01,13.1,0.487,0.0,0.273,16.1,26.0,20.8,9.0,2.1,3.8,12.4,7.9,0.5,0.4,0.8,0.135,-3.3,1.1,-2.2,0.0,1.9,0.727,0.273,0.0,0.0,0.432,0.469,0.333,,,,0.368,,0.159,7,,0,0
406,Paul Watson,26,TOR,SF,27,2,297,6.2,13.4,0.463,4.9,10.4,0.469,1.3,2.9,0.444,0.646,0.8,1.3,0.625,0.7,6.7,7.3,2.8,1.0,0.5,1.5,5.9,18.1,120.0,115,,watsopa01,10.9,0.649,0.78,0.098,1.4,15.7,8.3,8.2,1.0,1.0,9.5,13.7,0.4,0.2,0.6,0.096,-0.8,-0.6,-1.3,0.1,20.5,0.098,0.085,0.037,0.0,0.444,0.875,0.143,0.0,,0.469,0.375,0.867,0.024,2,0.406,0,0
407,Romeo Langford,21,BOS,SG,18,4,283,3.6,10.2,0.356,0.9,3.1,0.278,2.8,7.1,0.39,0.398,1.6,2.1,0.75,2.1,4.0,6.0,2.2,1.0,0.9,1.7,4.1,9.7,95.0,116,,langfro01,5.1,0.436,0.305,0.203,4.7,9.1,6.9,5.9,1.0,1.7,13.5,11.3,-0.2,0.2,0.0,0.003,-4.9,0.2,-4.6,-0.2,11.7,0.339,0.186,0.102,0.068,0.39,0.65,0.273,0.0,0.0,0.278,0.375,1.0,0.051,3,0.444,0,0
408,Vlatko Čančar,23,DEN,PF,41,1,281,5.8,12.7,0.458,1.6,5.8,0.273,4.2,6.9,0.615,0.521,1.8,2.3,0.769,1.9,6.9,8.8,2.5,1.9,0.4,2.5,3.2,15.0,104.0,112,,cancavl01,9.7,0.547,0.458,0.181,4.5,15.7,10.1,6.4,1.9,0.7,15.3,14.2,0.0,0.3,0.3,0.053,-2.6,0.0,-2.6,0.0,14.1,0.319,0.167,0.042,0.014,0.615,0.696,0.5,0.333,1.0,0.273,0.75,1.0,0.069,4,0.273,1,0
409,Mfiondu Kabengele,23,2TM,PF,39,0,280,5.8,15.7,0.371,2.3,8.8,0.26,3.5,6.9,0.513,0.444,2.8,3.5,0.8,2.1,8.5,10.6,3.0,1.4,2.3,2.6,6.3,16.8,97.0,111,,kabenmf01,9.5,0.486,0.562,0.225,4.7,19.4,12.0,8.7,1.4,4.1,13.3,17.7,-0.2,0.3,0.2,0.026,-4.3,0.1,-4.3,-0.2,16.3,0.27,0.09,0.056,0.022,0.513,0.667,0.375,0.2,0.0,0.26,0.5,0.923,0.101,9,0.26,0,0
409,Mfiondu Kabengele,23,LAC,PF,23,0,94,4.7,16.9,0.281,2.1,9.5,0.222,2.6,7.4,0.357,0.344,2.6,3.2,0.833,0.5,6.8,7.4,2.6,1.1,1.6,3.2,9.5,14.2,78.0,111,,kabenmf01,1.4,0.39,0.563,0.188,1.2,15.1,8.4,6.9,1.1,2.8,14.8,19.2,-0.3,0.1,-0.1,-0.075,-9.2,-0.9,-10.1,-0.2,17.0,0.125,0.188,0.063,0.063,0.357,0.75,0.333,0.0,0.0,0.222,0.8,0.75,0.063,2,0.278,0,0
409,Mfiondu Kabengele,23,CLE,PF,16,0,186,6.4,15.1,0.421,2.4,8.5,0.281,4.0,6.6,0.6,0.5,2.9,3.7,0.786,2.9,9.3,12.2,3.2,1.6,2.7,2.4,4.8,18.0,107.0,111,,kabenmf01,13.7,0.538,0.561,0.246,6.5,21.6,13.8,9.7,1.6,4.8,12.5,16.9,0.1,0.2,0.3,0.078,-1.9,0.6,-1.3,0.0,15.6,0.351,0.035,0.053,0.0,0.6,0.65,0.5,0.333,,0.281,0.4,1.0,0.123,7,0.25,0,0
410,Nathan Knight,23,ATL,PF,33,0,279,6.5,17.6,0.37,1.1,5.8,0.182,5.5,11.8,0.463,0.4,7.8,9.7,0.8,4.8,7.9,12.7,1.4,1.6,1.8,2.6,3.9,21.9,106.0,112,,knighna01,13.9,0.499,0.33,0.55,10.8,17.3,14.1,4.0,1.6,3.2,10.8,21.7,0.1,0.3,0.4,0.07,-2.6,-1.0,-3.7,-0.1,10.1,0.41,0.21,0.04,0.01,0.463,0.561,0.381,0.0,0.0,0.182,0.774,1.0,0.18,15,0.515,0,0
411,Carsen Edwards,22,BOS,SG,31,1,276,8.3,19.6,0.423,3.2,11.2,0.286,5.1,8.5,0.604,0.505,1.9,2.3,0.846,0.5,4.1,4.6,2.5,1.2,0.2,1.2,4.4,21.8,108.0,116,,edwarca01,10.2,0.527,0.568,0.117,1.2,9.4,5.2,7.4,1.2,0.3,5.7,19.3,0.1,0.2,0.3,0.051,-3.2,-1.3,-4.5,-0.2,17.7,0.216,0.072,0.018,0.126,0.604,0.792,0.375,0.5,0.429,0.286,0.586,0.667,0.009,1,0.27,0,0
412,Jordan Nwora,22,MIL,SF,30,2,274,10.6,23.1,0.459,4.8,10.6,0.452,5.8,12.5,0.466,0.563,3.3,4.3,0.76,1.5,8.7,10.3,1.2,2.7,1.2,4.1,3.8,29.3,102.0,108,,nworajo01,16.1,0.586,0.459,0.185,3.6,18.9,11.5,3.6,2.7,2.3,14.1,26.0,0.0,0.4,0.4,0.068,-0.7,-0.4,-1.1,0.1,16.8,0.193,0.133,0.096,0.119,0.466,0.577,0.389,0.308,0.5,0.452,0.441,0.643,0.022,1,0.194,1,0
413,Boban Marjanović,32,DAL,C,33,3,271,11.3,22.2,0.508,0.2,1.5,0.125,11.1,20.7,0.535,0.512,5.6,6.9,0.816,8.6,14.7,23.3,1.8,0.4,1.1,2.2,5.3,28.4,121.0,111,,marjabo01,22.6,0.562,0.066,0.311,19.3,32.7,26.0,5.9,0.4,2.1,8.0,24.6,0.7,0.3,1.0,0.183,1.9,-2.6,-0.8,0.1,6.3,0.443,0.352,0.098,0.041,0.535,0.741,0.349,0.333,0.4,0.125,0.607,1.0,0.156,17,0.0,0,0
414,Thomas Bryant,23,WAS,C,10,10,271,10.0,15.5,0.648,1.5,3.6,0.429,8.5,11.9,0.714,0.698,2.7,4.1,0.667,3.1,7.3,10.4,2.6,0.7,1.4,1.9,5.3,24.3,132.0,114,,bryanth01,18.7,0.704,0.231,0.264,7.1,16.8,11.9,8.2,0.7,2.5,9.8,17.2,0.7,0.2,1.0,0.171,1.4,-0.6,0.9,0.2,10.3,0.374,0.231,0.088,0.077,0.714,0.912,0.762,0.375,0.0,0.429,0.72,1.0,0.286,24,0.048,0,0
415,Tre Jones,21,SAS,PG,37,1,269,6.7,14.1,0.474,0.5,0.9,0.6,6.1,13.2,0.466,0.494,3.1,3.4,0.895,1.4,2.3,3.8,7.0,1.4,0.0,2.3,2.3,17.0,112.0,117,,jonestr01,12.1,0.544,0.064,0.244,3.1,5.2,4.2,20.0,1.4,0.0,13.1,16.1,0.2,0.1,0.4,0.066,-2.2,-1.3,-3.5,-0.1,6.9,0.397,0.333,0.192,0.013,0.466,0.742,0.231,0.333,0.0,0.6,0.412,0.333,0.026,2,0.4,0,0
416,Skylar Mays,23,ATL,SG,33,0,269,8.0,17.9,0.449,2.6,7.3,0.35,5.5,10.6,0.517,0.52,4.0,4.6,0.88,1.8,4.6,6.4,5.5,2.6,0.4,1.6,2.7,22.7,121.0,113,,mayssk01,16.8,0.569,0.408,0.255,4.2,10.0,7.1,16.4,2.6,0.7,7.6,19.1,0.5,0.3,0.8,0.14,1.2,0.7,1.9,0.3,13.3,0.408,0.061,0.051,0.071,0.517,0.55,0.5,0.4,0.429,0.35,0.4,0.929,0.051,4,0.25,0,0
417,Alfonzo McKinnie,28,LAL,SF,39,0,258,9.1,17.5,0.516,3.0,7.4,0.41,6.0,10.2,0.593,0.602,1.9,3.4,0.556,4.1,6.0,10.2,1.1,1.3,0.0,0.9,4.9,23.0,123.0,110,,mckinal01,15.5,0.604,0.419,0.194,9.6,13.9,11.8,3.6,1.3,0.0,4.7,17.8,0.5,0.3,0.8,0.156,0.3,-0.8,-0.4,0.1,13.5,0.323,0.151,0.043,0.065,0.593,0.7,0.429,0.5,0.5,0.41,0.594,0.938,0.097,8,0.333,0,0
418,Jaren Jackson Jr.,21,MEM,C,11,4,258,9.8,23.2,0.424,3.2,11.1,0.283,6.7,12.0,0.554,0.492,6.5,7.8,0.833,3.2,8.3,11.5,2.2,2.2,3.3,2.8,7.8,29.3,109.0,106,,jacksja02,18.0,0.551,0.48,0.336,6.9,18.7,12.7,6.8,2.2,6.3,9.5,25.9,0.2,0.5,0.7,0.123,-0.7,0.7,0.1,0.1,14.7,0.192,0.28,0.04,0.008,0.554,0.708,0.486,0.4,0.0,0.283,0.667,1.0,0.104,11,0.267,1,0
419,Ignas Brazdeikis,22,3TM,SF,13,0,249,6.8,16.2,0.422,2.2,5.5,0.393,4.7,10.8,0.436,0.488,2.0,2.7,0.714,2.2,6.6,8.8,3.3,0.8,0.6,2.3,4.3,17.8,101.0,116,,brazdig01,9.5,0.51,0.337,0.169,4.5,14.7,9.4,10.5,0.8,1.1,11.9,17.6,-0.1,0.1,0.1,0.016,-3.2,-2.1,-5.3,-0.2,13.5,0.289,0.229,0.048,0.096,0.436,0.542,0.421,0.0,0.375,0.393,0.542,0.909,0.0,0,0.25,1,0
419,Ignas Brazdeikis,22,NYK,SF,4,0,7,0.0,7.1,0.0,0.0,0.0,,0.0,7.1,0.0,0.0,14.3,14.3,1.0,7.1,7.1,14.3,7.1,0.0,0.0,7.1,0.0,14.3,103.0,113,,brazdig01,11.2,0.532,0.0,2.0,15.7,15.3,15.5,17.5,0.0,0.0,34.7,18.3,0.0,0.0,0.0,0.039,-2.9,-1.2,-4.1,0.0,14.9,0.0,0.0,1.0,0.0,0.0,,,0.0,,,,,0.0,0,,0,0
419,Ignas Brazdeikis,22,PHI,SF,1,0,8,0.0,18.1,0.0,0.0,6.0,0.0,0.0,12.1,0.0,0.0,0.0,0.0,,0.0,12.1,12.1,0.0,0.0,0.0,0.0,0.0,0.0,0.0,111,,brazdig01,-12.0,0.0,0.333,0.0,0.0,27.0,13.8,0.0,0.0,0.0,0.0,16.1,-0.1,0.0,-0.1,-0.33,-15.2,-6.2,-21.4,0.0,12.4,0.333,0.0,0.333,0.0,0.0,0.0,,0.0,,0.0,,,0.0,0,1.0,0,0
419,Ignas Brazdeikis,22,ORL,SF,8,0,234,7.3,16.4,0.443,2.3,5.6,0.407,5.0,10.8,0.462,0.513,1.7,2.5,0.667,2.1,6.4,8.5,3.3,0.8,0.6,2.3,4.6,18.5,103.0,117,,brazdig01,10.2,0.528,0.342,0.152,4.3,14.2,9.1,10.6,0.8,1.2,11.5,17.6,0.0,0.1,0.1,0.027,-2.8,-2.0,-4.8,-0.2,13.1,0.291,0.241,0.025,0.101,0.462,0.565,0.421,0.0,0.375,0.407,0.542,0.909,0.0,0,0.222,1,0
420,Justin Patton,23,HOU,C,13,6,247,5.6,13.4,0.414,1.7,6.5,0.265,3.8,6.9,0.556,0.479,0.6,0.8,0.75,2.7,6.7,9.4,2.7,2.3,2.7,0.8,6.5,13.4,108.0,111,,pattoju01,11.6,0.488,0.486,0.057,5.8,15.8,10.6,8.1,2.3,5.1,5.3,13.0,0.1,0.3,0.4,0.076,-3.6,1.4,-2.2,0.0,15.0,0.243,0.171,0.043,0.057,0.556,0.706,0.333,0.667,0.5,0.265,0.7,1.0,0.114,7,0.5,0,0
421,Keita Bates-Diop,25,SAS,SF,30,0,245,5.9,13.3,0.448,1.0,3.4,0.294,5.0,9.9,0.5,0.485,2.8,4.2,0.667,1.8,7.9,9.7,2.4,2.2,1.0,1.4,2.2,15.6,106.0,111,,bateske01,12.0,0.518,0.254,0.313,3.8,17.7,10.6,6.6,2.2,1.7,8.4,14.8,0.1,0.3,0.3,0.068,-2.3,0.4,-1.9,0.0,9.7,0.388,0.284,0.045,0.03,0.5,0.808,0.158,0.333,0.0,0.294,0.64,1.0,0.03,2,0.529,0,0
422,Wenyen Gabriel,23,NOP,PF,21,0,241,4.8,11.9,0.4,2.6,6.4,0.406,2.2,5.6,0.393,0.508,2.2,3.4,0.647,4.0,6.8,10.7,2.2,1.8,1.6,3.0,6.4,14.3,104.0,112,,gabriwe01,9.8,0.533,0.533,0.283,9.0,15.3,12.2,5.9,1.8,3.1,18.2,14.4,0.0,0.3,0.3,0.052,-3.2,-0.1,-3.3,-0.1,15.0,0.35,0.083,0.033,0.0,0.393,0.429,0.2,0.5,,0.406,0.364,1.0,0.067,2,0.313,1,0
423,Tremont Waters,23,BOS,PG,26,3,238,7.0,17.2,0.405,3.1,7.8,0.395,3.9,9.4,0.413,0.494,3.3,3.5,0.941,1.0,3.3,4.3,12.7,3.1,0.2,5.5,3.5,20.3,108.0,112,,watertr01,14.6,0.541,0.452,0.202,2.3,7.5,4.9,36.4,3.1,0.4,22.8,21.4,0.2,0.2,0.4,0.08,0.4,-0.1,0.3,0.1,16.1,0.131,0.262,0.083,0.071,0.413,0.636,0.364,0.429,0.167,0.395,0.053,0.333,0.0,0,0.132,0,0
424,Mike James,30,BRK,PG,13,1,236,6.9,18.8,0.37,2.2,6.3,0.355,4.7,12.5,0.377,0.429,4.3,5.5,0.778,0.6,5.9,6.5,11.0,1.2,0.2,4.1,2.0,20.4,103.0,116,,jamesmi02,11.9,0.481,0.337,0.293,1.5,12.9,7.5,30.6,1.2,0.4,16.1,22.9,0.0,0.1,0.1,0.028,-2.1,-2.3,-4.4,-0.1,14.5,0.13,0.272,0.152,0.109,0.377,0.167,0.48,0.357,0.4,0.355,0.174,0.455,0.022,1,0.226,0,0
425,Kyle Guy,23,SAC,PG,31,0,235,5.9,18.0,0.33,2.7,9.4,0.283,3.3,8.6,0.381,0.403,3.3,4.1,0.8,1.0,6.1,7.1,6.5,1.2,0.0,2.2,4.1,17.8,99.0,119,,guyky01,8.5,0.449,0.523,0.227,2.3,14.4,8.3,17.9,1.2,0.0,10.2,19.7,-0.1,0.1,-0.1,-0.015,-3.7,-2.1,-5.8,-0.2,16.2,0.159,0.193,0.068,0.057,0.381,0.5,0.176,0.5,0.6,0.283,0.563,0.923,0.011,0,0.37,0,0
426,Sam Merrill,24,MIL,SG,30,2,233,6.4,14.5,0.444,4.2,9.5,0.447,2.2,5.0,0.44,0.59,0.8,0.8,1.0,1.2,4.8,6.0,4.2,1.6,0.2,2.0,3.4,17.9,118.0,114,,merrisa01,11.9,0.603,0.653,0.056,2.8,10.4,6.8,11.4,1.6,0.4,11.9,15.0,0.3,0.2,0.5,0.102,-0.7,-0.3,-1.0,0.1,19.8,0.139,0.083,0.056,0.069,0.44,0.5,0.0,0.75,0.6,0.447,0.545,0.81,0.028,2,0.085,0,0
427,Chris Chiozza,25,BRK,PG,22,1,232,6.4,18.3,0.352,2.7,8.7,0.31,3.7,9.6,0.391,0.426,2.7,3.5,0.765,0.6,4.4,5.0,13.5,1.5,1.2,3.3,4.0,18.3,108.0,115,,chiozch01,12.9,0.461,0.477,0.193,1.5,9.5,5.7,36.9,1.5,2.3,14.4,21.0,0.1,0.2,0.3,0.063,-0.1,-0.6,-0.7,0.1,16.4,0.193,0.159,0.08,0.091,0.391,0.529,0.286,0.286,0.375,0.31,0.389,0.462,0.0,0,0.024,1,0
428,Bruno Fernando,22,ATL,C,33,0,226,3.9,9.6,0.409,0.0,0.4,0.0,3.9,9.1,0.429,0.409,3.3,4.8,0.682,3.5,13.5,17.0,2.2,0.9,0.7,4.6,5.0,11.1,86.0,111,,fernabr01,6.2,0.475,0.045,0.5,7.9,29.4,18.9,5.8,0.9,1.2,28.1,14.4,-0.3,0.3,-0.1,-0.019,-6.1,-0.4,-6.5,-0.3,4.5,0.659,0.182,0.068,0.045,0.429,0.586,0.0,0.333,0.0,0.0,0.833,,0.205,6,0.5,0,0
429,Matthew Dellavedova,30,CLE,PG,13,1,224,3.1,12.3,0.25,0.9,5.5,0.16,2.2,6.8,0.323,0.286,0.9,0.9,1.0,1.3,4.0,5.3,12.8,0.9,0.2,1.3,4.6,7.9,101.0,118,,dellama01,7.3,0.312,0.446,0.071,2.9,9.2,6.0,35.3,0.9,0.4,9.4,12.4,-0.1,0.1,0.0,0.005,-4.5,-1.9,-6.4,-0.3,14.3,0.161,0.321,0.071,0.0,0.323,0.222,0.389,0.25,,0.16,0.4,0.75,0.0,0,0.16,0,0
430,Anthony Gill,28,WAS,PF,26,4,218,6.3,12.7,0.5,1.5,5.1,0.292,4.9,7.6,0.639,0.558,2.7,3.4,0.813,3.4,7.4,10.8,2.3,2.1,0.8,1.7,5.7,16.9,120.0,111,,gillan01,13.7,0.597,0.4,0.267,7.8,17.0,12.4,6.7,2.1,1.5,10.7,14.2,0.3,0.3,0.6,0.123,-1.6,0.3,-1.3,0.0,12.4,0.267,0.317,0.0,0.017,0.639,0.813,0.526,,0.0,0.292,0.783,0.857,0.05,2,0.375,0,0
431,Sindarius Thornwell,26,2TM,SG,21,1,217,3.3,10.3,0.326,1.6,5.1,0.304,1.8,5.1,0.348,0.402,0.9,1.8,0.5,0.7,3.3,4.0,4.7,2.9,0.4,1.6,3.3,9.1,93.0,114,,thornsi01,6.6,0.414,0.5,0.174,1.4,7.4,4.4,13.0,2.9,0.9,12.4,11.1,-0.2,0.2,0.0,0.009,-5.7,0.9,-4.7,-0.2,15.3,0.13,0.261,0.087,0.022,0.348,0.667,0.25,0.25,0.0,0.304,0.5,1.0,0.043,2,0.391,0,0
431,Sindarius Thornwell,26,NOP,SG,14,1,73,4.6,13.8,0.333,2.0,5.9,0.333,2.6,7.9,0.333,0.405,0.0,1.3,0.0,0.7,2.6,3.3,2.6,3.3,0.7,2.6,2.0,11.2,77.0,112,,thornsi01,4.5,0.388,0.429,0.095,1.5,5.9,3.7,7.0,3.3,1.3,15.5,14.9,-0.2,0.1,-0.1,-0.057,-6.0,0.7,-5.3,-0.1,14.0,0.238,0.19,0.095,0.048,0.333,0.6,0.25,0.0,0.0,0.333,0.0,1.0,0.048,1,0.667,0,0
431,Sindarius Thornwell,26,ORL,SG,7,0,144,2.7,8.4,0.32,1.4,4.7,0.286,1.4,3.7,0.364,0.4,1.4,2.0,0.667,0.7,3.7,4.4,5.7,2.7,0.3,1.0,4.1,8.1,104.0,114,,thornsi01,7.7,0.434,0.56,0.24,1.4,8.2,4.7,16.0,2.7,0.6,9.8,9.2,0.0,0.1,0.1,0.042,-5.5,1.1,-4.4,-0.1,16.6,0.04,0.32,0.08,0.0,0.364,1.0,0.25,0.5,,0.286,1.0,1.0,0.04,1,0.214,0,0
432,Markelle Fultz,22,ORL,PG,8,8,215,9.3,23.5,0.394,0.9,3.6,0.25,8.4,19.9,0.42,0.413,3.8,4.3,0.895,1.1,4.5,5.7,9.7,1.8,0.5,4.1,4.1,23.3,96.0,116,,fultzma01,12.0,0.458,0.154,0.183,2.3,10.0,6.0,33.1,1.8,0.8,13.8,26.2,-0.3,0.1,-0.1,-0.024,-3.6,-0.9,-4.4,-0.1,11.4,0.163,0.365,0.135,0.183,0.42,0.706,0.447,0.286,0.211,0.25,0.081,0.5,0.029,1,0.125,0,0
433,Gabriel Deck,25,OKC,PF,10,0,212,7.2,15.0,0.478,0.4,3.4,0.133,6.7,11.7,0.577,0.493,4.0,4.9,0.818,3.6,5.4,9.0,5.4,1.8,0.0,1.3,2.0,18.8,121.0,115,,deckga01,16.1,0.548,0.224,0.328,7.8,11.9,9.8,17.3,1.8,0.0,7.3,16.6,0.4,0.1,0.5,0.12,0.0,-0.4,-0.4,0.1,12.0,0.284,0.269,0.104,0.119,0.577,0.632,0.5,0.429,0.75,0.133,0.4,1.0,0.015,1,0.467,1,0
434,Reggie Perry,20,BRK,PF,26,0,211,7.3,17.8,0.41,0.9,4.8,0.19,6.4,13.0,0.491,0.436,2.3,3.0,0.769,6.2,10.5,16.7,3.2,1.4,1.4,3.4,9.1,17.8,101.0,111,,perryre01,11.0,0.466,0.269,0.167,14.9,22.9,19.1,9.0,1.4,2.5,15.2,20.4,-0.1,0.2,0.2,0.04,-5.3,-1.4,-6.7,-0.2,8.9,0.551,0.141,0.026,0.013,0.491,0.628,0.0,0.5,0.0,0.19,0.643,1.0,0.09,7,0.19,0,0
435,Dewayne Dedmon,31,MIA,C,16,0,210,10.9,15.4,0.708,0.2,1.2,0.2,10.6,14.2,0.75,0.715,4.7,6.4,0.741,6.6,13.7,20.3,2.8,2.1,1.4,3.1,8.5,26.7,135.0,105,,dedmode01,24.5,0.735,0.077,0.415,15.5,31.0,23.4,9.6,2.1,3.0,14.5,19.3,0.7,0.4,1.1,0.256,1.2,0.5,1.7,0.2,5.5,0.615,0.231,0.031,0.046,0.75,0.85,0.533,1.0,0.333,0.2,0.689,1.0,0.169,10,0.2,0,0
436,Markus Howard,21,DEN,SG,37,1,205,9.6,25.6,0.377,4.3,15.7,0.277,5.3,9.9,0.537,0.462,1.7,2.2,0.778,0.2,4.8,5.1,4.3,1.0,0.2,4.3,5.5,25.3,89.0,116,,howarma02,6.4,0.477,0.613,0.085,0.6,11.0,5.8,12.6,1.0,0.5,14.1,27.2,-0.4,0.1,-0.3,-0.068,-5.5,-3.2,-8.7,-0.3,19.5,0.123,0.085,0.094,0.085,0.537,0.615,0.444,0.6,0.444,0.277,0.409,0.778,0.0,0,0.092,0,0
437,Darius Miller,30,OKC,SF,18,0,197,5.3,11.6,0.458,4.1,10.1,0.405,1.2,1.4,0.833,0.635,2.9,2.9,1.0,0.5,5.3,5.8,5.1,3.1,1.2,1.9,3.1,17.6,130.0,111,,milleda01,15.9,0.685,0.875,0.25,1.0,11.8,6.3,15.4,3.1,2.3,13.1,13.2,0.4,0.2,0.6,0.156,0.8,2.7,3.6,0.3,25.0,0.0,0.021,0.042,0.063,0.833,,0.0,1.0,1.0,0.405,0.6,0.765,0.0,0,0.167,1,0
438,Jordan Bone,23,ORL,PG,14,0,196,5.7,13.4,0.426,2.5,7.9,0.313,3.2,5.5,0.591,0.519,0.0,0.0,,1.0,5.0,6.0,4.5,0.5,0.0,0.7,2.7,13.9,113.0,119,,bonejo01,8.9,0.519,0.593,0.0,2.0,11.0,6.4,13.6,0.5,0.0,5.3,12.6,0.1,0.1,0.2,0.045,-3.0,-1.2,-4.2,-0.1,20.8,0.019,0.093,0.019,0.278,0.591,1.0,1.0,0.0,0.467,0.313,0.154,0.5,0.0,0,0.313,0,0
439,Rodney McGruder,29,DET,SG,16,2,194,9.4,17.7,0.529,2.8,6.1,0.458,6.6,11.6,0.565,0.607,1.5,2.0,0.75,2.0,3.5,5.6,4.0,2.0,0.3,1.8,3.0,23.0,120.0,114,,mcgruro01,16.1,0.619,0.343,0.114,4.5,8.1,6.3,13.6,2.0,0.4,8.7,18.1,0.3,0.2,0.5,0.121,0.7,0.0,0.7,0.1,12.1,0.257,0.286,0.086,0.029,0.565,0.722,0.55,0.167,0.5,0.458,0.462,1.0,0.0,0,0.542,0,0
440,CJ Elleby,20,POR,SF,30,0,192,6.4,16.8,0.379,1.8,8.6,0.206,4.6,8.1,0.563,0.432,2.8,3.8,0.733,2.8,5.3,8.1,2.5,1.5,0.8,1.3,6.9,17.3,105.0,117,,ellebcj01,9.4,0.468,0.515,0.227,6.0,12.0,8.9,7.1,1.5,1.4,6.4,17.4,0.0,0.1,0.1,0.032,-4.0,-0.9,-4.9,-0.1,16.4,0.242,0.091,0.076,0.076,0.563,0.75,0.0,0.6,0.6,0.206,0.444,0.714,0.045,3,0.176,0,0
441,Alize Johnson,24,BRK,PF,18,0,189,10.2,17.4,0.588,0.3,1.5,0.167,10.0,15.8,0.629,0.596,3.3,3.3,1.0,6.9,16.1,23.0,3.6,1.3,1.3,2.3,4.1,24.0,131.0,109,,johnsal02,23.5,0.638,0.088,0.191,16.6,35.0,26.3,10.9,1.3,2.3,10.9,19.1,0.6,0.3,0.9,0.227,2.7,0.0,2.7,0.2,6.3,0.397,0.412,0.103,0.0,0.629,0.815,0.429,0.714,,0.167,0.615,1.0,0.015,1,0.333,0,0
442,Killian Tillie,22,MEM,C,18,1,182,5.0,15.0,0.333,2.6,8.7,0.303,2.4,6.3,0.375,0.421,2.4,2.9,0.818,1.6,4.7,6.3,2.1,1.3,2.1,0.5,5.3,15.0,104.0,112,,tilliki02,8.5,0.461,0.579,0.193,3.5,10.6,7.0,5.6,1.3,4.0,3.1,14.8,0.0,0.2,0.2,0.055,-3.4,-0.3,-3.7,-0.1,17.1,0.123,0.246,0.035,0.018,0.375,0.429,0.286,1.0,0.0,0.303,0.889,1.0,0.0,0,0.303,0,0
443,Donta Hall,23,ORL,PF,13,0,179,6.8,9.5,0.714,0.0,0.0,,6.8,9.5,0.714,0.714,6.3,9.2,0.676,6.5,10.3,16.9,3.0,1.4,2.7,2.2,4.9,19.8,142.0,110,,halldo01,22.3,0.731,0.0,0.971,13.5,22.8,18.0,9.4,1.4,5.1,13.8,14.0,0.6,0.2,0.8,0.223,0.9,0.6,1.6,0.2,3.0,0.686,0.229,0.057,0.029,0.714,0.833,0.375,1.0,0.0,,0.72,,0.457,14,,0,0
444,Paul Reed,21,PHI,PF,26,0,177,11.4,21.3,0.538,0.0,1.6,0.0,11.4,19.6,0.583,0.538,1.1,2.2,0.5,8.2,8.4,16.6,3.3,2.7,3.5,3.3,7.9,24.0,111.0,102,,reedpa01,21.2,0.54,0.077,0.103,19.0,18.9,19.0,11.0,2.7,6.6,12.8,22.7,0.2,0.4,0.6,0.162,-1.8,0.8,-1.0,0.0,6.2,0.551,0.244,0.051,0.077,0.583,0.721,0.316,0.5,0.5,0.0,0.667,,0.205,14,0.333,0,0
445,Jalen Harris,22,TOR,SG,13,2,172,10.1,20.3,0.5,4.8,10.1,0.472,5.3,10.1,0.528,0.618,2.0,2.5,0.778,0.8,4.2,5.1,4.8,2.3,0.0,3.9,4.2,27.0,110.0,114,,harrija01,15.2,0.632,0.5,0.125,1.9,9.9,5.8,16.0,2.3,0.0,15.6,22.6,0.1,0.1,0.3,0.079,0.5,-0.3,0.3,0.1,15.8,0.236,0.194,0.0,0.069,0.528,0.706,0.357,,0.4,0.472,0.263,0.882,0.028,2,0.306,1,0
446,Jabari Parker,25,2TM,PF,13,0,165,8.9,16.2,0.545,0.6,3.2,0.182,8.3,13.0,0.636,0.564,3.0,3.8,0.769,3.0,9.4,12.4,3.2,0.3,1.5,3.0,3.8,21.3,113.0,114,,parkeja01,14.7,0.593,0.2,0.236,6.7,21.8,14.2,9.9,0.3,2.8,14.1,18.5,0.2,0.1,0.3,0.089,-0.9,0.0,-0.9,0.0,11.9,0.309,0.218,0.109,0.164,0.636,0.941,0.5,0.333,0.444,0.182,0.643,1.0,0.182,10,0.182,0,0
446,Jabari Parker,25,SAC,PF,3,0,27,7.1,12.4,0.571,0.0,1.8,0.0,7.1,10.7,0.667,0.571,0.0,0.0,,1.8,8.9,10.7,1.8,0.0,1.8,5.3,7.1,14.2,83.0,118,,parkeja01,5.0,0.571,0.143,0.0,4.1,20.8,12.3,5.0,0.0,3.1,30.0,15.9,-0.1,0.0,0.0,-0.073,-7.7,-1.4,-9.1,0.0,13.2,0.286,0.143,0.143,0.286,0.667,1.0,0.0,0.0,1.0,0.0,0.75,,0.0,0,0.0,0,0
446,Jabari Parker,25,BOS,PF,10,0,138,9.2,17.0,0.542,0.7,3.5,0.2,8.5,13.5,0.632,0.563,3.5,4.6,0.769,3.2,9.6,12.7,3.5,0.4,1.4,2.5,3.2,22.7,118.0,114,,parkeja01,16.6,0.596,0.208,0.271,7.2,22.0,14.5,10.8,0.4,2.7,11.5,18.9,0.2,0.1,0.3,0.121,0.4,0.2,0.7,0.1,10.6,0.313,0.229,0.104,0.146,0.632,0.933,0.545,0.4,0.286,0.2,0.625,1.0,0.208,10,0.2,0,0
447,Daniel Oturu,21,LAC,C,30,0,161,6.8,16.0,0.423,0.3,1.5,0.2,6.5,14.5,0.447,0.433,2.8,3.7,0.75,6.5,8.3,14.8,3.1,1.2,2.2,2.8,7.4,16.6,106.0,109,,oturuda01,12.5,0.471,0.096,0.231,15.1,18.3,16.8,8.5,1.2,3.9,13.6,18.2,0.0,0.2,0.3,0.081,-4.1,-1.1,-5.2,-0.1,7.2,0.462,0.269,0.096,0.077,0.447,0.583,0.214,0.6,0.25,0.2,0.381,1.0,0.115,5,0.2,0,0
448,Bol Bol,21,DEN,PF,32,2,160,7.7,17.9,0.431,2.8,7.4,0.375,4.9,10.5,0.471,0.509,3.1,4.6,0.667,0.0,7.4,7.4,2.2,0.9,3.1,4.0,4.3,21.3,92.0,111,,bolbo01,9.4,0.534,0.414,0.259,0.0,16.9,8.5,6.0,0.9,6.1,16.8,21.2,-0.2,0.2,0.0,-0.004,-3.8,-0.3,-4.1,-0.1,16.1,0.172,0.172,0.121,0.121,0.471,0.9,0.3,0.286,0.286,0.375,0.625,0.667,0.086,5,0.125,0,0
449,Sean McDermott,24,MEM,SF,18,0,158,3.9,10.0,0.394,1.5,6.7,0.227,2.4,3.3,0.727,0.47,2.4,2.4,1.0,1.8,3.9,5.7,1.2,0.6,0.9,1.2,2.4,11.8,110.0,116,,mcderse01,7.2,0.534,0.667,0.242,4.0,8.8,6.4,3.1,0.6,1.7,9.9,10.8,0.1,0.1,0.2,0.05,-3.1,-1.2,-4.3,-0.1,17.8,0.242,0.03,0.061,0.0,0.727,0.75,1.0,0.5,,0.227,0.25,1.0,0.121,4,0.364,0,0
450,Quinn Cook,27,2TM,PG,23,0,157,9.1,21.2,0.426,3.4,8.1,0.423,5.6,13.1,0.429,0.507,2.2,2.5,0.875,0.6,4.7,5.3,5.6,1.2,0.3,2.2,3.1,23.7,107.0,114,,cookqu01,12.7,0.531,0.382,0.118,1.4,10.9,6.1,18.3,1.3,0.6,8.9,21.8,0.1,0.1,0.2,0.061,-1.0,-0.2,-1.2,0.0,16.1,0.235,0.103,0.088,0.191,0.429,0.375,0.571,0.5,0.385,0.423,0.333,0.455,0.0,0,0.308,0,0
450,Quinn Cook,27,LAL,PG,16,0,62,9.4,20.4,0.462,3.9,10.2,0.385,5.5,10.2,0.538,0.558,3.1,3.9,0.8,0.0,3.9,3.9,3.9,0.8,0.8,2.4,1.6,25.9,111.0,111,,cookqu01,13.8,0.585,0.5,0.192,0.0,9.0,4.5,12.5,0.8,1.4,9.6,21.9,0.1,0.1,0.1,0.098,-0.3,-0.1,-0.4,0.0,18.4,0.154,0.038,0.115,0.192,0.538,0.25,1.0,0.667,0.6,0.385,0.429,0.4,0.0,0,0.308,0,0
450,Quinn Cook,27,CLE,PG,7,0,95,8.8,21.8,0.405,3.1,6.7,0.462,5.7,15.1,0.379,0.476,1.6,1.6,1.0,1.0,5.2,6.2,6.7,1.6,0.0,2.1,4.2,22.3,105.0,117,,cookqu01,12.0,0.496,0.31,0.071,2.3,12.1,7.1,22.1,1.6,0.0,8.5,21.7,0.0,0.1,0.1,0.037,-1.5,-0.2,-1.7,0.0,13.7,0.286,0.143,0.071,0.19,0.379,0.417,0.5,0.333,0.25,0.462,0.273,0.5,0.0,0,0.308,0,0
451,Jalen Smith,20,PHO,PF,27,1,156,7.0,15.8,0.44,1.3,5.4,0.235,5.7,10.4,0.545,0.48,1.6,2.2,0.714,2.2,9.5,11.7,1.3,0.3,1.6,2.2,5.1,16.8,96.0,112,,smithja04,8.4,0.499,0.34,0.14,5.2,21.4,13.4,3.4,0.3,2.9,11.7,17.1,-0.1,0.2,0.1,0.022,-4.8,-1.3,-6.1,-0.2,11.1,0.42,0.12,0.12,0.0,0.545,0.667,0.5,0.167,,0.235,0.778,1.0,0.16,8,0.353,0,0
452,Khyri Thomas,24,HOU,SG,5,2,153,9.9,20.4,0.485,2.8,8.4,0.333,7.1,12.1,0.59,0.553,2.8,2.8,1.0,2.2,3.4,5.6,7.7,2.8,1.9,1.9,2.5,25.4,123.0,113,,thomakh01,21.3,0.586,0.409,0.136,4.7,8.0,6.3,26.9,2.8,3.5,7.9,21.1,0.4,0.1,0.5,0.164,2.5,-0.1,2.4,0.2,14.8,0.273,0.121,0.061,0.136,0.59,0.833,0.375,0.5,0.333,0.333,0.522,0.667,0.03,2,0.259,0,0
453,Charlie Brown Jr.,23,OKC,SG,9,1,152,4.1,13.4,0.302,1.6,6.6,0.238,2.5,6.9,0.364,0.36,2.8,3.1,0.9,0.9,4.4,5.3,2.8,1.3,0.6,1.9,5.9,12.5,88.0,116,,brownch02,4.1,0.422,0.488,0.233,2.0,9.7,5.8,8.2,1.3,1.2,11.2,14.9,-0.2,0.1,-0.1,-0.032,-7.4,-1.3,-8.7,-0.3,16.6,0.116,0.186,0.093,0.116,0.364,0.6,0.25,0.25,0.4,0.238,0.75,1.0,0.047,1,0.333,0,0
454,Ersan İlyasova,33,UTA,PF,17,1,148,6.9,17.8,0.389,5.9,13.5,0.439,1.0,4.3,0.231,0.556,1.6,1.6,1.0,2.3,7.2,9.5,1.3,3.3,1.0,2.6,9.5,21.4,109.0,104,,ilyaser01,12.1,0.578,0.759,0.093,5.3,15.1,10.4,3.8,3.3,1.6,12.5,18.7,0.1,0.3,0.4,0.122,-2.5,1.7,-0.9,0.0,21.6,0.093,0.019,0.056,0.074,0.231,0.4,0.0,0.0,0.25,0.439,0.667,1.0,0.019,0,0.22,0,0
455,Juwan Morgan,23,UTA,PF,29,0,147,4.6,9.9,0.467,1.3,4.3,0.308,3.3,5.6,0.588,0.533,1.0,2.3,0.429,3.0,6.3,9.3,3.0,1.3,0.3,1.3,7.0,11.6,116.0,110,,morgaju01,8.5,0.529,0.433,0.233,6.8,13.1,10.1,8.0,1.3,0.6,10.8,10.9,0.1,0.2,0.3,0.105,-3.5,1.2,-2.3,0.0,12.3,0.433,0.1,0.033,0.0,0.588,0.692,0.333,0.0,,0.308,0.7,1.0,0.067,2,0.231,0,0
456,Mamadi Diakite,24,MIL,PF,14,1,141,5.3,13.3,0.4,0.3,2.7,0.125,5.0,10.7,0.469,0.413,3.7,4.7,0.786,2.7,8.7,11.3,2.7,2.3,2.0,1.0,5.3,14.7,110.0,108,,diakima01,12.3,0.477,0.2,0.35,6.2,18.7,12.7,7.0,2.3,3.8,6.1,14.6,0.1,0.2,0.3,0.102,-3.3,0.9,-2.4,0.0,10.8,0.375,0.175,0.125,0.125,0.469,0.667,0.286,0.2,0.4,0.125,0.667,1.0,0.175,5,0.25,0,0
457,Jarrell Brantley,24,UTA,PF,28,0,138,8.8,18.4,0.481,4.2,9.9,0.429,4.6,8.5,0.542,0.596,0.7,0.7,1.0,3.2,6.4,9.5,5.3,2.5,0.7,2.8,6.0,22.6,120.0,107,,brantja01,16.6,0.605,0.538,0.038,7.2,13.3,10.4,16.1,2.5,1.2,13.1,19.0,0.3,0.2,0.5,0.172,0.6,1.6,2.2,0.1,15.5,0.212,0.212,0.019,0.019,0.542,0.818,0.364,0.0,0.0,0.429,0.308,0.917,0.038,2,0.536,0,0
458,Tacko Fall,25,BOS,C,19,0,136,7.5,10.4,0.724,0.0,0.0,,7.5,10.4,0.724,0.724,1.8,5.4,0.333,5.7,12.9,18.7,1.1,0.4,7.2,2.2,7.9,16.9,124.0,104,,fallta01,19.6,0.66,0.0,0.517,13.0,29.7,21.3,3.1,0.4,13.7,14.4,13.2,0.2,0.3,0.5,0.177,-1.7,2.9,1.2,0.1,3.4,0.621,0.345,0.0,0.034,0.724,0.722,0.7,,1.0,,0.619,,0.448,12,,0,0
459,Yogi Ferrell,27,2TM,PG,10,0,136,7.3,20.7,0.351,3.3,10.2,0.321,4.0,10.5,0.379,0.43,2.5,3.3,0.778,1.8,5.1,6.9,8.0,2.5,1.1,1.1,4.0,20.4,110.0,111,,ferreyo01,14.4,0.459,0.491,0.158,4.1,11.4,7.8,22.9,2.5,2.0,4.7,20.7,0.1,0.2,0.3,0.099,-0.5,0.8,0.2,0.1,18.1,0.105,0.088,0.228,0.088,0.379,0.5,0.4,0.385,0.2,0.321,0.182,0.667,0.0,0,0.0,0,0
459,Yogi Ferrell,27,CLE,PG,2,0,40,9.9,25.9,0.381,3.7,11.1,0.333,6.2,14.8,0.417,0.452,0.0,2.5,0.0,3.7,4.9,8.6,6.2,3.7,1.2,3.7,4.9,23.4,90.0,110,,ferreyo01,12.4,0.434,0.429,0.095,8.2,11.5,9.8,20.9,3.7,2.2,12.1,27.1,-0.1,0.1,0.0,-0.036,-1.9,1.0,-1.0,0.0,17.4,0.095,0.143,0.286,0.048,0.417,0.5,0.333,0.5,0.0,0.333,0.4,1.0,0.0,0,0.0,0,0
459,Yogi Ferrell,27,LAC,PG,8,0,96,6.2,18.6,0.333,3.1,9.8,0.316,3.1,8.8,0.353,0.417,3.6,3.6,1.0,1.0,5.2,6.2,8.8,2.1,1.0,0.0,3.6,19.1,122.0,111,,ferreyo01,15.3,0.473,0.528,0.194,2.4,11.4,7.0,23.7,2.1,1.9,0.0,18.0,0.2,0.1,0.3,0.154,0.0,0.7,0.7,0.1,18.7,0.111,0.056,0.194,0.111,0.353,0.5,0.5,0.286,0.25,0.316,0.0,0.5,0.0,0,0.0,0,0
460,Deividas Sirvydis,20,DET,SG,20,0,133,5.2,14.8,0.35,3.7,10.3,0.357,1.5,4.4,0.333,0.475,1.1,2.2,0.5,0.0,10.7,10.7,1.8,0.7,0.0,1.8,3.3,15.1,90.0,114,,sirvyde01,5.7,0.481,0.7,0.15,0.0,24.5,12.1,5.4,0.7,0.0,10.5,15.7,-0.1,0.1,0.0,-0.01,-4.2,-1.2,-5.4,-0.1,19.1,0.175,0.075,0.025,0.025,0.333,0.571,0.0,0.0,0.0,0.357,1.0,0.7,0.0,0,0.393,0,0
461,Rodions Kurucs,22,3TM,PF,21,0,125,4.2,12.1,0.344,2.3,8.0,0.286,1.9,4.2,0.455,0.438,1.1,1.5,0.75,1.9,6.8,8.7,3.8,3.4,1.5,4.9,6.1,11.7,79.0,109,,kurucro01,6.3,0.459,0.656,0.125,4.3,15.4,9.8,10.3,3.4,2.9,27.8,15.9,-0.3,0.2,-0.1,-0.041,-6.4,1.8,-4.6,-0.1,18.9,0.25,0.031,0.031,0.031,0.455,0.625,0.0,0.0,0.0,0.286,0.8,1.0,0.094,2,0.238,0,0
461,Rodions Kurucs,22,BRK,PF,5,0,16,3.0,9.0,0.333,3.0,6.0,0.5,0.0,3.0,0.0,0.5,0.0,0.0,,0.0,9.0,9.0,6.0,0.0,0.0,0.0,3.0,9.0,128.0,117,,kurucro01,7.7,0.5,0.667,0.0,0.0,19.7,10.4,15.1,0.0,0.0,0.0,8.2,0.0,0.0,0.0,0.082,-0.8,0.8,0.0,0.0,23.6,0.0,0.0,0.0,0.333,0.0,,,,0.0,0.5,,1.0,0.0,0,0.5,0,0
461,Rodions Kurucs,22,HOU,SF,11,0,75,3.2,13.3,0.238,1.3,9.5,0.133,1.9,3.8,0.5,0.286,0.6,1.3,0.5,1.3,5.7,6.9,2.5,3.8,2.5,5.7,4.4,8.2,53.0,108,,kurucro01,0.8,0.297,0.714,0.095,2.7,13.4,7.8,7.1,3.8,4.8,29.1,17.5,-0.4,0.1,-0.3,-0.176,-10.1,1.5,-8.6,-0.1,18.2,0.286,0.0,0.0,0.0,0.5,0.5,,,,0.133,1.0,1.0,0.143,2,0.267,0,0
461,Rodions Kurucs,22,MIL,SF,5,0,34,6.9,11.1,0.625,4.1,5.5,0.75,2.8,5.5,0.5,0.813,2.8,2.8,1.0,4.1,8.3,12.4,5.5,4.1,0.0,5.5,11.1,20.7,127.0,106,,kurucro01,17.9,0.845,0.5,0.25,9.6,17.9,13.9,15.0,4.1,0.0,31.1,15.9,0.1,0.1,0.1,0.199,-0.9,3.1,2.2,0.0,15.0,0.25,0.125,0.125,0.0,0.5,1.0,0.0,0.0,,0.75,0.5,1.0,0.0,0,0.0,0,0
462,Dakota Mathias,25,PHI,SG,8,2,123,7.4,18.8,0.396,3.1,10.2,0.308,4.3,8.6,0.5,0.479,0.8,2.4,0.333,0.4,2.4,2.7,5.1,0.4,1.2,0.4,2.7,18.8,107.0,114,,mathida01,9.8,0.474,0.542,0.125,0.9,5.3,3.1,15.1,0.4,2.2,1.9,18.1,0.0,0.1,0.2,0.061,-1.5,-1.0,-2.6,0.0,21.0,0.042,0.042,0.104,0.271,0.5,0.5,0.5,0.6,0.462,0.308,0.545,0.875,0.0,0,0.269,0,0
463,Quinndary Weatherspoon,24,SAS,SG,20,0,121,6.4,14.0,0.457,0.4,2.4,0.167,6.0,11.6,0.517,0.471,5.2,6.4,0.813,1.2,3.2,4.4,3.2,3.2,0.8,4.0,7.2,18.4,97.0,111,,weathqu01,9.6,0.547,0.171,0.457,2.6,7.2,4.8,9.1,3.2,1.4,19.2,18.7,-0.1,0.1,0.1,0.023,-5.8,0.7,-5.0,-0.1,9.6,0.486,0.114,0.057,0.171,0.517,0.706,0.25,0.5,0.167,0.167,0.4,1.0,0.057,2,0.0,0,0
464,T.J. Warren,27,IND,SF,4,4,117,10.9,20.6,0.529,0.0,2.8,0.0,10.9,17.8,0.614,0.529,3.2,4.0,0.8,0.8,4.8,5.7,2.0,0.8,0.0,1.6,6.5,25.0,107.0,117,,warretj01,11.6,0.56,0.137,0.196,1.9,11.1,6.5,6.5,0.8,0.0,6.7,21.6,0.1,0.1,0.1,0.045,-3.6,-1.9,-5.5,-0.1,10.7,0.333,0.137,0.196,0.196,0.614,0.824,0.714,0.3,0.5,0.0,0.593,,0.039,2,0.429,0,0
465,Dante Exum,25,CLE,SG,6,3,116,4.3,11.1,0.385,0.9,4.7,0.182,3.4,6.4,0.533,0.423,0.4,0.9,0.5,0.9,6.4,7.2,5.5,1.7,0.9,3.0,3.8,9.8,87.0,114,,exumda01,5.9,0.428,0.423,0.077,1.9,14.8,8.2,15.8,1.7,1.5,20.7,12.7,-0.2,0.1,-0.1,-0.025,-5.4,1.6,-3.8,-0.1,13.1,0.269,0.231,0.077,0.0,0.533,0.857,0.333,0.0,,0.182,0.625,1.0,0.077,2,0.182,0,0
466,Vernon Carey Jr.,19,CHO,C,19,4,115,7.6,15.3,0.5,0.4,3.0,0.143,7.2,12.3,0.586,0.514,3.8,4.7,0.818,2.5,8.9,11.5,0.8,0.4,2.1,2.1,5.5,19.5,108.0,113,,careyve01,11.7,0.563,0.194,0.306,5.6,20.1,12.7,2.6,0.4,4.3,10.9,17.2,0.0,0.1,0.2,0.066,-4.4,-1.7,-6.1,-0.1,10.6,0.361,0.194,0.083,0.167,0.586,0.692,0.429,0.667,0.5,0.143,0.706,1.0,0.056,2,0.429,0,0
467,Rondae Hollis-Jefferson,26,POR,PF,11,1,107,4.1,8.2,0.5,0.0,0.5,0.0,4.1,7.7,0.529,0.5,4.1,7.3,0.563,5.0,6.8,11.9,5.9,0.9,1.8,0.9,6.8,12.3,136.0,116,,holliro01,14.4,0.539,0.056,0.889,10.7,15.4,13.0,15.7,0.9,3.4,7.4,10.9,0.3,0.1,0.3,0.147,-1.1,1.2,0.1,0.1,4.6,0.556,0.333,0.056,0.0,0.529,0.5,0.5,1.0,,0.0,0.444,,0.056,1,1.0,0,0
468,Robert Franks,24,ORL,PF,7,0,101,6.3,13.5,0.464,2.4,7.2,0.333,3.9,6.3,0.615,0.554,5.8,6.3,0.923,2.9,3.9,6.7,2.4,1.4,1.4,1.0,3.9,20.7,133.0,116,,frankro01,16.5,0.638,0.536,0.464,6.0,8.5,7.2,7.4,1.4,2.7,5.6,15.3,0.3,0.1,0.3,0.158,0.7,-0.8,-0.2,0.0,16.4,0.214,0.143,0.036,0.071,0.615,1.0,0.5,0.0,0.0,0.333,0.25,1.0,0.0,0,0.2,0,0
469,Anthony Tolliver,35,PHI,PF,11,0,99,1.9,8.3,0.235,1.9,6.8,0.286,0.0,1.5,0.0,0.353,2.4,2.9,0.833,1.5,3.4,4.9,1.0,1.5,1.0,1.5,3.4,8.3,91.0,111,,tollian01,4.0,0.433,0.824,0.353,3.4,7.6,5.6,2.5,1.5,1.8,13.3,9.8,-0.1,0.1,0.1,0.025,-5.6,-1.5,-7.0,-0.1,23.0,0.059,0.059,0.0,0.059,0.0,0.0,0.0,,0.0,0.286,,1.0,0.0,0,0.214,0,0
470,Cassius Winston,22,WAS,PG,22,0,98,6.6,15.5,0.424,3.8,8.0,0.471,2.8,7.5,0.375,0.545,2.4,2.8,0.833,0.0,4.2,4.2,5.6,0.9,0.5,2.4,3.8,19.3,111.0,116,,winstca01,10.8,0.575,0.515,0.182,0.0,9.7,4.9,16.3,0.9,0.9,12.3,17.2,0.1,0.1,0.1,0.066,-2.1,-1.1,-3.2,0.0,19.6,0.061,0.121,0.121,0.182,0.375,0.5,0.25,0.75,0.167,0.471,0.167,0.875,0.0,0,0.118,0,0
471,Devontae Cacok,24,LAL,PF,20,1,98,8.4,14.4,0.586,0.0,0.0,,8.4,14.4,0.586,0.586,2.5,5.5,0.455,6.0,9.9,15.9,0.5,2.5,2.0,2.5,4.0,19.4,111.0,102,,cacokde01,17.2,0.576,0.0,0.379,13.8,22.8,18.4,1.5,2.5,3.7,12.9,17.2,0.1,0.2,0.3,0.142,-1.5,0.4,-1.0,0.0,3.1,0.586,0.379,0.034,0.0,0.586,0.706,0.455,0.0,,,0.706,,0.31,7,,0,0
472,Jahmi'us Ramsey,19,SAC,SG,13,0,94,7.7,19.4,0.395,2.6,9.7,0.263,5.1,9.7,0.526,0.461,2.6,2.6,1.0,1.0,4.1,5.1,3.1,2.0,0.5,1.5,4.1,20.4,102.0,118,,ramseja01,10.5,0.498,0.5,0.132,2.3,9.6,5.9,8.8,2.0,0.9,6.9,19.8,0.0,0.0,0.0,0.012,-3.1,-1.4,-4.5,-0.1,15.3,0.289,0.079,0.105,0.026,0.526,0.818,0.0,0.25,0.0,0.263,0.7,1.0,0.053,2,0.263,0,0
473,Cassius Stanley,21,IND,SG,24,0,93,6.6,21.9,0.302,1.5,6.6,0.231,5.1,15.2,0.333,0.337,3.6,4.6,0.778,4.1,6.1,10.2,0.5,0.5,1.0,0.5,7.1,18.3,90.0,116,,stanlca01,5.5,0.383,0.302,0.209,9.4,13.9,11.7,1.4,0.5,1.7,2.1,22.0,-0.2,0.1,-0.1,-0.05,-7.2,-4.0,-11.2,-0.2,10.4,0.419,0.233,0.047,0.0,0.333,0.444,0.2,0.0,,0.231,0.6,1.0,0.116,3,0.154,0,0
474,Nate Hinton,21,DAL,SG,21,0,93,8.0,22.3,0.357,2.1,10.1,0.211,5.8,12.2,0.478,0.405,3.7,5.3,0.7,0.5,4.2,4.8,4.2,3.7,1.1,2.7,4.2,21.7,91.0,109,,hintona01,10.4,0.442,0.452,0.238,1.2,9.4,5.3,12.4,3.7,2.0,9.7,24.4,-0.2,0.1,0.0,-0.015,-4.5,1.0,-3.4,0.0,17.6,0.143,0.119,0.071,0.214,0.478,0.5,0.2,0.667,0.556,0.211,0.182,0.75,0.024,1,0.158,0,0
475,Chris Silva,24,2TM,PF,15,0,92,5.4,8.6,0.625,0.5,0.5,1.0,4.8,8.1,0.6,0.656,5.9,8.1,0.733,3.8,10.8,14.5,3.2,0.5,3.2,5.4,12.9,17.2,110.0,109,,silvach01,11.5,0.708,0.063,0.938,8.9,24.4,16.8,9.3,0.5,6.6,30.7,15.9,0.1,0.1,0.2,0.101,-6.7,1.1,-5.5,-0.1,7.9,0.5,0.25,0.125,0.063,0.6,0.75,0.5,0.5,0.0,1.0,0.778,1.0,0.25,4,0.0,0,0
475,Chris Silva,24,MIA,PF,11,0,83,5.4,7.8,0.692,0.6,0.6,1.0,4.8,7.2,0.667,0.731,6.6,9.0,0.733,4.2,10.8,15.0,3.6,0.6,3.0,5.4,12.0,18.0,117.0,108,,silvach01,13.4,0.765,0.077,1.154,9.8,24.4,17.2,10.3,0.6,6.3,31.5,15.5,0.1,0.1,0.2,0.136,-5.3,1.4,-3.9,0.0,6.1,0.538,0.231,0.154,0.0,0.667,0.857,0.333,0.5,,1.0,0.75,1.0,0.308,4,0.0,0,0
475,Chris Silva,24,SAC,PF,4,0,9,5.3,16.0,0.333,0.0,0.0,,5.3,16.0,0.333,0.333,0.0,0.0,,0.0,10.7,10.7,0.0,0.0,5.3,5.3,21.3,10.7,49.0,112,,silvach01,-5.9,0.333,0.0,0.0,0.0,25.0,12.3,0.0,0.0,9.4,25.0,19.1,-0.1,0.0,0.0,-0.219,-19.3,-1.3,-20.6,0.0,9.6,0.333,0.333,0.0,0.333,0.333,0.0,1.0,,0.0,,1.0,,0.0,0,,0,0
476,Karim Mané,20,ORL,PG,10,0,88,1.7,7.2,0.231,0.6,1.1,0.5,1.1,6.1,0.182,0.269,2.2,2.8,0.8,0.6,7.2,7.7,2.2,0.0,1.1,1.7,5.5,6.1,77.0,117,,maneka01,1.3,0.362,0.154,0.385,1.1,15.9,8.3,6.0,0.0,2.1,16.5,8.9,-0.1,0.0,-0.1,-0.045,-9.1,-0.8,-9.9,-0.2,7.3,0.385,0.385,0.077,0.0,0.182,0.4,0.0,0.0,,0.5,0.0,1.0,0.077,0,0.0,0,0
477,Justin Robinson,23,OKC,PG,9,0,88,3.8,11.3,0.333,2.2,7.6,0.286,1.6,3.8,0.429,0.429,1.6,2.7,0.6,0.5,3.2,3.8,4.9,1.6,0.0,1.1,5.4,11.3,102.0,117,,robinju01,6.0,0.453,0.667,0.238,1.2,7.2,4.1,14.1,1.6,0.0,7.9,12.2,0.0,0.0,0.0,0.021,-5.8,-1.0,-6.8,-0.1,20.2,0.143,0.048,0.048,0.095,0.429,0.667,1.0,0.0,0.0,0.286,0.333,1.0,0.0,0,0.143,0,0
478,Cameron Oliver,24,HOU,SF,4,0,87,10.3,18.0,0.576,2.2,7.1,0.308,8.2,10.9,0.75,0.636,0.5,2.2,0.25,2.7,8.7,11.4,2.7,1.1,2.2,1.6,6.0,23.4,118.0,113,,oliveca01,17.2,0.619,0.394,0.121,5.9,20.5,12.9,9.6,1.1,4.1,7.9,18.5,0.1,0.1,0.2,0.114,-1.0,-1.0,-2.0,0.0,12.6,0.394,0.121,0.091,0.0,0.75,0.769,0.75,0.667,,0.308,0.867,1.0,0.152,5,0.0,0,0
479,Louis King,21,SAC,SF,6,1,85,9.6,19.2,0.5,2.3,6.2,0.364,7.3,13.0,0.565,0.559,3.4,3.4,1.0,2.8,7.3,10.2,5.1,4.0,1.7,2.3,5.1,24.8,121.0,110,,kinglo02,21.2,0.6,0.324,0.176,6.4,17.2,11.8,15.4,4.0,3.0,9.8,20.6,0.2,0.1,0.3,0.16,2.3,2.5,4.9,0.1,12.9,0.206,0.235,0.235,0.0,0.565,0.857,0.625,0.25,,0.364,0.385,0.75,0.059,2,0.364,0,0
480,Cristiano Felício,28,CHI,C,18,0,84,4.0,7.5,0.538,0.0,1.2,0.0,4.0,6.3,0.636,0.538,5.2,9.2,0.563,5.8,9.2,15.0,5.2,2.3,0.0,2.3,5.8,13.3,125.0,110,,feliccr01,14.7,0.574,0.154,1.231,13.3,20.9,17.2,13.6,2.3,0.0,16.6,12.4,0.2,0.1,0.3,0.151,-1.1,1.2,0.1,0.0,7.4,0.692,0.077,0.0,0.077,0.636,0.778,0.0,,0.0,0.0,0.429,,0.077,1,0.0,0,0
481,Alen Smailagić,20,GSW,PF,15,1,84,6.2,15.1,0.407,2.2,5.6,0.4,3.9,9.5,0.412,0.481,1.1,3.4,0.333,3.4,5.6,8.9,2.2,1.7,2.8,2.8,6.2,15.7,92.0,108,,smailal01,8.9,0.472,0.37,0.222,7.7,12.5,10.1,6.5,1.7,5.2,14.4,17.6,-0.1,0.1,0.0,0.015,-4.9,-0.4,-5.3,-0.1,11.9,0.37,0.259,0.0,0.0,0.412,0.5,0.286,,,0.4,0.429,1.0,0.0,0,0.3,0,0
482,Jay Scrubb,20,LAC,SG,4,1,84,8.3,21.2,0.389,1.2,5.3,0.222,7.1,15.9,0.444,0.417,2.9,2.9,1.0,1.2,7.1,8.3,0.6,2.4,0.0,4.1,2.9,20.6,82.0,111,,scrubja01,6.3,0.458,0.25,0.139,2.8,15.6,9.4,1.7,2.4,0.0,15.5,23.8,-0.2,0.1,-0.1,-0.072,-8.1,-2.8,-10.9,-0.2,13.0,0.306,0.167,0.083,0.194,0.444,0.545,0.333,0.333,0.429,0.222,0.583,1.0,0.028,1,0.333,0,0
483,Norvel Pelle,27,3TM,C,13,0,84,4.7,8.8,0.533,0.0,0.0,,4.7,8.8,0.533,0.533,2.3,3.5,0.667,3.5,7.6,11.2,1.2,0.6,5.3,1.8,8.2,11.7,113.0,107,,pelleno01,11.6,0.567,0.0,0.4,8.1,16.5,12.4,3.0,0.6,10.0,14.5,10.8,0.1,0.1,0.2,0.112,-4.5,1.9,-2.6,0.0,1.6,0.733,0.267,0.0,0.0,0.533,0.545,0.5,,,,0.5,,0.4,4,,0,0
483,Norvel Pelle,27,BRK,C,3,0,28,5.2,12.1,0.429,0.0,0.0,,5.2,12.1,0.429,0.429,0.0,0.0,,5.2,6.9,12.1,0.0,0.0,5.2,5.2,15.5,10.3,76.0,111,,pelleno01,2.1,0.429,0.0,0.0,12.5,15.0,13.8,0.0,0.0,9.4,30.0,15.6,-0.1,0.0,0.0,-0.069,-12.2,-0.8,-13.0,-0.1,1.2,0.857,0.143,0.0,0.0,0.429,0.5,0.0,,,,0.667,,0.429,2,,0,0
483,Norvel Pelle,27,SAC,C,1,0,4,0.0,12.0,0.0,0.0,0.0,,0.0,12.0,0.0,0.0,36.0,48.0,0.75,12.0,0.0,12.0,12.0,0.0,0.0,0.0,12.0,36.0,145.0,125,,pelleno01,30.1,0.543,0.0,4.0,27.4,0.0,13.9,28.2,0.0,0.0,0.0,29.7,0.0,0.0,0.0,0.374,6.1,-2.9,3.2,0.0,1.4,1.0,0.0,0.0,0.0,0.0,0.0,,,,,,,1.0,0,,0,0
483,Norvel Pelle,27,NYK,C,9,0,52,4.8,6.7,0.714,0.0,0.0,,4.8,6.7,0.714,0.714,1.0,1.9,0.5,1.9,8.7,10.6,1.0,1.0,5.8,0.0,3.8,10.6,150.0,103,,pelleno01,15.3,0.698,0.0,0.286,4.2,18.6,11.5,2.7,1.0,11.0,0.0,6.8,0.1,0.1,0.2,0.189,-1.1,3.7,2.5,0.1,2.1,0.571,0.429,0.0,0.0,0.714,0.75,0.667,,,,0.4,,0.286,2,,0,0
484,Jordan Bell,26,2TM,C,6,1,82,3.9,12.4,0.318,0.0,1.1,0.0,3.9,11.3,0.35,0.318,0.6,1.1,0.5,3.9,9.6,13.5,3.9,1.7,2.8,2.3,3.9,8.5,83.0,108,,belljo01,8.0,0.328,0.091,0.091,9.1,21.9,15.5,10.6,1.7,5.2,14.9,13.6,-0.1,0.1,0.0,-0.008,-5.9,0.1,-5.8,-0.1,6.2,0.545,0.273,0.045,0.045,0.35,0.5,0.0,0.0,1.0,0.0,0.714,,0.136,1,0.5,0,0
484,Jordan Bell,26,WAS,C,5,1,67,4.8,13.8,0.35,0.0,1.4,0.0,4.8,12.4,0.389,0.35,0.0,0.0,,4.1,8.9,13.1,3.4,2.1,2.1,2.1,3.4,9.6,86.0,109,,belljo01,8.5,0.35,0.1,0.0,9.5,20.5,15.0,9.5,2.1,3.7,13.0,14.2,-0.1,0.1,0.0,-0.004,-5.4,-0.3,-5.7,-0.1,5.8,0.55,0.3,0.0,0.05,0.389,0.545,0.0,,1.0,0.0,0.714,,0.1,1,0.5,0,0
484,Jordan Bell,26,GSW,C,1,0,15,0.0,6.3,0.0,0.0,0.0,,0.0,6.3,0.0,0.0,3.1,6.3,0.5,3.1,12.5,15.7,6.3,0.0,6.3,3.1,6.3,3.1,70.0,104,,belljo01,5.6,0.174,0.0,1.0,7.2,28.0,17.7,15.5,0.0,11.8,25.8,11.1,0.0,0.0,0.0,-0.026,-8.3,1.7,-6.5,0.0,6.7,0.5,0.0,0.5,0.0,0.0,0.0,,0.0,,,,,0.5,0,,0,0
485,Jared Dudley,35,LAL,PF,12,0,81,1.2,5.4,0.222,1.2,3.6,0.333,0.0,1.8,0.0,0.333,0.0,0.0,,2.4,10.2,12.6,3.0,0.6,0.6,1.2,4.2,3.6,94.0,108,,dudleja01,4.4,0.333,0.667,0.0,5.6,23.5,14.6,7.6,0.6,1.1,18.2,5.9,0.0,0.1,0.1,0.053,-4.4,0.9,-3.5,0.0,21.5,0.0,0.111,0.111,0.111,0.0,,0.0,0.0,0.0,0.333,,0.5,0.0,0,0.0,0,0
486,Frank Mason III,26,ORL,PG,4,1,79,5.5,14.8,0.375,1.2,3.1,0.4,4.3,11.7,0.368,0.417,3.1,4.3,0.714,1.8,5.5,7.4,7.4,0.0,0.0,3.1,4.3,15.4,98.0,120,,masonfr01,7.5,0.462,0.208,0.292,3.8,12.2,7.9,22.3,0.0,0.0,15.6,17.5,0.0,0.0,0.0,-0.018,-5.2,-2.4,-7.7,-0.1,8.1,0.5,0.25,0.0,0.042,0.368,0.417,0.333,,0.0,0.4,0.286,1.0,0.0,0,0.2,0,0
487,Thon Maker,23,CLE,C,8,0,76,6.5,11.7,0.556,0.0,1.3,0.0,6.5,10.4,0.625,0.556,6.5,7.1,0.909,5.2,6.5,11.7,2.6,1.3,2.6,1.9,4.5,19.5,133.0,113,,makerth01,18.6,0.657,0.111,0.611,11.5,15.1,13.3,7.9,1.3,4.7,11.6,14.8,0.2,0.1,0.3,0.174,-0.3,1.1,0.7,0.1,7.1,0.389,0.333,0.111,0.056,0.625,0.714,0.667,0.0,1.0,0.0,0.4,,0.056,1,0.5,0,0
488,Keljin Blevins,25,POR,SF,17,0,75,3.3,13.0,0.25,1.3,5.2,0.25,2.0,7.8,0.25,0.3,0.0,0.0,,2.0,4.6,6.5,2.6,1.3,0.0,3.3,5.2,7.8,66.0,119,,blevike01,-0.9,0.3,0.4,0.0,4.2,10.3,7.1,6.7,1.3,0.0,20.0,14.3,-0.2,0.0,-0.2,-0.137,-8.3,-2.3,-10.7,-0.2,12.5,0.2,0.35,0.05,0.0,0.25,0.5,0.143,0.0,,0.25,0.0,1.0,0.0,0,0.125,0,0
489,Jeremiah Martin,24,CLE,PG,9,0,75,5.9,21.7,0.273,2.0,7.9,0.25,3.9,13.8,0.286,0.318,0.7,3.3,0.2,1.3,3.3,4.6,2.6,3.3,1.3,3.9,0.7,14.5,63.0,112,,martije02,1.4,0.313,0.364,0.152,2.9,7.6,5.2,7.9,3.3,2.4,14.6,23.9,-0.4,0.1,-0.3,-0.207,-8.3,-1.1,-9.5,-0.1,13.1,0.273,0.242,0.03,0.091,0.286,0.444,0.0,0.0,0.667,0.25,0.333,0.667,0.0,0,0.25,0,0
490,Devin Cannady,24,ORL,PG,8,0,74,7.2,18.4,0.393,3.9,10.5,0.375,3.3,7.9,0.417,0.5,3.9,4.6,0.857,0.0,3.3,3.3,0.7,3.3,0.7,1.3,5.9,22.4,105.0,113,,cannade01,11.2,0.547,0.571,0.25,0.0,7.3,3.5,2.1,3.3,1.2,6.0,19.3,0.0,0.1,0.1,0.057,-4.0,1.0,-3.1,0.0,19.3,0.036,0.107,0.143,0.143,0.417,0.0,0.0,0.5,0.75,0.375,0.2,0.833,0.0,0,0.313,0,0
491,Tyler Bey,22,DAL,SF,18,0,71,4.9,15.3,0.318,0.7,2.8,0.25,4.2,12.5,0.333,0.341,2.1,3.5,0.6,5.6,7.6,13.2,2.1,0.0,0.7,2.1,4.2,12.5,91.0,116,,beyty01,5.9,0.372,0.182,0.227,12.5,16.9,14.7,5.6,0.0,1.3,11.0,16.9,-0.1,0.0,0.0,-0.033,-5.5,-3.9,-9.5,-0.1,9.6,0.364,0.227,0.182,0.045,0.333,0.5,0.4,0.0,0.0,0.25,0.667,0.0,0.091,1,0.0,0,0
492,Rayjon Tucker,23,PHI,PG,14,0,68,6.4,12.8,0.5,1.4,5.0,0.286,5.0,7.8,0.636,0.556,9.9,13.5,0.737,0.7,7.1,7.8,4.3,1.4,0.0,2.8,5.7,24.1,123.0,110,,tuckera01,15.1,0.645,0.389,1.056,1.6,15.9,8.9,12.2,1.4,0.0,13.2,19.2,0.1,0.1,0.2,0.166,-3.0,-0.4,-3.4,0.0,11.8,0.556,0.0,0.0,0.056,0.636,0.7,,,0.0,0.286,0.714,0.5,0.167,3,0.286,0,0
493,Elijah Hughes,22,UTA,SF,18,0,64,7.6,22.8,0.333,6.1,17.5,0.348,1.5,5.3,0.286,0.467,2.3,3.0,0.75,0.8,6.1,6.9,4.6,0.8,0.8,4.6,0.8,23.6,93.0,111,,hugheel01,8.4,0.488,0.767,0.133,1.7,12.7,7.5,13.4,0.8,1.3,15.9,25.4,-0.1,0.1,0.0,-0.013,-1.4,-1.3,-2.8,0.0,22.0,0.033,0.067,0.067,0.067,0.286,0.0,0.0,0.5,0.5,0.348,1.0,0.875,0.0,0,0.261,0,0
494,Spencer Dinwiddie,27,BRK,SG,3,3,64,4.5,12.1,0.375,1.5,5.3,0.286,3.0,6.8,0.444,0.438,4.5,4.5,1.0,0.0,9.8,9.8,6.8,1.5,0.8,3.8,3.0,15.1,102.0,112,,dinwisp01,10.1,0.536,0.438,0.375,0.0,21.3,11.2,17.6,1.5,1.4,21.2,16.1,0.0,0.1,0.1,0.045,-2.4,2.6,0.2,0.0,12.3,0.313,0.25,0.0,0.0,0.444,0.6,0.25,,,0.286,0.5,1.0,0.063,1,0.143,0,0
495,Nick Richards,23,CHO,PF,18,0,63,3.1,7.0,0.444,0.0,0.8,0.0,3.1,6.2,0.5,0.444,5.4,8.5,0.636,3.1,5.4,8.5,1.6,0.0,0.0,2.3,5.4,11.6,107.0,119,,richani01,5.5,0.542,0.111,1.222,6.8,12.2,9.5,4.2,0.0,0.0,17.8,11.5,0.0,0.0,0.0,0.026,-5.9,-2.1,-8.0,-0.1,5.2,0.667,0.222,0.0,0.0,0.5,0.5,0.5,,,0.0,1.0,,0.333,3,0.0,0,0
496,Andre Roberson,29,BRK,SG,5,0,63,1.5,10.7,0.143,0.8,6.1,0.125,0.8,4.6,0.167,0.179,0.8,1.5,0.5,5.4,6.1,11.5,3.1,2.3,0.8,1.5,3.1,4.6,79.0,113,,roberan03,4.2,0.202,0.571,0.143,12.9,13.3,13.2,7.4,2.3,1.4,11.8,11.7,-0.1,0.1,-0.1,-0.043,-5.2,-0.9,-6.1,-0.1,14.7,0.357,0.071,0.0,0.0,0.167,0.2,0.0,,,0.125,0.0,1.0,0.0,0,0.5,0,0
497,Tim Frazier,30,MEM,PG,5,0,62,2.3,15.4,0.15,0.0,6.2,0.0,2.3,9.3,0.25,0.15,1.5,4.6,0.333,0.0,6.2,6.2,12.3,1.5,0.8,3.1,5.4,6.2,63.0,112,,fraziti01,-0.5,0.177,0.4,0.3,0.0,13.8,6.8,30.8,1.5,1.5,15.0,18.1,-0.3,0.1,-0.2,-0.169,-10.7,-1.2,-11.9,-0.2,16.8,0.1,0.15,0.25,0.1,0.25,1.0,0.0,0.2,0.0,0.0,0.333,,0.0,0,0.125,0,0
498,Axel Toupane,28,MIL,SF,8,1,61,3.1,8.5,0.364,0.8,1.5,0.5,2.3,6.9,0.333,0.409,3.8,5.4,0.714,0.0,4.6,4.6,3.1,1.5,2.3,0.0,4.6,10.8,119.0,111,,toupaax01,9.0,0.497,0.182,0.636,0.0,10.0,5.2,7.6,1.5,4.4,0.0,9.7,0.1,0.1,0.1,0.097,-4.1,1.1,-3.0,0.0,10.3,0.455,0.091,0.091,0.182,0.333,0.6,0.0,0.0,0.0,0.5,1.0,0.0,0.0,0,0.5,0,0
499,Udoka Azubuike,21,UTA,C,15,0,57,3.4,7.7,0.444,0.0,0.0,,3.4,7.7,0.444,0.444,6.8,8.5,0.8,3.4,7.7,11.1,0.0,0.9,3.4,2.6,7.7,13.7,113.0,106,,azubuud01,10.3,0.597,0.0,1.111,7.8,16.0,12.1,0.0,0.9,5.7,18.3,12.4,0.0,0.1,0.1,0.119,-5.5,1.7,-3.8,0.0,2.9,0.778,0.222,0.0,0.0,0.444,0.571,0.0,,,,0.75,,0.444,3,,0,0
500,Kostas Antetokounmpo,23,LAL,PF,15,0,56,2.6,8.7,0.3,0.0,0.0,,2.6,8.7,0.3,0.3,5.2,11.3,0.462,3.5,13.0,16.5,0.9,1.7,3.5,9.6,6.9,10.4,56.0,100,,antetko01,0.0,0.382,0.0,1.3,8.1,29.9,19.1,2.3,1.7,6.4,41.2,20.7,-0.3,0.1,-0.2,-0.174,-13.3,0.8,-12.6,-0.1,4.1,0.4,0.6,0.0,0.0,0.3,0.75,0.0,,,,0.333,,0.4,2,,0,0
501,Adam Mokoka,22,CHI,SG,14,0,56,6.1,16.4,0.368,0.9,8.7,0.1,5.2,7.8,0.667,0.395,0.0,0.9,0.0,0.9,3.5,4.3,4.3,1.7,0.9,4.3,4.3,13.0,73.0,113,,mokokad01,2.2,0.386,0.526,0.053,2.0,7.8,4.9,11.9,1.7,1.6,20.5,18.9,-0.2,0.1,-0.1,-0.112,-7.7,-1.6,-9.3,-0.1,13.7,0.421,0.053,0.0,0.0,0.667,0.75,0.0,,,0.1,0.333,1.0,0.0,0,0.3,0,0
502,Tyrell Terry,20,DAL,PG,11,0,56,4.4,14.1,0.313,0.0,6.2,0.0,4.4,7.9,0.556,0.313,0.9,2.6,0.333,0.0,5.3,5.3,5.3,4.4,0.0,1.8,1.8,9.7,75.0,108,,terryty01,6.0,0.318,0.438,0.188,0.0,11.7,5.9,14.0,4.4,0.0,10.4,15.3,-0.1,0.1,-0.1,-0.049,-7.5,2.6,-5.0,0.0,14.6,0.313,0.125,0.063,0.063,0.556,1.0,0.0,0.0,0.0,0.0,0.2,,0.0,0,0.0,0,0
503,Didi Louzada,21,NOP,SF,3,0,56,2.6,11.1,0.231,1.7,6.9,0.25,0.9,4.3,0.2,0.308,0.0,0.0,,0.9,1.7,2.6,2.6,1.7,0.0,2.6,4.3,6.9,66.0,117,,louzama01,-0.9,0.308,0.615,0.0,1.9,3.9,2.9,6.5,1.7,0.0,18.8,12.0,-0.1,0.0,-0.1,-0.099,-7.8,-1.8,-9.6,-0.1,17.6,0.154,0.154,0.077,0.0,0.2,0.5,0.0,0.0,,0.25,0.0,1.0,0.0,0,0.375,0,0
504,Jontay Porter,21,MEM,PF,11,0,54,7.1,13.3,0.533,2.7,7.1,0.375,4.4,6.2,0.714,0.633,2.7,4.4,0.6,3.5,8.9,12.4,0.9,2.7,0.9,6.2,10.6,19.5,93.0,108,,portejo01,9.2,0.64,0.533,0.333,7.8,19.9,13.7,2.5,2.7,1.7,28.9,18.9,-0.1,0.1,0.0,0.019,-6.8,0.3,-6.5,-0.1,18.5,0.2,0.067,0.067,0.133,0.714,0.667,1.0,1.0,0.5,0.375,0.6,1.0,0.067,1,0.0,0,0
505,Devon Dotson,21,CHI,PG,11,0,50,10.7,20.4,0.524,1.0,6.8,0.143,9.7,13.6,0.714,0.548,0.0,0.0,,1.9,2.9,4.8,6.8,3.9,0.0,0.0,2.9,22.3,126.0,110,,dotsode01,19.3,0.548,0.333,0.0,4.5,6.6,5.5,21.4,3.9,0.0,0.0,18.2,0.1,0.1,0.2,0.177,-0.1,2.2,2.1,0.1,12.6,0.429,0.095,0.048,0.095,0.714,0.889,0.5,0.0,0.5,0.143,0.4,1.0,0.0,0,0.143,0,0
506,Terrance Ferguson,22,PHI,SG,13,0,49,1.0,6.9,0.143,0.0,4.9,0.0,1.0,2.0,0.5,0.143,0.0,0.0,,0.0,1.0,1.0,2.0,1.0,0.0,3.9,6.9,2.0,30.0,114,,fergute01,-7.1,0.143,0.714,0.0,0.0,2.2,1.1,4.9,1.0,0.0,36.4,9.7,-0.2,0.0,-0.2,-0.161,-12.1,-2.2,-14.3,-0.2,19.8,0.143,0.0,0.0,0.143,0.5,1.0,,,0.0,0.0,1.0,,0.143,1,0.6,0,0
507,James Nunnally,30,NOP,SF,9,0,48,5.0,13.0,0.385,4.0,12.0,0.333,1.0,1.0,1.0,0.538,1.0,2.0,0.5,2.0,7.0,9.0,3.0,0.0,0.0,2.0,1.0,15.0,108.0,119,,nunnaja01,8.3,0.54,0.923,0.154,4.5,15.8,10.2,8.1,0.0,0.0,12.6,13.9,0.0,0.0,0.0,0.031,-0.9,-1.8,-2.7,0.0,23.8,0.0,0.0,0.0,0.077,1.0,,,,1.0,0.333,1.0,1.0,0.0,0,0.5,0,0
508,Isaiah Thomas,31,NOP,PG,3,0,48,9.0,27.0,0.333,3.0,12.0,0.25,6.0,15.0,0.4,0.389,2.0,2.0,1.0,1.0,3.0,4.0,5.0,1.0,0.0,6.0,3.0,23.0,79.0,118,,thomais02,2.4,0.412,0.444,0.074,2.3,6.8,4.5,15.1,1.0,0.0,17.7,29.7,-0.2,0.0,-0.2,-0.179,-7.8,-5.2,-13.1,-0.1,17.1,0.148,0.111,0.148,0.148,0.4,0.5,0.0,0.75,0.25,0.25,0.833,0.667,0.0,0,0.083,0,0
509,Ty-Shon Alexander,22,PHO,SG,15,0,47,3.2,12.6,0.25,2.1,9.5,0.222,1.1,3.2,0.333,0.333,1.1,2.1,0.5,2.1,8.4,10.5,6.3,0.0,1.1,3.2,2.1,9.5,84.0,114,,alexaty01,4.2,0.349,0.75,0.167,4.9,19.0,12.1,15.4,0.0,1.9,18.9,15.0,-0.1,0.0,0.0,-0.048,-4.8,-1.7,-6.5,-0.1,22.3,0.083,0.0,0.0,0.167,0.333,1.0,,,0.0,0.222,0.0,0.5,0.083,1,0.111,0,0
510,Robert Woodard II,21,SAC,SF,13,0,45,8.5,21.3,0.4,1.1,6.4,0.167,7.5,14.9,0.5,0.425,3.2,8.5,0.375,4.3,12.8,17.1,2.1,0.0,3.2,1.1,4.3,21.3,96.0,114,,woodaro01,12.5,0.425,0.3,0.4,9.7,30.0,19.7,6.3,0.0,5.6,4.1,23.4,0.0,0.0,0.0,-0.011,-2.7,-2.6,-5.3,0.0,14.6,0.25,0.25,0.1,0.1,0.5,1.0,0.0,0.5,0.5,0.167,0.571,1.0,0.1,2,0.0,1,0
511,Kris Dunn,26,ATL,PG,4,0,45,1.1,13.1,0.083,0.0,2.2,0.0,1.1,10.9,0.1,0.083,3.3,4.4,0.75,0.0,6.6,6.6,2.2,2.2,2.2,3.3,10.9,5.5,41.0,110,,dunnkr01,-5.7,0.182,0.167,0.333,0.0,14.3,7.3,5.4,2.2,3.9,17.9,16.2,-0.2,0.1,-0.2,-0.202,-13.7,-0.1,-13.7,-0.1,11.4,0.167,0.333,0.25,0.083,0.1,0.5,0.0,0.0,0.0,0.0,0.0,,0.0,0,0.5,0,0
512,Gary Payton II,28,GSW,PG,10,0,40,11.7,15.3,0.769,2.3,4.7,0.5,9.4,10.6,0.889,0.846,3.5,4.7,0.75,2.3,10.6,12.9,1.2,7.0,1.2,1.2,9.4,29.4,152.0,95,,paytoga02,29.2,0.847,0.308,0.308,5.4,23.6,14.6,4.1,7.0,2.2,6.3,16.8,0.2,0.1,0.3,0.331,1.0,8.2,9.2,0.1,8.6,0.615,0.077,0.0,0.0,0.889,0.875,1.0,,,0.5,0.75,1.0,0.231,2,0.75,0,0
513,Cameron Reynolds,25,2TM,SF,5,0,40,7.1,21.4,0.333,3.6,14.3,0.25,3.6,7.1,0.5,0.417,0.0,0.0,,2.4,3.6,5.9,2.4,0.0,0.0,0.0,2.4,17.8,96.0,121,,reynoca01,6.5,0.417,0.667,0.0,5.1,8.3,6.7,7.5,0.0,0.0,0.0,19.2,0.0,0.0,0.0,-0.039,-3.5,-4.6,-8.1,-0.1,14.2,0.111,0.111,0.111,0.0,0.5,0.5,0.5,0.5,,0.25,1.0,0.667,0.056,1,0.5,0,0
513,Cameron Reynolds,25,SAS,SF,3,0,6,8.1,16.2,0.5,0.0,0.0,,8.1,16.2,0.5,0.5,0.0,0.0,,0.0,0.0,0.0,0.0,0.0,0.0,0.0,0.0,16.2,99.0,122,,reynoca01,6.2,0.5,0.0,0.0,0.0,0.0,0.0,0.0,0.0,0.0,0.0,14.5,0.0,0.0,0.0,-0.017,-4.4,-3.6,-8.0,0.0,8.5,0.0,1.0,0.0,0.0,0.5,,0.5,,,,1.0,,0.0,0,,0,0
513,Cameron Reynolds,25,HOU,SF,2,0,34,7.0,22.3,0.313,4.2,16.7,0.25,2.8,5.6,0.5,0.406,0.0,0.0,,2.8,4.2,7.0,2.8,0.0,0.0,0.0,2.8,18.1,95.0,121,,reynoca01,6.5,0.406,0.75,0.0,6.0,9.8,7.8,8.8,0.0,0.0,0.0,20.0,0.0,0.0,0.0,-0.043,-3.4,-4.8,-8.2,-0.1,20.0,0.125,0.0,0.125,0.0,0.5,0.5,,0.5,,0.25,1.0,0.667,0.063,1,0.5,0,0
514,Vincent Poirier,27,PHI,C,10,0,39,3.7,14.8,0.25,0.0,1.2,0.0,3.7,13.6,0.273,0.25,2.5,7.4,0.333,7.4,9.9,17.3,2.5,0.0,3.7,4.9,9.9,9.9,70.0,107,,poirivi01,1.6,0.273,0.083,0.5,17.2,22.2,19.8,6.6,0.0,6.9,21.5,20.6,-0.2,0.1,-0.1,-0.127,-12.3,-2.4,-14.8,-0.1,8.6,0.417,0.083,0.25,0.167,0.273,0.4,0.0,0.333,0.0,0.0,0.0,,0.0,0,0.0,0,0
515,Henry Ellenson,24,TOR,PF,2,0,38,6.4,17.8,0.357,2.5,11.5,0.222,3.8,6.4,0.6,0.429,3.8,5.1,0.75,3.8,11.5,15.3,6.4,0.0,0.0,0.0,8.9,19.1,121.0,115,,ellenhe01,12.8,0.476,0.643,0.286,8.4,27.0,17.4,18.9,0.0,0.0,0.0,17.9,0.1,0.0,0.1,0.127,-1.7,-0.1,-1.8,0.0,17.6,0.357,0.0,0.0,0.0,0.6,0.6,,,,0.222,0.333,1.0,0.071,1,0.333,0,0
516,Bruno Caboclo,25,HOU,PF,6,0,36,10.5,22.3,0.471,0.0,6.6,0.0,10.5,15.8,0.667,0.471,1.3,2.6,0.5,3.9,14.5,18.4,1.3,0.0,2.6,5.3,7.9,22.3,83.0,112,,cabocbr01,9.0,0.475,0.294,0.118,8.5,34.0,20.7,4.7,0.0,5.0,18.3,25.8,-0.1,0.0,-0.1,-0.088,-8.4,-1.7,-10.1,-0.1,9.6,0.353,0.353,0.0,0.0,0.667,1.0,0.333,,,0.0,0.625,,0.235,4,0.4,0,0
517,Anderson Varejão,38,CLE,C,5,0,36,5.5,21.9,0.25,0.0,1.4,0.0,5.5,20.6,0.267,0.25,6.9,12.3,0.556,9.6,17.8,27.4,4.1,0.0,2.7,1.4,4.1,17.8,91.0,110,,varejan01,12.9,0.326,0.063,0.563,21.3,41.4,31.1,12.2,0.0,5.0,4.8,25.4,-0.1,0.0,0.0,-0.029,-3.7,-3.3,-7.1,0.0,8.9,0.438,0.125,0.125,0.25,0.267,0.286,0.0,0.0,0.5,0.0,0.75,,0.0,0,1.0,0,0
518,T.J. Leaf,23,POR,PF,7,0,35,7.0,13.9,0.5,0.0,0.0,,7.0,13.9,0.5,0.5,2.8,2.8,1.0,0.0,7.0,7.0,1.4,2.8,1.4,2.8,1.4,16.7,97.0,113,,leaftj01,11.2,0.551,0.0,0.2,0.0,15.7,7.6,4.0,2.8,2.6,15.5,15.8,0.0,0.0,0.0,0.022,-3.9,0.9,-3.0,0.0,2.9,0.7,0.2,0.1,0.0,0.5,0.571,0.5,0.0,,,0.6,,0.1,1,,0,0
519,Theo Pinson,25,NYK,SG,17,0,34,1.5,13.2,0.111,0.0,11.8,0.0,1.5,1.5,1.0,0.111,0.0,0.0,,0.0,7.4,7.4,1.5,0.0,0.0,1.5,5.9,2.9,29.0,113,,pinsoth01,-8.1,0.111,0.889,0.0,0.0,15.8,8.0,3.7,0.0,0.0,10.0,13.1,-0.2,0.0,-0.1,-0.205,-13.2,-2.5,-15.7,-0.1,25.0,0.0,0.0,0.111,0.0,1.0,,,1.0,,0.0,0.0,,0.0,0,0.0,0,0
520,Patrick McCaw,25,TOR,SF,5,0,33,1.5,1.5,1.0,0.0,0.0,,1.5,1.5,1.0,1.0,4.4,4.4,1.0,1.5,2.9,4.4,5.9,2.9,0.0,0.0,8.8,7.3,233.0,113,,mccawpa01,12.0,1.078,0.0,3.0,3.2,6.9,5.0,15.2,2.9,0.0,0.0,3.0,0.1,0.0,0.1,0.209,-2.7,3.6,0.9,0.0,1.3,1.0,0.0,0.0,0.0,1.0,1.0,,,,,0.0,,0.0,0,,0,0
521,Elijah Bryant,25,MIL,SG,1,0,32,8.8,19.1,0.462,1.5,7.3,0.2,7.3,11.7,0.625,0.5,4.4,4.4,1.0,2.9,5.9,8.8,4.4,0.0,1.5,5.9,5.9,23.5,100.0,115,,bryanel01,10.6,0.559,0.385,0.231,6.8,12.7,9.9,12.6,0.0,2.8,21.8,24.0,0.0,0.0,0.0,0.008,-3.9,-3.4,-7.3,0.0,12.6,0.385,0.154,0.0,0.077,0.625,0.6,0.5,,1.0,0.2,0.0,1.0,0.0,0,0.0,0,0
522,Marques Bolden,22,CLE,C,6,0,29,1.7,5.1,0.333,0.0,0.0,,1.7,5.1,0.333,0.333,8.5,13.6,0.625,5.1,5.1,10.2,0.0,3.4,3.4,3.4,0.0,11.9,101.0,108,,boldema01,13.3,0.537,0.0,2.667,11.3,11.9,11.6,0.0,3.4,6.1,23.5,12.8,0.0,0.0,0.0,0.063,-3.8,0.8,-3.0,0.0,7.7,0.333,0.333,0.333,0.0,0.333,1.0,0.0,0.0,,,1.0,,0.0,0,,0,0
523,Amida Brimah,26,IND,C,5,0,29,8.1,13.0,0.625,0.0,0.0,,8.1,13.0,0.625,0.625,4.9,4.9,1.0,3.3,9.8,13.0,1.6,0.0,8.1,6.5,6.5,21.2,101.0,106,,brimaam01,16.6,0.697,0.0,0.375,7.5,22.3,15.0,4.8,0.0,14.0,30.0,19.6,0.0,0.1,0.0,0.073,-6.2,1.4,-4.8,0.0,3.0,0.625,0.375,0.0,0.0,0.625,0.8,0.333,,,,0.8,,0.5,3,,0,0
524,Meyers Leonard,28,MIA,C,3,2,29,5.1,12.0,0.429,5.1,12.0,0.429,0.0,0.0,,0.643,1.7,3.4,0.5,0.0,12.0,12.0,3.4,0.0,0.0,3.4,8.6,17.1,101.0,113,,leoname01,6.6,0.635,1.0,0.286,0.0,27.1,13.8,9.7,0.0,0.0,20.2,15.4,0.0,0.0,0.0,0.038,-3.3,-0.4,-3.7,0.0,27.3,0.0,0.0,0.0,0.0,,,,,,0.429,,1.0,0.0,0,0.0,0,0
525,Grant Riller,23,CHO,PG,7,0,27,14.5,21.7,0.667,3.6,7.2,0.5,10.9,14.5,0.75,0.75,0.0,0.0,,0.0,1.8,1.8,5.4,1.8,0.0,1.8,0.0,32.6,134.0,117,,rillegr01,23.6,0.75,0.333,0.0,0.0,4.1,2.0,20.9,1.8,0.0,7.7,20.7,0.1,0.0,0.1,0.177,4.6,0.5,5.1,0.0,16.8,0.25,0.0,0.083,0.333,0.75,1.0,,1.0,0.5,0.5,0.167,1.0,0.0,0,0.25,0,0
526,Marquese Chriss,23,GSW,PF,2,0,27,8.7,24.4,0.357,1.7,8.7,0.2,7.0,15.7,0.444,0.393,3.5,7.0,0.5,5.2,17.4,22.6,3.5,0.0,3.5,3.5,5.2,22.6,88.0,104,,chrisma01,11.8,0.412,0.357,0.286,12.0,38.9,25.6,11.0,0.0,6.5,11.3,28.1,-0.1,0.1,0.0,-0.03,-2.4,0.3,-2.1,0.0,11.0,0.5,0.143,0.0,0.0,0.444,0.571,0.0,,,0.2,0.25,1.0,0.0,0,0.2,0,0
527,Nate Darling,22,CHO,SG,7,0,26,3.8,13.1,0.286,3.8,13.1,0.286,0.0,0.0,,0.429,5.6,5.6,1.0,1.9,0.0,1.9,1.9,0.0,1.9,1.9,1.9,16.9,110.0,120,,darlina01,8.2,0.541,1.0,0.429,4.1,0.0,2.1,5.1,0.0,3.8,10.7,15.4,0.0,0.0,0.0,0.038,-1.5,-2.5,-4.0,0.0,25.9,0.0,0.0,0.0,0.0,,,,,,0.286,,1.0,0.0,0,0.143,0,0
528,Ray Spalding,23,HOU,C,2,0,19,5.0,10.0,0.5,0.0,2.5,0.0,5.0,7.5,0.667,0.5,0.0,5.0,0.0,5.0,5.0,10.0,0.0,0.0,5.0,7.5,7.5,10.0,60.0,114,,spaldra01,0.8,0.41,0.25,0.5,10.8,11.7,11.2,0.0,0.0,9.4,38.1,17.6,-0.1,0.0,-0.1,-0.184,-12.2,-2.1,-14.3,-0.1,8.1,0.5,0.25,0.0,0.0,0.667,0.5,1.0,,,0.0,1.0,,0.0,0,1.0,0,0
529,Jaylen Adams,24,MIL,PG,7,0,18,2.6,20.9,0.125,0.0,5.2,0.0,2.6,15.7,0.167,0.125,0.0,0.0,,0.0,7.8,7.8,5.2,0.0,0.0,0.0,2.6,5.2,45.0,116,,adamsja01,-6.5,0.125,0.25,0.0,0.0,16.9,8.8,12.7,0.0,0.0,0.0,18.6,-0.1,0.0,-0.1,-0.252,-15.1,-4.6,-19.8,-0.1,11.0,0.25,0.375,0.125,0.0,0.167,0.0,0.0,1.0,,0.0,0.0,,0.0,0,0.0,0,0
530,Jared Harper,23,NYK,PG,8,0,16,0.0,12.5,0.0,0.0,3.1,0.0,0.0,9.4,0.0,0.0,9.4,12.5,0.75,0.0,6.3,6.3,3.1,0.0,0.0,9.4,3.1,9.4,43.0,114,,harpeja01,-10.8,0.26,0.25,1.0,0.0,13.4,6.8,7.7,0.0,0.0,34.2,24.4,-0.1,0.0,-0.1,-0.365,-16.6,-5.5,-22.1,-0.1,12.5,0.0,0.5,0.25,0.0,0.0,,0.0,0.0,,0.0,,,0.0,0,0.0,0,0
531,Brian Bowen,22,IND,SF,6,0,15,3.2,12.6,0.25,0.0,3.2,0.0,3.2,9.5,0.333,0.25,3.2,3.2,1.0,0.0,9.5,9.5,0.0,0.0,0.0,0.0,3.2,9.5,74.0,116,,bowenbr02,1.0,0.338,0.25,0.25,0.0,21.6,10.8,0.0,0.0,0.0,0.0,12.6,0.0,0.0,0.0,-0.063,-8.1,-2.9,-11.0,0.0,16.6,0.0,0.25,0.0,0.5,0.333,,1.0,,0.0,0.0,1.0,,0.0,0,0.0,0,0
532,Jalen Lecque,20,IND,PG,4,0,12,3.9,35.5,0.111,0.0,3.9,0.0,3.9,31.5,0.125,0.111,11.8,11.8,1.0,7.9,11.8,19.7,7.9,0.0,0.0,0.0,0.0,19.7,77.0,115,,lecquja01,4.7,0.242,0.111,0.333,18.2,27.0,22.6,20.6,0.0,0.0,0.0,36.6,-0.1,0.0,-0.1,-0.232,-6.6,-6.3,-13.0,0.0,10.1,0.444,0.111,0.111,0.222,0.125,0.25,0.0,0.0,0.0,0.0,0.0,,0.0,0,0.0,0,0
533,Greg Whittington,27,DEN,PF,4,0,12,0.0,12.4,0.0,0.0,8.2,0.0,0.0,4.1,0.0,0.0,0.0,0.0,,0.0,0.0,0.0,0.0,0.0,0.0,0.0,0.0,0.0,0.0,121,,whittgr01,-10.2,0.0,0.667,0.0,0.0,0.0,0.0,0.0,0.0,0.0,0.0,10.9,-0.1,0.0,-0.1,-0.259,-11.4,-5.7,-17.2,0.0,21.4,0.0,0.0,0.333,0.0,0.0,,,0.0,,0.0,,,0.0,0,0.5,0,0
534,Noah Vonleh,25,BRK,C,4,0,11,0.0,13.2,0.0,0.0,8.8,0.0,0.0,4.4,0.0,0.0,0.0,0.0,,0.0,4.4,4.4,4.4,0.0,0.0,8.8,8.8,0.0,14.0,120,,vonleno01,-19.0,0.0,0.667,0.0,0.0,9.6,5.0,10.2,0.0,0.0,40.0,19.8,-0.1,0.0,-0.1,-0.488,-21.3,-5.0,-26.3,-0.1,18.6,0.333,0.0,0.0,0.0,0.0,0.0,,,,0.0,,,0.0,0,0.0,0,0
535,Malik Fitts,23,LAC,PF,3,0,11,4.5,13.5,0.333,4.5,9.0,0.5,0.0,4.5,0.0,0.5,0.0,0.0,,0.0,13.5,13.5,0.0,0.0,0.0,0.0,13.5,13.5,102.0,112,,fittsma01,2.9,0.5,0.667,0.0,0.0,29.8,15.3,0.0,0.0,0.0,0.0,12.1,0.0,0.0,0.0,0.049,-7.0,-2.1,-9.1,0.0,17.6,0.333,0.0,0.0,0.0,0.0,0.0,,,,0.5,,1.0,0.0,0,0.5,0,0
536,Iman Shumpert,30,BRK,SG,2,0,11,4.4,17.5,0.25,0.0,13.2,0.0,4.4,4.4,1.0,0.25,0.0,0.0,,4.4,0.0,4.4,0.0,4.4,0.0,4.4,0.0,8.8,56.0,113,,shumpim01,-0.4,0.25,0.75,0.0,10.6,0.0,5.0,0.0,4.4,0.0,20.0,19.8,-0.1,0.0,0.0,-0.212,-10.4,-2.2,-12.6,0.0,21.9,0.0,0.0,0.25,0.0,1.0,,,1.0,,0.0,0.0,,0.0,0,0.0,0,0
537,Anžejs Pasečņiks,25,WAS,C,1,0,6,0.0,7.7,0.0,0.0,7.7,0.0,0.0,0.0,,0.0,0.0,0.0,,7.7,0.0,7.7,7.7,0.0,0.0,38.4,15.4,0.0,21.0,120,,pasecan01,-40.6,0.0,1.0,0.0,17.7,0.0,8.8,18.7,0.0,0.0,83.3,41.4,-0.1,0.0,-0.1,-1.113,-40.7,-5.9,-46.6,-0.1,25.2,0.0,0.0,0.0,0.0,,,,,,0.0,,,0.0,0,0.0,0,0
538,Ashton Hagans,21,MIN,PG,2,0,4,0.0,0.0,,0.0,0.0,,0.0,0.0,,,0.0,0.0,,0.0,0.0,0.0,0.0,0.0,0.0,11.8,0.0,0.0,0.0,124,,haganas01,-12.4,,,,0.0,0.0,0.0,0.0,0.0,0.0,100.0,10.5,0.0,0.0,0.0,-0.353,-13.7,-7.4,-21.1,0.0,,,,,,,,,,,,,,,0,,0,0
539,Udonis Haslem,40,MIA,C,1,0,3,33.1,33.1,1.0,0.0,0.0,,33.1,33.1,1.0,1.0,0.0,0.0,,0.0,16.6,16.6,0.0,0.0,0.0,0.0,0.0,66.2,200.0,111,,hasleud01,54.6,1.0,0.0,0.0,0.0,37.5,19.1,0.0,0.0,0.0,0.0,30.1,0.0,0.0,0.0,0.475,24.1,7.0,31.1,0.0,8.6,0.5,0.0,0.5,0.0,1.0,1.0,,1.0,,,1.0,,0.0,0,,0,0
540,Will Magnay,22,NOP,C,1,0,3,0.0,16.0,0.0,0.0,16.0,0.0,0.0,0.0,,0.0,0.0,0.0,,0.0,0.0,0.0,0.0,0.0,0.0,16.0,16.0,0.0,0.0,122,,magnawi01,-35.1,0.0,1.0,0.0,0.0,0.0,0.0,0.0,0.0,0.0,50.0,28.0,0.0,0.0,0.0,-0.787,-30.7,-8.6,-39.3,0.0,26.7,0.0,0.0,0.0,0.0,,,,,,0.0,,,0.0,0,0.0,0,0
