Rk,Player,Age,Team,Pos,G,GS,MP,FG,FGA,FG%,3P,3PA,3P%,2P,2PA,2P%,eFG%,FT,FTA,FT%,ORB,DRB,TRB,AST,STL,BLK,TOV,PF,PTS,ORtg,DRtg,Awards,Player-additional,PER,TS%,3PAr,FTr,ORB%,DRB%,TRB%,AST%,STL%,BLK%,TOV%,USG%,OWS,DWS,WS,WS/48,OBPM,DBPM,BPM,VORP
1,Mikal Bridges,26,2TM,SG,83,83,2963,9.8,20.9,0.468,2.8,7.3,0.382,7.0,13.6,0.514,0.535,5.2,5.8,0.895,1.3,4.7,6.0,4.5,1.5,1.0,2.1,2.6,27.6,118.0,115,,bridgmi01,16.8,0.587,0.349,0.279,2.9,10.8,6.8,13.7,1.5,1.8,8.2,22.6,4.4,3.1,7.5,0.121,1.5,0.2,1.7,2.8
1,Mikal Bridges,26,PHO,SF,56,56,2040,8.5,18.3,0.463,2.4,6.3,0.387,6.1,12.1,0.503,0.529,3.7,4.2,0.897,1.3,4.5,5.8,4.8,1.6,1.1,1.9,2.8,23.1,118.0,114,,bridgmi01,14.8,0.574,0.342,0.228,3.0,10.4,6.6,14.1,1.6,2.0,8.5,19.2,2.7,2.2,4.9,0.116,0.4,0.6,1.0,1.6
1,Mikal Bridges,26,BRK,SG,27,27,923,12.6,26.6,0.475,3.6,9.6,0.376,9.0,17.0,0.531,0.543,8.5,9.5,0.894,1.2,5.2,6.4,3.8,1.4,0.8,2.6,2.3,37.3,117.0,116,,bridgmi01,21.3,0.607,0.36,0.356,2.9,11.7,7.4,12.9,1.4,1.5,7.8,30.3,1.7,0.8,2.5,0.133,4.0,-0.8,3.3,1.2
2,Anthony Edwards,21,MIN,SG,79,79,2842,11.8,25.8,0.459,3.6,9.7,0.369,8.3,16.1,0.513,0.528,5.3,7.1,0.756,0.8,6.9,7.7,5.9,2.1,1.0,4.3,3.1,32.5,106.0,113,AS,edwaran01,17.4,0.564,0.375,0.274,1.9,15.9,9.0,19.3,2.1,1.8,13.0,29.9,0.2,3.6,3.8,0.064,1.0,0.0,1.0,2.1
3,Zach LaVine,27,CHI,SG,77,77,2768,11.8,24.4,0.485,3.6,9.6,0.375,8.3,14.9,0.556,0.558,6.4,7.5,0.848,0.7,5.3,6.1,5.8,1.2,0.3,3.4,2.8,33.7,116.0,115,,lavinza01,19.0,0.607,0.392,0.308,1.7,12.2,7.1,18.7,1.2,0.6,11.0,28.3,4.2,2.9,7.1,0.123,2.7,-0.7,1.9,2.7
4,Nikola Vučević,32,CHI,C,82,82,2746,10.6,20.4,0.52,2.1,6.2,0.349,8.4,14.2,0.594,0.573,2.3,2.8,0.835,2.8,13.2,16.0,4.7,1.1,1.0,2.5,3.2,25.7,117.0,110,,vucevni01,19.1,0.594,0.302,0.138,6.7,30.2,18.6,14.6,1.1,2.0,10.2,21.9,3.9,4.4,8.3,0.145,1.9,0.7,2.7,3.2
5,Julius Randle,28,NYK,PF,77,77,2737,11.9,25.9,0.459,3.9,11.5,0.343,7.9,14.4,0.553,0.536,7.3,9.6,0.757,2.5,11.3,13.9,5.7,0.9,0.4,3.9,4.2,35.0,117.0,114,CPOY-14ASNBA3,randlju01,20.3,0.581,0.444,0.371,5.6,25.2,15.4,18.5,0.9,0.7,11.5,29.5,5.0,3.1,8.1,0.142,3.9,-0.2,3.7,3.9
6,Domantas Sabonis,26,SAC,C,79,79,2736,10.1,16.4,0.615,0.5,1.5,0.373,9.5,15.0,0.639,0.632,5.7,7.7,0.742,4.4,12.6,17.0,10.0,1.1,0.7,4.0,4.9,26.4,132.0,114,MVP-7ASNBA3,sabondo01,23.5,0.668,0.088,0.467,10.6,30.0,20.3,30.4,1.1,1.2,16.9,21.3,9.6,3.0,12.6,0.221,4.1,1.8,5.8,5.4
7,Jayson Tatum,24,BOS,SF,74,74,2732,13.0,27.8,0.466,4.3,12.2,0.35,8.7,15.6,0.558,0.543,9.5,11.1,0.854,1.4,10.2,11.6,6.1,1.4,0.9,3.8,2.9,39.7,118.0,110,MVP-4CPOY-10ASNBA1,tatumja01,23.7,0.607,0.44,0.399,3.2,22.5,13.0,20.9,1.4,1.6,10.4,32.7,6.2,4.3,10.5,0.185,4.8,0.7,5.5,5.1
8,Spencer Dinwiddie,29,2TM,SG,79,79,2725,8.3,19.0,0.438,3.3,8.9,0.369,5.1,10.2,0.498,0.524,4.9,6.0,0.812,0.5,4.4,4.9,9.3,1.2,0.4,2.6,3.4,24.8,118.0,118,,dinwisp01,16.0,0.573,0.467,0.314,1.2,10.2,5.7,28.1,1.2,0.8,10.8,22.1,4.5,1.8,6.3,0.111,1.6,-0.9,0.7,1.8
8,Spencer Dinwiddie,29,DAL,SG,53,53,1808,8.7,19.1,0.455,3.8,9.4,0.405,4.9,9.7,0.504,0.555,4.7,5.7,0.821,0.5,4.0,4.5,7.7,1.1,0.4,2.5,3.4,25.8,120.0,119,,dinwisp01,16.1,0.599,0.491,0.298,1.2,9.4,5.2,23.8,1.1,0.8,10.3,21.9,3.3,1.0,4.3,0.114,2.0,-1.2,0.9,1.3
8,Spencer Dinwiddie,29,BRK,PG,26,26,917,7.7,19.0,0.404,2.3,7.9,0.289,5.4,11.0,0.488,0.465,5.2,6.5,0.797,0.5,5.2,5.7,12.6,1.5,0.4,2.9,3.4,22.8,115.0,116,,dinwisp01,15.8,0.523,0.419,0.346,1.1,11.7,6.6,36.5,1.5,0.7,11.8,22.5,1.2,0.8,2.0,0.103,0.7,-0.5,0.2,0.5
9,Evan Mobley,21,CLE,PF,79,79,2715,9.7,17.5,0.554,0.4,1.9,0.216,9.3,15.6,0.595,0.566,3.8,5.6,0.674,3.5,9.7,13.1,4.1,1.1,2.2,2.7,4.0,23.6,117.0,108,DPOY-3DEF1,mobleev01,17.9,0.591,0.108,0.321,8.1,22.7,15.4,12.4,1.1,4.0,11.9,20.2,3.7,4.8,8.5,0.151,0.0,1.6,1.7,2.5
10,Dejounte Murray,26,ATL,SG,74,74,2693,10.8,23.3,0.464,2.4,6.9,0.344,8.5,16.5,0.514,0.514,2.8,3.4,0.832,0.9,5.9,6.9,7.9,2.0,0.3,2.8,1.9,26.8,112.0,116,,murrade01,17.0,0.54,0.293,0.144,2.1,13.8,7.9,24.0,2.0,0.6,10.2,24.4,2.4,2.3,4.7,0.084,1.1,0.0,1.0,2.1
11,DeMar DeRozan,33,CHI,SF,74,74,2682,11.9,23.7,0.504,0.8,2.6,0.324,11.1,21.1,0.526,0.522,8.3,9.5,0.872,0.6,5.6,6.2,6.8,1.5,0.7,2.8,3.4,33.0,119.0,113,CPOY-3AS,derozde01,20.6,0.592,0.109,0.401,1.5,12.8,7.2,22.3,1.5,1.3,9.1,27.8,5.4,3.2,8.5,0.153,1.7,0.3,2.0,2.6
12,Scottie Barnes,21,TOR,SF,77,76,2678,8.5,18.8,0.456,1.2,4.1,0.281,7.4,14.6,0.505,0.487,3.5,4.5,0.772,3.3,6.1,9.5,6.8,1.5,1.1,2.8,3.1,21.8,113.0,115,,barnesc01,15.5,0.524,0.22,0.242,7.1,15.2,10.8,20.0,1.5,2.2,12.0,20.3,2.3,2.7,5.0,0.09,0.5,-0.1,0.4,1.6
13,Harrison Barnes,30,SAC,PF,82,82,2662,6.7,14.2,0.473,2.4,6.3,0.374,4.3,7.9,0.553,0.556,6.3,7.4,0.847,1.6,5.0,6.6,2.3,1.0,0.2,1.5,1.9,22.1,126.0,119,,barneha02,14.1,0.632,0.446,0.522,3.8,11.9,7.9,6.3,1.0,0.3,8.1,17.1,5.1,1.4,6.5,0.118,0.5,-1.5,-1.0,0.7
14,Pascal Siakam,28,TOR,PF,71,71,2652,11.7,24.5,0.48,1.7,5.4,0.324,10.0,19.1,0.523,0.515,6.8,8.8,0.774,2.4,7.9,10.4,7.7,1.2,0.7,3.2,4.3,32.1,118.0,115,AS,siakapa01,20.3,0.565,0.219,0.361,5.2,19.6,11.9,24.9,1.2,1.3,10.0,27.2,5.2,2.6,7.8,0.141,3.3,-0.1,3.1,3.4
15,CJ McCollum,31,NOP,PG,75,75,2649,10.7,24.6,0.437,3.9,9.9,0.389,6.9,14.7,0.469,0.515,3.3,4.4,0.769,1.0,5.0,6.0,7.8,1.3,0.7,3.3,2.8,28.7,110.0,115,,mccolcj01,15.6,0.541,0.404,0.177,2.4,11.7,7.0,25.1,1.3,1.4,11.2,26.4,1.5,2.8,4.3,0.078,1.5,-0.7,0.8,1.9
16,Franz Wagner,21,ORL,SF,80,80,2609,10.0,20.7,0.485,2.4,6.7,0.361,7.6,14.0,0.544,0.543,5.0,6.0,0.842,1.3,4.8,6.1,5.2,1.4,0.3,3.1,3.4,27.5,115.0,116,,wagnefr01,15.9,0.589,0.322,0.288,3.0,11.2,7.1,17.2,1.4,0.6,11.7,23.5,3.1,2.3,5.4,0.099,0.4,-0.5,-0.1,1.3
17,Jalen Green,20,HOU,SG,76,76,2602,10.5,25.3,0.416,3.5,10.3,0.338,7.1,15.0,0.471,0.485,6.8,8.6,0.786,0.8,4.5,5.3,5.2,1.1,0.3,3.7,2.4,31.4,109.0,122,,greenja05,14.5,0.538,0.408,0.341,1.8,10.3,6.0,17.3,1.1,0.7,11.3,28.1,1.4,0.5,1.8,0.034,0.5,-2.6,-2.1,0.0
18,Bam Adebayo,25,MIA,C,75,75,2598,11.6,21.4,0.54,0.0,0.2,0.083,11.5,21.2,0.545,0.541,6.2,7.7,0.806,3.5,9.7,13.2,4.6,1.7,1.2,3.6,4.0,29.3,115.0,111,DPOY-5ASDEF2,adebaba01,20.1,0.592,0.011,0.361,8.0,23.6,15.5,15.9,1.7,2.4,12.7,25.2,3.6,3.8,7.4,0.137,0.8,0.8,1.5,2.3
19,Trae Young,24,ATL,PG,73,73,2541,11.2,26.1,0.429,2.9,8.6,0.335,8.3,17.4,0.476,0.485,10.6,12.0,0.886,1.1,3.0,4.1,13.9,1.5,0.2,5.6,2.0,35.9,116.0,119,,youngtr01,22.0,0.573,0.331,0.46,2.4,7.0,4.7,42.5,1.5,0.3,15.2,32.6,5.3,1.4,6.7,0.126,5.3,-2.0,3.3,3.4
20,Fred VanVleet,28,TOR,PG,69,69,2535,8.5,21.7,0.393,4.0,11.8,0.342,4.5,9.9,0.455,0.486,5.0,5.5,0.898,0.6,4.9,5.5,9.7,2.4,0.7,2.7,3.8,26.0,117.0,114,,vanvlfr01,17.0,0.54,0.545,0.254,1.2,12.0,6.3,28.1,2.4,1.5,10.2,23.2,3.7,2.8,6.5,0.123,2.0,0.5,2.5,2.9
21,Buddy Hield,30,IND,SF,80,73,2482,9.1,19.9,0.458,5.5,12.9,0.425,3.6,6.9,0.518,0.596,2.0,2.5,0.822,1.3,6.4,7.7,4.3,1.8,0.5,2.7,3.0,25.7,115.0,118,,hieldbu01,15.4,0.614,0.652,0.124,3.0,14.9,8.9,13.3,1.8,0.9,11.3,20.8,2.7,1.6,4.4,0.085,2.5,-0.6,1.9,2.4
22,RJ Barrett,22,NYK,SG,73,73,2475,10.2,23.5,0.434,2.4,7.8,0.31,7.8,15.7,0.495,0.485,5.8,7.8,0.74,1.2,6.2,7.3,4.0,0.6,0.3,3.3,3.6,28.6,107.0,118,,barrerj01,12.9,0.531,0.332,0.333,2.7,13.7,8.2,12.4,0.6,0.6,10.8,26.2,0.5,1.8,2.2,0.043,-1.2,-1.9,-3.1,-0.7
23,Jordan Poole,23,GSW,PG,82,43,2458,10.6,24.6,0.43,4.1,12.2,0.336,6.5,12.3,0.524,0.514,6.9,8.0,0.87,0.6,3.7,4.3,7.1,1.2,0.4,4.8,4.1,32.2,109.0,117,,poolejo01,14.6,0.573,0.498,0.325,1.5,8.5,5.0,22.5,1.2,0.8,14.7,29.2,1.4,1.9,3.2,0.063,-0.1,-1.8,-1.9,0.1
24,Josh Hart,27,2TM,SF,76,52,2454,5.5,10.4,0.529,1.2,3.3,0.372,4.3,7.1,0.601,0.588,2.6,3.5,0.75,2.8,9.0,11.8,5.8,1.8,0.4,2.3,3.9,14.8,125.0,116,,hartjo01,14.1,0.622,0.315,0.338,6.5,21.0,13.7,16.1,1.8,0.8,16.4,12.6,3.8,2.2,6.0,0.118,-0.2,1.1,0.9,1.8
24,Josh Hart,27,POR,SF,51,51,1704,5.2,10.4,0.504,1.0,3.2,0.304,4.3,7.2,0.594,0.551,2.5,3.4,0.731,2.7,9.2,11.9,5.7,1.5,0.3,2.3,3.8,13.9,121.0,118,,hartjo01,12.7,0.586,0.309,0.328,6.4,21.9,14.1,16.0,1.5,0.5,16.0,12.6,2.0,1.2,3.2,0.091,-0.9,0.7,-0.2,0.8
24,Josh Hart,27,NYK,SF,25,1,750,6.1,10.3,0.586,1.8,3.4,0.519,4.3,6.9,0.619,0.672,3.0,3.8,0.789,3.1,8.5,11.6,5.9,2.2,0.8,2.5,4.1,16.9,136.0,112,,hartjo01,17.1,0.703,0.331,0.363,6.9,19.0,12.9,16.2,2.2,1.5,17.3,12.6,1.8,1.0,2.8,0.179,1.4,2.0,3.4,1.0
25,Jabari Smith Jr.,19,HOU,PF,79,79,2451,7.2,17.6,0.408,2.4,7.7,0.307,4.8,9.9,0.487,0.475,3.2,4.1,0.786,2.4,8.8,11.3,2.0,0.9,1.5,2.1,4.5,20.0,108.0,119,,smithja05,11.2,0.514,0.438,0.231,5.4,20.3,12.7,5.9,0.9,3.0,9.6,18.4,0.5,1.4,1.9,0.037,-2.3,-1.3,-3.7,-1.1
26,Trey Murphy III,22,NOP,SF,79,65,2448,7.7,15.8,0.484,4.0,9.8,0.406,3.7,6.0,0.611,0.61,3.4,3.8,0.905,1.2,4.4,5.6,2.2,1.8,0.9,1.2,3.1,22.7,128.0,114,,murphtr02,15.2,0.65,0.621,0.238,2.7,10.3,6.5,6.4,1.8,1.7,6.5,16.6,4.8,2.8,7.6,0.15,1.4,0.4,1.8,2.3
27,Darius Garland,23,CLE,PG,69,69,2447,10.7,23.1,0.462,3.5,8.4,0.41,7.2,14.7,0.492,0.537,5.7,6.6,0.863,0.6,3.2,3.8,11.0,1.7,0.2,4.1,3.0,30.5,118.0,113,,garlada01,18.8,0.587,0.365,0.284,1.3,7.6,4.5,34.1,1.7,0.3,13.5,26.9,4.5,3.0,7.6,0.148,3.2,-0.7,2.4,2.7
28,Tobias Harris,30,PHI,SF,74,74,2436,8.6,17.2,0.501,2.6,6.6,0.389,6.0,10.6,0.57,0.575,2.3,2.6,0.876,1.4,7.3,8.6,3.8,1.4,0.8,1.8,3.0,22.1,118.0,114,,harrito02,14.8,0.602,0.383,0.153,3.3,17.0,10.3,11.4,1.4,1.5,9.0,18.2,3.1,2.8,5.9,0.116,0.6,0.1,0.7,1.7
29,De'Aaron Fox,25,SAC,PG,73,73,2435,13.4,26.2,0.512,2.3,7.2,0.324,11.1,18.9,0.584,0.557,6.7,8.6,0.78,0.8,5.2,6.0,8.8,1.6,0.5,3.6,3.4,35.9,119.0,117,MVP-11CPOY-1ASNBA3,foxde01,21.8,0.599,0.276,0.331,1.9,12.4,7.2,29.6,1.6,0.8,10.6,30.1,5.5,1.8,7.4,0.146,3.4,-0.9,2.5,2.7
30,Donovan Mitchell,26,CLE,SG,68,68,2432,14.0,28.9,0.484,5.1,13.1,0.386,9.0,15.8,0.566,0.572,6.6,7.6,0.867,1.3,4.7,6.0,6.2,2.0,0.6,3.7,3.5,39.6,118.0,111,MVP-6CPOY-6ASNBA2,mitchdo01,22.9,0.614,0.453,0.262,3.1,10.9,7.0,21.4,2.0,1.0,10.3,32.1,5.4,3.5,8.9,0.176,5.6,0.6,6.3,5.0
31,Paolo Banchero,20,ORL,PF,72,72,2430,9.5,22.3,0.427,1.7,5.7,0.298,7.8,16.6,0.471,0.465,7.8,10.6,0.738,1.7,8.2,9.9,5.4,1.2,0.8,4.0,3.2,28.6,105.0,114,ROY-1,banchpa01,14.9,0.529,0.254,0.476,3.9,19.3,11.6,17.2,1.2,1.5,12.8,27.5,-0.3,2.6,2.4,0.047,-0.7,-0.7,-1.5,0.3
32,Jaden McDaniels,22,MIN,SF,79,79,2416,7.3,14.1,0.517,2.1,5.3,0.398,5.2,8.8,0.588,0.591,2.1,2.8,0.736,1.8,4.2,6.0,2.9,1.5,1.5,2.2,5.3,18.7,115.0,115,,mcdanja02,12.0,0.611,0.376,0.201,4.3,9.8,7.1,8.4,1.5,2.7,12.6,15.8,2.0,2.4,4.4,0.087,-1.7,0.5,-1.2,0.5
33,Shai Gilgeous-Alexander,24,OKC,PG,68,68,2416,13.8,27.2,0.51,1.1,3.3,0.345,12.7,23.8,0.533,0.531,13.2,14.5,0.905,1.2,5.3,6.5,7.3,2.2,1.3,3.8,3.8,42.0,125.0,113,MVP-5CPOY-7ASNBA1,gilgesh01,27.2,0.626,0.122,0.535,2.6,12.2,7.3,25.7,2.2,2.5,10.1,32.8,8.4,3.0,11.4,0.226,5.7,1.5,7.3,5.6
34,Royce O'Neale,29,BRK,SF,76,53,2409,4.6,12.0,0.386,3.3,8.5,0.389,1.3,3.5,0.379,0.524,1.0,1.4,0.725,1.1,6.7,7.8,5.7,1.3,1.0,2.3,4.8,13.6,108.0,115,,onealro01,9.2,0.538,0.707,0.116,2.6,15.0,9.0,15.3,1.3,1.7,15.5,13.6,0.4,2.5,2.9,0.057,-1.7,0.6,-1.1,0.5
35,Jaylen Brown,26,BOS,SF,67,67,2405,13.8,28.0,0.491,3.3,9.9,0.335,10.5,18.2,0.576,0.55,5.3,7.0,0.765,1.6,7.7,9.3,4.7,1.5,0.5,4.0,3.5,36.2,110.0,111,ASNBA2,brownja02,19.1,0.581,0.352,0.249,3.6,17.0,10.4,16.5,1.5,0.9,11.4,31.4,1.6,3.4,5.0,0.1,1.5,-0.2,1.3,2.0
36,Luka Dončić,23,DAL,PG,66,66,2391,14.9,30.1,0.496,3.8,11.2,0.342,11.1,18.9,0.588,0.56,10.7,14.4,0.742,1.1,10.7,11.8,11.0,1.9,0.7,4.9,3.5,44.4,120.0,113,MVP-8CPOY-8ASNBA1,doncilu01,28.7,0.609,0.373,0.479,2.6,25.4,13.8,42.3,1.9,1.2,11.9,37.6,7.3,2.9,10.2,0.204,7.6,1.4,8.9,6.6
37,OG Anunoby,25,TOR,SF,67,67,2386,8.7,18.3,0.476,2.9,7.6,0.387,5.8,10.7,0.539,0.556,2.9,3.5,0.838,2.0,4.9,6.9,2.7,2.7,1.0,2.7,4.1,23.3,113.0,113,DPOY-7DEF2,anunoog01,14.6,0.586,0.415,0.189,4.2,12.1,7.9,8.0,2.7,2.0,12.1,19.5,1.8,2.9,4.7,0.094,-0.3,0.7,0.4,1.5
38,Keegan Murray,22,SAC,SF,80,78,2382,7.1,15.7,0.453,4.1,10.1,0.411,3.0,5.6,0.527,0.584,1.2,1.6,0.765,1.8,5.7,7.5,2.0,1.2,0.8,1.2,3.3,19.6,119.0,117,ROY-5,murrake02,12.3,0.597,0.641,0.104,4.3,13.4,8.9,5.5,1.2,1.5,6.8,15.8,2.6,1.7,4.3,0.087,0.4,-1.0,-0.6,0.8
39,Kentavious Caldwell-Pope,29,DEN,SG,76,76,2381,6.0,13.0,0.462,2.8,6.6,0.423,3.2,6.4,0.502,0.569,2.1,2.6,0.824,0.7,3.6,4.3,3.8,2.3,0.7,1.8,3.0,16.9,117.0,115,,caldwke01,11.5,0.598,0.505,0.198,1.7,8.1,5.0,9.8,2.3,1.3,11.1,14.1,2.0,2.5,4.5,0.091,-1.6,0.6,-1.0,0.6
40,P.J. Washington,24,CHO,PF,73,73,2380,8.7,19.6,0.444,3.0,8.6,0.348,5.7,11.0,0.518,0.52,2.5,3.5,0.73,1.5,5.7,7.2,3.5,1.3,1.6,2.2,3.9,22.9,107.0,116,,washipj01,12.9,0.542,0.438,0.178,3.2,13.0,8.0,11.0,1.3,2.9,9.4,20.6,0.4,2.2,2.6,0.052,-1.0,-0.3,-1.3,0.4
41,Jalen Brunson,26,NYK,PG,68,68,2379,12.2,24.8,0.491,2.8,6.7,0.416,9.4,18.1,0.519,0.547,6.8,8.1,0.829,0.8,4.2,5.0,8.7,1.3,0.3,3.0,3.2,33.9,125.0,117,MVP-12CPOY-4,brunsja01,21.2,0.597,0.269,0.328,1.8,9.3,5.6,28.7,1.3,0.6,9.4,27.2,6.9,1.8,8.7,0.175,4.4,-0.5,3.9,3.5
42,Brook Lopez,34,MIL,C,78,78,2373,9.6,18.1,0.531,2.7,7.3,0.374,6.9,10.8,0.637,0.606,3.0,3.8,0.784,3.2,7.3,10.5,2.0,0.7,3.9,2.2,4.1,24.9,122.0,109,DPOY-2DEF1,lopezbr01,18.4,0.63,0.405,0.211,7.2,15.3,11.4,6.1,0.7,6.7,9.8,19.3,4.1,3.9,8.0,0.161,0.8,1.3,2.1,2.5
43,Josh Giddey,20,OKC,PF,76,76,2367,10.8,22.4,0.482,1.5,4.7,0.325,9.3,17.7,0.524,0.516,2.1,2.9,0.731,3.0,9.1,12.0,9.4,1.1,0.6,4.2,2.9,25.3,109.0,114,,giddejo01,17.1,0.533,0.209,0.13,6.6,20.9,13.6,29.9,1.1,1.2,15.1,24.6,1.3,2.7,4.0,0.081,1.5,-0.3,1.2,1.9
44,Reggie Bullock,31,DAL,SF,78,55,2364,4.0,9.9,0.409,3.2,8.3,0.38,0.9,1.5,0.562,0.569,0.5,0.8,0.703,0.7,5.3,6.0,2.3,1.1,0.3,0.8,3.5,11.8,116.0,119,,bullore01,7.7,0.577,0.845,0.079,1.6,12.5,7.0,6.2,1.1,0.5,6.9,10.0,1.3,1.4,2.8,0.056,-2.3,-0.3,-2.6,-0.4
45,Immanuel Quickley,23,NYK,SG,81,21,2344,8.8,19.7,0.448,3.5,9.6,0.37,5.3,10.2,0.521,0.537,4.3,5.2,0.819,1.2,5.9,7.1,5.9,1.7,0.3,2.1,3.5,25.5,122.0,115,6MOY-2,quickim01,16.3,0.578,0.485,0.265,2.7,13.1,7.9,17.4,1.7,0.6,8.7,20.9,4.4,2.3,6.7,0.137,1.3,0.4,1.7,2.1
46,Tyler Herro,23,MIA,SG,67,67,2337,10.4,23.7,0.439,4.3,11.5,0.378,6.1,12.2,0.497,0.531,3.6,3.9,0.934,0.6,7.1,7.7,6.0,1.1,0.3,3.4,2.2,28.7,109.0,115,,herroty01,15.3,0.566,0.484,0.164,1.3,17.3,9.0,19.9,1.1,0.7,11.7,25.6,1.1,2.4,3.5,0.072,1.5,-0.8,0.6,1.6
47,Patrick Williams,21,CHI,PF,82,65,2323,6.6,14.2,0.464,2.4,5.8,0.415,4.2,8.4,0.498,0.549,1.9,2.2,0.857,1.6,5.2,6.9,2.1,1.5,1.5,2.1,3.1,17.5,108.0,113,,willipa01,11.2,0.576,0.409,0.155,3.9,12.0,8.0,5.8,1.5,2.9,12.3,15.7,0.5,3.0,3.5,0.072,-1.7,0.4,-1.3,0.4
48,Nikola Jokić,27,DEN,C,69,69,2323,13.6,21.5,0.632,1.2,3.1,0.383,12.4,18.4,0.675,0.66,7.2,8.7,0.822,3.5,13.7,17.2,14.3,1.8,1.0,5.2,3.7,35.6,134.0,110,MVP-2CPOY-13ASNBA2,jokicni01,31.5,0.701,0.146,0.406,8.5,31.3,20.2,46.6,1.8,1.8,17.0,27.2,11.2,3.8,14.9,0.308,8.5,4.5,13.0,8.8
49,Derrick White,28,BOS,SG,82,70,2319,7.4,15.9,0.462,3.1,8.2,0.381,4.2,7.7,0.548,0.56,3.5,4.0,0.875,1.1,5.1,6.2,6.7,1.1,1.6,2.0,3.7,21.4,124.0,112,DEF2,whitede01,15.4,0.604,0.516,0.253,2.5,11.2,6.9,19.4,1.1,2.8,10.1,17.7,4.4,3.1,7.4,0.154,1.1,1.3,2.4,2.6
50,Jaden Ivey,20,DET,SG,74,73,2304,8.6,20.7,0.416,2.5,7.4,0.343,6.1,13.3,0.457,0.477,5.6,7.5,0.747,1.5,4.5,6.1,8.1,1.3,0.4,5.0,5.1,25.3,103.0,121,ROY-6,iveyja01,12.1,0.528,0.356,0.362,3.4,10.7,6.9,26.2,1.3,0.7,17.2,25.4,-0.9,0.8,0.0,-0.001,-1.4,-1.9,-3.3,-0.7
51,D'Angelo Russell,26,2TM,PG,71,71,2304,9.2,19.5,0.469,4.0,10.1,0.396,5.2,9.4,0.548,0.572,3.7,4.5,0.829,0.7,3.7,4.4,9.0,1.4,0.6,3.8,2.9,26.0,116.0,116,,russeda01,16.3,0.605,0.517,0.228,1.7,8.5,5.2,27.4,1.4,1.1,15.1,22.7,3.1,1.9,5.1,0.106,2.1,-0.7,1.5,2.0
51,D'Angelo Russell,26,MIN,PG,54,54,1778,9.0,19.4,0.465,4.0,10.1,0.391,5.1,9.3,0.546,0.567,3.8,4.5,0.856,0.7,3.7,4.4,8.9,1.6,0.6,3.9,3.1,25.8,115.0,116,,russeda01,16.1,0.604,0.521,0.23,1.8,8.5,5.2,27.0,1.6,1.0,15.5,22.8,2.3,1.5,3.8,0.103,1.9,-0.7,1.2,1.4
51,D'Angelo Russell,26,LAL,PG,17,17,526,9.6,19.9,0.484,4.1,10.0,0.414,5.5,9.9,0.555,0.588,3.2,4.4,0.735,0.6,3.9,4.5,9.3,0.9,0.7,3.5,2.1,26.7,118.0,117,,russeda01,17.1,0.61,0.502,0.222,1.5,8.5,5.1,28.8,0.9,1.3,13.9,22.6,0.9,0.4,1.3,0.118,3.1,-0.7,2.4,0.6
52,Draymond Green,32,GSW,PF,73,73,2297,5.1,9.7,0.527,0.8,2.7,0.305,4.3,7.1,0.612,0.57,1.6,2.2,0.713,1.4,9.4,10.8,10.3,1.5,1.2,4.2,4.7,12.7,114.0,112,DPOY-4DEF2,greendr01,12.2,0.592,0.276,0.228,3.2,21.6,12.6,27.8,1.5,2.3,28.1,13.2,1.6,3.1,4.7,0.098,-1.8,2.6,0.8,1.6
53,KJ Martin,22,HOU,SF,82,49,2292,8.7,15.2,0.569,1.4,4.6,0.315,7.2,10.7,0.679,0.617,3.2,4.7,0.68,2.7,6.9,9.6,2.6,0.9,0.6,1.9,3.1,22.0,126.0,121,,martike04,15.4,0.635,0.3,0.308,6.0,15.8,10.8,8.1,0.9,1.3,10.0,16.4,4.2,0.7,4.9,0.103,0.6,-1.3,-0.7,0.7
54,Joel Embiid,28,PHI,C,66,66,2284,15.8,28.8,0.548,1.4,4.3,0.33,14.4,24.5,0.587,0.573,14.3,16.7,0.857,2.5,12.1,14.5,5.9,1.4,2.4,4.9,4.4,47.4,124.0,109,MVP-1DPOY-9CPOY-5ASNBA1,embiijo01,31.4,0.655,0.151,0.581,5.9,28.3,17.3,22.9,1.4,4.6,11.9,37.0,8.4,3.9,12.3,0.259,6.8,2.3,9.2,6.4
55,Bruce Brown,26,DEN,SF,80,31,2280,7.7,15.9,0.483,2.0,5.4,0.358,5.7,10.4,0.548,0.545,2.5,3.3,0.758,1.4,5.7,7.0,5.7,1.9,1.1,2.6,4.1,19.8,113.0,114,,brownbr01,13.3,0.571,0.343,0.206,3.3,13.0,8.3,15.7,1.9,2.0,13.2,17.8,1.7,2.6,4.3,0.09,-1.1,0.6,-0.5,0.9
56,Klay Thompson,32,GSW,SF,69,69,2279,11.3,25.9,0.436,6.2,15.1,0.412,5.1,10.8,0.47,0.556,2.4,2.7,0.879,0.8,5.1,5.9,3.4,1.0,0.6,2.5,2.7,31.3,110.0,117,,thompkl01,14.7,0.576,0.584,0.105,1.9,11.7,6.9,11.0,1.0,1.1,8.6,26.4,1.2,1.9,3.1,0.066,1.5,-1.7,-0.3,1.0
57,Jalen Williams,21,OKC,SG,75,62,2276,8.6,16.6,0.521,1.5,4.3,0.356,7.1,12.3,0.579,0.567,3.2,4.0,0.812,1.8,5.3,7.0,5.2,2.1,0.7,2.6,4.0,22.0,118.0,114,ROY-2,willija06,15.6,0.601,0.258,0.241,3.9,12.2,7.9,15.4,2.1,1.4,12.3,18.4,3.0,2.6,5.6,0.119,-0.4,0.7,0.3,1.3
58,Lauri Markkanen,25,UTA,PF,66,66,2273,12.0,24.1,0.499,4.2,10.7,0.391,7.8,13.3,0.585,0.586,7.3,8.4,0.875,2.7,9.2,12.0,2.6,0.9,0.8,2.7,2.9,35.5,125.0,116,MIP-1AS,markkla01,22.1,0.64,0.446,0.348,6.3,20.7,13.6,8.6,0.9,1.4,8.8,26.6,6.3,1.9,8.2,0.173,4.9,-1.0,3.8,3.3
59,Max Strus,26,MIA,SF,80,33,2272,7.1,17.3,0.41,4.3,12.4,0.35,2.8,5.0,0.559,0.535,1.7,2.0,0.876,1.1,4.6,5.7,3.8,0.9,0.3,1.5,3.6,20.3,113.0,117,,strusma01,10.8,0.557,0.713,0.113,2.4,11.2,6.7,11.2,0.9,0.5,7.8,17.6,1.5,1.9,3.4,0.071,-0.8,-0.9,-1.7,0.2
60,Luguentz Dort,23,OKC,SF,74,73,2272,7.1,18.3,0.388,2.8,8.6,0.33,4.3,9.7,0.44,0.466,4.2,5.4,0.772,2.7,4.5,7.2,3.2,1.6,0.5,1.9,5.1,21.2,109.0,116,,dortlu01,11.3,0.513,0.468,0.297,5.9,10.4,8.1,9.2,1.6,0.9,8.5,19.8,0.9,2.1,2.9,0.062,-2.0,-1.0,-3.0,-0.6
61,Nic Claxton,23,BRK,C,76,76,2271,8.9,12.6,0.705,0.0,0.0,0.0,8.9,12.6,0.708,0.705,2.9,5.3,0.541,4.0,11.1,15.1,3.1,1.4,4.1,2.1,4.6,20.7,132.0,108,DPOY-9,claxtni01,20.8,0.691,0.003,0.419,9.3,25.1,17.4,9.3,1.4,7.1,12.1,15.4,5.2,4.0,9.2,0.195,0.9,2.2,3.1,2.9
62,Jerami Grant,28,POR,PF,63,63,2246,9.4,19.8,0.475,3.1,7.8,0.401,6.3,12.0,0.523,0.554,6.0,7.4,0.813,1.1,5.0,6.1,3.3,1.1,1.1,2.5,3.3,28.0,117.0,120,,grantje01,16.0,0.606,0.393,0.375,2.7,11.9,7.2,10.3,1.1,2.1,9.8,22.8,3.1,1.0,4.1,0.087,1.2,-1.4,-0.2,1.0
63,Kyrie Irving,30,2TM,SG,60,60,2241,13.0,26.4,0.494,4.1,10.9,0.379,8.9,15.5,0.574,0.572,5.4,6.0,0.905,1.3,5.4,6.7,7.3,1.4,1.0,2.8,3.6,35.6,121.0,116,CPOY-12AS,irvinky01,22.4,0.613,0.412,0.227,3.0,12.3,7.7,25.4,1.4,1.7,8.8,28.9,5.4,2.0,7.4,0.159,4.8,-0.7,4.1,3.5
63,Kyrie Irving,30,BRK,PG,40,40,1478,13.1,27.1,0.486,4.3,11.5,0.374,8.9,15.6,0.569,0.565,5.2,5.9,0.883,1.3,5.5,6.7,7.0,1.4,1.1,3.0,3.6,35.8,118.0,115,,irvinky01,21.6,0.604,0.425,0.219,3.0,12.3,7.8,24.1,1.4,1.9,9.2,29.7,2.9,1.4,4.3,0.14,4.6,-0.8,3.8,2.2
63,Kyrie Irving,30,DAL,SG,20,20,763,12.8,25.0,0.51,3.8,9.6,0.392,9.0,15.4,0.585,0.586,5.8,6.1,0.947,1.4,5.1,6.5,7.8,1.6,0.8,2.4,3.6,35.1,127.0,117,,irvinky01,24.0,0.634,0.385,0.245,3.2,12.2,7.6,27.8,1.6,1.4,8.0,27.4,2.5,0.6,3.1,0.198,5.3,-0.4,4.9,1.3
64,Kyle Kuzma,27,WAS,PF,64,64,2239,11.1,24.8,0.448,3.5,10.5,0.333,7.7,14.4,0.533,0.518,3.8,5.2,0.73,1.2,8.9,10.1,5.2,0.8,0.6,4.1,3.2,29.5,103.0,117,,kuzmaky01,14.3,0.544,0.421,0.208,2.8,19.5,11.5,16.5,0.8,1.1,13.2,27.9,-1.0,1.9,0.9,0.019,-0.2,-1.5,-1.7,0.2
65,Caris LeVert,28,CLE,SG,74,30,2237,7.2,16.6,0.431,2.8,7.3,0.392,4.3,9.4,0.462,0.517,2.9,4.0,0.722,1.2,5.1,6.3,6.4,1.6,0.5,2.6,3.8,20.1,111.0,112,,leverca01,12.4,0.546,0.437,0.243,2.8,12.1,7.4,18.0,1.6,1.0,12.4,18.7,1.4,3.1,4.4,0.095,-1.0,0.8,-0.2,1.0
66,Bennedict Mathurin,20,IND,SG,78,17,2222,8.8,20.3,0.434,2.1,6.6,0.323,6.7,13.7,0.488,0.487,8.0,9.7,0.828,1.9,4.9,6.8,2.5,1.0,0.3,3.2,3.5,27.8,109.0,121,ROY-46MOY-8,mathube01,13.1,0.566,0.326,0.477,4.4,11.5,7.9,7.6,1.0,0.5,11.7,24.6,1.0,0.8,1.8,0.038,-1.2,-2.5,-3.7,-1.0
67,Terry Rozier,28,CHO,SG,63,63,2221,10.6,25.5,0.415,3.5,10.8,0.327,7.0,14.6,0.48,0.484,3.8,4.7,0.809,1.1,4.5,5.6,6.8,1.6,0.3,2.9,2.6,28.5,106.0,117,,roziete01,14.7,0.517,0.425,0.185,2.4,10.2,6.2,22.7,1.6,0.6,9.4,26.9,0.1,1.6,1.7,0.037,0.6,-1.1,-0.6,0.8
68,Jarrett Allen,24,CLE,C,68,68,2220,9.1,14.1,0.644,0.0,0.2,0.1,9.1,13.9,0.653,0.645,3.7,5.0,0.733,5.0,10.1,15.0,2.6,1.2,1.9,2.1,3.5,21.9,132.0,108,,allenja01,19.9,0.67,0.016,0.353,11.7,23.6,17.7,7.5,1.2,3.5,11.4,16.4,5.5,4.0,9.5,0.205,1.3,1.0,2.4,2.4
69,Dillon Brooks,27,MEM,SF,73,73,2214,8.4,21.3,0.396,3.1,9.4,0.326,5.3,11.8,0.451,0.468,2.6,3.3,0.779,1.0,4.3,5.2,4.1,1.4,0.3,2.2,5.1,22.5,102.0,114,DEF2,brookdi01,9.4,0.494,0.443,0.155,2.2,9.5,5.8,11.7,1.4,0.7,8.9,21.8,-0.8,2.4,1.6,0.034,-3.4,-0.5,-3.9,-1.1
70,Kevin Huerter,24,SAC,SG,75,75,2203,9.1,18.8,0.485,4.5,11.1,0.402,4.7,7.7,0.604,0.603,2.1,2.8,0.725,0.9,4.5,5.5,4.8,1.7,0.5,2.1,3.9,24.8,119.0,117,,huertke01,15.2,0.617,0.589,0.151,2.2,10.8,6.5,14.1,1.7,1.0,9.5,19.9,3.3,1.7,4.9,0.107,1.4,-0.3,1.0,1.7
71,Jrue Holiday,32,MIL,PG,67,65,2183,10.7,22.4,0.479,3.5,9.0,0.384,7.3,13.4,0.542,0.556,3.3,3.9,0.859,1.7,5.7,7.5,10.8,1.7,0.5,4.3,2.5,28.2,118.0,112,DPOY-7ASDEF1,holidjr01,19.2,0.586,0.402,0.173,3.9,12.0,8.1,34.4,1.7,0.9,15.2,25.0,3.9,2.8,6.7,0.148,3.0,0.1,3.1,2.8
72,Alperen Şengün,20,HOU,C,75,72,2171,9.9,17.8,0.553,0.4,1.3,0.333,9.4,16.6,0.57,0.565,4.6,6.4,0.715,5.4,9.7,15.1,6.5,1.6,1.6,4.3,5.8,24.8,118.0,117,,sengual01,19.7,0.599,0.071,0.36,12.1,22.3,17.1,21.0,1.6,3.2,17.3,21.4,3.4,1.8,5.2,0.115,1.1,0.4,1.4,1.9
73,Anfernee Simons,23,POR,SG,62,62,2171,10.5,23.4,0.447,4.8,12.6,0.377,5.7,10.8,0.528,0.548,3.6,4.0,0.894,0.4,3.2,3.6,5.7,0.9,0.3,2.9,3.2,29.3,113.0,123,,simonan01,14.8,0.581,0.538,0.171,0.9,7.6,4.3,18.6,0.9,0.6,10.2,25.1,2.1,0.3,2.5,0.054,1.3,-2.5,-1.1,0.5
74,Ivica Zubac,25,LAC,C,76,76,2170,7.4,11.6,0.634,0.0,0.0,0.0,7.4,11.6,0.637,0.634,3.7,5.4,0.697,5.3,11.7,17.1,1.7,0.7,2.2,2.6,4.9,18.5,125.0,112,,zubaciv01,16.7,0.661,0.004,0.463,12.3,26.5,19.5,5.1,0.7,4.0,15.9,14.8,3.8,2.9,6.7,0.149,-1.1,0.2,-0.9,0.6
75,Killian Hayes,21,DET,PG,76,56,2154,6.9,18.3,0.377,1.8,6.4,0.28,5.1,11.9,0.429,0.426,2.1,2.5,0.821,0.6,4.3,5.0,10.6,2.3,0.6,3.9,4.9,17.7,98.0,118,,hayeski01,10.2,0.455,0.351,0.137,1.4,10.2,5.7,32.3,2.3,1.1,16.7,20.5,-1.9,1.4,-0.5,-0.012,-3.3,-0.5,-3.8,-1.0
76,Tim Hardaway Jr.,30,DAL,SF,71,45,2152,7.9,19.6,0.401,4.9,12.7,0.385,3.0,6.9,0.431,0.527,2.9,3.8,0.77,0.5,5.3,5.8,3.0,1.1,0.3,1.4,2.8,23.5,110.0,119,,hardati02,12.1,0.554,0.649,0.195,1.1,12.6,6.8,9.0,1.1,0.5,6.1,20.6,1.0,1.3,2.3,0.051,-0.3,-1.5,-1.8,0.1
77,De'Anthony Melton,24,PHI,SG,77,58,2150,6.4,15.0,0.425,3.6,9.3,0.39,2.8,5.7,0.484,0.546,1.6,2.0,0.793,1.6,5.6,7.2,4.5,2.9,0.9,2.4,4.4,18.0,111.0,111,,meltode01,12.7,0.566,0.619,0.134,3.9,13.1,8.6,12.9,2.9,1.8,12.9,16.4,1.1,3.1,4.2,0.095,-0.7,1.6,0.9,1.6
78,Rudy Gobert,30,MIN,C,70,70,2148,8.0,12.1,0.659,0.0,0.1,0.0,8.0,12.0,0.663,0.659,4.8,7.5,0.644,5.1,12.9,18.0,1.9,1.2,2.1,2.7,4.6,20.8,127.0,109,,goberru01,18.9,0.675,0.005,0.623,12.2,29.8,21.2,5.6,1.2,3.9,14.9,16.3,4.3,3.5,7.8,0.174,0.0,0.7,0.7,1.4
79,Jimmy Butler,33,MIA,PF,64,64,2138,11.2,20.7,0.539,0.8,2.4,0.35,10.3,18.3,0.564,0.56,11.0,12.9,0.85,3.3,5.5,8.7,7.9,2.7,0.5,2.4,1.9,34.2,135.0,112,MVP-10DPOY-12CPOY-2NBA2,butleji01,27.6,0.647,0.116,0.625,7.5,13.3,10.3,27.1,2.7,1.0,8.2,25.6,9.4,2.9,12.3,0.277,6.7,2.0,8.7,5.8
80,James Harden,33,PHI,PG,58,58,2135,8.6,19.5,0.441,3.7,9.7,0.385,4.9,9.8,0.495,0.536,7.3,8.4,0.867,0.9,7.3,8.2,14.3,1.6,0.7,4.5,2.6,28.2,123.0,113,,hardeja01,21.6,0.607,0.496,0.429,2.3,17.1,9.8,43.3,1.6,1.4,16.3,25.0,5.8,2.6,8.4,0.188,5.1,0.3,5.4,4.0
81,Jamal Murray,25,DEN,PG,65,65,2133,10.8,23.9,0.454,3.9,9.9,0.398,6.9,14.0,0.494,0.537,4.1,5.0,0.833,1.1,4.8,5.9,9.2,1.5,0.4,3.3,2.4,29.8,116.0,116,,murraja01,18.0,0.571,0.415,0.207,2.7,11.0,6.9,27.5,1.5,0.7,11.3,26.1,3.3,1.9,5.1,0.116,2.6,-1.3,1.3,1.8
82,John Collins,25,ATL,PF,71,71,2130,8.0,15.8,0.508,1.6,5.4,0.292,6.5,10.5,0.619,0.557,3.2,4.0,0.803,1.7,8.6,10.3,1.9,0.9,1.6,1.8,4.9,20.8,117.0,115,,collijo01,13.6,0.593,0.339,0.252,3.9,20.0,11.9,5.3,0.9,2.9,9.1,17.1,2.1,2.1,4.2,0.095,-1.4,0.2,-1.3,0.4
83,Saddiq Bey,23,2TM,SF,77,37,2129,8.0,18.9,0.422,3.4,9.5,0.361,4.6,9.5,0.483,0.513,4.6,5.4,0.861,2.2,6.0,8.2,2.7,1.6,0.3,1.6,2.8,24.1,117.0,119,,beysa01,14.6,0.564,0.5,0.285,5.0,14.0,9.4,8.1,1.6,0.5,7.0,20.2,2.6,1.2,3.9,0.087,0.9,-1.2,-0.3,0.9
83,Saddiq Bey,23,DET,SF,52,30,1500,7.9,19.6,0.404,3.3,9.5,0.345,4.7,10.1,0.46,0.488,5.8,6.8,0.861,1.9,5.9,7.8,2.7,1.6,0.4,1.7,2.8,24.9,115.0,119,,beysa01,14.3,0.552,0.483,0.345,4.2,13.9,8.9,8.5,1.6,0.7,7.2,21.3,1.5,0.8,2.3,0.074,0.5,-1.1,-0.7,0.5
83,Saddiq Bey,23,ATL,SF,25,7,629,8.2,17.4,0.47,3.8,9.5,0.4,4.4,8.0,0.552,0.578,1.9,2.2,0.862,3.0,6.1,9.1,2.6,1.5,0.1,1.3,2.8,22.1,124.0,117,,beysa01,15.2,0.599,0.543,0.126,6.7,14.3,10.4,7.2,1.5,0.1,6.5,17.4,1.1,0.5,1.6,0.119,1.7,-1.2,0.5,0.4
84,De'Andre Hunter,25,ATL,SF,67,67,2126,8.5,18.4,0.461,2.2,6.4,0.35,6.3,12.0,0.521,0.522,3.8,4.6,0.826,1.0,5.3,6.4,2.1,0.8,0.4,1.8,4.5,23.1,112.0,119,,huntede01,11.5,0.563,0.348,0.252,2.3,12.4,7.3,6.0,0.8,0.7,8.2,19.7,1.4,1.2,2.5,0.057,-1.9,-1.4,-3.3,-0.7
85,Russell Westbrook,34,2TM,PG,73,24,2126,9.7,22.3,0.436,2.0,6.4,0.311,7.7,15.9,0.487,0.481,4.6,7.1,0.656,2.0,7.5,9.5,12.4,1.7,0.7,5.7,3.6,26.1,104.0,113,6MOY-9,westbru01,16.1,0.513,0.289,0.317,4.7,16.5,10.8,38.6,1.7,1.3,18.4,27.7,-0.6,2.6,1.9,0.044,0.3,-0.1,0.2,1.2
85,Russell Westbrook,34,LAL,PG,52,3,1491,9.7,23.2,0.417,2.0,6.8,0.296,7.7,16.4,0.467,0.46,5.0,7.6,0.655,1.9,8.3,10.2,12.4,1.7,0.7,5.8,3.8,26.3,101.0,113,,westbru01,15.3,0.496,0.292,0.326,4.4,18.2,11.5,38.5,1.7,1.3,18.1,28.8,-1.2,1.9,0.7,0.023,-0.2,0.1,-0.1,0.7
85,Russell Westbrook,34,LAC,PG,21,21,635,9.9,20.2,0.489,2.0,5.6,0.356,7.9,14.6,0.54,0.538,3.9,5.9,0.658,2.3,5.6,7.9,12.3,1.8,0.8,5.5,3.2,25.6,111.0,115,,westbru01,17.8,0.562,0.279,0.29,5.4,12.6,9.0,38.9,1.8,1.4,19.4,25.2,0.6,0.7,1.2,0.092,1.6,-0.8,0.8,0.5
86,Quentin Grimes,22,NYK,SG,71,66,2121,6.6,14.0,0.468,3.7,9.5,0.386,2.9,4.5,0.641,0.599,1.8,2.3,0.796,1.1,4.2,5.3,3.5,1.1,0.6,1.6,4.1,18.6,125.0,117,,grimequ01,11.7,0.619,0.676,0.163,2.5,9.4,5.9,9.7,1.1,1.2,9.7,14.4,3.2,1.6,4.8,0.108,-0.3,0.1,-0.1,1.0
87,Kristaps Porziņģis,27,WAS,C,65,65,2120,11.6,23.4,0.498,3.1,8.2,0.385,8.5,15.2,0.559,0.565,8.1,9.6,0.851,2.6,9.9,12.5,4.0,1.3,2.3,3.1,4.5,34.6,121.0,113,,porzikr01,23.1,0.627,0.35,0.409,6.2,21.8,14.3,12.9,1.3,4.0,10.2,27.4,5.0,2.7,7.7,0.174,3.8,0.5,4.3,3.4
88,Gary Trent Jr.,24,TOR,SG,66,44,2118,9.5,21.8,0.433,3.9,10.5,0.369,5.6,11.3,0.493,0.522,4.0,4.8,0.839,0.7,3.3,4.0,2.5,2.4,0.3,1.3,2.4,26.8,116.0,116,,trentga02,15.0,0.56,0.481,0.219,1.5,8.2,4.6,7.4,2.4,0.6,5.1,21.7,2.5,2.0,4.5,0.102,0.2,0.0,0.2,1.2
89,Damian Lillard,32,POR,PG,58,58,2107,12.9,27.8,0.463,5.6,15.2,0.371,7.2,12.6,0.574,0.564,11.8,12.9,0.914,1.0,5.4,6.4,9.8,1.2,0.4,4.4,2.5,43.1,126.0,121,CPOY-10ASNBA3,lillada01,26.7,0.645,0.547,0.464,2.4,12.8,7.6,35.0,1.2,0.8,11.7,33.8,8.2,0.8,9.0,0.205,8.3,-1.2,7.1,4.9
90,Ayo Dosunmu,23,CHI,SG,80,51,2098,6.5,13.2,0.493,1.4,4.4,0.312,5.2,8.8,0.583,0.545,1.5,1.9,0.805,1.0,4.1,5.1,4.8,1.4,0.6,2.3,4.2,16.0,109.0,115,,dosunay01,10.2,0.567,0.332,0.144,2.5,9.3,5.9,13.2,1.4,1.2,14.0,14.9,0.7,2.2,2.9,0.067,-3.0,0.6,-2.5,-0.2
91,Corey Kispert,23,WAS,SF,74,45,2093,6.8,13.6,0.497,3.8,8.9,0.424,3.0,4.7,0.637,0.637,1.7,2.0,0.852,0.8,4.0,4.8,2.0,0.7,0.2,1.3,2.3,19.1,124.0,120,,kispeco01,11.5,0.657,0.656,0.15,1.8,8.9,5.5,5.7,0.7,0.4,8.1,14.1,2.9,0.9,3.8,0.088,-0.1,-1.4,-1.5,0.2
92,Malik Beasley,26,2TM,SG,81,27,2093,8.4,21.3,0.395,5.4,15.0,0.357,3.1,6.4,0.484,0.52,1.1,1.5,0.769,0.8,5.6,6.4,2.8,1.5,0.2,2.0,2.4,23.3,105.0,117,,beaslma01,10.9,0.531,0.702,0.069,1.8,12.5,7.3,8.4,1.5,0.4,8.5,21.1,-0.2,1.6,1.4,0.032,-0.9,-1.0,-2.0,0.0
92,Malik Beasley,26,UTA,SG,55,13,1472,8.6,21.7,0.396,5.5,15.3,0.359,3.1,6.4,0.485,0.522,1.2,1.4,0.841,0.9,5.5,6.4,3.0,1.4,0.3,1.9,2.4,23.9,107.0,118,,beaslma01,11.5,0.535,0.704,0.066,2.0,12.3,7.2,9.0,1.4,0.5,8.0,21.2,0.3,1.0,1.2,0.04,-0.4,-1.2,-1.6,0.2
92,Malik Beasley,26,LAL,SG,26,14,621,8.0,20.4,0.392,5.0,14.3,0.353,3.0,6.2,0.481,0.515,1.0,1.6,0.619,0.6,6.0,6.6,2.4,1.6,0.1,2.3,2.4,22.1,99.0,115,,beaslma01,9.7,0.521,0.698,0.078,1.4,13.0,7.4,7.0,1.6,0.1,9.8,20.9,-0.5,0.6,0.2,0.012,-2.3,-0.6,-2.9,-0.1
93,Caleb Martin,27,MIA,SF,71,49,2077,6.1,13.2,0.464,2.0,5.7,0.356,4.1,7.5,0.545,0.54,2.2,2.7,0.805,2.1,6.1,8.3,2.8,1.7,0.7,1.9,3.5,16.4,113.0,113,,martica02,11.4,0.571,0.431,0.206,4.8,15.0,9.7,8.2,1.7,1.5,11.5,14.4,1.2,2.5,3.7,0.086,-1.8,0.5,-1.2,0.4
94,Andrew Nembhard,23,IND,SG,75,63,2073,6.5,14.7,0.441,2.1,6.0,0.35,4.4,8.7,0.504,0.512,1.1,1.4,0.79,0.8,3.8,4.6,7.8,1.6,0.3,2.9,4.1,16.2,108.0,120,,nembhan01,10.0,0.528,0.408,0.096,1.9,8.8,5.3,22.4,1.6,0.5,15.8,16.1,0.4,0.8,1.2,0.029,-2.4,-0.8,-3.2,-0.6
95,Keldon Johnson,23,SAS,SF,63,63,2063,11.5,25.5,0.452,3.1,9.3,0.329,8.4,16.2,0.523,0.512,5.6,7.5,0.749,1.3,6.0,7.3,4.2,1.1,0.3,3.1,2.9,31.7,108.0,122,,johnske04,15.3,0.551,0.366,0.294,2.9,14.4,8.4,13.7,1.1,0.4,9.6,27.9,0.7,0.5,1.3,0.03,0.7,-2.5,-1.8,0.1
96,Aaron Gordon,27,DEN,PF,68,68,2055,10.2,18.1,0.564,1.4,4.1,0.347,8.8,14.0,0.628,0.603,4.5,7.5,0.608,3.9,6.7,10.6,4.8,1.3,1.2,2.3,3.1,26.4,124.0,115,,gordoaa01,19.5,0.617,0.227,0.413,9.4,15.4,12.5,14.2,1.3,2.2,9.8,21.1,4.6,2.2,6.8,0.158,2.4,-0.3,2.1,2.1
97,Mason Plumlee,32,2TM,C,79,60,2054,7.7,11.3,0.68,0.0,0.0,,7.7,11.3,0.68,0.68,4.6,7.3,0.636,5.3,11.0,16.3,5.7,1.1,1.1,2.7,5.1,20.0,134.0,114,,plumlma01,19.6,0.689,0.0,0.647,11.8,25.1,18.4,17.3,1.1,2.0,15.8,15.2,5.5,2.4,7.9,0.185,1.2,1.0,2.2,2.2
97,Mason Plumlee,32,CHO,C,56,56,1597,7.9,11.8,0.669,0.0,0.0,,7.9,11.8,0.669,0.669,4.6,7.6,0.605,5.6,10.6,16.1,6.1,1.0,1.0,2.6,4.8,20.4,133.0,114,,plumlma01,20.0,0.673,0.0,0.646,12.2,24.1,18.1,18.7,1.0,1.9,14.6,15.7,4.3,1.8,6.1,0.183,1.5,0.9,2.4,1.8
97,Mason Plumlee,32,LAC,C,23,4,457,6.9,9.4,0.727,0.0,0.0,,6.9,9.4,0.727,0.727,4.7,6.1,0.772,4.5,12.5,17.0,4.3,1.2,1.3,3.2,6.0,18.4,136.0,111,,plumlma01,18.2,0.761,0.0,0.648,10.4,28.4,19.5,12.3,1.2,2.3,21.0,13.7,1.2,0.6,1.8,0.19,0.1,1.2,1.4,0.4
98,Grant Williams,24,BOS,PF,79,23,2045,5.1,11.3,0.454,2.7,6.9,0.395,2.4,4.4,0.546,0.575,2.2,2.9,0.77,2.1,6.6,8.7,3.1,1.0,0.7,2.0,4.6,15.3,118.0,113,,willigr01,10.3,0.605,0.611,0.256,4.7,14.5,9.7,8.4,1.0,1.3,13.4,13.1,1.9,2.6,4.4,0.104,-1.8,0.7,-1.1,0.5
99,Deandre Ayton,24,PHO,C,67,67,2035,12.5,21.3,0.589,0.2,0.6,0.292,12.4,20.7,0.597,0.592,3.7,4.8,0.76,4.1,11.9,16.0,2.8,0.9,1.3,2.9,4.6,28.9,119.0,111,,aytonde01,19.9,0.617,0.027,0.225,9.2,27.5,18.1,9.2,0.9,2.3,11.0,22.9,3.3,3.0,6.2,0.147,0.9,0.0,0.9,1.5
100,Mike Conley,35,2TM,PG,67,66,2029,6.1,14.3,0.428,3.2,8.2,0.385,3.0,6.1,0.486,0.539,3.3,4.0,0.834,0.8,3.5,4.3,10.6,1.7,0.3,2.4,3.3,18.7,125.0,118,,conlemi01,14.7,0.583,0.575,0.277,1.8,7.9,4.9,29.4,1.7,0.6,13.1,16.3,4.1,1.4,5.5,0.13,1.0,-0.1,0.9,1.5
100,Mike Conley,35,UTA,PG,43,42,1276,5.7,14.0,0.408,2.9,8.0,0.362,2.8,6.1,0.469,0.511,2.9,3.6,0.813,0.6,3.4,4.0,12.4,1.6,0.4,2.8,3.5,17.3,123.0,119,,conlemi01,13.9,0.552,0.568,0.256,1.5,7.5,4.5,34.0,1.6,0.7,15.1,16.1,2.2,0.8,3.0,0.113,0.7,-0.5,0.2,0.7
100,Mike Conley,35,MIN,PG,24,24,753,6.8,14.8,0.46,3.7,8.7,0.42,3.2,6.1,0.515,0.583,4.0,4.6,0.863,1.0,3.7,4.7,7.6,1.8,0.3,1.8,2.8,21.3,130.0,116,,conlemi01,16.1,0.631,0.587,0.311,2.4,8.6,5.6,21.5,1.8,0.5,9.8,16.8,1.8,0.7,2.5,0.158,1.5,0.6,2.0,0.7
101,Giannis Antetokounmpo,28,MIL,PF,63,63,2024,16.7,30.1,0.553,1.1,4.0,0.275,15.6,26.1,0.596,0.572,11.7,18.2,0.645,3.2,14.3,17.5,8.5,1.2,1.2,5.8,4.6,46.2,117.0,108,MVP-3DPOY-6ASNBA1,antetgi01,29.0,0.605,0.134,0.604,7.3,30.0,19.1,33.2,1.2,2.1,13.2,38.8,4.9,3.7,8.6,0.204,5.8,2.7,8.5,5.4
102,Kevin Porter Jr.,22,HOU,PG,59,59,2024,9.4,21.2,0.442,3.4,9.2,0.366,6.0,12.0,0.501,0.522,5.0,6.3,0.784,1.8,5.7,7.5,8.1,2.0,0.4,4.5,3.7,27.1,112.0,120,,porteke02,16.2,0.565,0.436,0.299,4.1,13.1,8.5,25.7,2.0,0.8,15.8,24.3,1.9,1.0,2.9,0.068,1.4,-0.8,0.6,1.3
103,Deni Avdija,22,WAS,SF,76,40,2020,6.1,14.0,0.437,1.7,5.6,0.297,4.4,8.4,0.53,0.497,2.9,4.0,0.739,1.8,10.0,11.7,5.1,1.6,0.7,3.0,5.0,16.8,106.0,114,,avdijde01,11.2,0.535,0.401,0.285,4.2,21.9,13.4,13.9,1.6,1.2,15.9,16.7,0.0,2.3,2.3,0.054,-2.8,0.5,-2.3,-0.1
104,Tyrese Maxey,22,PHI,SG,60,41,2016,10.8,22.4,0.481,3.9,9.1,0.434,6.9,13.4,0.513,0.568,4.4,5.2,0.845,0.6,3.8,4.3,5.2,1.2,0.2,2.0,3.2,29.9,120.0,117,,maxeyty01,17.0,0.605,0.404,0.233,1.4,8.8,5.2,16.9,1.2,0.4,7.4,24.1,3.7,1.6,5.4,0.128,1.9,-1.2,0.6,1.3
105,Dorian Finney-Smith,29,2TM,PF,66,66,2009,4.8,12.3,0.391,2.8,8.3,0.337,2.0,4.0,0.503,0.505,1.1,1.5,0.763,2.8,5.0,7.8,2.5,1.4,0.9,1.5,3.5,13.5,109.0,117,,finnedo01,9.2,0.523,0.675,0.118,6.5,11.5,9.0,6.7,1.4,1.6,10.5,13.2,0.6,1.6,2.1,0.051,-1.7,-0.3,-2.0,0.0
105,Dorian Finney-Smith,29,DAL,PF,40,40,1288,5.0,12.0,0.416,3.0,8.4,0.355,2.0,3.6,0.559,0.54,1.2,1.5,0.75,2.6,4.7,7.3,2.3,1.5,0.8,1.4,3.1,14.1,114.0,118,,finnedo01,10.0,0.557,0.7,0.129,6.0,11.1,8.5,6.3,1.5,1.4,9.9,12.8,0.8,0.9,1.7,0.065,-0.9,-0.2,-1.1,0.3
105,Dorian Finney-Smith,29,BRK,PF,26,26,721,4.5,12.9,0.351,2.5,8.2,0.306,2.0,4.7,0.429,0.448,1.0,1.3,0.789,3.2,5.5,8.7,2.8,1.2,1.1,1.8,4.3,12.6,101.0,116,,finnedo01,7.7,0.466,0.634,0.099,7.5,12.3,10.0,7.4,1.2,1.9,11.5,13.9,-0.3,0.7,0.4,0.027,-3.3,-0.4,-3.7,-0.3
106,Jordan Clarkson,30,UTA,SG,61,61,1988,11.0,24.8,0.444,3.7,11.0,0.338,7.3,13.7,0.53,0.519,4.8,5.9,0.816,1.7,4.2,5.9,6.5,0.8,0.3,4.5,2.9,30.5,109.0,120,,clarkjo01,14.7,0.558,0.445,0.238,4.0,9.3,6.7,20.9,0.8,0.6,14.0,27.8,0.9,0.8,1.7,0.042,1.0,-2.4,-1.4,0.3
107,Dennis Schröder,29,LAL,PG,66,50,1986,6.4,15.5,0.415,1.8,5.4,0.329,4.7,10.1,0.461,0.472,5.2,6.0,0.857,0.5,3.4,3.9,7.1,1.2,0.2,2.7,3.5,19.8,112.0,117,,schrode01,11.5,0.545,0.346,0.388,1.2,7.5,4.4,20.1,1.2,0.4,12.8,18.6,1.3,1.5,2.8,0.068,-2.4,-0.5,-2.9,-0.4
108,Tre Jones,23,SAS,PG,68,65,1984,8.1,17.7,0.459,1.1,3.8,0.285,7.0,13.9,0.506,0.489,3.5,4.1,0.86,1.3,4.5,5.8,10.7,2.1,0.2,2.6,2.3,20.8,117.0,120,,jonestr01,16.0,0.534,0.213,0.231,3.0,10.8,6.7,31.5,2.1,0.4,11.8,19.3,2.6,0.8,3.4,0.082,-0.2,-0.8,-1.0,0.5
109,Grayson Allen,27,MIL,SG,72,70,1972,5.9,13.5,0.44,3.5,8.9,0.399,2.4,4.6,0.518,0.571,2.8,3.1,0.905,1.5,4.3,5.7,3.9,1.5,0.3,1.7,2.8,18.2,123.0,114,,allengr01,12.3,0.612,0.657,0.226,3.4,9.0,6.3,10.9,1.5,0.6,10.5,14.6,2.8,2.2,5.1,0.123,-0.6,0.7,0.1,1.0
110,Jonas Valančiūnas,30,NOP,C,79,79,1968,11.0,20.1,0.547,0.9,2.7,0.349,10.0,17.4,0.577,0.57,4.6,5.5,0.826,5.5,14.3,19.8,3.4,0.5,1.3,3.9,6.0,27.5,116.0,110,,valanjo01,19.3,0.61,0.134,0.275,13.0,33.3,23.1,11.1,0.5,2.5,14.8,23.4,2.8,3.0,5.8,0.142,0.0,-0.4,-0.4,0.8
111,Eric Gordon,34,2TM,SG,69,58,1965,7.2,16.2,0.446,3.3,8.8,0.371,3.9,7.3,0.535,0.547,3.5,4.3,0.821,0.4,2.9,3.3,4.5,1.1,0.6,2.6,1.9,21.2,115.0,122,,gordoer01,11.8,0.587,0.545,0.265,0.9,6.7,3.8,13.4,1.1,1.2,12.5,17.8,1.8,0.5,2.3,0.056,-0.5,-1.4,-1.9,0.1
111,Eric Gordon,34,HOU,SG,47,47,1418,7.2,16.3,0.439,2.9,8.4,0.347,4.3,8.0,0.536,0.528,3.8,4.6,0.815,0.4,2.9,3.3,4.6,1.0,0.6,2.8,1.5,21.0,113.0,123,,gordoer01,11.4,0.572,0.513,0.282,0.9,6.7,3.8,13.8,1.0,1.2,13.4,18.1,1.0,0.1,1.1,0.037,-0.9,-1.7,-2.6,-0.2
111,Eric Gordon,34,LAC,SG,22,11,547,7.3,15.7,0.463,4.2,9.9,0.423,3.0,5.7,0.531,0.597,2.9,3.4,0.842,0.4,3.0,3.3,4.2,1.2,0.7,1.9,3.0,21.6,122.0,118,,gordoer01,13.1,0.629,0.634,0.217,0.8,6.7,3.8,12.2,1.2,1.3,9.9,17.0,0.8,0.4,1.2,0.105,0.5,-0.5,0.0,0.3
112,Kevon Looney,26,GSW,C,82,70,1958,5.8,9.3,0.63,0.0,0.0,0.0,5.8,9.2,0.632,0.63,2.3,3.7,0.606,6.6,11.7,18.3,5.0,1.3,1.2,1.1,5.4,13.9,147.0,111,,looneke01,17.8,0.639,0.003,0.404,15.7,26.8,21.4,13.8,1.3,2.2,9.1,10.6,5.9,2.8,8.7,0.212,0.9,1.3,2.1,2.0
113,Kyle Anderson,29,MIN,PF,69,46,1957,6.1,12.0,0.509,1.0,2.5,0.41,5.1,9.5,0.536,0.553,2.4,3.3,0.735,1.6,7.3,8.9,8.1,1.9,1.5,2.5,3.5,15.7,120.0,112,,anderky01,14.8,0.583,0.212,0.275,3.8,16.9,10.5,22.6,1.9,2.8,15.7,14.4,2.5,2.6,5.1,0.125,0.2,2.3,2.5,2.2
114,Marcus Smart,28,BOS,PG,61,61,1957,6.2,15.0,0.415,2.9,8.5,0.336,3.4,6.5,0.519,0.511,2.2,2.9,0.746,1.1,3.6,4.8,9.5,2.3,0.6,3.6,4.3,17.5,111.0,112,,smartma01,12.1,0.538,0.568,0.196,2.6,8.0,5.3,26.4,2.3,1.0,17.9,17.8,1.0,2.7,3.7,0.092,-1.8,0.8,-1.0,0.5
115,LeBron James,38,LAL,PF,55,54,1954,14.8,29.6,0.5,2.9,9.1,0.321,11.8,20.4,0.58,0.549,6.1,7.9,0.768,1.6,9.5,11.1,9.1,1.2,0.8,4.3,2.1,38.6,114.0,113,ASNBA3,jamesle01,23.9,0.583,0.309,0.268,3.7,20.8,12.5,33.5,1.2,1.4,11.6,33.3,3.2,2.4,5.6,0.138,5.5,0.6,6.1,4.0
116,Herbert Jones,24,NOP,PF,66,66,1951,5.8,12.4,0.469,1.4,4.1,0.335,4.4,8.3,0.536,0.525,3.1,4.0,0.764,2.4,4.3,6.7,4.0,2.6,1.0,2.2,5.2,16.1,115.0,112,,joneshe01,12.1,0.567,0.333,0.321,5.6,10.0,7.8,11.1,2.6,2.1,13.3,14.5,1.5,2.7,4.2,0.104,-1.9,1.7,-0.3,0.8
117,Torrey Craig,32,PHO,PF,79,60,1948,5.7,12.5,0.456,2.5,6.3,0.395,3.2,6.2,0.518,0.556,0.8,1.1,0.711,3.6,7.0,10.7,2.9,1.3,1.6,1.8,4.5,14.8,116.0,113,,craigto01,11.6,0.566,0.506,0.09,8.1,16.3,12.1,7.9,1.3,2.9,12.3,13.0,1.5,2.5,4.0,0.098,-1.3,0.7,-0.6,0.7
118,Ja Morant,23,MEM,PG,61,59,1948,13.8,29.6,0.466,2.2,7.3,0.307,11.6,22.3,0.519,0.504,9.1,12.1,0.748,1.5,7.2,8.7,12.0,1.6,0.4,5.0,2.4,38.9,114.0,112,MVP-12AS,moranja01,23.3,0.557,0.247,0.409,3.3,16.1,9.7,41.1,1.6,0.7,12.6,34.9,3.4,2.6,6.0,0.148,5.2,0.5,5.7,3.8
119,Kelly Olynyk,31,UTA,C,68,68,1942,6.8,13.7,0.499,2.3,5.8,0.394,4.6,7.9,0.576,0.583,4.9,5.7,0.853,2.0,8.3,10.3,6.2,1.5,0.9,4.1,5.7,20.8,118.0,115,,olynyke01,14.4,0.643,0.424,0.417,4.6,18.6,11.7,17.6,1.5,1.6,20.3,17.8,2.4,1.9,4.3,0.106,-0.4,0.9,0.4,1.2
120,Stephen Curry,34,GSW,PG,56,56,1941,13.6,27.6,0.493,6.6,15.5,0.427,7.0,12.0,0.579,0.614,6.3,6.8,0.915,0.9,7.3,8.3,8.6,1.3,0.5,4.4,2.8,40.1,123.0,115,MVP-9CPOY-9ASNBA2,curryst01,24.1,0.656,0.564,0.248,2.3,16.8,9.7,30.0,1.3,0.9,12.5,31.0,5.8,2.0,7.8,0.192,7.5,0.1,7.5,4.7
121,Tyus Jones,26,MEM,PG,80,22,1940,7.6,17.4,0.438,3.0,8.0,0.371,4.7,9.4,0.495,0.523,2.0,2.4,0.8,0.7,4.2,4.9,10.2,2.0,0.1,1.8,0.8,20.1,122.0,113,6MOY-6,jonesty01,16.0,0.546,0.459,0.141,1.5,9.4,5.5,28.8,2.0,0.3,8.9,17.7,3.4,2.3,5.7,0.141,1.2,0.3,1.6,1.7
122,Paul George,32,LAC,SF,56,56,1939,11.6,25.4,0.457,4.0,10.8,0.371,7.6,14.6,0.521,0.536,6.5,7.4,0.871,1.1,7.5,8.6,7.3,2.1,0.5,4.4,4.0,33.7,113.0,113,AS,georgpa01,19.6,0.588,0.424,0.293,2.6,17.0,9.9,24.2,2.1,0.9,13.4,29.5,2.3,2.3,4.6,0.114,2.4,0.3,2.8,2.3
123,Al Horford,36,BOS,C,63,63,1922,5.8,12.1,0.476,3.7,8.2,0.446,2.1,3.9,0.539,0.627,0.4,0.5,0.714,1.9,8.0,9.9,4.8,0.8,1.5,0.9,3.1,15.6,133.0,112,,horfoal01,13.8,0.631,0.678,0.044,4.2,17.7,11.1,13.2,0.8,2.7,7.0,11.9,3.6,2.7,6.3,0.157,1.6,1.7,3.3,2.5
124,P.J. Tucker,37,PHI,PF,75,75,1920,2.5,5.8,0.427,1.4,3.6,0.393,1.1,2.2,0.482,0.549,0.5,0.6,0.826,2.5,5.2,7.6,1.5,1.0,0.4,1.1,4.6,6.9,117.0,116,,tuckepj01,5.7,0.566,0.622,0.102,5.9,12.1,9.1,3.9,1.0,0.7,15.8,6.5,0.9,1.7,2.5,0.064,-3.2,0.2,-3.0,-0.5
125,Jalen McDaniels,25,2TM,SF,80,24,1913,7.1,15.5,0.455,1.9,5.8,0.332,5.1,9.7,0.53,0.518,2.9,3.5,0.841,1.6,7.1,8.7,3.3,2.1,0.9,2.3,5.2,18.9,108.0,114,,mcdanja01,11.8,0.557,0.376,0.224,3.6,16.3,9.9,9.6,2.1,1.6,12.1,17.2,0.5,2.2,2.7,0.068,-2.7,0.6,-2.1,-0.1
125,Jalen McDaniels,25,CHO,SF,56,21,1494,7.0,15.7,0.447,2.1,6.4,0.322,5.0,9.3,0.534,0.513,2.8,3.3,0.846,1.4,7.2,8.6,3.5,2.1,0.9,2.5,5.0,19.0,106.0,114,,mcdanja01,11.6,0.551,0.409,0.211,3.1,16.5,9.6,10.5,2.1,1.7,12.9,17.5,0.1,1.7,1.8,0.057,-2.7,0.7,-2.0,0.0
125,Jalen McDaniels,25,PHI,SF,24,3,419,7.1,14.5,0.488,1.4,3.5,0.4,5.7,11.0,0.516,0.537,3.3,4.0,0.824,2.2,6.7,9.0,2.2,2.0,0.6,1.5,6.0,18.9,117.0,113,,mcdanja01,12.5,0.58,0.244,0.276,5.5,15.8,10.7,6.5,2.0,1.1,8.6,16.1,0.4,0.5,1.0,0.109,-2.5,-0.1,-2.6,-0.1
126,Jakob Poeltl,27,2TM,C,72,71,1906,9.8,15.6,0.629,0.0,0.0,0.0,9.8,15.5,0.63,0.629,3.0,5.1,0.592,5.9,10.5,16.5,5.0,1.7,2.2,3.1,4.9,22.6,123.0,114,,poeltja01,21.0,0.635,0.002,0.325,13.0,25.5,19.0,15.2,1.7,4.0,15.0,18.2,3.7,2.2,6.0,0.15,1.1,0.8,1.9,1.9
126,Jakob Poeltl,27,SAS,C,46,46,1199,9.4,15.3,0.616,0.0,0.0,0.0,9.4,15.2,0.618,0.616,3.1,5.1,0.605,6.0,10.4,16.4,5.6,1.4,2.0,3.8,4.6,21.9,119.0,116,,poeltja01,19.7,0.625,0.003,0.332,13.3,25.0,18.9,17.0,1.4,3.6,17.8,18.6,1.8,1.1,2.9,0.115,0.5,0.4,0.9,0.9
126,Jakob Poeltl,27,TOR,C,26,25,707,10.5,16.1,0.652,0.0,0.0,,10.5,16.1,0.652,0.652,2.9,5.0,0.569,5.9,10.7,16.6,3.9,2.1,2.4,2.0,5.4,23.8,132.0,110,,poeltja01,23.1,0.652,0.0,0.313,12.5,26.4,19.0,12.1,2.1,4.7,10.0,17.5,1.9,1.2,3.1,0.209,2.2,1.5,3.6,1.0
127,Anthony Davis,29,LAL,C,56,54,1904,13.5,23.9,0.563,0.5,1.8,0.257,13.0,22.1,0.589,0.573,8.7,11.0,0.784,4.9,12.6,17.5,3.7,1.5,2.8,3.0,3.6,36.1,124.0,108,,davisan02,27.8,0.627,0.077,0.462,11.3,27.6,19.7,13.0,1.5,5.1,9.5,28.4,5.5,3.4,9.0,0.226,4.6,1.7,6.3,4.0
128,Donte DiVincenzo,26,GSW,SG,72,36,1894,5.9,13.5,0.435,3.7,9.4,0.397,2.1,4.0,0.525,0.574,1.4,1.8,0.817,2.0,6.1,8.1,6.3,2.4,0.2,2.8,3.3,16.9,117.0,113,,divindo01,12.8,0.593,0.7,0.131,4.7,14.0,9.4,17.3,2.4,0.5,16.4,15.1,1.9,2.3,4.2,0.106,-0.6,1.3,0.7,1.3
129,Bojan Bogdanović,33,DET,PF,59,59,1893,11.0,22.6,0.488,3.7,9.0,0.411,7.3,13.5,0.539,0.57,6.9,7.8,0.884,0.9,4.8,5.7,3.9,0.9,0.2,3.5,2.9,32.6,118.0,122,,bogdabo02,17.4,0.627,0.4,0.344,2.0,11.3,6.5,13.6,0.9,0.4,11.7,25.9,3.1,0.4,3.5,0.09,2.6,-1.8,0.8,1.4
130,Chris Paul,37,PHO,PG,59,59,1889,7.6,17.3,0.44,2.5,6.8,0.375,5.1,10.5,0.482,0.513,3.4,4.1,0.831,0.7,5.8,6.5,13.6,2.4,0.6,2.9,3.3,21.2,122.0,112,,paulch01,17.7,0.555,0.391,0.24,1.6,13.4,7.4,38.7,2.4,1.0,13.4,19.2,3.7,2.5,6.2,0.156,2.0,1.2,3.2,2.5
131,Tyrese Haliburton,22,IND,PG,56,56,1883,10.4,21.2,0.49,4.1,10.1,0.4,6.3,11.1,0.572,0.586,4.4,5.1,0.871,0.8,4.3,5.2,14.7,2.3,0.6,3.6,1.7,29.2,129.0,118,AS,halibty01,23.6,0.624,0.478,0.239,1.9,10.1,6.0,47.6,2.3,1.1,13.2,23.8,6.4,1.2,7.6,0.195,7.0,0.2,7.2,4.4
132,Jarred Vanderbilt,23,2TM,PF,78,65,1879,6.3,11.4,0.548,0.7,2.3,0.322,5.5,9.2,0.604,0.58,2.4,3.5,0.691,4.3,10.4,14.8,4.7,2.1,0.5,2.5,4.8,15.7,123.0,112,,vandeja01,15.1,0.604,0.2,0.308,10.0,23.2,16.7,13.1,2.1,0.9,15.9,13.6,2.7,2.5,5.2,0.132,-0.6,1.6,1.1,1.5
132,Jarred Vanderbilt,23,UTA,PF,52,41,1254,6.6,11.8,0.556,0.7,2.2,0.333,5.9,9.7,0.606,0.587,2.6,3.9,0.657,4.6,11.0,15.6,5.4,2.0,0.6,2.6,5.1,16.5,124.0,113,,vandeja01,16.0,0.607,0.183,0.328,10.6,24.5,17.6,15.3,2.0,1.0,16.0,14.1,2.1,1.6,3.6,0.139,0.0,1.5,1.5,1.1
132,Jarred Vanderbilt,23,LAL,PF,26,24,625,5.6,10.6,0.529,0.8,2.5,0.303,4.9,8.1,0.598,0.564,2.2,2.8,0.784,3.7,9.4,13.1,3.2,2.3,0.5,2.2,4.3,14.2,119.0,111,,vandeja01,13.2,0.598,0.236,0.264,8.7,20.6,14.8,8.8,2.3,0.8,15.7,12.5,0.6,0.9,1.5,0.118,-1.7,1.9,0.2,0.4
133,Terance Mann,26,LAC,SG,81,36,1872,7.1,13.7,0.519,2.0,5.2,0.389,5.1,8.5,0.598,0.593,2.4,3.1,0.78,2.0,5.2,7.2,4.8,1.1,0.6,2.1,3.9,18.7,123.0,117,,mannte01,13.4,0.619,0.378,0.225,4.7,11.8,8.3,14.0,1.1,1.0,12.2,15.3,2.8,1.5,4.3,0.111,-0.3,0.1,-0.2,0.8
134,Troy Brown Jr.,23,LAL,SF,76,45,1860,5.1,11.8,0.43,2.7,7.2,0.381,2.4,4.7,0.505,0.545,0.9,1.0,0.872,1.6,6.3,7.8,2.4,1.5,0.4,1.2,3.1,13.8,113.0,115,,browntr01,9.6,0.561,0.604,0.084,3.7,13.7,8.9,6.6,1.5,0.7,9.2,12.1,1.0,2.0,2.9,0.075,-1.8,0.8,-1.0,0.5
135,Onyeka Okongwu,22,ATL,C,80,18,1849,8.2,12.8,0.638,0.1,0.3,0.308,8.1,12.5,0.647,0.642,3.9,5.1,0.781,5.6,9.3,14.9,2.1,1.4,2.8,2.1,6.5,20.4,134.0,112,,okongon01,19.4,0.678,0.026,0.394,12.7,21.5,17.0,5.8,1.4,4.9,12.2,15.1,4.7,2.4,7.1,0.185,0.0,0.8,0.8,1.3
136,Austin Reaves,24,LAL,SG,64,22,1843,6.7,12.6,0.529,2.2,5.6,0.398,4.4,7.0,0.631,0.616,5.9,6.8,0.864,0.8,4.1,5.0,5.5,0.8,0.5,2.5,2.8,21.4,129.0,117,6MOY-7,reaveau01,14.9,0.687,0.441,0.541,2.0,9.0,5.6,15.7,0.8,0.9,14.0,16.2,4.1,1.4,5.4,0.142,0.6,0.1,0.7,1.2
137,Desmond Bane,24,MEM,SG,58,58,1841,11.6,24.2,0.479,4.3,10.5,0.408,7.3,13.7,0.534,0.568,4.7,5.3,0.883,1.1,6.4,7.5,6.6,1.4,0.6,3.3,3.9,32.2,119.0,113,,banede01,19.1,0.606,0.433,0.218,2.5,14.3,8.4,20.8,1.4,1.1,10.9,26.1,3.5,2.3,5.8,0.151,3.3,0.1,3.5,2.5
138,Devin Booker,26,PHO,SG,53,53,1835,14.0,28.4,0.494,3.0,8.4,0.351,11.1,20.0,0.554,0.546,8.1,9.5,0.855,1.2,5.2,6.4,7.8,1.4,0.5,3.9,4.2,39.2,119.0,115,,bookede01,22.0,0.601,0.296,0.336,2.7,12.0,7.2,27.3,1.4,0.9,10.6,31.8,4.2,1.9,6.0,0.157,4.5,-0.3,4.2,2.9
139,Marcus Morris,33,LAC,PF,65,65,1825,7.4,17.3,0.426,3.0,8.3,0.364,4.3,9.0,0.484,0.513,1.8,2.3,0.782,0.8,6.1,6.9,3.1,1.1,0.6,1.5,3.7,19.5,108.0,116,,morrima03,10.5,0.534,0.479,0.135,1.8,13.9,7.9,8.9,1.1,1.0,7.6,17.6,0.4,1.6,2.0,0.053,-1.8,-0.2,-1.9,0.0
140,Myles Turner,26,IND,C,62,62,1825,10.5,19.1,0.548,2.4,6.5,0.373,8.0,12.6,0.638,0.612,5.6,7.2,0.783,2.3,9.8,12.1,2.3,0.9,3.6,2.7,5.6,29.0,121.0,114,,turnemy01,20.0,0.651,0.34,0.377,5.4,22.9,14.2,7.5,0.9,6.6,10.8,22.0,3.4,2.0,5.4,0.142,1.4,0.7,2.1,1.9
141,Bobby Portis,27,MIL,PF,70,22,1818,10.5,21.1,0.496,2.5,6.8,0.37,8.0,14.3,0.555,0.555,2.5,3.3,0.768,4.0,13.6,17.6,2.8,0.8,0.4,2.1,3.0,25.9,117.0,110,6MOY-3,portibo01,17.8,0.575,0.32,0.156,9.2,28.6,19.3,8.7,0.8,0.7,8.6,21.7,2.5,2.8,5.3,0.139,1.2,-0.6,0.7,1.2
142,Aaron Nesmith,23,IND,SF,73,60,1816,6.6,15.4,0.427,3.0,8.2,0.366,3.6,7.2,0.496,0.525,3.1,3.7,0.838,1.6,5.6,7.2,2.6,1.4,0.9,2.0,6.1,19.3,111.0,119,,nesmiaa01,10.5,0.566,0.532,0.241,3.8,13.1,8.5,7.4,1.4,1.6,10.3,16.8,0.9,1.1,2.0,0.052,-2.3,-0.7,-3.0,-0.4
143,Patrick Beverley,34,2TM,SG,67,67,1816,3.8,9.5,0.4,2.1,6.3,0.335,1.7,3.2,0.529,0.511,1.2,1.7,0.723,1.2,5.3,6.5,5.1,1.7,1.1,1.6,4.9,10.9,113.0,113,,beverpa01,8.9,0.534,0.664,0.181,2.7,12.0,7.5,13.3,1.7,2.0,13.4,10.6,0.8,2.1,3.0,0.079,-2.9,1.7,-1.2,0.3
143,Patrick Beverley,34,LAL,SG,45,45,1211,3.8,9.4,0.402,2.2,6.2,0.348,1.6,3.2,0.506,0.517,1.5,2.0,0.78,0.9,4.5,5.5,4.6,1.6,1.0,1.6,4.9,11.3,112.0,115,,beverpa01,8.3,0.548,0.656,0.207,2.2,9.9,6.2,12.1,1.6,1.7,13.8,10.6,0.5,1.3,1.8,0.071,-3.2,1.4,-1.8,0.1
143,Patrick Beverley,34,CHI,PG,22,22,605,3.8,9.6,0.395,2.0,6.5,0.309,1.8,3.1,0.579,0.5,0.6,1.2,0.533,1.6,7.0,8.6,6.1,1.9,1.3,1.4,5.1,10.2,114.0,111,,beverpa01,10.1,0.506,0.681,0.126,3.8,16.0,10.0,15.7,1.9,2.6,12.5,10.5,0.3,0.9,1.2,0.096,-2.4,2.2,-0.2,0.3
144,Jevon Carter,27,MIL,PG,81,39,1810,6.3,14.9,0.423,3.7,8.9,0.421,2.6,6.0,0.425,0.549,0.8,1.0,0.816,0.9,4.4,5.3,5.2,1.7,0.8,2.1,4.2,17.2,113.0,113,,carteje01,10.9,0.56,0.596,0.067,2.1,9.3,5.8,14.5,1.7,1.3,11.8,15.3,1.2,2.3,3.5,0.092,-1.9,1.2,-0.6,0.6
145,Michael Porter Jr.,24,DEN,SF,62,62,1798,10.8,22.2,0.487,5.1,12.4,0.414,5.7,9.9,0.579,0.602,2.6,3.3,0.8,1.7,7.5,9.3,1.8,1.0,0.8,1.8,3.2,29.4,118.0,115,,portemi01,16.8,0.621,0.556,0.147,4.2,17.2,10.9,5.3,1.0,1.4,7.3,22.7,2.6,1.8,4.3,0.116,2.0,-1.8,0.2,1.0
146,Naji Marshall,25,NOP,SF,77,21,1792,6.7,15.4,0.433,1.8,5.9,0.303,4.9,9.5,0.513,0.49,3.7,4.7,0.789,1.3,6.2,7.5,5.1,1.5,0.4,2.6,3.1,18.9,109.0,114,,marshna01,11.4,0.539,0.382,0.306,3.0,14.6,8.8,14.4,1.5,0.7,13.0,17.8,0.5,2.0,2.5,0.068,-1.9,0.0,-1.9,0.1
147,Jaren Jackson Jr.,23,MEM,C,63,63,1787,11.1,21.8,0.506,2.7,7.5,0.355,8.4,14.3,0.585,0.567,6.4,8.1,0.788,2.9,8.5,11.3,1.6,1.7,5.0,2.8,6.0,31.2,118.0,105,DPOY-1ASDEF1,jacksja02,21.6,0.613,0.343,0.372,6.4,18.8,12.6,5.0,1.7,9.6,10.1,24.7,2.8,3.8,6.6,0.177,0.7,2.0,2.8,2.2
148,Shaedon Sharpe,19,POR,SG,80,15,1779,8.4,17.7,0.472,2.8,7.7,0.36,5.6,10.0,0.559,0.551,2.1,2.9,0.714,1.7,4.7,6.5,2.6,1.0,0.7,2.3,3.7,21.6,109.0,121,,sharpsh01,11.5,0.568,0.437,0.162,4.0,11.3,7.6,7.9,1.0,1.2,10.7,19.0,0.6,0.6,1.2,0.032,-1.3,-2.0,-3.3,-0.6
149,Markelle Fultz,24,ORL,PG,60,60,1778,9.5,18.5,0.514,0.7,2.4,0.31,8.8,16.1,0.544,0.534,3.0,3.9,0.783,1.9,4.5,6.4,9.3,2.4,0.7,3.8,3.6,22.8,113.0,114,,fultzma01,16.6,0.564,0.128,0.211,4.4,10.5,7.4,29.8,2.4,1.4,15.8,21.3,1.7,2.0,3.7,0.1,-0.1,0.7,0.5,1.2
150,Tari Eason,21,HOU,PF,82,5,1767,8.1,18.1,0.448,1.6,4.7,0.343,6.5,13.4,0.486,0.493,3.0,4.0,0.752,5.3,8.3,13.6,2.4,2.6,1.3,2.8,5.2,20.9,110.0,115,,easonta01,15.2,0.525,0.261,0.22,12.0,18.9,15.4,7.4,2.6,2.6,12.2,19.3,0.9,1.7,2.6,0.07,-1.3,-0.4,-1.7,0.1
151,Gabe Vincent,26,MIA,PG,68,34,1759,6.5,16.1,0.402,3.3,9.9,0.334,3.1,6.2,0.512,0.505,1.9,2.2,0.872,0.8,3.3,4.1,4.7,1.8,0.1,2.6,4.4,18.2,104.0,115,,vincega01,9.0,0.533,0.617,0.138,1.7,8.1,4.8,13.9,1.8,0.3,13.3,17.5,-0.3,1.7,1.4,0.038,-3.1,-0.3,-3.4,-0.6
152,Kawhi Leonard,31,LAC,SF,52,50,1748,12.5,24.4,0.512,2.9,7.0,0.416,9.6,17.4,0.551,0.572,6.8,7.8,0.871,1.6,7.9,9.5,5.7,2.0,0.8,2.5,2.4,34.7,125.0,113,,leonaka01,23.9,0.623,0.287,0.32,3.7,17.8,10.8,19.6,2.0,1.4,8.1,27.0,4.9,2.2,7.1,0.194,5.1,0.9,6.1,3.5
153,Malcolm Brogdon,30,BOS,PG,67,0,1744,9.9,20.5,0.484,3.7,8.3,0.444,6.2,12.2,0.51,0.574,4.5,5.1,0.87,1.2,6.7,7.8,6.9,1.3,0.5,2.7,3.0,28.0,122.0,113,6MOY-1,brogdma01,18.2,0.615,0.406,0.251,2.7,14.7,8.8,21.5,1.3,0.9,10.8,22.8,3.6,2.2,5.8,0.161,2.3,0.6,2.8,2.1
154,Christian Wood,27,DAL,C,67,17,1738,11.3,22.0,0.515,3.0,8.0,0.376,8.3,14.0,0.594,0.583,6.2,8.0,0.772,2.5,11.6,14.0,3.5,0.9,2.1,3.5,4.8,31.9,116.0,113,6MOY-9,woodch01,20.6,0.624,0.363,0.365,5.8,27.4,16.4,11.7,0.9,3.7,11.9,26.4,2.7,2.1,4.8,0.132,1.9,-0.3,1.7,1.6
155,Coby White,22,CHI,SG,74,2,1730,7.4,16.7,0.443,3.6,9.7,0.372,3.8,7.0,0.54,0.551,1.7,2.0,0.871,0.5,5.5,6.0,5.7,1.5,0.2,2.1,3.4,20.1,113.0,114,,whiteco01,12.5,0.572,0.579,0.118,1.1,12.6,6.9,16.3,1.5,0.3,10.6,17.9,1.2,1.9,3.1,0.087,-1.0,0.2,-0.8,0.5
156,Clint Capela,28,ATL,C,65,63,1730,9.6,14.8,0.653,0.0,0.0,0.0,9.6,14.7,0.654,0.653,2.2,3.6,0.603,7.1,12.6,19.8,1.6,1.2,2.2,1.5,3.8,21.5,136.0,112,,capelca01,22.1,0.656,0.002,0.244,16.1,29.4,22.7,4.7,1.2,3.9,8.3,15.7,4.9,2.4,7.2,0.201,2.3,-0.1,2.2,1.8
157,Malik Monk,24,SAC,SG,77,0,1719,9.9,22.2,0.448,4.0,11.1,0.359,6.0,11.1,0.538,0.538,5.1,5.8,0.889,0.9,4.8,5.7,8.3,1.4,0.6,4.1,3.5,29.0,114.0,118,6MOY-5,monkma01,16.6,0.587,0.5,0.26,2.1,11.3,6.7,25.0,1.4,1.0,14.1,25.8,2.1,1.2,3.2,0.091,1.6,-1.4,0.3,1.0
158,Kyle Lowry,36,MIA,PG,55,44,1718,5.7,14.1,0.404,3.1,9.0,0.345,2.6,5.1,0.509,0.514,3.4,3.9,0.859,1.2,5.3,6.5,8.2,1.7,0.6,3.0,4.2,17.8,114.0,114,,lowryky01,12.6,0.565,0.639,0.278,2.8,12.9,7.7,23.4,1.7,1.2,15.9,16.7,1.5,1.9,3.4,0.096,-0.7,0.8,0.2,0.9
159,Nicolas Batum,34,LAC,PF,78,19,1709,4.6,10.9,0.42,3.6,9.1,0.391,1.0,1.8,0.563,0.583,1.0,1.4,0.708,1.8,6.8,8.6,3.5,1.5,1.3,1.4,4.3,13.7,120.0,114,,batumni01,11.0,0.594,0.832,0.126,4.1,15.4,9.8,9.4,1.5,2.3,11.1,11.5,1.7,1.9,3.6,0.101,-0.8,1.2,0.5,1.0
160,Walker Kessler,21,UTA,C,74,40,1703,8.4,11.6,0.72,0.0,0.1,0.333,8.3,11.5,0.723,0.721,2.3,4.5,0.516,6.5,10.9,17.4,1.9,0.7,4.9,1.6,4.7,19.0,140.0,111,ROY-3,kesslwa01,21.5,0.702,0.007,0.384,14.9,24.4,19.7,5.7,0.7,8.6,10.7,13.3,4.6,2.5,7.1,0.2,1.4,1.5,2.9,2.1
161,Monte Morris,27,WAS,PG,62,61,1695,7.1,14.8,0.48,2.2,5.9,0.382,4.9,8.9,0.543,0.555,1.8,2.2,0.831,0.7,5.3,6.0,9.4,1.2,0.4,1.7,2.2,18.3,125.0,118,,morrimo01,15.0,0.579,0.396,0.15,1.8,11.6,6.9,26.4,1.2,0.6,9.9,15.6,3.1,1.1,4.2,0.12,0.8,-0.4,0.5,1.1
162,Wendell Carter Jr.,23,ORL,C,57,54,1690,9.2,17.5,0.525,2.3,6.4,0.356,6.9,11.1,0.624,0.591,4.1,5.6,0.738,3.4,10.8,14.2,3.8,0.9,0.9,3.0,4.5,24.8,119.0,113,,cartewe01,17.3,0.621,0.367,0.318,8.0,25.3,16.6,12.0,0.9,1.9,13.2,20.5,2.6,2.0,4.6,0.13,0.9,0.1,1.0,1.3
163,Santi Aldama,22,MEM,PF,77,20,1682,7.0,14.8,0.47,2.7,7.5,0.353,4.3,7.3,0.591,0.56,3.0,4.1,0.75,2.4,8.1,10.5,2.7,1.3,1.4,1.7,4.0,19.7,120.0,111,,aldamsa01,13.9,0.591,0.507,0.274,5.4,18.0,11.7,7.6,1.3,2.6,9.3,16.0,2.1,2.4,4.6,0.13,-0.3,0.8,0.5,1.1
164,Bradley Beal,29,WAS,SG,50,50,1673,12.9,25.6,0.506,2.3,6.4,0.365,10.6,19.2,0.552,0.551,5.6,6.6,0.842,1.2,4.5,5.7,7.9,1.3,1.0,4.2,3.1,33.8,114.0,117,,bealbr01,19.7,0.593,0.249,0.26,2.8,9.9,6.5,26.6,1.3,1.7,12.9,29.2,2.2,1.2,3.4,0.099,2.9,-1.2,1.8,1.6
165,Kevin Durant,34,2TM,PF,47,47,1672,14.1,25.2,0.56,2.7,6.7,0.404,11.4,18.5,0.617,0.614,9.0,9.8,0.919,0.5,8.6,9.1,6.9,1.0,2.0,4.6,2.9,39.9,123.0,113,AS,duranke01,25.9,0.677,0.267,0.387,1.2,19.5,10.5,24.5,1.0,3.4,13.4,30.7,4.7,2.1,6.8,0.194,6.0,1.2,7.1,3.9
165,Kevin Durant,34,BRK,PF,39,39,1403,14.3,25.5,0.559,2.5,6.6,0.376,11.8,19.0,0.622,0.607,9.3,10.0,0.934,0.5,8.6,9.1,7.2,1.1,2.0,4.7,3.2,40.3,122.0,113,,duranke01,26.2,0.673,0.257,0.39,1.1,19.4,10.5,25.9,1.1,3.5,13.7,31.5,3.9,1.7,5.7,0.194,5.8,1.2,7.0,3.2
165,Kevin Durant,34,PHO,PF,8,8,269,13.3,23.3,0.57,4.0,7.4,0.537,9.3,15.8,0.586,0.656,7.3,8.7,0.833,0.5,8.7,9.3,5.1,0.4,1.8,3.6,1.3,37.8,127.0,114,,duranke01,24.3,0.697,0.32,0.375,1.2,20.2,10.5,17.3,0.4,3.3,11.8,26.8,0.8,0.3,1.1,0.196,7.1,0.9,8.0,0.7
166,Jalen Duren,19,DET,C,67,31,1670,7.5,11.6,0.648,0.0,0.1,0.0,7.5,11.5,0.652,0.648,2.8,4.6,0.611,6.6,10.6,17.3,2.2,1.3,1.7,2.7,5.3,17.8,126.0,116,,durenja01,17.3,0.655,0.005,0.394,14.7,25.1,19.7,6.8,1.3,3.1,16.5,14.3,2.9,1.6,4.5,0.129,-0.4,-0.4,-0.8,0.5
167,Reggie Jackson,32,2TM,PG,68,40,1657,7.8,18.9,0.411,2.8,8.5,0.333,4.9,10.4,0.474,0.486,2.1,2.3,0.91,0.7,3.5,4.3,6.9,1.4,0.2,3.4,3.4,20.5,103.0,118,,jacksre01,10.0,0.514,0.45,0.122,1.7,8.0,4.9,20.0,1.4,0.3,14.6,20.8,-0.6,1.2,0.6,0.018,-2.9,-1.1,-3.9,-0.8
167,Reggie Jackson,32,LAC,PG,52,38,1338,7.8,18.7,0.418,2.8,8.1,0.35,5.0,10.7,0.469,0.493,2.2,2.4,0.924,0.8,3.4,4.2,6.7,1.4,0.2,3.5,3.4,20.7,103.0,118,,jacksre01,10.3,0.523,0.43,0.129,1.9,7.8,4.9,19.8,1.4,0.3,15.1,20.8,-0.4,1.0,0.6,0.02,-2.6,-1.0,-3.7,-0.6
167,Reggie Jackson,32,DEN,PG,16,2,319,7.5,19.6,0.383,2.9,10.4,0.279,4.6,9.2,0.5,0.457,1.5,1.8,0.833,0.5,3.8,4.3,7.7,1.4,0.2,2.9,3.4,19.5,101.0,117,,jacksre01,9.0,0.476,0.531,0.094,1.1,8.8,5.0,20.9,1.4,0.3,12.5,20.8,-0.2,0.2,0.1,0.008,-3.8,-1.3,-5.1,-0.3
168,Isaac Okoro,22,CLE,SF,76,46,1652,5.3,10.7,0.494,1.9,5.2,0.363,3.4,5.6,0.617,0.582,2.4,3.1,0.757,1.6,4.1,5.7,2.6,1.7,0.9,1.3,4.8,14.9,123.0,112,,okorois01,10.7,0.614,0.483,0.291,3.7,9.6,6.7,7.0,1.7,1.7,9.5,11.9,1.9,2.3,4.2,0.122,-1.9,1.6,-0.3,0.7
169,Isaiah Hartenstein,24,NYK,C,82,8,1626,5.3,9.9,0.535,0.2,1.1,0.216,5.1,8.8,0.576,0.547,1.5,2.2,0.676,6.4,9.9,16.3,3.1,1.6,1.9,2.0,6.5,12.3,124.0,111,,harteis01,14.2,0.567,0.113,0.217,14.1,22.2,18.1,8.3,1.6,3.7,15.6,11.2,2.2,2.4,4.6,0.136,-1.5,1.2,-0.3,0.7
170,Daniel Gafford,24,WAS,C,78,47,1604,8.8,12.0,0.732,0.0,0.0,,8.8,12.0,0.732,0.732,3.9,5.7,0.679,4.9,8.2,13.1,2.6,1.0,3.0,2.6,5.7,21.4,135.0,113,,gaffoda01,19.7,0.739,0.0,0.473,11.7,18.0,15.0,7.5,1.0,5.2,15.1,15.2,4.2,1.9,6.1,0.184,0.4,0.6,1.0,1.2
171,Mitchell Robinson,24,NYK,C,59,58,1591,5.8,8.7,0.671,0.0,0.0,,5.8,8.7,0.671,0.671,1.8,3.8,0.484,8.3,8.9,17.2,1.6,1.7,3.4,1.3,5.0,13.5,142.0,110,,robinmi01,18.9,0.652,0.0,0.436,18.4,20.0,19.2,4.5,1.7,6.5,10.9,10.1,4.0,2.6,6.5,0.197,1.0,1.4,2.4,1.7
172,Drew Eubanks,25,POR,C,78,28,1584,6.6,10.3,0.641,0.2,0.6,0.389,6.4,9.7,0.655,0.651,2.6,3.8,0.664,4.1,8.8,12.9,3.2,1.2,3.1,2.1,5.2,15.9,130.0,115,,eubandr01,16.2,0.666,0.054,0.374,9.5,20.9,15.2,9.2,1.2,5.7,14.7,12.5,2.9,1.6,4.4,0.134,-0.9,0.9,0.1,0.8
173,Gordon Hayward,32,CHO,SF,50,50,1577,8.3,17.5,0.475,1.6,4.8,0.325,6.8,12.7,0.532,0.52,3.9,4.8,0.811,1.0,5.5,6.5,6.2,1.3,0.4,3.0,2.1,22.1,110.0,118,,haywago01,13.5,0.563,0.275,0.274,2.2,12.6,7.3,19.3,1.3,0.7,13.2,20.0,0.8,1.1,2.0,0.059,-1.1,-0.3,-1.4,0.2
174,Alex Caruso,28,CHI,PG,67,36,1575,4.0,8.8,0.455,1.7,4.7,0.364,2.3,4.2,0.556,0.551,1.8,2.3,0.808,1.3,4.8,6.1,6.0,3.0,1.4,2.4,4.9,11.6,115.0,109,DPOY-11DEF1,carusal01,11.5,0.588,0.528,0.255,3.1,10.9,7.1,15.4,3.0,2.8,19.5,11.1,1.0,2.6,3.6,0.109,-2.2,3.3,1.1,1.2
175,Shake Milton,26,PHI,SG,76,11,1567,7.6,15.9,0.479,1.8,4.7,0.378,5.8,11.2,0.521,0.535,3.1,3.7,0.853,1.2,4.8,6.0,7.6,0.8,0.4,3.0,3.9,20.1,115.0,117,,miltosh01,12.7,0.575,0.294,0.231,3.0,11.3,7.2,22.3,0.8,0.8,14.5,18.5,1.6,1.2,2.9,0.087,-1.0,-0.9,-2.0,0.0
176,Norman Powell,29,LAC,SG,60,8,1567,10.6,22.2,0.479,3.6,9.0,0.397,7.1,13.2,0.534,0.559,7.0,8.7,0.812,0.8,4.7,5.5,3.4,1.6,0.6,3.2,3.9,31.9,115.0,116,6MOY-4,powelno01,17.1,0.612,0.404,0.39,1.7,10.7,6.3,11.0,1.6,1.0,10.8,26.0,2.1,1.4,3.5,0.107,0.9,-0.7,0.3,0.9
177,Cole Anthony,22,ORL,PG,60,4,1552,8.6,19.0,0.454,2.3,6.4,0.364,6.3,12.6,0.5,0.516,4.7,5.3,0.894,1.5,7.5,9.0,7.3,1.2,1.0,2.8,4.9,24.3,117.0,115,,anthoco01,16.0,0.57,0.338,0.279,3.4,17.6,10.5,22.9,1.2,1.9,11.7,21.5,2.1,1.7,3.7,0.116,0.7,0.5,1.3,1.3
178,Malaki Branham,19,SAS,SG,66,32,1550,8.2,18.6,0.44,2.3,7.8,0.302,5.9,10.8,0.539,0.503,1.8,2.1,0.829,0.9,4.7,5.5,3.9,1.0,0.2,2.3,3.5,20.5,103.0,123,,branhma01,9.5,0.524,0.417,0.115,1.9,11.2,6.4,11.4,1.0,0.4,10.6,19.1,-0.4,0.2,-0.1,-0.004,-3.0,-2.1,-5.2,-1.3
179,Cedi Osman,27,CLE,SF,77,2,1548,7.7,17.2,0.451,3.8,10.1,0.372,4.0,7.1,0.564,0.56,2.4,3.5,0.694,0.8,4.9,5.7,3.7,1.1,0.4,1.7,4.0,21.7,115.0,113,,osmande01,12.0,0.579,0.589,0.204,1.9,11.5,6.7,10.6,1.1,0.7,8.3,18.2,1.4,1.9,3.3,0.103,-0.8,0.2,-0.7,0.5
180,Kelly Oubre Jr.,27,CHO,SF,48,40,1548,10.9,25.2,0.431,3.3,10.4,0.319,7.5,14.8,0.51,0.497,4.9,6.4,0.76,2.0,5.7,7.7,1.7,2.1,0.6,2.0,4.3,29.9,106.0,115,,oubreke01,14.8,0.534,0.414,0.254,4.4,12.9,8.6,5.6,2.1,1.0,6.6,26.5,0.1,1.5,1.7,0.051,-0.4,-0.7,-1.1,0.3
181,Josh Green,22,DAL,SG,60,21,1539,6.6,12.3,0.537,2.2,5.5,0.402,4.4,6.9,0.643,0.626,2.2,3.0,0.723,1.8,4.1,5.9,3.3,1.4,0.2,2.3,5.0,17.6,119.0,119,,greenjo02,11.2,0.645,0.442,0.246,4.1,9.7,6.9,9.7,1.4,0.3,14.5,14.6,1.7,0.9,2.6,0.082,-1.9,-0.6,-2.4,-0.2
182,Brandon Ingram,25,NOP,SF,45,45,1538,12.7,26.3,0.484,2.0,5.2,0.39,10.7,21.1,0.507,0.522,7.6,8.6,0.882,0.7,7.0,7.8,8.3,1.0,0.6,4.7,3.7,35.0,112.0,114,,ingrabr01,19.2,0.582,0.196,0.326,1.7,16.4,9.1,28.1,1.0,1.2,13.4,30.8,1.8,1.7,3.5,0.108,2.2,-0.4,1.7,1.5
183,Josh Richardson,29,2TM,SG,65,10,1530,7.4,17.3,0.431,3.3,9.1,0.365,4.1,8.1,0.506,0.528,2.1,2.5,0.852,1.3,4.2,5.5,5.4,2.1,0.6,2.7,3.6,20.4,110.0,118,,richajo01,12.3,0.555,0.529,0.146,2.9,9.9,6.3,15.8,2.2,1.2,12.7,18.4,0.6,1.1,1.8,0.055,-1.0,-0.1,-1.2,0.3
183,Josh Richardson,29,SAS,SG,42,6,997,8.4,19.2,0.436,3.5,9.8,0.357,4.9,9.4,0.518,0.527,2.5,2.8,0.883,1.4,4.2,5.6,6.5,1.9,0.5,3.0,3.3,22.8,111.0,120,,richajo01,13.6,0.556,0.51,0.148,3.2,10.1,6.5,19.3,1.9,0.9,12.7,20.5,0.6,0.4,1.0,0.047,-0.1,-1.0,-1.1,0.2
183,Josh Richardson,29,NOP,SG,23,4,533,5.6,13.5,0.419,3.0,7.8,0.384,2.6,5.6,0.468,0.53,1.5,1.9,0.762,1.0,4.1,5.1,3.4,2.6,0.8,2.1,4.3,15.7,107.0,112,,richajo01,9.9,0.55,0.581,0.142,2.3,9.6,6.0,9.2,2.6,1.6,12.8,14.5,0.1,0.7,0.8,0.071,-2.9,1.5,-1.3,0.1
184,Joe Harris,31,BRK,SF,74,33,1527,6.4,14.1,0.457,4.5,10.6,0.426,1.9,3.4,0.551,0.618,0.6,0.9,0.643,0.7,4.5,5.2,3.2,1.1,0.4,1.3,4.5,18.0,119.0,117,,harrijo01,10.6,0.621,0.757,0.064,1.7,10.1,6.0,9.1,1.1,0.7,8.3,14.3,1.5,1.1,2.6,0.083,-0.6,-0.6,-1.1,0.3
185,T.J. McConnell,30,IND,PG,75,6,1526,8.8,16.2,0.543,0.8,1.8,0.441,8.0,14.4,0.556,0.568,1.8,2.1,0.853,1.4,5.9,7.3,12.4,2.5,0.3,4.4,3.3,20.2,116.0,117,,mccontj01,16.8,0.59,0.113,0.131,3.3,13.7,8.5,37.9,2.5,0.6,20.6,19.1,1.9,1.2,3.1,0.098,0.4,0.1,0.5,1.0
186,Chris Boucher,30,TOR,PF,76,0,1523,8.5,17.2,0.493,2.0,6.1,0.328,6.5,11.0,0.585,0.552,4.2,5.5,0.762,5.1,8.6,13.7,0.9,1.5,2.1,1.3,4.6,23.1,125.0,112,,bouchch01,18.0,0.59,0.357,0.318,10.9,21.2,15.7,2.7,1.5,4.1,6.4,18.0,3.0,2.0,5.0,0.156,0.7,-0.8,-0.1,0.7
187,Georges Niang,29,PHI,PF,78,1,1512,7.3,16.4,0.442,5.0,12.6,0.401,2.2,3.9,0.576,0.596,1.3,1.5,0.867,0.6,5.4,6.1,2.5,1.0,0.5,1.8,4.8,20.9,114.0,116,,niangge01,10.9,0.61,0.765,0.09,1.5,12.8,7.2,7.3,1.0,0.9,9.4,17.0,1.1,1.4,2.5,0.078,-0.4,-1.0,-1.4,0.2
188,Bogdan Bogdanović,30,ATL,SG,54,9,1508,8.6,19.3,0.447,4.6,11.4,0.406,4.0,7.9,0.506,0.566,2.0,2.4,0.831,0.7,4.5,5.2,4.7,1.4,0.6,2.1,2.7,23.9,117.0,118,,bogdabo01,14.2,0.586,0.589,0.126,1.6,10.4,6.0,13.4,1.4,1.0,9.2,19.8,1.8,1.0,2.8,0.088,1.1,-0.7,0.5,0.9
189,Damion Lee,30,PHO,SG,74,5,1506,6.5,14.7,0.442,3.6,8.0,0.445,2.9,6.7,0.439,0.564,3.1,3.4,0.904,1.3,6.0,7.3,3.2,1.0,0.2,2.5,3.8,19.6,114.0,116,,leeda03,10.7,0.607,0.546,0.23,2.8,14.0,8.3,8.9,1.0,0.4,13.5,16.3,1.1,1.4,2.6,0.081,-1.3,-0.4,-1.7,0.1
190,Bol Bol,23,ORL,PF,70,33,1505,8.4,15.4,0.546,1.0,3.6,0.265,7.4,11.7,0.633,0.577,2.6,3.5,0.759,2.2,10.8,13.0,2.2,1.0,2.7,3.6,3.0,20.4,106.0,111,,bolbo01,14.4,0.603,0.236,0.226,5.2,25.3,15.2,6.9,1.0,5.5,17.6,18.2,0.0,2.2,2.3,0.072,-1.8,0.9,-0.9,0.4
191,John Konchar,26,MEM,SF,72,23,1494,4.4,10.2,0.431,1.9,5.6,0.339,2.5,4.5,0.545,0.525,0.9,1.1,0.778,2.0,7.8,9.9,3.2,2.4,0.8,1.2,3.6,11.6,117.0,109,,konchjo01,10.8,0.542,0.553,0.113,4.5,17.4,11.0,8.2,2.4,1.5,9.9,10.4,1.0,2.5,3.5,0.111,-1.9,2.4,0.5,0.9
192,Rui Hachimura,24,2TM,PF,63,9,1466,9.3,19.1,0.486,1.7,5.2,0.319,7.6,13.9,0.55,0.53,2.9,3.9,0.739,1.7,7.5,9.3,1.9,0.6,0.9,1.7,2.4,23.2,109.0,116,,hachiru01,13.2,0.556,0.274,0.204,4.1,16.5,10.5,5.8,0.6,1.5,7.7,20.2,0.6,1.3,1.8,0.06,-1.3,-1.0,-2.2,-0.1
192,Rui Hachimura,24,WAS,PF,30,0,728,10.6,21.7,0.488,2.0,6.0,0.337,8.6,15.7,0.545,0.534,2.9,3.9,0.759,1.3,7.3,8.6,2.3,0.7,0.8,2.4,2.6,26.1,106.0,117,,hachiru01,13.6,0.558,0.275,0.179,3.0,16.0,9.8,7.3,0.7,1.4,9.3,23.0,0.0,0.5,0.6,0.038,-1.2,-1.4,-2.6,-0.1
192,Rui Hachimura,24,LAL,PF,33,9,738,8.1,16.7,0.485,1.3,4.6,0.296,6.7,12.1,0.556,0.525,2.8,3.9,0.721,2.2,7.8,10.0,1.5,0.5,0.9,1.1,2.1,20.4,113.0,115,,hachiru01,12.7,0.553,0.273,0.235,5.1,17.0,11.2,4.4,0.5,1.6,5.6,17.4,0.5,0.7,1.2,0.081,-1.4,-0.5,-1.9,0.0
193,Dwight Powell,31,DAL,C,76,64,1458,6.7,9.2,0.732,0.0,0.2,0.0,6.7,9.0,0.746,0.732,3.8,5.7,0.667,5.1,5.6,10.7,2.4,1.6,0.9,2.2,7.1,17.3,140.0,116,,poweldw01,15.5,0.738,0.019,0.625,11.8,13.3,12.5,6.9,1.6,1.6,15.9,12.6,3.8,1.3,5.1,0.168,-1.2,0.0,-1.2,0.3
194,Jeremy Sochan,19,SAS,PF,56,53,1458,8.1,17.9,0.453,1.1,4.3,0.246,7.0,13.5,0.519,0.483,2.6,3.8,0.698,3.1,6.5,9.6,4.6,1.4,0.7,3.1,4.5,19.9,103.0,120,,sochaje01,11.4,0.509,0.243,0.21,6.9,15.6,11.0,13.6,1.4,1.3,13.9,19.8,-0.5,0.7,0.2,0.005,-2.8,-1.2,-4.0,-0.7
195,Keita Bates-Diop,27,SAS,PF,67,42,1452,7.7,15.1,0.508,1.8,4.6,0.394,5.9,10.5,0.557,0.568,3.9,4.9,0.793,2.1,6.0,8.1,3.4,1.5,0.7,1.8,2.0,21.0,121.0,120,,bateske01,14.9,0.609,0.305,0.323,4.7,14.3,9.3,9.8,1.5,1.1,9.5,16.7,2.1,0.6,2.7,0.089,0.3,-0.9,-0.6,0.5
196,Davion Mitchell,24,SAC,PG,80,9,1447,6.0,13.2,0.454,2.1,6.5,0.32,3.9,6.7,0.584,0.533,0.8,1.0,0.806,0.5,2.9,3.5,6.1,1.5,0.5,2.1,3.7,14.9,111.0,119,,mitchda01,9.4,0.545,0.494,0.078,1.3,7.0,4.1,16.5,1.5,0.9,13.1,14.1,0.7,0.8,1.5,0.05,-2.4,-0.4,-2.8,-0.3
197,Pat Connaughton,30,MIL,SF,61,33,1443,5.5,13.9,0.392,3.6,10.7,0.339,1.9,3.3,0.566,0.521,0.9,1.4,0.659,1.7,7.7,9.4,2.5,1.2,0.4,1.1,2.3,15.4,112.0,113,,connapa01,10.0,0.531,0.765,0.097,3.8,16.2,10.2,6.9,1.2,0.6,7.0,13.8,0.7,1.8,2.5,0.085,-1.3,0.3,-1.0,0.3
198,Zach Collins,25,SAS,C,63,26,1441,9.3,18.0,0.518,1.8,4.8,0.374,7.5,13.1,0.571,0.568,3.5,4.7,0.761,3.8,9.4,13.2,5.9,1.2,1.6,4.2,6.5,24.0,112.0,118,,colliza01,16.4,0.599,0.268,0.259,8.5,22.5,15.2,18.0,1.2,2.8,17.4,21.2,1.2,1.0,2.2,0.074,-0.5,0.3,-0.2,0.6
199,Isaiah Stewart,21,DET,C,50,47,1414,6.7,15.1,0.442,2.3,7.0,0.327,4.4,8.1,0.542,0.518,3.8,5.1,0.738,3.9,9.9,13.8,2.4,0.7,1.2,2.3,4.6,19.4,113.0,118,,stewais01,13.1,0.56,0.465,0.338,8.7,23.3,15.8,7.3,0.7,2.1,11.8,17.3,1.1,0.9,2.0,0.068,-1.0,-1.1,-2.1,0.0
200,AJ Griffin,19,ATL,SF,72,12,1401,8.4,18.1,0.465,3.4,8.8,0.39,5.0,9.3,0.536,0.56,1.4,1.6,0.894,1.3,3.9,5.2,2.5,1.4,0.4,1.4,3.0,21.7,116.0,119,,griffaj01,12.6,0.577,0.486,0.088,2.9,9.2,6.0,7.0,1.4,0.7,7.1,17.9,1.3,0.9,2.2,0.075,-0.3,-0.5,-0.8,0.4
201,Isaiah Joe,23,OKC,SG,73,10,1395,7.6,17.3,0.441,5.5,13.4,0.409,2.1,3.9,0.553,0.599,2.8,3.4,0.82,0.9,5.0,6.0,3.0,1.6,0.3,1.3,3.6,23.5,125.0,116,,joeis01,14.5,0.626,0.776,0.197,2.0,11.6,6.7,8.7,1.6,0.5,6.6,17.7,2.5,1.3,3.8,0.131,1.3,-0.4,0.9,1.0
202,Jonathan Kuminga,20,GSW,PF,67,16,1394,8.8,16.8,0.525,1.8,4.9,0.37,7.0,11.9,0.59,0.579,3.0,4.7,0.652,2.4,5.5,7.8,4.2,1.4,1.1,3.2,5.3,22.6,112.0,115,,kuminjo01,13.3,0.597,0.294,0.278,5.6,12.5,9.1,12.7,1.4,2.0,14.6,19.6,1.0,1.4,2.4,0.084,-1.7,-0.1,-1.7,0.1
203,Jusuf Nurkić,28,POR,C,52,52,1391,9.2,17.7,0.519,1.5,4.2,0.361,7.7,13.5,0.567,0.561,4.4,6.7,0.661,4.0,12.5,16.5,5.2,1.5,1.5,4.2,6.5,24.3,112.0,114,,nurkiju01,17.3,0.589,0.236,0.38,9.3,29.7,19.5,16.4,1.5,2.8,16.8,22.1,1.2,1.5,2.7,0.092,-0.6,0.7,0.1,0.7
204,Dennis Smith Jr.,25,CHO,PG,54,15,1390,6.4,15.5,0.412,0.8,3.8,0.216,5.5,11.7,0.475,0.438,2.7,3.6,0.736,0.9,4.8,5.7,8.9,2.6,0.9,2.8,4.2,16.2,103.0,114,,smithde03,11.6,0.475,0.246,0.235,2.0,11.0,6.4,26.1,2.6,1.6,14.1,17.6,-0.4,1.5,1.1,0.039,-3.5,1.2,-2.2,-0.1
205,Larry Nance Jr.,30,NOP,C,65,1,1381,6.5,10.7,0.61,0.5,1.5,0.333,6.0,9.2,0.654,0.633,1.9,2.8,0.696,3.7,8.7,12.4,4.2,2.0,1.3,1.5,4.7,15.5,134.0,110,,nancela02,16.0,0.649,0.138,0.259,8.7,20.3,14.5,11.7,2.0,2.6,11.0,11.9,2.8,2.1,4.9,0.171,0.0,2.0,2.0,1.4
206,Josh Okogie,24,PHO,SG,72,26,1350,5.9,15.0,0.391,2.4,7.1,0.335,3.5,7.9,0.442,0.471,5.0,7.0,0.724,3.9,5.1,9.1,3.8,2.0,1.2,2.3,4.1,19.2,114.0,113,,okogijo01,13.3,0.531,0.476,0.464,8.8,11.9,10.3,10.3,2.0,2.3,11.2,17.7,1.1,1.7,2.8,0.101,-0.8,0.5,-0.2,0.6
207,Devonte' Graham,27,2TM,PG,73,8,1338,5.8,15.5,0.374,4.3,12.1,0.352,1.5,3.3,0.452,0.512,3.5,4.7,0.748,0.7,3.7,4.4,7.0,1.6,0.6,1.9,2.8,19.3,117.0,117,,grahade01,12.5,0.552,0.784,0.304,1.6,8.7,5.1,19.4,1.6,1.1,9.8,17.1,1.5,1.0,2.5,0.091,0.1,-0.2,-0.1,0.6
207,Devonte' Graham,27,NOP,PG,53,0,811,5.1,13.8,0.368,3.9,11.4,0.347,1.1,2.4,0.463,0.511,2.6,3.5,0.746,0.7,3.6,4.3,6.9,1.8,0.6,1.6,2.9,16.7,118.0,114,,grahade01,11.8,0.545,0.823,0.255,1.7,8.4,5.0,18.7,1.8,1.2,9.5,15.0,0.9,0.9,1.8,0.105,-0.4,0.6,0.2,0.4
207,Devonte' Graham,27,SAS,PG,20,8,527,6.8,17.9,0.38,4.7,13.3,0.358,2.1,4.7,0.442,0.513,4.8,6.5,0.75,0.6,3.9,4.5,7.2,1.3,0.5,2.3,2.8,23.2,116.0,122,,grahade01,13.6,0.559,0.74,0.36,1.4,9.3,5.2,20.4,1.3,0.9,10.1,20.2,0.6,0.1,0.8,0.069,1.0,-1.4,-0.4,0.2
208,Terrence Ross,31,2TM,SG,63,9,1330,7.3,17.0,0.43,3.5,9.4,0.368,3.8,7.5,0.507,0.532,1.0,1.2,0.794,0.8,4.8,5.6,3.5,1.3,0.4,1.6,3.5,19.0,110.0,116,,rosste01,10.2,0.544,0.555,0.073,1.8,11.2,6.5,10.2,1.3,0.7,8.2,16.8,0.5,1.2,1.6,0.059,-1.8,-0.3,-2.1,0.0
208,Terrence Ross,31,ORL,SG,42,9,944,6.6,15.3,0.431,3.1,8.2,0.381,3.5,7.1,0.489,0.533,0.8,1.0,0.75,0.5,3.8,4.4,2.8,1.3,0.4,1.9,2.7,17.1,104.0,117,,rosste01,8.6,0.543,0.535,0.067,1.2,9.0,5.1,8.1,1.3,0.8,10.7,15.7,-0.1,0.7,0.6,0.032,-2.7,-0.4,-3.1,-0.3
208,Terrence Ross,31,PHO,SG,21,0,386,9.0,21.0,0.428,4.3,12.4,0.347,4.7,8.6,0.544,0.53,1.5,1.8,0.857,1.5,7.2,8.7,5.2,1.3,0.3,0.8,5.6,23.8,120.0,114,,rosste01,14.2,0.546,0.59,0.084,3.4,16.7,9.9,15.4,1.3,0.5,3.4,19.7,0.6,0.4,1.0,0.127,0.3,0.2,0.5,0.2
209,Luke Kennard,26,2TM,SG,59,14,1315,6.9,14.0,0.492,4.9,9.9,0.494,2.0,4.2,0.487,0.666,1.4,1.4,0.949,0.6,5.3,5.8,3.3,1.2,0.2,1.7,3.0,20.1,128.0,116,,kennalu01,13.0,0.684,0.704,0.102,1.2,11.8,6.6,9.4,1.2,0.3,10.3,14.5,2.2,1.2,3.4,0.124,0.6,-0.1,0.5,0.8
209,Luke Kennard,26,LAC,SG,35,11,725,6.6,14.3,0.464,4.0,8.9,0.447,2.6,5.3,0.494,0.604,1.3,1.4,0.95,0.4,5.2,5.6,2.5,1.3,0.3,2.0,3.2,18.5,114.0,117,,kennalu01,10.5,0.623,0.626,0.095,0.9,11.8,6.4,7.1,1.3,0.5,12.0,15.0,0.5,0.6,1.1,0.07,-1.4,0.0,-1.4,0.1
209,Luke Kennard,26,MEM,SG,24,3,590,7.2,13.8,0.526,6.0,11.0,0.54,1.3,2.7,0.471,0.743,1.4,1.5,0.947,0.7,5.3,6.0,4.3,1.0,0.1,1.3,2.8,21.9,146.0,115,,kennalu01,16.0,0.758,0.801,0.111,1.6,11.8,6.7,12.1,1.0,0.2,8.2,13.7,1.7,0.6,2.3,0.189,3.0,-0.2,2.9,0.7
210,Doug McDermott,31,SAS,SF,64,0,1314,8.6,18.8,0.457,4.4,10.7,0.413,4.2,8.1,0.516,0.575,1.9,2.5,0.757,0.8,4.2,5.0,3.3,0.5,0.2,2.1,4.2,23.5,113.0,124,,mcderdo01,11.1,0.59,0.57,0.134,1.8,10.0,5.8,9.8,0.5,0.4,9.5,19.2,1.0,0.0,1.0,0.035,-0.7,-2.5,-3.2,-0.4
211,Talen Horton-Tucker,22,UTA,SG,65,20,1313,9.3,22.3,0.419,2.1,7.4,0.286,7.2,14.9,0.485,0.467,4.6,6.1,0.75,1.5,6.1,7.6,8.9,1.5,1.1,4.6,3.9,25.4,104.0,117,,hortota01,13.7,0.508,0.331,0.274,3.4,13.7,8.6,27.4,1.5,1.9,15.5,25.9,-0.3,1.1,0.8,0.029,-1.1,-0.5,-1.6,0.2
212,Jose Alvarado,24,NOP,PG,61,10,1310,7.4,18.1,0.411,3.1,9.1,0.336,4.4,9.0,0.488,0.496,2.4,3.0,0.813,1.0,4.2,5.2,6.9,2.5,0.4,3.0,4.6,20.3,107.0,113,,alvarjo01,11.8,0.525,0.505,0.164,2.4,9.8,6.1,19.9,2.5,0.7,13.4,19.8,0.1,1.7,1.8,0.066,-2.0,0.7,-1.2,0.3
213,Aaron Wiggins,24,OKC,SG,70,14,1297,6.8,13.3,0.512,1.8,4.5,0.393,5.1,8.8,0.573,0.579,2.2,2.6,0.831,2.5,5.2,7.7,2.9,1.4,0.5,2.0,4.0,17.5,119.0,116,,wiggiaa01,12.2,0.607,0.336,0.196,5.5,12.0,8.7,8.3,1.4,1.1,12.2,14.5,1.4,1.2,2.6,0.097,-1.5,-0.5,-2.1,0.0
214,Lonnie Walker IV,24,LAL,SG,56,32,1297,8.6,19.3,0.448,3.3,9.1,0.365,5.3,10.2,0.522,0.534,3.3,3.9,0.858,0.5,3.5,4.0,2.3,1.1,0.6,1.7,2.6,23.9,111.0,117,,walkelo01,12.2,0.57,0.472,0.201,1.2,7.6,4.5,7.0,1.1,1.1,7.4,20.2,0.8,1.0,1.8,0.066,-0.9,-0.5,-1.4,0.2
215,Sam Hauser,25,BOS,SF,80,8,1290,6.8,15.0,0.455,5.3,12.7,0.418,1.5,2.3,0.656,0.631,0.5,0.6,0.706,1.3,6.4,7.7,2.7,1.1,0.8,1.1,3.7,19.3,124.0,113,,hausesa01,12.7,0.634,0.846,0.043,3.0,14.1,8.6,7.6,1.1,1.4,6.9,14.7,1.8,1.6,3.4,0.128,0.6,0.4,1.0,1.0
216,Jalen Smith,22,IND,C,68,31,1279,9.0,18.9,0.476,2.0,7.1,0.283,7.0,11.8,0.593,0.53,3.9,5.1,0.759,4.8,9.8,14.6,2.4,0.8,2.2,2.7,5.7,23.8,113.0,116,,smithja04,15.9,0.565,0.376,0.27,11.2,22.9,17.1,7.6,0.8,4.0,11.2,21.0,1.1,1.1,2.3,0.085,-0.9,-1.1,-2.1,0.0
217,LaMelo Ball,21,CHO,PG,36,36,1268,11.1,27.1,0.411,5.4,14.4,0.376,5.7,12.7,0.45,0.51,3.8,4.6,0.836,1.6,7.1,8.7,11.4,1.7,0.4,4.8,4.4,31.5,108.0,115,,ballla01,17.9,0.541,0.531,0.169,3.5,16.2,9.7,38.7,1.7,0.8,14.3,30.0,0.6,1.2,1.8,0.068,3.2,-0.8,2.4,1.4
218,David Roddy,21,MEM,PF,70,4,1258,6.8,15.9,0.429,2.5,8.0,0.307,4.3,7.9,0.553,0.506,1.5,2.5,0.631,1.9,5.4,7.3,2.2,1.1,0.7,2.2,4.0,17.6,103.0,114,,roddyda01,8.8,0.519,0.505,0.155,4.2,12.0,8.1,6.1,1.1,1.4,11.3,16.7,-0.3,1.4,1.1,0.043,-3.2,-0.7,-3.9,-0.6
219,Jaylen Nowell,23,MIN,SG,65,2,1252,10.6,23.7,0.448,2.5,8.8,0.289,8.1,14.9,0.542,0.502,2.9,3.8,0.778,1.4,5.1,6.5,5.0,1.6,0.2,2.5,3.8,26.7,106.0,116,,nowelja01,13.7,0.527,0.371,0.158,3.3,11.7,7.6,15.9,1.6,0.3,8.9,25.0,0.0,1.2,1.2,0.046,-1.5,-1.0,-2.5,-0.2
220,Naz Reid,23,MIN,C,68,11,1251,11.8,21.9,0.537,2.8,8.2,0.346,8.9,13.7,0.653,0.602,3.3,4.8,0.677,2.8,9.9,12.6,2.9,1.6,2.0,3.5,6.7,29.7,112.0,110,,reidna01,18.5,0.617,0.376,0.22,6.6,22.8,14.9,9.6,1.6,3.7,12.7,24.8,1.1,1.9,3.0,0.114,0.3,0.8,1.0,1.0
221,Trey Lyles,27,SAC,PF,74,0,1247,7.2,15.7,0.458,3.3,9.2,0.363,3.8,6.4,0.595,0.565,3.9,4.8,0.815,2.6,8.9,11.5,2.5,1.0,1.2,2.5,3.7,21.6,117.0,116,,lylestr01,14.2,0.607,0.588,0.304,6.3,21.1,13.7,7.0,1.0,2.2,12.2,18.1,1.4,1.2,2.6,0.098,0.0,-0.9,-1.0,0.3
222,Jalen Suggs,21,ORL,SG,53,19,1246,7.2,17.2,0.419,2.6,7.8,0.327,4.7,9.4,0.496,0.493,3.3,4.6,0.723,2.1,4.1,6.2,6.0,2.6,1.0,3.6,4.7,20.3,104.0,113,,suggsja01,12.5,0.528,0.455,0.268,5.0,9.6,7.3,18.0,2.6,2.1,15.9,20.3,-0.2,1.5,1.4,0.053,-1.8,0.8,-1.0,0.3
223,Kevin Love,34,2TM,PF,62,20,1240,6.7,17.1,0.389,4.0,11.9,0.334,2.7,5.2,0.516,0.506,3.2,3.7,0.879,2.4,13.7,16.1,4.7,0.6,0.5,2.8,3.9,20.5,110.0,110,,loveke01,13.1,0.548,0.698,0.215,5.5,32.6,18.9,13.2,0.6,0.9,13.1,19.2,0.6,2.0,2.6,0.099,0.2,0.4,0.6,0.8
223,Kevin Love,34,CLE,PF,41,3,821,6.8,17.4,0.389,4.2,11.9,0.354,2.6,5.5,0.467,0.511,3.4,3.8,0.889,2.6,14.5,17.1,4.6,0.4,0.4,2.9,4.0,21.2,111.0,109,,loveke01,13.6,0.555,0.684,0.221,6.0,34.2,20.1,12.8,0.4,0.8,13.1,19.6,0.5,1.4,1.9,0.112,0.8,0.6,1.4,0.7
223,Kevin Love,34,MIA,PF,21,17,419,6.4,16.5,0.388,3.6,12.0,0.297,2.9,4.5,0.632,0.496,2.9,3.3,0.857,2.0,12.1,14.2,4.8,1.1,0.6,2.7,3.8,19.3,107.0,112,,loveke01,12.3,0.535,0.727,0.201,4.6,29.6,16.6,14.0,1.1,1.2,13.2,18.5,0.1,0.6,0.7,0.075,-1.0,-0.1,-1.1,0.1
224,Cory Joseph,31,DET,PG,62,2,1227,5.9,13.9,0.427,2.8,7.1,0.389,3.2,6.8,0.468,0.527,2.3,2.8,0.792,0.8,3.4,4.2,8.6,1.3,0.4,2.2,3.5,16.9,119.0,122,,josepco01,12.1,0.558,0.513,0.205,1.8,7.9,4.8,25.4,1.3,0.6,12.8,15.2,1.5,0.3,1.8,0.07,-0.7,-0.8,-1.5,0.2
225,Delon Wright,30,WAS,PG,50,14,1221,5.5,11.6,0.474,1.6,4.7,0.345,3.9,6.9,0.564,0.545,2.1,2.4,0.867,2.3,4.9,7.2,7.7,3.7,0.7,1.8,2.4,14.7,127.0,112,,wrighde01,16.3,0.581,0.409,0.206,5.5,10.7,8.2,20.9,3.7,1.2,12.2,12.9,2.1,1.6,3.7,0.146,0.4,3.1,3.4,1.7
226,Nick Richards,25,CHO,C,65,9,1217,7.7,12.2,0.629,0.0,0.0,1.0,7.7,12.2,0.628,0.631,5.4,7.2,0.749,5.7,10.5,16.3,1.5,0.4,2.8,2.3,6.0,20.8,130.0,113,,richani01,18.3,0.676,0.003,0.585,12.6,24.0,18.2,4.5,0.4,5.1,13.0,15.6,2.7,1.5,4.2,0.165,-1.0,-0.2,-1.3,0.2
227,Seth Curry,32,BRK,SG,61,7,1211,8.4,18.1,0.463,3.8,9.4,0.405,4.6,8.7,0.525,0.568,2.1,2.2,0.927,0.5,3.5,4.0,4.0,1.5,0.3,2.1,3.9,22.6,113.0,117,,curryse01,12.3,0.593,0.517,0.122,1.2,7.9,4.6,11.9,1.5,0.5,9.7,19.2,0.9,0.9,1.8,0.07,-1.2,-0.9,-2.1,0.0
228,Ochai Agbaji,22,UTA,SG,59,22,1209,6.5,15.3,0.427,3.2,9.0,0.355,3.3,6.2,0.532,0.532,2.2,2.7,0.812,1.7,3.1,4.8,2.6,0.6,0.6,1.6,3.9,18.5,115.0,121,,agbajoc01,9.5,0.561,0.591,0.179,3.9,6.9,5.4,7.5,0.6,1.0,9.0,15.8,0.9,0.4,1.3,0.053,-1.7,-1.4,-3.0,-0.3
229,Kenrich Williams,28,OKC,PF,53,10,1206,7.1,13.6,0.517,2.0,5.3,0.373,5.1,8.3,0.608,0.59,0.7,1.5,0.436,3.8,6.5,10.3,4.1,1.8,0.6,1.3,4.4,16.7,126.0,114,,willike04,14.4,0.585,0.387,0.113,8.5,14.9,11.6,11.7,1.8,1.1,8.1,13.7,2.0,1.3,3.3,0.133,0.1,0.4,0.5,0.8
230,Matisse Thybulle,25,2TM,SG,71,28,1200,4.5,10.4,0.435,2.2,6.1,0.365,2.3,4.3,0.533,0.542,0.8,1.1,0.679,1.6,4.1,5.7,2.2,3.4,1.3,1.0,4.6,12.0,114.0,113,,thybuma01,10.5,0.552,0.585,0.111,3.9,9.7,6.8,5.9,3.4,2.4,8.3,10.6,0.6,1.5,2.1,0.086,-2.7,2.2,-0.5,0.4
230,Matisse Thybulle,25,PHI,SF,49,6,591,4.2,9.7,0.431,1.8,5.3,0.333,2.4,4.4,0.547,0.522,0.8,1.0,0.75,1.7,3.6,5.3,1.9,3.8,1.2,0.7,5.4,10.9,115.0,110,,thybuma01,10.0,0.536,0.543,0.103,4.1,8.5,6.3,5.1,3.8,2.2,6.2,9.8,0.3,0.9,1.3,0.102,-3.2,3.3,0.1,0.3
230,Matisse Thybulle,25,POR,SG,22,22,609,4.8,11.0,0.438,2.6,6.8,0.388,2.2,4.2,0.519,0.558,0.8,1.3,0.625,1.6,4.6,6.2,2.4,3.0,1.4,1.3,3.8,13.0,114.0,116,,thybuma01,11.0,0.566,0.62,0.117,3.7,10.8,7.3,6.6,3.0,2.6,10.0,11.4,0.3,0.6,0.9,0.07,-2.2,1.1,-1.2,0.1
231,Isaiah Livers,24,DET,PF,52,22,1199,4.9,11.6,0.417,3.0,8.2,0.365,1.9,3.4,0.541,0.545,1.3,1.6,0.821,1.1,4.6,5.8,1.7,1.1,1.1,1.2,4.2,14.0,113.0,120,,liveris01,8.4,0.567,0.705,0.135,2.5,11.0,6.6,4.8,1.1,2.1,9.0,11.9,0.5,0.5,1.0,0.041,-2.1,-0.3,-2.4,-0.1
232,Cameron Johnson,26,2TM,PF,42,41,1199,9.1,19.3,0.47,4.2,10.4,0.404,4.9,8.9,0.548,0.579,4.1,4.9,0.842,1.4,6.2,7.5,3.2,2.0,0.6,1.5,3.4,26.5,122.0,114,,johnsca02,17.1,0.617,0.538,0.253,3.2,14.0,8.6,9.6,2.0,1.0,6.6,20.6,2.1,1.4,3.5,0.142,2.0,0.6,2.6,1.4
232,Cameron Johnson,26,PHO,PF,17,16,429,9.3,19.7,0.474,5.1,11.3,0.455,4.2,8.4,0.5,0.604,3.1,3.8,0.818,1.6,5.8,7.4,3.0,1.7,0.7,1.1,3.3,26.9,127.0,114,,johnsca02,17.4,0.629,0.572,0.191,3.5,13.4,8.4,8.9,1.7,1.3,5.1,19.6,0.9,0.5,1.4,0.161,3.2,0.6,3.8,0.6
232,Cameron Johnson,26,BRK,PF,25,25,770,8.9,19.1,0.468,3.7,9.9,0.372,5.3,9.2,0.572,0.565,4.7,5.5,0.851,1.3,6.3,7.6,3.3,2.2,0.5,1.7,3.4,26.2,120.0,114,,johnsca02,16.9,0.61,0.518,0.289,3.0,14.3,8.8,10.0,2.2,0.9,7.4,21.1,1.2,0.9,2.1,0.131,1.4,0.6,2.0,0.8
233,Anthony Lamb,25,GSW,SF,62,4,1195,5.8,12.4,0.471,2.9,7.9,0.367,3.0,4.5,0.652,0.588,1.8,2.4,0.767,2.2,6.3,8.5,3.8,1.1,0.8,2.1,5.3,16.4,119.0,115,,lamban01,10.9,0.61,0.634,0.191,5.3,14.4,9.9,10.5,1.1,1.5,13.7,13.8,1.2,1.2,2.4,0.096,-1.6,0.4,-1.1,0.3
234,Taurean Prince,28,MIN,PF,54,4,1192,7.1,15.1,0.467,2.9,7.7,0.381,4.1,7.4,0.557,0.565,2.6,3.1,0.844,0.6,4.7,5.3,3.3,1.1,0.6,2.8,4.9,19.6,108.0,117,,princta02,10.0,0.597,0.512,0.203,1.4,10.8,6.2,9.6,1.1,1.1,14.3,17.3,0.3,1.0,1.3,0.052,-2.6,-0.6,-3.3,-0.4
235,Andrew Wiggins,27,GSW,SF,37,37,1190,9.9,21.0,0.473,3.5,8.9,0.396,6.4,12.1,0.53,0.557,1.7,2.9,0.611,2.4,5.0,7.4,3.4,1.8,1.1,1.9,4.2,25.1,113.0,114,,wiggian01,14.7,0.564,0.425,0.136,5.7,11.3,8.6,10.5,1.8,2.1,7.9,21.5,1.0,1.3,2.3,0.091,-0.1,-0.4,-0.5,0.5
236,Jordan Nwora,24,2TM,SF,62,14,1188,7.8,17.8,0.436,3.4,8.5,0.408,4.3,9.4,0.462,0.533,2.7,3.4,0.791,2.0,7.1,9.2,3.5,1.0,0.6,2.6,3.0,21.7,109.0,116,,nworajo01,12.2,0.561,0.474,0.193,4.7,15.8,10.4,10.5,1.0,1.0,12.0,19.4,0.5,1.0,1.5,0.06,-0.8,-1.3,-2.1,0.0
236,Jordan Nwora,24,MIL,SF,38,3,597,6.1,15.8,0.386,3.2,8.2,0.392,2.9,7.6,0.379,0.487,3.0,3.4,0.86,2.3,7.0,9.4,3.0,1.0,0.6,2.7,2.7,18.3,106.0,113,,nworajo01,10.0,0.53,0.518,0.218,5.3,14.8,10.2,8.4,1.0,1.0,13.6,17.6,0.0,0.7,0.7,0.057,-2.0,-0.4,-2.4,0.0
236,Jordan Nwora,24,IND,SF,24,11,591,9.5,19.9,0.476,3.7,8.8,0.422,5.8,11.2,0.518,0.569,2.5,3.5,0.721,1.8,7.2,9.0,4.0,1.0,0.6,2.6,3.2,25.1,113.0,119,,nworajo01,14.4,0.586,0.44,0.173,4.1,16.9,10.5,12.6,1.0,1.0,10.7,21.2,0.5,0.3,0.8,0.064,0.4,-2.2,-1.8,0.0
237,Gary Harris,28,ORL,SG,48,42,1184,5.6,12.5,0.45,3.8,8.9,0.431,1.8,3.6,0.494,0.603,1.1,1.2,0.9,0.9,3.1,4.0,2.4,1.8,0.5,1.1,3.8,16.2,122.0,116,,harriga01,10.5,0.62,0.71,0.098,2.0,7.4,4.7,6.9,1.8,1.0,8.0,12.6,1.3,1.1,2.3,0.095,-1.4,0.7,-0.7,0.4
238,Tre Mann,21,OKC,PG,67,5,1183,7.9,20.1,0.393,3.3,10.3,0.315,4.7,9.8,0.475,0.474,1.7,2.2,0.764,1.1,5.1,6.2,4.8,1.6,0.4,2.5,4.0,20.8,101.0,116,,manntr01,10.0,0.492,0.513,0.11,2.4,11.8,7.0,14.0,1.6,0.9,10.6,20.7,-0.6,1.1,0.5,0.021,-3.0,-1.0,-3.9,-0.6
239,Trendon Watford,22,POR,PF,62,12,1182,7.5,13.3,0.56,1.0,2.6,0.391,6.4,10.7,0.602,0.599,3.0,4.1,0.72,1.7,8.1,9.8,5.4,1.3,0.5,2.9,4.9,18.9,118.0,119,,watfotr01,13.6,0.625,0.198,0.31,4.1,19.2,11.6,16.0,1.3,0.9,16.2,16.1,1.3,0.7,2.1,0.084,-1.4,-0.4,-1.8,0.1
240,Christian Braun,21,DEN,SG,76,6,1181,5.9,12.0,0.495,1.4,4.0,0.354,4.5,8.0,0.565,0.554,1.7,2.7,0.625,2.0,5.5,7.5,2.4,1.7,0.7,1.4,4.2,14.9,114.0,115,,braunch01,10.3,0.568,0.332,0.221,4.8,12.6,8.8,6.4,1.7,1.3,9.9,13.0,0.7,1.2,1.9,0.079,-2.5,0.1,-2.4,-0.1
241,Xavier Tillman Sr.,24,MEM,C,61,29,1180,7.6,12.3,0.614,0.2,0.6,0.267,7.4,11.7,0.632,0.621,2.0,3.6,0.551,4.9,7.5,12.4,3.9,2.3,1.2,1.8,3.9,17.3,129.0,109,,tillmxa01,17.3,0.621,0.049,0.291,10.9,16.7,13.8,10.9,2.3,2.2,11.3,13.7,2.3,1.9,4.2,0.171,0.3,1.7,1.9,1.2
242,Devin Vassell,22,SAS,SG,38,32,1178,10.5,23.9,0.439,4.1,10.7,0.387,6.3,13.2,0.48,0.525,3.1,4.0,0.78,0.3,5.6,5.9,5.5,1.7,0.7,2.3,2.3,28.2,110.0,120,,vassede01,15.5,0.55,0.447,0.168,0.7,13.5,6.9,17.3,1.7,1.2,8.2,24.4,0.7,0.5,1.2,0.051,1.3,-0.9,0.4,0.7
243,Collin Sexton,24,UTA,PG,48,15,1145,9.9,19.5,0.506,2.0,5.1,0.393,7.9,14.4,0.546,0.558,6.8,8.3,0.819,1.5,2.8,4.4,5.8,1.1,0.3,3.5,4.7,28.6,119.0,120,,sextoco01,15.9,0.616,0.261,0.425,3.5,6.3,5.0,17.9,1.1,0.4,13.3,23.4,2.0,0.5,2.5,0.105,0.1,-1.5,-1.3,0.2
244,Precious Achiuwa,23,TOR,C,55,12,1140,8.5,17.5,0.485,1.3,4.7,0.269,7.2,12.8,0.564,0.521,3.8,5.4,0.702,4.3,9.9,14.2,2.2,1.3,1.3,2.6,4.4,22.0,112.0,113,,achiupr01,15.2,0.554,0.267,0.307,9.3,24.4,16.3,6.3,1.3,2.6,11.4,19.4,0.8,1.4,2.2,0.093,-1.4,-0.8,-2.3,-0.1
245,Steven Adams,29,MEM,C,42,42,1133,6.6,11.0,0.597,0.0,0.0,0.0,6.6,11.0,0.599,0.597,2.0,5.4,0.364,9.0,11.4,20.3,4.1,1.5,1.9,3.3,4.1,15.1,118.0,108,,adamsst01,17.5,0.564,0.004,0.49,20.1,25.3,22.7,11.2,1.5,3.7,19.8,14.6,1.3,2.1,3.4,0.144,-0.3,0.9,0.6,0.7
246,Alec Burks,31,DET,SG,51,8,1122,8.6,19.8,0.436,4.3,10.3,0.414,4.4,9.5,0.459,0.544,6.6,8.1,0.814,0.8,6.0,6.8,4.9,1.6,0.3,2.5,4.2,28.2,120.0,119,,burksal01,16.5,0.602,0.521,0.41,1.8,14.2,7.8,15.9,1.6,0.6,9.7,22.8,1.9,0.6,2.5,0.109,1.8,-0.5,1.2,0.9
247,Lamar Stevens,25,CLE,SF,62,25,1120,5.8,12.9,0.448,1.3,4.3,0.316,4.4,8.6,0.513,0.5,1.8,2.6,0.702,2.1,7.1,9.3,1.5,1.2,0.9,1.2,3.5,14.7,109.0,111,,stevela01,9.5,0.524,0.33,0.198,5.0,16.7,10.9,4.0,1.2,1.6,7.9,13.6,0.3,1.6,1.9,0.08,-3.0,0.2,-2.8,-0.2
248,Moritz Wagner,25,ORL,C,57,18,1109,8.6,17.3,0.5,2.2,7.1,0.313,6.4,10.2,0.631,0.564,6.7,7.9,0.841,3.0,8.3,11.3,3.7,1.6,0.6,3.0,5.9,26.1,122.0,114,,wagnemo01,17.4,0.63,0.412,0.46,7.0,19.4,13.2,11.5,1.6,1.1,12.5,21.1,2.1,1.3,3.4,0.149,0.4,0.2,0.6,0.7
249,Jordan Goodwin,24,WAS,PG,62,7,1106,7.0,15.5,0.448,1.7,5.2,0.322,5.3,10.3,0.511,0.501,2.3,3.0,0.768,2.5,6.5,9.0,7.4,2.6,1.1,2.5,4.2,17.9,113.0,113,,goodwjo01,14.8,0.531,0.334,0.195,6.0,14.3,10.3,20.8,2.6,2.0,12.9,17.3,0.9,1.3,2.2,0.097,-0.7,1.4,0.7,0.8
250,Victor Oladipo,30,MIA,SG,42,2,1106,7.2,18.2,0.397,3.2,9.6,0.33,4.1,8.6,0.471,0.484,2.7,3.6,0.747,0.7,5.0,5.8,6.6,2.6,0.5,3.9,4.5,20.2,99.0,112,,oladivi01,10.6,0.513,0.526,0.196,1.6,12.3,6.8,19.8,2.6,1.1,16.6,21.1,-0.9,1.5,0.6,0.024,-2.9,0.8,-2.1,0.0
251,Ben Simmons,26,BRK,PG,42,33,1105,5.9,10.4,0.566,0.0,0.1,0.0,5.9,10.3,0.571,0.566,1.1,2.5,0.439,1.8,9.9,11.6,11.3,2.4,1.1,4.3,6.1,12.9,110.0,110,,simmobe01,13.4,0.559,0.009,0.243,4.2,22.2,13.4,31.3,2.4,1.9,27.2,14.3,0.5,1.7,2.2,0.097,-2.2,2.6,0.4,0.7
252,Jeff Green,36,DEN,PF,56,4,1091,7.2,14.7,0.488,1.3,4.7,0.288,5.8,10.0,0.58,0.534,3.9,5.2,0.744,1.7,4.8,6.5,3.1,0.8,0.8,2.1,4.4,19.6,114.0,117,,greenje02,11.0,0.576,0.317,0.357,4.1,10.9,7.6,8.3,0.8,1.4,10.8,17.0,0.8,0.8,1.7,0.074,-2.4,-1.0,-3.4,-0.4
253,Brandon Clarke,26,MEM,PF,56,8,1090,10.0,15.2,0.656,0.0,0.3,0.167,9.9,14.9,0.665,0.658,4.3,6.0,0.723,4.0,9.5,13.5,3.1,1.5,1.6,2.4,5.7,24.3,131.0,109,,clarkbr01,20.0,0.682,0.017,0.393,9.0,21.2,15.1,9.5,1.5,3.1,11.8,17.7,2.7,1.8,4.5,0.199,0.8,1.8,2.5,1.3
254,Bones Hyland,22,2TM,PG,56,1,1085,10.3,25.8,0.399,5.3,14.2,0.371,5.0,11.5,0.434,0.502,3.9,4.6,0.843,0.9,5.2,6.1,7.8,1.8,0.7,3.7,4.3,29.7,107.0,115,,hylanbo01,14.9,0.535,0.552,0.179,2.1,11.8,7.1,23.4,1.8,1.2,11.7,28.0,0.3,1.1,1.4,0.062,0.4,-1.2,-0.8,0.3
254,Bones Hyland,22,DEN,PG,42,1,820,10.3,25.9,0.399,5.4,14.4,0.378,4.9,11.5,0.425,0.503,4.2,4.9,0.866,0.6,4.5,5.1,7.5,1.7,0.8,4.0,3.9,30.3,106.0,115,,hylanbo01,14.5,0.54,0.555,0.189,1.4,10.4,6.0,22.0,1.7,1.4,12.5,28.5,0.1,0.8,0.9,0.051,0.6,-1.4,-0.8,0.3
254,Bones Hyland,22,LAC,PG,14,0,265,10.2,25.3,0.401,4.8,13.7,0.351,5.4,11.6,0.46,0.496,2.8,3.7,0.75,1.8,7.2,9.1,8.7,2.0,0.4,2.8,5.5,27.9,111.0,114,,hylanbo01,16.4,0.518,0.54,0.146,4.3,16.3,10.4,27.6,2.0,0.7,9.3,26.5,0.2,0.3,0.5,0.094,-0.2,-0.7,-0.9,0.1
255,Oshae Brissett,24,IND,PF,65,2,1083,5.4,14.0,0.386,2.1,6.8,0.31,3.3,7.2,0.457,0.461,4.6,6.4,0.717,2.7,6.8,9.6,1.9,1.4,0.6,1.5,3.5,17.4,110.0,118,,brissos01,10.6,0.52,0.486,0.455,6.4,16.0,11.2,5.4,1.4,1.0,8.2,16.1,0.4,0.7,1.1,0.05,-2.0,-1.2,-3.2,-0.3
256,Thomas Bryant,25,2TM,C,59,26,1081,10.1,16.3,0.623,1.1,2.6,0.441,9.0,13.7,0.658,0.659,4.1,5.6,0.738,3.8,11.2,14.9,1.4,0.7,1.3,1.7,4.5,25.5,132.0,112,,bryanth01,19.7,0.682,0.16,0.341,8.9,24.6,17.0,4.3,0.7,2.4,8.2,18.2,2.7,1.4,4.1,0.183,1.1,-0.5,0.6,0.7
256,Thomas Bryant,25,LAL,C,41,25,876,10.7,16.3,0.654,1.2,2.7,0.44,9.5,13.6,0.697,0.691,4.3,5.8,0.741,3.6,11.5,15.1,1.6,0.8,1.2,1.5,4.2,26.8,138.0,112,,bryanth01,21.5,0.712,0.166,0.359,8.5,25.1,17.1,5.0,0.8,2.2,7.4,18.2,2.7,1.2,3.8,0.211,2.4,-0.1,2.3,0.9
256,Thomas Bryant,25,DEN,C,18,1,205,7.9,16.2,0.485,1.0,2.1,0.444,6.9,14.1,0.492,0.515,3.1,4.3,0.722,4.5,9.8,14.3,0.5,0.5,1.7,2.4,6.0,19.8,108.0,114,,bryanth01,11.8,0.547,0.132,0.265,11.0,22.4,16.8,1.3,0.5,3.0,11.6,18.2,0.0,0.2,0.3,0.066,-4.4,-2.2,-6.6,-0.2
257,Obi Toppin,24,NYK,PF,67,5,1050,8.8,19.7,0.446,4.0,11.6,0.344,4.8,8.1,0.593,0.548,1.8,2.2,0.809,1.4,7.4,8.8,3.1,1.1,0.6,1.8,3.2,23.4,116.0,116,,toppiob01,13.6,0.565,0.589,0.112,3.0,16.6,9.8,9.2,1.1,1.1,8.0,19.5,1.1,1.0,2.1,0.095,0.3,-0.8,-0.5,0.4
258,Joe Ingles,35,MIL,SF,46,0,1044,4.9,11.3,0.435,3.8,9.3,0.409,1.1,2.1,0.556,0.603,0.8,1.0,0.857,0.6,5.3,5.9,6.9,1.5,0.3,2.5,3.4,14.5,120.0,114,,inglejo01,10.7,0.616,0.819,0.085,1.4,11.1,6.4,18.4,1.5,0.5,17.6,12.6,1.1,1.2,2.3,0.107,-1.6,0.8,-0.7,0.3
259,Jalen Johnson,21,ATL,SF,70,6,1042,7.2,14.7,0.491,1.4,4.8,0.288,5.9,10.0,0.587,0.537,2.2,3.6,0.628,2.3,10.6,12.9,3.8,1.7,1.6,1.9,5.2,18.1,114.0,113,,johnsja05,14.1,0.554,0.323,0.242,5.3,24.6,14.8,10.4,1.7,2.8,10.3,16.0,0.8,1.3,2.1,0.099,-1.2,1.5,0.3,0.6
260,Isaiah Jackson,21,IND,C,63,12,1042,8.2,14.5,0.563,0.1,0.6,0.143,8.1,13.9,0.582,0.566,4.3,6.7,0.651,5.1,7.7,12.8,2.3,1.4,4.2,2.3,7.0,20.7,120.0,114,,jacksis01,17.5,0.595,0.044,0.459,12.1,18.0,15.0,7.0,1.4,7.7,11.8,17.4,1.5,1.2,2.7,0.124,-1.7,0.9,-0.8,0.3
261,Dyson Daniels,19,NOP,PG,59,11,1042,4.0,9.7,0.418,1.3,4.0,0.314,2.8,5.7,0.492,0.483,1.2,1.9,0.65,1.7,7.1,8.7,6.2,2.0,0.5,2.7,4.6,10.6,105.0,112,,daniedy01,8.8,0.503,0.413,0.192,3.9,16.5,10.2,16.4,2.0,1.0,20.2,11.6,-0.1,1.4,1.3,0.061,-3.4,1.6,-1.8,0.0
262,Wenyen Gabriel,25,LAL,C,68,2,1024,7.2,12.0,0.596,0.5,1.7,0.278,6.7,10.4,0.647,0.615,2.4,3.9,0.619,5.4,7.9,13.2,1.7,1.2,1.6,2.1,6.7,17.2,123.0,113,,gabriwe01,14.4,0.626,0.138,0.323,12.6,17.2,15.0,4.8,1.2,2.9,13.4,14.1,1.5,1.3,2.8,0.132,-2.3,0.1,-2.2,-0.1
263,Austin Rivers,30,MIN,SG,52,10,1016,4.3,9.8,0.435,2.0,5.8,0.35,2.2,4.0,0.558,0.538,1.4,1.8,0.769,0.2,3.6,3.9,3.5,1.3,0.2,1.1,3.7,11.9,115.0,117,,riverau01,7.4,0.564,0.589,0.187,0.6,8.4,4.6,9.3,1.3,0.3,9.2,10.5,0.5,0.8,1.3,0.061,-3.3,0.5,-2.8,-0.2
264,Hamidou Diallo,24,DET,SF,56,0,996,10.5,18.2,0.573,0.2,1.0,0.238,10.2,17.2,0.593,0.58,4.2,7.2,0.588,2.8,6.7,9.4,2.7,2.6,0.8,3.5,6.0,25.4,109.0,116,,diallha01,15.7,0.593,0.056,0.395,6.2,15.7,10.8,9.2,2.6,1.4,13.9,21.8,0.4,0.9,1.3,0.063,-1.8,0.4,-1.4,0.1
265,Will Barton,32,2TM,SG,56,2,993,6.8,17.9,0.379,3.2,8.9,0.367,3.5,9.1,0.391,0.47,1.8,2.3,0.787,0.7,6.0,6.7,5.5,1.4,0.6,2.4,2.8,18.6,102.0,117,,bartowi01,10.0,0.493,0.495,0.129,1.7,13.5,7.7,15.4,1.4,1.1,11.1,18.9,-0.4,0.8,0.4,0.021,-2.0,-0.6,-2.6,-0.2
265,Will Barton,32,WAS,SG,40,0,782,6.9,17.7,0.386,3.2,8.6,0.377,3.6,9.2,0.395,0.477,2.2,2.8,0.778,0.6,6.3,6.9,5.9,1.1,0.6,2.8,2.4,19.1,101.0,117,,bartowi01,10.0,0.504,0.484,0.158,1.5,13.8,7.9,16.5,1.1,1.1,12.9,19.4,-0.4,0.6,0.2,0.013,-1.7,-0.9,-2.7,-0.1
265,Will Barton,32,TOR,SG,16,2,211,6.6,18.5,0.354,3.3,9.8,0.333,3.3,8.7,0.378,0.443,0.5,0.5,1.0,1.2,4.9,6.1,4.0,2.6,0.7,0.7,4.0,16.9,105.0,114,,bartowi01,9.9,0.451,0.532,0.025,2.5,12.2,7.0,11.0,2.6,1.4,3.6,16.7,0.0,0.2,0.2,0.051,-2.9,0.5,-2.5,0.0
266,Marvin Bagley III,23,DET,C,42,25,990,9.9,18.7,0.529,0.9,3.2,0.288,9.0,15.5,0.579,0.554,4.0,5.3,0.75,4.6,8.6,13.2,1.8,0.9,1.5,2.3,4.0,24.7,117.0,118,,baglema01,17.2,0.587,0.173,0.283,10.2,20.2,15.1,5.9,0.9,2.7,9.7,20.4,1.3,0.7,2.0,0.095,0.3,-1.2,-0.9,0.3
267,Cam Reddish,23,2TM,SF,40,20,990,6.9,15.4,0.446,2.2,7.1,0.313,4.7,8.3,0.56,0.518,3.2,3.7,0.853,0.9,3.5,4.4,2.8,1.9,0.7,2.3,3.6,19.2,109.0,118,,reddica01,10.6,0.561,0.462,0.24,2.0,8.1,5.0,8.1,1.9,1.3,12.0,17.1,0.3,0.7,0.9,0.046,-2.6,-0.8,-3.4,-0.4
267,Cam Reddish,23,NYK,SF,20,8,438,6.9,15.3,0.449,1.9,6.3,0.304,5.0,9.0,0.55,0.511,3.3,3.7,0.879,0.8,2.7,3.5,2.3,1.7,0.9,1.7,3.6,19.0,113.0,117,,reddica01,10.6,0.558,0.412,0.243,1.7,6.0,3.9,6.3,1.7,1.7,9.1,16.2,0.3,0.4,0.7,0.071,-2.2,0.0,-2.3,0.0
267,Cam Reddish,23,POR,SF,20,12,552,6.9,15.5,0.443,2.5,7.8,0.318,4.4,7.8,0.568,0.523,3.1,3.7,0.833,1.0,4.1,5.0,3.3,2.1,0.5,2.8,3.5,19.3,105.0,119,,reddica01,10.6,0.563,0.5,0.239,2.3,9.6,5.9,9.6,2.1,1.0,14.1,17.8,0.0,0.3,0.3,0.025,-3.0,-1.4,-4.3,-0.3
268,Jock Landale,27,PHO,C,69,4,979,8.9,16.8,0.528,1.0,4.2,0.25,7.8,12.6,0.621,0.559,3.9,5.2,0.752,5.9,8.0,14.0,3.4,0.8,1.5,2.9,6.3,22.8,119.0,113,,landajo01,16.4,0.595,0.249,0.312,13.2,18.6,15.8,10.1,0.8,2.7,13.3,19.3,1.5,1.2,2.7,0.132,-0.7,-0.4,-1.1,0.2
269,Nassir Little,22,POR,SF,54,4,976,6.7,15.1,0.442,2.9,7.9,0.367,3.8,7.2,0.524,0.538,1.6,2.3,0.717,1.3,5.7,7.0,2.5,1.0,1.0,1.8,3.3,17.9,108.0,120,,littlna01,10.2,0.555,0.521,0.152,3.2,13.5,8.3,7.3,1.0,1.8,10.0,16.0,0.2,0.4,0.7,0.032,-1.6,-1.4,-3.0,-0.3
270,Usman Garuba,20,HOU,C,75,1,970,4.3,8.8,0.486,1.2,2.9,0.407,3.1,5.9,0.525,0.554,1.4,2.3,0.617,6.0,9.3,15.3,3.2,2.2,1.4,2.3,6.7,11.2,119.0,115,,garubus01,12.9,0.569,0.333,0.266,13.4,21.4,17.4,8.8,2.2,2.9,19.2,10.5,0.9,0.9,1.8,0.091,-2.0,0.6,-1.4,0.2
271,JT Thor,20,CHO,PF,69,8,969,4.7,11.7,0.399,1.9,6.0,0.317,2.8,5.6,0.487,0.481,1.6,2.3,0.702,1.8,5.7,7.5,1.8,1.1,1.1,2.2,3.2,12.9,97.0,117,,thorjt01,7.0,0.506,0.517,0.197,3.9,13.0,8.4,4.9,1.1,2.1,14.5,13.1,-0.6,0.8,0.2,0.009,-4.3,-0.4,-4.7,-0.7
272,Haywood Highsmith,26,MIA,PF,54,11,969,4.8,11.1,0.431,1.9,5.6,0.339,2.9,5.5,0.523,0.516,0.7,1.4,0.464,2.9,6.7,9.7,2.2,1.9,0.9,2.3,4.2,12.1,101.0,112,,highsha01,8.5,0.517,0.505,0.13,6.7,16.4,11.4,6.2,1.9,1.8,16.5,12.5,-0.3,1.3,0.9,0.046,-3.7,0.7,-3.1,-0.3
273,Cameron Payne,28,PHO,PG,48,15,968,9.5,22.9,0.415,3.4,9.3,0.368,6.1,13.5,0.448,0.49,2.5,3.2,0.766,0.6,4.7,5.4,10.8,1.7,0.4,4.1,4.4,24.9,106.0,115,,payneca01,13.2,0.512,0.408,0.141,1.3,11.0,6.1,32.6,1.7,0.7,14.4,24.8,0.0,1.0,1.1,0.053,-0.5,-0.7,-1.2,0.2
274,Kendrick Nunn,27,2TM,SG,70,2,964,9.5,22.4,0.424,3.9,11.1,0.354,5.6,11.3,0.493,0.512,1.7,2.0,0.854,0.7,4.7,5.4,4.5,1.4,0.3,3.3,3.3,24.7,100.0,117,,nunnke01,11.1,0.53,0.496,0.091,1.8,10.3,6.2,13.8,1.4,0.6,12.4,23.7,-0.6,0.8,0.2,0.008,-2.0,-1.5,-3.5,-0.4
274,Kendrick Nunn,27,LAL,SG,39,2,528,9.2,22.5,0.406,3.7,11.3,0.325,5.5,11.2,0.488,0.488,1.5,1.9,0.81,0.4,4.5,4.9,3.1,1.0,0.3,2.8,3.1,23.5,96.0,117,,nunnke01,8.7,0.503,0.502,0.084,1.0,9.8,5.6,9.3,1.0,0.5,10.6,23.3,-0.6,0.4,-0.2,-0.021,-3.4,-1.6,-5.0,-0.4
274,Kendrick Nunn,27,WAS,SG,31,0,436,9.9,22.2,0.447,4.2,10.8,0.392,5.7,11.4,0.5,0.543,2.0,2.2,0.9,1.1,4.9,6.0,6.3,1.9,0.4,3.9,3.5,26.1,106.0,117,,nunnke01,14.1,0.563,0.487,0.101,2.7,10.8,6.9,19.2,1.9,0.8,14.4,24.2,0.0,0.4,0.4,0.043,-0.4,-1.3,-1.6,0.0
275,Karl-Anthony Towns,27,MIN,PF,29,29,957,10.5,21.2,0.495,3.0,8.1,0.366,7.5,13.1,0.576,0.565,5.9,6.7,0.874,2.4,9.3,11.7,6.9,1.0,0.8,4.3,5.5,29.9,117.0,114,,townska01,18.8,0.618,0.383,0.315,5.7,21.6,13.8,22.0,1.0,1.5,15.0,25.6,1.5,1.1,2.7,0.133,2.1,0.9,3.0,1.2
276,Zion Williamson,22,NOP,PF,29,29,956,14.4,23.8,0.608,0.4,1.0,0.368,14.1,22.8,0.618,0.615,9.0,12.6,0.714,2.9,7.3,10.2,6.7,1.6,0.8,5.0,3.3,38.2,120.0,112,AS,willizi01,25.2,0.652,0.041,0.529,6.9,17.0,12.0,24.4,1.6,1.6,14.6,30.4,2.3,1.2,3.6,0.18,4.8,1.0,5.8,1.9
277,Kevin Knox,23,2TM,SF,63,5,952,7.8,16.9,0.458,3.3,9.5,0.349,4.4,7.4,0.596,0.556,2.3,3.1,0.767,1.7,7.3,9.0,1.7,1.2,0.6,2.6,4.8,21.2,107.0,119,,knoxke01,11.1,0.579,0.56,0.181,3.9,17.3,10.5,5.2,1.2,1.1,12.2,18.4,0.2,0.5,0.7,0.034,-2.1,-1.4,-3.5,-0.4
277,Kevin Knox,23,DET,SF,42,1,593,6.9,14.6,0.469,3.5,9.5,0.371,3.4,5.1,0.651,0.589,2.1,2.7,0.788,1.6,7.2,8.8,1.2,1.1,1.0,2.6,6.0,19.4,109.0,119,,knoxke01,10.3,0.612,0.648,0.184,3.6,17.0,10.1,3.7,1.1,1.8,14.2,16.2,0.2,0.3,0.5,0.043,-2.1,-0.6,-2.8,-0.1
277,Kevin Knox,23,POR,PF,21,4,359,9.2,20.8,0.444,3.0,9.5,0.314,6.2,11.3,0.554,0.516,2.7,3.7,0.741,1.9,7.5,9.4,2.4,1.4,0.0,2.4,2.8,24.1,105.0,120,,knoxke01,12.4,0.54,0.458,0.176,4.4,17.7,11.0,7.7,1.4,0.0,9.8,22.1,0.0,0.2,0.1,0.019,-2.0,-2.7,-4.6,-0.2
278,Cam Thomas,21,BRK,SG,57,4,948,10.4,23.5,0.441,2.6,6.8,0.383,7.7,16.6,0.464,0.497,7.8,9.0,0.868,0.4,4.5,4.9,4.0,1.0,0.4,3.2,2.8,31.1,108.0,118,,thomaca02,14.7,0.567,0.292,0.382,1.0,10.1,5.6,12.7,1.0,0.6,10.6,27.8,0.3,0.7,1.0,0.049,-0.7,-2.0,-2.7,-0.2
279,Mike Muscala,31,2TM,C,63,9,945,6.6,14.8,0.449,4.1,10.5,0.391,2.5,4.3,0.588,0.587,2.0,2.6,0.769,1.9,8.4,10.3,2.5,0.8,1.2,1.2,5.0,19.4,124.0,113,,muscami01,13.0,0.608,0.709,0.178,4.2,19.1,11.6,7.1,0.8,2.3,6.8,15.1,1.4,1.1,2.5,0.128,-0.3,-0.1,-0.4,0.4
279,Mike Muscala,31,OKC,C,43,5,622,6.8,15.5,0.438,4.3,10.8,0.394,2.5,4.7,0.541,0.576,2.4,3.0,0.795,1.8,8.6,10.3,2.9,0.8,1.5,1.1,5.3,20.2,125.0,114,,muscami01,13.8,0.602,0.7,0.192,3.9,19.7,11.6,8.2,0.8,2.8,6.0,15.7,1.0,0.7,1.7,0.134,0.3,-0.1,0.1,0.3
279,Mike Muscala,31,BOS,C,20,4,323,6.3,13.4,0.472,3.8,9.8,0.385,2.6,3.6,0.708,0.612,1.4,2.0,0.692,2.1,8.2,10.3,1.8,0.6,0.8,1.4,4.2,17.8,121.0,113,,muscami01,11.6,0.623,0.73,0.146,4.8,18.0,11.5,5.0,0.6,1.3,8.7,14.0,0.4,0.4,0.8,0.116,-1.5,0.1,-1.4,0.1
280,Maxi Kleber,31,DAL,PF,37,5,930,4.1,9.0,0.456,2.1,6.0,0.348,2.0,3.0,0.667,0.571,1.4,2.0,0.711,1.6,5.6,7.2,2.8,0.6,1.6,1.4,4.5,11.8,117.0,118,,klebima01,8.7,0.592,0.663,0.225,3.7,13.3,8.4,7.5,0.6,2.9,12.7,10.3,0.7,0.6,1.3,0.067,-2.2,0.0,-2.2,0.0
281,Yuta Watanabe,28,BRK,SF,58,1,928,6.0,12.2,0.491,3.2,7.1,0.444,2.8,5.1,0.557,0.621,1.8,2.5,0.723,1.6,5.8,7.4,2.5,1.3,0.9,1.2,4.2,16.9,125.0,116,,watanyu01,12.1,0.637,0.582,0.203,3.7,13.1,8.5,7.0,1.3,1.6,8.0,13.1,1.3,0.9,2.1,0.111,-0.4,-0.2,-0.6,0.3
282,Ish Wainright,28,PHO,SF,60,2,915,4.5,12.1,0.37,3.0,9.2,0.329,1.4,2.9,0.5,0.496,1.4,1.7,0.839,2.4,5.0,7.4,2.8,2.0,1.2,1.2,6.2,13.4,114.0,113,,wainris01,9.2,0.522,0.762,0.137,5.3,11.6,8.4,7.4,2.0,2.2,8.4,12.2,0.5,1.2,1.7,0.089,-2.7,1.5,-1.2,0.2
283,Daishen Nix,20,HOU,PG,57,7,914,4.3,12.6,0.342,2.1,7.4,0.286,2.2,5.1,0.423,0.426,1.3,1.9,0.667,1.0,4.2,5.2,7.0,1.6,0.4,4.6,3.1,12.0,88.0,121,,nixda01,5.3,0.447,0.591,0.152,2.1,9.7,5.9,19.2,1.6,0.7,25.4,15.4,-1.5,0.3,-1.2,-0.062,-5.0,-1.5,-6.5,-1.0
284,Jaylin Williams,20,OKC,C,49,36,914,5.3,12.2,0.436,2.4,5.9,0.407,2.9,6.3,0.463,0.534,2.0,2.8,0.704,2.3,10.2,12.5,3.9,1.5,0.6,1.9,5.8,15.0,115.0,112,,willija07,11.2,0.559,0.483,0.231,5.1,23.6,14.1,10.7,1.5,1.2,12.6,13.5,0.7,1.2,1.9,0.099,-2.3,0.6,-1.7,0.1
285,Chris Duarte,25,IND,SF,46,12,897,6.5,17.6,0.369,2.9,9.2,0.316,3.6,8.4,0.428,0.452,3.2,3.8,0.847,1.0,5.1,6.1,3.4,1.3,0.5,2.2,3.4,19.2,101.0,120,,duartch01,8.6,0.496,0.523,0.216,2.4,11.9,7.1,9.7,1.3,0.9,10.1,19.0,-0.5,0.4,0.0,-0.003,-2.9,-1.6,-4.5,-0.6
286,Derrick Jones Jr.,25,CHI,PF,64,0,893,6.3,12.5,0.5,1.5,4.4,0.338,4.8,8.2,0.587,0.559,3.4,4.6,0.738,3.3,5.1,8.3,1.9,1.6,2.0,1.4,4.7,17.4,122.0,112,,jonesde02,13.8,0.597,0.348,0.365,7.7,11.6,9.7,5.1,1.6,4.0,8.6,14.5,1.2,1.2,2.4,0.131,-1.2,0.8,-0.4,0.3
287,Dean Wade,26,CLE,PF,44,13,891,4.1,10.0,0.412,2.5,7.1,0.354,1.6,2.8,0.56,0.54,0.8,1.3,0.652,1.1,7.3,8.4,2.1,1.6,1.2,1.0,5.0,11.6,113.0,110,,wadede01,8.5,0.55,0.718,0.13,2.6,17.2,9.9,5.4,1.6,2.2,8.3,10.2,0.4,1.4,1.8,0.097,-2.9,2.1,-0.7,0.3
288,Vlatko Čančar,25,DEN,PF,60,9,889,5.9,12.5,0.476,2.4,6.3,0.374,3.6,6.2,0.58,0.57,2.1,2.3,0.927,1.3,5.7,7.0,4.4,1.2,0.8,2.0,4.6,16.3,119.0,116,,cancavl01,11.0,0.606,0.507,0.181,3.2,13.1,8.3,11.5,1.2,1.4,13.1,13.8,0.9,0.8,1.7,0.093,-1.7,-0.1,-1.8,0.0
289,Nickeil Alexander-Walker,24,2TM,SG,59,3,884,7.1,15.9,0.444,3.3,8.6,0.384,3.8,7.3,0.515,0.547,2.2,3.2,0.667,0.8,4.6,5.4,5.8,1.7,1.1,3.0,4.7,19.6,109.0,116,,alexani01,11.6,0.565,0.539,0.203,1.9,10.5,6.3,16.7,1.7,2.0,14.6,17.9,0.3,0.8,1.1,0.062,-1.4,0.4,-0.9,0.2
289,Nickeil Alexander-Walker,24,UTA,SG,36,3,528,7.5,15.4,0.488,3.2,7.9,0.402,4.3,7.5,0.578,0.591,2.4,3.5,0.692,0.7,4.6,5.3,6.9,2.2,1.3,4.1,5.2,20.6,111.0,116,,alexani01,13.0,0.609,0.512,0.229,1.7,10.3,6.0,19.9,2.2,2.2,19.4,18.4,0.3,0.5,0.8,0.074,-0.6,1.1,0.5,0.3
289,Nickeil Alexander-Walker,24,MIN,SG,23,0,356,6.4,16.7,0.384,3.5,9.6,0.361,2.9,7.1,0.415,0.488,1.7,2.8,0.619,0.9,4.7,5.6,4.3,1.1,0.9,1.3,4.0,18.0,106.0,116,,alexani01,9.6,0.503,0.576,0.168,2.2,10.8,6.6,12.0,1.1,1.7,6.9,17.3,0.0,0.3,0.3,0.044,-2.5,-0.5,-3.0,-0.1
290,Bismack Biyombo,30,PHO,C,61,14,874,6.7,11.5,0.578,0.0,0.0,,6.7,11.5,0.578,0.578,1.4,3.9,0.357,5.0,9.6,14.5,3.1,1.0,4.9,2.9,6.4,14.7,109.0,108,,biyombi01,14.4,0.555,0.0,0.34,11.0,22.1,16.5,8.7,1.0,9.0,17.7,14.0,0.2,1.6,1.9,0.102,-3.4,2.5,-0.9,0.2
291,Goran Dragić,36,2TM,PG,58,0,870,7.9,18.7,0.421,2.9,8.1,0.359,5.0,10.6,0.468,0.499,1.7,2.5,0.689,0.9,3.6,4.5,8.4,0.7,0.2,3.5,3.6,20.4,103.0,117,,dragigo01,10.3,0.514,0.433,0.134,2.1,8.2,5.2,24.3,0.7,0.4,15.1,21.1,-0.3,0.7,0.4,0.025,-2.1,-1.8,-3.9,-0.4
291,Goran Dragić,36,CHI,PG,51,0,787,7.9,18.5,0.425,2.8,7.9,0.352,5.1,10.6,0.48,0.5,1.7,2.5,0.659,0.8,3.5,4.3,8.6,0.7,0.2,3.5,3.9,20.2,103.0,117,,dragigo01,10.2,0.514,0.428,0.137,1.9,7.9,5.0,24.7,0.7,0.5,15.0,21.0,-0.2,0.6,0.4,0.023,-2.1,-1.6,-3.7,-0.3
291,Goran Dragić,36,MIL,PG,7,0,83,8.1,20.7,0.389,4.0,9.8,0.412,4.0,10.9,0.368,0.486,2.3,2.3,1.0,1.7,5.2,6.9,6.9,1.2,0.0,4.0,1.2,22.4,104.0,115,,dragigo01,11.4,0.516,0.472,0.111,3.9,10.9,7.5,20.2,1.2,0.0,15.6,22.7,0.0,0.1,0.1,0.037,-2.3,-2.9,-5.2,-0.1
292,James Wiseman,21,2TM,C,45,22,867,10.5,18.8,0.558,0.2,1.1,0.2,10.3,17.7,0.58,0.563,3.8,5.4,0.701,4.0,10.8,14.8,1.7,0.4,1.5,2.8,6.0,25.0,112.0,116,,wisemja01,15.6,0.589,0.059,0.286,9.2,25.2,17.0,5.5,0.4,2.7,11.8,21.2,0.7,0.7,1.4,0.077,-2.1,-1.4,-3.5,-0.3
292,James Wiseman,21,GSW,C,21,0,262,10.6,16.9,0.628,0.2,0.4,0.5,10.5,16.6,0.63,0.633,4.7,6.9,0.684,3.2,9.9,13.2,2.5,0.5,1.3,2.5,7.0,26.1,123.0,114,,wisemja01,17.1,0.655,0.021,0.404,7.7,22.7,15.3,8.0,0.5,2.4,11.2,20.0,0.5,0.3,0.8,0.144,-1.3,-0.5,-1.7,0.0
292,James Wiseman,21,DET,C,24,22,605,10.4,19.6,0.531,0.2,1.4,0.167,10.2,18.2,0.559,0.537,3.4,4.7,0.712,4.4,11.1,15.5,1.3,0.3,1.6,3.0,5.5,24.4,108.0,118,,wisemja01,15.0,0.563,0.073,0.241,9.8,26.3,17.8,4.4,0.3,2.9,12.0,21.7,0.2,0.4,0.6,0.049,-2.5,-1.8,-4.3,-0.4
293,Théo Maledon,21,CHO,PG,44,7,854,5.7,14.2,0.402,1.6,5.3,0.295,4.1,8.9,0.465,0.457,3.5,4.1,0.851,0.8,6.1,6.9,8.5,2.1,0.7,3.3,3.4,16.4,105.0,115,,maledth01,11.6,0.515,0.374,0.291,1.7,13.9,7.7,24.2,2.1,1.2,17.1,17.0,0.0,0.9,0.8,0.047,-3.0,0.5,-2.5,-0.1
294,Andre Drummond,29,CHI,C,67,0,849,9.5,15.7,0.606,0.0,0.2,0.0,9.5,15.5,0.613,0.606,3.8,7.2,0.536,7.9,17.6,25.5,1.9,2.6,1.5,4.3,6.7,22.9,113.0,103,,drumman01,20.8,0.606,0.011,0.456,18.7,40.2,29.6,5.7,2.6,3.1,18.6,21.0,0.8,2.0,2.8,0.159,-1.2,0.5,-0.8,0.3
295,Aaron Holiday,26,ATL,PG,63,6,845,5.2,12.4,0.418,2.0,5.0,0.409,3.2,7.4,0.424,0.5,1.5,1.8,0.844,1.4,2.8,4.2,5.0,2.1,0.7,2.0,4.5,13.9,110.0,117,,holidaa01,9.4,0.528,0.4,0.145,3.2,6.4,4.8,13.0,2.1,1.2,13.3,13.4,0.3,0.6,0.9,0.053,-2.9,0.9,-2.0,0.0
296,Romeo Langford,23,SAS,SG,43,21,844,6.8,14.5,0.467,0.9,3.4,0.262,5.9,11.1,0.53,0.498,2.2,3.1,0.696,3.2,3.2,6.4,2.8,1.3,0.7,1.7,3.7,16.6,110.0,122,,langfro01,10.4,0.524,0.236,0.216,7.1,7.7,7.4,7.9,1.3,1.3,9.6,15.4,0.3,0.2,0.5,0.029,-2.6,-1.5,-4.2,-0.5
297,Terence Davis,25,SAC,SG,64,5,841,8.8,20.7,0.423,5.1,13.8,0.366,3.7,6.9,0.537,0.545,1.9,2.4,0.791,1.1,6.8,7.9,3.8,2.4,0.7,3.0,5.9,24.5,106.0,114,,daviste02,12.9,0.563,0.668,0.118,2.7,16.1,9.4,11.1,2.4,1.2,12.2,22.2,0.0,0.9,0.9,0.054,-1.3,-0.3,-1.5,0.1
298,George Hill,36,2TM,SG,46,1,834,4.5,9.5,0.47,1.9,5.4,0.358,2.5,4.1,0.62,0.572,2.4,3.1,0.764,0.9,4.0,4.9,6.3,1.5,0.3,1.9,3.1,13.3,124.0,115,,hillge01,10.6,0.61,0.572,0.331,2.0,8.6,5.4,16.7,1.5,0.6,15.2,11.3,1.1,0.8,1.9,0.107,-2.4,0.9,-1.5,0.1
298,George Hill,36,MIL,PG,35,0,668,4.2,9.4,0.447,1.6,5.3,0.311,2.6,4.1,0.621,0.534,2.4,3.3,0.739,0.9,3.9,4.8,6.4,1.4,0.2,1.9,2.9,12.5,121.0,115,,hillge01,9.8,0.575,0.561,0.348,2.1,8.1,5.2,16.8,1.4,0.4,15.1,11.3,0.7,0.7,1.4,0.1,-2.8,1.2,-1.7,0.0
298,George Hill,36,IND,SG,11,1,166,5.4,9.7,0.559,3.1,6.0,0.524,2.3,3.7,0.615,0.721,2.3,2.6,0.889,0.6,4.6,5.1,6.0,2.0,0.9,2.0,4.0,16.3,138.0,118,,hillge01,14.1,0.751,0.618,0.265,1.3,10.7,6.0,16.7,2.0,1.6,15.6,11.4,0.4,0.1,0.5,0.136,-0.6,0.0,-0.6,0.1
299,Mark Williams,21,CHO,C,43,17,828,9.2,14.4,0.637,0.0,0.0,,9.2,14.4,0.637,0.637,3.9,5.6,0.691,5.3,12.1,17.5,1.0,1.6,2.6,2.3,5.4,22.2,125.0,110,,willima07,19.8,0.659,0.0,0.386,11.7,27.7,19.6,3.3,1.6,4.7,12.0,17.0,1.5,1.3,2.8,0.163,-0.5,0.6,0.1,0.4
300,Robert Williams,25,BOS,C,35,20,824,7.5,10.1,0.747,0.0,0.1,0.0,7.5,10.0,0.751,0.747,1.5,2.4,0.61,6.2,11.1,17.3,3.0,1.3,2.8,2.0,4.0,16.5,143.0,107,,williro04,19.8,0.742,0.006,0.241,14.0,24.5,19.3,8.5,1.3,5.0,15.3,11.8,2.3,1.6,3.8,0.224,1.0,2.4,3.3,1.1
301,Wesley Matthews,36,MIL,SF,52,0,820,3.4,9.3,0.363,2.3,7.2,0.315,1.1,2.1,0.528,0.484,1.4,1.6,0.857,2.0,4.6,6.6,2.0,1.2,0.8,1.0,4.1,10.4,113.0,114,,matthwe02,7.0,0.519,0.775,0.175,4.5,9.7,7.2,5.1,1.2,1.3,9.5,9.8,0.3,0.9,1.2,0.073,-3.4,0.8,-2.7,-0.1
302,Moses Moody,20,GSW,SG,63,3,817,6.2,13.1,0.476,2.8,7.8,0.363,3.4,5.3,0.641,0.584,2.1,3.1,0.698,1.6,4.5,6.1,2.9,1.0,0.4,2.0,3.1,17.5,116.0,117,,moodymo01,10.3,0.603,0.595,0.233,3.8,10.2,7.1,8.2,1.0,0.8,12.0,14.6,0.7,0.6,1.3,0.076,-1.7,-0.9,-2.6,-0.1
303,Rudy Gay,36,UTA,PF,56,0,816,6.4,16.8,0.38,1.9,7.6,0.254,4.4,9.2,0.484,0.437,2.5,2.9,0.857,1.9,7.6,9.5,3.3,1.1,1.1,2.2,4.0,17.2,101.0,117,,gayru01,9.0,0.475,0.453,0.171,4.4,17.0,10.8,9.4,1.1,1.9,10.7,17.7,-0.4,0.7,0.3,0.018,-3.6,-0.4,-4.0,-0.4
304,Ty Jerome,25,GSW,SG,45,2,816,6.8,14.0,0.488,2.0,5.2,0.389,4.8,8.8,0.546,0.56,2.2,2.4,0.927,0.4,4.1,4.5,7.8,1.3,0.3,1.7,3.7,17.9,126.0,117,,jeromty01,12.8,0.594,0.372,0.169,1.0,9.4,5.3,22.1,1.3,0.5,10.3,14.9,1.4,0.7,2.1,0.124,-1.1,0.3,-0.8,0.3
305,Jeremiah Robinson-Earl,22,OKC,PF,43,20,814,6.4,14.5,0.444,2.2,6.5,0.333,4.3,8.0,0.533,0.518,2.0,2.5,0.833,4.1,6.4,10.5,2.5,1.4,0.6,1.1,4.1,17.0,121.0,115,,robinje02,13.0,0.548,0.448,0.169,9.2,14.7,11.9,7.0,1.4,1.2,6.7,14.6,1.1,0.8,1.9,0.111,-0.8,-0.7,-1.5,0.1
306,Jericho Sims,24,NYK,C,52,16,812,5.1,6.5,0.776,0.0,0.1,0.0,5.1,6.5,0.783,0.776,0.7,1.0,0.75,6.0,8.7,14.7,1.5,0.9,1.7,1.6,5.8,10.8,146.0,114,,simsje01,13.8,0.78,0.009,0.15,13.3,19.4,16.4,4.0,0.9,3.2,19.1,7.4,1.6,0.9,2.6,0.153,-1.0,0.5,-0.5,0.3
307,Caleb Houstan,20,ORL,SF,51,4,812,3.9,10.8,0.363,2.7,8.1,0.338,1.2,2.7,0.435,0.489,0.9,1.1,0.833,2.0,3.9,5.9,1.8,0.7,0.4,1.1,3.7,11.5,108.0,118,,houstca01,6.2,0.508,0.747,0.099,4.7,9.1,6.9,4.9,0.7,0.8,8.7,11.0,0.1,0.5,0.7,0.039,-3.1,-0.9,-4.0,-0.4
308,Danuel House Jr.,29,PHI,SF,56,5,807,5.7,12.1,0.472,2.3,6.8,0.336,3.4,5.3,0.644,0.566,2.8,3.7,0.75,0.6,5.2,5.8,2.7,0.9,0.6,1.6,4.2,16.5,115.0,116,,houseda01,9.4,0.6,0.558,0.305,1.3,12.2,6.9,7.5,0.9,1.0,10.4,13.8,0.6,0.7,1.3,0.075,-2.5,-0.5,-3.0,-0.2
309,Landry Shamet,25,PHO,SG,40,9,807,6.8,18.2,0.377,4.5,12.1,0.377,2.3,6.1,0.376,0.502,2.7,3.1,0.882,0.7,3.4,4.1,5.6,1.6,0.3,2.2,3.7,21.0,111.0,116,,shamela01,10.9,0.537,0.663,0.17,1.5,7.9,4.6,15.7,1.6,0.6,10.0,18.9,0.5,0.7,1.2,0.071,-1.1,-0.3,-1.4,0.1
310,Dario Šarić,28,2TM,C,57,12,806,7.6,16.6,0.458,2.7,6.9,0.391,4.9,9.7,0.506,0.54,3.8,4.6,0.829,3.2,9.2,12.4,4.4,1.2,0.4,3.3,5.9,21.7,113.0,113,,saricda01,13.5,0.583,0.415,0.274,7.1,21.4,14.1,12.7,1.2,0.8,15.1,19.2,0.7,1.0,1.7,0.099,-1.5,0.1,-1.4,0.1
310,Dario Šarić,28,PHO,PF,37,12,533,7.0,16.3,0.427,2.5,6.3,0.391,4.5,10.0,0.45,0.503,3.3,4.0,0.818,3.6,9.4,13.0,5.2,1.2,0.5,3.3,6.3,19.7,110.0,113,,saricda01,12.3,0.545,0.388,0.247,7.9,21.9,14.8,14.6,1.2,0.8,15.4,18.7,0.3,0.7,0.9,0.085,-2.3,0.3,-2.0,0.0
310,Dario Šarić,28,OKC,C,20,0,273,8.9,17.2,0.515,3.1,8.0,0.391,5.7,9.2,0.623,0.606,4.7,5.6,0.844,2.4,8.9,11.3,3.0,1.2,0.3,3.3,5.2,25.6,119.0,114,,saricda01,15.9,0.65,0.465,0.323,5.4,20.5,12.8,8.9,1.2,0.7,14.4,20.2,0.4,0.3,0.7,0.127,0.1,-0.2,-0.2,0.1
311,Luke Kornet,27,BOS,C,69,0,804,6.9,10.3,0.665,0.2,0.8,0.231,6.7,9.5,0.701,0.674,1.9,2.4,0.821,5.2,6.7,11.9,3.2,0.7,2.8,1.5,4.9,15.8,143.0,111,,kornelu01,16.7,0.697,0.076,0.229,11.9,14.8,13.4,9.1,0.7,4.9,11.8,11.5,2.1,1.2,3.3,0.198,-0.4,1.3,1.0,0.6
312,Christian Koloko,22,TOR,C,58,19,802,4.4,9.2,0.48,0.1,0.7,0.083,4.4,8.5,0.514,0.483,2.3,3.6,0.627,5.2,5.4,10.5,1.9,1.3,3.5,1.2,7.9,11.2,119.0,113,,kolokch01,11.4,0.517,0.08,0.393,11.1,13.3,12.1,5.0,1.3,6.9,10.2,10.4,0.7,1.0,1.7,0.104,-4.3,0.8,-3.5,-0.3
313,Khris Middleton,31,MIL,SF,33,19,801,10.6,24.2,0.436,3.0,9.7,0.315,7.5,14.5,0.516,0.499,5.5,6.1,0.902,1.7,6.7,8.3,9.7,1.4,0.3,4.2,4.1,29.6,113.0,113,,middlkh01,17.4,0.551,0.399,0.251,3.8,14.0,9.1,30.7,1.4,0.5,13.6,27.4,1.0,1.0,1.9,0.117,1.0,-0.3,0.8,0.6
314,JaMychal Green,32,GSW,PF,57,1,797,8.1,14.9,0.54,2.5,6.6,0.378,5.6,8.4,0.667,0.623,3.1,4.0,0.776,4.3,7.9,12.1,3.0,1.5,1.4,3.1,6.2,21.7,121.0,113,,greenja01,15.5,0.65,0.44,0.266,10.1,18.0,14.1,8.9,1.5,2.5,15.6,17.5,1.2,1.0,2.2,0.133,-0.7,0.2,-0.5,0.3
315,Thaddeus Young,34,TOR,PF,54,9,795,6.7,12.3,0.545,0.4,2.1,0.176,6.3,10.2,0.622,0.561,1.1,1.6,0.692,4.4,5.9,10.3,4.7,3.4,0.3,2.6,5.5,14.9,117.0,112,,youngth01,14.1,0.573,0.172,0.131,9.4,14.6,11.8,12.9,3.4,0.6,16.7,13.5,0.7,1.1,1.8,0.109,-1.8,1.9,0.1,0.4
316,Bryce McGowens,20,CHO,SG,46,7,787,4.8,12.2,0.396,1.6,4.8,0.325,3.3,7.4,0.443,0.46,3.6,4.8,0.75,1.2,4.4,5.6,3.3,0.9,0.4,2.6,2.9,14.9,100.0,119,,mcgowbr01,7.2,0.519,0.396,0.396,2.7,10.1,6.3,9.1,0.9,0.7,15.3,15.0,-0.4,0.4,0.1,0.005,-4.6,-1.4,-6.0,-0.8
317,Josh Christopher,21,HOU,SG,64,2,786,9.4,20.3,0.465,1.3,5.5,0.236,8.1,14.8,0.55,0.497,2.8,3.7,0.75,1.2,3.1,4.4,4.5,2.0,0.9,3.7,3.6,22.9,102.0,120,,chrisjo01,11.5,0.523,0.271,0.182,2.8,7.2,5.0,14.3,2.0,1.9,14.4,21.9,-0.3,0.3,0.0,-0.001,-3.0,-1.4,-4.3,-0.5
318,Robert Covington,32,LAC,PF,48,0,779,6.4,14.4,0.445,3.4,8.6,0.397,3.0,5.8,0.516,0.563,1.9,2.5,0.75,1.9,8.5,10.4,3.6,2.4,2.1,2.0,5.4,18.1,116.0,110,,covinro01,14.2,0.584,0.594,0.175,4.5,19.2,11.9,10.2,2.4,3.7,11.5,15.6,0.7,1.2,1.9,0.117,-0.5,2.1,1.7,0.7
319,Justise Winslow,26,POR,PF,29,11,776,5.1,12.4,0.409,0.9,2.8,0.311,4.2,9.6,0.438,0.444,1.3,1.8,0.714,3.1,6.0,9.1,6.2,1.9,0.7,2.7,5.6,12.3,104.0,118,,winslju01,9.3,0.466,0.227,0.141,7.2,14.3,10.7,17.2,1.9,1.3,17.0,14.2,-0.1,0.5,0.4,0.022,-3.4,0.6,-2.8,-0.2
320,Mo Bamba,24,2TM,C,49,7,769,7.3,15.1,0.485,3.0,7.8,0.387,4.3,7.3,0.59,0.585,2.6,3.9,0.661,3.6,10.5,14.1,2.9,0.8,2.7,1.9,6.6,20.3,121.0,111,,bambamo01,15.7,0.602,0.515,0.257,8.5,24.2,16.4,8.7,0.8,5.3,10.1,16.6,1.1,1.1,2.2,0.139,-0.2,0.7,0.5,0.5
320,Mo Bamba,24,ORL,C,40,6,681,7.5,15.2,0.495,3.1,7.7,0.398,4.5,7.5,0.594,0.596,2.5,3.6,0.686,3.3,9.7,13.1,3.0,0.9,2.7,1.6,6.1,20.6,125.0,112,,bambamo01,16.3,0.613,0.505,0.238,7.8,22.8,15.3,9.0,0.9,5.4,8.5,16.3,1.2,0.9,2.1,0.15,0.4,0.9,1.3,0.6
320,Mo Bamba,24,LAL,C,9,1,88,5.9,14.5,0.407,2.7,8.6,0.313,3.2,5.9,0.545,0.5,3.2,5.9,0.545,5.9,16.2,22.1,2.2,0.5,2.7,4.3,10.2,17.8,100.0,108,,bambamo01,11.4,0.518,0.593,0.407,13.9,35.3,24.9,6.0,0.5,4.8,20.1,19.1,-0.1,0.2,0.1,0.054,-5.3,-0.2,-5.5,-0.1
321,Simone Fontecchio,27,UTA,SF,52,6,766,7.2,19.5,0.369,3.9,11.9,0.33,3.2,7.5,0.43,0.47,2.2,2.7,0.795,1.9,3.4,5.4,2.6,0.9,0.5,2.4,3.9,20.5,101.0,120,,fontesi01,8.0,0.495,0.612,0.141,4.4,7.7,6.1,7.5,0.9,0.9,10.5,20.2,-0.4,0.3,-0.1,-0.004,-3.0,-2.1,-5.2,-0.6
322,Miles McBride,22,NYK,PG,64,2,760,5.0,14.0,0.358,2.6,8.7,0.299,2.4,5.3,0.457,0.451,1.8,2.7,0.667,0.8,2.4,3.3,4.7,2.4,0.5,1.6,3.9,14.4,106.0,116,,mcbrimi01,8.4,0.475,0.623,0.195,1.9,5.4,3.6,12.4,2.4,1.0,9.7,14.6,0.0,0.7,0.7,0.047,-3.6,1.4,-2.3,-0.1
323,Paul Reed,23,PHI,C,69,2,755,8.1,13.7,0.593,0.1,0.4,0.167,8.1,13.3,0.606,0.596,2.5,3.3,0.745,7.3,9.8,17.2,1.8,3.0,3.3,3.0,8.1,18.8,122.0,105,,reedpa01,19.2,0.62,0.029,0.244,17.8,23.1,20.5,5.3,3.0,6.3,16.3,16.4,1.2,1.6,2.8,0.18,-1.6,1.5,-0.1,0.4
324,John Wall,32,LAC,PG,34,3,755,9.0,21.9,0.408,2.1,7.1,0.303,6.8,14.9,0.459,0.457,5.0,7.3,0.681,0.9,5.1,6.0,11.5,1.8,0.8,5.2,3.8,25.0,102.0,115,,walljo01,13.6,0.498,0.322,0.334,2.1,11.4,6.8,35.3,1.8,1.4,17.1,27.0,-0.4,0.7,0.3,0.02,-0.8,-0.4,-1.2,0.1
325,R.J. Hampton,21,2TM,SG,47,3,750,6.6,15.3,0.43,2.6,7.5,0.353,3.9,7.8,0.504,0.517,3.7,4.9,0.75,1.2,4.5,5.6,3.5,1.7,0.6,2.7,3.3,19.5,107.0,118,,hamptrj01,10.8,0.558,0.489,0.321,2.6,10.5,6.5,10.4,1.7,1.1,13.4,17.8,0.1,0.5,0.7,0.042,-2.3,-0.6,-2.9,-0.2
325,R.J. Hampton,21,ORL,SG,26,0,361,6.7,15.3,0.439,2.4,7.1,0.34,4.3,8.2,0.525,0.518,4.2,5.0,0.838,1.2,4.0,5.2,4.6,2.1,0.5,2.8,2.9,19.9,111.0,115,,hamptrj01,12.5,0.572,0.465,0.325,2.8,9.4,6.1,13.4,2.1,1.1,13.9,18.0,0.2,0.4,0.6,0.077,-1.5,0.3,-1.2,0.1
325,R.J. Hampton,21,DET,SG,21,3,389,6.5,15.3,0.423,2.9,7.8,0.365,3.6,7.5,0.483,0.516,3.2,4.9,0.667,1.1,4.9,6.0,2.5,1.4,0.6,2.6,3.6,19.1,103.0,120,,hamptrj01,9.3,0.546,0.512,0.317,2.5,11.5,6.8,7.5,1.4,1.1,13.0,17.6,-0.1,0.2,0.1,0.01,-3.0,-1.4,-4.4,-0.2
326,Edmond Sumner,27,BRK,SG,53,12,736,8.2,17.8,0.461,2.1,5.8,0.356,6.2,12.1,0.511,0.519,6.6,7.2,0.917,0.9,4.4,5.2,4.5,2.1,0.7,3.3,5.5,25.1,112.0,115,,sumneed01,14.0,0.597,0.323,0.401,2.0,9.9,6.0,13.3,2.1,1.2,13.6,22.1,0.6,0.7,1.3,0.086,-2.4,-0.2,-2.6,-0.1
327,Zeke Nnaji,22,DEN,PF,53,5,728,7.4,13.2,0.561,1.1,4.4,0.262,6.2,8.8,0.71,0.605,2.7,4.2,0.645,4.4,4.9,9.3,1.2,1.1,1.5,2.1,7.1,18.6,120.0,115,,nnajize01,12.5,0.62,0.332,0.316,10.5,11.2,10.9,3.3,1.1,2.8,12.2,15.2,0.9,0.7,1.6,0.106,-2.7,-0.9,-3.7,-0.3
328,Jaden Hardy,20,DAL,SG,48,5,708,10.3,23.4,0.438,4.4,11.0,0.404,5.8,12.4,0.469,0.533,4.6,5.5,0.823,0.8,5.5,6.2,4.6,1.2,0.5,3.2,4.5,29.5,108.0,118,,hardyja02,14.6,0.571,0.468,0.237,1.8,13.0,7.3,14.9,1.2,0.9,11.1,26.4,0.2,0.5,0.7,0.048,-0.4,-1.9,-2.3,0.0
329,Justin Holiday,33,2TM,SF,46,2,706,5.3,14.0,0.377,3.2,9.8,0.322,2.1,4.2,0.508,0.49,0.3,0.5,0.625,0.3,3.4,3.8,2.8,1.3,1.3,1.5,4.7,14.1,99.0,118,,holidju01,6.6,0.494,0.701,0.039,0.8,8.1,4.4,7.5,1.3,2.3,9.6,14.1,-0.4,0.5,0.1,0.008,-3.7,-0.1,-3.9,-0.3
329,Justin Holiday,33,ATL,SF,28,0,411,5.6,14.5,0.384,3.5,10.1,0.345,2.1,4.4,0.474,0.504,0.0,0.0,,0.2,2.4,2.7,2.9,0.6,1.2,1.4,4.3,14.6,102.0,120,,holidju01,6.1,0.504,0.696,0.0,0.5,5.7,3.1,7.6,0.6,2.1,8.8,14.0,-0.1,0.2,0.1,0.007,-3.1,-0.6,-3.7,-0.2
329,Justin Holiday,33,DAL,SF,18,2,295,4.9,13.3,0.367,2.7,9.4,0.286,2.2,3.9,0.565,0.468,0.8,1.3,0.625,0.5,4.9,5.4,2.7,2.4,1.5,1.7,5.2,13.3,94.0,114,,holidju01,7.4,0.479,0.709,0.101,1.2,11.6,6.3,7.5,2.4,2.7,10.8,14.2,-0.3,0.3,0.1,0.009,-4.6,0.5,-4.1,-0.2
330,MarJon Beauchamp,22,MIL,SF,52,11,701,6.5,16.6,0.395,3.2,9.7,0.331,3.3,6.9,0.485,0.492,1.8,2.5,0.73,2.6,5.2,7.8,2.4,1.4,0.5,3.1,4.8,18.1,99.0,113,,beaucma01,8.2,0.513,0.584,0.152,5.9,11.0,8.5,6.7,1.4,0.8,14.8,18.3,-0.4,0.8,0.4,0.027,-4.1,-0.6,-4.8,-0.5
331,Aleksej Pokusevski,21,OKC,PF,34,25,701,7.3,16.9,0.434,2.6,7.0,0.365,4.7,9.8,0.483,0.51,1.5,2.4,0.629,3.0,7.7,10.8,4.3,1.4,2.9,2.9,3.9,18.7,105.0,112,,pokusal01,13.4,0.522,0.418,0.141,6.8,17.8,12.2,12.4,1.4,5.7,14.0,18.3,0.0,1.0,1.0,0.066,-1.0,1.0,0.0,0.3
332,Juan Toscano-Anderson,29,2TM,SF,52,9,700,4.3,9.7,0.448,0.5,2.9,0.186,3.8,6.8,0.56,0.476,1.3,1.6,0.792,1.9,6.5,8.4,4.4,1.1,0.7,2.3,5.4,10.5,104.0,116,,toscaju01,7.2,0.505,0.301,0.168,4.4,14.4,9.5,11.8,1.1,1.2,18.1,11.3,-0.1,0.6,0.5,0.038,-4.6,0.8,-3.8,-0.3
332,Juan Toscano-Anderson,29,LAL,SF,30,7,365,4.3,8.6,0.5,0.5,2.6,0.2,3.8,6.0,0.63,0.53,1.4,1.9,0.733,1.8,6.1,7.9,3.2,1.3,0.9,2.2,6.0,10.5,107.0,114,,toscaju01,7.5,0.558,0.303,0.227,4.3,13.3,8.9,8.6,1.3,1.6,19.0,10.4,0.0,0.4,0.4,0.055,-4.6,1.2,-3.4,-0.1
332,Juan Toscano-Anderson,29,UTA,SF,22,2,335,4.4,11.0,0.403,0.6,3.3,0.174,3.8,7.7,0.5,0.429,1.1,1.3,0.889,2.0,7.0,9.0,5.7,0.9,0.4,2.4,4.8,10.6,102.0,118,,toscaju01,6.9,0.457,0.299,0.117,4.6,15.6,10.2,15.2,0.9,0.8,17.4,12.2,-0.1,0.2,0.1,0.019,-4.7,0.4,-4.3,-0.2
333,Malachi Flynn,24,TOR,PG,53,2,691,6.2,17.3,0.36,3.4,9.5,0.353,2.9,7.8,0.367,0.457,1.8,2.4,0.758,1.1,4.4,5.4,5.0,1.5,0.3,1.8,4.7,17.6,105.0,117,,flynnma01,8.7,0.479,0.55,0.136,2.3,10.8,6.2,13.7,1.5,0.6,8.9,17.4,0.0,0.5,0.5,0.034,-3.3,-0.8,-4.1,-0.4
334,Duncan Robinson,28,MIA,SF,42,1,691,6.4,17.1,0.371,4.5,13.9,0.328,1.8,3.2,0.556,0.504,2.1,2.3,0.906,0.6,4.4,5.0,3.3,1.0,0.0,2.0,5.6,19.3,105.0,117,,robindu01,7.8,0.534,0.81,0.135,1.3,10.7,5.9,9.7,1.0,0.0,10.0,17.9,-0.1,0.6,0.5,0.035,-3.5,-1.5,-5.0,-0.5
335,Chimezie Metu,25,SAC,PF,66,0,689,9.0,15.2,0.589,0.6,2.6,0.237,8.3,12.6,0.663,0.61,3.8,5.1,0.74,3.3,10.5,13.8,2.8,1.5,1.5,2.2,5.6,22.3,124.0,113,,metuch01,17.3,0.639,0.174,0.333,7.8,24.9,16.4,8.1,1.5,2.7,11.3,17.6,1.2,0.8,2.1,0.143,-0.3,0.2,-0.1,0.3
336,T.J. Warren,29,2TM,PF,42,0,687,9.4,19.2,0.489,1.6,4.8,0.328,7.8,14.4,0.542,0.53,2.0,2.5,0.8,1.8,6.8,8.6,2.8,1.6,0.9,1.4,4.6,22.3,111.0,114,,warretj01,13.5,0.55,0.248,0.13,4.2,15.4,9.8,8.7,1.6,1.5,6.5,19.5,0.4,0.8,1.2,0.081,-1.7,-0.2,-2.0,0.0
336,T.J. Warren,29,BRK,PF,26,0,490,10.2,19.9,0.51,1.6,4.8,0.333,8.6,15.1,0.566,0.55,2.7,3.3,0.818,1.3,5.9,7.2,2.9,1.5,0.7,1.7,4.5,24.6,112.0,115,,warretj01,14.3,0.576,0.24,0.165,3.1,13.2,8.3,9.1,1.5,1.2,7.3,20.9,0.3,0.5,0.8,0.081,-1.4,-0.6,-2.0,0.0
336,T.J. Warren,29,PHO,SF,16,0,197,7.4,17.4,0.429,1.5,4.7,0.316,6.0,12.7,0.471,0.471,0.2,0.5,0.5,3.2,8.9,12.2,2.7,1.7,1.2,0.7,5.0,16.6,108.0,111,,warretj01,11.6,0.473,0.271,0.029,7.2,20.7,13.8,7.7,1.7,2.3,4.1,16.0,0.0,0.3,0.3,0.08,-2.5,0.6,-1.9,0.0
337,Garrison Mathews,26,2TM,SG,54,0,686,5.1,14.2,0.363,4.4,12.7,0.35,0.7,1.5,0.476,0.52,3.4,3.7,0.906,0.8,4.4,5.1,1.8,1.7,0.4,1.3,4.4,18.1,119.0,121,,mathega01,9.7,0.573,0.896,0.264,1.7,10.0,5.8,5.1,1.7,0.7,7.8,14.7,0.7,0.3,1.0,0.067,-2.0,-0.4,-2.4,-0.1
337,Garrison Mathews,26,HOU,SG,45,0,602,4.8,13.7,0.353,4.3,12.5,0.342,0.6,1.2,0.467,0.509,3.3,3.6,0.911,0.8,4.2,5.0,1.9,1.9,0.3,1.4,4.5,17.2,117.0,121,,mathega01,9.1,0.564,0.912,0.265,1.8,9.6,5.7,5.1,1.9,0.6,8.7,14.3,0.5,0.2,0.7,0.058,-2.3,-0.2,-2.5,-0.1
337,Garrison Mathews,26,ATL,SG,9,0,84,7.4,17.6,0.419,5.7,14.2,0.4,1.7,3.4,0.5,0.581,4.0,4.5,0.875,0.6,5.7,6.2,1.7,0.6,0.6,0.6,3.4,24.4,129.0,119,,mathega01,14.0,0.623,0.806,0.258,1.3,13.2,7.2,4.7,0.6,1.0,2.8,17.8,0.2,0.0,0.2,0.127,0.7,-2.4,-1.7,0.0
338,Montrezl Harrell,29,PHI,C,57,7,681,9.1,15.2,0.598,0.0,0.4,0.0,9.1,14.8,0.616,0.598,5.1,7.3,0.693,4.9,6.7,11.6,2.4,1.2,1.8,2.5,5.5,23.3,124.0,113,,harremo01,17.6,0.631,0.029,0.483,11.8,15.7,13.8,7.4,1.2,3.4,12.1,18.9,1.3,0.8,2.2,0.153,-0.9,-0.4,-1.3,0.1
339,Jordan McLaughlin,26,MIN,PG,43,0,678,4.3,10.2,0.421,1.7,5.5,0.308,2.6,4.7,0.552,0.503,1.1,1.3,0.833,1.1,3.3,4.3,10.4,2.2,0.3,2.3,2.0,11.3,118.0,115,,mclaujo01,11.8,0.526,0.538,0.124,2.5,7.6,5.1,27.4,2.2,0.5,17.7,11.7,0.7,0.6,1.3,0.094,-1.3,0.6,-0.7,0.2
340,Jae'Sean Tate,27,HOU,SF,31,7,677,7.9,16.4,0.48,0.9,3.3,0.283,6.9,13.1,0.53,0.509,3.6,4.9,0.725,2.9,5.5,8.4,6.0,1.5,0.5,3.4,7.6,20.3,111.0,120,,tateja01,12.2,0.546,0.201,0.301,6.6,12.6,9.6,18.2,1.5,1.0,15.3,18.8,0.4,0.3,0.7,0.049,-2.8,-0.7,-3.5,-0.3
341,Blake Wesley,19,SAS,SG,37,1,669,4.9,15.2,0.321,1.4,3.7,0.385,3.5,11.5,0.301,0.367,1.8,3.1,0.591,0.8,4.9,5.7,6.9,1.8,0.4,4.6,4.7,13.0,80.0,121,,weslebl01,3.5,0.393,0.242,0.205,1.9,11.7,6.6,18.6,1.8,0.6,21.7,18.5,-1.9,0.3,-1.6,-0.114,-7.9,-1.8,-9.6,-1.3
342,Sandro Mamukelashvili,23,2TM,C,43,7,660,7.0,16.5,0.422,2.2,7.1,0.303,4.8,9.4,0.511,0.487,2.8,4.1,0.684,5.0,8.3,13.3,4.5,1.0,0.9,2.5,3.7,18.9,111.0,117,,mamuksa01,13.4,0.516,0.43,0.248,11.2,19.0,15.1,12.8,1.0,1.5,12.1,18.2,0.4,0.5,0.9,0.063,-1.1,-1.3,-2.4,-0.1
342,Sandro Mamukelashvili,23,MIL,C,24,0,217,4.2,12.8,0.328,1.5,7.0,0.219,2.6,5.7,0.462,0.388,2.6,4.0,0.667,4.0,8.4,12.3,3.5,0.9,1.1,2.0,4.2,12.5,102.0,112,,mamuksa01,8.5,0.432,0.552,0.31,9.0,17.6,13.4,9.3,0.9,1.9,12.0,14.5,-0.1,0.3,0.2,0.049,-4.0,0.4,-3.6,-0.1
342,Sandro Mamukelashvili,23,SAS,C,19,7,443,8.3,18.3,0.453,2.5,7.1,0.343,5.9,11.2,0.524,0.52,2.9,4.2,0.692,5.5,8.2,13.8,4.9,1.1,0.7,2.8,3.5,22.0,114.0,120,,mamuksa01,15.9,0.545,0.39,0.227,12.3,19.7,15.9,14.6,1.1,1.3,12.1,20.1,0.4,0.2,0.6,0.07,0.3,-2.1,-1.8,0.0
343,Eugene Omoruyi,25,2TM,SF,40,6,645,7.5,17.0,0.443,1.9,6.6,0.281,5.7,10.4,0.547,0.498,3.8,5.6,0.68,3.2,5.1,8.3,2.1,2.1,0.2,2.5,6.8,20.7,106.0,117,,omorueu01,10.9,0.533,0.39,0.329,7.1,11.8,9.4,6.3,2.1,0.4,11.5,19.3,0.1,0.5,0.6,0.042,-3.5,-0.9,-4.4,-0.4
343,Eugene Omoruyi,25,OKC,SF,23,2,272,7.7,16.4,0.468,1.4,5.4,0.258,6.3,11.0,0.571,0.511,3.0,4.9,0.607,3.8,5.2,9.1,1.9,2.4,0.0,2.8,8.0,19.7,105.0,114,,omorueu01,10.6,0.531,0.33,0.298,8.5,12.1,10.3,5.6,2.4,0.0,13.1,18.8,0.0,0.3,0.3,0.052,-4.4,-0.5,-4.9,-0.2
343,Eugene Omoruyi,25,DET,SF,17,4,373,7.4,17.4,0.425,2.2,7.5,0.293,5.2,9.9,0.526,0.489,4.4,6.1,0.723,2.7,4.9,7.7,2.2,1.8,0.4,2.3,5.8,21.4,107.0,119,,omorueu01,11.2,0.533,0.433,0.351,6.1,11.6,8.8,6.8,1.8,0.7,10.4,19.7,0.1,0.2,0.3,0.034,-2.9,-1.2,-4.1,-0.2
344,Payton Pritchard,25,BOS,PG,48,3,643,7.7,18.6,0.412,4.2,11.7,0.364,3.4,6.9,0.495,0.527,0.9,1.2,0.75,1.9,4.8,6.7,4.9,1.1,0.1,3.0,2.8,20.5,105.0,115,,pritcpa01,10.3,0.536,0.629,0.065,4.3,10.5,7.5,14.0,1.1,0.1,13.7,19.8,-0.1,0.7,0.6,0.045,-2.1,-1.2,-3.4,-0.2
345,Amir Coffey,25,LAC,SF,50,9,625,4.4,11.4,0.386,0.9,3.1,0.275,3.5,8.2,0.429,0.424,3.8,4.9,0.778,1.3,2.8,4.2,4.2,0.5,0.4,1.6,3.9,13.5,108.0,120,,coffeam01,7.0,0.498,0.276,0.434,3.1,6.4,4.7,11.2,0.5,0.7,10.8,13.5,0.1,0.3,0.4,0.033,-4.3,-0.7,-5.0,-0.5
346,Anthony Gill,30,WAS,PF,59,8,624,5.5,10.3,0.538,0.3,2.3,0.138,5.2,8.0,0.65,0.553,3.8,5.2,0.731,2.9,4.8,7.7,2.7,0.5,0.9,1.2,5.5,15.2,127.0,119,,gillan01,11.1,0.604,0.22,0.508,6.9,10.6,8.8,7.2,0.5,1.6,8.5,12.3,1.0,0.4,1.3,0.101,-2.4,-0.9,-3.3,-0.2
347,Jabari Walker,20,POR,SF,56,0,619,6.5,15.6,0.419,1.3,4.4,0.286,5.3,11.2,0.472,0.46,2.7,3.5,0.756,3.8,6.5,10.3,2.7,0.8,1.0,2.3,5.4,17.0,104.0,120,,walkeja01,9.6,0.496,0.283,0.227,8.8,15.5,12.2,7.8,0.8,1.9,11.8,17.3,-0.1,0.3,0.2,0.015,-3.9,-2.1,-6.1,-0.6
348,Darius Bazley,22,2TM,C,43,1,616,6.4,14.2,0.454,1.5,4.1,0.377,4.9,10.1,0.485,0.508,2.9,5.4,0.543,2.6,8.0,10.7,2.9,1.7,2.6,2.1,3.4,17.3,107.0,111,,bazleda01,13.1,0.524,0.29,0.383,5.8,18.5,12.1,8.3,1.7,5.1,11.2,16.4,0.1,0.9,1.0,0.078,-2.0,1.0,-1.0,0.2
348,Darius Bazley,22,OKC,C,36,1,555,6.1,13.5,0.449,1.5,3.9,0.4,4.5,9.7,0.469,0.506,3.1,5.6,0.554,2.5,8.0,10.4,2.7,1.6,2.5,1.9,3.0,16.8,108.0,111,,bazleda01,12.9,0.525,0.285,0.411,5.5,18.3,11.8,7.6,1.6,4.8,10.5,15.7,0.1,0.8,0.9,0.079,-1.8,0.8,-1.0,0.1
348,Darius Bazley,22,PHO,C,7,0,61,9.6,20.0,0.48,1.6,6.4,0.25,8.0,13.6,0.588,0.52,1.6,4.0,0.4,4.0,8.8,12.8,4.8,2.4,4.0,4.0,7.2,22.4,101.0,106,,bazleda01,15.5,0.515,0.32,0.2,8.9,20.4,14.5,14.5,2.4,7.3,15.5,22.5,0.0,0.1,0.1,0.066,-3.7,3.3,-0.4,0.0
349,Juancho Hernangómez,27,TOR,PF,42,10,614,3.9,9.2,0.421,1.4,5.4,0.254,2.5,3.8,0.66,0.496,0.7,1.3,0.563,2.2,7.7,9.9,2.0,1.3,0.5,1.2,3.5,9.8,108.0,115,,hernaju01,7.6,0.504,0.588,0.14,4.6,19.1,11.3,5.2,1.3,0.9,11.0,9.4,0.1,0.6,0.7,0.053,-3.5,0.2,-3.3,-0.2
350,Jaxson Hayes,22,NOP,C,47,2,610,6.8,12.4,0.551,0.2,2.3,0.103,6.6,10.1,0.654,0.561,4.6,6.6,0.699,3.1,7.4,10.5,2.7,1.6,1.5,2.5,5.3,18.5,117.0,111,,hayesja02,13.7,0.605,0.186,0.532,7.3,17.3,12.3,7.7,1.6,3.0,13.9,15.7,0.6,0.9,1.5,0.118,-2.2,1.0,-1.2,0.1
351,Frank Ntilikina,24,DAL,SG,47,5,607,3.9,10.8,0.364,1.4,5.5,0.254,2.5,5.3,0.477,0.428,1.8,2.7,0.667,0.6,4.5,5.1,4.7,1.3,0.6,2.4,5.3,11.1,94.0,118,,ntilila01,5.2,0.461,0.508,0.25,1.3,10.7,5.9,12.8,1.3,1.0,16.5,13.1,-0.5,0.4,-0.1,-0.01,-6.1,-0.7,-6.7,-0.7
352,DeAndre Jordan,34,DEN,C,39,8,586,7.3,9.6,0.765,0.1,0.1,1.0,7.3,9.5,0.763,0.77,1.8,4.0,0.458,4.3,12.5,16.9,2.8,1.0,1.9,4.0,5.9,16.6,116.0,111,,jordade01,14.7,0.731,0.009,0.417,10.5,28.6,19.8,7.7,1.0,3.5,26.1,13.7,0.5,0.9,1.4,0.112,-2.4,0.7,-1.8,0.0
353,Blake Griffin,33,BOS,C,41,16,569,5.4,11.1,0.485,2.0,5.7,0.348,3.4,5.5,0.625,0.573,1.8,2.7,0.656,4.0,9.3,13.3,5.2,1.2,0.8,1.9,6.4,14.6,127.0,111,,griffbl01,13.1,0.59,0.508,0.246,9.2,20.4,14.9,14.2,1.2,1.4,13.2,12.7,1.0,0.8,1.8,0.153,-1.4,1.5,0.1,0.3
354,Ousmane Dieng,19,OKC,PF,39,1,569,6.3,15.1,0.42,2.2,8.2,0.265,4.2,6.9,0.602,0.492,1.3,1.9,0.652,1.6,7.2,8.8,3.8,1.2,0.6,2.2,3.5,16.1,103.0,115,,diengou01,9.3,0.505,0.541,0.127,3.5,16.5,9.9,10.7,1.2,1.1,12.0,15.9,-0.1,0.6,0.4,0.038,-3.1,-0.5,-3.6,-0.2
355,Kris Dunn,28,UTA,PG,22,3,568,9.8,18.2,0.537,1.4,3.0,0.472,8.3,15.1,0.55,0.576,3.4,4.5,0.774,0.8,7.7,8.4,10.4,2.1,0.8,2.9,4.9,24.4,125.0,114,,dunnkr01,19.1,0.606,0.167,0.245,1.7,17.1,9.5,32.3,2.1,1.5,12.8,20.2,1.3,0.6,1.9,0.162,0.7,1.7,2.4,0.6
356,Patty Mills,34,BRK,PG,40,2,567,7.4,18.0,0.411,4.2,11.5,0.366,3.2,6.5,0.493,0.529,2.2,2.6,0.833,0.7,3.1,3.8,4.8,1.3,0.3,2.6,2.8,21.2,106.0,118,,millspa02,10.6,0.554,0.641,0.144,1.6,7.0,4.4,13.9,1.3,0.5,11.9,19.7,0.0,0.4,0.4,0.035,-1.4,-1.7,-3.1,-0.2
357,Ricky Rubio,32,CLE,PG,33,2,566,5.4,15.8,0.343,1.9,7.3,0.256,3.5,8.5,0.417,0.402,2.5,3.1,0.8,0.8,5.4,6.2,10.2,2.3,0.5,2.7,4.5,15.2,103.0,110,,rubiori01,10.4,0.442,0.461,0.197,1.9,12.7,7.3,27.1,2.3,1.0,13.8,17.7,-0.2,0.9,0.7,0.062,-3.8,1.1,-2.8,-0.1
358,Ziaire Williams,21,MEM,SF,37,4,561,7.1,16.6,0.429,2.1,8.2,0.258,5.0,8.4,0.596,0.492,1.4,1.9,0.773,1.4,5.3,6.7,3.0,1.2,0.5,3.1,4.9,17.8,97.0,114,,willizi02,7.4,0.511,0.495,0.112,3.0,11.9,7.5,8.2,1.2,1.0,15.2,18.0,-0.5,0.6,0.1,0.011,-4.7,-0.8,-5.6,-0.5
359,Day'Ron Sharpe,21,BRK,C,48,3,552,8.2,15.1,0.544,0.5,1.0,0.545,7.7,14.1,0.544,0.561,3.1,4.9,0.636,8.8,8.9,17.7,3.3,1.3,2.8,3.7,7.9,20.1,118.0,111,,sharpda01,17.8,0.581,0.064,0.322,20.6,20.1,20.4,9.7,1.3,5.0,17.7,19.0,0.8,0.8,1.6,0.139,-1.8,-0.6,-2.3,0.0
360,Kai Jones,22,CHO,C,46,0,550,5.8,10.4,0.558,0.3,1.6,0.211,5.5,8.7,0.624,0.575,1.6,2.3,0.731,3.2,7.4,10.6,1.3,1.5,2.6,2.7,5.6,13.6,106.0,113,,joneska01,10.8,0.597,0.158,0.217,7.0,17.0,11.9,3.7,1.5,4.7,19.1,12.4,0.0,0.7,0.7,0.062,-4.8,0.8,-4.0,-0.3
361,Lindy Waters III,25,OKC,SG,41,0,531,6.3,15.9,0.393,5.2,14.5,0.358,1.1,1.4,0.75,0.556,1.4,1.8,0.8,1.4,5.3,6.7,2.5,1.3,1.0,0.9,3.8,19.1,120.0,116,,waterli01,11.8,0.573,0.91,0.112,3.2,12.2,7.6,7.0,1.3,1.9,5.1,15.5,0.6,0.5,1.1,0.101,0.5,-0.4,0.1,0.3
362,Rodney McGruder,31,DET,SG,32,12,524,5.7,14.1,0.408,3.8,9.0,0.423,1.9,5.1,0.382,0.543,1.7,2.0,0.818,1.8,5.0,6.8,2.6,1.5,0.1,1.0,3.6,16.9,119.0,121,,mcgruro01,10.7,0.566,0.638,0.145,4.1,11.8,7.8,7.6,1.5,0.2,6.4,14.0,0.5,0.2,0.7,0.068,-0.8,-0.7,-1.5,0.1
363,Chuma Okeke,24,ORL,SF,27,8,518,4.0,11.4,0.352,2.4,8.0,0.302,1.6,3.4,0.472,0.459,1.5,2.0,0.762,2.4,6.5,9.0,3.5,1.8,1.0,1.6,3.7,11.9,107.0,114,,okekech01,9.1,0.488,0.705,0.172,5.7,15.3,10.5,9.4,1.8,2.1,11.5,12.3,0.0,0.6,0.7,0.061,-2.4,0.8,-1.6,0.1
364,James Bouknight,22,CHO,SG,34,0,515,6.4,17.8,0.358,3.1,10.1,0.303,3.3,7.8,0.429,0.443,1.8,2.8,0.667,0.7,5.9,6.7,3.8,1.3,0.5,3.0,4.5,17.7,90.0,117,,bouknja01,6.2,0.463,0.565,0.155,1.6,13.5,7.5,11.1,1.3,0.8,13.4,19.5,-0.8,0.4,-0.4,-0.04,-5.4,-1.1,-6.5,-0.6
365,Max Christie,19,LAL,SG,41,3,512,4.1,9.8,0.415,2.4,5.7,0.419,1.7,4.1,0.409,0.538,1.3,1.5,0.875,0.6,6.3,6.9,1.9,0.8,0.6,1.2,3.1,11.8,111.0,116,,chrisma02,7.4,0.566,0.585,0.151,1.5,13.8,7.8,5.1,0.8,1.2,10.3,10.4,0.1,0.5,0.6,0.058,-3.2,0.0,-3.1,-0.1
366,Charles Bassey,22,SAS,C,35,2,508,8.1,12.6,0.644,0.3,0.7,0.375,7.8,11.8,0.661,0.656,2.0,3.4,0.595,7.0,11.0,17.9,4.5,1.5,3.1,3.8,6.9,18.5,121.0,114,,bassech01,18.8,0.658,0.059,0.274,15.5,26.4,20.7,13.2,1.5,5.4,21.3,15.6,0.8,0.6,1.3,0.123,-0.6,1.3,0.7,0.3
367,Raul Neto,30,CLE,PG,48,1,505,5.7,10.9,0.518,1.2,4.2,0.286,4.5,6.8,0.662,0.573,3.1,3.4,0.912,1.0,3.6,4.6,7.8,1.7,0.4,2.4,4.9,15.6,126.0,113,,netora01,12.6,0.628,0.382,0.309,2.3,8.4,5.4,21.0,1.7,0.7,16.1,13.2,0.8,0.6,1.5,0.142,-1.7,1.5,-0.2,0.2
368,Dāvis Bertāns,30,DAL,PF,45,1,492,7.0,16.2,0.431,5.6,14.2,0.39,1.4,1.9,0.737,0.603,1.3,1.5,0.867,1.0,4.3,5.4,2.1,1.1,0.8,1.0,5.4,20.8,120.0,118,,bertada01,11.9,0.618,0.881,0.094,2.3,10.3,6.3,6.2,1.1,1.5,5.7,16.2,0.6,0.3,0.9,0.09,0.0,-1.3,-1.2,0.1
369,Taj Gibson,37,WAS,C,49,2,480,6.6,12.7,0.52,0.8,2.4,0.333,5.8,10.2,0.564,0.552,3.0,4.3,0.714,3.2,6.2,9.4,3.4,1.5,1.2,2.6,8.5,17.0,114.0,115,,gibsota01,11.4,0.585,0.192,0.336,7.7,13.6,10.8,9.6,1.5,2.1,15.3,15.3,0.4,0.5,0.8,0.082,-3.6,0.5,-3.2,-0.1
370,Javonte Green,29,CHI,SF,32,1,480,6.2,11.0,0.565,1.3,3.6,0.371,4.9,7.4,0.658,0.625,3.0,4.6,0.667,2.7,6.2,8.9,2.3,2.4,2.1,2.0,5.3,16.7,122.0,109,,greenja02,14.5,0.646,0.324,0.417,6.5,14.2,10.4,6.4,2.4,4.2,13.5,13.6,0.6,0.8,1.4,0.142,-1.1,2.5,1.4,0.4
371,Damian Jones,27,2TM,C,41,1,477,5.5,8.6,0.64,1.0,1.7,0.588,4.5,6.9,0.652,0.698,2.2,2.9,0.759,4.2,8.0,12.2,1.5,0.8,2.1,2.3,5.5,14.2,128.0,115,,jonesda03,12.9,0.719,0.198,0.337,9.7,17.7,13.8,4.1,0.8,3.7,18.9,10.7,0.7,0.5,1.2,0.119,-2.0,0.3,-1.7,0.0
371,Damian Jones,27,LAL,C,22,1,176,5.4,10.0,0.541,0.0,0.8,0.0,5.4,9.2,0.588,0.541,4.0,5.4,0.75,4.8,10.0,14.8,1.1,0.8,3.2,2.4,4.6,14.8,117.0,110,,jonesda03,13.8,0.6,0.081,0.541,11.3,21.8,16.7,2.9,0.8,5.8,16.4,13.2,0.2,0.3,0.4,0.117,-2.6,0.7,-2.0,0.0
371,Damian Jones,27,UTA,C,19,0,301,5.6,7.8,0.714,1.6,2.2,0.714,4.0,5.6,0.714,0.816,1.1,1.4,0.778,3.8,6.8,10.6,1.7,0.8,1.4,2.2,6.0,13.8,137.0,117,,jonesda03,12.4,0.821,0.286,0.184,8.7,15.2,12.0,4.8,0.8,2.5,20.9,9.3,0.5,0.2,0.8,0.12,-1.7,0.2,-1.5,0.0
372,Isaiah Roby,24,SAS,PF,42,2,474,6.7,15.4,0.432,1.8,6.0,0.3,4.9,9.5,0.516,0.49,2.0,4.1,0.488,2.1,8.6,10.7,3.8,1.8,0.7,3.1,5.3,17.1,97.0,118,,robyis01,9.3,0.497,0.387,0.265,4.7,20.6,12.3,10.7,1.8,1.2,15.2,17.8,-0.4,0.3,-0.1,-0.011,-4.0,-0.6,-4.6,-0.3
373,Stanley Johnson,26,SAS,SF,30,0,469,6.5,12.3,0.533,1.8,4.0,0.45,4.7,8.3,0.573,0.607,2.6,3.9,0.667,2.2,7.4,9.6,6.7,1.6,0.6,3.3,4.8,17.5,117.0,119,,johnsst04,13.5,0.625,0.328,0.32,4.9,17.7,11.1,19.0,1.6,1.1,19.2,15.2,0.5,0.3,0.7,0.076,-0.8,-0.2,-1.0,0.1
374,Svi Mykhailiuk,25,2TM,SF,32,8,468,7.9,17.7,0.445,4.3,10.1,0.424,3.6,7.6,0.473,0.566,2.7,4.0,0.667,1.5,3.9,5.4,5.4,1.5,0.4,2.4,2.3,22.7,115.0,118,,mykhasv01,14.0,0.584,0.572,0.225,3.4,8.9,6.1,16.5,1.5,0.7,11.2,19.3,0.5,0.3,0.8,0.081,0.5,-0.7,-0.1,0.2
374,Svi Mykhailiuk,25,NYK,SF,13,0,40,7.4,14.8,0.5,7.4,12.4,0.6,0.0,2.5,0.0,0.75,3.7,6.2,0.6,0.0,8.6,8.6,1.2,1.2,0.0,2.5,1.2,25.9,128.0,115,,mykhasv01,15.8,0.739,0.833,0.417,0.0,19.3,9.6,3.5,1.2,0.0,12.3,17.4,0.1,0.0,0.1,0.141,3.6,0.5,4.1,0.1
374,Svi Mykhailiuk,25,CHO,SF,19,8,428,7.9,17.9,0.441,4.0,9.9,0.404,3.9,8.0,0.486,0.553,2.6,3.8,0.676,1.7,3.4,5.1,5.8,1.6,0.4,2.4,2.4,22.4,114.0,118,,mykhasv01,13.8,0.571,0.553,0.211,3.7,7.9,5.7,17.7,1.6,0.8,11.1,19.5,0.4,0.3,0.7,0.076,0.3,-0.8,-0.5,0.2
375,Evan Fournier,30,NYK,SG,27,7,459,6.0,17.9,0.337,3.8,12.3,0.307,2.3,5.6,0.404,0.443,1.9,2.3,0.857,0.4,4.8,5.3,3.9,1.7,0.3,2.4,5.0,17.8,98.0,116,,fournev01,6.9,0.471,0.687,0.127,1.0,10.8,5.9,10.6,1.7,0.6,11.2,18.4,-0.3,0.4,0.1,0.01,-4.0,0.0,-4.0,-0.2
376,Willy Hernangómez,28,NOP,C,38,2,458,9.4,17.9,0.527,0.3,1.2,0.273,9.1,16.7,0.544,0.536,8.6,11.0,0.779,6.1,12.9,19.0,3.5,1.8,1.4,4.1,6.8,27.7,118.0,108,,hernawi01,20.7,0.61,0.065,0.615,14.4,30.1,22.3,10.7,1.8,2.7,15.4,23.8,0.8,0.8,1.6,0.171,-0.2,0.5,0.3,0.3
377,Kevon Harris,25,ORL,SG,34,0,457,5.0,11.3,0.439,1.7,4.5,0.372,3.3,6.8,0.484,0.514,3.3,4.3,0.756,3.0,4.4,7.4,1.7,1.8,0.5,2.2,5.6,14.9,110.0,115,,harrike01,9.2,0.564,0.402,0.383,6.9,10.4,8.7,4.7,1.8,1.1,14.4,13.7,0.2,0.4,0.6,0.065,-3.5,-0.1,-3.6,-0.2
378,Goga Bitadze,23,2TM,C,38,1,457,7.2,13.1,0.552,0.6,2.7,0.231,6.6,10.4,0.636,0.576,2.4,4.4,0.548,6.4,8.0,14.4,4.1,1.7,2.7,2.3,6.7,17.5,123.0,112,,bitadgo01,17.1,0.582,0.208,0.336,15.0,18.7,16.8,12.1,1.7,5.3,13.3,15.4,0.8,0.6,1.3,0.141,-0.8,1.1,0.3,0.3
378,Goga Bitadze,23,IND,C,21,0,202,6.3,12.2,0.519,0.9,3.3,0.286,5.4,8.9,0.605,0.558,2.6,5.6,0.458,5.9,5.6,11.5,4.2,2.1,2.4,2.8,8.0,16.2,115.0,115,,bitadgo01,13.9,0.551,0.269,0.462,13.8,13.2,13.5,12.1,2.1,4.3,16.1,15.5,0.2,0.2,0.4,0.087,-2.3,1.2,-1.1,0.0
378,Goga Bitadze,23,ORL,C,17,1,255,8.0,13.8,0.575,0.4,2.3,0.167,7.6,11.6,0.656,0.589,2.3,3.4,0.667,6.8,9.9,16.7,4.0,1.3,3.0,1.9,5.7,18.6,129.0,110,,bitadgo01,19.7,0.606,0.164,0.247,15.9,23.1,19.5,12.2,1.3,6.1,11.0,15.3,0.6,0.4,1.0,0.184,0.4,1.0,1.3,0.2
379,Admiral Schofield,25,ORL,PF,37,0,451,5.9,13.1,0.451,2.6,7.9,0.324,3.3,5.1,0.646,0.549,2.3,2.5,0.913,2.5,4.2,6.6,3.3,0.9,0.5,1.7,6.5,16.6,120.0,117,,schofad01,10.1,0.587,0.607,0.189,5.8,9.8,7.8,9.6,0.9,1.1,10.8,14.1,0.5,0.3,0.8,0.089,-2.2,-0.7,-2.9,-0.1
380,TyTy Washington Jr.,21,HOU,PG,31,2,433,6.5,17.9,0.363,2.1,9.0,0.238,4.4,9.0,0.488,0.422,1.1,2.0,0.556,0.2,4.8,5.0,5.3,1.7,0.2,1.6,3.2,16.2,99.0,121,,washity02,7.5,0.432,0.5,0.113,0.5,11.0,5.7,15.3,1.7,0.5,7.7,17.4,-0.3,0.1,-0.1,-0.016,-5.0,-1.3,-6.3,-0.5
381,Dewayne Dedmon,33,2TM,C,38,1,426,9.0,17.7,0.51,1.4,4.6,0.308,7.6,13.1,0.58,0.55,3.9,5.7,0.673,4.0,11.7,15.7,3.0,1.1,2.2,2.9,8.8,23.3,112.0,110,,dedmode01,15.5,0.577,0.258,0.325,9.1,28.3,18.5,9.5,1.1,4.4,12.7,20.6,0.3,0.7,1.0,0.115,-2.6,1.0,-1.6,0.0
381,Dewayne Dedmon,33,MIA,C,30,0,350,9.1,18.4,0.496,1.6,5.3,0.297,7.6,13.1,0.576,0.539,4.6,6.3,0.727,4.0,11.5,15.5,2.3,1.0,2.0,2.7,8.7,24.4,113.0,110,,dedmode01,15.6,0.576,0.287,0.341,9.1,28.1,18.2,7.3,1.0,4.1,11.4,21.2,0.3,0.5,0.8,0.115,-2.4,0.6,-1.8,0.0
381,Dewayne Dedmon,33,PHI,C,8,1,76,8.5,14.3,0.591,0.7,1.3,0.5,7.8,13.0,0.6,0.614,0.7,3.3,0.2,3.9,12.4,16.3,6.5,1.3,3.3,3.9,9.1,18.3,110.0,108,,dedmode01,15.5,0.579,0.091,0.227,9.5,29.0,19.4,19.6,1.3,6.1,19.9,17.8,0.0,0.1,0.2,0.113,-3.5,2.8,-0.7,0.0
382,Orlando Robinson,22,MIA,C,31,1,425,5.5,10.4,0.528,0.0,0.7,0.0,5.5,9.7,0.566,0.528,2.6,3.6,0.71,5.6,9.2,14.8,2.9,1.4,1.4,1.9,6.2,13.6,122.0,111,,robinor01,13.4,0.565,0.067,0.348,12.8,22.3,17.4,8.4,1.4,2.9,13.5,12.4,0.5,0.6,1.1,0.129,-2.7,0.7,-2.1,0.0
383,Johnny Davis,20,WAS,SG,28,5,423,7.6,19.7,0.386,2.0,8.1,0.243,5.6,11.6,0.485,0.436,1.6,3.1,0.519,1.2,6.3,7.5,3.2,1.2,0.9,2.0,5.5,18.8,92.0,117,,davisjo06,7.2,0.446,0.409,0.158,2.7,13.9,8.5,9.2,1.2,1.6,8.5,20.5,-0.6,0.3,-0.3,-0.033,-5.8,-1.7,-7.4,-0.6
384,Keon Johnson,20,POR,SG,40,0,416,7.8,20.8,0.376,3.3,9.5,0.346,4.6,11.4,0.402,0.455,3.2,4.8,0.659,1.3,3.9,5.2,6.9,2.2,0.7,5.0,5.0,22.1,93.0,119,,johnske07,9.0,0.482,0.455,0.23,3.0,9.2,6.1,20.9,2.2,1.3,18.0,25.0,-0.7,0.2,-0.5,-0.057,-3.8,-1.6,-5.4,-0.4
385,Jake LaRavia,21,MEM,PF,35,0,414,4.2,10.9,0.389,2.8,8.1,0.338,1.5,2.8,0.542,0.516,0.8,1.0,0.778,2.2,5.0,7.2,2.4,1.4,0.5,2.1,5.6,12.0,105.0,114,,laravja01,6.7,0.531,0.747,0.095,4.9,11.3,8.1,6.2,1.4,0.9,15.4,11.7,0.0,0.5,0.5,0.054,-3.9,0.4,-3.5,-0.2
386,Dominick Barlow,19,SAS,PF,28,0,408,5.3,10.0,0.535,0.0,0.5,0.0,5.3,9.5,0.561,0.535,2.1,2.9,0.72,5.3,6.5,11.8,2.8,1.2,2.2,1.7,6.5,12.7,121.0,119,,barlodo01,12.4,0.567,0.047,0.291,11.9,15.6,13.7,7.6,1.2,3.8,13.4,11.3,0.5,0.2,0.7,0.082,-3.7,-0.9,-4.6,-0.3
387,Bruno Fernando,24,2TM,C,39,4,405,7.1,13.4,0.527,0.0,0.5,0.0,7.1,12.9,0.546,0.527,4.2,6.0,0.7,6.5,9.9,16.4,3.7,0.7,4.1,3.0,8.8,18.3,118.0,115,,fernabr01,16.6,0.571,0.036,0.446,14.5,22.8,18.6,10.8,0.7,8.1,15.7,16.3,0.5,0.4,0.9,0.109,-2.8,0.7,-2.0,0.0
387,Bruno Fernando,24,HOU,C,31,4,364,6.4,12.4,0.516,0.0,0.1,0.0,6.4,12.3,0.522,0.516,4.0,5.9,0.682,6.4,9.9,16.2,4.0,0.8,4.1,2.7,9.1,16.8,119.0,115,,fernabr01,16.1,0.561,0.011,0.473,14.3,22.6,18.4,11.6,0.8,8.3,15.1,15.1,0.5,0.4,0.8,0.111,-2.8,1.1,-1.7,0.0
387,Bruno Fernando,24,ATL,C,8,0,41,12.8,22.1,0.579,0.0,3.5,0.0,12.8,18.6,0.688,0.579,5.8,7.0,0.833,7.0,10.5,17.4,1.2,0.0,3.5,5.8,7.0,31.4,110.0,114,,fernabr01,20.1,0.624,0.158,0.316,15.8,24.3,20.0,3.7,0.0,6.2,18.8,27.3,0.0,0.0,0.1,0.086,-2.6,-2.4,-5.0,0.0
388,Cade Cunningham,21,DET,PG,12,12,400,11.3,27.1,0.415,2.1,7.4,0.279,9.2,19.7,0.466,0.453,4.4,5.2,0.837,1.5,7.5,9.0,8.7,1.2,0.8,4.7,4.1,29.0,100.0,119,,cunnica01,14.0,0.492,0.272,0.192,3.2,17.7,10.3,30.7,1.2,1.5,13.8,30.0,-0.4,0.2,-0.1,-0.018,-0.1,-0.6,-0.7,0.1
389,Ish Smith,34,DEN,PG,43,0,398,6.4,16.1,0.397,0.2,1.5,0.167,6.1,14.6,0.42,0.405,0.2,0.5,0.5,0.6,6.0,6.6,12.3,1.0,0.9,5.4,4.1,13.3,89.0,116,,smithis01,6.5,0.407,0.092,0.031,1.5,13.8,7.8,32.5,1.0,1.6,24.9,19.3,-0.8,0.4,-0.5,-0.056,-5.5,-1.1,-6.6,-0.5
390,Duane Washington Jr.,22,PHO,SG,31,3,394,11.7,31.8,0.367,5.0,13.8,0.36,6.7,18.0,0.372,0.445,2.0,3.0,0.667,0.2,4.2,4.5,7.8,0.7,0.5,4.2,2.9,30.3,93.0,117,,washidu02,9.3,0.458,0.434,0.094,0.6,9.8,5.1,25.2,0.7,0.9,11.3,32.5,-0.8,0.3,-0.5,-0.065,-1.8,-2.8,-4.6,-0.3
391,Kessler Edwards,22,2TM,SF,36,4,385,4.5,11.6,0.387,2.1,6.9,0.309,2.4,4.7,0.5,0.478,1.4,1.9,0.733,2.9,4.7,7.6,2.9,1.7,0.7,1.6,5.0,12.5,108.0,117,,edwarke02,8.4,0.502,0.591,0.161,6.9,11.1,9.0,7.5,1.7,1.4,11.5,12.7,0.1,0.3,0.4,0.048,-3.2,-0.7,-3.9,-0.2
391,Kessler Edwards,22,BRK,SF,14,1,79,3.7,14.8,0.25,1.2,7.4,0.167,2.5,7.4,0.333,0.292,0.6,1.2,0.5,3.7,4.9,8.7,1.2,1.9,0.6,2.5,1.9,9.3,71.0,115,,edwarke02,2.4,0.301,0.5,0.083,8.7,11.1,10.0,3.2,1.9,1.1,13.9,16.2,-0.3,0.1,-0.2,-0.108,-6.7,-3.0,-9.7,-0.2
391,Kessler Edwards,22,SAC,SF,22,3,306,4.7,10.8,0.435,2.3,6.7,0.349,2.3,4.1,0.577,0.543,1.6,2.0,0.769,2.7,4.7,7.3,3.3,1.7,0.8,1.4,5.8,13.3,120.0,117,,edwarke02,10.0,0.569,0.623,0.188,6.4,11.1,8.8,8.5,1.7,1.4,10.8,11.7,0.3,0.2,0.6,0.088,-2.3,-0.1,-2.5,0.0
392,Saben Lee,23,2TM,PG,25,1,373,6.4,15.9,0.405,1.4,3.9,0.367,5.0,11.9,0.418,0.45,5.5,7.5,0.737,1.7,4.2,5.9,8.8,2.5,0.1,3.1,4.2,19.8,111.0,113,,leesa01,13.1,0.517,0.248,0.471,3.8,9.7,6.7,24.3,2.5,0.2,14.1,19.5,0.2,0.4,0.7,0.088,-2.7,0.9,-1.8,0.0
392,Saben Lee,23,PHI,PG,2,0,10,14.9,19.8,0.75,0.0,5.0,0.0,14.9,14.9,1.0,0.75,0.0,0.0,,0.0,0.0,0.0,9.9,5.0,0.0,14.9,5.0,29.7,86.0,111,,leesa01,12.8,0.75,0.25,0.0,0.0,0.0,0.0,36.9,5.0,0.0,42.9,31.3,0.0,0.0,0.0,-0.096,-3.7,-0.6,-4.3,0.0
392,Saben Lee,23,PHO,PG,23,1,363,6.2,15.8,0.393,1.5,3.9,0.379,4.7,11.8,0.398,0.44,5.7,7.7,0.737,1.8,4.3,6.1,8.8,2.4,0.1,2.8,4.2,19.5,112.0,114,,leesa01,13.1,0.51,0.248,0.487,3.9,10.0,6.9,24.0,2.4,0.2,12.9,19.1,0.3,0.4,0.7,0.093,-2.7,0.9,-1.8,0.0
393,Gary Payton II,30,2TM,SG,22,1,367,5.4,9.1,0.594,1.7,3.4,0.5,3.7,5.7,0.651,0.688,0.8,0.9,0.857,3.2,5.9,9.1,3.9,2.9,0.7,2.1,5.7,13.3,131.0,115,,paytoga02,13.3,0.701,0.377,0.101,7.4,13.9,10.6,11.0,2.9,1.2,18.2,10.3,0.6,0.4,1.0,0.125,-1.2,1.5,0.3,0.2
393,Gary Payton II,30,POR,SG,15,1,255,4.6,7.8,0.585,1.7,3.2,0.529,2.9,4.6,0.625,0.695,0.8,0.8,1.0,1.9,5.5,7.4,4.2,3.1,0.2,2.3,5.5,11.7,126.0,116,,paytoga02,11.3,0.713,0.415,0.098,4.5,13.2,8.8,11.6,3.1,0.3,21.9,9.3,0.3,0.2,0.5,0.097,-2.0,1.4,-0.6,0.1
393,Gary Payton II,30,GSW,SG,7,0,112,7.2,11.8,0.607,1.7,3.8,0.444,5.5,8.0,0.684,0.679,0.8,1.3,0.667,5.9,6.7,12.7,3.4,2.5,1.7,1.7,5.9,16.9,138.0,111,,paytoga02,17.7,0.682,0.321,0.107,14.0,15.4,14.7,9.6,2.5,3.1,12.0,12.5,0.3,0.2,0.4,0.191,0.5,1.9,2.4,0.1
394,Udoka Azubuike,23,UTA,C,36,4,359,7.9,9.6,0.819,0.0,0.0,,7.9,9.6,0.819,0.819,0.9,2.7,0.35,4.1,11.7,15.8,1.5,0.8,2.0,2.4,4.5,16.6,131.0,114,,azubuud01,16.1,0.774,0.0,0.278,9.5,26.1,17.9,4.3,0.8,3.5,18.2,11.5,0.6,0.4,1.0,0.134,-1.2,0.5,-0.6,0.1
395,Gorgui Dieng,33,SAS,C,31,1,358,5.9,15.4,0.385,2.8,9.9,0.28,3.2,5.5,0.571,0.474,1.3,1.7,0.769,3.6,10.6,14.1,7.0,0.5,1.8,4.2,7.5,16.0,100.0,118,,dienggo01,9.9,0.493,0.641,0.111,7.9,25.4,16.3,19.4,0.5,3.2,20.7,17.9,-0.2,0.2,0.0,0.001,-4.0,0.1,-3.9,-0.2
396,JaVale McGee,35,DAL,C,42,7,355,11.2,17.5,0.64,0.3,0.7,0.4,10.9,16.8,0.65,0.648,3.4,5.7,0.585,4.2,10.8,15.0,1.5,0.6,3.6,5.0,7.6,26.0,108.0,112,,mcgeeja01,17.2,0.65,0.04,0.328,9.7,25.5,17.5,5.2,0.6,6.5,20.1,22.8,0.1,0.5,0.6,0.076,-3.6,-0.1,-3.7,-0.1
397,Markieff Morris,33,2TM,PF,35,2,355,6.5,15.9,0.409,3.9,9.8,0.394,2.6,6.1,0.432,0.53,1.4,1.4,1.0,1.8,8.0,9.8,4.3,1.2,0.7,2.5,6.6,18.2,108.0,115,,morrima02,10.4,0.553,0.617,0.087,4.2,18.2,11.3,12.2,1.2,1.2,13.1,17.2,0.1,0.4,0.4,0.059,-2.3,-0.4,-2.7,-0.1
397,Markieff Morris,33,BRK,PF,27,1,285,5.7,14.0,0.402,3.4,8.4,0.408,2.2,5.7,0.394,0.524,1.7,1.7,1.0,2.2,7.9,10.1,4.3,1.4,0.9,2.4,5.7,16.4,110.0,114,,morrima02,10.7,0.556,0.598,0.122,5.2,17.7,11.6,11.8,1.4,1.5,13.9,15.6,0.1,0.3,0.4,0.074,-1.8,-0.1,-1.9,0.0
397,Markieff Morris,33,DAL,PF,8,1,70,9.9,23.4,0.424,5.7,15.6,0.364,4.3,7.8,0.545,0.545,0.0,0.0,,0.0,8.5,8.5,4.3,0.7,0.0,2.8,10.7,25.6,100.0,118,,morrima02,9.1,0.545,0.667,0.0,0.0,20.2,10.0,13.7,0.7,0.0,10.8,23.9,0.0,0.1,0.0,0.002,-4.4,-1.4,-5.8,-0.1
398,Furkan Korkmaz,25,PHI,SG,37,0,353,6.7,15.6,0.432,2.5,6.5,0.391,4.2,9.1,0.462,0.514,3.6,5.1,0.722,0.8,5.1,5.9,3.1,1.4,0.4,3.4,2.5,19.6,100.0,115,,korkmfu01,9.3,0.552,0.414,0.324,2.0,11.8,7.0,8.8,1.4,0.8,15.9,19.1,-0.2,0.3,0.1,0.019,-3.3,-1.0,-4.4,-0.2
399,Richaun Holmes,29,SAC,C,42,1,348,7.6,12.2,0.618,0.7,1.1,0.625,6.9,11.1,0.617,0.646,2.1,2.6,0.789,4.0,7.0,11.0,1.2,0.4,1.5,1.9,6.9,17.9,127.0,118,,holmeri01,12.9,0.668,0.09,0.213,9.6,16.6,13.1,3.5,0.4,2.8,12.6,13.7,0.6,0.3,0.8,0.113,-2.0,-0.9,-2.9,-0.1
400,A.J. Green,23,MIL,SG,35,1,345,7.3,17.3,0.424,6.1,14.5,0.419,1.2,2.8,0.45,0.6,0.6,0.6,1.0,0.8,5.4,6.2,3.0,0.8,0.0,1.2,4.3,21.3,121.0,115,,greenaj01,11.5,0.607,0.84,0.032,1.9,11.3,6.8,8.7,0.8,0.0,6.6,16.6,0.5,0.3,0.8,0.111,-0.3,-0.6,-0.9,0.1
401,Davon Reed,27,2TM,SG,43,1,342,4.0,12.0,0.333,2.4,6.6,0.37,1.6,5.4,0.289,0.435,2.3,3.4,0.667,1.4,7.0,8.4,3.3,2.1,0.6,2.9,5.6,12.7,93.0,113,,reedda01,6.2,0.471,0.548,0.286,3.4,16.0,9.9,8.2,2.1,1.0,17.5,14.5,-0.4,0.4,0.1,0.008,-5.4,0.0,-5.3,-0.3
401,Davon Reed,27,DEN,SG,35,1,315,3.9,12.4,0.313,2.5,6.8,0.364,1.4,5.6,0.25,0.413,2.3,3.1,0.75,1.4,7.1,8.5,3.0,2.0,0.6,3.1,5.6,12.6,89.0,113,,reedda01,5.2,0.456,0.55,0.25,3.4,16.3,10.0,7.3,2.0,1.1,18.4,15.0,-0.4,0.4,-0.1,-0.009,-5.8,-0.3,-6.1,-0.3
401,Davon Reed,27,LAL,SG,8,0,27,5.3,7.0,0.75,1.8,3.5,0.5,3.5,3.5,1.0,0.875,1.8,7.0,0.25,1.8,5.3,7.0,7.0,3.5,0.0,0.0,5.3,14.0,155.0,111,,reedda01,16.7,0.694,0.5,1.0,4.1,11.5,7.9,19.2,3.5,0.0,0.0,9.0,0.1,0.0,0.1,0.208,-0.1,4.4,4.3,0.0
402,Jae Crowder,32,MIL,PF,18,3,340,6.3,13.2,0.479,3.4,7.7,0.436,2.9,5.5,0.538,0.606,1.4,1.7,0.833,2.4,7.3,9.7,3.8,1.7,0.8,1.0,3.8,17.4,133.0,111,,crowdja01,14.6,0.624,0.585,0.128,5.4,15.3,10.6,10.6,1.7,1.4,6.6,13.2,0.7,0.5,1.2,0.165,0.1,1.1,1.2,0.3
403,Derrick Rose,34,NYK,PG,27,0,338,8.9,23.2,0.384,2.8,9.2,0.302,6.1,14.0,0.438,0.443,1.6,1.8,0.917,1.2,4.7,5.8,6.7,1.0,0.7,3.2,2.6,22.2,99.0,117,,rosede01,10.1,0.463,0.396,0.075,2.6,10.4,6.5,19.9,1.0,1.4,11.8,23.6,-0.3,0.3,0.0,-0.001,-2.2,-1.5,-3.7,-0.1
404,McKinley Wright IV,24,DAL,PG,27,1,335,6.8,14.5,0.469,1.3,4.2,0.321,5.5,10.4,0.529,0.515,1.9,2.8,0.684,1.3,5.6,7.0,8.6,1.2,0.7,2.8,3.6,16.9,113.0,118,,wrighmc01,12.4,0.536,0.286,0.194,3.1,13.4,8.2,25.2,1.2,1.3,15.2,16.9,0.2,0.2,0.5,0.069,-1.9,-0.8,-2.7,-0.1
405,Theo Pinson,27,DAL,SG,40,1,323,4.8,13.4,0.356,3.4,9.5,0.355,1.4,3.8,0.36,0.483,1.7,2.0,0.846,1.5,8.2,9.7,7.1,0.9,0.2,1.8,5.2,14.6,114.0,117,,pinsoth01,10.1,0.512,0.713,0.149,3.6,19.3,11.4,19.6,0.9,0.3,11.5,14.7,0.2,0.2,0.5,0.071,-2.5,-0.9,-3.4,-0.1
406,Julian Champagnie,21,2TM,SF,17,3,320,8.7,19.2,0.454,4.9,12.1,0.402,3.8,7.1,0.542,0.581,2.1,2.5,0.824,1.5,7.4,8.9,1.5,0.9,0.7,1.6,3.8,24.4,115.0,121,,champju02,13.4,0.6,0.631,0.131,3.3,17.7,10.2,4.5,0.9,1.3,7.4,19.2,0.3,0.1,0.4,0.061,-0.6,-2.7,-3.3,-0.1
406,Julian Champagnie,21,PHI,SF,2,0,7,0.0,14.2,0.0,0.0,7.1,0.0,0.0,7.1,0.0,0.0,0.0,0.0,,0.0,0.0,0.0,0.0,7.1,0.0,0.0,0.0,0.0,0.0,106,,champju02,-3.8,0.0,0.5,0.0,0.0,0.0,0.0,0.0,7.1,0.0,0.0,12.8,0.0,0.0,0.0,-0.214,-12.0,-1.5,-13.5,0.0
406,Julian Champagnie,21,SAS,SF,15,3,313,8.9,19.3,0.461,5.0,12.2,0.407,3.9,7.1,0.553,0.59,2.1,2.6,0.824,1.5,7.5,9.1,1.5,0.8,0.8,1.7,3.9,24.9,116.0,121,,champju02,13.8,0.609,0.633,0.133,3.4,18.1,10.5,4.6,0.8,1.3,7.5,19.3,0.3,0.1,0.4,0.067,-0.3,-2.7,-3.0,-0.1
407,Matt Ryan,25,2TM,SF,34,0,310,6.1,16.5,0.37,4.9,12.9,0.381,1.2,3.7,0.333,0.519,1.5,1.8,0.833,0.6,3.4,4.0,2.4,0.8,0.2,1.1,4.1,18.7,109.0,119,,ryanma01,8.1,0.538,0.778,0.111,1.4,7.6,4.6,6.9,0.8,0.3,5.8,16.5,0.1,0.2,0.3,0.044,-1.9,-1.5,-3.4,-0.1
407,Matt Ryan,25,LAL,SF,12,0,129,5.5,18.0,0.306,4.8,12.9,0.371,0.7,5.1,0.143,0.439,1.5,1.8,0.8,0.7,4.4,5.1,1.5,0.7,0.0,1.1,5.1,17.3,95.0,118,,ryanma01,4.6,0.459,0.714,0.102,1.7,9.6,5.8,4.0,0.7,0.0,5.5,17.7,-0.1,0.1,0.0,-0.014,-4.3,-1.4,-5.7,-0.1
407,Matt Ryan,25,MIN,SF,22,0,181,6.6,15.5,0.424,5.0,12.9,0.388,1.6,2.6,0.6,0.585,1.6,1.8,0.857,0.5,2.6,3.1,3.1,0.8,0.3,1.0,3.4,19.7,120.0,119,,ryanma01,10.6,0.604,0.831,0.119,1.3,6.1,3.7,8.9,0.8,0.5,6.1,15.6,0.2,0.1,0.3,0.084,-0.2,-1.6,-1.7,0.0
408,Robin Lopez,34,CLE,C,37,2,299,8.1,12.6,0.64,0.3,0.7,0.5,7.7,11.9,0.648,0.653,2.3,3.0,0.778,3.9,4.7,8.6,3.2,0.3,1.3,4.2,7.2,18.8,114.0,114,,lopezro01,11.6,0.675,0.053,0.24,9.1,11.0,10.0,9.1,0.3,2.5,23.2,16.1,0.2,0.3,0.6,0.094,-3.4,0.3,-3.0,-0.1
409,Moses Brown,23,2TM,C,36,1,294,10.2,16.0,0.635,0.0,0.0,,10.2,16.0,0.635,0.635,5.5,12.0,0.458,9.5,13.7,23.2,0.7,0.7,2.3,2.5,6.5,25.8,123.0,111,,brownmo01,22.2,0.607,0.0,0.75,22.0,30.9,26.5,2.1,0.7,4.2,10.5,21.2,0.7,0.4,1.1,0.179,0.6,-1.2,-0.6,0.1
409,Moses Brown,23,LAC,C,34,1,288,10.4,16.3,0.635,0.0,0.0,,10.4,16.3,0.635,0.635,5.6,12.2,0.458,9.7,13.9,23.6,0.7,0.5,2.4,2.4,6.5,26.4,124.0,111,,brownmo01,22.7,0.607,0.0,0.75,22.4,31.5,27.0,2.2,0.5,4.3,9.9,21.5,0.7,0.4,1.1,0.185,0.9,-1.3,-0.4,0.1
409,Moses Brown,23,BRK,C,2,0,6,0.0,0.0,,0.0,0.0,,0.0,0.0,,,0.0,0.0,,0.0,0.0,0.0,0.0,8.1,0.0,8.1,8.1,0.0,0.0,105,,brownmo01,-2.6,,,,0.0,0.0,0.0,0.0,8.1,0.0,100.0,7.4,0.0,0.0,0.0,-0.129,-12.7,2.8,-9.9,0.0
410,Nathan Knight,25,MIN,C,38,0,291,7.5,13.2,0.568,1.3,3.6,0.364,6.2,9.6,0.644,0.617,6.4,9.3,0.684,3.6,5.6,9.1,2.1,1.6,1.0,3.4,6.7,22.7,118.0,114,,knighna01,14.5,0.655,0.272,0.704,8.6,12.8,10.8,6.1,1.6,1.8,16.5,18.7,0.4,0.3,0.7,0.116,-2.4,-0.8,-3.2,-0.1
411,Kennedy Chandler,20,MEM,PG,36,0,281,5.9,14.0,0.422,0.3,2.5,0.133,5.6,11.5,0.485,0.434,1.0,2.2,0.462,1.5,4.9,6.4,9.8,2.0,0.8,3.0,2.5,13.2,101.0,112,,chandke01,10.6,0.44,0.181,0.157,3.4,10.9,7.2,26.4,2.0,1.6,16.9,15.8,-0.1,0.4,0.3,0.044,-3.3,0.6,-2.7,0.0
412,Dalano Banton,23,TOR,PG,31,2,279,9.7,23.0,0.423,2.7,9.0,0.294,7.1,14.0,0.506,0.481,3.0,4.3,0.708,1.9,6.0,8.0,6.4,2.3,2.3,3.2,6.0,25.2,105.0,112,,bantoda01,14.9,0.505,0.392,0.185,4.2,14.9,9.1,19.3,2.3,4.5,11.4,24.2,0.0,0.4,0.4,0.064,-1.1,0.6,-0.5,0.1
413,Trent Forrest,24,ATL,SG,23,3,277,4.3,10.3,0.417,0.0,0.3,0.0,4.3,10.0,0.431,0.417,0.3,0.5,0.667,0.9,5.5,6.4,6.5,1.2,0.3,2.6,2.9,8.9,93.0,118,,forretr01,6.1,0.424,0.033,0.05,2.0,12.8,7.3,16.5,1.2,0.6,19.7,11.6,-0.2,0.2,-0.1,-0.011,-5.3,0.2,-5.1,-0.2
414,Bryn Forbes,29,MIN,SG,25,0,268,5.3,14.7,0.361,2.5,8.2,0.304,2.8,6.6,0.432,0.446,2.7,2.7,1.0,0.7,1.9,2.7,3.0,1.2,0.4,2.1,3.9,15.8,99.0,118,,forbebr01,6.2,0.497,0.554,0.181,1.7,4.5,3.1,8.2,1.2,0.7,11.8,16.2,-0.2,0.2,0.0,0.0,-4.8,-1.5,-6.3,-0.3
415,Terry Taylor,23,2TM,PF,31,2,264,7.0,13.5,0.52,0.9,3.4,0.263,6.1,10.1,0.607,0.553,1.1,2.0,0.545,4.9,3.6,8.5,1.8,0.5,1.1,1.6,4.7,16.1,115.0,121,,taylote01,11.0,0.557,0.253,0.147,11.4,8.4,9.9,5.1,0.5,2.0,10.1,14.2,0.2,0.1,0.3,0.054,-2.3,-1.8,-4.1,-0.1
415,Terry Taylor,23,IND,PF,26,2,228,6.2,13.5,0.462,0.8,3.7,0.222,5.4,9.8,0.553,0.492,1.0,1.5,0.714,4.6,3.5,8.1,2.1,0.6,1.0,1.9,5.0,14.4,108.0,122,,taylote01,8.8,0.507,0.277,0.108,10.7,8.3,9.5,5.9,0.6,1.9,11.7,14.2,0.0,0.1,0.1,0.021,-3.4,-1.9,-5.3,-0.2
415,Terry Taylor,23,CHI,PF,5,0,36,12.2,13.5,0.9,1.4,1.4,1.0,10.8,12.2,0.889,0.95,1.4,5.4,0.25,6.8,4.1,10.8,0.0,0.0,1.4,0.0,2.7,27.1,171.0,117,,taylote01,25.0,0.85,0.1,0.4,16.0,9.3,12.6,0.0,0.0,2.7,0.0,14.5,0.2,0.0,0.2,0.262,4.6,-0.9,3.7,0.1
416,Jeff Dowtin Jr.,25,TOR,PG,25,0,259,4.8,10.9,0.439,1.0,3.1,0.313,3.8,7.8,0.488,0.482,1.1,1.7,0.667,1.1,3.2,4.4,5.9,1.7,0.6,1.0,2.5,11.6,118.0,117,,dowtije01,9.9,0.5,0.281,0.158,2.4,8.0,5.0,15.5,1.7,1.1,7.6,10.9,0.2,0.2,0.4,0.076,-2.8,0.9,-1.9,0.0
417,KZ Okpala,23,SAC,PF,35,3,248,3.1,7.3,0.421,1.4,4.1,0.333,1.7,3.3,0.529,0.513,1.4,1.5,0.875,1.4,5.2,6.6,2.5,1.4,1.4,1.4,7.5,8.9,113.0,117,,okpalkz01,6.2,0.554,0.553,0.211,3.2,12.4,7.8,6.3,1.4,2.5,14.4,8.4,0.1,0.2,0.3,0.057,-4.3,1.1,-3.2,-0.1
418,Brandon Boston Jr.,21,LAC,SF,22,1,248,10.1,24.1,0.418,2.4,5.7,0.414,7.7,18.4,0.419,0.467,5.7,7.5,0.763,1.4,4.5,5.9,4.0,1.8,0.0,2.4,4.1,28.2,105.0,116,,bostobr01,13.4,0.515,0.238,0.311,3.2,10.3,6.8,12.5,1.8,0.0,8.0,26.5,0.0,0.2,0.2,0.04,-1.5,-0.7,-2.2,0.0
419,Luka Garza,24,MIN,C,28,0,243,12.3,22.7,0.543,2.7,7.6,0.359,9.6,15.1,0.636,0.603,8.0,10.2,0.788,6.5,5.9,12.3,3.5,0.6,0.4,2.7,8.4,35.4,130.0,117,,garzalu01,23.0,0.652,0.336,0.448,15.5,13.5,14.5,11.8,0.6,0.7,9.2,26.9,0.9,0.2,1.1,0.211,2.2,-2.6,-0.4,0.1
420,Jamal Cain,23,MIA,PF,18,0,240,7.7,13.7,0.561,1.5,4.2,0.35,6.2,9.6,0.652,0.614,3.5,4.6,0.773,3.1,7.7,10.8,2.5,2.3,0.2,1.2,4.4,20.4,131.0,112,,cainja01,16.5,0.647,0.303,0.333,7.1,18.7,12.7,7.6,2.3,0.4,7.3,15.1,0.5,0.3,0.8,0.169,-0.5,1.3,0.8,0.2
421,Kira Lewis Jr.,21,NOP,PG,25,0,235,8.2,18.1,0.455,3.1,7.0,0.441,5.2,11.1,0.463,0.54,3.9,4.5,0.864,1.0,5.8,6.8,4.7,2.1,0.4,2.1,4.9,23.5,118.0,113,,lewiski01,14.5,0.584,0.386,0.25,2.4,13.5,8.0,14.0,2.1,0.8,9.3,19.7,0.3,0.3,0.6,0.122,-0.8,0.5,-0.3,0.1
422,Frank Kaminsky,29,2TM,C,36,0,235,6.3,12.8,0.492,2.6,6.7,0.394,3.7,6.1,0.6,0.595,2.9,3.3,0.875,1.4,9.2,10.6,6.5,1.2,0.8,1.8,4.5,18.1,131.0,116,,kaminfr01,15.3,0.635,0.524,0.254,3.2,21.2,12.1,17.8,1.2,1.6,11.4,14.1,0.5,0.2,0.7,0.141,1.2,1.7,2.8,0.3
422,Frank Kaminsky,29,ATL,C,26,0,176,6.8,11.9,0.568,3.0,6.2,0.478,3.8,5.7,0.667,0.693,2.7,3.3,0.833,0.8,8.9,9.8,5.7,1.4,0.3,2.4,5.7,19.2,133.0,116,,kaminfr01,14.9,0.72,0.523,0.273,1.8,20.8,11.2,15.3,1.4,0.5,15.4,13.9,0.4,0.2,0.5,0.148,0.7,1.8,2.6,0.2
422,Frank Kaminsky,29,HOU,C,10,0,59,4.9,15.6,0.316,1.6,8.2,0.2,3.3,7.4,0.444,0.368,3.3,3.3,1.0,3.3,9.9,13.1,9.0,0.8,2.5,0.0,0.8,14.8,126.0,117,,kaminfr01,16.6,0.434,0.526,0.211,7.4,22.6,14.9,25.2,0.8,5.0,0.0,14.6,0.1,0.0,0.2,0.122,2.5,1.2,3.7,0.1
423,Johnny Juzang,21,UTA,SG,18,0,232,7.2,21.4,0.337,3.1,13.0,0.238,4.1,8.4,0.488,0.409,0.4,0.8,0.5,1.6,6.4,8.0,1.6,0.8,0.6,0.6,2.7,17.9,93.0,119,,juzanjo01,6.5,0.411,0.606,0.038,3.8,14.3,9.1,4.7,0.8,1.1,2.8,19.6,-0.3,0.1,-0.2,-0.032,-4.3,-2.2,-6.5,-0.3
424,David Duke Jr.,23,BRK,SG,23,0,228,7.7,16.7,0.462,0.2,2.6,0.083,7.5,14.1,0.53,0.468,2.6,3.6,0.706,2.4,3.9,6.2,4.5,2.1,0.2,3.9,6.6,18.2,96.0,116,,dukeda01,8.3,0.497,0.154,0.218,5.5,8.7,7.1,13.1,2.1,0.4,17.4,20.1,-0.3,0.2,-0.1,-0.011,-6.3,-1.0,-7.3,-0.3
425,Patrick Baldwin Jr.,20,GSW,SF,31,0,226,9.0,22.8,0.394,6.7,17.6,0.381,2.3,5.2,0.44,0.541,0.8,1.3,0.667,0.2,8.2,8.4,2.3,1.3,0.8,2.3,2.9,25.5,101.0,114,,baldwpa01,11.3,0.546,0.771,0.055,0.5,18.6,9.7,6.9,1.3,1.6,9.0,22.8,-0.1,0.3,0.1,0.029,-0.7,-1.4,-2.1,0.0
426,John Butler,20,POR,C,19,1,221,3.7,11.7,0.321,1.8,7.7,0.229,2.0,4.0,0.5,0.396,0.7,0.9,0.75,0.7,3.1,3.7,2.4,1.5,2.0,0.2,4.8,9.9,97.0,119,,butlejo01,5.7,0.411,0.66,0.075,1.5,7.3,4.4,6.5,1.5,3.6,1.8,11.0,-0.1,0.1,0.0,0.001,-5.4,-0.8,-6.2,-0.2
427,Cody Zeller,30,MIA,C,15,2,217,8.5,13.6,0.627,0.0,0.5,0.0,8.5,13.1,0.649,0.627,5.5,8.0,0.686,5.7,9.0,14.7,2.3,0.7,0.9,3.2,7.6,22.5,124.0,114,,zelleco01,16.4,0.659,0.034,0.593,13.0,21.8,17.3,7.2,0.7,1.9,15.8,18.1,0.4,0.3,0.7,0.147,-2.0,-0.7,-2.8,0.0
428,Dalen Terry,20,CHI,SG,38,0,214,7.3,16.4,0.444,1.6,6.1,0.259,5.7,10.2,0.556,0.493,3.2,4.8,0.667,2.7,5.7,8.4,5.0,2.5,1.1,1.8,5.5,19.3,112.0,110,,terryda01,14.1,0.523,0.375,0.292,6.5,13.0,9.8,14.1,2.5,2.3,9.0,18.4,0.1,0.3,0.5,0.105,-1.7,1.7,0.0,0.1
429,Matthew Dellavedova,32,SAC,PG,32,0,213,3.8,11.2,0.34,2.0,6.1,0.333,1.8,5.2,0.348,0.43,0.9,1.6,0.571,0.2,2.7,2.9,9.2,1.6,0.0,2.2,4.5,10.6,105.0,119,,dellama01,6.7,0.443,0.54,0.14,0.5,6.4,3.5,23.4,1.6,0.0,15.9,12.7,0.0,0.1,0.1,0.021,-4.4,-0.8,-5.2,-0.2
430,Thanasis Antetokounmpo,30,MIL,PF,37,0,206,4.6,10.7,0.435,0.0,1.9,0.0,4.6,8.8,0.526,0.435,2.5,5.1,0.5,3.5,6.7,10.2,3.5,0.7,0.7,2.8,5.1,11.8,98.0,114,,antetth01,6.7,0.458,0.174,0.478,7.9,14.1,11.1,9.3,0.7,1.2,17.7,13.8,-0.1,0.2,0.1,0.022,-6.5,-1.1,-7.6,-0.3
431,Nikola Jović,19,MIA,PF,15,8,204,6.8,16.9,0.406,2.0,8.6,0.229,4.9,8.3,0.588,0.464,4.4,4.6,0.947,2.2,5.4,7.6,2.4,1.7,0.5,2.4,4.6,20.0,105.0,114,,jovicni01,10.6,0.53,0.507,0.275,5.0,13.1,8.9,7.3,1.7,1.0,11.4,19.0,0.0,0.2,0.2,0.053,-3.4,0.0,-3.4,-0.1
432,Jared Rhoden,23,DET,SG,14,0,198,4.2,10.8,0.386,1.2,4.9,0.25,2.9,5.9,0.5,0.443,1.5,1.5,1.0,2.7,6.4,9.1,1.0,1.0,0.2,0.7,5.6,11.0,108.0,121,,rhodeja01,6.5,0.482,0.455,0.136,6.0,15.0,10.4,2.8,1.0,0.4,6.0,10.7,0.0,0.1,0.1,0.027,-5.0,-1.1,-6.1,-0.2
433,Moussa Diabaté,21,LAC,C,22,1,195,6.0,11.8,0.511,0.3,0.5,0.5,5.8,11.3,0.511,0.521,2.5,4.0,0.625,7.8,4.8,12.6,1.0,1.8,2.0,2.3,3.8,14.8,117.0,114,,diabamo01,14.2,0.546,0.043,0.34,18.0,10.8,14.4,2.8,1.8,3.6,14.3,14.1,0.2,0.2,0.4,0.105,-1.9,-0.8,-2.8,0.0
434,Nerlens Noel,28,2TM,C,17,4,195,3.2,9.0,0.361,0.2,0.5,0.5,3.0,8.5,0.353,0.375,2.0,3.0,0.667,2.5,9.0,11.5,2.5,4.0,2.5,3.2,8.0,8.7,84.0,109,,noelne01,7.9,0.424,0.056,0.333,5.6,21.0,13.1,6.7,4.0,4.5,23.9,12.0,-0.3,0.3,0.0,0.007,-6.5,2.6,-3.8,-0.1
434,Nerlens Noel,28,DET,C,14,3,152,3.8,9.6,0.4,0.3,0.6,0.5,3.5,8.9,0.393,0.417,2.2,3.2,0.7,2.2,9.6,11.8,2.2,4.1,2.9,2.6,8.0,10.2,92.0,108,,noelne01,10.0,0.465,0.067,0.333,5.0,22.6,13.5,6.2,4.1,5.2,18.9,11.9,-0.1,0.3,0.1,0.04,-5.1,3.1,-2.0,0.0
434,Nerlens Noel,28,BRK,C,3,1,43,1.1,6.8,0.167,0.0,0.0,,1.1,6.8,0.167,0.167,1.1,2.3,0.5,3.4,6.8,10.2,3.4,3.4,1.1,5.7,7.9,3.4,56.0,110,,noelne01,0.3,0.218,0.0,0.333,8.0,15.3,11.8,8.3,3.4,2.0,42.1,12.2,-0.2,0.1,-0.1,-0.112,-11.3,1.0,-10.3,-0.1
435,Skylar Mays,25,POR,PG,6,6,189,8.8,17.5,0.5,3.1,6.7,0.462,5.7,10.8,0.524,0.588,3.1,3.3,0.923,0.5,4.4,4.9,12.9,1.5,0.3,2.6,2.8,23.7,132.0,121,,mayssk01,19.4,0.624,0.382,0.191,1.2,10.4,5.8,40.0,1.5,0.5,11.9,19.3,0.6,0.1,0.7,0.171,2.1,-2.1,0.0,0.1
436,Peyton Watson,20,DEN,SG,23,2,186,7.6,15.5,0.492,1.6,3.7,0.429,6.0,11.8,0.511,0.542,2.9,5.3,0.55,2.1,7.6,9.7,2.9,0.5,2.9,2.1,3.7,19.7,109.0,114,,watsope01,12.8,0.553,0.237,0.339,5.1,17.4,11.4,7.9,0.5,5.2,10.6,17.7,0.1,0.2,0.3,0.073,-2.7,-0.1,-2.8,0.0
437,Serge Ibaka,33,MIL,C,16,0,185,6.7,13.9,0.481,1.5,4.6,0.333,5.2,9.3,0.556,0.537,2.1,3.4,0.615,3.9,7.5,11.4,1.0,0.5,1.8,2.8,5.9,17.0,105.0,112,,ibakase01,9.8,0.553,0.333,0.241,8.8,15.7,12.4,2.9,0.5,3.1,15.6,16.1,0.0,0.2,0.2,0.058,-4.6,0.0,-4.5,-0.1
438,Kenneth Lofton Jr.,20,MEM,PF,24,1,176,13.2,25.1,0.527,1.6,4.6,0.353,11.6,20.5,0.566,0.559,4.3,7.3,0.593,5.1,8.6,13.8,5.4,1.3,0.5,3.2,7.6,32.4,116.0,111,,loftoke01,20.2,0.572,0.183,0.29,11.5,19.2,15.4,18.1,1.3,1.0,10.3,27.6,0.3,0.2,0.5,0.145,0.7,-1.1,-0.4,0.1
439,Mamadi Diakite,26,CLE,C,22,2,176,6.8,14.2,0.48,2.0,6.0,0.333,4.8,8.3,0.586,0.55,0.6,0.6,1.0,2.3,6.3,8.5,2.3,1.1,2.6,3.4,7.4,16.2,99.0,109,,diakima01,9.0,0.56,0.42,0.04,5.4,14.7,10.0,6.3,1.1,4.7,19.1,16.0,-0.1,0.3,0.2,0.051,-4.9,1.6,-3.4,-0.1
440,Ryan Arcidiacono,28,2TM,PG,20,4,172,2.6,10.5,0.243,2.3,6.5,0.348,0.3,4.0,0.071,0.351,0.0,0.0,,0.0,4.3,4.3,6.5,1.4,0.0,2.0,4.8,7.4,86.0,121,,arcidry01,2.7,0.351,0.622,0.0,0.0,10.0,5.0,16.9,1.4,0.0,15.9,11.1,-0.2,0.1,-0.2,-0.043,-7.3,-1.5,-8.8,-0.3
440,Ryan Arcidiacono,28,NYK,PG,11,0,26,1.9,9.5,0.2,1.9,5.7,0.333,0.0,3.8,0.0,0.3,0.0,0.0,,0.0,7.6,7.6,3.8,3.8,0.0,1.9,5.7,5.7,72.0,110,,arcidry01,3.1,0.3,0.6,0.0,0.0,17.0,8.4,9.3,3.8,0.0,16.7,9.9,0.0,0.0,0.0,-0.012,-8.9,3.8,-5.1,0.0
440,Ryan Arcidiacono,28,POR,PG,9,4,146,2.7,10.7,0.25,2.3,6.7,0.35,0.3,4.0,0.083,0.359,0.0,0.0,,0.0,3.7,3.7,7.0,1.0,0.0,2.0,4.7,7.7,88.0,122,,arcidry01,2.6,0.359,0.625,0.0,0.0,8.7,4.3,18.3,1.0,0.0,15.8,11.3,-0.2,0.0,-0.1,-0.049,-7.0,-2.4,-9.4,-0.3
441,Boban Marjanović,34,HOU,C,31,0,171,11.6,17.0,0.683,0.0,0.3,0.0,11.6,16.7,0.695,0.683,5.7,7.7,0.741,5.7,11.3,17.0,2.6,1.4,0.6,4.0,2.8,28.9,127.0,117,,marjabo01,23.4,0.71,0.017,0.45,12.7,26.0,19.3,8.7,1.4,1.1,16.3,20.8,0.4,0.1,0.6,0.158,3.0,-1.5,1.6,0.2
442,Noah Vonleh,27,BOS,C,23,1,171,3.1,6.8,0.458,0.3,1.1,0.25,2.9,5.7,0.5,0.479,0.6,0.6,1.0,5.1,8.6,13.7,2.0,0.6,2.3,3.1,10.0,7.1,101.0,110,,vonleno01,5.9,0.502,0.167,0.083,11.7,18.8,15.3,5.1,0.6,4.0,30.7,9.2,0.0,0.3,0.2,0.06,-7.0,0.7,-6.3,-0.2
443,Vit Krejci,22,ATL,PG,29,0,165,4.3,10.7,0.405,1.4,6.1,0.238,2.9,4.6,0.625,0.473,0.3,0.6,0.5,1.7,5.8,7.5,4.9,1.4,0.3,1.4,4.9,10.4,108.0,118,,krejcvi01,7.7,0.475,0.568,0.054,3.9,13.4,8.6,12.4,1.4,0.5,11.7,10.9,0.0,0.1,0.1,0.042,-4.2,0.6,-3.6,-0.1
444,Garrett Temple,36,NOP,SG,25,0,162,5.4,13.5,0.4,3.3,7.8,0.423,2.1,5.7,0.368,0.522,0.9,1.2,0.75,1.5,3.6,5.1,3.9,2.7,0.6,1.2,4.5,15.0,114.0,112,,templga01,10.5,0.535,0.578,0.089,3.5,8.4,5.9,10.6,2.7,1.2,7.9,13.4,0.1,0.2,0.3,0.094,-2.5,1.6,-1.0,0.0
445,Khem Birch,30,TOR,C,20,0,162,5.8,9.8,0.594,0.3,0.6,0.5,5.5,9.2,0.6,0.609,1.2,1.5,0.8,2.4,5.2,7.6,2.1,1.5,1.5,2.4,7.3,13.1,113.0,115,,birchkh01,9.4,0.629,0.063,0.156,5.2,12.8,8.7,5.8,1.5,3.0,19.0,11.1,0.1,0.2,0.2,0.072,-4.6,1.1,-3.5,-0.1
446,James Johnson,35,IND,PF,18,1,162,6.4,14.4,0.449,0.9,4.4,0.2,5.6,10.0,0.559,0.48,1.2,2.3,0.5,1.2,7.6,8.8,4.4,2.1,1.8,2.3,9.4,14.9,98.0,115,,johnsja01,8.4,0.486,0.306,0.163,2.7,17.8,10.3,12.6,2.1,3.2,13.2,15.7,-0.1,0.2,0.1,0.017,-5.7,1.2,-4.4,-0.1
447,Alex Len,29,SAC,C,26,2,161,4.8,8.9,0.533,0.0,0.6,0.0,4.8,8.3,0.571,0.533,3.3,4.8,0.688,7.1,10.7,17.8,3.6,1.2,3.3,4.8,8.3,12.8,109.0,112,,lenal01,12.8,0.58,0.067,0.533,17.2,25.4,21.3,9.3,1.2,6.0,30.2,14.1,0.1,0.2,0.3,0.085,-4.9,0.9,-4.0,-0.1
448,Luka Šamanić,23,UTA,PF,7,4,161,7.7,16.9,0.456,2.4,9.2,0.258,5.3,7.7,0.692,0.526,2.7,3.9,0.692,0.0,8.9,8.9,4.5,1.8,0.6,3.0,5.0,20.5,105.0,115,,samanlu01,11.0,0.55,0.544,0.228,0.0,19.9,10.1,13.0,1.8,1.1,13.8,18.9,0.0,0.2,0.2,0.045,-3.2,1.1,-2.1,0.0
449,Dru Smith,25,2TM,SG,15,1,158,5.6,14.0,0.4,1.6,5.9,0.263,4.1,8.1,0.5,0.456,0.9,0.9,1.0,0.6,6.9,7.5,6.9,3.1,1.2,0.9,7.2,13.7,111.0,110,,smithdr01,11.4,0.475,0.422,0.067,1.4,15.9,8.7,19.3,3.1,2.5,6.1,13.8,0.1,0.3,0.3,0.099,-3.8,2.9,-0.9,0.0
449,Dru Smith,25,MIA,SG,5,1,67,3.7,10.4,0.357,0.7,4.5,0.167,3.0,6.0,0.5,0.393,0.0,0.0,,0.7,6.0,6.7,3.7,3.0,2.2,0.7,7.4,8.2,94.0,108,,smithdr01,7.1,0.393,0.429,0.0,1.7,14.5,7.9,10.1,3.0,4.6,6.7,9.9,0.0,0.1,0.1,0.053,-6.3,3.1,-3.1,0.0
449,Dru Smith,25,BRK,SG,10,0,91,7.0,16.6,0.419,2.1,7.0,0.308,4.8,9.7,0.5,0.484,1.6,1.6,1.0,0.5,7.5,8.0,9.1,3.2,0.5,1.1,7.0,17.7,118.0,110,,smithdr01,14.6,0.511,0.419,0.097,1.3,16.9,9.3,26.0,3.2,0.9,5.8,16.7,0.1,0.1,0.3,0.132,-2.1,2.7,0.7,0.1
450,Wendell Moore Jr.,21,MIN,SG,29,2,153,5.6,13.4,0.419,0.6,5.3,0.118,5.0,8.1,0.615,0.442,1.2,1.6,0.8,1.2,4.3,5.6,5.6,2.5,1.6,2.5,4.0,13.0,98.0,113,,moorewe01,9.3,0.465,0.395,0.116,3.0,10.0,6.6,15.3,2.5,2.8,15.0,14.9,-0.1,0.2,0.1,0.028,-3.8,1.3,-2.4,0.0
451,Otto Porter Jr.,29,TOR,SF,8,2,146,5.1,10.2,0.5,2.0,5.8,0.353,3.0,4.4,0.692,0.6,2.7,2.7,1.0,2.0,4.4,6.4,2.7,3.7,0.0,1.4,2.4,14.9,132.0,112,,porteot01,14.0,0.656,0.567,0.267,4.3,10.9,7.4,7.2,3.7,0.0,10.7,11.0,0.2,0.2,0.4,0.142,-1.3,2.0,0.7,0.1
452,Kemba Walker,32,DAL,PG,9,1,144,8.3,19.7,0.421,2.4,9.7,0.25,5.9,10.0,0.586,0.482,5.9,7.2,0.81,1.0,4.5,5.5,6.6,0.7,0.7,1.4,3.8,24.9,118.0,119,,walkeke02,15.0,0.543,0.491,0.368,2.4,10.6,6.5,20.1,0.7,1.2,5.7,22.1,0.2,0.1,0.3,0.098,0.3,-0.6,-0.3,0.1
453,Danny Green,35,2TM,SG,11,0,138,7.9,17.5,0.449,5.7,13.2,0.432,2.1,4.3,0.5,0.612,0.4,0.4,1.0,1.1,3.9,5.0,2.1,2.1,1.1,3.6,5.7,21.8,103.0,111,,greenda02,10.8,0.617,0.755,0.02,2.5,9.1,5.8,6.1,2.2,2.0,16.8,18.9,0.0,0.2,0.2,0.059,-2.1,0.2,-1.9,0.0
453,Danny Green,35,MEM,SG,3,0,43,3.3,12.1,0.273,3.3,8.8,0.375,0.0,3.3,0.0,0.409,0.0,0.0,,1.1,3.3,4.4,2.2,1.1,0.0,3.3,6.6,9.9,77.0,116,,greenda02,-0.2,0.409,0.727,0.0,2.5,7.4,4.9,5.6,1.1,0.0,21.4,13.5,-0.1,0.0,-0.1,-0.061,-7.9,-0.9,-8.8,-0.1
453,Danny Green,35,CLE,SG,8,0,95,10.0,20.1,0.5,6.9,15.3,0.448,3.2,4.8,0.667,0.671,0.5,0.5,1.0,1.1,4.2,5.3,2.1,2.6,1.6,3.7,5.3,27.5,111.0,109,,greenda02,15.8,0.676,0.763,0.026,2.5,9.9,6.2,6.4,2.6,2.9,15.4,21.4,0.1,0.2,0.2,0.114,0.5,0.7,1.2,0.1
454,Jarrett Culver,23,ATL,SF,10,1,137,5.9,15.0,0.395,0.3,4.2,0.083,5.6,10.8,0.516,0.407,3.1,4.5,0.692,3.5,9.7,13.2,2.1,2.1,0.7,2.4,4.9,15.3,96.0,113,,culveja01,9.5,0.452,0.279,0.302,7.9,22.6,15.2,5.5,2.1,1.2,12.6,17.1,-0.1,0.2,0.0,0.014,-4.8,0.6,-4.2,-0.1
455,Quenton Jackson,24,WAS,PG,9,0,135,6.9,15.2,0.452,0.4,4.3,0.083,6.5,10.8,0.6,0.464,6.1,7.9,0.773,0.7,2.2,2.9,5.4,1.4,0.4,1.4,3.6,20.2,117.0,119,,jacksqu01,12.2,0.542,0.286,0.524,1.7,4.8,3.3,15.1,1.4,0.6,7.2,17.9,0.1,0.1,0.2,0.078,-3.7,-1.5,-5.1,-0.1
456,Cody Martin,27,CHO,SF,7,0,134,5.0,12.8,0.389,1.1,5.0,0.214,3.9,7.8,0.5,0.431,1.4,2.5,0.571,2.8,5.7,8.5,3.9,1.4,0.4,0.7,4.6,12.4,108.0,117,,martico01,8.7,0.448,0.389,0.194,6.2,13.0,9.5,11.0,1.4,0.6,4.9,12.9,0.0,0.1,0.1,0.045,-3.8,-0.8,-4.6,-0.1
457,Jeenathan Williams,23,POR,SG,5,4,127,9.2,15.0,0.615,1.2,3.1,0.375,8.1,11.9,0.677,0.654,0.8,1.2,0.667,3.8,1.9,5.8,3.8,1.2,0.8,1.5,5.0,20.3,132.0,122,,willije02,15.5,0.657,0.205,0.077,9.0,4.6,6.8,12.1,1.2,1.4,9.0,15.2,0.3,0.0,0.3,0.12,-1.0,-2.1,-3.0,0.0
458,Xavier Cooks,27,WAS,PF,10,1,126,6.6,10.8,0.607,0.0,0.4,0.0,6.6,10.4,0.63,0.607,1.5,3.9,0.4,6.2,8.5,14.7,2.3,2.3,1.5,3.1,5.0,14.7,113.0,112,,cooksxa01,14.3,0.586,0.036,0.357,14.7,18.7,16.8,6.4,2.3,2.7,19.8,13.9,0.1,0.2,0.2,0.094,-3.2,-0.4,-3.6,-0.1
459,Jason Preston,23,LAC,PG,14,0,124,7.1,16.2,0.439,2.0,7.1,0.278,5.1,9.1,0.565,0.5,0.0,0.8,0.0,0.8,7.9,8.7,10.7,0.8,0.0,4.0,2.8,16.2,102.0,117,,prestja01,10.3,0.489,0.439,0.049,1.8,17.9,9.9,30.9,0.8,0.0,19.3,18.3,0.0,0.1,0.1,0.021,-2.1,-0.5,-2.6,0.0
460,Jonathan Isaac,25,ORL,PF,11,0,124,8.6,20.7,0.415,2.3,5.8,0.4,6.2,14.8,0.421,0.472,1.9,3.5,0.556,5.8,11.3,17.2,2.3,5.5,1.6,1.6,1.9,21.4,108.0,102,,isaacjo01,20.3,0.483,0.283,0.17,13.7,26.5,20.1,7.3,5.5,3.1,6.6,21.1,0.0,0.3,0.3,0.13,1.0,3.0,4.0,0.2
461,Shaquille Harrison,29,POR,SG,5,0,120,6.1,14.6,0.417,1.2,4.1,0.3,4.9,10.6,0.462,0.458,4.5,6.1,0.733,0.4,8.5,8.9,12.2,4.5,0.8,2.4,4.9,17.9,118.0,111,,harrish01,17.9,0.516,0.278,0.417,1.0,20.3,10.5,34.9,4.5,1.5,12.3,17.6,0.2,0.2,0.3,0.137,-2.5,2.6,0.1,0.1
462,Meyers Leonard,30,MIL,C,9,2,114,5.9,12.1,0.483,2.9,7.5,0.389,2.9,4.6,0.636,0.603,3.4,3.8,0.889,5.0,9.2,14.2,0.4,0.8,0.0,2.5,6.7,18.0,123.0,113,,leoname01,12.0,0.652,0.621,0.31,11.4,19.4,15.5,1.2,0.8,0.0,15.4,14.4,0.2,0.1,0.3,0.126,-2.8,-2.2,-5.0,-0.1
463,Olivier Sarr,23,OKC,C,9,1,114,6.2,12.5,0.5,0.4,3.3,0.125,5.8,9.2,0.636,0.517,2.1,2.9,0.714,5.0,7.9,12.9,1.7,0.4,2.1,1.7,7.1,15.0,116.0,114,,sarrol01,11.5,0.544,0.267,0.233,11.1,18.2,14.6,4.6,0.4,4.1,10.8,13.6,0.1,0.1,0.2,0.094,-4.2,-0.7,-4.9,-0.1
464,Andre Iguodala,39,GSW,PF,8,0,113,2.9,6.3,0.467,0.4,3.8,0.111,2.5,2.5,1.0,0.5,0.8,1.3,0.667,1.3,5.9,7.1,7.9,1.7,1.3,3.8,4.6,7.1,102.0,114,,iguodan01,7.3,0.521,0.6,0.2,3.0,13.4,8.3,20.3,1.7,2.3,35.5,9.4,0.0,0.1,0.1,0.044,-4.3,1.7,-2.5,0.0
465,Daniel Theis,30,IND,C,7,1,109,9.1,19.2,0.477,0.9,4.8,0.182,8.3,14.4,0.576,0.5,2.2,5.2,0.417,3.0,6.5,9.6,3.9,0.9,2.6,1.3,3.0,21.3,108.0,118,,theisda01,14.2,0.497,0.25,0.273,7.1,15.2,11.2,12.2,0.9,4.7,5.7,20.1,0.0,0.1,0.1,0.046,-0.9,-0.5,-1.4,0.0
466,A.J. Lawson,22,2TM,SG,15,0,108,10.1,20.2,0.5,4.6,11.5,0.4,5.5,8.7,0.632,0.614,0.9,3.7,0.25,2.8,6.9,9.7,0.9,0.9,0.0,1.4,5.1,25.8,112.0,118,,lawsoaj01,13.9,0.589,0.568,0.182,6.4,16.3,11.3,3.0,0.9,0.0,5.9,21.1,0.1,0.1,0.1,0.063,-1.5,-2.9,-4.4,-0.1
466,A.J. Lawson,22,MIN,SG,1,0,2,23.8,23.8,1.0,0.0,0.0,,23.8,23.8,1.0,1.0,0.0,0.0,,0.0,23.8,23.8,0.0,0.0,0.0,0.0,23.8,47.5,200.0,107,,lawsoaj01,34.4,1.0,0.0,0.0,0.0,54.9,27.9,0.0,0.0,0.0,0.0,21.4,0.0,0.0,0.0,0.377,-2.3,7.5,5.2,0.0
466,A.J. Lawson,22,DAL,SG,14,0,106,9.8,20.2,0.488,4.7,11.7,0.4,5.2,8.4,0.611,0.605,0.9,3.8,0.25,2.8,6.6,9.4,0.9,0.9,0.0,1.4,4.7,25.3,111.0,119,,lawsoaj01,13.5,0.58,0.581,0.186,6.5,15.5,11.0,3.0,0.9,0.0,6.1,21.1,0.1,0.1,0.1,0.057,-1.5,-3.1,-4.6,-0.1
467,Justin Jackson,27,BOS,SF,23,0,107,3.2,12.3,0.259,2.3,9.1,0.25,0.9,3.2,0.286,0.352,0.5,0.9,0.5,0.9,6.8,7.7,4.1,1.8,1.8,0.9,3.2,9.1,89.0,110,,jacksju01,6.3,0.359,0.741,0.074,2.1,15.1,8.7,10.5,1.8,3.2,6.7,12.2,-0.1,0.2,0.1,0.025,-4.2,1.6,-2.6,0.0
468,Vince Williams Jr.,22,MEM,SG,15,1,105,5.4,18.1,0.3,1.8,12.7,0.143,3.6,5.4,0.667,0.35,0.9,0.9,1.0,1.8,5.0,6.8,1.8,2.7,0.9,2.3,5.4,13.6,79.0,110,,willivi01,3.9,0.367,0.7,0.05,4.0,11.1,7.6,4.8,2.7,1.7,10.9,18.1,-0.3,0.2,-0.1,-0.049,-8.3,-0.2,-8.5,-0.2
469,Josh Minott,20,MIN,SF,15,0,96,8.9,17.8,0.5,1.0,3.0,0.333,7.9,14.8,0.533,0.528,4.0,4.0,1.0,2.5,9.9,12.4,2.5,2.0,3.0,1.5,4.9,22.8,119.0,109,,minotjo01,17.9,0.582,0.167,0.222,5.9,22.9,14.6,7.5,2.0,5.4,7.1,18.9,0.1,0.2,0.3,0.146,-1.9,0.4,-1.6,0.0
470,Jay Huff,24,WAS,C,7,0,95,7.7,12.8,0.6,3.1,6.2,0.5,4.6,6.7,0.692,0.72,7.7,8.2,0.938,3.1,7.7,10.8,5.1,1.5,2.1,2.6,7.7,26.1,149.0,114,,huffja01,22.3,0.796,0.48,0.64,7.3,16.9,12.3,14.7,1.5,3.6,13.5,16.9,0.4,0.1,0.5,0.261,2.8,1.2,4.0,0.1
471,Greg Brown III,21,POR,PF,16,0,93,5.8,14.7,0.393,0.5,3.7,0.143,5.2,11.0,0.476,0.411,2.6,6.3,0.417,1.0,8.9,10.0,1.6,2.1,2.6,3.1,6.8,14.7,79.0,114,,browngr01,5.8,0.421,0.25,0.429,2.5,21.2,11.7,4.5,2.1,4.8,15.3,18.4,-0.3,0.1,-0.1,-0.074,-8.5,0.0,-8.5,-0.2
472,Joshua Primo,20,SAS,SG,4,0,93,4.6,13.2,0.346,1.5,6.1,0.25,3.0,7.1,0.429,0.404,3.6,4.6,0.778,1.0,5.6,6.6,9.1,0.5,1.0,5.6,4.1,14.2,90.0,122,,primojo01,6.1,0.467,0.462,0.346,2.3,13.4,7.6,24.4,0.5,1.8,26.9,18.2,-0.2,0.0,-0.1,-0.073,-4.7,-1.6,-6.3,-0.1
473,Buddy Boeheim,23,DET,SF,10,0,90,2.7,14.5,0.185,2.2,13.5,0.16,0.5,1.1,0.5,0.259,1.1,1.1,1.0,1.1,2.2,3.2,2.2,1.1,0.0,0.0,3.2,8.6,77.0,123,,boehebu01,0.5,0.287,0.926,0.074,2.4,5.1,3.7,5.8,1.1,0.0,0.0,13.2,-0.2,0.0,-0.2,-0.091,-7.5,-2.0,-9.5,-0.2
474,Jaden Springer,20,PHI,SG,16,2,89,9.5,19.5,0.486,1.1,2.8,0.4,8.4,16.7,0.5,0.514,3.3,4.5,0.75,3.3,4.5,7.8,4.5,3.9,1.7,1.7,8.4,23.4,116.0,108,,sprinja01,17.2,0.545,0.143,0.229,8.1,10.4,9.3,13.8,3.9,3.1,7.2,20.8,0.1,0.2,0.3,0.145,-2.6,2.9,0.3,0.1
475,Justin Minaya,23,POR,SF,4,0,89,3.8,12.6,0.304,1.6,6.6,0.25,2.2,6.0,0.364,0.37,0.0,0.5,0.0,1.6,6.6,8.2,2.2,1.1,2.7,2.2,4.9,9.3,77.0,117,,minayju01,4.0,0.363,0.522,0.043,3.8,15.6,9.7,5.9,1.1,5.0,14.6,13.4,-0.2,0.1,-0.1,-0.067,-7.2,-1.9,-9.0,-0.2
476,Lindell Wigginton,24,MIL,PG,7,1,87,9.9,20.3,0.486,3.3,9.9,0.333,6.6,10.4,0.632,0.568,4.4,4.9,0.889,0.0,3.8,3.8,7.7,0.0,1.1,6.6,3.8,27.4,104.0,117,,wiggili01,11.8,0.61,0.486,0.243,0.0,8.1,4.2,23.8,0.0,1.9,22.7,25.6,0.0,0.1,0.1,0.028,-3.1,-3.6,-6.7,-0.1
477,Isaiah Mobley,23,CLE,PF,12,0,84,7.2,16.7,0.429,1.8,4.8,0.375,5.4,11.9,0.45,0.482,2.4,2.4,1.0,2.4,9.6,11.9,1.8,2.4,1.8,0.6,4.8,18.5,114.0,106,,mobleis01,14.1,0.521,0.286,0.143,5.6,22.4,14.0,5.0,2.4,3.3,3.3,16.4,0.1,0.2,0.2,0.135,-2.5,1.1,-1.4,0.0
478,Jordan Hall,21,SAS,SF,9,0,83,5.1,15.9,0.321,1.7,8.5,0.2,3.4,7.4,0.462,0.375,4.0,5.1,0.778,1.7,5.1,6.8,6.3,0.6,0.0,4.0,3.4,15.9,91.0,124,,halljo02,5.5,0.438,0.536,0.321,3.8,12.3,7.9,17.0,0.6,0.0,18.0,19.4,-0.1,0.0,-0.1,-0.077,-4.7,-2.9,-7.6,-0.1
479,Omer Yurtseven,24,MIA,C,9,0,83,9.6,16.2,0.593,1.8,4.2,0.429,7.8,12.0,0.65,0.648,3.0,3.6,0.833,4.8,9.0,13.8,1.2,1.2,1.2,2.4,9.6,24.0,126.0,112,,yurtsom01,16.7,0.675,0.259,0.222,10.9,21.9,16.2,3.9,1.2,2.5,11.9,18.0,0.2,0.1,0.3,0.159,-2.5,-1.5,-3.9,0.0
480,PJ Dozier,26,SAC,SF,16,0,79,6.1,20.0,0.303,1.2,9.7,0.125,4.8,10.3,0.471,0.333,0.0,0.0,,0.6,7.9,8.5,6.1,3.6,0.6,3.0,4.2,13.3,76.0,111,,doziepj01,5.2,0.333,0.485,0.0,1.5,18.7,10.1,16.3,3.6,1.1,13.2,20.6,-0.3,0.1,-0.2,-0.097,-8.6,0.7,-7.8,-0.1
481,Jared Butler,22,OKC,PG,6,1,77,9.3,19.7,0.469,4.3,8.6,0.5,4.9,11.1,0.444,0.578,0.0,0.0,,0.6,1.9,2.5,4.9,3.1,0.0,3.1,3.1,22.8,108.0,115,,butleja02,13.0,0.578,0.438,0.0,1.4,4.3,2.8,15.0,3.1,0.0,13.5,20.1,0.0,0.1,0.1,0.061,-2.2,-0.4,-2.6,0.0
482,Keon Ellis,23,SAC,SG,16,0,71,4.7,10.8,0.438,4.0,8.1,0.5,0.7,2.7,0.25,0.625,2.7,4.7,0.571,2.7,2.7,5.4,4.0,3.4,0.7,0.7,6.7,16.2,138.0,114,,elliske01,14.0,0.629,0.75,0.438,6.5,6.4,6.4,10.5,3.4,1.2,5.0,12.1,0.2,0.1,0.2,0.162,-0.1,1.4,1.3,0.1
483,Udonis Haslem,42,MIA,C,7,1,71,7.0,20.4,0.345,2.1,6.3,0.333,4.9,14.0,0.35,0.397,2.8,3.5,0.8,2.8,4.9,7.7,0.0,0.7,1.4,0.7,7.7,19.0,94.0,115,,hasleud01,6.2,0.433,0.31,0.172,6.4,12.0,9.1,0.0,0.7,2.9,3.1,20.1,-0.1,0.1,0.0,-0.009,-8.2,-3.9,-12.1,-0.2
484,Jamaree Bouyea,23,2TM,PG,5,0,71,4.2,9.8,0.429,1.4,4.2,0.333,2.8,5.6,0.5,0.5,0.7,1.4,0.5,0.7,3.5,4.2,2.8,2.8,1.4,2.8,4.2,10.5,89.0,112,,bouyeja01,6.5,0.504,0.429,0.143,1.6,8.4,4.9,7.8,2.8,2.9,21.2,11.8,-0.1,0.1,0.0,0.013,-5.8,1.6,-4.2,0.0
484,Jamaree Bouyea,23,MIA,PG,4,0,65,4.6,10.0,0.462,1.5,3.8,0.4,3.1,6.1,0.5,0.538,0.8,1.5,0.5,0.8,3.1,3.8,3.1,3.1,1.5,3.1,3.8,11.5,93.0,111,,bouyeja01,7.8,0.54,0.385,0.154,1.7,7.5,4.5,8.6,3.1,3.1,22.4,12.2,-0.1,0.1,0.0,0.029,-4.9,1.9,-2.9,0.0
484,Jamaree Bouyea,23,WAS,PG,1,0,6,0.0,8.1,0.0,0.0,8.1,0.0,0.0,0.0,,0.0,0.0,0.0,,0.0,8.1,8.1,0.0,0.0,0.0,0.0,8.1,0.0,0.0,119,,bouyeja01,-6.9,0.0,1.0,0.0,0.0,17.9,9.3,0.0,0.0,0.0,0.0,7.2,0.0,0.0,0.0,-0.15,-16.1,-1.7,-17.8,0.0
485,Trevelin Queen,25,IND,SG,7,0,70,4.7,19.7,0.241,1.4,10.2,0.133,3.4,9.5,0.357,0.276,3.4,3.4,1.0,5.4,6.1,11.5,4.1,1.4,3.4,4.7,2.7,14.2,78.0,116,,queentr01,6.0,0.337,0.517,0.172,12.7,14.2,13.5,11.1,1.4,6.1,18.3,22.9,-0.3,0.1,-0.2,-0.133,-5.6,-1.5,-7.2,-0.1
486,Leandro Bolmaro,22,UTA,SF,14,0,68,2.1,14.0,0.15,0.0,2.8,0.0,2.1,11.2,0.188,0.15,0.0,0.0,,2.8,2.1,4.9,4.9,2.1,0.7,4.9,7.0,4.2,50.0,118,,bolmale01,-5.0,0.15,0.2,0.0,6.5,4.7,5.6,12.3,2.1,1.2,25.9,16.6,-0.4,0.0,-0.3,-0.231,-12.4,-2.3,-14.7,-0.2
487,Jack White,25,DEN,SF,17,0,66,5.9,14.1,0.421,2.2,6.7,0.333,3.7,7.4,0.5,0.5,1.5,2.2,0.667,4.4,8.2,12.6,3.0,2.2,1.5,1.5,6.7,15.6,115.0,111,,whiteja03,12.6,0.517,0.474,0.158,10.7,18.6,14.8,7.7,2.2,2.7,9.0,14.7,0.1,0.1,0.1,0.108,-2.6,0.7,-1.9,0.0
488,Tyrese Martin,23,ATL,SG,16,0,66,6.5,16.6,0.391,0.7,5.1,0.143,5.8,11.6,0.5,0.413,1.4,1.4,1.0,3.6,5.1,8.7,1.4,0.7,0.0,1.4,1.4,15.2,98.0,120,,martity01,7.7,0.44,0.304,0.087,8.2,11.7,10.0,3.9,0.7,0.0,7.7,16.5,0.0,0.0,0.0,-0.01,-4.2,-3.1,-7.4,-0.1
489,JD Davison,20,BOS,SG,12,0,66,5.9,14.0,0.421,1.5,5.2,0.286,4.4,8.9,0.5,0.474,0.7,1.5,0.5,1.5,5.2,6.6,8.1,1.5,1.5,3.0,3.7,14.0,104.0,112,,davisjd01,10.1,0.478,0.368,0.105,3.4,11.4,7.4,22.4,1.5,2.6,16.8,15.8,0.0,0.1,0.1,0.059,-4.5,0.4,-4.2,0.0
490,Ryan Rollins,20,GSW,PG,12,0,62,5.3,15.2,0.35,2.3,6.9,0.333,3.0,8.4,0.364,0.425,4.6,4.6,1.0,2.3,6.9,9.1,4.6,0.8,0.8,12.2,7.6,17.5,70.0,116,,rolliry01,-1.4,0.508,0.45,0.3,5.4,15.7,10.6,12.4,0.8,1.4,41.4,26.1,-0.3,0.1,-0.3,-0.218,-11.3,-3.7,-15.0,-0.2
491,Isaiah Todd,21,WAS,PF,6,1,61,2.4,15.2,0.158,0.8,8.0,0.1,1.6,7.2,0.222,0.184,1.6,1.6,1.0,1.6,8.0,9.6,3.2,0.8,0.0,1.6,3.2,7.2,62.0,118,,toddis01,-1.0,0.226,0.526,0.105,3.8,17.6,10.9,7.9,0.8,0.0,9.1,15.6,-0.2,0.0,-0.2,-0.147,-10.3,-3.9,-14.2,-0.2
492,Sam Merrill,26,CLE,SG,5,0,59,7.7,18.7,0.409,4.3,15.3,0.278,3.4,3.4,1.0,0.523,1.7,1.7,1.0,0.0,7.7,7.7,4.3,3.4,0.0,0.0,2.6,21.3,121.0,107,,merrisa01,15.5,0.546,0.818,0.091,0.0,18.0,9.0,12.0,3.4,0.0,0.0,17.3,0.1,0.1,0.2,0.16,-1.2,2.5,1.2,0.0
493,Carlik Jones,25,CHI,PG,7,0,56,5.2,13.0,0.4,2.6,5.2,0.5,2.6,7.8,0.333,0.5,4.3,7.0,0.625,0.9,3.5,4.3,5.2,1.7,0.0,1.7,1.7,17.4,112.0,115,,jonesca03,11.1,0.54,0.4,0.533,2.1,8.0,5.1,13.9,1.7,0.0,9.7,16.2,0.0,0.1,0.1,0.078,-2.8,0.4,-2.5,0.0
494,Gabe York,29,IND,SG,3,0,56,6.8,17.8,0.381,5.1,15.3,0.333,1.7,2.5,0.667,0.524,1.7,1.7,1.0,0.0,5.1,5.1,4.2,1.7,0.0,0.0,4.2,20.3,122.0,120,,yorkga01,11.8,0.548,0.857,0.095,0.0,11.9,5.9,12.3,1.7,0.0,0.0,16.4,0.1,0.0,0.1,0.091,-1.7,-1.8,-3.5,0.0
495,Devon Dotson,23,WAS,PG,6,0,53,0.9,9.2,0.1,0.9,3.7,0.25,0.0,5.5,0.0,0.15,0.0,0.0,,5.5,3.7,9.2,7.4,4.6,0.0,2.8,8.3,2.8,81.0,112,,dotsode01,4.8,0.15,0.4,0.0,13.1,8.1,10.5,17.6,4.6,0.0,23.1,10.7,-0.1,0.1,0.0,-0.025,-7.0,1.8,-5.3,0.0
496,Facundo Campazzo,31,DAL,PG,8,0,52,2.9,12.4,0.231,2.9,10.5,0.273,0.0,1.9,0.0,0.346,1.0,1.9,0.5,0.0,1.9,1.9,8.6,5.7,0.0,2.9,2.9,9.6,86.0,111,,campafa01,7.8,0.36,0.846,0.154,0.0,4.5,2.2,22.6,5.7,0.0,17.8,14.7,-0.1,0.1,0.0,-0.012,-4.8,3.6,-1.2,0.0
497,Micah Potter,24,UTA,PF,7,0,52,9.2,13.8,0.667,3.7,6.4,0.571,5.5,7.3,0.75,0.8,0.0,0.0,,2.8,11.9,14.7,3.7,0.9,0.0,1.8,4.6,22.0,145.0,116,,pottemi01,18.6,0.8,0.467,0.0,6.3,26.7,16.6,11.2,0.9,0.0,11.8,13.7,0.2,0.0,0.2,0.186,2.4,1.2,3.5,0.1
498,Joe Wieskamp,23,TOR,SF,9,0,50,3.0,13.8,0.214,3.0,11.9,0.25,0.0,2.0,0.0,0.321,0.0,0.0,,0.0,4.0,4.0,3.0,0.0,0.0,1.0,3.0,8.9,77.0,121,,wieskjo01,-0.4,0.321,0.857,0.0,0.0,9.8,4.5,7.4,0.0,0.0,6.7,12.8,-0.1,0.0,-0.1,-0.076,-7.0,-3.6,-10.6,-0.1
499,Ron Harper Jr.,22,TOR,PF,9,0,48,8.2,16.5,0.5,3.1,9.3,0.333,5.1,7.2,0.714,0.594,1.0,1.0,1.0,3.1,4.1,7.2,4.1,0.0,1.0,0.0,3.1,20.6,140.0,120,,harpero02,15.7,0.608,0.563,0.063,6.6,10.2,8.3,11.9,0.0,2.0,0.0,14.6,0.1,0.0,0.2,0.158,2.4,-1.2,1.2,0.0
500,Xavier Sneed,25,CHO,SF,4,0,48,5.0,9.9,0.5,3.0,5.9,0.5,2.0,4.0,0.5,0.65,4.0,4.0,1.0,0.0,5.0,5.0,5.0,0.0,1.0,3.0,6.9,16.9,124.0,120,,sneedxa01,9.5,0.723,0.6,0.4,0.0,11.3,5.6,13.9,0.0,1.8,20.3,12.9,0.1,0.0,0.1,0.086,-3.1,-0.4,-3.6,0.0
501,Michael Carter-Williams,31,ORL,PG,4,0,44,6.6,15.4,0.429,1.1,3.3,0.333,5.5,12.1,0.455,0.464,4.4,7.7,0.571,1.1,4.4,5.5,7.7,1.1,1.1,4.4,5.5,18.7,98.0,116,,cartemi01,9.0,0.498,0.214,0.5,2.6,10.3,6.4,22.6,1.1,2.2,19.0,20.6,0.0,0.0,0.0,-0.003,-5.1,-1.2,-6.3,0.0
502,Cole Swider,23,LAL,SF,7,0,41,3.5,10.4,0.333,3.5,9.2,0.375,0.0,1.2,0.0,0.5,0.0,0.0,,1.2,6.9,8.1,4.6,0.0,0.0,0.0,3.5,10.4,124.0,118,,swideco01,7.4,0.5,0.889,0.0,2.7,15.2,9.1,12.0,0.0,0.0,0.0,9.3,0.0,0.0,0.1,0.08,-2.9,-0.5,-3.4,0.0
503,Mac McClung,24,PHI,SG,2,0,41,10.9,24.2,0.45,4.8,13.3,0.364,6.0,10.9,0.556,0.55,3.6,6.0,0.6,3.6,8.5,12.1,10.9,0.0,0.0,3.6,3.6,30.2,119.0,117,,mccluma01,19.2,0.563,0.55,0.25,8.8,19.8,14.4,35.3,0.0,0.0,11.9,27.5,0.1,0.0,0.1,0.14,2.2,-1.7,0.5,0.0
504,Jacob Gilyard,24,MEM,PG,1,0,41,1.2,3.5,0.333,1.2,3.5,0.333,0.0,0.0,,0.5,0.0,0.0,,0.0,4.6,4.6,8.1,3.5,0.0,2.3,3.5,3.5,108.0,110,,gilyaja01,7.3,0.5,1.0,0.0,0.0,10.3,5.2,19.4,3.5,0.0,40.0,5.1,0.0,0.1,0.1,0.079,-7.8,1.7,-6.1,0.0
505,Kendall Brown,19,IND,SG,6,0,40,4.7,8.3,0.571,0.0,1.2,0.0,4.7,7.1,0.667,0.571,1.2,2.4,0.5,2.4,4.7,7.1,3.6,4.7,0.0,2.4,10.7,10.7,109.0,113,,brownke03,9.1,0.571,0.143,0.286,5.6,11.1,8.3,9.7,4.7,0.0,20.2,10.4,0.0,0.1,0.1,0.071,-7.0,4.0,-2.9,0.0
506,Jarrell Brantley,26,UTA,PF,4,0,39,9.8,17.1,0.571,4.9,11.0,0.444,4.9,6.1,0.8,0.714,2.4,2.4,1.0,1.2,6.1,7.3,3.7,0.0,2.4,2.4,3.7,26.9,134.0,118,,brantja01,18.5,0.739,0.643,0.143,2.8,13.7,8.3,11.4,0.0,4.3,11.8,18.1,0.1,0.0,0.1,0.16,3.1,0.4,3.5,0.1
507,Mfiondu Kabengele,25,BOS,PF,4,0,36,2.7,9.5,0.286,0.0,4.1,0.0,2.7,5.4,0.5,0.286,2.7,2.7,1.0,6.8,6.8,13.5,0.0,2.7,0.0,1.4,4.1,8.1,103.0,110,,kabenmf01,8.1,0.381,0.429,0.286,15.4,14.9,15.2,0.0,2.7,0.0,11.3,10.8,0.0,0.1,0.1,0.067,-6.6,-2.4,-8.9,-0.1
508,RaiQuan Gray,23,BRK,PF,1,0,35,8.4,16.7,0.5,2.8,7.0,0.4,5.6,9.8,0.571,0.583,2.8,2.8,1.0,4.2,8.4,12.6,9.8,0.0,1.4,5.6,7.0,22.3,115.0,116,,grayra01,15.5,0.621,0.417,0.167,9.9,18.8,14.4,29.0,0.0,2.4,23.7,21.4,0.0,0.0,0.1,0.106,-0.6,-1.4,-2.0,0.0
509,Justin Champagnie,21,2TM,SF,5,0,34,7.2,21.6,0.333,1.4,7.2,0.2,5.8,14.4,0.4,0.367,0.0,0.0,,4.3,7.2,11.5,5.8,1.4,0.0,0.0,2.9,15.8,96.0,114,,champju01,10.3,0.367,0.333,0.0,9.6,17.1,13.1,16.3,1.4,0.0,0.0,19.2,0.0,0.0,0.0,0.009,-5.1,-2.8,-7.9,-0.1
509,Justin Champagnie,21,TOR,SF,3,0,11,13.5,13.5,1.0,0.0,0.0,,13.5,13.5,1.0,1.0,0.0,0.0,,4.5,13.5,18.0,4.5,0.0,0.0,0.0,4.5,27.0,205.0,116,,champju01,28.9,1.0,0.0,0.0,9.6,33.3,20.6,15.3,0.0,0.0,0.0,11.6,0.1,0.0,0.1,0.332,6.1,1.9,8.1,0.0
509,Justin Champagnie,21,BOS,SF,2,0,23,4.2,25.4,0.167,2.1,10.6,0.2,2.1,14.8,0.143,0.208,0.0,0.0,,4.2,4.2,8.5,6.4,2.1,0.0,0.0,2.1,10.6,73.0,113,,champju01,1.5,0.208,0.417,0.0,9.6,9.3,9.5,16.7,2.1,0.0,0.0,22.8,-0.1,0.0,-0.1,-0.145,-10.5,-5.1,-15.5,-0.1
510,Tony Bradley,25,CHI,C,12,0,33,8.9,17.7,0.5,4.4,7.4,0.6,4.4,10.3,0.429,0.625,5.9,5.9,1.0,1.5,14.8,16.2,1.5,1.5,1.5,1.5,3.0,28.0,132.0,107,,bradlto01,21.7,0.69,0.417,0.333,3.5,33.8,18.9,4.4,1.5,2.9,6.8,19.8,0.1,0.1,0.2,0.22,4.4,0.5,4.9,0.1
511,Scotty Pippen Jr.,22,LAL,PG,6,0,32,5.9,17.8,0.333,1.5,4.4,0.333,4.4,13.3,0.333,0.375,7.4,13.3,0.556,3.0,3.0,5.9,3.0,3.0,1.5,3.0,4.4,20.7,93.0,112,,pippesc02,9.6,0.439,0.25,0.75,6.9,6.5,6.7,8.2,3.0,2.6,11.1,23.7,-0.1,0.0,0.0,-0.017,-5.1,-0.8,-5.9,0.0
512,Alize Johnson,26,SAS,PF,4,0,30,4.7,9.4,0.5,0.0,3.1,0.0,4.7,6.3,0.75,0.5,1.6,3.1,0.5,3.1,12.6,15.7,1.6,1.6,0.0,6.3,4.7,11.0,74.0,117,,johnsal02,4.3,0.509,0.333,0.333,7.0,30.3,18.2,4.2,1.6,0.0,36.8,15.0,-0.1,0.0,-0.1,-0.099,-7.4,-1.7,-9.1,-0.1
513,Jay Scrubb,22,ORL,SG,2,0,30,8.1,11.3,0.714,3.2,3.2,1.0,4.8,8.1,0.6,0.857,1.6,3.2,0.5,0.0,9.7,9.7,1.6,3.2,0.0,4.8,3.2,20.9,108.0,110,,scrubja01,14.2,0.825,0.286,0.286,0.0,22.7,11.3,5.0,3.2,0.0,27.6,15.6,0.0,0.0,0.1,0.083,-2.9,1.0,-1.9,0.0
514,Neemias Queta,23,SAC,C,5,0,29,9.9,14.8,0.667,0.0,0.0,,9.9,14.8,0.667,0.667,0.0,3.3,0.0,8.2,9.9,18.1,1.6,0.0,3.3,1.6,11.5,19.8,127.0,114,,quetane01,17.0,0.607,0.0,0.222,19.8,23.5,21.7,5.0,0.0,6.0,9.2,16.1,0.1,0.0,0.1,0.149,-2.6,-0.8,-3.4,0.0
515,Louis King,23,PHI,PF,1,0,29,13.7,22.2,0.615,6.8,13.7,0.5,6.8,8.5,0.8,0.769,0.0,1.7,0.0,3.4,3.4,6.8,3.4,1.7,0.0,3.4,6.8,34.2,125.0,116,,kinglo02,21.3,0.744,0.615,0.077,8.3,8.0,8.1,12.2,1.7,0.0,13.0,23.8,0.1,0.0,0.1,0.157,3.3,-1.0,2.3,0.0
516,Vernon Carey Jr.,21,WAS,C,11,0,28,3.5,13.9,0.25,0.0,0.0,,3.5,13.9,0.25,0.25,3.5,3.5,1.0,5.2,13.9,19.1,5.2,3.5,3.5,3.5,8.7,10.4,87.0,104,,careyve01,10.8,0.338,0.0,0.25,12.4,30.6,21.8,13.3,3.5,6.0,18.4,16.9,-0.1,0.1,0.0,0.014,-7.1,2.1,-5.0,0.0
517,Trevor Hudgins,23,HOU,PG,5,0,28,3.5,15.6,0.222,3.5,13.9,0.25,0.0,1.7,0.0,0.333,5.2,5.2,1.0,0.0,0.0,0.0,5.2,0.0,0.0,1.7,1.7,15.6,103.0,128,,hudgitr01,4.2,0.436,0.889,0.333,0.0,0.0,0.0,13.9,0.0,0.0,8.8,16.8,0.0,0.0,0.0,-0.035,-3.8,-4.7,-8.4,0.0
518,Kobi Simmons,25,CHO,SG,5,0,28,1.7,10.2,0.167,1.7,8.5,0.2,0.0,1.7,0.0,0.25,3.4,3.4,1.0,1.7,5.1,6.8,8.5,0.0,3.4,1.7,0.0,8.5,101.0,117,,simmoko01,9.0,0.363,0.833,0.333,3.7,11.7,7.6,21.8,0.0,6.2,12.7,11.8,0.0,0.0,0.0,0.019,-1.0,0.1,-0.9,0.0
519,Darius Days,23,HOU,SF,4,0,25,9.7,23.3,0.417,5.8,19.4,0.3,3.9,3.9,1.0,0.542,3.9,3.9,1.0,1.9,9.7,11.6,1.9,0.0,1.9,0.0,3.9,29.1,132.0,120,,daysda01,18.3,0.582,0.833,0.167,4.3,22.2,13.2,6.2,0.0,3.9,0.0,21.4,0.1,0.0,0.1,0.156,4.7,-1.2,3.5,0.0
520,Sterling Brown,27,LAL,SF,4,0,24,0.0,7.9,0.0,0.0,3.9,0.0,0.0,3.9,0.0,0.0,0.0,0.0,,5.9,9.9,15.8,3.9,5.9,0.0,0.0,7.9,0.0,75.0,103,,brownst02,7.0,0.0,0.5,0.0,13.9,21.6,17.8,9.4,5.9,0.0,0.0,7.0,0.0,0.1,0.0,0.04,-7.7,4.3,-3.3,0.0
521,Chance Comanche,26,POR,C,1,0,21,7.0,11.6,0.6,0.0,0.0,,7.0,11.6,0.6,0.6,2.3,9.3,0.25,4.6,2.3,7.0,0.0,0.0,2.3,0.0,0.0,16.2,115.0,123,,comanch01,12.2,0.518,0.0,0.8,10.9,5.5,8.2,0.0,0.0,4.2,0.0,14.0,0.0,0.0,0.0,0.043,-2.6,-4.9,-7.5,0.0
522,Marko Simonovic,23,CHI,C,7,0,20,4.9,17.0,0.286,2.4,9.7,0.25,2.4,7.3,0.333,0.357,2.4,4.9,0.5,2.4,2.4,4.9,0.0,0.0,0.0,0.0,12.2,14.6,88.0,119,,simonma01,-0.1,0.381,0.571,0.286,5.8,5.6,5.7,0.0,0.0,0.0,0.0,17.4,0.0,0.0,0.0,-0.052,-10.5,-3.8,-14.4,-0.1
523,Xavier Moon,28,LAC,SG,4,0,20,7.3,22.0,0.333,2.4,7.3,0.333,4.9,14.7,0.333,0.389,0.0,0.0,,0.0,7.3,7.3,12.2,0.0,0.0,2.4,4.9,17.1,96.0,119,,moonxa01,7.2,0.389,0.333,0.0,0.0,16.6,8.4,35.7,0.0,0.0,10.0,21.8,0.0,0.0,0.0,-0.03,-4.1,-1.0,-5.1,0.0
524,Lester Quiñones,22,GSW,SG,4,0,18,5.2,13.1,0.4,5.2,10.5,0.5,0.0,2.6,0.0,0.6,10.5,15.7,0.667,2.6,5.2,7.9,5.2,2.6,0.0,13.1,0.0,26.2,87.0,114,,quinole01,8.6,0.654,0.8,1.2,6.2,12.0,9.2,14.2,2.6,0.0,39.6,29.4,-0.1,0.0,0.0,-0.103,-6.4,-3.7,-10.2,0.0
525,Dereon Seabron,22,NOP,SG,5,0,12,8.1,20.2,0.4,0.0,0.0,,8.1,20.2,0.4,0.4,0.0,0.0,,4.0,0.0,4.0,0.0,0.0,0.0,0.0,4.0,16.2,95.0,121,,seabrde01,4.6,0.4,0.0,0.0,9.5,0.0,4.7,0.0,0.0,0.0,0.0,17.9,0.0,0.0,0.0,-0.034,-6.6,-4.7,-11.3,0.0
526,Dylan Windler,26,CLE,SF,3,0,10,10.0,15.0,0.667,5.0,10.0,0.5,5.0,5.0,1.0,0.833,0.0,0.0,,0.0,0.0,0.0,5.0,5.0,0.0,5.0,0.0,25.1,119.0,108,,windldy01,19.0,0.833,0.667,0.0,0.0,0.0,0.0,15.2,5.0,0.0,25.0,17.9,0.0,0.0,0.0,0.149,3.2,3.5,6.7,0.0
527,Malcolm Hill,27,CHI,SF,5,0,9,10.8,21.6,0.5,5.4,16.2,0.333,5.4,5.4,1.0,0.625,0.0,0.0,,0.0,16.2,16.2,0.0,0.0,0.0,0.0,5.4,27.1,119.0,112,,hillma01,15.4,0.625,0.75,0.0,0.0,37.2,18.9,0.0,0.0,0.0,0.0,19.7,0.0,0.0,0.0,0.125,1.6,0.8,2.4,0.0
528,Braxton Key,25,DET,SF,3,0,9,5.4,5.4,1.0,0.0,0.0,,5.4,5.4,1.0,1.0,10.8,10.8,1.0,0.0,5.4,5.4,0.0,0.0,0.0,0.0,0.0,21.5,227.0,124,,keybr01,18.6,1.064,0.0,2.0,0.0,12.7,6.2,0.0,0.0,0.0,0.0,8.9,0.0,0.0,0.0,0.242,2.1,0.8,2.9,0.0
529,Tyler Dorsey,26,DAL,SF,3,0,8,24.9,31.1,0.8,6.2,12.4,0.5,18.6,18.6,1.0,0.9,0.0,0.0,,6.2,6.2,12.4,0.0,0.0,0.0,0.0,0.0,55.9,170.0,121,,dorsety01,45.5,0.9,0.4,0.0,14.4,14.7,14.5,0.0,0.0,0.0,0.0,28.3,0.1,0.0,0.1,0.367,17.0,0.8,17.8,0.0
530,Trevor Keels,19,NYK,SG,3,0,8,6.2,24.7,0.25,6.2,24.7,0.25,0.0,0.0,,0.375,0.0,0.0,,0.0,12.4,12.4,0.0,0.0,0.0,0.0,0.0,18.5,84.0,116,,keelstr01,3.7,0.375,1.0,0.0,0.0,27.6,13.7,0.0,0.0,0.0,0.0,21.4,0.0,0.0,0.0,-0.062,-7.4,-5.6,-13.0,0.0
531,Chima Moneke,27,SAC,SF,2,0,8,6.0,12.0,0.5,0.0,0.0,,6.0,12.0,0.5,0.5,0.0,12.0,0.0,12.0,0.0,12.0,6.0,0.0,0.0,12.0,12.0,12.0,72.0,124,,monekch01,-3.5,0.347,0.0,1.0,28.8,0.0,14.3,16.1,0.0,0.0,41.0,26.2,0.0,0.0,0.0,-0.288,-12.7,-8.0,-20.7,0.0
532,Deonte Burton,29,SAC,PF,2,0,6,0.0,15.9,0.0,0.0,8.0,0.0,0.0,8.0,0.0,0.0,0.0,0.0,,0.0,0.0,0.0,0.0,0.0,0.0,0.0,0.0,0.0,0.0,124,,burtode02,-12.6,0.0,0.5,0.0,0.0,0.0,0.0,0.0,0.0,0.0,0.0,14.3,0.0,0.0,0.0,-0.347,-13.9,-10.4,-24.2,0.0
533,Jordan Schakel,24,WAS,SF,2,0,6,8.1,16.2,0.5,8.1,8.1,1.0,0.0,8.1,0.0,0.75,0.0,0.0,,0.0,0.0,0.0,8.1,8.1,0.0,0.0,8.1,24.4,161.0,106,,schakjo01,24.3,0.75,0.5,0.0,0.0,0.0,0.0,23.5,8.1,0.0,0.0,14.5,0.0,0.0,0.0,0.314,7.7,9.3,17.0,0.0
534,Frank Jackson,24,UTA,PG,1,0,5,0.0,28.7,0.0,0.0,9.6,0.0,0.0,19.1,0.0,0.0,0.0,0.0,,9.6,9.6,19.1,9.6,0.0,0.0,0.0,0.0,0.0,48.0,119,,jacksfr01,-6.8,0.0,0.333,0.0,21.9,21.3,21.6,22.7,0.0,0.0,0.0,25.1,0.0,0.0,0.0,-0.378,-12.5,-9.8,-22.2,0.0
535,Alondes Williams,23,BRK,SG,1,0,5,0.0,0.0,,0.0,0.0,,0.0,0.0,,,0.0,0.0,,0.0,9.8,9.8,0.0,0.0,0.0,19.5,9.8,0.0,0.0,117,,willial06,-20.9,,,,0.0,22.0,11.2,0.0,0.0,0.0,100.0,17.7,-0.1,0.0,-0.1,-0.517,-21.3,-5.2,-26.5,0.0
536,Donovan Williams,21,ATL,SG,2,0,4,23.8,59.6,0.4,0.0,23.8,0.0,23.8,35.8,0.667,0.4,0.0,0.0,,0.0,23.8,23.8,0.0,0.0,0.0,0.0,0.0,47.7,81.0,111,,willido02,14.5,0.4,0.4,0.0,0.0,55.4,27.4,0.0,0.0,0.0,0.0,52.5,0.0,0.0,0.0,-0.225,-9.1,-6.1,-15.2,0.0
537,Chris Silva,26,DAL,PF,1,0,3,16.6,16.6,1.0,0.0,0.0,,16.6,16.6,1.0,1.0,0.0,0.0,,0.0,0.0,0.0,0.0,0.0,0.0,16.6,33.1,33.1,66.0,123,,silvach01,-2.2,1.0,0.0,0.0,0.0,0.0,0.0,0.0,0.0,0.0,50.0,30.1,0.0,0.0,0.0,-0.26,-22.5,-0.1,-22.6,0.0
538,Stanley Umude,23,DET,SG,1,0,2,0.0,24.2,0.0,0.0,24.2,0.0,0.0,0.0,,0.0,48.5,48.5,1.0,0.0,0.0,0.0,0.0,24.2,24.2,0.0,0.0,48.5,126.0,44,,umudest01,65.6,0.532,1.0,2.0,0.0,0.0,0.0,0.0,24.2,44.1,0.0,40.0,0.0,0.0,0.0,0.626,15.9,32.7,48.6,0.0
539,Michael Foster Jr.,20,PHI,PF,1,0,1,0.0,0.0,,0.0,0.0,,0.0,0.0,,,0.0,0.0,,0.0,0.0,0.0,0.0,0.0,0.0,0.0,0.0,0.0,,122,,fostemi02,0.0,,,,0.0,0.0,0.0,0.0,0.0,0.0,,0.0,0.0,0.0,0.0,0.01,-7.2,-1.9,-9.2,0.0
