Rk,Player,Age,Team,Pos,G,GS,MP,FG,FGA,FG%,3P,3PA,3P%,2P,2PA,2P%,eFG%,FT,FTA,FT%,ORB,DRB,TRB,AST,STL,BLK,TOV,PF,PTS,ORtg,DRtg,Awards,Player-additional,PER,TS%,3PAr,FTr,ORB%,DRB%,TRB%,AST%,STL%,BLK%,TOV%,USG%,OWS,DWS,WS,WS/48,OBPM,DBPM,BPM,VORP
1,DeMar DeRozan,34,CHI,SF,79,79,2989,10.8,22.6,0.48,1.3,3.8,0.333,9.6,18.8,0.509,0.507,8.7,10.2,0.853,0.7,5.0,5.7,7.0,1.5,0.8,2.3,2.7,31.6,122.0,118,CPOY-2,derozde01,19.7,0.584,0.166,0.452,1.6,11.3,6.4,21.8,1.5,1.5,7.7,25.8,7.0,2.2,9.2,0.147,2.1,-0.3,1.8,2.8
2,Domantas Sabonis,27,SAC,C,82,82,2928,10.5,17.7,0.594,0.5,1.4,0.379,10.0,16.3,0.613,0.609,4.8,6.9,0.704,4.9,13.7,18.6,11.2,1.2,0.8,4.5,4.1,26.4,127.0,112,MVP-8DPOY-10NBA3,sabondo01,23.2,0.637,0.081,0.389,11.0,32.3,21.4,33.9,1.2,1.5,17.9,22.2,8.6,4.0,12.6,0.206,4.0,2.4,6.5,6.2
3,Coby White,23,CHI,PG,79,78,2881,9.4,20.9,0.447,3.6,9.6,0.376,5.7,11.3,0.508,0.534,3.8,4.5,0.838,0.8,5.4,6.2,7.0,0.9,0.3,2.9,3.2,26.1,115.0,120,,whiteco01,14.5,0.57,0.46,0.215,1.7,12.4,6.9,20.8,0.9,0.6,11.1,22.7,3.1,1.6,4.7,0.078,0.7,-1.3,-0.7,0.9
4,Mikal Bridges,27,BRK,SF,82,82,2854,9.8,22.5,0.436,3.8,10.3,0.372,6.0,12.2,0.49,0.521,4.5,5.5,0.814,1.2,5.3,6.5,5.2,1.4,0.5,2.8,2.0,27.9,112.0,118,,bridgmi01,14.9,0.56,0.457,0.245,2.5,12.0,7.1,16.3,1.4,0.9,10.3,24.3,2.1,2.1,4.2,0.07,0.7,-1.0,-0.4,1.2
5,Paolo Banchero,21,ORL,PF,80,80,2799,11.3,24.9,0.455,2.1,6.2,0.339,9.2,18.7,0.493,0.497,7.2,9.9,0.725,1.5,8.3,9.8,7.6,1.3,0.8,4.4,2.7,31.9,109.0,112,AS,banchpa01,17.3,0.546,0.249,0.397,3.4,20.0,11.6,25.2,1.3,1.6,13.0,29.7,1.3,4.0,5.3,0.09,1.3,0.0,1.3,2.3
6,Kevin Durant,35,PHO,PF,75,75,2791,13.1,25.1,0.523,2.9,7.1,0.413,10.2,18.0,0.567,0.581,6.3,7.4,0.856,0.7,7.9,8.7,6.6,1.2,1.6,4.3,2.3,35.5,118.0,114,MVP-9ASNBA2,duranke01,21.2,0.626,0.283,0.295,1.7,17.5,10.0,22.2,1.2,2.9,13.1,29.0,5.1,3.2,8.3,0.142,4.0,0.1,4.0,4.3
7,Dejounte Murray,27,ATL,SG,78,78,2783,11.6,25.2,0.459,3.5,9.5,0.363,8.1,15.7,0.518,0.528,3.6,4.5,0.794,1.1,6.1,7.2,8.7,1.9,0.4,3.5,2.4,30.2,114.0,119,,murrade01,17.7,0.555,0.379,0.179,2.3,14.4,8.1,27.9,1.9,0.8,11.3,26.6,3.3,1.6,4.9,0.084,2.3,-0.6,1.7,2.6
8,Anthony Edwards,22,MIN,SG,79,78,2770,12.8,27.8,0.461,3.4,9.5,0.357,9.4,18.3,0.515,0.522,7.5,9.0,0.836,0.9,6.7,7.7,7.2,1.8,0.7,4.3,2.5,36.6,112.0,110,MVP-7CPOY-8ASNBA2,edwaran01,19.7,0.575,0.341,0.325,2.2,14.8,8.8,24.6,1.8,1.3,11.9,32.3,2.9,4.7,7.5,0.13,2.7,0.5,3.3,3.7
9,Nikola Jokić,28,DEN,C,79,79,2737,14.9,25.6,0.583,1.5,4.2,0.359,13.4,21.4,0.626,0.612,6.5,7.9,0.817,4.0,13.6,17.7,12.8,2.0,1.2,4.3,3.5,37.8,131.0,108,MVP-1CPOY-4ASNBA1,jokicni01,31.0,0.65,0.164,0.31,9.3,29.6,19.8,42.0,2.0,2.1,12.9,29.3,12.0,5.1,17.0,0.299,9.0,4.2,13.2,10.6
10,Jalen Brunson,27,NYK,PG,77,77,2726,14.6,30.5,0.479,3.9,9.7,0.401,10.7,20.8,0.516,0.543,7.8,9.2,0.847,0.8,4.3,5.1,9.6,1.3,0.2,3.4,2.7,40.9,124.0,117,MVP-5CPOY-5ASNBA2,brunsja01,23.4,0.592,0.319,0.302,1.8,9.7,5.7,33.5,1.3,0.4,9.1,32.5,8.8,2.4,11.2,0.198,6.3,-0.4,5.8,5.4
11,Josh Hart,28,NYK,SF,81,42,2707,5.5,12.6,0.434,1.5,4.8,0.31,4.0,7.8,0.511,0.493,1.7,2.1,0.791,2.4,10.2,12.6,6.2,1.4,0.4,2.2,3.2,14.2,115.0,113,,hartjo01,11.8,0.522,0.38,0.169,5.3,22.8,14.0,16.3,1.4,0.8,13.9,13.5,2.0,3.6,5.7,0.1,-1.3,1.4,0.0,1.4
12,Anthony Davis,30,LAL,C,76,76,2700,12.6,22.6,0.556,0.5,1.9,0.271,12.0,20.7,0.582,0.567,7.4,9.1,0.816,4.2,12.7,16.9,4.7,1.6,3.1,2.8,3.1,33.0,124.0,109,DPOY-4ASNBA2DEF1,davisan02,25.8,0.621,0.083,0.402,10.4,28.3,19.8,15.5,1.6,5.7,9.5,26.7,7.2,4.7,11.8,0.21,3.5,1.7,5.1,4.9
13,Fred VanVleet,29,HOU,PG,73,73,2684,7.6,18.4,0.416,4.1,10.6,0.387,3.5,7.8,0.454,0.527,3.6,4.1,0.86,0.6,4.4,5.0,10.6,1.8,1.1,2.3,3.3,22.9,123.0,114,,vanvlfr01,16.7,0.568,0.576,0.225,1.3,9.9,5.6,31.1,1.8,2.0,10.1,19.7,5.3,3.1,8.4,0.15,2.6,0.8,3.4,3.6
14,De'Aaron Fox,26,SAC,PG,74,74,2659,13.2,28.3,0.465,3.9,10.6,0.369,9.2,17.7,0.522,0.534,5.7,7.7,0.738,1.2,5.0,6.2,7.6,2.7,0.6,3.5,3.5,35.9,113.0,114,CPOY-12,foxde01,20.1,0.567,0.374,0.273,2.8,11.8,7.2,25.2,2.7,1.1,10.1,31.0,3.3,3.2,6.5,0.117,2.6,0.1,2.7,3.2
15,Pascal Siakam,29,2TM,PF,80,80,2657,12.2,22.8,0.536,1.5,4.4,0.346,10.7,18.4,0.581,0.569,5.2,7.1,0.732,2.5,7.7,10.2,6.1,1.1,0.4,2.5,3.5,31.2,121.0,119,,siakapa01,19.7,0.601,0.194,0.312,5.8,18.1,11.9,19.4,1.1,0.8,8.9,25.3,5.4,1.5,6.9,0.124,2.6,-0.7,1.9,2.7
15,Pascal Siakam,29,TOR,PF,39,39,1354,11.6,22.2,0.522,1.6,5.2,0.317,10.0,17.0,0.584,0.559,6.0,8.0,0.758,1.9,6.8,8.8,6.8,1.1,0.4,3.0,3.1,30.8,119.0,120,,siakapa01,18.8,0.6,0.233,0.358,4.3,15.9,10.0,22.1,1.1,0.7,10.3,25.3,2.4,0.6,3.0,0.106,2.2,-0.8,1.4,1.2
15,Pascal Siakam,29,IND,PF,41,41,1303,12.9,23.5,0.549,1.4,3.7,0.386,11.5,19.8,0.58,0.579,4.4,6.3,0.699,3.1,8.5,11.5,5.5,1.1,0.5,2.1,3.8,31.6,123.0,119,,siakapa01,20.7,0.602,0.156,0.267,7.4,20.3,13.9,16.5,1.1,0.9,7.4,25.2,3.0,0.9,3.9,0.143,3.0,-0.5,2.5,1.5
16,Jayson Tatum,25,BOS,PF,74,74,2645,12.6,26.6,0.471,4.3,11.4,0.376,8.3,15.3,0.542,0.552,7.7,9.3,0.833,1.3,10.0,11.2,6.8,1.4,0.8,3.5,2.7,37.1,121.0,111,MVP-6CPOY-9ASNBA1,tatumja01,22.3,0.604,0.427,0.349,2.9,20.9,12.3,21.0,1.4,1.4,10.3,30.2,6.4,4.1,10.4,0.189,4.5,0.6,5.1,4.7
17,Austin Reaves,25,LAL,SG,82,57,2629,8.3,17.0,0.486,2.8,7.6,0.367,5.5,9.4,0.583,0.568,4.2,4.9,0.853,1.0,5.3,6.4,8.1,1.2,0.5,3.1,2.8,23.5,119.0,118,,reaveau01,15.5,0.613,0.447,0.289,2.5,11.9,7.4,23.5,1.2,0.8,14.1,20.3,3.9,2.0,5.9,0.108,0.9,-0.4,0.4,1.6
18,Tyrese Maxey,23,PHI,PG,70,70,2626,12.0,26.6,0.45,4.0,10.7,0.373,8.0,15.9,0.501,0.524,6.1,7.1,0.868,0.7,4.2,4.8,8.1,1.3,0.6,2.2,2.8,34.0,121.0,117,MIP-1AS,maxeyty01,19.8,0.573,0.401,0.266,1.5,9.5,5.4,26.7,1.3,1.1,6.8,28.0,5.9,2.1,8.1,0.147,4.1,-1.0,3.1,3.4
19,Luka Dončić,24,DAL,PG,70,70,2624,14.7,30.2,0.487,5.2,13.6,0.382,9.5,16.6,0.573,0.573,8.7,11.1,0.786,1.1,10.8,11.8,12.5,1.8,0.7,5.2,2.7,43.3,122.0,113,MVP-3CPOY-6ASNBA1,doncilu01,28.1,0.617,0.45,0.368,2.5,24.4,13.5,44.3,1.8,1.3,12.8,36.0,8.5,3.5,12.0,0.22,8.3,1.7,9.9,8.0
20,Nikola Vučević,33,CHI,C,76,74,2610,11.2,23.1,0.484,1.8,6.0,0.294,9.4,17.2,0.55,0.522,2.0,2.5,0.822,4.0,11.3,15.3,4.9,1.0,1.1,2.3,3.6,26.2,114.0,115,,vucevni01,17.7,0.54,0.258,0.107,8.8,25.8,17.1,15.2,1.0,2.4,8.6,23.3,2.7,2.8,5.4,0.1,0.8,-0.7,0.1,1.4
21,Jalen Green,21,HOU,SG,82,82,2601,10.5,24.8,0.423,3.7,11.3,0.332,6.8,13.6,0.498,0.498,5.3,6.6,0.804,0.8,7.1,7.9,5.4,1.2,0.5,3.6,2.1,30.0,107.0,115,,greenja05,14.7,0.541,0.454,0.264,1.7,15.9,8.7,17.3,1.2,1.0,11.4,27.4,0.2,2.9,3.1,0.056,0.4,-0.9,-0.5,1.0
22,Rudy Gobert,31,MIN,C,76,76,2593,7.7,11.7,0.661,0.0,0.1,0.0,7.7,11.6,0.664,0.661,4.7,7.4,0.638,5.4,13.3,18.7,1.9,1.0,3.1,2.2,4.5,20.2,131.0,104,DPOY-1DEF1,goberru01,19.3,0.675,0.005,0.635,13.1,29.2,21.5,5.6,1.0,5.5,13.1,15.4,5.8,5.8,11.6,0.216,0.1,1.7,1.8,2.5
23,Keegan Murray,23,SAC,SF,77,77,2588,8.3,18.3,0.454,3.4,9.6,0.358,4.9,8.7,0.56,0.548,1.9,2.3,0.831,2.0,5.9,7.9,2.4,1.5,1.1,1.2,3.8,22.0,117.0,116,,murrake02,13.3,0.569,0.524,0.127,4.5,13.9,9.1,6.9,1.5,2.1,5.9,18.1,2.6,2.6,5.2,0.096,-0.4,-0.5,-0.9,0.8
24,Miles Bridges,25,CHO,SF,69,67,2581,10.7,23.1,0.462,3.0,8.6,0.349,7.7,14.5,0.529,0.527,3.3,4.0,0.825,1.4,8.3,9.7,4.4,1.2,0.6,2.6,2.3,27.7,108.0,120,,bridgmi02,15.4,0.556,0.372,0.174,3.0,19.5,11.0,14.6,1.2,1.2,9.6,24.7,0.7,1.4,2.2,0.04,0.2,-1.3,-1.1,0.6
25,Damian Lillard,33,MIL,PG,73,73,2579,10.1,23.8,0.424,4.1,11.6,0.354,6.0,12.2,0.49,0.51,8.8,9.6,0.92,0.7,5.3,6.0,9.5,1.3,0.3,3.6,2.5,33.1,120.0,118,CPOY-11AS,lillada01,19.6,0.59,0.487,0.403,1.6,11.8,6.8,28.8,1.3,0.6,11.4,28.4,5.8,1.9,7.7,0.143,3.4,-1.3,2.1,2.7
26,Giannis Antetokounmpo,29,MIL,PF,73,73,2567,15.7,25.6,0.611,0.6,2.3,0.274,15.0,23.3,0.645,0.624,9.6,14.6,0.657,3.7,12.1,15.7,8.9,1.6,1.5,4.7,3.9,41.6,126.0,112,MVP-4DPOY-9CPOY-12ASNBA1,antetgi01,29.9,0.649,0.091,0.571,8.6,27.0,17.9,32.7,1.6,2.6,12.7,33.0,9.5,3.7,13.2,0.246,6.7,2.4,9.0,7.2
27,Michael Porter Jr.,25,DEN,SF,81,81,2565,10.1,20.9,0.484,4.3,10.7,0.397,5.8,10.1,0.575,0.586,1.8,2.1,0.836,2.0,8.9,10.9,2.4,0.8,1.0,1.8,2.9,26.2,117.0,114,,portemi01,15.5,0.601,0.513,0.102,4.7,19.3,12.2,6.7,0.8,1.8,7.5,20.7,3.1,3.1,6.2,0.115,1.2,-1.2,0.1,1.3
28,Shai Gilgeous-Alexander,25,OKC,PG,75,75,2553,15.0,28.0,0.535,1.8,5.1,0.353,13.2,22.9,0.576,0.567,10.7,12.2,0.874,1.2,6.6,7.8,8.8,2.8,1.3,3.1,3.5,42.4,129.0,110,MVP-2DPOY-7CPOY-3ASNBA1,gilgesh01,29.3,0.636,0.181,0.436,3.0,14.7,9.1,29.8,2.8,2.4,8.4,32.8,10.5,4.2,14.6,0.275,6.7,2.3,9.0,7.1
29,Grayson Allen,28,PHO,SG,75,74,2513,6.6,13.3,0.499,4.0,8.6,0.461,2.6,4.6,0.57,0.649,2.5,2.9,0.878,0.9,4.8,5.7,4.4,1.3,0.9,1.8,3.1,19.7,130.0,117,,allengr01,13.8,0.679,0.652,0.216,2.3,10.6,6.6,12.1,1.3,1.6,11.3,14.5,4.7,2.2,6.9,0.132,1.1,0.1,1.3,2.0
30,LeBron James,39,LAL,PF,71,71,2504,13.0,24.1,0.54,2.8,6.9,0.41,10.2,17.2,0.592,0.599,5.8,7.7,0.75,1.2,8.7,9.8,11.2,1.7,0.7,4.7,1.5,34.6,120.0,114,CPOY-10ASNBA3,jamesle01,23.7,0.63,0.286,0.318,2.8,19.3,11.5,37.5,1.7,1.3,14.5,29.2,5.7,2.8,8.5,0.164,5.5,0.9,6.5,5.4
31,Paul George,33,LAC,PF,74,74,2502,11.5,24.4,0.471,4.8,11.6,0.413,6.7,12.8,0.523,0.569,5.2,5.7,0.907,0.7,6.9,7.7,5.2,2.2,0.7,3.0,4.0,33.0,119.0,114,AS,georgpa01,19.3,0.613,0.476,0.235,1.7,15.3,8.8,16.1,2.2,1.3,10.1,26.6,4.4,2.8,7.3,0.14,2.9,0.2,3.2,3.3
32,Dennis Schröder,30,2TM,PG,80,58,2486,7.9,18.2,0.435,2.7,7.2,0.375,5.2,11.0,0.474,0.509,3.5,4.2,0.836,0.8,4.0,4.7,9.6,1.2,0.3,3.0,3.2,22.0,114.0,121,,schrode01,13.3,0.55,0.397,0.23,1.7,9.2,5.3,28.0,1.2,0.6,13.0,20.3,2.3,1.0,3.3,0.063,-0.5,-1.3,-1.8,0.1
32,Dennis Schröder,30,TOR,PG,51,33,1559,7.7,17.3,0.442,2.4,6.8,0.35,5.3,10.5,0.501,0.511,3.9,4.6,0.852,0.7,3.7,4.3,9.7,1.4,0.2,2.6,3.3,21.6,117.0,122,,schrode01,13.9,0.559,0.394,0.267,1.5,8.5,4.9,28.0,1.4,0.5,11.7,19.4,2.0,0.5,2.5,0.076,-0.5,-1.3,-1.8,0.1
32,Dennis Schröder,30,BRK,PG,29,25,927,8.3,19.7,0.424,3.3,7.9,0.412,5.1,11.8,0.432,0.507,2.7,3.4,0.797,0.9,4.5,5.4,9.3,0.9,0.5,3.7,3.2,22.7,109.0,120,,schrode01,12.3,0.535,0.402,0.174,1.9,10.3,6.0,28.0,0.9,0.9,15.0,21.8,0.3,0.5,0.8,0.042,-0.5,-1.4,-1.9,0.0
33,D'Angelo Russell,27,LAL,PG,76,69,2484,9.4,20.7,0.456,4.3,10.4,0.415,5.1,10.2,0.497,0.56,3.0,3.7,0.828,0.5,4.0,4.5,9.2,1.3,0.7,3.0,3.0,26.2,116.0,118,,russeda01,16.0,0.588,0.505,0.178,1.3,8.9,5.3,27.6,1.3,1.3,11.8,23.0,3.3,1.8,5.1,0.099,1.7,-0.8,0.9,1.8
34,James Harden,34,LAC,PG,72,72,2470,7.0,16.4,0.428,3.7,9.8,0.381,3.3,6.7,0.497,0.541,6.0,6.9,0.878,0.7,6.7,7.4,12.3,1.5,1.1,3.7,2.5,23.8,125.0,116,,hardeja01,18.6,0.612,0.594,0.418,1.6,14.8,8.4,33.6,1.5,2.1,16.0,20.6,5.9,2.5,8.4,0.163,3.8,0.3,4.1,3.8
35,Devin Booker,27,PHO,PG,68,68,2447,12.8,26.0,0.492,3.0,8.3,0.364,9.8,17.7,0.552,0.55,8.1,9.1,0.886,1.1,5.0,6.1,9.4,1.2,0.6,3.6,4.1,36.7,124.0,117,ASNBA3,bookede01,21.9,0.611,0.32,0.35,2.7,11.1,7.1,31.2,1.2,1.0,10.6,29.8,7.2,2.0,9.2,0.181,4.0,-1.0,3.0,3.1
36,Jarrett Allen,25,CLE,C,77,77,2442,10.5,16.6,0.634,0.0,0.1,0.0,10.5,16.4,0.638,0.634,4.7,6.4,0.742,4.9,11.5,16.4,4.2,1.1,1.6,2.4,3.0,25.7,131.0,110,DPOY-10,allenja01,21.8,0.664,0.007,0.383,11.3,25.8,18.7,13.2,1.1,3.0,11.2,19.4,6.8,3.9,10.7,0.21,2.1,0.9,3.0,3.1
37,Jabari Smith Jr.,20,HOU,PF,76,76,2424,7.6,16.7,0.454,2.8,7.6,0.363,4.8,9.1,0.53,0.537,3.0,3.7,0.811,2.8,9.5,12.3,2.4,1.0,1.2,1.8,4.0,20.9,116.0,113,,smithja05,13.8,0.571,0.456,0.222,6.1,21.3,13.6,7.1,1.0,2.3,8.9,17.6,2.4,3.2,5.6,0.111,-0.5,0.1,-0.4,1.0
38,Stephen Curry,35,GSW,PG,74,74,2421,13.0,28.9,0.45,7.1,17.5,0.408,5.9,11.4,0.515,0.573,6.0,6.5,0.923,0.7,5.9,6.6,7.6,1.1,0.6,4.2,2.3,39.1,119.0,117,CPOY-1ASNBA3,curryst01,20.6,0.616,0.606,0.224,1.7,12.9,7.4,24.7,1.1,1.0,11.7,31.3,5.2,2.0,7.2,0.142,6.3,-1.1,5.2,4.4
39,Bam Adebayo,26,MIA,C,71,71,2416,10.9,21.0,0.521,0.3,0.9,0.357,10.6,20.1,0.528,0.529,6.0,8.0,0.755,3.3,11.9,15.2,5.7,1.7,1.4,3.3,3.3,28.2,115.0,109,DPOY-3ASDEF1,adebaba01,19.8,0.576,0.041,0.381,7.4,27.3,17.3,18.9,1.7,2.7,12.0,24.9,2.9,4.3,7.2,0.144,0.8,1.7,2.4,2.7
40,Chet Holmgren,21,OKC,C,82,82,2413,10.1,19.0,0.53,2.6,7.0,0.37,7.5,12.0,0.623,0.598,4.3,5.5,0.793,2.6,10.3,12.9,4.0,1.1,3.8,2.6,3.9,27.0,122.0,108,ROY-2,holmgch01,20.4,0.632,0.366,0.289,6.2,23.1,15.0,11.6,1.1,7.3,10.9,21.6,4.6,4.4,8.9,0.178,1.8,1.5,3.4,3.3
41,Brook Lopez,35,MIL,C,79,79,2411,7.3,15.0,0.485,2.9,8.1,0.366,4.3,7.0,0.621,0.583,2.2,2.7,0.821,2.3,5.8,8.2,2.5,0.9,3.8,1.6,3.8,19.7,121.0,114,,lopezbr01,14.8,0.608,0.535,0.177,5.4,13.0,9.3,7.1,0.9,6.7,8.8,16.0,3.1,2.8,5.9,0.117,0.2,0.8,1.0,1.8
42,Kentavious Caldwell-Pope,30,DEN,SG,76,76,2402,5.6,12.1,0.46,2.6,6.4,0.406,3.0,5.8,0.52,0.566,2.1,2.3,0.894,0.6,3.1,3.8,3.8,2.0,0.9,1.5,3.1,15.8,119.0,115,,caldwke01,10.7,0.602,0.525,0.193,1.5,6.8,4.2,9.5,2.0,1.5,10.5,12.9,2.2,2.6,4.8,0.096,-2.1,0.7,-1.4,0.4
43,Bogdan Bogdanović,31,ATL,SG,79,33,2401,9.4,22.0,0.428,4.8,12.8,0.374,4.6,9.2,0.503,0.537,3.0,3.3,0.921,1.1,4.4,5.4,4.9,1.9,0.5,2.2,3.6,26.6,116.0,120,6MOY-5,bogdabo01,14.7,0.569,0.583,0.149,2.3,10.3,6.2,14.9,1.9,1.0,8.7,22.3,2.8,1.2,3.9,0.079,0.9,-0.7,0.2,1.4
44,Brandon Miller,21,CHO,SF,74,68,2383,9.9,22.4,0.44,3.8,10.2,0.373,6.0,12.2,0.495,0.524,3.0,3.6,0.827,1.2,5.3,6.5,3.6,1.4,0.9,2.7,3.8,26.5,105.0,121,ROY-3,millebr02,13.0,0.552,0.455,0.16,2.7,12.4,7.4,11.6,1.4,1.6,10.2,23.9,-0.3,1.0,0.8,0.015,-0.9,-1.6,-2.6,-0.3
45,Harrison Barnes,31,SAC,PF,82,82,2381,7.1,14.9,0.474,3.0,7.9,0.387,4.0,7.1,0.571,0.576,3.2,4.0,0.801,1.4,3.7,5.1,2.0,1.1,0.2,1.2,2.0,20.4,122.0,119,,barneha02,11.9,0.611,0.526,0.268,3.1,8.8,5.9,5.6,1.1,0.5,6.6,15.7,3.1,1.5,4.7,0.094,-0.6,-1.2,-1.8,0.1
46,Derrick White,29,BOS,SG,73,73,2381,8.0,17.4,0.461,4.1,10.3,0.396,4.0,7.1,0.555,0.578,2.8,3.2,0.901,1.1,5.4,6.4,7.8,1.5,1.8,2.3,3.2,23.0,126.0,112,DPOY-8DEF2,whitede01,16.9,0.611,0.59,0.181,2.4,11.3,7.0,21.2,1.5,3.2,11.0,18.6,5.2,3.3,8.5,0.171,2.4,1.4,3.8,3.5
47,Tobias Harris,31,PHI,PF,70,70,2368,9.6,19.8,0.487,1.9,5.4,0.353,7.7,14.4,0.537,0.535,3.9,4.4,0.878,1.7,7.8,9.4,4.5,1.5,1.0,1.9,2.4,25.0,118.0,114,,harrito02,16.5,0.576,0.271,0.224,3.7,17.7,10.6,13.8,1.5,1.8,8.2,20.7,3.2,2.7,5.9,0.121,1.0,-0.1,0.9,1.7
48,Donte DiVincenzo,27,NYK,SG,81,63,2360,9.5,21.5,0.443,6.0,15.1,0.401,3.5,6.4,0.542,0.584,1.8,2.4,0.754,1.3,5.0,6.3,4.6,2.3,0.8,2.4,3.5,26.9,120.0,113,,divindo01,16.0,0.597,0.702,0.114,3.0,11.2,7.1,13.7,2.3,1.4,9.7,21.3,3.6,3.0,6.6,0.135,2.5,0.9,3.4,3.2
49,Jordan Poole,24,WAS,SG,78,66,2346,9.8,23.6,0.413,3.7,11.2,0.326,6.1,12.4,0.492,0.491,3.8,4.4,0.877,0.6,3.6,4.2,6.8,1.7,0.5,3.7,4.9,27.0,102.0,121,,poolejo01,12.1,0.529,0.476,0.185,1.4,8.4,4.8,21.4,1.7,0.9,12.8,26.4,-1.5,0.8,-0.6,-0.013,-2.0,-1.9,-3.9,-1.2
50,Jaylen Brown,27,BOS,SF,70,70,2343,13.2,26.5,0.499,3.1,8.6,0.354,10.2,17.8,0.57,0.557,4.4,6.3,0.703,1.8,6.4,8.2,5.3,1.8,0.8,3.5,3.9,34.0,113.0,112,AS,brownja02,18.6,0.58,0.326,0.239,4.0,13.4,8.9,16.6,1.8,1.4,10.7,28.9,2.7,3.2,5.9,0.121,0.9,-0.1,0.7,1.6
51,Malik Beasley,27,MIL,SG,79,77,2337,6.6,14.8,0.443,4.6,11.1,0.413,2.0,3.7,0.533,0.598,0.5,0.7,0.714,0.8,5.1,6.0,2.2,1.2,0.2,1.1,3.2,18.3,117.0,118,,beaslma01,10.3,0.603,0.751,0.048,2.0,11.4,6.8,6.1,1.2,0.3,6.8,14.6,1.9,1.6,3.5,0.073,-1.0,-0.8,-1.8,0.1
52,Franz Wagner,22,ORL,SF,72,72,2337,11.2,23.2,0.482,2.0,7.1,0.281,9.2,16.1,0.57,0.525,5.7,6.8,0.85,1.5,6.5,8.1,5.7,1.6,0.6,2.9,3.6,30.1,116.0,112,,wagnefr01,17.6,0.575,0.305,0.291,3.6,15.7,9.6,18.8,1.6,1.1,10.0,25.7,3.1,3.2,6.4,0.131,0.9,0.3,1.2,1.9
53,Kawhi Leonard,32,LAC,SF,68,68,2330,12.9,24.6,0.525,3.0,7.1,0.417,10.0,17.5,0.569,0.585,5.4,6.1,0.885,1.8,7.0,8.8,5.2,2.4,1.3,2.5,2.1,34.2,124.0,114,ASNBA2,leonaka01,23.2,0.626,0.289,0.246,4.2,15.6,10.1,16.9,2.4,2.3,8.5,26.5,6.0,2.9,8.9,0.184,4.8,0.6,5.5,4.4
54,Herbert Jones,25,NOP,SF,76,76,2321,6.2,12.4,0.498,2.4,5.8,0.418,3.8,6.7,0.568,0.595,2.9,3.3,0.867,1.6,4.2,5.7,4.2,2.2,1.3,2.0,4.7,17.7,124.0,113,DPOY-5DEF1,joneshe01,13.2,0.636,0.464,0.269,3.6,9.4,6.5,11.3,2.2,2.6,12.4,14.1,3.3,3.0,6.3,0.131,-0.9,1.5,0.6,1.6
55,Aaron Gordon,28,DEN,PF,73,73,2297,8.6,15.5,0.556,0.9,3.0,0.29,7.7,12.5,0.619,0.584,3.8,5.8,0.658,3.8,6.4,10.2,5.6,1.2,1.0,2.3,3.1,21.9,125.0,114,,gordoaa01,16.8,0.607,0.193,0.376,8.6,13.9,11.4,15.2,1.2,1.7,11.2,17.8,4.5,2.6,7.1,0.148,1.2,0.1,1.3,1.9
56,Klay Thompson,33,GSW,SF,77,63,2284,10.4,24.0,0.432,5.7,14.7,0.387,4.7,9.3,0.503,0.551,2.7,2.9,0.927,0.7,4.6,5.4,3.7,1.1,0.7,2.5,2.7,29.1,113.0,118,,thompkl01,13.9,0.576,0.611,0.121,1.7,10.2,6.0,11.2,1.1,1.4,8.9,24.2,1.8,1.7,3.6,0.075,1.1,-1.5,-0.4,0.9
57,Kyle Kuzma,28,WAS,PF,70,70,2281,12.5,26.9,0.463,3.1,9.2,0.336,9.4,17.7,0.53,0.521,3.8,4.9,0.775,1.3,8.2,9.5,6.1,0.8,1.0,3.9,3.1,31.8,103.0,120,,kuzmaky01,15.7,0.547,0.343,0.183,2.8,19.3,10.9,20.7,0.8,1.8,11.9,29.7,-1.0,1.1,0.2,0.004,0.5,-1.6,-1.1,0.5
58,Jrue Holiday,33,BOS,PG,69,69,2263,7.2,15.0,0.48,3.0,7.0,0.429,4.2,8.0,0.526,0.581,1.3,1.6,0.833,1.8,6.3,8.1,7.3,1.3,1.2,2.7,2.4,18.8,121.0,113,DPOY-6DEF2,holidjr01,14.4,0.597,0.467,0.104,4.2,13.2,8.9,19.3,1.3,2.1,14.7,16.3,3.3,3.0,6.3,0.133,1.0,1.1,2.1,2.4
59,Deni Avdija,23,WAS,SF,75,75,2257,8.4,16.6,0.506,1.8,4.9,0.374,6.6,11.8,0.56,0.56,4.2,5.7,0.74,1.7,9.4,11.2,5.9,1.2,0.7,3.3,3.8,22.8,112.0,119,,avdijde01,14.9,0.597,0.293,0.34,3.9,22.1,12.8,17.8,1.2,1.3,14.8,20.2,1.7,1.5,3.2,0.068,-0.7,-0.2,-0.9,0.6
60,Devin Vassell,23,SAS,SG,68,62,2248,10.5,22.3,0.472,3.5,9.4,0.372,7.0,12.9,0.544,0.55,3.4,4.2,0.801,0.6,4.9,5.5,5.8,1.5,0.5,2.3,1.6,27.9,113.0,118,,vassede01,15.7,0.578,0.422,0.19,1.3,11.3,6.3,19.1,1.5,0.8,8.6,23.5,2.0,1.6,3.6,0.077,0.9,-0.9,0.0,1.1
61,Luguentz Dort,24,OKC,SF,79,79,2246,6.2,14.1,0.438,3.3,8.5,0.394,2.8,5.6,0.506,0.557,2.7,3.3,0.826,1.6,4.5,6.1,2.4,1.5,1.0,1.6,4.9,18.4,117.0,114,,dortlu01,11.1,0.593,0.603,0.236,3.8,10.0,7.0,6.3,1.5,1.9,9.3,15.4,2.0,2.5,4.6,0.097,-1.4,-0.2,-1.6,0.2
62,Max Strus,27,CLE,SF,70,70,2239,6.7,16.1,0.418,3.7,10.6,0.351,3.0,5.5,0.546,0.533,1.7,2.1,0.794,1.5,6.0,7.5,6.2,1.4,0.6,2.5,3.8,18.8,112.0,114,,strusma01,11.7,0.553,0.658,0.133,3.4,13.5,8.5,17.3,1.4,1.2,12.7,17.4,1.2,2.6,3.9,0.083,-1.1,0.5,-0.6,0.8
63,Dillon Brooks,28,HOU,SF,72,72,2227,7.2,16.7,0.428,2.9,8.1,0.359,4.3,8.7,0.492,0.515,2.7,3.2,0.844,1.2,4.2,5.4,2.6,1.4,0.2,1.9,5.2,19.9,109.0,116,,brookdi01,9.4,0.549,0.482,0.191,2.5,9.4,5.9,7.5,1.4,0.4,9.6,17.6,0.6,2.1,2.7,0.058,-3.3,-0.3,-3.6,-0.9
64,Tyrese Haliburton,23,IND,PG,69,68,2224,10.6,22.2,0.477,4.1,11.3,0.364,6.5,10.9,0.595,0.57,4.1,4.8,0.855,0.7,5.0,5.7,16.0,1.8,1.0,3.4,1.6,29.5,129.0,119,ASNBA3,halibty01,23.3,0.605,0.51,0.217,1.8,12.0,6.9,44.9,1.8,1.7,12.2,24.6,7.6,1.5,9.0,0.195,7.3,-0.4,6.9,5.0
65,Jalen Williams,22,OKC,PF,71,71,2223,11.6,21.5,0.54,2.2,5.2,0.427,9.4,16.3,0.576,0.592,3.9,4.8,0.814,0.8,5.3,6.1,7.0,1.7,1.0,2.7,3.8,29.3,122.0,114,CPOY-12,willija06,19.1,0.621,0.243,0.223,1.9,11.8,7.1,21.3,1.7,1.9,10.1,23.7,4.5,2.7,7.3,0.157,2.0,0.3,2.3,2.4
66,P.J. Washington,25,2TM,PF,73,45,2221,7.8,17.8,0.436,2.9,9.1,0.32,4.9,8.7,0.558,0.518,2.2,3.2,0.683,1.9,7.2,9.0,3.1,1.6,1.3,2.1,3.7,20.6,106.0,117,,washipj01,12.2,0.537,0.509,0.179,4.2,16.5,10.3,9.3,1.6,2.4,9.9,19.1,0.0,1.9,1.9,0.04,-1.7,-0.4,-2.1,-0.1
66,P.J. Washington,25,CHO,PF,44,17,1286,8.7,19.5,0.446,3.0,9.4,0.324,5.7,10.2,0.558,0.524,2.6,3.6,0.713,2.0,6.9,8.9,3.7,1.5,1.2,2.5,4.3,23.0,106.0,119,,washipj01,13.0,0.545,0.479,0.185,4.5,16.1,10.1,11.5,1.5,2.3,10.7,21.2,0.0,0.8,0.8,0.028,-1.7,-1.1,-2.8,-0.3
66,P.J. Washington,25,DAL,PF,29,28,935,6.5,15.5,0.421,2.7,8.7,0.314,3.8,6.8,0.556,0.508,1.6,2.6,0.627,1.6,7.5,9.2,2.3,1.7,1.4,1.5,2.9,17.4,106.0,114,,washipj01,11.0,0.522,0.56,0.169,3.7,17.1,10.5,6.2,1.7,2.5,8.5,16.3,0.0,1.1,1.1,0.056,-1.8,0.7,-1.2,0.2
67,Jaden Ivey,21,DET,SG,77,61,2217,9.0,21.1,0.429,2.7,8.0,0.336,6.4,13.1,0.485,0.492,4.9,6.6,0.749,1.9,3.9,5.7,6.4,1.2,0.9,4.1,4.4,25.7,104.0,121,,iveyja01,12.4,0.536,0.379,0.311,4.3,9.1,6.6,20.2,1.2,1.6,14.7,24.9,-0.5,1.0,0.5,0.01,-1.4,-1.7,-3.1,-0.6
68,Ayo Dosunmu,24,CHI,SG,76,37,2212,8.1,16.2,0.501,2.7,6.6,0.403,5.4,9.6,0.568,0.583,1.9,2.4,0.81,1.2,3.7,4.9,5.5,1.5,0.8,2.3,3.7,20.8,118.0,119,,dosunay01,13.4,0.604,0.41,0.146,2.7,8.3,5.5,15.6,1.5,1.7,11.9,17.2,2.6,1.5,4.1,0.089,-0.6,-0.2,-0.8,0.7
69,Zion Williamson,23,NOP,PF,70,70,2207,13.9,24.3,0.57,0.1,0.4,0.333,13.7,23.9,0.574,0.573,7.7,11.0,0.702,2.7,6.3,9.0,7.8,1.7,1.0,4.3,3.5,35.6,119.0,113,,willizi01,22.8,0.61,0.016,0.452,6.2,14.2,10.2,26.5,1.7,2.1,12.8,29.7,4.7,2.8,7.5,0.164,3.3,0.6,3.8,3.3
70,Mike Conley,36,MIN,PG,76,76,2193,6.6,14.5,0.457,4.0,9.1,0.442,2.6,5.4,0.481,0.595,2.3,2.5,0.911,0.8,4.1,4.9,10.1,2.0,0.4,2.3,2.9,19.6,129.0,111,,conlemi01,15.8,0.627,0.629,0.174,2.0,9.0,5.6,28.4,2.0,0.7,12.8,16.0,5.0,3.3,8.2,0.18,2.0,1.4,3.4,3.0
71,Jeremy Sochan,20,SAS,PF,74,73,2193,7.4,16.8,0.438,1.5,4.9,0.308,5.8,11.9,0.492,0.483,2.4,3.1,0.771,3.0,7.3,10.3,5.4,1.3,0.9,3.0,3.6,18.6,104.0,117,,sochaje01,11.4,0.513,0.293,0.186,6.7,16.9,11.7,16.0,1.3,1.5,14.3,18.8,-0.5,1.9,1.4,0.03,-2.8,-0.6,-3.4,-0.8
72,Buddy Hield,31,2TM,SF,84,42,2160,8.2,18.9,0.436,4.9,12.6,0.386,3.4,6.3,0.539,0.565,1.2,1.3,0.881,1.4,4.6,6.0,5.2,1.6,0.9,2.3,3.8,22.5,114.0,118,,hieldbu01,13.3,0.578,0.668,0.069,3.1,10.9,7.0,14.5,1.6,1.6,10.5,19.2,1.9,1.6,3.5,0.077,1.0,-0.6,0.4,1.3
72,Buddy Hield,31,IND,SF,52,28,1336,8.1,18.3,0.443,4.8,12.6,0.384,3.2,5.6,0.575,0.575,1.0,1.2,0.848,1.2,4.7,5.9,4.9,1.5,1.1,2.2,3.6,22.0,115.0,119,,hieldbu01,13.1,0.586,0.691,0.064,2.9,11.3,7.1,12.9,1.5,1.8,10.4,18.6,1.2,0.8,2.0,0.07,1.0,-0.8,0.2,0.7
72,Buddy Hield,31,PHI,SG,32,14,824,8.5,19.9,0.426,4.9,12.6,0.389,3.6,7.3,0.492,0.55,1.4,1.6,0.923,1.6,4.5,6.1,5.8,1.6,0.7,2.4,3.9,23.3,114.0,116,,hieldbu01,13.6,0.566,0.634,0.078,3.6,10.2,6.8,17.1,1.6,1.2,10.6,20.2,0.7,0.8,1.5,0.088,1.0,-0.3,0.8,0.6
73,CJ McCollum,32,NOP,PG,66,66,2159,11.0,24.0,0.459,5.4,12.6,0.429,5.6,11.3,0.492,0.572,2.6,3.2,0.827,0.9,5.6,6.5,6.9,1.4,0.9,2.5,2.9,30.0,118.0,114,,mccolcj01,17.9,0.592,0.528,0.132,2.0,12.6,7.4,21.4,1.4,1.9,9.0,24.7,3.5,2.4,5.9,0.132,3.3,-0.3,3.1,2.8
74,Spencer Dinwiddie,30,2TM,PG,76,52,2152,5.7,14.5,0.392,2.8,8.4,0.337,2.9,6.2,0.467,0.489,3.8,4.8,0.805,0.7,4.0,4.7,8.1,1.2,0.5,2.1,3.1,18.1,117.0,119,,dinwisp01,11.7,0.543,0.575,0.328,1.5,9.0,5.2,22.7,1.2,0.9,11.1,16.6,2.3,1.3,3.6,0.081,-1.3,-0.6,-1.9,0.1
74,Spencer Dinwiddie,30,BRK,PG,48,48,1474,6.6,16.8,0.391,3.0,9.3,0.32,3.6,7.4,0.48,0.48,4.2,5.4,0.781,0.9,4.4,5.3,9.7,1.3,0.3,2.1,2.9,20.3,118.0,119,,dinwisp01,13.5,0.53,0.557,0.321,1.9,10.1,5.9,27.5,1.3,0.6,9.8,18.6,2.0,0.9,2.9,0.095,-0.5,-0.8,-1.3,0.3
74,Spencer Dinwiddie,30,LAL,PG,28,4,678,3.9,9.9,0.397,2.5,6.3,0.389,1.5,3.6,0.412,0.521,3.1,3.5,0.88,0.3,3.0,3.3,4.8,0.9,0.9,2.0,3.6,13.4,113.0,119,,dinwisp01,8.0,0.586,0.638,0.355,0.7,6.7,3.9,12.2,0.9,1.7,15.1,12.2,0.3,0.4,0.7,0.052,-3.2,-0.1,-3.2,-0.2
75,Tre Jones,24,SAS,PG,77,48,2138,6.7,13.3,0.505,1.4,4.2,0.335,5.3,9.1,0.584,0.558,2.2,2.6,0.856,1.3,5.1,6.4,10.6,1.7,0.2,2.6,2.0,17.1,123.0,118,,jonestr01,14.7,0.591,0.318,0.197,2.9,11.8,7.3,30.8,1.7,0.3,15.1,15.2,3.4,1.6,4.9,0.111,-0.4,0.1,-0.4,0.9
76,Grant Williams,25,2TM,PF,76,43,2130,6.3,13.8,0.456,2.9,7.7,0.375,3.4,6.1,0.558,0.56,2.4,3.2,0.757,2.0,5.3,7.2,4.0,1.0,0.9,2.5,5.2,17.9,113.0,119,,willigr01,10.6,0.588,0.555,0.231,4.4,12.2,8.3,11.3,1.0,1.6,14.1,15.9,1.3,1.3,2.6,0.059,-1.9,-0.7,-2.6,-0.3
76,Grant Williams,25,DAL,PF,47,33,1242,5.1,12.2,0.413,3.1,8.1,0.376,2.0,4.1,0.486,0.538,1.6,2.1,0.745,1.8,4.8,6.5,3.1,0.9,1.0,2.0,5.3,14.8,110.0,118,,willigr01,8.3,0.56,0.662,0.174,4.1,10.8,7.4,8.2,0.9,1.9,13.4,13.6,0.4,1.0,1.3,0.052,-2.7,-0.7,-3.4,-0.4
76,Grant Williams,25,CHO,PF,29,10,888,8.1,16.0,0.503,2.6,7.0,0.373,5.4,9.0,0.605,0.585,3.6,4.7,0.765,2.2,6.1,8.3,5.2,1.1,0.7,3.1,4.9,22.3,116.0,121,,willigr01,13.9,0.618,0.438,0.295,4.9,14.2,9.4,15.7,1.1,1.3,14.7,19.0,0.9,0.3,1.3,0.07,-0.8,-0.7,-1.5,0.1
77,Jaren Jackson Jr.,24,MEM,C,66,66,2124,11.9,26.7,0.444,2.7,8.4,0.32,9.2,18.3,0.501,0.494,7.8,9.6,0.808,2.0,6.4,8.4,3.5,1.8,2.4,3.7,5.4,34.2,107.0,113,,jacksja02,17.4,0.552,0.315,0.359,4.2,15.0,9.4,13.1,1.8,4.7,10.6,30.4,0.2,2.8,3.0,0.067,0.0,0.4,0.4,1.3
78,Tim Hardaway Jr.,31,DAL,SF,79,12,2120,8.9,22.1,0.402,4.8,13.5,0.353,4.1,8.6,0.478,0.51,3.3,3.8,0.852,0.5,5.3,5.7,3.1,1.0,0.1,1.6,2.4,25.8,109.0,119,6MOY-9,hardati02,12.1,0.542,0.612,0.173,1.1,11.9,6.5,9.2,1.0,0.2,6.2,22.6,0.8,1.4,2.2,0.05,-0.8,-2.1,-2.9,-0.5
79,Nic Claxton,24,BRK,C,71,71,2116,8.6,13.6,0.629,0.0,0.1,0.2,8.5,13.5,0.633,0.63,2.5,4.6,0.551,4.5,12.0,16.5,3.4,1.1,3.4,2.2,4.1,19.7,124.0,111,,claxtni01,18.7,0.629,0.009,0.337,9.7,27.3,18.2,10.4,1.1,6.2,12.2,15.6,3.5,3.2,6.7,0.152,-0.3,1.5,1.2,1.7
80,Jaime Jaquez Jr.,22,MIA,SF,75,20,2113,8.1,16.5,0.489,1.5,4.8,0.322,6.5,11.7,0.558,0.536,3.4,4.1,0.811,1.9,4.8,6.7,4.6,1.8,0.5,2.6,3.9,21.0,112.0,113,ROY-46MOY-9,jaqueja01,12.9,0.574,0.29,0.251,4.4,11.0,7.6,13.9,1.8,0.9,12.4,18.7,1.4,2.7,4.0,0.092,-2.2,0.3,-1.9,0.1
81,Taurean Prince,29,LAL,PF,78,49,2108,5.7,12.9,0.442,3.2,8.0,0.396,2.5,4.9,0.519,0.566,1.1,1.5,0.735,0.5,4.7,5.2,2.7,1.3,0.8,1.6,3.3,15.7,108.0,118,,princta02,8.8,0.579,0.622,0.119,1.2,10.5,6.1,7.2,1.3,1.4,10.8,13.8,0.3,1.7,1.9,0.043,-2.6,-0.2,-2.8,-0.4
82,Victor Wembanyama,20,SAS,C,71,71,2106,12.4,26.7,0.465,2.9,8.9,0.325,9.5,17.9,0.534,0.519,6.6,8.3,0.796,3.6,13.4,17.0,6.2,2.0,5.7,5.9,3.4,34.3,104.0,106,ROY-1DPOY-2DEF1,wembavi01,23.1,0.565,0.332,0.309,8.2,30.7,19.4,21.5,2.0,10.0,16.2,32.2,-0.7,4.4,3.7,0.085,1.9,3.3,5.2,3.8
83,Jaden McDaniels,23,MIN,SF,72,71,2105,7.2,14.7,0.489,2.0,6.0,0.337,5.2,8.8,0.592,0.557,1.3,1.9,0.722,1.3,3.9,5.3,2.4,1.5,1.0,2.0,5.1,17.8,108.0,112,DEF2,mcdanja02,9.4,0.571,0.406,0.126,3.2,8.7,6.0,6.8,1.5,1.8,11.6,15.7,0.3,3.1,3.4,0.077,-3.3,0.7,-2.6,-0.3
84,Brandon Ingram,26,NOP,SF,64,64,2103,11.7,23.7,0.492,2.0,5.6,0.355,9.7,18.1,0.534,0.534,5.7,7.2,0.801,1.0,6.6,7.6,8.5,1.2,0.9,3.8,3.4,31.1,115.0,114,,ingrabr01,18.2,0.578,0.238,0.302,2.3,14.7,8.6,26.7,1.2,1.9,12.4,27.2,2.7,2.4,5.1,0.117,1.4,-0.3,1.2,1.7
85,Scottie Barnes,22,TOR,SG,60,60,2094,10.3,21.7,0.475,2.3,6.8,0.341,8.0,14.9,0.536,0.528,4.5,5.8,0.781,3.3,8.1,11.4,8.4,1.7,2.0,3.8,2.7,27.5,114.0,116,AS,barnesc01,19.5,0.566,0.314,0.266,7.3,18.9,13.0,26.2,1.7,3.7,13.6,24.8,2.3,2.0,4.3,0.098,2.9,0.8,3.7,3.0
86,Jusuf Nurkić,29,PHO,C,76,76,2078,7.5,14.7,0.51,0.5,2.1,0.244,7.0,12.6,0.555,0.528,3.9,6.1,0.64,5.3,14.4,19.7,7.1,1.9,1.9,4.1,6.0,19.5,114.0,108,,nurkiju01,17.4,0.559,0.144,0.416,12.8,31.7,22.8,19.9,1.9,3.4,19.1,19.1,2.0,3.8,5.8,0.133,-1.0,2.1,1.1,1.6
87,Myles Turner,27,IND,C,77,77,2076,10.8,20.7,0.524,2.6,7.4,0.358,8.2,13.3,0.615,0.587,5.6,7.2,0.773,2.6,9.5,12.1,2.3,0.9,3.3,2.5,5.3,29.8,120.0,115,,turnemy01,19.3,0.626,0.356,0.349,6.2,22.9,14.5,6.4,0.9,5.5,9.4,23.4,3.6,2.2,5.8,0.134,1.0,-0.1,0.9,1.5
88,Collin Sexton,25,UTA,SG,78,51,2075,11.8,24.1,0.487,3.0,7.6,0.394,8.8,16.6,0.53,0.549,7.4,8.6,0.859,1.7,3.1,4.8,8.9,1.4,0.4,3.8,3.6,33.9,122.0,123,,sextoco01,19.9,0.607,0.313,0.356,3.8,7.1,5.4,29.5,1.4,0.8,12.1,27.5,5.2,0.3,5.5,0.127,3.8,-1.9,1.9,2.0
89,Cam Thomas,22,BRK,SG,66,51,2075,12.6,28.4,0.442,3.4,9.5,0.364,9.1,19.0,0.481,0.503,6.8,8.0,0.856,0.7,4.4,5.1,4.6,1.1,0.4,3.0,3.3,35.4,110.0,119,,thomaca02,16.1,0.554,0.333,0.281,1.4,10.1,5.6,15.7,1.1,0.7,8.5,30.5,1.3,1.2,2.5,0.058,0.7,-1.9,-1.2,0.4
90,Cade Cunningham,22,DET,PG,62,62,2074,12.2,27.1,0.449,2.8,7.8,0.355,9.4,19.3,0.487,0.5,5.5,6.4,0.869,0.8,5.5,6.2,10.8,1.3,0.5,4.9,3.5,32.6,108.0,120,,cunnica01,17.1,0.546,0.287,0.235,1.7,12.9,7.2,37.5,1.3,0.9,14.1,30.8,0.7,1.0,1.8,0.041,2.0,-1.6,0.3,1.2
91,Corey Kispert,24,WAS,SF,80,22,2067,8.7,18.0,0.486,4.2,10.9,0.383,4.6,7.1,0.643,0.602,2.6,3.6,0.726,0.7,4.4,5.1,3.5,0.9,0.4,2.2,3.2,24.2,114.0,123,,kispeco01,12.8,0.62,0.605,0.198,1.5,10.3,5.8,10.7,0.9,0.6,10.2,19.6,1.7,0.4,2.1,0.048,-0.2,-2.0,-2.1,-0.1
92,Saddiq Bey,24,ATL,SF,63,51,2062,6.7,16.2,0.416,2.6,8.3,0.316,4.1,7.9,0.522,0.497,4.0,4.7,0.837,3.9,5.7,9.6,2.1,1.2,0.3,1.3,2.0,20.1,120.0,121,,beysa01,13.1,0.549,0.514,0.291,8.5,13.4,10.9,6.0,1.2,0.5,6.4,17.0,2.8,0.7,3.5,0.081,0.1,-2.0,-1.8,0.1
93,Kelly Oubre Jr.,28,PHI,SF,68,52,2055,9.3,21.0,0.441,2.4,7.8,0.311,6.8,13.2,0.517,0.498,4.2,5.6,0.75,2.3,5.9,8.2,2.4,1.8,1.1,2.1,4.6,25.1,109.0,114,,oubreke01,13.5,0.535,0.37,0.264,5.0,13.5,9.2,7.3,1.8,2.1,8.2,22.4,0.6,2.4,3.0,0.07,-1.5,-0.7,-2.3,-0.1
94,Alperen Şengün,21,HOU,C,63,63,2046,12.5,23.3,0.537,0.8,2.6,0.297,11.7,20.6,0.567,0.553,5.8,8.3,0.693,4.3,9.6,14.0,7.4,1.8,1.1,3.8,5.0,31.6,118.0,111,,sengual01,22.0,0.585,0.113,0.358,9.5,21.5,15.4,25.2,1.8,2.1,12.5,27.0,3.8,3.1,6.9,0.163,3.1,1.7,4.9,3.5
95,Jimmy Butler,34,MIA,PF,60,60,2042,9.7,19.4,0.499,1.5,3.5,0.414,8.2,15.8,0.519,0.537,9.6,11.2,0.858,2.6,5.2,7.8,7.3,1.9,0.4,2.5,1.7,30.4,129.0,113,,butleji01,22.0,0.626,0.183,0.579,5.8,11.9,8.8,23.1,1.9,0.8,9.3,24.0,6.4,2.7,9.1,0.214,3.9,0.7,4.6,3.4
96,Alex Caruso,29,CHI,SG,71,57,2040,6.2,13.2,0.468,3.3,8.1,0.408,2.9,5.1,0.563,0.593,1.8,2.3,0.76,1.5,5.2,6.7,6.0,2.9,1.7,2.5,4.4,17.5,119.0,113,DPOY-10DEF2,carusal01,14.5,0.613,0.616,0.177,3.3,11.8,7.5,16.4,2.9,3.5,14.9,14.7,2.3,2.6,4.9,0.115,0.2,2.3,2.5,2.3
97,Terry Rozier,29,2TM,SG,61,60,2040,10.7,24.3,0.443,3.6,10.0,0.363,7.1,14.3,0.498,0.518,4.2,4.8,0.869,0.9,5.2,6.0,8.3,1.5,0.5,2.6,2.5,29.3,114.0,118,,roziete01,17.3,0.555,0.411,0.198,1.9,12.0,6.8,27.5,1.5,1.0,8.9,25.9,2.3,1.6,3.9,0.091,2.2,-0.7,1.5,1.8
97,Terry Rozier,29,CHO,SG,30,30,1065,11.7,25.4,0.459,3.8,10.8,0.358,7.8,14.7,0.533,0.535,5.1,6.0,0.845,0.8,4.6,5.4,9.2,1.5,0.6,3.0,2.4,32.3,116.0,121,,roziete01,19.2,0.574,0.423,0.235,1.7,10.9,6.2,31.3,1.5,1.1,9.7,27.8,1.6,0.4,2.0,0.09,3.8,-1.5,2.3,1.1
97,Terry Rozier,29,MIA,PG,31,30,975,9.7,23.0,0.423,3.4,9.1,0.371,6.3,13.9,0.458,0.497,3.2,3.5,0.913,0.9,5.7,6.7,7.4,1.6,0.5,2.1,2.5,26.0,111.0,113,,roziete01,15.1,0.531,0.396,0.154,2.1,13.1,7.6,23.4,1.6,0.9,7.9,23.8,0.6,1.2,1.9,0.092,0.4,0.3,0.7,0.7
98,Keldon Johnson,24,SAS,SF,69,27,2038,9.1,20.1,0.454,3.0,8.5,0.346,6.1,11.5,0.533,0.527,4.1,5.1,0.792,2.2,6.6,8.8,4.5,1.2,0.5,2.3,3.5,25.2,112.0,118,,johnske04,14.2,0.565,0.426,0.256,5.0,15.1,10.0,14.2,1.2,0.8,9.4,21.9,1.5,1.5,3.0,0.071,-0.3,-1.4,-1.7,0.2
99,Kyrie Irving,31,DAL,SG,58,58,2030,13.3,26.7,0.497,4.1,9.9,0.411,9.2,16.8,0.548,0.573,4.5,5.0,0.905,1.0,5.8,6.9,7.1,1.7,0.7,2.5,2.6,35.1,122.0,116,CPOY-7,irvinky01,21.9,0.608,0.372,0.186,2.4,13.2,7.8,23.8,1.7,1.2,8.0,28.1,4.9,2.0,6.9,0.163,4.8,0.1,4.9,3.6
100,Karl-Anthony Towns,28,MIN,PF,62,62,2026,11.7,23.2,0.504,3.3,8.0,0.416,8.4,15.2,0.55,0.575,6.2,7.1,0.873,2.3,10.3,12.6,4.6,1.0,1.0,4.3,5.0,32.9,115.0,109,AS,townska01,18.8,0.625,0.344,0.307,5.5,22.6,14.4,15.1,1.0,1.8,14.1,27.4,2.6,3.6,6.3,0.148,1.6,0.9,2.5,2.3
101,Jalen Suggs,22,ORL,SG,75,75,2025,8.2,17.5,0.471,3.7,9.4,0.397,4.5,8.0,0.556,0.578,2.9,3.8,0.756,1.2,4.4,5.6,5.0,2.6,1.1,3.2,5.0,23.1,113.0,110,DPOY-10DEF2,suggsja01,14.1,0.602,0.539,0.218,2.8,10.6,6.6,15.0,2.6,2.2,14.4,19.7,1.5,3.2,4.7,0.112,-0.6,1.6,1.0,1.5
102,Keyonte George,20,UTA,PG,75,44,2023,7.6,19.4,0.391,3.5,10.5,0.334,4.1,8.9,0.459,0.482,4.5,5.3,0.848,0.4,4.7,5.0,7.9,0.9,0.2,4.5,2.2,23.2,104.0,124,,georgke01,10.4,0.533,0.54,0.274,0.8,10.6,5.7,23.1,0.9,0.3,17.1,22.8,-0.4,0.1,-0.3,-0.008,-1.5,-2.9,-4.4,-1.2
103,Josh Giddey,21,OKC,SG,80,80,2011,9.6,20.3,0.475,2.0,5.8,0.337,7.7,14.4,0.53,0.523,2.4,3.0,0.806,2.7,9.6,12.3,9.2,1.2,1.1,4.0,2.7,23.6,111.0,112,,giddejo01,16.6,0.547,0.287,0.146,6.4,21.5,14.2,26.6,1.2,2.0,15.7,23.1,1.4,2.9,4.3,0.102,1.0,0.4,1.5,1.8
104,Bobby Portis,28,MIL,PF,82,4,2008,11.2,22.0,0.508,2.4,5.9,0.407,8.8,16.1,0.545,0.562,2.3,3.0,0.79,3.4,11.1,14.5,2.5,1.6,0.8,2.2,4.5,27.0,115.0,113,6MOY-3,portibo01,17.5,0.581,0.268,0.135,7.9,24.8,16.6,7.8,1.6,1.4,8.6,22.9,2.1,2.6,4.7,0.112,0.0,-0.8,-0.8,0.6
105,Aaron Nesmith,24,IND,SF,72,47,1995,7.4,15.0,0.496,3.3,7.9,0.419,4.1,7.1,0.581,0.606,2.5,3.2,0.781,1.5,5.0,6.5,2.6,1.5,1.2,1.5,5.7,20.7,123.0,119,,nesmiaa01,12.8,0.631,0.526,0.216,3.6,12.0,7.8,6.6,1.5,2.0,8.4,16.0,2.8,1.3,4.1,0.098,-0.3,-0.2,-0.5,0.8
106,Gary Trent Jr.,25,TOR,SG,71,41,1994,8.7,20.5,0.426,4.3,11.0,0.393,4.4,9.5,0.464,0.531,1.8,2.3,0.771,0.6,3.9,4.6,2.9,1.9,0.2,1.1,2.3,23.6,110.0,121,,trentga02,12.0,0.548,0.535,0.113,1.4,9.2,5.2,8.6,1.9,0.4,5.0,20.0,0.8,0.9,1.7,0.04,-1.2,-1.4,-2.6,-0.3
107,Norman Powell,30,LAC,SG,76,3,1990,9.3,19.1,0.486,4.1,9.5,0.435,5.1,9.5,0.536,0.594,3.5,4.3,0.831,0.4,4.4,4.8,2.0,1.1,0.5,1.6,3.4,26.2,120.0,119,6MOY-4,powelno01,13.9,0.626,0.5,0.224,0.9,9.8,5.5,5.9,1.1,1.0,7.3,20.0,2.8,1.3,4.1,0.099,0.4,-1.2,-0.8,0.6
108,Immanuel Quickley,24,2TM,SG,68,38,1985,9.6,22.1,0.434,4.2,10.7,0.395,5.4,11.4,0.471,0.53,5.2,6.1,0.853,0.4,6.0,6.4,8.2,1.2,0.2,2.5,2.9,28.6,119.0,119,,quickim01,16.7,0.577,0.484,0.274,0.9,13.7,7.2,24.6,1.2,0.5,9.2,23.8,3.5,1.2,4.7,0.115,2.2,-0.9,1.3,1.7
108,Immanuel Quickley,24,NYK,SG,30,0,720,10.6,23.5,0.454,4.5,11.3,0.395,6.2,12.1,0.509,0.549,5.7,6.6,0.872,0.4,5.0,5.4,5.2,1.1,0.2,2.2,3.1,31.5,123.0,117,,quickim01,17.1,0.598,0.484,0.281,0.8,11.3,6.0,15.9,1.1,0.4,7.6,24.4,1.6,0.6,2.2,0.149,2.7,-0.2,2.5,0.8
108,Immanuel Quickley,24,TOR,PG,38,38,1265,9.0,21.3,0.422,4.1,10.3,0.395,4.9,11.0,0.448,0.518,4.8,5.8,0.841,0.5,6.5,6.9,9.8,1.3,0.3,2.7,2.9,27.0,117.0,120,,quickim01,16.5,0.564,0.485,0.27,1.0,15.1,7.9,29.5,1.3,0.5,10.1,23.5,1.9,0.6,2.5,0.095,1.9,-1.3,0.6,0.8
109,Brandin Podziemski,20,GSW,SG,74,28,1968,6.7,14.7,0.454,2.2,5.8,0.385,4.5,8.9,0.499,0.529,1.2,1.9,0.633,2.9,7.6,10.5,6.7,1.5,0.3,2.2,3.0,16.8,118.0,115,ROY-5,podzibr01,13.0,0.54,0.392,0.132,6.6,16.7,11.7,18.1,1.5,0.6,12.2,15.4,2.1,2.0,4.1,0.1,-0.5,0.4,-0.1,0.9
110,Naz Reid,24,MIN,PF,81,14,1964,10.2,21.4,0.477,4.3,10.3,0.414,6.0,11.1,0.535,0.576,2.7,3.7,0.736,1.8,8.8,10.6,2.7,1.6,1.8,2.8,4.3,27.4,111.0,107,6MOY-1,reidna01,16.0,0.595,0.479,0.174,4.4,19.3,12.2,8.3,1.6,3.3,10.8,23.1,1.1,3.8,4.9,0.12,0.4,1.1,1.5,1.7
111,Caris LeVert,29,CLE,SG,68,10,1958,8.7,20.7,0.421,2.7,8.4,0.325,6.0,12.3,0.486,0.487,3.9,5.1,0.766,1.0,6.1,7.1,8.7,1.9,0.9,3.0,3.1,24.0,110.0,113,,leverca01,14.6,0.524,0.405,0.245,2.3,13.7,8.0,25.7,1.9,1.6,11.4,23.1,1.0,2.6,3.6,0.088,-0.6,0.8,0.2,1.1
112,Royce O'Neale,30,2TM,SF,79,14,1954,5.4,13.6,0.397,3.9,10.6,0.37,1.5,2.9,0.496,0.542,0.6,0.9,0.686,1.5,8.0,9.5,5.5,1.5,1.1,1.8,4.4,15.3,115.0,115,,onealro01,11.1,0.548,0.783,0.065,3.4,17.9,10.7,15.0,1.5,2.0,11.6,13.9,1.3,2.1,3.4,0.085,-1.0,1.0,0.0,1.0
112,Royce O'Neale,30,BRK,SF,49,6,1202,5.2,13.4,0.388,4.0,10.9,0.366,1.2,2.5,0.483,0.537,0.6,0.9,0.682,1.6,7.5,9.1,5.6,1.3,1.2,2.1,4.9,15.0,112.0,116,,onealro01,10.4,0.544,0.815,0.068,3.4,17.1,10.1,15.5,1.3,2.2,13.2,13.9,0.6,1.2,1.8,0.07,-1.6,0.8,-0.7,0.4
112,Royce O'Neale,30,PHO,SF,30,8,752,5.7,13.9,0.411,3.8,10.2,0.376,1.9,3.7,0.509,0.549,0.6,0.8,0.692,1.4,8.7,10.1,5.3,1.8,1.0,1.4,3.5,15.8,119.0,113,,onealro01,12.3,0.555,0.734,0.061,3.5,19.2,11.7,14.3,1.8,1.8,9.1,13.9,0.8,0.9,1.7,0.108,-0.2,1.4,1.3,0.6
113,Jonathan Kuminga,21,GSW,PF,74,46,1949,11.3,21.4,0.529,1.3,4.1,0.321,10.0,17.3,0.578,0.56,5.5,7.4,0.746,2.3,6.5,8.8,4.0,1.4,0.9,3.0,4.2,29.5,117.0,116,,kuminjo01,17.0,0.598,0.191,0.347,5.2,14.4,9.8,12.5,1.4,1.7,10.9,24.1,2.7,1.9,4.6,0.113,0.0,-0.4,-0.4,0.8
114,Donovan Mitchell,27,CLE,SG,55,55,1942,12.8,27.7,0.462,4.6,12.6,0.368,8.2,15.1,0.539,0.545,7.0,8.1,0.865,1.2,6.0,7.1,8.5,2.6,0.8,3.9,3.0,37.2,117.0,111,AS,mitchdo01,22.1,0.595,0.454,0.292,2.7,13.4,8.1,28.3,2.6,1.4,11.1,31.4,3.6,2.9,6.4,0.159,4.6,1.2,5.8,3.9
115,Trae Young,25,ATL,PG,54,54,1942,10.7,24.9,0.43,4.3,11.6,0.373,6.4,13.3,0.479,0.516,8.6,10.1,0.855,0.6,3.1,3.7,14.4,1.8,0.3,5.8,2.7,34.3,117.0,122,AS,youngtr01,20.3,0.585,0.465,0.404,1.2,7.3,4.2,45.1,1.8,0.5,16.5,30.5,4.0,0.6,4.6,0.114,4.9,-2.3,2.6,2.2
116,Dorian Finney-Smith,30,BRK,PF,68,56,1934,5.5,13.1,0.421,3.0,8.6,0.348,2.5,4.5,0.56,0.535,0.8,1.2,0.717,2.8,5.3,8.1,2.7,1.4,1.0,1.5,3.8,14.9,113.0,117,,finnedo01,10.1,0.546,0.658,0.09,6.0,12.1,9.0,7.6,1.4,1.8,10.0,13.2,1.0,1.6,2.6,0.065,-2.0,-0.1,-2.0,0.0
117,Tyus Jones,27,WAS,PG,66,66,1933,7.9,16.1,0.489,2.6,6.2,0.414,5.3,9.9,0.537,0.569,0.8,1.0,0.8,0.5,3.8,4.3,11.7,1.7,0.4,1.6,1.2,19.1,126.0,121,,jonesty01,16.5,0.578,0.384,0.06,1.1,9.0,5.0,34.6,1.7,0.8,8.8,16.3,3.9,0.7,4.5,0.113,1.5,-0.9,0.7,1.3
118,Jonas Valančiūnas,31,NOP,C,82,82,1925,10.2,18.3,0.559,0.9,3.1,0.308,9.3,15.3,0.609,0.585,4.1,5.2,0.785,4.7,13.6,18.4,4.4,0.8,1.7,2.8,5.6,25.5,123.0,110,,valanjo01,19.8,0.619,0.167,0.285,10.9,30.6,20.9,13.3,0.8,3.5,12.1,20.8,3.9,3.1,7.1,0.177,0.7,0.5,1.2,1.6
119,Nickeil Alexander-Walker,25,MIN,SG,82,20,1921,6.1,13.8,0.439,3.4,8.6,0.391,2.7,5.2,0.517,0.56,1.3,1.7,0.8,0.9,3.4,4.3,5.2,1.6,1.1,2.0,3.7,16.9,115.0,111,,alexani01,10.9,0.578,0.623,0.121,2.2,7.5,4.9,14.5,1.6,1.9,11.8,14.8,1.5,2.8,4.3,0.107,-1.1,1.3,0.2,1.1
120,Andrew Wiggins,28,GSW,SF,71,59,1920,8.9,19.7,0.453,2.3,6.4,0.358,6.6,13.3,0.498,0.511,3.6,4.8,0.751,2.7,5.4,8.1,3.0,1.1,1.0,2.2,3.7,23.7,112.0,117,,wiggian01,12.7,0.544,0.326,0.242,6.2,11.8,9.0,8.6,1.1,1.9,9.2,20.9,1.2,1.6,2.8,0.07,-1.4,-1.2,-2.5,-0.3
121,Duncan Robinson,29,MIA,SF,68,36,1905,8.0,17.7,0.45,4.9,12.4,0.395,3.1,5.3,0.579,0.589,2.1,2.4,0.889,0.4,4.1,4.5,5.0,1.2,0.4,2.5,4.3,22.9,114.0,115,,robindu01,12.2,0.612,0.701,0.133,0.9,9.5,5.1,15.1,1.2,0.8,11.7,19.0,1.6,2.0,3.6,0.091,-0.5,-0.4,-0.9,0.6
122,John Collins,26,UTA,PF,68,66,1901,10.1,18.9,0.532,2.2,5.9,0.371,7.9,13.0,0.605,0.59,3.7,4.7,0.795,4.0,10.6,14.6,2.0,1.0,1.5,2.5,4.8,26.1,121.0,118,,collijo01,17.5,0.621,0.311,0.248,9.2,24.0,16.7,6.1,1.0,2.9,10.6,20.4,3.1,1.3,4.4,0.11,0.5,-1.4,-0.9,0.5
123,Darius Garland,24,CLE,PG,57,57,1901,9.7,21.9,0.446,3.4,9.3,0.371,6.3,12.6,0.501,0.524,3.8,4.5,0.834,0.8,3.2,4.0,9.7,1.9,0.2,4.6,2.5,26.7,108.0,115,,garlada01,14.5,0.56,0.423,0.208,1.8,7.1,4.5,29.4,1.9,0.3,16.1,25.3,0.7,2.0,2.7,0.067,0.2,-1.2,-1.0,0.5
124,Isaiah Hartenstein,25,NYK,C,75,49,1896,6.2,9.7,0.644,0.0,0.1,0.333,6.2,9.6,0.646,0.645,3.0,4.2,0.707,6.5,10.2,16.6,5.0,2.3,2.3,2.5,5.6,15.5,136.0,108,,harteis01,18.9,0.67,0.008,0.43,14.4,22.7,18.5,13.5,2.3,4.2,17.6,12.0,4.6,3.5,8.1,0.204,0.7,2.8,3.5,2.6
125,Eric Gordon,35,PHO,SG,68,24,1893,7.1,15.9,0.443,3.9,10.2,0.378,3.2,5.7,0.561,0.565,1.3,1.7,0.797,0.4,2.7,3.1,3.6,1.7,0.8,1.9,2.0,19.3,112.0,117,,gordoer01,10.8,0.58,0.642,0.104,1.0,6.0,3.6,10.0,1.7,1.4,10.2,16.5,1.0,1.5,2.5,0.063,-1.3,-0.5,-1.7,0.1
126,Jalen Johnson,22,ATL,SF,56,52,1889,9.1,17.8,0.511,1.8,5.1,0.355,7.3,12.7,0.574,0.562,2.7,3.7,0.728,1.9,10.5,12.4,5.2,1.7,1.2,2.6,3.4,22.7,117.0,116,,johnsja05,16.3,0.584,0.285,0.209,4.1,24.8,14.1,15.4,1.7,2.2,11.6,19.1,2.1,1.7,3.8,0.098,0.4,0.8,1.2,1.5
127,Isaac Okoro,23,CLE,SF,69,42,1887,6.2,12.6,0.49,2.2,5.6,0.391,4.0,6.9,0.57,0.577,2.4,3.6,0.679,1.8,3.6,5.4,3.5,1.5,0.9,1.4,3.7,16.9,121.0,115,,okorois01,11.4,0.599,0.448,0.285,4.0,8.2,6.1,9.5,1.5,1.6,9.1,13.9,2.1,2.0,4.2,0.106,-1.8,0.7,-1.1,0.4
128,Clint Capela,29,ATL,C,73,73,1883,9.0,15.7,0.571,0.0,0.0,0.0,9.0,15.7,0.572,0.571,3.3,5.2,0.631,8.5,11.2,19.8,2.3,1.1,2.7,1.9,4.2,21.3,128.0,115,,capelca01,20.7,0.59,0.002,0.333,18.7,26.5,22.4,6.9,1.1,5.1,9.5,17.3,4.4,1.9,6.3,0.161,1.0,-1.0,0.1,1.0
129,Terance Mann,27,LAC,SG,75,71,1873,6.7,13.0,0.515,1.9,5.4,0.348,4.8,7.6,0.633,0.587,2.1,2.5,0.832,2.3,4.4,6.7,3.1,1.1,0.4,1.3,3.8,17.3,127.0,119,,mannte01,12.0,0.615,0.414,0.193,5.4,9.7,7.7,8.5,1.1,0.7,8.2,13.6,3.0,1.2,4.2,0.106,-0.8,-0.7,-1.5,0.2
130,Malik Monk,25,SAC,SG,72,0,1872,10.3,23.2,0.443,3.8,11.0,0.35,6.4,12.2,0.528,0.526,4.4,5.3,0.829,0.7,4.8,5.5,9.6,1.2,1.0,3.9,4.0,28.8,113.0,117,CPOY-126MOY-2,monkma01,16.0,0.564,0.474,0.23,1.6,11.3,6.3,28.9,1.2,1.9,13.2,25.9,1.9,1.6,3.5,0.09,1.5,-1.0,0.6,1.2
131,Bruce Brown,27,2TM,SG,67,44,1866,7.1,14.9,0.478,1.4,4.2,0.323,5.8,10.7,0.538,0.523,3.0,3.6,0.824,1.4,5.9,7.3,4.9,1.5,0.4,2.2,3.8,18.6,113.0,120,,brownbr01,11.6,0.563,0.282,0.244,3.1,14.0,8.5,13.2,1.5,0.8,11.8,16.5,1.2,1.0,2.2,0.058,-2.4,-1.0,-3.3,-0.6
131,Bruce Brown,27,IND,SG,33,33,981,7.2,15.1,0.475,1.6,4.9,0.327,5.6,10.2,0.545,0.527,3.2,3.9,0.817,1.2,6.2,7.4,4.8,1.7,0.4,2.0,3.9,19.1,116.0,119,,brownbr01,12.2,0.568,0.322,0.261,2.9,14.9,8.9,12.3,1.7,0.6,10.5,16.7,0.9,0.6,1.5,0.074,-1.7,-0.5,-2.3,-0.1
131,Bruce Brown,27,TOR,PG,34,11,885,7.0,14.6,0.481,1.1,3.4,0.317,5.9,11.2,0.532,0.519,2.7,3.3,0.833,1.5,5.6,7.1,5.0,1.3,0.5,2.5,3.7,17.9,110.0,121,,brownbr01,10.9,0.557,0.235,0.224,3.4,12.9,8.1,14.3,1.3,0.9,13.3,16.4,0.3,0.4,0.7,0.04,-3.1,-1.4,-4.5,-0.5
132,Jamal Murray,26,DEN,PG,59,59,1861,12.6,26.3,0.481,3.9,9.1,0.425,8.8,17.2,0.51,0.554,4.2,4.9,0.853,1.1,5.3,6.4,10.2,1.5,1.0,3.3,2.8,33.3,119.0,114,,murraja01,20.7,0.586,0.346,0.187,2.6,11.6,7.2,31.2,1.5,1.8,10.5,27.9,3.8,2.1,5.9,0.153,4.5,-0.4,4.1,2.9
133,RJ Barrett,23,2TM,SG,58,58,1838,11.7,23.5,0.495,2.4,6.7,0.36,9.3,16.8,0.549,0.547,5.6,7.8,0.715,1.4,7.0,8.4,5.2,0.8,0.6,3.4,3.5,31.3,112.0,119,,barrerj01,16.4,0.58,0.284,0.331,3.1,16.0,9.5,16.7,0.8,1.1,11.1,26.5,1.6,1.2,2.9,0.075,0.7,-1.5,-0.8,0.6
133,RJ Barrett,23,NYK,SG,26,26,766,10.8,25.5,0.423,2.8,8.6,0.331,8.0,17.0,0.469,0.478,6.8,8.2,0.831,1.3,6.1,7.3,4.1,0.8,0.6,3.1,3.0,31.2,110.0,116,,barrerj01,14.3,0.536,0.335,0.32,2.8,13.5,8.1,12.8,0.8,1.1,9.6,27.6,0.4,0.7,1.1,0.07,-0.3,-1.7,-2.0,0.0
133,RJ Barrett,23,TOR,SG,32,32,1072,12.3,22.2,0.553,2.1,5.4,0.392,10.1,16.8,0.605,0.601,4.7,7.5,0.629,1.5,7.7,9.2,5.9,0.9,0.6,3.6,3.8,31.4,114.0,120,,barrerj01,17.8,0.615,0.244,0.339,3.4,17.8,10.5,19.5,0.9,1.1,12.3,25.7,1.2,0.5,1.7,0.078,1.5,-1.4,0.1,0.6
134,Georges Niang,30,CLE,PF,82,10,1831,7.7,17.1,0.449,4.0,10.7,0.376,3.6,6.4,0.572,0.567,1.4,1.6,0.85,0.6,6.9,7.5,2.6,0.8,0.5,1.9,5.2,20.7,109.0,115,,niangge01,9.9,0.583,0.627,0.095,1.4,15.5,8.5,7.5,0.8,0.9,9.9,17.6,0.5,2.0,2.4,0.064,-2.5,-0.4,-2.9,-0.4
135,Jerami Grant,29,POR,PF,54,54,1830,10.3,22.9,0.451,3.0,7.4,0.402,7.3,15.5,0.474,0.516,6.9,8.4,0.817,1.0,4.2,5.2,4.1,1.2,0.9,3.1,3.2,30.5,113.0,120,,grantje01,15.4,0.573,0.325,0.367,2.1,10.0,5.8,13.8,1.2,1.7,10.5,25.7,1.7,1.0,2.7,0.071,1.0,-1.1,-0.1,0.9
136,Rui Hachimura,25,LAL,PF,68,39,1826,9.5,17.6,0.537,2.6,6.0,0.422,6.9,11.6,0.597,0.609,2.6,3.5,0.739,1.5,6.1,7.7,2.1,1.1,0.7,1.2,2.6,24.0,121.0,117,,hachiru01,15.0,0.628,0.343,0.198,3.7,13.7,8.9,6.3,1.1,1.2,5.9,18.5,2.7,1.5,4.1,0.108,0.0,-0.9,-0.9,0.5
137,Payton Pritchard,26,BOS,PG,82,5,1825,8.0,17.2,0.468,4.0,10.3,0.385,4.1,6.8,0.593,0.583,1.2,1.5,0.821,1.9,5.3,7.2,7.6,1.1,0.2,1.7,2.9,21.3,129.0,115,,pritcpa01,15.3,0.597,0.602,0.088,4.3,11.1,7.8,20.7,1.1,0.3,8.5,17.2,4.2,1.9,6.1,0.16,1.3,-0.2,1.0,1.4
138,Lauri Markkanen,26,UTA,PF,55,55,1820,11.3,23.6,0.48,4.6,11.6,0.399,6.7,12.0,0.559,0.578,6.6,7.3,0.899,3.2,8.7,11.9,2.9,1.3,0.7,2.0,2.7,33.9,128.0,120,,markkla01,21.5,0.631,0.493,0.311,7.4,19.6,13.6,9.5,1.3,1.3,7.1,25.0,5.2,0.9,6.2,0.163,5.1,-1.5,3.6,2.6
139,Reggie Jackson,33,DEN,PG,82,23,1817,8.9,20.6,0.431,2.8,7.7,0.359,6.1,12.9,0.475,0.499,2.2,2.7,0.806,0.9,3.3,4.2,8.4,1.2,0.4,2.9,4.1,22.7,109.0,117,,jacksre01,11.7,0.521,0.376,0.13,2.1,7.2,4.7,23.0,1.2,0.6,11.7,21.7,0.6,1.5,2.1,0.056,-1.8,-1.5,-3.2,-0.6
140,Cole Anthony,23,ORL,PG,81,0,1817,9.0,20.8,0.435,2.5,7.5,0.338,6.5,13.3,0.49,0.496,4.9,5.9,0.826,1.7,6.7,8.5,6.4,1.7,1.0,3.4,4.8,25.5,110.0,111,,anthoco01,14.6,0.545,0.36,0.286,4.1,16.1,10.1,19.8,1.7,1.9,12.8,23.7,0.9,2.7,3.6,0.096,-0.6,0.7,0.1,1.0
141,Daniel Gafford,25,2TM,C,74,66,1815,9.0,12.5,0.725,0.0,0.0,,9.0,12.5,0.725,0.725,3.1,4.5,0.674,5.1,9.5,14.6,3.0,1.7,4.0,1.9,5.9,21.2,140.0,112,,gaffoda01,21.7,0.731,0.0,0.365,11.4,22.1,16.7,9.1,1.7,7.1,11.7,14.7,5.2,2.5,7.8,0.205,0.7,1.9,2.6,2.1
141,Daniel Gafford,25,WAS,C,45,45,1192,8.0,11.5,0.69,0.0,0.0,,8.0,11.5,0.69,0.69,3.3,4.7,0.706,5.1,9.0,14.2,2.7,1.7,3.8,1.8,5.8,19.2,137.0,114,,gaffoda01,19.9,0.707,0.0,0.405,11.5,21.1,16.2,8.0,1.7,6.6,11.7,13.9,3.0,1.4,4.4,0.178,-0.2,1.1,0.9,0.9
141,Daniel Gafford,25,DAL,PF,29,21,623,11.2,14.3,0.78,0.0,0.0,,11.2,14.3,0.78,0.78,2.6,4.3,0.607,4.9,10.6,15.5,3.5,1.6,4.3,2.2,6.2,25.0,145.0,109,,gaffoda01,25.0,0.769,0.0,0.301,11.3,23.9,17.6,11.1,1.6,7.9,11.7,16.4,2.2,1.1,3.3,0.257,2.5,3.4,5.9,1.3
142,Ivica Zubac,26,LAC,C,68,68,1794,9.3,14.3,0.649,0.0,0.0,,9.3,14.3,0.649,0.649,3.3,4.6,0.723,5.4,11.8,17.2,2.6,0.6,2.3,2.2,5.0,21.9,132.0,113,,zubaciv01,19.3,0.671,0.0,0.32,12.8,26.2,19.7,7.5,0.6,4.2,11.8,16.4,4.5,2.3,6.8,0.182,0.8,0.0,0.8,1.3
143,Deandre Ayton,25,POR,C,55,55,1784,11.8,20.7,0.57,0.0,0.3,0.1,11.8,20.5,0.576,0.571,1.8,2.2,0.823,4.9,12.0,16.9,2.5,1.5,1.2,2.7,3.0,25.5,115.0,114,,aytonde01,18.9,0.587,0.013,0.105,10.4,28.9,19.1,8.8,1.5,2.1,11.2,21.1,1.8,2.1,3.9,0.106,0.5,-0.2,0.3,1.0
144,Derrick Jones Jr.,26,DAL,SF,76,66,1783,6.4,13.3,0.483,2.2,6.4,0.343,4.2,6.9,0.613,0.566,2.6,3.7,0.713,2.2,4.5,6.7,2.0,1.4,1.4,1.7,3.3,17.7,116.0,116,,jonesde02,11.7,0.592,0.483,0.275,5.0,10.3,7.7,5.5,1.4,2.5,10.5,14.9,1.5,1.6,3.1,0.083,-1.3,-0.3,-1.5,0.2
145,Kyle Anderson,30,MIN,PF,79,10,1782,5.5,12.0,0.46,0.3,1.3,0.229,5.2,10.7,0.488,0.472,2.7,3.8,0.708,1.7,5.9,7.6,9.2,2.0,1.3,2.5,3.6,14.0,114.0,109,,anderky01,12.7,0.513,0.111,0.316,4.0,13.0,8.7,25.0,2.0,2.3,15.6,14.5,1.4,3.1,4.5,0.121,-1.6,2.7,1.1,1.4
146,Jalen Duren,20,DET,C,61,60,1777,9.4,15.3,0.619,0.0,0.1,0.0,9.4,15.2,0.623,0.619,3.9,4.9,0.79,5.2,14.0,19.2,4.0,0.9,1.3,3.5,5.2,22.8,122.0,115,,durenja01,18.7,0.653,0.007,0.321,11.8,33.0,22.2,12.7,0.9,2.3,16.7,18.5,3.0,1.8,4.8,0.13,-0.2,0.1,-0.1,0.9
147,Bradley Beal,30,PHO,SG,53,53,1767,10.4,20.3,0.513,2.8,6.5,0.43,7.6,13.8,0.552,0.582,3.0,3.7,0.813,1.5,4.9,6.4,7.3,1.4,0.7,3.6,3.5,26.6,117.0,117,,bealbr01,16.3,0.607,0.32,0.182,3.6,10.8,7.4,22.5,1.4,1.3,14.2,22.7,2.4,1.5,3.9,0.107,0.9,-0.6,0.4,1.1
148,Scoot Henderson,19,POR,PG,62,32,1765,8.6,22.3,0.385,2.4,7.5,0.325,6.2,14.8,0.416,0.44,4.7,5.7,0.819,1.5,3.9,5.4,9.4,1.3,0.4,5.9,5.5,24.3,97.0,120,,hendesc01,9.5,0.489,0.336,0.256,3.2,9.5,6.2,29.9,1.3,0.7,19.3,26.5,-2.5,0.9,-1.7,-0.045,-3.5,-2.3,-5.8,-1.7
149,Nick Richards,26,CHO,C,67,51,1759,7.3,10.5,0.691,0.0,0.0,0.0,7.3,10.5,0.693,0.691,3.7,5.0,0.737,4.8,10.3,15.1,1.5,0.7,2.1,2.0,4.9,18.3,134.0,118,,richani01,16.7,0.717,0.003,0.476,10.7,24.2,17.2,4.5,0.7,3.9,13.8,13.3,3.8,1.3,5.1,0.14,-1.6,-0.7,-2.3,-0.1
150,Kelly Olynyk,32,2TM,C,78,27,1759,7.6,13.6,0.555,1.6,4.3,0.387,5.9,9.4,0.632,0.616,4.1,4.9,0.833,3.0,8.3,11.3,9.5,2.0,0.8,4.2,6.3,20.9,124.0,118,,olynyke01,17.4,0.661,0.312,0.362,6.7,19.0,12.9,27.6,2.0,1.5,20.9,17.5,3.5,1.4,4.9,0.133,0.7,1.1,1.8,1.7
150,Kelly Olynyk,32,UTA,C,50,8,1019,6.9,12.2,0.562,1.7,4.0,0.429,5.2,8.2,0.626,0.632,3.8,4.5,0.842,3.0,9.0,12.0,10.4,1.8,0.6,3.8,6.3,19.2,130.0,119,,olynyke01,17.3,0.677,0.326,0.368,6.9,20.5,13.7,29.6,1.8,1.1,21.3,15.6,2.5,0.7,3.1,0.148,1.3,1.3,2.6,1.2
150,Kelly Olynyk,32,TOR,C,28,19,740,8.5,15.6,0.548,1.6,4.6,0.338,7.0,11.0,0.637,0.598,4.6,5.5,0.824,2.9,7.3,10.2,8.4,2.4,1.2,4.6,6.4,23.2,118.0,116,,olynyke01,17.4,0.644,0.297,0.356,6.6,17.0,11.7,24.8,2.4,2.1,20.4,20.0,1.0,0.7,1.7,0.113,0.0,0.7,0.7,0.5
151,Caleb Martin,28,MIA,SF,64,23,1756,6.8,15.9,0.431,2.3,6.6,0.349,4.5,9.3,0.489,0.504,2.2,2.8,0.778,2.1,5.9,8.0,4.1,1.3,0.8,2.2,3.6,18.2,107.0,113,,martica02,10.8,0.531,0.415,0.177,4.7,13.5,9.1,11.8,1.3,1.6,11.3,17.3,0.2,2.2,2.4,0.066,-2.2,0.2,-2.0,0.0
152,Sam Hauser,26,BOS,SF,79,13,1741,7.1,15.8,0.446,5.6,13.2,0.424,1.5,2.6,0.559,0.623,0.5,0.5,0.895,1.3,6.6,7.8,2.3,1.1,0.7,0.9,2.8,20.2,126.0,114,,hausesa01,13.0,0.629,0.833,0.034,2.9,13.7,8.6,6.2,1.1,1.3,5.3,15.0,2.7,2.1,4.9,0.134,1.2,0.0,1.2,1.4
153,Al Horford,37,BOS,C,65,33,1740,6.1,11.9,0.511,3.1,7.3,0.419,3.0,4.6,0.658,0.64,0.7,0.9,0.867,2.3,9.4,11.7,4.8,1.1,1.8,1.4,2.6,16.0,135.0,111,,horfoal01,15.0,0.65,0.616,0.072,5.3,19.7,12.8,12.3,1.1,3.1,10.0,12.0,3.5,2.7,6.2,0.172,1.7,2.0,3.6,2.5
154,Toumani Camara,23,POR,PF,70,49,1739,5.6,12.4,0.45,1.6,4.9,0.337,3.9,7.6,0.523,0.516,2.1,2.8,0.758,3.9,5.8,9.7,2.5,1.9,0.9,2.4,4.9,15.0,110.0,117,,camarto01,10.6,0.547,0.393,0.226,8.4,14.0,11.0,7.2,1.9,1.7,14.9,13.8,0.6,1.4,2.0,0.055,-3.1,0.0,-3.1,-0.5
155,Obi Toppin,25,IND,PF,82,28,1730,9.1,15.8,0.573,2.8,6.9,0.403,6.3,8.9,0.706,0.661,2.1,2.7,0.77,2.3,6.4,8.7,3.5,1.3,1.2,1.9,3.9,23.0,129.0,119,,toppiob01,16.5,0.677,0.437,0.173,5.6,15.4,10.5,9.4,1.3,2.0,10.0,16.8,3.6,1.1,4.8,0.132,1.8,-0.3,1.5,1.5
156,Bilal Coulibaly,19,WAS,SF,63,15,1715,5.1,11.8,0.435,1.7,5.0,0.346,3.4,6.7,0.502,0.509,2.5,3.6,0.702,1.5,5.5,7.0,3.0,1.6,1.3,2.4,3.7,14.5,103.0,120,,coulibi01,8.9,0.543,0.428,0.303,3.4,12.8,8.0,8.2,1.6,2.3,15.1,14.2,-0.5,0.9,0.4,0.013,-3.6,-0.5,-4.2,-0.9
157,OG Anunoby,26,2TM,SF,50,50,1702,8.2,16.7,0.489,3.0,7.7,0.382,5.2,9.0,0.581,0.577,1.9,2.6,0.753,1.4,4.7,6.0,3.1,2.0,1.0,2.3,3.4,21.2,113.0,117,,anunoog01,12.8,0.595,0.463,0.154,3.0,10.6,6.8,9.0,2.0,1.9,11.6,17.6,1.1,1.5,2.6,0.073,-1.0,0.5,-0.6,0.6
157,OG Anunoby,26,TOR,SF,27,27,900,8.4,17.2,0.489,3.3,8.7,0.374,5.2,8.5,0.608,0.584,1.8,2.5,0.717,1.3,4.4,5.7,3.9,1.5,0.7,2.3,3.3,21.9,113.0,121,,anunoog01,12.6,0.598,0.508,0.143,2.9,10.2,6.5,11.4,1.5,1.3,11.2,18.2,0.6,0.4,1.0,0.052,-0.8,-0.7,-1.6,0.1
157,OG Anunoby,26,NYK,SF,23,23,802,7.9,16.1,0.488,2.6,6.5,0.394,5.3,9.6,0.553,0.568,2.1,2.7,0.791,1.4,5.0,6.4,2.2,2.5,1.4,2.4,3.6,20.4,113.0,112,,anunoog01,13.0,0.591,0.406,0.168,3.2,11.1,7.1,6.2,2.5,2.7,12.1,16.8,0.5,1.1,1.6,0.097,-1.3,1.8,0.6,0.5
158,Jabari Walker,21,POR,SF,72,23,1700,6.8,14.8,0.46,1.2,4.0,0.295,5.6,10.7,0.522,0.5,3.7,5.0,0.754,4.4,10.4,14.8,2.1,1.2,0.6,1.9,5.0,18.5,115.0,116,,walkeja01,13.0,0.546,0.273,0.336,9.4,25.0,16.7,6.2,1.2,1.2,10.2,16.3,1.4,1.6,2.9,0.083,-2.4,-0.9,-3.3,-0.6
159,Andrew Nembhard,24,IND,PG,68,47,1697,7.2,14.5,0.498,1.7,4.8,0.357,5.5,9.8,0.567,0.557,1.3,1.6,0.804,1.0,2.9,3.9,7.8,1.8,0.2,2.8,4.0,17.4,114.0,121,,nembhan01,11.3,0.573,0.328,0.107,2.4,7.0,4.7,20.0,1.8,0.3,15.6,16.0,1.3,0.7,2.0,0.057,-1.6,-0.5,-2.2,-0.1
160,Cason Wallace,20,OKC,SG,82,13,1692,6.2,12.6,0.491,2.8,6.6,0.419,3.4,5.9,0.572,0.602,0.8,1.1,0.784,1.5,3.8,5.3,3.4,2.2,1.1,1.3,3.7,15.9,122.0,113,,wallaca01,12.0,0.612,0.529,0.084,3.6,8.6,6.2,8.9,2.2,2.0,8.9,12.9,1.9,2.1,4.0,0.115,-0.9,1.0,0.1,0.9
161,Trey Murphy III,23,NOP,SF,57,23,1690,8.0,18.0,0.443,4.9,12.9,0.38,3.1,5.1,0.602,0.579,3.6,4.4,0.815,1.2,6.9,8.1,3.6,1.5,0.8,1.0,2.0,24.4,127.0,114,,murphtr02,16.3,0.612,0.717,0.243,2.8,15.5,9.2,10.2,1.5,1.6,4.7,18.6,3.4,2.0,5.4,0.154,2.5,0.0,2.5,1.9
162,Kristaps Porziņģis,28,BOS,C,57,57,1690,11.3,22.0,0.516,3.2,8.6,0.375,8.1,13.4,0.606,0.589,7.6,8.8,0.858,2.8,9.1,12.0,3.4,1.2,3.2,2.6,4.6,33.5,128.0,109,,porzikr01,23.2,0.647,0.39,0.402,6.5,19.1,13.1,10.0,1.2,5.8,9.1,25.1,4.9,3.0,7.9,0.226,3.5,1.6,5.1,3.0
163,Kyle Lowry,37,2TM,PG,60,55,1690,4.8,11.1,0.432,2.9,7.3,0.392,1.9,3.7,0.512,0.562,1.8,2.2,0.84,1.0,4.7,5.7,7.4,1.7,0.6,2.5,4.3,14.3,118.0,114,,lowryky01,10.9,0.594,0.663,0.199,2.2,10.8,6.4,20.1,1.7,1.2,17.2,12.9,1.6,1.9,3.5,0.1,-1.9,0.9,-1.0,0.4
163,Kyle Lowry,37,MIA,PG,37,35,1037,5.0,11.6,0.426,3.0,7.7,0.385,2.0,3.9,0.506,0.554,1.7,2.0,0.833,1.2,5.0,6.2,7.1,1.9,0.7,2.5,4.5,14.6,115.0,113,,lowryky01,10.9,0.582,0.665,0.174,2.7,11.5,7.0,19.5,1.9,1.4,16.9,13.5,0.8,1.4,2.2,0.1,-2.0,1.3,-0.8,0.3
163,Kyle Lowry,37,PHI,PG,23,20,653,4.5,10.2,0.444,2.7,6.7,0.404,1.8,3.5,0.522,0.578,2.1,2.5,0.848,0.7,4.2,4.9,8.0,1.5,0.5,2.4,3.9,13.9,123.0,117,,lowryky01,11.0,0.615,0.659,0.244,1.5,9.6,5.5,21.1,1.5,0.8,17.6,12.0,0.8,0.6,1.4,0.102,-1.7,0.4,-1.3,0.1
164,Jordan Clarkson,31,UTA,SG,55,19,1682,9.7,23.4,0.413,2.6,8.9,0.294,7.1,14.5,0.485,0.469,5.1,5.8,0.881,1.4,4.0,5.4,7.9,1.0,0.2,4.2,2.3,27.0,107.0,124,,clarkjo01,12.7,0.521,0.379,0.246,3.2,9.0,6.2,24.6,1.0,0.3,13.9,26.1,0.1,0.1,0.2,0.006,-1.3,-3.2,-4.5,-1.1
165,De'Andre Hunter,26,ATL,SF,57,37,1681,8.7,18.9,0.459,3.3,8.7,0.385,5.3,10.2,0.521,0.547,4.7,5.6,0.847,0.9,5.4,6.3,2.5,1.1,0.5,2.4,4.2,25.4,115.0,121,,huntede01,12.7,0.595,0.459,0.296,1.9,12.9,7.2,7.3,1.1,0.9,10.0,20.6,1.6,0.6,2.2,0.062,-0.9,-1.5,-2.4,-0.2
166,Pat Connaughton,31,MIL,SF,76,3,1676,4.3,9.9,0.435,2.4,6.8,0.345,2.0,3.1,0.633,0.553,1.3,1.7,0.759,1.5,5.4,6.9,4.6,1.1,0.5,1.4,2.8,12.3,120.0,118,,connapa01,9.6,0.574,0.686,0.167,3.4,12.0,7.8,12.0,1.1,1.0,11.6,10.9,1.6,1.2,2.8,0.08,-1.6,0.0,-1.6,0.2
167,Christian Braun,22,DEN,SG,82,4,1655,6.6,14.5,0.46,1.9,4.9,0.384,4.8,9.6,0.498,0.525,2.8,4.0,0.694,2.4,6.8,9.2,4.0,1.3,1.0,1.6,4.1,18.0,116.0,114,,braunch01,12.1,0.554,0.34,0.277,5.4,14.8,10.2,10.2,1.3,1.8,9.2,15.7,1.5,2.0,3.4,0.1,-1.7,-0.2,-1.9,0.0
168,Simone Fontecchio,28,2TM,SF,66,43,1644,7.4,16.1,0.46,3.9,9.8,0.401,3.5,6.3,0.551,0.582,1.6,1.9,0.818,1.9,5.3,7.2,3.0,1.3,0.7,2.0,3.2,20.3,117.0,121,,fontesi01,12.1,0.6,0.609,0.12,4.3,12.2,8.3,8.7,1.3,1.2,10.5,16.5,1.5,0.6,2.1,0.061,0.0,-1.0,-1.0,0.4
168,Simone Fontecchio,28,UTA,SF,50,34,1160,6.7,14.9,0.45,3.8,9.7,0.391,2.9,5.2,0.56,0.577,1.3,1.7,0.8,2.2,5.2,7.3,3.0,1.2,0.7,2.1,3.4,18.5,116.0,122,,fontesi01,11.2,0.592,0.651,0.112,5.0,11.7,8.4,8.6,1.2,1.4,12.0,15.4,0.9,0.3,1.3,0.052,-0.4,-1.2,-1.6,0.1
168,Simone Fontecchio,28,DET,SF,16,9,484,9.0,18.9,0.479,4.3,10.0,0.426,4.8,8.8,0.539,0.592,2.2,2.6,0.846,1.2,5.8,7.0,2.8,1.4,0.5,1.7,2.9,24.6,118.0,120,,fontesi01,14.4,0.613,0.532,0.137,2.7,13.6,8.1,8.8,1.4,0.9,7.8,19.2,0.6,0.3,0.8,0.083,1.0,-0.4,0.6,0.3
169,Ochai Agbaji,23,2TM,SG,78,28,1641,5.2,12.7,0.411,1.8,6.2,0.294,3.4,6.5,0.523,0.483,1.1,1.6,0.661,2.2,4.2,6.4,2.4,1.4,1.3,1.9,3.4,13.4,102.0,121,,agbajoc01,7.7,0.497,0.487,0.129,4.9,9.6,7.2,6.6,1.4,2.4,12.3,13.4,-0.5,0.6,0.1,0.002,-3.5,-0.9,-4.4,-1.0
169,Ochai Agbaji,23,UTA,SG,51,10,1003,5.1,12.0,0.426,2.3,6.8,0.331,2.8,5.1,0.551,0.52,0.7,1.0,0.75,1.7,4.4,6.1,2.3,1.3,1.4,1.6,3.2,13.2,107.0,122,,agbajoc01,8.1,0.531,0.57,0.08,3.9,9.9,6.9,6.1,1.3,2.6,11.7,12.2,0.1,0.3,0.4,0.019,-2.5,-0.5,-3.0,-0.3
169,Ochai Agbaji,23,TOR,SG,27,18,638,5.4,13.9,0.391,1.1,5.2,0.217,4.3,8.7,0.496,0.432,1.7,2.7,0.611,3.0,3.9,6.8,2.7,1.5,1.1,2.3,3.9,13.7,95.0,120,,agbajoc01,7.1,0.453,0.375,0.196,6.6,9.0,7.8,7.4,1.5,2.1,13.1,15.4,-0.6,0.3,-0.3,-0.024,-5.0,-1.5,-6.5,-0.7
170,Julius Randle,29,NYK,PF,46,46,1630,12.2,25.9,0.472,2.4,7.5,0.311,9.9,18.3,0.539,0.518,7.3,9.3,0.781,3.1,10.0,13.1,7.1,0.8,0.4,4.9,3.9,34.1,113.0,114,AS,randlju01,18.9,0.569,0.292,0.361,6.8,22.4,14.6,22.8,0.8,0.7,14.1,29.9,1.9,1.9,3.8,0.113,2.2,-0.3,1.9,1.6
171,Precious Achiuwa,24,2TM,C,74,18,1624,7.2,14.4,0.501,0.8,3.0,0.268,6.4,11.4,0.562,0.529,2.1,3.4,0.616,5.9,9.1,14.9,3.0,1.4,2.1,2.5,4.4,17.3,114.0,112,,achiupr01,14.6,0.545,0.207,0.239,13.0,20.5,16.7,8.4,1.4,3.9,13.8,15.9,1.2,2.2,3.4,0.102,-1.7,0.3,-1.4,0.2
171,Precious Achiuwa,24,TOR,C,25,0,437,8.6,18.8,0.459,1.4,5.2,0.277,7.2,13.6,0.528,0.497,2.7,4.6,0.571,5.5,9.5,15.0,4.9,1.8,1.3,3.2,4.4,21.3,106.0,116,,achiupr01,15.0,0.512,0.276,0.247,12.3,22.1,17.1,14.5,1.8,2.4,13.3,21.2,0.0,0.4,0.4,0.048,-1.4,-0.2,-1.6,0.0
171,Precious Achiuwa,24,NYK,PF,49,18,1187,6.7,12.7,0.525,0.6,2.1,0.26,6.1,10.6,0.578,0.547,1.9,3.0,0.643,6.0,8.9,14.9,2.3,1.3,2.4,2.3,4.4,15.8,118.0,111,,achiupr01,14.5,0.564,0.167,0.234,13.3,19.9,16.6,6.2,1.3,4.4,14.1,14.0,1.2,1.8,3.0,0.122,-1.9,0.5,-1.4,0.2
172,Santi Aldama,23,MEM,PF,61,35,1618,7.5,17.2,0.435,3.2,9.2,0.349,4.3,8.0,0.534,0.528,1.6,2.6,0.621,2.2,8.5,10.6,4.2,1.3,1.6,2.1,2.7,19.8,109.0,114,,aldamsa01,13.1,0.539,0.535,0.153,4.7,19.7,11.9,13.3,1.3,3.1,10.2,17.9,0.4,2.0,2.4,0.07,-0.7,0.4,-0.2,0.7
173,Cameron Johnson,27,BRK,PF,58,47,1599,8.5,19.2,0.446,4.3,10.9,0.391,4.3,8.2,0.519,0.557,2.7,3.4,0.789,1.7,6.1,7.8,4.3,1.5,0.5,1.8,3.3,24.0,118.0,117,,johnsca02,14.5,0.582,0.57,0.176,3.7,13.8,8.6,12.9,1.5,0.8,7.9,19.6,2.0,1.3,3.3,0.1,0.9,-0.5,0.4,1.0
174,Malaki Branham,20,SAS,PG,75,29,1594,8.1,18.7,0.432,2.8,8.0,0.347,5.3,10.7,0.494,0.506,1.6,1.9,0.873,0.8,3.6,4.4,4.6,0.8,0.2,2.7,2.8,20.5,101.0,121,,branhma01,8.7,0.526,0.427,0.1,1.9,8.2,5.0,14.0,0.8,0.4,12.2,19.8,-0.9,0.6,-0.3,-0.008,-3.4,-2.2,-5.6,-1.5
175,Paul Reed,24,PHI,C,82,24,1590,8.0,14.9,0.54,0.6,1.8,0.368,7.4,13.1,0.563,0.561,1.9,2.6,0.718,6.0,9.1,15.1,3.4,2.1,2.6,2.1,6.1,18.6,123.0,110,,reedpa01,17.4,0.58,0.119,0.177,13.2,20.9,16.9,9.8,2.1,4.8,11.5,15.9,2.5,2.6,5.1,0.154,-0.6,1.0,0.4,0.9
176,Ausar Thompson,21,DET,SF,63,38,1583,7.1,14.6,0.483,0.6,3.4,0.186,6.4,11.2,0.575,0.505,2.2,3.6,0.597,3.9,8.3,12.2,3.6,2.1,1.8,2.6,5.3,16.9,107.0,115,,thompau01,12.8,0.522,0.235,0.248,8.9,19.6,14.2,10.8,2.1,3.2,13.6,16.6,0.1,1.7,1.8,0.053,-2.8,0.6,-2.2,-0.1
177,Anfernee Simons,24,POR,SG,46,46,1582,11.2,26.1,0.43,4.9,12.6,0.385,6.4,13.5,0.472,0.523,5.1,5.6,0.916,0.7,4.5,5.2,8.0,0.7,0.2,3.9,3.1,32.4,113.0,121,,simonan01,15.9,0.568,0.484,0.213,1.5,10.9,5.9,27.6,0.7,0.3,12.1,28.0,1.7,0.5,2.2,0.068,2.7,-2.5,0.2,0.8
178,Kevin Huerter,25,SAC,SG,64,59,1562,7.7,17.4,0.443,3.8,10.6,0.361,3.9,6.8,0.571,0.553,1.1,1.5,0.766,1.2,5.8,7.0,5.2,1.4,0.7,1.6,4.2,20.4,116.0,116,,huertke01,12.4,0.564,0.609,0.084,2.7,13.6,8.0,14.4,1.4,1.3,8.4,17.3,1.5,1.4,2.9,0.089,-0.5,-0.4,-0.8,0.5
179,Bennedict Mathurin,21,IND,SF,59,19,1538,9.1,20.3,0.446,2.5,6.6,0.374,6.6,13.8,0.481,0.507,5.6,6.9,0.821,1.8,5.3,7.2,3.7,1.1,0.4,3.0,3.6,26.3,110.0,121,,mathube01,13.0,0.562,0.323,0.338,4.4,12.8,8.6,9.8,1.1,0.7,11.3,23.4,0.8,0.7,1.4,0.045,-1.2,-2.3,-3.4,-0.6
180,Evan Mobley,22,CLE,PF,50,50,1532,10.3,17.8,0.58,0.7,1.9,0.373,9.6,15.9,0.604,0.6,4.0,5.5,0.719,3.6,11.5,15.1,5.2,1.5,2.3,2.9,4.3,25.3,122.0,109,,mobleev01,20.1,0.626,0.107,0.31,8.2,25.9,17.2,15.9,1.5,4.2,12.5,20.6,2.8,2.7,5.5,0.174,0.9,2.0,2.9,1.9
181,Chris Paul,38,GSW,PG,58,18,1531,6.5,14.8,0.441,2.5,6.6,0.371,4.0,8.1,0.498,0.525,1.4,1.6,0.827,0.6,6.5,7.1,12.4,2.2,0.2,2.4,3.4,16.8,124.0,115,,paulch01,14.7,0.544,0.45,0.111,1.3,14.4,7.9,33.4,2.2,0.4,13.4,15.6,2.6,1.7,4.3,0.136,-0.2,1.2,1.0,1.2
182,Russell Westbrook,35,LAC,PG,68,11,1529,9.7,21.4,0.454,1.4,5.0,0.273,8.4,16.4,0.509,0.486,3.6,5.2,0.688,3.0,8.1,11.1,9.9,2.4,0.7,4.6,3.9,24.3,107.0,113,6MOY-7,westbru01,16.2,0.514,0.232,0.241,7.1,17.8,12.7,29.2,2.4,1.4,16.4,25.2,0.2,1.9,2.1,0.066,-0.2,0.7,0.5,1.0
183,Nicolas Batum,35,2TM,PF,60,38,1529,3.7,8.2,0.453,2.3,6.0,0.395,1.4,2.3,0.606,0.596,0.5,0.7,0.714,2.3,5.7,8.0,4.1,1.5,1.2,1.3,3.5,10.3,126.0,115,,batumni01,10.2,0.603,0.723,0.082,5.0,13.1,9.0,10.7,1.5,2.3,13.1,8.6,1.7,1.6,3.3,0.103,-1.3,0.8,-0.4,0.6
183,Nicolas Batum,35,LAC,PF,3,0,54,2.7,7.3,0.375,1.8,6.4,0.286,0.9,0.9,1.0,0.5,0.0,0.0,,0.0,6.4,6.4,4.6,2.7,3.7,0.9,4.6,7.3,112.0,110,,batumni01,9.8,0.5,0.875,0.0,0.0,14.2,7.3,11.2,2.7,6.7,11.1,7.3,0.0,0.1,0.1,0.091,-1.5,4.4,2.8,0.1
183,Nicolas Batum,35,PHI,PF,57,38,1475,3.8,8.3,0.456,2.4,5.9,0.399,1.4,2.3,0.6,0.599,0.5,0.7,0.714,2.3,5.7,8.0,4.1,1.5,1.1,1.3,3.5,10.4,127.0,115,,batumni01,10.3,0.606,0.718,0.085,5.1,13.0,9.0,10.6,1.5,2.1,13.2,8.7,1.6,1.5,3.2,0.104,-1.3,0.7,-0.5,0.5
184,Zach Collins,26,SAS,C,69,29,1526,9.3,19.2,0.484,1.8,5.6,0.32,7.5,13.5,0.552,0.531,3.8,5.0,0.753,3.7,7.8,11.5,6.0,1.1,1.6,4.1,6.4,24.1,108.0,116,,colliza01,14.3,0.565,0.294,0.263,8.3,18.0,13.1,18.9,1.1,2.8,16.1,22.7,0.4,1.5,1.8,0.057,-2.0,-0.1,-2.0,0.0
185,Josh Green,23,DAL,SG,57,33,1505,5.7,11.9,0.479,2.3,6.0,0.385,3.4,6.0,0.572,0.575,1.2,1.8,0.684,1.3,4.6,5.9,4.1,1.5,0.3,1.9,3.4,15.0,115.0,117,,greenjo02,9.9,0.588,0.5,0.152,2.9,10.4,6.7,11.1,1.5,0.5,13.1,13.1,1.0,1.2,2.2,0.071,-2.4,-0.3,-2.7,-0.3
186,Walker Kessler,22,UTA,C,64,22,1493,7.4,11.3,0.654,0.1,0.6,0.211,7.3,10.7,0.68,0.66,1.8,3.0,0.602,5.3,10.2,15.5,1.9,1.0,5.0,2.1,4.3,16.7,128.0,114,,kesslwa01,18.0,0.663,0.054,0.266,12.3,23.1,17.7,5.6,1.0,9.2,14.4,12.8,2.4,1.7,4.1,0.131,-0.4,1.3,0.9,1.1
187,Draymond Green,33,GSW,PF,55,52,1490,6.0,12.1,0.497,1.7,4.2,0.395,4.4,7.9,0.551,0.566,1.8,2.4,0.73,2.5,10.5,12.9,10.8,1.8,1.5,4.4,5.4,15.4,116.0,112,,greendr01,14.5,0.587,0.347,0.199,5.6,23.0,14.4,28.6,1.8,2.9,25.0,15.3,1.4,2.2,3.6,0.116,-0.6,3.0,2.4,1.6
188,Peyton Watson,21,DEN,SF,80,4,1488,6.9,14.9,0.465,1.5,5.1,0.296,5.4,9.8,0.553,0.516,2.4,3.5,0.67,1.9,6.7,8.6,2.9,1.4,2.9,1.9,4.8,17.7,108.0,111,,watsope01,11.8,0.539,0.34,0.237,4.3,14.6,9.6,7.4,1.4,5.0,10.5,16.2,0.3,2.2,2.5,0.079,-3.0,0.8,-2.2,-0.1
189,Matisse Thybulle,26,POR,SF,65,19,1487,4.2,10.5,0.397,2.7,7.7,0.346,1.5,2.9,0.535,0.524,0.7,1.0,0.759,1.0,3.5,4.5,3.0,3.8,1.6,1.3,3.1,11.8,111.0,114,,thybuma01,10.4,0.537,0.729,0.091,2.1,8.5,5.1,8.3,3.8,3.0,10.8,10.6,0.4,1.8,2.2,0.072,-2.8,3.4,0.6,0.9
190,Khris Middleton,32,MIL,SF,55,55,1487,10.2,20.8,0.493,3.0,8.0,0.381,7.2,12.8,0.563,0.566,3.2,3.9,0.833,1.3,7.0,8.3,9.4,1.6,0.5,4.1,4.6,26.8,115.0,116,,middlkh01,17.0,0.595,0.384,0.187,3.0,15.7,9.5,28.9,1.6,0.9,15.4,23.9,1.9,1.4,3.4,0.109,1.1,0.0,1.1,1.2
191,Bojan Bogdanović,34,2TM,PF,57,27,1478,10.2,22.6,0.454,4.4,11.1,0.398,5.8,11.5,0.507,0.551,3.9,4.9,0.785,0.7,4.3,5.0,3.2,1.0,0.2,3.3,3.1,28.8,108.0,120,6MOY-9,bogdabo02,12.6,0.581,0.49,0.219,1.6,10.0,5.7,10.3,1.0,0.3,11.9,24.6,0.3,0.7,1.1,0.034,-0.7,-2.5,-3.2,-0.4
191,Bojan Bogdanović,34,DET,PF,28,27,921,10.4,22.2,0.468,4.5,10.8,0.415,5.9,11.4,0.518,0.569,4.2,5.4,0.779,0.7,4.2,4.9,3.7,1.2,0.2,3.3,3.0,29.5,110.0,121,,bogdabo02,14.1,0.6,0.487,0.245,1.5,10.0,5.7,12.2,1.2,0.4,11.8,24.7,0.5,0.3,0.8,0.042,0.3,-2.5,-2.1,0.0
191,Bojan Bogdanović,34,NYK,SF,29,0,557,10.0,23.2,0.43,4.3,11.5,0.37,5.7,11.7,0.488,0.521,3.3,4.1,0.8,0.8,4.4,5.3,2.4,0.6,0.1,3.4,3.4,27.4,104.0,118,,bogdabo02,10.1,0.549,0.496,0.176,1.8,9.9,5.8,7.1,0.6,0.2,12.1,24.3,-0.2,0.4,0.2,0.021,-2.4,-2.5,-4.9,-0.4
192,Julian Champagnie,22,SAS,SF,74,59,1468,5.3,13.0,0.408,3.3,9.0,0.365,2.0,4.0,0.504,0.534,2.4,3.0,0.815,1.4,5.3,6.7,3.3,1.6,1.4,1.8,2.5,16.3,111.0,117,,champju02,10.6,0.57,0.689,0.229,3.1,12.2,7.6,9.3,1.6,2.4,11.4,14.4,0.6,1.3,1.8,0.059,-1.8,-0.1,-1.9,0.0
193,Patrick Beverley,35,2TM,PG,73,13,1462,5.3,12.6,0.417,2.0,6.0,0.337,3.2,6.6,0.49,0.497,2.5,3.0,0.822,1.6,6.3,8.0,7.1,1.4,1.0,2.2,4.3,15.0,116.0,115,,beverpa01,11.6,0.539,0.478,0.237,3.7,14.3,9.0,19.0,1.4,1.9,13.4,14.3,1.2,1.5,2.7,0.09,-1.5,0.5,-1.1,0.3
193,Patrick Beverley,35,PHI,PG,47,5,919,5.6,12.9,0.432,1.9,5.8,0.321,3.7,7.1,0.523,0.504,2.7,3.4,0.81,1.6,6.2,7.8,7.7,1.3,1.0,2.6,4.4,15.7,115.0,116,,beverpa01,11.7,0.547,0.452,0.261,3.5,14.1,8.7,21.0,1.3,1.8,15.4,14.9,0.7,0.9,1.7,0.087,-1.5,0.0,-1.5,0.1
193,Patrick Beverley,35,MIL,PG,26,8,543,4.8,12.2,0.391,2.3,6.4,0.361,2.5,5.8,0.424,0.486,2.0,2.4,0.852,1.7,6.6,8.3,6.0,1.7,1.2,1.4,4.0,13.9,118.0,115,,beverpa01,11.4,0.524,0.522,0.196,3.9,14.8,9.5,15.8,1.7,2.0,9.6,13.2,0.5,0.6,1.1,0.095,-1.6,1.2,-0.4,0.2
194,Amir Coffey,26,LAC,SF,70,13,1460,5.6,11.9,0.472,2.4,6.2,0.38,3.2,5.7,0.571,0.571,2.1,2.4,0.859,1.0,4.0,5.0,2.6,1.4,0.5,1.1,3.4,15.7,122.0,118,,coffeam01,10.0,0.604,0.523,0.202,2.3,8.9,5.7,6.8,1.4,0.9,7.9,12.5,1.6,1.0,2.6,0.084,-1.9,-0.3,-2.2,-0.1
195,Isaiah Joe,24,OKC,SG,78,1,1445,7.4,16.1,0.458,4.9,11.7,0.416,2.5,4.4,0.568,0.609,1.5,1.7,0.865,1.1,4.9,6.0,3.3,1.5,0.7,1.6,2.9,21.2,121.0,115,,joeis01,13.4,0.626,0.728,0.107,2.6,11.0,6.9,8.9,1.5,1.4,8.5,16.6,1.9,1.6,3.5,0.116,1.1,-0.3,0.9,1.0
196,Desmond Bane,25,MEM,SG,42,42,1443,12.2,26.3,0.464,4.6,12.2,0.381,7.6,14.1,0.536,0.552,4.7,5.5,0.87,1.2,5.0,6.3,7.8,1.5,0.7,3.8,4.1,33.8,114.0,116,,banede01,18.5,0.589,0.464,0.207,2.6,11.8,7.0,29.2,1.5,1.4,11.7,28.5,1.8,1.3,3.1,0.102,3.1,-0.3,2.8,1.7
197,Vince Williams Jr.,23,MEM,SG,52,33,1436,5.8,12.9,0.446,2.7,7.1,0.378,3.1,5.8,0.529,0.55,3.5,4.4,0.8,2.0,7.9,9.9,6.0,1.6,1.2,3.1,4.6,17.7,114.0,114,,willivi01,12.8,0.597,0.551,0.343,4.3,18.3,11.0,18.0,1.6,2.2,17.4,15.8,1.1,1.7,2.8,0.093,-1.7,1.0,-0.7,0.5
198,Isaiah Stewart,22,DET,PF,46,45,1423,6.3,12.9,0.487,2.3,5.9,0.383,4.0,7.0,0.575,0.575,2.2,2.9,0.753,2.5,7.8,10.3,2.5,0.6,1.3,2.2,3.3,17.0,114.0,119,,stewais01,11.3,0.6,0.458,0.223,5.7,18.4,11.9,7.1,0.6,2.3,13.6,14.5,0.9,0.8,1.7,0.056,-1.6,-0.7,-2.3,-0.1
199,Moritz Wagner,26,ORL,C,80,1,1415,11.6,19.3,0.601,1.3,4.0,0.33,10.3,15.3,0.673,0.636,5.8,7.1,0.814,4.1,8.0,12.1,3.4,1.4,0.7,3.4,5.6,30.4,126.0,112,,wagnemo01,20.6,0.676,0.208,0.37,9.6,19.3,14.4,11.2,1.4,1.4,13.1,22.8,3.5,2.0,5.6,0.188,1.7,0.3,2.0,1.4
200,Tyler Herro,24,MIA,SG,42,40,1407,11.5,26.1,0.441,4.7,11.8,0.396,6.8,14.3,0.478,0.531,3.4,3.9,0.856,0.7,7.2,7.9,6.7,1.1,0.1,3.3,2.2,31.0,108.0,114,,herroty01,15.7,0.558,0.453,0.151,1.5,16.5,8.9,22.4,1.1,0.2,10.6,27.8,0.4,1.6,2.0,0.068,1.5,-0.7,0.8,1.0
201,Wendell Carter Jr.,24,ORL,C,55,48,1406,7.9,15.0,0.525,2.3,6.0,0.374,5.6,8.9,0.626,0.6,3.3,4.7,0.694,3.9,9.5,13.4,3.3,1.2,1.0,2.4,4.3,21.2,122.0,111,,cartewe01,15.9,0.623,0.402,0.315,9.3,22.7,15.9,9.9,1.2,1.9,12.3,17.2,2.2,2.1,4.4,0.149,0.5,0.4,0.9,1.0
202,Onyeka Okongwu,23,ATL,C,55,8,1405,7.6,12.5,0.611,0.8,2.4,0.333,6.8,10.1,0.676,0.642,3.1,4.0,0.793,4.9,7.9,12.8,2.5,0.9,2.0,1.5,5.5,19.2,138.0,118,,okongon01,16.9,0.674,0.189,0.318,10.8,18.6,14.6,7.2,0.9,3.8,9.8,13.7,3.5,1.0,4.5,0.153,0.0,-0.5,-0.4,0.5
203,Amen Thompson,21,HOU,SF,62,23,1388,8.4,15.6,0.536,0.3,2.0,0.138,8.1,13.6,0.595,0.545,3.7,5.4,0.684,5.2,9.1,14.3,5.7,2.7,1.3,3.1,4.9,20.7,118.0,109,,thompam01,18.2,0.576,0.13,0.348,11.3,20.4,15.8,17.0,2.7,2.5,14.9,18.5,1.9,2.4,4.3,0.149,-0.1,1.9,1.8,1.3
204,Haywood Highsmith,27,MIA,PF,66,26,1366,5.6,12.0,0.465,2.8,7.0,0.396,2.8,5.0,0.562,0.581,0.8,1.3,0.639,2.4,5.3,7.7,2.6,1.9,1.1,1.2,4.3,14.8,118.0,112,,highsha01,11.1,0.587,0.584,0.109,5.3,12.1,8.7,7.2,1.9,2.1,9.0,12.4,1.1,1.9,3.1,0.108,-1.8,1.1,-0.7,0.5
205,Dyson Daniels,20,NOP,PG,61,16,1358,5.0,11.2,0.447,1.5,4.9,0.311,3.5,6.4,0.551,0.514,1.2,1.9,0.642,2.2,6.3,8.5,5.9,3.1,0.9,2.1,3.6,12.8,113.0,110,,daniedy01,12.0,0.529,0.434,0.17,5.1,14.1,9.7,15.4,3.1,1.8,15.0,12.6,0.7,2.2,2.9,0.103,-1.9,2.5,0.6,0.9
206,Andre Drummond,30,CHI,C,79,10,1351,9.9,17.7,0.556,0.0,0.1,0.0,9.9,17.6,0.56,0.556,4.8,8.0,0.592,9.8,16.3,26.1,1.4,2.7,1.8,3.0,5.2,24.5,119.0,107,,drumman01,23.0,0.576,0.006,0.454,21.5,37.4,29.3,4.1,2.7,3.6,12.3,21.3,2.3,2.6,4.9,0.175,0.8,-0.7,0.1,0.7
207,Marcus Sasser,23,DET,PG,71,11,1351,7.8,18.2,0.428,3.2,8.5,0.375,4.6,9.7,0.474,0.516,2.1,2.4,0.879,0.4,4.1,4.5,8.4,1.6,0.4,3.2,3.7,20.9,108.0,120,,sassema01,11.8,0.542,0.469,0.129,0.9,9.6,5.2,25.4,1.6,0.8,14.3,19.9,0.3,0.6,0.9,0.033,-1.5,-1.1,-2.6,-0.2
208,Kris Murray,23,POR,SF,62,29,1348,5.3,13.4,0.396,1.8,6.7,0.268,3.5,6.7,0.525,0.463,1.4,2.1,0.661,3.1,5.1,8.2,2.9,1.9,0.8,2.0,3.4,13.8,103.0,118,,murrakr01,9.0,0.481,0.5,0.153,6.7,12.3,9.3,8.4,1.9,1.4,12.3,14.1,-0.4,1.0,0.7,0.024,-3.5,-0.2,-3.6,-0.6
209,Miles McBride,23,NYK,PG,68,14,1328,7.8,17.2,0.452,4.1,10.1,0.41,3.6,7.1,0.511,0.572,1.6,1.9,0.86,1.2,2.6,3.8,4.3,1.9,0.3,1.1,4.1,21.3,126.0,116,,mcbrimi01,13.1,0.59,0.586,0.11,2.6,5.9,4.2,12.2,1.9,0.5,5.9,16.4,2.4,1.3,3.6,0.131,-0.4,0.4,-0.1,0.6
210,Jakob Poeltl,28,TOR,C,50,50,1319,9.1,13.8,0.656,0.0,0.0,,9.1,13.8,0.656,0.656,2.2,3.9,0.551,5.3,10.4,15.7,4.6,1.3,2.8,2.8,5.5,20.3,125.0,115,,poeltja01,18.9,0.653,0.0,0.283,11.9,24.1,17.9,14.0,1.3,5.1,15.3,16.2,2.4,1.4,3.8,0.138,-0.3,1.0,0.7,0.9
211,Joel Embiid,29,PHI,C,39,39,1309,16.9,32.0,0.529,2.0,5.2,0.388,14.9,26.8,0.556,0.561,15.0,17.0,0.883,3.6,12.6,16.2,8.2,1.7,2.5,5.6,4.2,50.9,124.0,109,AS,embiijo01,34.1,0.644,0.163,0.531,7.9,28.8,18.1,32.4,1.7,4.6,12.5,39.6,5.2,2.3,7.5,0.275,8.5,3.1,11.6,4.5
212,Jeff Green,37,HOU,PF,78,6,1307,6.2,13.6,0.456,2.0,5.9,0.331,4.2,7.6,0.553,0.529,4.5,5.5,0.819,1.7,4.9,6.6,2.6,0.6,1.2,1.7,3.7,18.9,119.0,117,,greenje02,11.3,0.59,0.437,0.407,3.7,10.9,7.3,7.3,0.6,2.2,9.6,15.5,1.4,1.2,2.6,0.095,-1.6,-0.4,-2.1,0.0
213,Cameron Payne,29,2TM,PG,78,10,1304,7.7,17.9,0.432,3.9,9.9,0.39,3.9,8.0,0.486,0.541,2.2,2.5,0.866,0.8,3.6,4.4,7.6,1.6,0.4,2.5,4.7,21.5,116.0,118,,payneca01,12.8,0.566,0.555,0.139,1.8,8.1,4.9,21.9,1.6,0.8,11.4,19.1,1.4,1.0,2.4,0.089,-0.5,-0.6,-1.1,0.3
213,Cameron Payne,29,MIL,PG,47,2,702,6.9,15.2,0.455,3.6,9.0,0.397,3.4,6.2,0.538,0.572,2.5,3.0,0.841,0.3,3.9,4.2,7.5,1.5,0.2,2.1,5.0,19.9,122.0,118,,payneca01,12.6,0.603,0.59,0.198,0.8,8.7,4.8,20.7,1.5,0.4,11.4,16.7,1.1,0.5,1.6,0.108,-1.0,-0.5,-1.5,0.1
213,Cameron Payne,29,PHI,PG,31,8,602,8.7,21.2,0.413,4.3,11.1,0.382,4.5,10.1,0.447,0.514,1.7,1.9,0.913,1.3,3.2,4.5,7.8,1.6,0.7,2.9,4.3,23.5,111.0,117,,payneca01,13.0,0.533,0.525,0.089,2.9,7.3,5.0,23.4,1.6,1.2,11.5,21.8,0.3,0.5,0.8,0.067,0.0,-0.8,-0.7,0.2
214,Gary Harris,29,ORL,SG,54,27,1297,5.0,11.3,0.441,2.9,7.8,0.371,2.1,3.5,0.598,0.569,1.3,1.7,0.756,0.9,2.6,3.5,3.3,1.9,0.5,1.2,3.5,14.2,120.0,114,,harriga01,9.4,0.587,0.69,0.152,2.2,6.1,4.1,9.1,1.9,1.0,8.9,11.7,1.1,1.5,2.7,0.099,-2.3,1.1,-1.2,0.3
215,Dereck Lively II,19,DAL,C,55,42,1294,8.2,11.0,0.747,0.0,0.1,0.0,8.2,10.9,0.752,0.747,1.5,3.0,0.506,5.0,9.0,14.0,2.2,1.3,2.9,1.9,5.3,17.9,139.0,112,ROY-6,livelde01,18.1,0.728,0.007,0.274,11.4,20.4,16.0,6.4,1.3,5.2,13.1,12.6,3.1,1.8,4.9,0.183,-0.3,0.8,0.5,0.8
216,T.J. McConnell,31,IND,PG,71,4,1291,12.1,21.7,0.556,0.7,1.6,0.409,11.4,20.1,0.568,0.572,1.8,2.3,0.79,1.3,5.7,7.0,14.3,2.6,0.3,3.9,2.9,26.6,121.0,117,6MOY-7,mccontj01,20.9,0.586,0.074,0.105,3.2,13.6,8.4,41.8,2.6,0.5,14.8,23.7,2.8,1.1,3.9,0.143,2.9,0.1,3.0,1.6
217,Aaron Holiday,27,HOU,PG,78,1,1269,7.1,15.9,0.446,3.2,8.3,0.387,3.9,7.6,0.51,0.547,2.2,2.4,0.921,0.9,3.8,4.7,5.4,1.6,0.2,2.0,4.8,19.6,117.0,116,,holidaa01,11.5,0.578,0.52,0.151,1.9,8.5,5.2,15.4,1.6,0.4,10.6,16.7,1.3,1.2,2.5,0.094,-1.8,0.3,-1.5,0.2
218,Cedi Osman,28,SAS,SF,72,3,1269,6.9,14.4,0.479,3.2,8.3,0.389,3.7,6.1,0.601,0.591,1.3,1.9,0.673,0.9,5.8,6.7,4.5,1.3,0.4,1.8,4.0,18.3,115.0,118,,osmande01,11.2,0.601,0.576,0.135,2.1,13.3,7.7,13.0,1.3,0.7,10.4,15.1,1.0,0.9,1.9,0.071,-1.7,-0.3,-2.1,0.0
219,Gradey Dick,20,TOR,SG,60,17,1268,7.2,16.9,0.425,3.4,9.2,0.365,3.8,7.8,0.495,0.524,1.7,1.9,0.863,1.0,4.0,5.0,2.6,1.3,0.1,1.9,3.3,19.4,105.0,122,,dickgr01,8.9,0.546,0.542,0.115,2.3,9.3,5.7,7.4,1.3,0.1,9.7,17.4,-0.1,0.4,0.3,0.01,-3.2,-2.2,-5.4,-1.1
220,Naji Marshall,26,NOP,SF,66,1,1257,6.6,14.3,0.463,2.3,5.9,0.387,4.4,8.5,0.516,0.542,2.7,3.4,0.791,2.1,7.3,9.4,5.0,1.9,0.5,2.5,3.5,18.2,115.0,113,,marshna01,12.7,0.576,0.409,0.234,4.8,16.4,10.6,13.6,1.9,0.9,13.8,16.3,1.0,1.6,2.6,0.1,-1.3,0.5,-0.7,0.4
221,Kris Dunn,29,UTA,PG,66,32,1249,5.7,12.1,0.47,1.6,4.3,0.369,4.1,7.8,0.525,0.535,0.8,1.2,0.688,1.9,5.4,7.3,9.8,2.6,1.1,3.1,5.2,13.8,116.0,118,,dunnkr01,12.8,0.546,0.355,0.102,4.4,12.2,8.3,27.1,2.6,2.0,19.5,13.6,1.1,0.9,2.0,0.076,-1.5,1.4,-0.1,0.6
222,Gordon Hayward,33,2TM,SF,51,28,1245,7.3,15.8,0.464,1.5,3.5,0.411,5.9,12.3,0.479,0.51,3.5,4.7,0.742,1.5,5.6,7.1,6.2,1.6,0.5,2.6,2.6,19.6,111.0,118,,haywago01,12.8,0.548,0.223,0.298,3.4,13.0,8.1,18.3,1.6,1.0,12.6,18.4,0.6,0.9,1.5,0.058,-1.6,-0.5,-2.1,0.0
222,Gordon Hayward,33,CHO,SF,25,25,798,8.6,18.4,0.468,1.4,3.8,0.361,7.2,14.6,0.496,0.505,3.8,5.0,0.765,1.5,5.7,7.2,7.2,1.7,0.7,3.2,2.8,22.4,109.0,120,,haywago01,14.2,0.544,0.205,0.273,3.4,13.4,8.2,22.1,1.7,1.4,13.3,21.2,0.3,0.4,0.7,0.041,-1.2,-0.6,-1.8,0.0
222,Gordon Hayward,33,OKC,SF,26,3,447,5.2,11.4,0.453,1.6,3.1,0.517,3.5,8.3,0.429,0.524,2.9,4.2,0.692,1.4,5.5,6.9,4.5,1.3,0.1,1.6,2.3,14.8,117.0,116,,haywago01,10.3,0.56,0.274,0.368,3.4,12.2,8.0,11.5,1.3,0.2,10.9,13.4,0.4,0.5,0.8,0.088,-2.4,-0.2,-2.6,-0.1
223,GG Jackson II,19,MEM,PF,48,18,1233,9.6,22.3,0.428,4.0,11.3,0.357,5.5,11.0,0.502,0.519,4.6,6.1,0.752,2.1,5.7,7.8,2.3,1.1,1.0,2.6,2.5,27.7,107.0,117,,jacksgg01,13.7,0.554,0.508,0.272,4.5,13.2,8.7,8.0,1.1,1.8,9.3,24.2,0.2,1.1,1.2,0.048,-0.2,-1.8,-2.0,0.0
224,Aaron Wiggins,25,OKC,SG,78,4,1228,8.3,14.8,0.562,2.4,4.9,0.492,5.9,9.8,0.598,0.645,2.2,2.8,0.789,2.3,4.9,7.3,3.4,2.2,0.7,2.2,3.6,21.2,125.0,113,,wiggiaa01,15.6,0.664,0.334,0.188,5.7,11.0,8.4,9.3,2.2,1.4,12.1,16.4,2.1,1.6,3.7,0.144,0.4,0.4,0.7,0.8
225,Larry Nance Jr.,31,NOP,C,61,0,1216,5.6,9.7,0.573,1.1,2.6,0.415,4.5,7.1,0.631,0.629,1.9,2.5,0.77,3.8,8.6,12.4,4.6,2.5,0.8,2.0,4.0,14.1,131.0,111,,nancela02,14.9,0.653,0.27,0.253,8.7,19.3,14.1,12.1,2.5,1.5,15.5,11.3,2.1,1.9,4.1,0.16,-0.2,2.2,2.0,1.2
226,Duop Reath,27,POR,C,68,20,1214,9.4,20.3,0.461,3.6,10.0,0.359,5.8,10.3,0.559,0.549,2.8,3.8,0.742,3.8,6.4,10.2,2.7,1.3,1.5,2.1,6.5,25.1,116.0,117,,reathdu01,15.1,0.571,0.491,0.186,8.1,15.4,11.5,8.9,1.3,2.8,8.8,20.7,1.4,1.0,2.4,0.095,-0.2,-0.7,-0.9,0.3
227,Alec Burks,32,2TM,SG,66,1,1212,8.4,22.9,0.369,5.0,13.3,0.376,3.5,9.6,0.36,0.478,5.8,6.7,0.868,1.0,5.1,6.0,3.5,1.1,0.5,1.9,3.0,27.7,111.0,120,,burksal01,12.9,0.536,0.58,0.293,2.2,11.8,6.9,10.7,1.1,0.9,7.0,24.4,0.7,0.7,1.4,0.054,-0.3,-2.0,-2.3,-0.1
227,Alec Burks,32,DET,SG,43,0,901,8.5,21.7,0.394,5.3,13.2,0.401,3.3,8.5,0.384,0.516,6.5,7.2,0.903,0.9,5.0,5.9,3.6,1.1,0.6,1.7,3.4,28.8,118.0,121,,burksal01,15.1,0.581,0.608,0.33,1.9,11.8,6.8,11.2,1.1,1.0,6.4,23.5,1.3,0.4,1.7,0.092,1.3,-1.7,-0.4,0.4
227,Alec Burks,32,NYK,SG,23,1,311,8.1,26.4,0.307,4.1,13.5,0.301,4.1,13.0,0.313,0.383,3.9,5.4,0.727,1.3,5.2,6.5,3.2,1.1,0.2,2.6,1.8,24.2,92.0,117,,burksal01,6.5,0.42,0.509,0.202,2.9,11.6,7.2,9.2,1.1,0.3,8.3,26.9,-0.6,0.3,-0.4,-0.055,-4.9,-3.0,-7.8,-0.5
228,Kevon Looney,27,GSW,C,74,36,1195,5.6,9.4,0.597,0.0,0.0,0.0,5.6,9.4,0.599,0.597,2.3,3.4,0.675,5.8,11.2,17.0,5.4,1.1,1.2,2.0,6.3,13.5,134.0,113,,looneke01,15.1,0.62,0.004,0.356,13.1,24.6,18.9,14.1,1.1,2.2,15.6,11.3,2.5,1.6,4.0,0.162,-0.8,1.4,0.6,0.8
229,David Roddy,22,2TM,PF,65,13,1177,6.9,17.0,0.403,2.0,6.8,0.293,4.9,10.2,0.478,0.462,2.0,2.8,0.691,2.2,6.6,8.8,3.3,1.1,0.5,2.4,3.0,17.6,98.0,117,,roddyda01,8.7,0.484,0.401,0.166,4.8,15.2,9.8,10.3,1.1,0.9,11.5,18.1,-0.9,1.0,0.1,0.004,-4.0,-1.0,-5.0,-0.9
229,David Roddy,22,MEM,PF,48,13,1114,6.8,16.9,0.402,2.1,6.8,0.301,4.7,10.1,0.47,0.462,2.0,2.9,0.687,2.2,6.5,8.8,3.3,1.1,0.5,2.4,3.0,17.7,98.0,117,,roddyda01,8.7,0.485,0.404,0.174,4.8,15.2,9.8,10.4,1.1,0.9,11.5,18.1,-0.9,1.0,0.1,0.005,-3.9,-1.0,-5.0,-0.8
229,David Roddy,22,PHO,PF,17,0,63,7.8,17.8,0.435,0.8,6.2,0.125,7.0,11.6,0.6,0.457,0.8,0.8,1.0,1.6,7.0,8.5,3.1,1.6,0.0,2.3,3.1,17.1,95.0,116,,roddyda01,7.9,0.469,0.348,0.043,3.8,15.4,9.9,8.8,1.6,0.0,11.3,18.2,-0.1,0.1,0.0,-0.006,-4.8,-1.0,-5.8,-0.1
230,Vasilije Micić,30,2TM,PG,60,21,1176,6.6,15.4,0.43,1.8,6.4,0.279,4.8,9.0,0.537,0.488,2.5,3.1,0.813,0.6,3.1,3.7,10.9,1.3,0.3,4.1,2.8,17.6,105.0,121,,micicva01,10.7,0.524,0.416,0.203,1.3,7.1,4.2,31.1,1.3,0.6,19.7,18.8,-0.1,0.4,0.4,0.015,-2.5,-2.2,-4.6,-0.8
230,Vasilije Micić,30,OKC,PG,30,0,361,4.9,12.1,0.407,1.5,6.0,0.244,3.5,6.1,0.565,0.467,1.9,2.5,0.737,0.1,3.1,3.2,10.1,1.2,0.4,3.9,2.9,13.2,102.0,117,,micicva01,8.0,0.498,0.495,0.209,0.3,6.8,3.7,25.7,1.2,0.8,22.6,15.4,-0.1,0.3,0.2,0.021,-3.9,-1.4,-5.3,-0.3
230,Vasilije Micić,30,CHO,PG,30,21,815,7.4,16.9,0.437,1.9,6.6,0.294,5.4,10.3,0.529,0.495,2.8,3.4,0.839,0.8,3.1,3.9,11.3,1.3,0.2,4.2,2.8,19.6,107.0,123,,micicva01,11.9,0.532,0.391,0.201,1.7,7.3,4.4,33.5,1.3,0.5,18.7,20.3,0.1,0.1,0.2,0.012,-1.9,-2.5,-4.4,-0.5
231,Patrick Williams,22,CHI,PF,43,30,1174,6.8,15.2,0.443,2.5,6.3,0.399,4.2,9.0,0.474,0.525,2.2,2.8,0.788,2.0,5.1,7.0,2.8,1.7,1.4,2.4,3.7,18.2,107.0,117,,willipa01,11.0,0.553,0.412,0.184,4.3,11.7,7.9,7.7,1.7,2.9,12.8,16.6,0.1,1.0,1.2,0.048,-2.1,-0.1,-2.3,-0.1
232,John Konchar,27,MEM,SF,55,23,1173,3.7,8.7,0.423,1.6,5.0,0.317,2.1,3.7,0.568,0.514,0.9,1.0,0.84,3.0,7.7,10.7,4.6,2.1,2.1,1.9,3.2,9.8,114.0,112,,konchjo01,11.4,0.537,0.577,0.12,6.5,18.0,12.0,13.0,2.1,4.1,17.4,9.7,0.5,1.7,2.2,0.091,-2.6,2.2,-0.4,0.5
233,Drew Eubanks,26,PHO,C,75,6,1169,6.3,10.6,0.601,0.1,0.1,1.0,6.2,10.4,0.596,0.607,3.0,3.9,0.774,4.3,9.1,13.4,2.6,1.1,2.5,2.5,4.8,15.8,123.0,113,,eubandr01,14.4,0.645,0.012,0.368,10.5,20.1,15.6,7.2,1.1,4.6,17.2,13.2,1.6,1.6,3.1,0.129,-2.0,0.8,-1.2,0.2
234,Joe Ingles,36,ORL,SF,68,0,1169,4.2,9.6,0.436,3.0,6.8,0.435,1.2,2.8,0.439,0.59,1.2,1.4,0.824,0.8,5.3,6.0,8.6,1.8,0.2,2.8,3.7,12.5,119.0,113,,inglejo01,10.6,0.612,0.709,0.15,1.8,12.6,7.1,23.0,1.8,0.4,21.7,11.6,1.1,1.5,2.6,0.108,-1.7,1.2,-0.5,0.5
235,Anthony Black,20,ORL,PG,69,33,1164,4.9,10.5,0.466,1.6,4.0,0.394,3.3,6.5,0.51,0.54,2.1,3.4,0.613,1.4,4.5,5.9,3.9,1.5,0.9,2.4,4.7,13.4,108.0,113,,blackan01,8.4,0.56,0.381,0.324,3.3,10.8,7.0,10.6,1.5,1.7,16.6,12.7,0.1,1.5,1.6,0.067,-3.8,0.8,-3.0,-0.3
236,Jordan Hawkins,21,NOP,SG,67,10,1160,7.4,19.3,0.382,4.6,12.6,0.366,2.7,6.7,0.411,0.501,2.8,3.4,0.838,1.2,5.0,6.3,3.0,0.8,0.3,1.7,3.0,22.1,109.0,117,,hawkijo01,10.2,0.533,0.654,0.175,2.8,11.3,7.1,8.2,0.8,0.6,7.5,19.9,0.3,1.0,1.3,0.053,-1.3,-1.7,-3.1,-0.3
237,Trey Lyles,28,SAC,PF,58,0,1158,6.0,13.5,0.445,3.5,9.2,0.384,2.5,4.3,0.578,0.576,2.1,2.9,0.7,2.6,8.2,10.8,3.0,0.7,0.8,1.6,3.6,17.6,120.0,116,,lylestr01,11.9,0.596,0.682,0.218,5.8,19.4,12.4,8.1,0.7,1.5,9.7,14.4,1.3,1.0,2.4,0.098,-0.4,-0.7,-1.1,0.3
238,Moses Moody,21,GSW,SG,66,9,1156,8.1,17.6,0.462,3.0,8.4,0.36,5.1,9.2,0.555,0.548,3.1,3.9,0.785,2.7,5.5,8.2,2.4,1.8,1.0,1.8,3.8,22.3,117.0,115,,moodymo01,13.7,0.578,0.476,0.221,6.2,12.1,9.2,6.7,1.8,1.9,8.7,18.4,1.2,1.2,2.4,0.101,-0.2,0.1,-0.1,0.6
239,Jae Crowder,33,MIL,PF,50,25,1156,4.7,11.2,0.422,2.4,6.9,0.349,2.3,4.3,0.538,0.53,1.1,1.5,0.722,1.3,5.4,6.7,2.7,1.6,0.4,1.0,3.1,13.0,114.0,117,,crowdja01,8.9,0.546,0.615,0.133,3.0,12.1,7.6,7.2,1.6,0.7,7.4,11.5,0.6,1.0,1.6,0.065,-2.6,0.0,-2.6,-0.2
240,Trayce Jackson-Davis,23,GSW,PF,68,16,1130,10.0,14.2,0.702,0.0,0.0,0.0,10.0,14.2,0.704,0.702,3.2,5.7,0.561,5.8,8.8,14.6,3.5,1.2,3.3,2.1,4.6,23.1,136.0,112,,jackstr02,21.6,0.692,0.003,0.398,13.1,19.4,16.3,10.4,1.2,6.1,11.2,16.4,3.2,1.6,4.8,0.205,1.5,1.2,2.8,1.4
241,Malcolm Brogdon,31,POR,PG,39,25,1121,9.6,21.8,0.44,3.6,8.8,0.412,6.0,13.1,0.458,0.522,4.2,5.1,0.819,1.2,5.3,6.5,9.4,1.2,0.4,2.6,2.6,27.0,120.0,120,,brogdma01,17.0,0.56,0.401,0.234,2.6,12.8,7.4,30.9,1.2,0.6,9.9,23.0,2.0,0.6,2.6,0.111,2.7,-0.7,2.0,1.1
242,Dean Wade,27,CLE,PF,54,32,1108,4.3,10.3,0.414,3.5,9.0,0.391,0.8,1.3,0.567,0.584,0.9,1.2,0.769,1.6,8.1,9.7,1.9,1.8,1.1,0.9,4.1,13.0,121.0,111,,wadede01,10.2,0.598,0.871,0.112,3.8,18.2,11.1,5.0,1.8,2.0,7.6,10.5,0.9,1.6,2.5,0.11,-1.7,1.8,0.1,0.6
243,Josh Richardson,30,MIA,SG,43,6,1103,7.0,15.7,0.444,3.0,8.6,0.347,4.0,7.1,0.561,0.539,2.3,2.4,0.944,0.8,4.7,5.5,4.7,1.1,0.6,1.6,3.4,19.2,115.0,115,,richajo01,11.4,0.573,0.548,0.156,1.8,10.7,6.2,13.9,1.1,1.2,8.9,16.5,0.9,1.2,2.1,0.093,-1.3,0.0,-1.3,0.2
244,Davion Mitchell,25,SAC,PG,72,4,1101,6.4,14.2,0.452,2.5,7.0,0.361,3.9,7.3,0.539,0.54,1.3,1.9,0.714,0.8,3.4,4.2,5.9,0.7,0.1,1.9,3.7,16.7,114.0,120,,mitchda01,9.3,0.555,0.489,0.13,1.9,7.9,4.8,16.0,0.7,0.2,11.2,14.9,0.8,0.6,1.3,0.059,-2.4,-1.0,-3.4,-0.4
245,Dario Šarić,29,GSW,C,64,9,1098,8.0,17.1,0.466,3.3,8.7,0.376,4.7,8.4,0.56,0.562,3.5,4.1,0.849,3.2,9.3,12.5,6.3,1.4,0.4,3.4,4.9,22.7,119.0,115,,saricda01,15.3,0.6,0.508,0.24,7.3,20.4,13.9,17.8,1.4,0.8,15.4,19.5,1.6,1.2,2.8,0.123,0.6,0.4,1.0,0.9
246,James Wiseman,22,DET,C,63,6,1091,8.2,13.4,0.613,0.0,0.1,0.0,8.2,13.4,0.617,0.613,3.2,4.5,0.706,4.9,10.0,14.8,2.4,0.5,1.7,2.9,6.2,19.7,119.0,118,,wisemja01,14.8,0.637,0.007,0.334,11.0,23.5,17.2,7.3,0.5,3.1,15.9,16.3,1.3,0.8,2.1,0.094,-2.6,-0.9,-3.5,-0.4
247,Dante Exum,28,DAL,PG,55,17,1088,7.1,13.3,0.533,2.3,4.8,0.491,4.8,8.6,0.557,0.621,2.3,3.0,0.779,1.1,5.5,6.6,6.9,1.0,0.2,2.2,3.7,18.9,128.0,118,,exumda01,13.7,0.645,0.358,0.225,2.5,12.4,7.5,19.3,1.0,0.4,12.9,15.0,2.1,0.8,2.9,0.127,-0.3,-0.3,-0.6,0.4
248,Sam Merrill,27,CLE,SG,61,1,1069,7.3,18.2,0.402,6.6,16.4,0.404,0.7,1.8,0.385,0.584,1.2,1.3,0.929,1.0,4.5,5.5,5.0,0.9,0.2,0.9,3.3,22.4,125.0,117,,merrisa01,13.1,0.598,0.901,0.071,2.3,10.2,6.3,14.1,0.9,0.3,4.5,17.5,1.9,0.9,2.8,0.125,1.3,-0.8,0.5,0.7
249,Dennis Smith Jr.,26,BRK,PG,56,2,1059,6.9,15.8,0.435,1.5,5.1,0.294,5.4,10.7,0.502,0.482,2.0,2.7,0.741,2.3,5.3,7.7,9.5,3.2,0.6,3.2,5.7,17.3,110.0,114,,smithde03,13.4,0.508,0.322,0.172,5.0,12.1,8.5,27.3,3.2,1.0,15.8,17.7,0.5,1.3,1.8,0.08,-2.6,1.8,-0.8,0.3
250,Shaedon Sharpe,20,POR,SG,32,25,1059,8.2,20.2,0.406,2.8,8.4,0.333,5.4,11.8,0.457,0.475,4.6,5.5,0.824,2.0,5.5,7.5,4.4,1.3,0.6,3.4,4.1,23.8,105.0,119,,sharpsh01,11.4,0.524,0.415,0.274,4.2,13.3,8.5,13.8,1.3,1.0,12.9,22.4,-0.2,0.6,0.5,0.022,-1.9,-0.9,-2.8,-0.2
251,Jordan Goodwin,25,2TM,PG,57,12,1055,6.5,17.7,0.369,1.9,6.5,0.298,4.6,11.2,0.411,0.424,2.0,2.7,0.746,4.1,7.6,11.7,7.2,2.2,0.8,2.6,3.5,17.0,105.0,113,,goodwjo01,12.6,0.451,0.369,0.154,9.3,17.3,13.3,20.9,2.2,1.6,12.1,19.0,-0.2,1.4,1.2,0.054,-1.5,0.5,-1.0,0.3
251,Jordan Goodwin,25,PHO,PG,40,0,558,6.6,16.9,0.389,2.0,7.0,0.288,4.6,9.9,0.46,0.448,2.2,2.5,0.862,3.5,6.7,10.2,6.8,2.0,0.8,2.5,3.8,17.3,109.0,114,,goodwjo01,12.5,0.481,0.415,0.15,8.5,14.8,11.8,18.7,2.0,1.4,12.4,18.2,0.2,0.6,0.8,0.072,-1.3,0.4,-0.9,0.2
251,Jordan Goodwin,25,MEM,PG,17,12,497,6.5,18.6,0.349,1.9,6.0,0.311,4.6,12.6,0.367,0.399,1.9,3.0,0.633,4.7,8.7,13.4,7.6,2.5,0.9,2.7,3.2,16.7,100.0,112,,goodwjo01,12.7,0.42,0.323,0.159,10.2,20.2,15.0,23.4,2.5,1.7,11.8,19.8,-0.3,0.7,0.4,0.035,-1.8,0.6,-1.2,0.1
252,Marvin Bagley III,24,2TM,C,50,25,1053,10.8,18.4,0.586,0.4,1.0,0.391,10.3,17.3,0.597,0.597,4.3,5.7,0.762,5.8,8.2,14.0,2.5,0.9,1.5,2.7,3.6,26.2,122.0,119,,baglema01,19.4,0.629,0.056,0.309,13.1,19.2,16.1,8.1,0.9,2.6,11.3,21.0,2.0,0.7,2.7,0.122,1.0,-1.4,-0.4,0.4
252,Marvin Bagley III,24,DET,C,26,10,478,10.8,18.2,0.591,0.1,0.6,0.167,10.7,17.6,0.606,0.594,5.0,6.1,0.82,4.6,7.2,11.9,2.7,0.5,1.4,2.9,4.0,26.7,122.0,120,,baglema01,18.2,0.638,0.033,0.337,10.5,17.1,13.8,9.0,0.5,2.5,12.2,21.1,0.9,0.3,1.1,0.112,0.4,-1.6,-1.2,0.1
252,Marvin Bagley III,24,WAS,C,24,15,575,10.7,18.5,0.581,0.7,1.4,0.471,10.1,17.1,0.59,0.599,3.7,5.3,0.708,6.8,8.9,15.8,2.3,1.2,1.5,2.4,3.3,25.9,123.0,118,,baglema01,20.5,0.622,0.075,0.286,15.3,20.9,18.0,7.3,1.2,2.7,10.5,20.9,1.1,0.4,1.6,0.13,1.5,-1.2,0.3,0.3
253,Torrey Craig,33,CHI,SF,53,14,1049,5.1,11.9,0.43,2.9,7.3,0.392,2.3,4.7,0.49,0.55,1.3,1.7,0.75,3.3,7.0,10.3,2.8,1.4,1.0,1.5,5.2,14.4,119.0,117,,craigto01,10.8,0.568,0.61,0.143,7.2,16.1,11.6,7.3,1.4,2.1,10.7,12.5,1.0,0.9,1.9,0.087,-1.8,-0.2,-2.0,0.0
254,Jalen Smith,23,IND,C,61,14,1047,10.5,17.8,0.592,2.7,6.5,0.424,7.8,11.3,0.689,0.67,3.2,4.7,0.692,5.0,10.1,15.2,2.8,0.8,1.7,2.0,5.6,27.1,133.0,117,,smithja04,20.7,0.682,0.365,0.263,12.1,24.3,18.2,8.0,0.8,2.9,9.1,19.4,3.1,0.9,4.0,0.182,3.2,-0.8,2.4,1.2
255,Dalano Banton,24,2TM,PG,54,9,1047,9.5,23.6,0.404,2.8,9.4,0.296,6.7,14.2,0.475,0.463,4.4,5.7,0.783,1.9,6.5,8.4,6.0,1.6,0.9,3.6,3.0,26.3,103.0,117,,bantoda01,13.3,0.504,0.398,0.24,4.2,15.2,9.5,19.4,1.6,1.7,12.2,25.7,-0.4,0.9,0.5,0.024,-0.7,-0.6,-1.3,0.2
255,Dalano Banton,24,BOS,PG,24,1,171,5.5,14.7,0.373,0.6,4.6,0.125,4.9,10.1,0.486,0.392,4.6,5.8,0.8,3.5,6.6,10.1,5.5,1.4,0.9,2.9,5.8,16.2,106.0,113,,bantoda01,9.9,0.468,0.314,0.392,7.9,13.9,11.0,13.9,1.4,1.5,14.3,17.8,0.0,0.2,0.2,0.063,-4.7,0.6,-4.1,-0.1
255,Dalano Banton,24,POR,PG,30,8,876,10.3,25.3,0.408,3.2,10.3,0.311,7.1,15.0,0.474,0.471,4.4,5.6,0.78,1.6,6.4,8.1,6.1,1.6,1.0,3.8,2.5,28.2,103.0,117,,bantoda01,14.0,0.508,0.408,0.223,3.5,15.5,9.1,20.5,1.6,1.8,12.0,27.2,-0.4,0.7,0.3,0.016,0.1,-0.9,-0.8,0.3
256,Ziaire Williams,22,MEM,SF,51,15,1038,7.1,17.8,0.397,2.7,8.9,0.307,4.3,8.9,0.487,0.474,2.9,3.5,0.827,1.6,6.8,8.5,3.5,1.7,0.4,3.1,4.0,19.8,98.0,115,,willizi02,9.3,0.511,0.5,0.198,3.5,15.9,9.5,11.1,1.7,0.8,13.8,19.7,-0.9,1.1,0.2,0.01,-4.0,-0.4,-4.5,-0.6
257,Jae'Sean Tate,28,HOU,SF,65,9,1031,5.1,10.8,0.472,1.1,3.6,0.299,4.0,7.2,0.559,0.522,1.2,1.8,0.667,2.9,6.4,9.3,3.0,2.0,0.7,1.7,6.4,12.5,112.0,113,,tateja01,9.3,0.538,0.336,0.17,6.3,14.3,10.2,8.2,2.0,1.3,13.1,11.7,0.4,1.3,1.8,0.082,-3.7,1.5,-2.3,-0.1
258,Kenrich Williams,29,OKC,PF,69,1,1029,6.1,13.1,0.468,2.6,6.6,0.397,3.5,6.5,0.54,0.568,0.3,0.7,0.5,2.9,6.9,9.8,4.3,1.8,0.4,1.5,4.7,15.2,120.0,113,,willike04,11.9,0.568,0.504,0.05,6.9,15.4,11.3,11.4,1.8,0.8,10.1,13.4,1.1,1.3,2.5,0.115,-1.1,0.3,-0.8,0.3
259,Jose Alvarado,25,NOP,PG,56,0,1028,6.8,16.5,0.412,3.7,9.9,0.377,3.1,6.6,0.464,0.525,1.7,2.5,0.673,1.2,4.9,6.1,5.6,2.8,0.7,1.9,4.2,18.9,112.0,112,6MOY-6,alvarjo01,12.5,0.54,0.6,0.151,2.7,11.0,6.9,15.3,2.8,1.4,9.8,17.3,0.6,1.5,2.1,0.097,-1.5,1.5,-0.1,0.5
260,Quentin Grimes,23,2TM,SG,51,18,1025,6.0,16.0,0.372,4.0,11.7,0.338,2.0,4.3,0.466,0.495,1.7,2.2,0.756,0.7,4.2,4.9,3.2,1.7,0.3,1.4,3.7,17.6,109.0,116,,grimequ01,8.9,0.516,0.732,0.137,1.6,9.3,5.5,8.7,1.7,0.6,7.5,15.8,0.3,1.0,1.3,0.06,-2.6,0.4,-2.2,-0.1
260,Quentin Grimes,23,NYK,SG,45,18,910,6.3,15.8,0.395,4.3,11.7,0.363,2.0,4.1,0.486,0.53,1.3,1.9,0.706,0.8,4.1,4.9,2.9,1.7,0.2,1.2,3.7,18.1,115.0,116,,grimequ01,9.5,0.543,0.741,0.119,1.7,9.2,5.4,7.8,1.7,0.3,6.5,15.3,0.7,0.9,1.5,0.081,-1.9,0.4,-1.5,0.1
260,Quentin Grimes,23,DET,SG,6,0,115,3.8,17.6,0.214,1.7,11.7,0.143,2.1,5.9,0.357,0.262,4.2,4.6,0.909,0.4,4.6,5.0,5.9,2.1,1.7,2.9,3.8,13.4,78.0,117,,grimequ01,3.9,0.342,0.667,0.262,1.0,10.9,5.8,15.8,2.1,3.0,13.0,20.0,-0.4,0.1,-0.3,-0.109,-7.8,-0.4,-8.1,-0.2
261,De'Anthony Melton,25,PHI,SG,38,33,1023,6.7,17.3,0.386,3.7,10.3,0.36,3.0,7.0,0.425,0.493,3.2,3.8,0.835,1.3,5.4,6.8,5.5,2.9,0.8,1.9,4.0,20.3,113.0,113,,meltode01,13.4,0.533,0.594,0.219,3.0,12.4,7.6,15.4,2.9,1.4,9.0,18.3,0.8,1.4,2.1,0.099,-0.7,1.2,0.5,0.7
262,Daniel Theis,31,2TM,C,60,3,1015,7.6,14.2,0.532,1.3,3.5,0.366,6.3,10.8,0.586,0.577,1.8,2.4,0.76,4.1,7.7,11.9,3.0,1.0,2.5,2.0,6.2,18.3,121.0,114,,theisda01,14.4,0.597,0.242,0.171,9.8,17.1,13.6,8.3,1.0,4.5,11.8,15.4,1.4,1.2,2.5,0.119,-1.7,0.1,-1.6,0.1
262,Daniel Theis,31,IND,C,1,0,8,5.9,23.6,0.25,0.0,5.9,0.0,5.9,17.7,0.333,0.25,0.0,0.0,,0.0,0.0,0.0,0.0,0.0,0.0,0.0,5.9,11.8,55.0,126,,theisda01,-6.9,0.25,0.25,0.0,0.0,0.0,0.0,0.0,0.0,0.0,0.0,21.0,0.0,0.0,0.0,-0.261,-13.2,-7.3,-20.5,0.0
262,Daniel Theis,31,LAC,C,59,3,1007,7.6,14.2,0.536,1.3,3.4,0.371,6.3,10.7,0.589,0.581,1.9,2.5,0.76,4.2,7.8,12.0,3.0,1.0,2.5,2.1,6.2,18.3,122.0,114,,theisda01,14.5,0.601,0.242,0.173,9.9,17.2,13.7,8.3,1.0,4.6,11.9,15.4,1.4,1.2,2.6,0.122,-1.6,0.1,-1.5,0.1
263,Lonnie Walker IV,25,BRK,SG,58,0,1011,10.2,24.1,0.423,5.1,13.3,0.384,5.1,10.8,0.471,0.528,2.2,2.9,0.763,0.6,5.6,6.2,3.6,1.6,1.0,2.5,3.5,27.7,105.0,117,,walkelo01,13.1,0.545,0.551,0.12,1.4,12.7,6.9,11.5,1.6,1.8,9.0,24.4,-0.1,0.9,0.8,0.038,-0.4,-1.0,-1.4,0.2
264,Talen Horton-Tucker,23,UTA,PG,51,11,1009,8.8,22.2,0.396,2.9,8.7,0.33,5.9,13.5,0.438,0.46,4.2,5.2,0.807,1.0,4.8,5.8,8.5,2.2,0.9,3.1,4.5,24.7,108.0,120,,hortota01,13.4,0.503,0.391,0.234,2.3,10.8,6.6,25.5,2.2,1.7,11.2,24.0,0.3,0.5,0.8,0.039,-0.9,-0.4,-1.2,0.2
265,Killian Hayes,22,DET,PG,42,31,1008,5.6,13.5,0.413,1.1,3.5,0.297,4.5,10.0,0.455,0.452,1.6,2.4,0.66,0.5,5.2,5.7,9.8,1.7,1.0,2.4,3.6,13.8,106.0,119,,hayeski01,10.5,0.474,0.261,0.177,1.2,12.2,6.6,27.8,1.7,1.7,14.3,15.1,0.0,0.7,0.7,0.032,-2.9,0.2,-2.7,-0.2
266,Jevon Carter,28,CHI,PG,72,0,1004,6.9,18.1,0.378,3.8,11.6,0.329,3.0,6.5,0.466,0.484,0.2,0.3,0.571,0.5,2.4,3.0,4.7,1.8,0.8,1.8,3.5,17.7,101.0,119,,carteje01,8.5,0.485,0.641,0.019,1.2,5.6,3.3,12.9,1.8,1.6,8.9,17.7,-0.5,0.7,0.2,0.009,-3.3,-0.7,-4.0,-0.5
267,Luke Kennard,27,MEM,SG,39,22,999,6.9,15.4,0.448,5.2,11.6,0.45,1.7,3.8,0.442,0.617,2.0,2.2,0.889,0.5,5.0,5.5,6.7,1.0,0.1,2.6,1.9,21.0,121.0,119,,kennalu01,13.1,0.641,0.756,0.143,1.2,11.6,6.2,20.8,1.0,0.2,13.9,16.7,1.4,0.7,2.1,0.099,0.6,-0.9,-0.3,0.4
268,Garrison Mathews,27,ATL,SG,66,5,992,5.0,10.9,0.456,4.1,9.3,0.44,0.9,1.6,0.545,0.644,1.6,2.0,0.81,0.8,3.6,4.4,1.8,1.0,0.4,0.9,5.6,15.7,131.0,123,,mathega01,8.9,0.665,0.854,0.186,1.8,8.6,5.1,4.8,1.0,0.7,7.2,11.1,1.4,0.2,1.6,0.077,-2.1,-0.9,-3.0,-0.2
269,Jaden Hardy,21,DAL,SG,73,7,989,9.5,23.2,0.407,3.9,10.9,0.362,5.5,12.4,0.447,0.492,2.9,3.7,0.776,1.0,5.4,6.4,5.3,1.1,0.2,3.0,3.9,25.7,103.0,118,,hardyja02,11.2,0.517,0.468,0.159,2.2,12.2,7.2,15.7,1.1,0.4,10.8,24.9,-0.4,0.7,0.3,0.014,-2.0,-2.1,-4.1,-0.5
270,Tre Mann,22,2TM,PG,41,28,987,7.2,15.7,0.459,2.3,6.3,0.373,4.9,9.5,0.516,0.533,2.2,2.9,0.763,1.0,6.4,7.4,8.2,2.5,0.1,3.2,2.4,19.0,110.0,118,,manntr01,13.7,0.559,0.399,0.187,2.2,15.0,8.5,24.1,2.5,0.3,16.0,18.2,0.4,0.8,1.2,0.058,-1.7,0.4,-1.3,0.2
270,Tre Mann,22,OKC,PG,13,0,119,8.1,16.2,0.5,3.2,7.7,0.421,4.8,8.5,0.571,0.6,0.4,0.4,1.0,1.6,8.1,9.7,8.1,1.2,0.0,3.6,1.2,19.8,115.0,114,,manntr01,14.2,0.606,0.475,0.025,3.9,18.0,11.2,22.3,1.2,0.0,18.2,18.0,0.1,0.1,0.3,0.102,0.4,-0.2,0.1,0.1
270,Tre Mann,22,CHO,PG,28,28,868,7.1,15.7,0.453,2.2,6.1,0.364,4.9,9.6,0.509,0.524,2.5,3.3,0.759,0.9,6.2,7.1,8.2,2.7,0.2,3.2,2.6,18.9,109.0,118,,manntr01,13.7,0.552,0.388,0.21,2.0,14.6,8.1,24.3,2.7,0.3,15.7,18.2,0.3,0.6,0.9,0.052,-2.0,0.5,-1.5,0.1
271,Cam Reddish,24,LAL,SF,48,26,984,4.4,11.3,0.389,1.8,5.3,0.336,2.6,6.0,0.435,0.468,2.0,2.6,0.759,1.3,3.5,4.8,2.3,2.3,0.7,1.5,3.1,12.6,102.0,116,,reddica01,7.7,0.504,0.47,0.231,3.2,7.7,5.6,6.0,2.3,1.2,10.7,12.7,-0.3,0.9,0.6,0.03,-4.0,0.8,-3.2,-0.3
272,Luke Kornet,28,BOS,C,63,7,983,7.1,10.2,0.7,0.1,0.1,1.0,7.1,10.2,0.698,0.702,2.5,2.7,0.907,5.9,7.2,13.1,3.4,1.2,3.1,1.1,3.9,16.8,157.0,110,,kornelu01,19.8,0.736,0.005,0.266,13.5,15.1,14.3,8.9,1.2,5.5,8.5,11.0,3.5,1.6,5.1,0.248,1.6,1.8,3.4,1.3
273,Keon Ellis,24,SAC,SG,57,21,978,5.3,11.5,0.461,3.5,8.3,0.417,1.8,3.2,0.578,0.612,1.3,1.7,0.743,1.6,4.6,6.2,4.2,2.5,1.4,1.8,5.6,15.4,122.0,113,,elliske01,12.0,0.627,0.724,0.151,3.6,10.8,7.1,11.1,2.5,2.7,13.0,12.4,1.1,1.2,2.3,0.114,-0.9,2.1,1.2,0.8
274,Xavier Tillman Sr.,25,2TM,PF,54,15,974,6.1,14.0,0.434,1.0,4.1,0.247,5.1,10.0,0.51,0.47,1.1,2.5,0.44,3.5,7.1,10.6,3.9,2.6,2.2,1.7,3.8,14.3,105.0,110,,tillmxa01,12.2,0.472,0.29,0.179,7.7,16.1,11.8,11.3,2.6,4.2,10.1,14.8,-0.1,1.6,1.4,0.071,-3.1,1.9,-1.2,0.2
274,Xavier Tillman Sr.,25,MEM,C,34,13,700,6.1,14.9,0.408,0.8,3.7,0.226,5.2,11.2,0.469,0.437,1.3,3.0,0.419,3.9,7.1,11.0,4.0,2.9,2.4,2.0,4.2,14.2,98.0,110,,tillmxa01,11.8,0.44,0.249,0.202,8.4,16.4,12.3,12.1,2.9,4.7,11.1,16.0,-0.5,1.2,0.6,0.043,-3.8,2.1,-1.7,0.1
274,Xavier Tillman Sr.,25,BOS,PF,20,2,274,6.1,11.9,0.515,1.4,5.0,0.286,4.7,6.9,0.684,0.576,0.7,1.3,0.571,2.5,7.2,9.7,3.6,1.6,1.6,0.9,2.7,14.4,127.0,111,,tillmxa01,13.3,0.579,0.424,0.106,5.8,15.1,10.6,9.3,1.6,2.9,6.7,11.8,0.4,0.4,0.8,0.142,-1.3,1.3,0.0,0.1
275,Josh Okogie,25,PHO,SG,60,11,960,4.4,10.5,0.417,1.5,4.8,0.309,2.9,5.7,0.509,0.488,3.9,5.2,0.745,3.8,4.1,7.8,3.3,2.4,1.2,1.8,3.5,14.1,119.0,114,,okogijo01,12.0,0.552,0.456,0.495,9.2,9.0,9.1,8.4,2.4,2.2,12.5,13.0,1.0,1.1,2.1,0.104,-1.3,0.8,-0.5,0.4
276,Goga Bitadze,24,ORL,C,62,33,957,6.5,10.8,0.603,0.1,0.7,0.143,6.4,10.1,0.636,0.608,2.9,4.5,0.655,5.6,9.2,14.8,4.1,1.7,3.7,2.3,5.5,16.1,128.0,107,,bitadgo01,17.8,0.629,0.067,0.416,13.3,21.9,17.5,11.7,1.7,7.0,15.1,13.3,1.8,1.9,3.7,0.186,-0.7,2.8,2.1,1.0
277,Max Christie,20,LAL,SG,67,7,944,5.2,12.1,0.427,2.1,5.9,0.356,3.1,6.2,0.496,0.515,1.8,2.3,0.783,0.8,6.4,7.2,3.0,1.0,0.9,1.8,2.9,14.3,105.0,117,,chrisma02,8.4,0.544,0.49,0.191,1.9,14.2,8.4,8.0,1.0,1.6,11.8,13.6,-0.1,0.8,0.7,0.036,-3.2,-0.4,-3.6,-0.4
278,Kevin Love,35,MIA,PF,55,5,924,8.5,19.4,0.44,4.5,13.2,0.344,4.0,6.2,0.643,0.557,4.6,5.8,0.787,3.2,15.1,18.2,6.2,1.0,0.5,2.6,5.2,26.2,121.0,109,,loveke01,18.5,0.597,0.68,0.301,7.2,34.5,20.7,19.0,1.0,1.1,10.6,21.9,1.7,1.6,3.3,0.17,2.7,1.0,3.6,1.3
279,Day'Ron Sharpe,22,BRK,C,61,1,921,9.0,15.8,0.571,0.2,0.8,0.267,8.8,15.0,0.588,0.578,4.0,6.6,0.61,8.7,12.3,20.9,4.6,1.3,2.4,3.8,7.0,22.3,120.0,112,,sharpda01,20.0,0.596,0.051,0.418,18.6,27.9,23.1,14.0,1.3,4.3,16.7,19.7,1.6,1.3,2.9,0.152,-0.4,0.4,0.0,0.5
280,Jonathan Isaac,26,ORL,PF,58,2,914,7.9,15.5,0.51,2.3,6.1,0.375,5.6,9.4,0.598,0.584,3.2,4.4,0.72,4.0,10.1,14.1,1.6,2.3,3.8,1.5,3.5,21.3,124.0,105,6MOY-9,isaacjo01,19.2,0.61,0.392,0.287,9.3,24.2,16.7,4.8,2.3,7.1,7.7,16.7,1.5,2.1,3.6,0.188,1.4,2.4,3.8,1.4
281,Markelle Fultz,25,ORL,PG,43,18,910,8.4,17.7,0.472,0.2,1.0,0.222,8.2,16.8,0.487,0.479,1.3,1.8,0.697,3.0,4.5,7.5,6.5,2.3,0.8,2.7,3.5,18.2,106.0,112,,fultzma01,12.6,0.492,0.055,0.101,7.2,10.7,8.9,19.7,2.3,1.5,12.8,18.8,0.0,1.3,1.3,0.069,-2.6,1.2,-1.4,0.1
282,Doug McDermott,32,2TM,SF,64,0,904,6.4,14.9,0.433,4.9,12.0,0.41,1.5,2.9,0.527,0.599,0.6,1.0,0.579,0.5,2.6,3.1,3.7,0.8,0.1,1.5,3.4,18.4,114.0,122,,mcderdo01,9.1,0.6,0.806,0.067,1.2,6.0,3.6,10.3,0.8,0.2,8.7,14.9,0.6,0.3,0.9,0.046,-1.5,-1.9,-3.4,-0.3
282,Doug McDermott,32,SAS,SF,46,0,700,6.4,14.6,0.442,5.2,11.7,0.439,1.3,2.8,0.452,0.619,0.7,1.2,0.588,0.5,2.7,3.3,3.9,0.7,0.1,1.6,3.3,18.7,116.0,122,,mcderdo01,9.5,0.62,0.805,0.079,1.2,6.2,3.7,11.1,0.7,0.2,9.7,14.9,0.5,0.2,0.8,0.053,-1.0,-1.8,-2.9,-0.2
282,Doug McDermott,32,IND,SF,18,0,204,6.5,16.0,0.406,4.2,13.0,0.321,2.3,3.0,0.769,0.536,0.2,0.5,0.5,0.5,2.1,2.5,3.0,1.2,0.0,0.9,3.7,17.3,110.0,123,,mcderdo01,7.7,0.537,0.812,0.029,1.1,5.0,3.1,7.6,1.2,0.0,5.4,15.2,0.1,0.0,0.1,0.024,-3.0,-2.2,-5.1,-0.2
283,Jaylin Williams,21,OKC,C,69,1,897,5.1,12.2,0.417,2.8,7.7,0.368,2.3,4.5,0.5,0.533,1.8,2.2,0.805,1.9,10.6,12.5,5.9,1.5,1.4,1.8,5.3,14.8,119.0,110,,willija07,12.7,0.561,0.632,0.18,4.7,23.7,14.5,15.0,1.5,2.8,12.1,13.5,1.0,1.5,2.4,0.13,-0.8,1.9,1.1,0.7
284,Nikola Jović,20,MIA,PF,46,38,896,7.1,15.6,0.452,3.6,9.1,0.399,3.5,6.6,0.525,0.568,1.8,2.6,0.702,1.4,9.3,10.7,5.0,1.4,0.8,2.3,4.6,19.6,113.0,111,,jovicni01,12.8,0.583,0.58,0.167,3.1,21.3,12.1,14.7,1.4,1.5,12.2,17.1,0.6,1.3,1.9,0.103,-0.9,1.3,0.3,0.5
285,Bryce McGowens,21,CHO,SG,59,14,882,5.7,12.9,0.439,1.9,5.7,0.333,3.7,7.2,0.523,0.513,3.7,4.8,0.776,1.0,4.8,5.7,2.9,1.2,0.6,1.7,4.1,16.9,111.0,122,,mcgowbr01,9.3,0.565,0.443,0.37,2.1,11.2,6.5,8.1,1.2,1.1,10.1,14.9,0.4,0.3,0.6,0.034,-3.7,-1.1,-4.9,-0.6
286,Cam Whitmore,19,HOU,SF,47,2,880,11.7,25.7,0.454,4.4,12.1,0.359,7.3,13.6,0.538,0.539,4.2,6.2,0.679,2.4,7.5,9.9,1.8,1.7,0.9,2.5,3.5,31.9,109.0,113,,whitmca01,16.6,0.561,0.471,0.24,5.3,16.7,11.0,6.0,1.7,1.8,8.2,27.1,0.4,1.1,1.5,0.082,1.0,-0.9,0.1,0.5
287,Jaxson Hayes,23,LAL,C,70,5,877,6.8,9.5,0.72,0.0,0.4,0.0,6.8,9.1,0.754,0.72,2.8,4.4,0.622,3.7,7.7,11.4,1.8,1.8,1.6,2.3,6.7,16.4,128.0,113,,hayesja02,14.0,0.718,0.046,0.469,9.2,17.1,13.4,5.0,1.8,2.9,16.9,12.5,1.4,1.1,2.5,0.135,-2.8,0.9,-1.9,0.0
288,Blake Wesley,20,SAS,SG,61,3,876,5.5,11.7,0.474,0.7,3.0,0.218,4.9,8.7,0.563,0.502,2.8,4.2,0.667,1.0,4.1,5.1,9.0,1.6,0.5,3.0,4.8,14.5,110.0,118,,weslebl01,10.1,0.537,0.256,0.363,2.2,9.5,5.8,25.3,1.6,0.9,18.1,14.7,0.3,0.6,0.9,0.05,-4.0,0.1,-4.0,-0.4
289,Malachi Flynn,25,3TM,PG,69,0,876,7.5,17.9,0.418,3.1,9.3,0.331,4.4,8.6,0.513,0.505,2.9,3.9,0.732,1.2,5.1,6.3,7.2,2.1,0.4,3.5,3.6,21.0,105.0,119,,flynnma01,11.9,0.533,0.52,0.218,2.6,12.0,7.2,21.1,2.1,0.8,15.0,20.4,-0.1,0.6,0.5,0.029,-2.0,-0.2,-2.2,0.0
289,Malachi Flynn,25,TOR,PG,31,0,474,5.7,14.0,0.409,2.9,8.2,0.35,2.9,5.8,0.491,0.511,1.7,2.2,0.773,1.3,5.3,6.6,7.4,1.8,0.6,3.4,4.3,16.0,105.0,119,,flynnma01,10.1,0.535,0.584,0.161,3.0,12.3,7.5,20.3,1.8,1.1,18.4,16.2,0.0,0.3,0.2,0.025,-2.8,0.0,-2.7,-0.1
289,Malachi Flynn,25,NYK,PG,14,0,60,7.6,19.3,0.391,3.4,10.9,0.308,4.2,8.4,0.5,0.478,7.6,9.2,0.818,0.0,5.0,5.0,5.0,0.8,0.0,2.5,2.5,26.1,116.0,117,,flynnma01,12.5,0.557,0.565,0.478,0.0,11.3,5.6,14.1,0.8,0.0,9.7,22.2,0.1,0.0,0.1,0.093,-1.7,-0.9,-2.6,0.0
289,Malachi Flynn,25,DET,PG,24,0,342,10.0,23.2,0.43,3.4,10.7,0.316,6.6,12.5,0.528,0.503,3.7,5.3,0.684,1.1,4.9,6.0,7.2,2.7,0.3,3.8,3.0,27.0,104.0,118,,flynnma01,14.4,0.528,0.461,0.23,2.6,11.6,7.0,23.3,2.7,0.5,12.9,26.0,-0.1,0.3,0.2,0.023,-1.0,-0.3,-1.3,0.1
290,Christian Wood,28,LAL,PF,50,1,872,6.7,14.4,0.466,1.9,6.2,0.307,4.8,8.2,0.587,0.532,3.6,5.1,0.702,2.1,11.7,13.9,2.7,0.9,1.8,2.7,3.9,18.9,107.0,113,,woodch01,12.3,0.568,0.432,0.356,5.2,26.1,16.2,7.4,0.9,3.3,14.1,17.6,0.0,1.1,1.2,0.064,-2.6,-0.2,-2.8,-0.2
291,Zach LaVine,28,CHI,SG,25,23,872,9.7,21.5,0.452,3.4,9.7,0.349,6.3,11.8,0.536,0.531,5.0,5.9,0.854,0.5,6.9,7.4,5.6,1.2,0.5,3.0,3.3,27.8,113.0,118,,lavinza01,15.1,0.578,0.449,0.274,1.0,15.8,8.3,16.8,1.2,0.9,11.0,23.8,0.8,0.6,1.5,0.08,0.8,-0.7,0.1,0.5
292,Maxi Kleber,32,DAL,C,43,7,871,3.5,8.0,0.432,1.8,5.1,0.348,1.7,3.0,0.574,0.541,1.8,2.6,0.702,1.7,6.2,7.9,3.7,0.9,1.7,1.5,4.4,10.5,118.0,116,,klebima01,8.8,0.573,0.63,0.322,3.8,14.1,9.0,9.5,0.9,3.0,14.4,9.6,0.6,0.8,1.4,0.08,-2.3,1.0,-1.3,0.2
293,Justin Holiday,34,DEN,SG,58,9,862,5.1,11.2,0.454,3.2,7.8,0.404,1.9,3.3,0.569,0.595,0.2,0.2,0.75,0.5,3.6,4.1,3.9,2.1,0.5,0.8,4.0,13.5,124.0,115,,holidju01,9.7,0.598,0.701,0.021,1.2,7.8,4.6,9.5,2.1,0.9,6.7,10.6,0.9,0.9,1.8,0.101,-2.5,0.9,-1.6,0.1
294,Chimezie Metu,26,2TM,C,51,12,859,6.9,13.8,0.504,1.6,5.3,0.298,5.4,8.5,0.633,0.561,3.3,3.6,0.906,2.3,8.6,10.9,2.6,2.4,0.9,2.9,4.0,18.7,112.0,114,,metuch01,13.3,0.61,0.385,0.262,5.5,19.6,12.7,7.4,2.4,1.6,16.0,16.2,0.5,1.1,1.5,0.085,-2.1,0.8,-1.3,0.2
294,Chimezie Metu,26,PHO,C,37,5,448,7.2,14.2,0.508,1.6,5.6,0.294,5.6,8.6,0.646,0.565,4.1,4.7,0.884,2.6,9.4,12.0,2.1,2.1,1.0,2.9,4.3,20.2,115.0,112,,metuch01,13.9,0.621,0.392,0.331,6.4,20.6,13.9,5.8,2.1,1.8,15.3,17.0,0.4,0.6,1.0,0.106,-1.6,0.3,-1.3,0.1
294,Chimezie Metu,26,DET,C,14,7,411,6.7,13.3,0.5,1.5,5.0,0.302,5.2,8.3,0.62,0.557,2.3,2.5,0.952,2.0,7.8,9.8,3.2,2.8,0.8,2.9,3.7,17.2,109.0,115,,metuch01,12.6,0.596,0.377,0.184,4.5,18.5,11.4,9.3,2.8,1.5,16.9,15.4,0.1,0.4,0.5,0.063,-2.7,1.4,-1.3,0.1
295,Trendon Watford,23,BRK,PF,63,2,856,9.5,18.0,0.527,1.6,3.9,0.397,7.9,14.1,0.564,0.571,4.5,5.6,0.794,3.0,8.2,11.2,4.7,1.3,1.1,3.6,6.1,25.0,115.0,115,,watfotr01,15.7,0.611,0.219,0.312,6.5,18.7,12.4,14.6,1.3,2.0,15.1,21.1,0.9,0.9,1.8,0.1,-0.9,0.4,-0.5,0.3
296,Taylor Hendricks,20,UTA,PF,40,23,856,6.1,13.5,0.45,3.0,7.9,0.379,3.1,5.6,0.55,0.56,1.3,1.6,0.793,2.6,7.8,10.4,1.8,1.6,1.7,1.5,4.3,16.5,117.0,119,,hendrta01,11.8,0.578,0.583,0.121,6.0,17.7,11.9,5.0,1.6,3.1,9.7,13.7,0.7,0.6,1.2,0.07,-1.3,-0.4,-1.6,0.1
297,Dwight Powell,32,DAL,C,63,9,836,4.1,6.1,0.679,0.1,0.2,0.333,4.1,5.9,0.689,0.684,3.6,5.1,0.708,5.6,6.7,12.3,4.8,1.5,1.1,1.8,6.5,11.9,147.0,115,,poweldw01,14.5,0.716,0.028,0.84,12.7,15.2,14.0,12.4,1.5,2.1,18.1,9.1,2.2,0.9,3.1,0.181,-1.1,0.8,-0.3,0.4
298,Troy Brown Jr.,24,2TM,SF,59,15,827,5.0,13.3,0.372,2.8,8.3,0.333,2.2,5.0,0.435,0.476,1.9,2.2,0.865,1.5,7.0,8.5,3.5,1.4,0.2,1.8,2.5,14.6,105.0,115,,browntr01,8.8,0.51,0.624,0.164,3.5,16.0,9.8,9.7,1.4,0.3,11.0,14.3,0.0,0.9,0.8,0.048,-2.8,0.2,-2.6,-0.1
298,Troy Brown Jr.,24,MIN,SF,37,3,410,6.3,14.2,0.441,3.7,10.1,0.369,2.5,4.1,0.618,0.572,2.3,2.7,0.864,1.7,7.0,8.7,4.2,1.0,0.2,2.2,3.1,18.6,118.0,112,,browntr01,11.6,0.603,0.712,0.186,4.1,15.4,10.0,11.7,1.0,0.4,12.4,15.7,0.4,0.6,1.0,0.118,-0.2,0.5,0.4,0.2
298,Troy Brown Jr.,24,DET,SF,22,12,417,3.7,12.5,0.296,1.8,6.6,0.281,1.8,5.9,0.314,0.37,1.5,1.7,0.867,1.3,7.0,8.3,2.9,1.8,0.1,1.4,1.8,10.7,91.0,119,,browntr01,5.9,0.406,0.528,0.139,2.9,16.6,9.6,7.8,1.8,0.2,9.5,12.9,-0.5,0.3,-0.2,-0.021,-5.3,-0.2,-5.5,-0.4
299,Marcus Morris,34,2TM,PF,49,7,817,7.0,15.9,0.439,2.9,7.2,0.403,4.1,8.7,0.469,0.53,2.2,2.7,0.818,1.4,6.7,8.1,2.2,0.9,0.8,1.8,4.5,19.1,109.0,116,,morrima03,9.9,0.558,0.451,0.167,3.1,15.2,9.1,6.1,0.9,1.4,9.6,16.6,0.2,0.8,1.0,0.06,-2.5,-1.3,-3.8,-0.4
299,Marcus Morris,34,PHI,PF,37,7,637,7.0,15.8,0.439,2.8,7.0,0.4,4.2,8.9,0.47,0.527,2.4,2.8,0.861,1.4,7.0,8.4,2.0,1.0,0.8,1.5,4.7,19.1,112.0,116,,morrima03,10.5,0.559,0.439,0.176,3.1,16.1,9.4,5.7,1.0,1.6,7.9,16.3,0.3,0.6,1.0,0.073,-2.3,-1.1,-3.4,-0.2
299,Marcus Morris,34,CLE,PF,12,0,180,7.1,16.2,0.441,3.3,8.0,0.414,3.8,8.2,0.467,0.542,1.4,2.2,0.625,1.4,5.5,6.9,2.7,0.5,0.5,3.0,3.6,18.9,100.0,116,,morrima03,8.0,0.552,0.492,0.136,3.2,12.3,7.8,7.7,0.5,1.0,15.0,18.0,-0.1,0.2,0.1,0.015,-3.2,-1.9,-5.1,-0.1
300,Caleb Houstan,21,ORL,SF,59,13,815,4.9,12.5,0.388,4.4,11.7,0.373,0.5,0.8,0.615,0.563,1.3,1.6,0.808,1.7,3.4,5.1,1.8,0.9,0.2,1.0,3.7,15.4,119.0,116,,houstca01,8.3,0.582,0.937,0.126,4.0,8.1,6.1,4.8,0.9,0.5,6.9,12.5,0.7,0.8,1.5,0.089,-1.4,-0.5,-1.9,0.0
301,Ben Sheppard,22,IND,SG,57,1,814,5.2,13.3,0.393,2.8,9.0,0.314,2.4,4.2,0.562,0.5,1.3,1.5,0.885,0.9,4.3,5.2,3.1,1.9,0.1,0.9,5.1,14.6,112.0,120,,sheppbe01,8.1,0.524,0.681,0.114,2.1,10.3,6.2,7.5,1.9,0.2,5.9,13.2,0.3,0.4,0.8,0.046,-3.3,-0.1,-3.4,-0.3
302,Jake LaRavia,22,MEM,PF,35,6,806,7.2,18.4,0.389,3.2,9.5,0.34,3.9,8.9,0.442,0.477,5.5,6.6,0.826,3.1,4.7,7.8,3.5,1.8,0.7,2.7,4.2,23.0,109.0,116,,laravja01,12.6,0.54,0.515,0.36,6.7,10.9,8.7,11.1,1.8,1.4,11.4,21.1,0.3,0.8,1.0,0.062,-1.4,-1.0,-2.5,-0.1
303,Bismack Biyombo,31,2TM,C,40,27,791,4.6,8.1,0.565,0.0,0.0,,4.6,8.1,0.565,0.565,1.6,3.3,0.481,3.8,9.1,12.9,3.3,0.7,2.3,2.6,5.5,10.7,108.0,114,,biyombi01,9.9,0.562,0.0,0.412,8.3,21.1,14.5,9.5,0.7,4.4,21.3,10.7,0.1,1.0,1.1,0.066,-4.8,1.4,-3.4,-0.3
303,Bismack Biyombo,31,MEM,C,30,27,718,4.6,8.1,0.563,0.0,0.0,,4.6,8.1,0.563,0.563,1.5,3.1,0.478,3.9,9.1,13.0,3.5,0.7,2.3,2.6,5.6,10.6,108.0,114,,biyombi01,10.0,0.56,0.0,0.387,8.3,21.3,14.5,10.1,0.7,4.4,21.4,10.6,0.1,0.9,1.0,0.066,-4.8,1.6,-3.2,-0.2
303,Bismack Biyombo,31,OKC,C,10,0,73,4.6,7.9,0.583,0.0,0.0,,4.6,7.9,0.583,0.583,2.6,5.3,0.5,3.3,8.6,11.9,1.3,0.7,2.0,2.6,4.6,11.9,107.0,113,,biyombi01,8.9,0.58,0.0,0.667,7.9,19.1,13.7,3.3,0.7,3.8,20.5,11.6,0.0,0.1,0.1,0.066,-5.4,0.2,-5.2,-0.1
304,JT Thor,21,CHO,PF,63,3,781,5.1,11.6,0.437,1.8,5.1,0.346,3.3,6.4,0.51,0.514,0.7,1.3,0.55,2.7,6.5,9.2,1.8,0.7,1.7,0.9,3.8,12.6,110.0,121,,thorjt01,9.1,0.519,0.443,0.109,6.0,15.3,10.5,5.1,0.7,3.2,7.3,11.7,0.2,0.3,0.6,0.034,-3.5,-1.1,-4.5,-0.5
305,Isaiah Jackson,22,IND,C,59,3,771,9.5,14.3,0.665,0.0,0.2,0.0,9.5,14.0,0.677,0.665,4.5,6.2,0.716,5.8,8.8,14.6,3.1,2.1,3.7,2.4,8.4,23.4,135.0,112,,jacksis01,21.5,0.689,0.017,0.438,13.8,21.2,17.5,8.3,2.1,6.3,12.3,17.2,2.2,1.1,3.3,0.204,0.3,1.4,1.7,0.7
306,Mitchell Robinson,25,NYK,C,31,21,768,4.8,8.3,0.575,0.0,0.0,,4.8,8.3,0.575,0.575,1.8,4.3,0.409,9.3,7.9,17.3,1.2,2.4,2.3,1.6,3.6,11.4,128.0,109,,robinmi01,16.1,0.554,0.0,0.52,20.7,17.7,19.2,3.1,2.4,4.3,13.8,10.2,1.2,1.3,2.5,0.155,-0.3,0.4,0.0,0.4
307,Jock Landale,28,HOU,C,56,3,763,6.7,13.1,0.515,0.6,2.5,0.25,6.1,10.6,0.578,0.539,3.3,4.1,0.8,5.6,5.3,10.9,4.1,1.3,2.1,2.0,4.7,17.4,126.0,114,,landajo01,15.6,0.584,0.194,0.316,12.2,11.9,12.1,11.8,1.3,4.0,11.7,14.8,1.4,0.9,2.3,0.146,-0.5,0.4,-0.1,0.4
308,Cody Martin,28,CHO,SF,28,22,753,5.4,14.1,0.381,1.8,5.6,0.314,3.6,8.5,0.426,0.444,1.3,2.2,0.606,1.2,5.9,7.1,6.8,2.1,1.2,2.9,3.1,13.8,96.0,118,,martico01,9.2,0.46,0.4,0.153,2.8,13.9,8.1,19.1,2.1,2.2,16.1,16.1,-0.7,0.5,-0.2,-0.012,-4.1,0.6,-3.5,-0.3
309,KJ Martin,23,2TM,SF,60,2,746,6.4,11.9,0.536,0.5,1.8,0.286,5.9,10.1,0.582,0.558,1.5,2.7,0.537,2.7,5.9,8.6,3.4,1.5,0.8,2.1,6.6,14.8,112.0,115,,martike04,9.9,0.563,0.155,0.227,6.0,13.6,9.7,9.4,1.5,1.5,13.9,13.4,0.3,0.8,1.1,0.071,-4.0,-0.1,-4.1,-0.4
309,KJ Martin,23,LAC,SF,2,0,31,6.4,15.9,0.4,1.6,8.0,0.2,4.8,8.0,0.6,0.45,1.6,3.2,0.5,1.6,3.2,4.8,1.6,3.2,1.6,3.2,4.8,15.9,86.0,114,,martike04,6.9,0.46,0.5,0.2,3.8,7.0,5.5,4.3,3.2,2.9,15.5,18.2,-0.1,0.0,0.0,-0.034,-6.8,0.7,-6.1,0.0
309,KJ Martin,23,PHI,SF,58,2,715,6.4,11.8,0.544,0.5,1.6,0.304,5.9,10.2,0.581,0.564,1.4,2.7,0.538,2.8,6.1,8.8,3.4,1.4,0.8,2.1,6.7,14.7,113.0,116,,martike04,10.0,0.569,0.135,0.228,6.1,13.8,9.9,9.6,1.4,1.4,13.8,13.2,0.4,0.7,1.1,0.076,-3.9,-0.1,-4.0,-0.4
310,Delon Wright,31,2TM,PG,47,1,742,4.8,12.1,0.394,1.6,4.4,0.368,3.2,7.7,0.408,0.46,2.4,2.9,0.822,1.2,4.3,5.6,7.7,3.5,0.7,0.9,2.1,13.6,120.0,114,,wrighde01,13.6,0.505,0.362,0.239,2.7,10.0,6.3,20.8,3.5,1.3,6.3,12.8,0.8,0.9,1.7,0.109,-2.0,2.5,0.4,0.5
310,Delon Wright,31,WAS,PG,33,0,456,4.9,12.5,0.393,1.4,3.9,0.368,3.5,8.6,0.405,0.451,2.5,3.0,0.828,1.3,4.7,6.1,8.4,3.6,0.8,1.1,2.3,13.7,118.0,116,,wrighde01,14.1,0.497,0.311,0.238,3.0,11.0,6.9,22.8,3.6,1.4,7.5,13.5,0.4,0.4,0.9,0.092,-1.8,2.3,0.5,0.3
310,Delon Wright,31,MIA,PG,14,1,286,4.5,11.5,0.394,1.9,5.2,0.367,2.6,6.3,0.417,0.477,2.3,2.8,0.813,1.0,3.7,4.7,6.5,3.3,0.5,0.5,1.7,13.3,124.0,111,,wrighde01,12.9,0.52,0.455,0.242,2.4,8.4,5.3,17.6,3.3,1.0,3.9,11.9,0.4,0.5,0.8,0.136,-2.4,2.8,0.3,0.2
311,Ish Smith,35,CHO,PG,43,5,741,4.4,10.5,0.418,0.3,0.5,0.5,4.1,10.0,0.413,0.43,0.2,0.3,0.75,0.7,4.3,5.1,9.7,1.1,0.3,3.1,3.3,9.3,97.0,123,,smithis01,6.8,0.435,0.051,0.025,1.6,10.2,5.8,26.4,1.1,0.5,22.7,12.3,-0.5,0.2,-0.4,-0.025,-5.6,-1.2,-6.8,-0.9
312,Mo Bamba,25,PHI,C,57,17,740,6.5,13.2,0.49,1.7,4.3,0.391,4.8,8.9,0.537,0.553,2.3,3.3,0.68,5.1,10.7,15.8,2.7,1.5,4.0,2.6,6.7,16.8,116.0,109,,bambamo01,15.4,0.575,0.323,0.253,11.3,24.5,17.8,7.6,1.5,7.4,15.1,15.1,0.6,1.3,2.0,0.128,-2.3,1.4,-1.0,0.2
313,Nick Smith Jr.,19,CHO,SG,51,0,729,7.6,19.6,0.391,4.3,9.9,0.432,3.4,9.7,0.35,0.5,0.9,1.0,0.867,1.2,3.7,4.9,4.0,0.7,0.5,2.6,3.7,20.4,98.0,124,,smithni01,8.1,0.511,0.505,0.052,2.7,8.6,5.5,12.0,0.7,0.9,11.7,20.3,-0.6,0.1,-0.5,-0.036,-3.1,-2.8,-5.9,-0.7
314,Landry Shamet,26,WAS,SG,46,5,726,7.6,17.6,0.431,3.4,10.1,0.338,4.2,7.5,0.556,0.527,2.4,3.0,0.826,1.0,3.0,4.0,3.5,1.6,0.6,1.9,4.9,21.1,107.0,122,,shamela01,10.5,0.556,0.573,0.168,2.3,6.9,4.6,10.2,1.6,1.1,9.3,18.8,0.1,0.2,0.3,0.022,-2.7,-1.3,-4.0,-0.4
315,Chris Duarte,26,SAC,SF,59,11,719,5.4,14.2,0.381,3.0,8.6,0.346,2.4,5.6,0.434,0.486,1.8,2.2,0.788,1.8,5.4,7.2,3.0,1.9,0.5,1.8,5.4,15.5,106.0,116,,duartch01,8.4,0.512,0.605,0.157,4.0,12.7,8.3,7.8,1.9,1.0,10.4,14.9,0.0,0.7,0.7,0.047,-3.5,0.1,-3.4,-0.2
316,Jordan Nwora,25,2TM,SF,52,1,712,9.3,20.2,0.462,3.0,8.8,0.336,6.3,11.3,0.56,0.535,3.0,3.6,0.83,1.9,8.2,10.0,4.2,1.8,0.9,3.6,3.2,24.5,105.0,117,,nworajo01,13.7,0.565,0.438,0.177,4.3,19.1,11.6,12.3,1.8,1.6,14.1,22.4,-0.1,0.6,0.5,0.034,-1.1,-1.5,-2.5,-0.1
316,Jordan Nwora,25,IND,SF,18,0,183,9.5,21.1,0.451,2.8,9.3,0.306,6.7,11.9,0.565,0.518,2.3,2.8,0.818,2.1,6.4,8.5,4.6,1.5,0.3,3.1,4.9,24.2,106.0,119,,nworajo01,12.2,0.541,0.439,0.134,4.9,15.5,10.2,12.7,1.5,0.4,12.1,22.6,0.0,0.1,0.1,0.03,-1.8,-2.2,-4.0,-0.1
316,Jordan Nwora,25,TOR,SF,34,1,529,9.2,19.8,0.465,3.0,8.7,0.347,6.2,11.1,0.557,0.541,3.2,3.8,0.833,1.8,8.8,10.6,4.0,1.8,1.1,3.7,2.6,24.6,105.0,117,,nworajo01,14.2,0.573,0.438,0.194,4.1,20.4,12.1,12.2,1.8,2.0,14.8,22.3,-0.1,0.5,0.4,0.035,-0.8,-1.2,-2.0,0.0
317,LaMelo Ball,22,CHO,PG,22,22,711,12.7,29.4,0.433,4.9,13.7,0.355,7.8,15.7,0.5,0.515,6.2,7.2,0.865,2.0,5.8,7.8,12.2,2.8,0.3,5.8,5.5,36.5,110.0,118,,ballla01,20.8,0.561,0.466,0.246,4.4,13.7,8.9,43.1,2.8,0.5,15.0,34.3,0.6,0.5,1.1,0.074,3.8,-0.5,3.3,1.0
318,Chris Boucher,31,TOR,PF,50,0,705,7.5,14.9,0.507,2.1,6.4,0.33,5.4,8.4,0.642,0.578,4.9,6.3,0.772,4.2,9.9,14.2,1.6,1.0,1.6,1.9,4.7,22.1,124.0,117,,bouchch01,16.0,0.625,0.433,0.424,9.5,23.1,16.1,4.5,1.0,3.0,9.8,17.3,1.2,0.6,1.7,0.119,-0.3,-1.4,-1.7,0.1
319,Jacob Gilyard,25,2TM,PG,41,14,699,4.2,10.5,0.4,3.6,8.8,0.405,0.6,1.7,0.375,0.57,0.1,0.1,1.0,0.6,2.6,3.2,9.6,2.3,0.3,2.1,2.7,12.1,122.0,117,,gilyaja01,11.1,0.573,0.84,0.013,1.4,6.0,3.6,27.7,2.3,0.7,16.6,11.1,0.8,0.6,1.4,0.095,-2.0,0.6,-1.4,0.1
319,Jacob Gilyard,25,MEM,PG,37,14,654,4.5,10.8,0.417,3.8,9.0,0.425,0.7,1.8,0.375,0.594,0.1,0.1,1.0,0.6,2.6,3.2,9.8,2.0,0.4,2.2,2.6,12.9,124.0,117,,gilyaja01,11.6,0.597,0.833,0.014,1.3,6.1,3.6,28.5,2.0,0.7,16.7,11.4,0.9,0.5,1.4,0.103,-1.5,0.2,-1.3,0.1
319,Jacob Gilyard,25,BRK,PG,4,0,45,0.0,6.6,0.0,0.0,6.6,0.0,0.0,0.0,,0.0,0.0,0.0,,1.1,2.2,3.3,6.6,6.6,0.0,1.1,4.4,0.0,58.0,109,,gilyaja01,4.5,0.0,1.0,0.0,2.4,5.0,3.6,15.8,6.6,0.0,14.3,6.7,-0.1,0.1,0.0,-0.017,-8.7,6.5,-2.2,0.0
320,Bruno Fernando,25,ATL,C,45,2,682,7.7,13.2,0.583,0.0,0.3,0.0,7.7,12.9,0.596,0.583,4.5,6.8,0.667,4.1,9.4,13.6,3.2,1.8,2.0,3.1,7.5,19.8,118.0,116,,fernabr01,15.2,0.615,0.021,0.513,9.1,22.2,15.4,9.3,1.8,3.7,16.1,16.7,0.8,0.7,1.5,0.103,-3.1,0.9,-2.3,-0.1
321,Dalen Terry,21,CHI,SG,59,2,681,5.1,11.5,0.439,1.2,5.4,0.23,3.8,6.1,0.627,0.494,1.8,3.1,0.581,2.1,6.1,8.3,5.9,2.0,1.3,2.3,5.9,13.2,109.0,115,,terryda01,10.2,0.512,0.471,0.274,4.7,14.1,9.3,15.6,2.0,2.7,15.4,13.4,0.1,0.7,0.8,0.06,-3.4,1.1,-2.3,0.0
322,Gary Payton II,31,GSW,SG,44,0,680,7.3,13.0,0.563,1.4,3.9,0.364,5.9,9.1,0.648,0.617,1.0,1.6,0.609,3.3,4.8,8.0,3.4,2.8,1.3,1.9,5.5,17.1,123.0,113,,paytoga02,13.9,0.621,0.301,0.126,7.4,10.5,9.0,9.4,2.8,2.4,12.3,13.6,0.9,0.9,1.8,0.125,-1.3,2.2,0.9,0.5
323,Mason Plumlee,33,LAC,C,46,11,674,6.4,11.2,0.569,0.0,0.4,0.0,6.4,10.8,0.592,0.569,5.1,7.3,0.707,4.4,12.7,17.1,4.0,1.0,1.2,2.6,5.0,17.9,125.0,113,,plumlma01,15.8,0.621,0.039,0.647,10.4,28.2,19.6,10.8,1.0,2.3,15.5,15.1,1.2,0.9,2.0,0.146,-1.1,0.4,-0.8,0.2
324,Dāvis Bertāns,31,2TM,PF,43,1,674,6.7,17.1,0.393,5.5,14.6,0.38,1.2,2.5,0.471,0.556,2.2,2.4,0.909,0.7,3.8,4.5,2.6,1.9,0.9,1.3,4.1,21.2,114.0,120,,bertada01,11.6,0.583,0.855,0.141,1.5,8.8,5.1,7.2,1.9,1.7,6.8,17.4,0.5,0.4,0.9,0.061,-0.8,-0.6,-1.4,0.1
324,Dāvis Bertāns,31,OKC,PF,15,0,91,5.3,13.7,0.385,5.3,12.7,0.417,0.0,1.1,0.0,0.577,7.4,7.9,0.933,1.1,4.2,5.3,4.8,1.6,1.6,0.5,5.3,23.2,146.0,114,,bertada01,17.3,0.675,0.923,0.577,2.5,9.4,6.1,12.2,1.6,3.1,3.0,16.0,0.3,0.1,0.4,0.229,3.2,0.8,4.0,0.1
324,Dāvis Bertāns,31,CHO,PF,28,1,583,6.9,17.6,0.394,5.6,14.9,0.375,1.4,2.7,0.5,0.553,1.4,1.5,0.889,0.6,3.7,4.3,2.2,1.9,0.8,1.4,3.9,20.8,109.0,120,,bertada01,10.7,0.57,0.846,0.087,1.3,8.7,4.9,6.5,1.9,1.4,7.3,17.7,0.2,0.3,0.4,0.034,-1.4,-0.8,-2.3,0.0
325,Keita Bates-Diop,28,2TM,SF,53,8,665,5.3,12.2,0.434,1.5,5.1,0.304,3.8,7.1,0.526,0.497,2.4,3.1,0.762,2.3,5.8,8.1,2.8,1.8,1.6,1.1,2.6,14.5,116.0,114,,bateske01,11.5,0.534,0.416,0.253,5.5,12.8,9.3,7.4,1.8,2.9,7.5,13.0,0.5,0.8,1.3,0.091,-1.5,0.4,-1.0,0.2
325,Keita Bates-Diop,28,PHO,SF,39,8,597,5.2,12.3,0.427,1.6,5.2,0.313,3.6,7.0,0.512,0.493,2.1,2.9,0.722,2.5,5.8,8.3,2.8,1.8,1.6,1.1,2.7,14.2,116.0,114,,bateske01,11.3,0.525,0.427,0.24,6.0,12.8,9.6,7.4,1.8,3.0,7.3,13.0,0.4,0.7,1.1,0.089,-1.5,0.3,-1.2,0.1
325,Keita Bates-Diop,28,BRK,SF,14,0,68,5.8,11.7,0.5,0.7,3.6,0.2,5.1,8.0,0.636,0.531,4.4,4.4,1.0,0.7,5.8,6.6,2.9,2.2,1.5,1.5,1.5,16.8,123.0,115,,bateske01,13.4,0.617,0.313,0.375,1.6,13.2,7.2,8.1,2.2,2.7,9.7,13.2,0.1,0.1,0.2,0.112,-1.3,1.5,0.2,0.0
326,Jalen Wilson,23,BRK,PF,43,3,664,5.7,13.4,0.425,1.8,5.5,0.324,3.9,7.8,0.495,0.492,2.8,3.4,0.826,3.5,6.3,9.8,3.4,0.8,0.3,1.4,3.6,16.0,118.0,119,,wilsoja03,10.8,0.537,0.413,0.257,7.5,14.2,10.8,9.3,0.8,0.5,8.7,14.3,0.6,0.4,1.1,0.077,-1.8,-1.1,-2.9,-0.2
327,Craig Porter Jr.,23,CLE,PG,51,6,649,8.8,17.4,0.509,0.9,2.6,0.353,7.9,14.8,0.536,0.535,3.1,4.3,0.732,1.6,6.7,8.3,9.0,1.6,1.1,3.4,3.0,21.7,114.0,113,,portecr01,15.4,0.564,0.149,0.246,3.7,15.1,9.4,26.5,1.6,2.1,15.1,20.2,0.6,0.9,1.5,0.108,-0.6,1.1,0.5,0.4
328,Rayan Rupert,19,POR,SG,39,12,633,4.2,12.6,0.335,2.2,6.1,0.359,2.0,6.5,0.313,0.422,1.5,2.0,0.76,1.9,5.3,7.2,4.8,0.9,0.2,2.4,4.4,12.1,98.0,120,,ruperra01,5.8,0.451,0.484,0.155,4.0,12.8,8.1,13.5,0.9,0.4,15.3,13.6,-0.4,0.3,-0.1,-0.009,-5.6,-1.2,-6.7,-0.8
329,Oshae Brissett,25,BOS,SF,55,1,630,5.3,12.0,0.444,1.2,4.3,0.273,4.2,7.7,0.541,0.493,3.9,6.5,0.602,4.8,7.8,12.5,3.5,1.5,0.6,1.6,4.2,15.8,121.0,112,,brissos01,12.8,0.53,0.359,0.542,10.9,16.3,13.7,8.7,1.5,1.1,9.5,14.5,0.8,0.9,1.7,0.131,-2.0,0.2,-1.8,0.0
330,Danilo Gallinari,35,3TM,SF,49,0,630,6.2,14.3,0.437,2.3,7.0,0.323,4.0,7.3,0.546,0.516,6.3,7.4,0.857,1.5,6.6,8.1,4.1,1.1,0.5,1.7,3.8,21.0,122.0,120,,gallida01,13.4,0.601,0.489,0.516,3.4,15.3,9.3,11.6,1.1,0.8,9.0,17.2,1.0,0.3,1.3,0.098,-0.8,-1.0,-1.9,0.0
330,Danilo Gallinari,35,WAS,PF,26,0,385,6.9,15.9,0.435,2.4,7.8,0.313,4.5,8.1,0.552,0.511,5.7,6.8,0.839,1.5,7.8,9.2,3.8,0.7,0.4,1.5,3.2,22.0,119.0,121,,gallida01,13.4,0.581,0.489,0.427,3.3,18.2,10.6,10.8,0.7,0.6,7.2,18.3,0.5,0.1,0.6,0.08,-0.8,-1.8,-2.6,-0.1
330,Danilo Gallinari,35,DET,SF,6,0,90,6.4,11.8,0.545,3.7,6.4,0.583,2.7,5.3,0.5,0.705,11.2,12.8,0.875,1.1,6.4,7.5,6.4,1.1,1.1,0.5,4.8,27.8,170.0,119,,gallida01,23.3,0.799,0.545,1.091,2.4,15.1,8.7,18.6,1.1,1.9,3.0,15.9,0.5,0.1,0.6,0.304,5.9,1.0,6.9,0.2
330,Danilo Gallinari,35,MIL,SF,17,0,155,4.3,11.5,0.378,0.9,5.3,0.176,3.4,6.2,0.55,0.419,5.0,5.6,0.889,1.9,3.7,5.6,3.7,1.9,0.3,3.1,4.7,14.6,103.0,117,,gallida01,7.7,0.523,0.459,0.486,4.3,8.3,6.4,9.6,1.9,0.6,18.2,15.3,0.0,0.1,0.1,0.025,-5.0,-0.2,-5.2,-0.1
331,Jordan McLaughlin,27,MIN,PG,56,0,626,5.5,11.4,0.483,3.3,7.0,0.472,2.2,4.4,0.5,0.628,1.0,1.4,0.722,1.4,4.3,5.7,8.7,2.8,0.6,1.5,2.4,15.4,136.0,109,,mclaujo01,15.5,0.638,0.614,0.124,3.4,9.4,6.5,23.7,2.8,1.0,11.1,12.1,1.4,1.1,2.5,0.193,1.4,2.9,4.2,1.0
332,Seth Curry,33,2TM,SG,44,4,616,6.3,16.0,0.392,3.0,8.5,0.352,3.3,7.5,0.438,0.485,2.2,2.4,0.903,1.4,3.9,5.3,3.5,1.7,0.5,1.6,3.1,17.7,107.0,118,,curryse01,9.9,0.519,0.529,0.152,3.2,9.0,6.1,9.7,1.7,0.9,8.8,16.8,0.1,0.4,0.5,0.04,-2.6,-0.6,-3.3,-0.2
332,Seth Curry,33,DAL,SG,36,3,457,5.7,15.2,0.372,3.0,8.4,0.363,2.6,6.8,0.385,0.472,1.8,2.0,0.895,1.6,3.9,5.5,3.1,1.8,0.3,1.7,3.4,16.2,105.0,117,,curryse01,8.6,0.502,0.552,0.131,3.6,8.8,6.2,8.4,1.8,0.6,9.4,15.9,-0.1,0.4,0.3,0.034,-3.2,-0.9,-4.0,-0.2
332,Seth Curry,33,CHO,SG,8,1,159,8.1,18.3,0.441,2.8,8.7,0.321,5.3,9.6,0.548,0.517,3.4,3.7,0.917,0.9,4.0,5.0,4.3,1.6,0.9,1.6,2.2,22.3,114.0,121,,curryse01,13.5,0.56,0.475,0.203,2.1,9.5,5.7,13.2,1.6,1.8,7.2,19.3,0.1,0.1,0.2,0.058,-1.1,0.0,-1.1,0.0
333,A.J. Green,24,MIL,SG,56,0,614,6.5,15.3,0.423,5.4,13.2,0.408,1.1,2.1,0.519,0.599,1.3,1.5,0.895,0.7,4.3,5.0,2.3,0.7,0.3,0.9,3.8,19.7,122.0,120,,greenaj01,10.5,0.617,0.862,0.097,1.6,9.6,5.7,6.4,0.7,0.6,5.5,15.2,0.7,0.3,1.1,0.084,-0.4,-1.7,-2.1,0.0
334,Johnny Davis,21,WAS,SG,50,6,613,4.7,11.7,0.403,1.1,3.1,0.35,3.7,8.7,0.421,0.448,1.1,1.8,0.583,1.4,4.1,5.5,2.4,1.4,0.8,1.0,4.3,11.6,98.0,121,,davisjo06,6.2,0.462,0.26,0.156,3.1,9.6,6.3,6.6,1.4,1.3,7.3,12.2,-0.3,0.2,-0.1,-0.009,-5.5,-1.1,-6.6,-0.7
335,MarJon Beauchamp,23,MIL,SF,48,1,608,6.4,13.1,0.488,2.4,5.9,0.4,4.0,7.2,0.56,0.578,1.5,2.2,0.679,1.7,6.1,7.8,2.5,1.0,0.6,2.1,4.3,16.7,111.0,118,,beaucma01,9.7,0.592,0.452,0.169,4.1,13.6,8.9,6.7,1.0,1.0,13.2,14.6,0.2,0.5,0.7,0.056,-2.3,-0.9,-3.2,-0.2
336,Marcus Smart,29,MEM,PG,20,20,605,8.2,19.1,0.43,3.4,10.8,0.313,4.8,8.3,0.583,0.519,3.5,4.5,0.768,0.5,3.8,4.3,6.9,3.3,0.4,5.0,4.3,23.4,100.0,113,,smartma01,11.8,0.552,0.565,0.236,1.0,8.9,4.8,22.7,3.3,0.8,19.2,22.9,-0.5,0.7,0.2,0.02,-3.3,0.9,-2.4,0.0
337,Mike Muscala,32,3TM,C,53,6,600,4.4,12.3,0.359,2.2,7.6,0.292,2.2,4.7,0.467,0.449,1.3,2.0,0.68,3.1,6.8,9.9,2.8,0.7,1.0,1.7,4.1,12.4,102.0,120,,muscami01,7.5,0.47,0.615,0.16,7.0,15.8,11.3,7.6,0.7,1.8,11.6,13.4,-0.2,0.3,0.1,0.009,-3.9,-1.4,-5.3,-0.5
337,Mike Muscala,32,WAS,C,24,2,338,4.6,12.5,0.367,1.9,7.1,0.275,2.6,5.4,0.487,0.444,2.1,2.8,0.75,3.0,7.3,10.4,3.0,0.7,1.0,2.2,4.3,13.1,100.0,121,,muscami01,7.6,0.481,0.567,0.222,6.8,17.2,11.9,8.2,0.7,1.7,13.9,14.3,-0.2,0.1,0.0,-0.005,-4.4,-1.8,-6.2,-0.4
337,Mike Muscala,32,DET,C,13,4,171,4.2,12.4,0.341,3.7,9.6,0.382,0.6,2.8,0.2,0.489,0.6,1.1,0.5,2.8,5.3,8.2,2.8,0.8,1.4,0.6,3.7,12.7,114.0,120,,muscami01,8.9,0.492,0.773,0.091,6.4,12.6,9.5,7.7,0.8,2.5,4.2,11.9,0.1,0.1,0.2,0.049,-1.7,-0.6,-2.2,0.0
337,Mike Muscala,32,OKC,C,16,0,91,4.2,11.6,0.364,0.5,5.8,0.091,3.7,5.8,0.636,0.386,0.0,0.5,0.0,3.7,7.4,11.1,2.1,0.5,0.5,2.1,4.2,9.0,88.0,115,,muscami01,4.3,0.379,0.5,0.045,8.9,16.5,12.9,5.3,0.5,1.0,15.1,12.6,-0.1,0.1,0.0,-0.017,-6.4,-1.6,-8.0,-0.1
338,Jericho Sims,25,NYK,C,45,11,585,3.3,4.7,0.691,0.0,0.0,,3.3,4.7,0.691,0.691,1.4,2.1,0.667,4.8,7.8,12.7,2.2,0.7,1.6,1.4,3.9,7.9,141.0,114,,simsje01,10.9,0.702,0.0,0.436,10.7,17.5,14.1,5.4,0.7,3.0,19.6,6.0,0.9,0.7,1.5,0.127,-2.4,0.7,-1.8,0.0
339,Brice Sensabaugh,20,UTA,SF,32,11,584,7.0,18.0,0.39,2.8,9.5,0.296,4.2,8.5,0.495,0.468,3.1,3.4,0.902,1.3,7.1,8.4,4.5,1.1,0.5,3.9,3.6,19.9,99.0,122,,sensabr01,8.6,0.511,0.528,0.188,3.0,16.1,9.6,13.0,1.1,0.9,16.6,20.3,-0.5,0.2,-0.3,-0.024,-3.3,-2.1,-5.5,-0.5
340,Jarred Vanderbilt,24,LAL,PF,29,6,581,4.8,9.3,0.518,0.7,2.2,0.296,4.2,7.1,0.586,0.553,2.0,2.9,0.667,3.4,7.9,11.3,2.9,2.9,0.4,2.3,3.5,12.3,113.0,112,,vandeja01,11.6,0.578,0.237,0.316,8.3,17.7,13.2,7.7,2.9,0.7,17.7,11.7,0.3,0.8,1.1,0.089,-2.9,1.3,-1.6,0.0
341,Shake Milton,27,3TM,SG,48,0,581,6.7,16.6,0.405,1.5,5.4,0.281,5.2,11.1,0.466,0.451,3.4,4.2,0.816,1.2,5.2,6.4,5.1,1.6,0.5,2.6,4.6,18.3,102.0,112,,miltosh01,9.2,0.499,0.328,0.251,2.8,11.5,7.3,14.4,1.6,0.9,12.5,18.7,-0.2,0.8,0.6,0.048,-4.3,0.6,-3.7,-0.3
341,Shake Milton,27,MIN,SG,38,0,491,6.4,16.1,0.4,1.4,5.3,0.264,5.0,10.8,0.467,0.444,3.6,4.4,0.818,0.7,4.4,5.1,5.0,1.6,0.5,2.8,4.4,17.9,100.0,112,,miltosh01,8.3,0.496,0.331,0.275,1.7,9.7,5.9,14.1,1.6,0.9,13.5,18.7,-0.3,0.7,0.4,0.039,-4.8,0.6,-4.2,-0.3
341,Shake Milton,27,DET,SG,4,0,63,8.4,19.9,0.423,2.3,6.9,0.333,6.1,13.0,0.471,0.481,1.5,2.3,0.667,5.3,8.4,13.7,4.6,1.5,0.8,2.3,2.3,20.6,108.0,118,,miltosh01,14.6,0.494,0.346,0.115,12.2,19.8,15.9,14.1,1.5,1.4,9.9,20.5,0.0,0.0,0.1,0.047,0.2,0.1,0.3,0.0
341,Shake Milton,27,NYK,SG,6,0,27,7.5,16.8,0.444,1.9,3.7,0.5,5.6,13.1,0.429,0.5,3.7,3.7,1.0,0.0,11.2,11.2,7.5,1.9,0.0,0.0,13.1,20.5,136.0,111,,miltosh01,13.8,0.557,0.222,0.222,0.0,25.0,12.5,20.9,1.9,0.0,0.0,15.8,0.1,0.0,0.1,0.201,-5.7,2.2,-3.5,0.0
342,Evan Fournier,31,2TM,SG,32,0,580,6.6,18.4,0.357,2.7,10.8,0.254,3.8,7.6,0.505,0.432,2.4,3.0,0.806,0.4,4.4,4.8,4.0,2.4,0.6,1.7,4.0,18.3,98.0,118,,fournev01,8.5,0.464,0.588,0.163,0.9,10.4,5.6,11.6,2.4,1.0,8.1,19.0,-0.5,0.4,-0.1,-0.005,-4.7,0.3,-4.3,-0.3
342,Evan Fournier,31,NYK,SG,3,0,39,5.2,25.9,0.2,2.6,19.4,0.133,2.6,6.5,0.4,0.25,2.6,2.6,1.0,0.0,5.2,5.2,3.9,5.2,0.0,1.3,5.2,15.5,72.0,107,,fournev01,2.2,0.287,0.75,0.1,0.0,11.6,5.8,10.2,5.2,0.0,4.6,24.2,-0.2,0.1,-0.1,-0.108,-11.8,0.4,-11.3,-0.1
342,Evan Fournier,31,DET,SG,29,0,541,6.7,17.9,0.373,2.8,10.2,0.27,3.9,7.6,0.512,0.45,2.4,3.0,0.794,0.4,4.4,4.8,4.0,2.2,0.6,1.8,3.9,18.5,100.0,118,,fournev01,8.9,0.482,0.572,0.169,1.0,10.3,5.6,11.7,2.2,1.1,8.5,18.6,-0.3,0.4,0.0,0.002,-4.2,0.3,-3.8,-0.3
343,Zeke Nnaji,23,DEN,PF,58,0,576,5.9,12.8,0.463,0.5,2.0,0.261,5.4,10.8,0.5,0.483,3.6,5.3,0.677,5.2,5.6,10.8,2.8,1.3,3.3,2.3,7.0,16.0,113.0,112,,nnajize01,12.4,0.528,0.154,0.416,12.1,12.2,12.1,7.0,1.3,5.6,13.3,15.4,0.4,0.8,1.2,0.099,-3.8,0.1,-3.7,-0.2
344,Trey Jemison,24,2TM,C,25,14,573,6.4,11.6,0.551,0.0,0.0,,6.4,11.6,0.551,0.551,1.8,2.1,0.84,5.5,6.0,11.4,2.3,1.0,2.4,2.9,5.9,14.6,111.0,115,,jemistr01,11.8,0.582,0.0,0.184,11.7,13.9,12.8,7.1,1.0,4.6,18.8,13.5,0.3,0.6,0.9,0.073,-4.7,-0.4,-5.1,-0.5
344,Trey Jemison,24,WAS,C,2,0,1,0.0,0.0,,0.0,0.0,,0.0,0.0,,,0.0,0.0,,0.0,46.8,46.8,0.0,0.0,0.0,46.8,0.0,0.0,0.0,99,,jemistr01,-36.1,,,,0.0,100.0,53.5,0.0,0.0,0.0,100.0,42.1,0.0,0.0,0.0,-1.2,-30.3,-3.6,-33.9,0.0
344,Trey Jemison,24,MEM,C,23,14,572,6.4,11.6,0.551,0.0,0.0,,6.4,11.6,0.551,0.551,1.8,2.1,0.84,5.5,5.9,11.4,2.3,1.0,2.4,2.8,5.9,14.6,112.0,115,,jemistr01,11.9,0.582,0.0,0.184,11.8,13.7,12.7,7.1,1.0,4.6,18.3,13.5,0.3,0.6,0.9,0.075,-4.7,-0.4,-5.1,-0.4
345,Andre Jackson Jr.,22,MIL,SG,57,8,572,4.2,8.4,0.5,1.4,3.9,0.37,2.8,4.5,0.611,0.585,0.7,0.9,0.727,3.6,5.9,9.5,4.2,1.3,0.5,2.4,7.7,10.5,119.0,117,,jacksan01,8.5,0.596,0.46,0.11,8.4,13.1,10.8,10.8,1.3,0.9,21.1,10.0,0.5,0.5,1.0,0.081,-3.6,0.0,-3.6,-0.2
346,Jared Butler,23,WAS,SG,40,0,566,8.1,16.6,0.488,2.0,6.4,0.308,6.1,10.2,0.602,0.547,2.6,3.0,0.861,0.7,4.0,4.8,10.4,2.4,0.7,4.1,4.8,20.7,111.0,119,,butleja02,14.1,0.579,0.388,0.179,1.7,9.5,5.5,30.9,2.4,1.2,18.7,19.9,0.3,0.3,0.6,0.054,-1.5,-0.5,-2.1,0.0
347,Kevin Knox,24,DET,SF,31,11,560,7.4,16.0,0.462,2.7,8.1,0.33,4.7,7.9,0.598,0.546,1.7,1.9,0.909,1.5,4.9,6.4,2.0,1.1,0.6,1.9,4.3,19.2,109.0,121,,knoxke01,9.9,0.57,0.505,0.118,3.5,11.5,7.5,5.9,1.1,1.1,10.1,16.6,0.1,0.2,0.4,0.033,-2.8,-1.8,-4.6,-0.4
348,Lamar Stevens,26,2TM,PF,38,3,559,9.5,21.0,0.45,1.2,4.0,0.304,8.2,17.0,0.485,0.479,3.7,4.7,0.778,3.2,8.0,11.1,2.5,2.0,1.9,2.1,3.9,23.8,106.0,111,,stevela01,14.6,0.516,0.192,0.225,6.9,18.2,12.4,7.9,2.0,3.6,8.3,22.2,0.0,0.8,0.8,0.068,-2.2,-0.1,-2.2,0.0
348,Lamar Stevens,26,BOS,PF,19,1,122,8.5,18.2,0.467,1.2,3.2,0.375,7.3,15.0,0.486,0.5,3.2,4.5,0.727,4.9,7.7,12.6,3.2,2.4,2.0,3.6,5.7,21.5,107.0,108,,stevela01,14.5,0.532,0.178,0.244,11.1,16.1,13.7,8.9,2.4,3.6,15.3,21.0,0.0,0.2,0.2,0.093,-2.9,0.9,-2.0,0.0
348,Lamar Stevens,26,MEM,PF,19,2,437,9.7,21.8,0.446,1.2,4.3,0.289,8.5,17.6,0.484,0.474,3.8,4.8,0.791,2.7,8.1,10.7,2.2,1.9,1.9,1.7,3.5,24.5,105.0,112,,stevela01,14.7,0.512,0.195,0.221,5.8,18.8,12.0,7.7,1.9,3.6,6.6,22.5,0.0,0.6,0.6,0.061,-2.0,-0.3,-2.3,0.0
349,Richaun Holmes,30,2TM,C,40,10,555,7.0,12.5,0.558,0.1,0.3,0.333,6.9,12.3,0.563,0.561,2.9,4.0,0.723,6.0,9.5,15.5,2.1,0.9,1.6,2.0,6.3,16.9,123.0,116,,holmeri01,14.5,0.593,0.02,0.32,13.7,21.8,17.7,6.0,0.9,2.9,12.5,14.7,0.8,0.5,1.3,0.114,-2.4,-0.8,-3.3,-0.2
349,Richaun Holmes,30,DAL,C,23,2,237,6.7,11.9,0.559,0.0,0.0,,6.7,11.9,0.559,0.559,2.4,4.3,0.571,6.7,9.1,15.8,3.0,0.6,1.8,2.4,6.7,15.8,121.0,115,,holmeri01,13.9,0.572,0.0,0.356,15.3,20.7,18.0,8.4,0.6,3.3,15.0,14.5,0.3,0.3,0.6,0.119,-2.4,-0.6,-3.0,-0.1
349,Richaun Holmes,30,WAS,PF,17,8,318,7.2,12.9,0.557,0.1,0.4,0.333,7.1,12.5,0.565,0.563,3.2,3.8,0.846,5.6,9.7,15.3,1.5,1.2,1.5,1.8,6.0,17.8,124.0,118,,holmeri01,14.9,0.608,0.034,0.295,12.5,22.7,17.5,4.3,1.2,2.6,10.8,14.8,0.5,0.2,0.7,0.11,-2.4,-1.0,-3.4,-0.1
350,Tristan Thompson,32,CLE,C,49,0,549,6.6,10.8,0.608,0.0,0.1,0.0,6.6,10.7,0.613,0.608,1.3,4.7,0.288,6.6,9.1,15.7,4.6,1.1,1.3,2.6,5.3,14.5,118.0,112,,thomptr01,13.9,0.563,0.008,0.433,15.1,20.4,17.8,12.7,1.1,2.3,16.9,13.8,0.6,0.8,1.4,0.119,-2.1,0.6,-1.4,0.1
351,Julian Strawther,21,DEN,SF,50,0,545,7.5,20.2,0.369,3.7,12.6,0.297,3.7,7.6,0.488,0.462,2.0,2.8,0.71,0.5,5.1,5.5,4.3,1.5,0.6,2.1,4.9,20.6,99.0,115,,strawju01,8.2,0.482,0.622,0.14,1.0,11.1,6.2,11.3,1.5,1.1,8.9,20.7,-0.4,0.6,0.2,0.015,-4.6,-1.4,-6.0,-0.6
352,Omer Yurtseven,25,UTA,C,48,12,545,8.8,16.3,0.538,0.4,2.1,0.208,8.3,14.2,0.588,0.552,1.7,2.5,0.679,6.4,12.0,18.4,2.6,0.7,1.6,3.3,4.6,19.7,112.0,118,,yurtsom01,15.0,0.565,0.13,0.152,14.7,27.3,21.0,7.7,0.7,2.9,15.9,17.9,0.3,0.4,0.7,0.062,-1.6,-1.5,-3.0,-0.1
353,Vit Krejci,23,ATL,PG,22,14,541,4.5,9.2,0.49,2.5,6.0,0.412,2.0,3.2,0.639,0.625,0.4,0.5,0.833,1.0,3.6,4.6,4.4,1.2,0.5,1.8,4.3,12.0,122.0,122,,krejcvi01,8.4,0.633,0.654,0.058,2.1,8.6,5.2,11.6,1.2,1.0,15.8,9.8,0.5,0.1,0.6,0.056,-3.3,-0.4,-3.7,-0.2
354,Bones Hyland,23,LAC,PG,37,5,540,8.9,22.9,0.386,4.0,12.3,0.326,4.8,10.6,0.457,0.474,1.6,2.1,0.783,0.5,4.6,5.0,8.5,2.4,0.4,4.0,4.7,23.4,100.0,116,,hylanbo01,10.8,0.49,0.538,0.092,1.1,10.1,5.7,24.5,2.4,0.7,14.4,24.8,-0.5,0.5,0.0,0.003,-2.8,-0.8,-3.6,-0.2
355,Jalen McDaniels,26,TOR,SF,50,1,538,5.8,17.0,0.344,1.1,6.4,0.169,4.8,10.6,0.449,0.376,2.4,3.3,0.73,1.6,5.5,7.1,3.3,1.7,0.5,2.7,4.7,15.2,86.0,120,,mcdanja01,5.0,0.412,0.376,0.196,3.6,12.7,8.1,9.1,1.7,1.0,12.8,18.7,-1.1,0.3,-0.8,-0.074,-7.2,-1.8,-9.0,-1.0
356,Scotty Pippen Jr.,23,MEM,PG,21,16,527,9.3,18.8,0.493,2.8,6.7,0.417,6.5,12.2,0.534,0.567,3.8,5.1,0.745,2.0,4.2,6.2,9.1,3.3,0.9,5.2,5.6,25.1,110.0,112,,pippesc02,16.4,0.596,0.355,0.271,4.4,9.7,7.0,30.7,3.3,1.8,19.8,23.0,0.3,0.7,1.0,0.09,-0.1,1.4,1.3,0.4
357,Sasha Vezenkov,28,SAC,PF,42,0,511,8.0,18.2,0.44,4.3,11.4,0.375,3.7,6.7,0.549,0.558,1.1,1.4,0.8,2.9,6.3,9.1,1.8,1.9,0.7,1.1,4.0,21.4,117.0,115,,vezenal01,13.3,0.569,0.628,0.079,6.4,14.8,10.5,5.1,1.9,1.3,5.7,17.5,0.5,0.5,1.0,0.098,-0.2,-0.7,-0.9,0.1
358,Danuel House Jr.,30,PHI,SF,34,4,509,4.5,10.2,0.448,1.5,4.8,0.3,3.1,5.3,0.582,0.519,3.4,4.4,0.761,1.5,4.1,5.6,2.7,1.5,0.5,1.8,4.4,13.9,114.0,117,,houseda01,8.5,0.575,0.476,0.438,3.4,9.3,6.3,7.2,1.5,0.9,13.2,12.2,0.3,0.4,0.7,0.066,-3.4,-0.5,-4.0,-0.3
359,Mark Williams,22,CHO,C,19,19,508,9.5,14.7,0.649,0.0,0.0,,9.5,14.7,0.649,0.649,4.5,6.2,0.719,7.4,10.5,17.9,2.1,1.6,1.9,1.7,4.9,23.5,138.0,116,,willima07,22.5,0.675,0.0,0.424,16.3,24.6,20.4,6.8,1.6,3.7,8.7,17.1,1.6,0.5,2.1,0.198,1.6,-0.8,0.8,0.3
360,Jaden Springer,21,2TM,SG,49,2,507,5.7,14.4,0.399,1.0,4.7,0.208,4.8,9.7,0.49,0.432,3.4,4.1,0.833,3.2,4.4,7.6,4.3,3.5,1.5,3.3,6.4,15.8,101.0,110,,sprinja01,10.7,0.49,0.324,0.284,7.1,9.8,8.4,11.5,3.5,2.7,17.0,17.1,-0.3,0.8,0.6,0.052,-4.9,1.5,-3.4,-0.2
360,Jaden Springer,21,PHI,SG,32,1,377,6.0,15.4,0.39,1.0,4.8,0.216,5.0,10.6,0.469,0.424,3.7,4.4,0.824,3.3,4.3,7.6,4.6,3.3,1.4,3.4,6.4,16.7,100.0,112,,sprinja01,10.6,0.481,0.314,0.288,7.2,9.8,8.5,12.6,3.3,2.7,16.4,18.2,-0.2,0.5,0.3,0.038,-4.5,1.0,-3.4,-0.1
360,Jaden Springer,21,BOS,SG,17,1,130,4.9,11.4,0.433,0.8,4.2,0.182,4.2,7.2,0.579,0.467,2.7,3.0,0.875,3.0,4.6,7.6,3.4,4.2,1.5,3.0,6.5,13.3,105.0,107,,sprinja01,10.9,0.522,0.367,0.267,6.9,9.6,8.3,8.6,4.2,2.7,19.3,13.9,0.0,0.3,0.2,0.092,-6.0,2.8,-3.2,0.0
361,Patrick Baldwin Jr.,21,WAS,SF,38,7,493,5.6,14.7,0.381,2.9,9.2,0.32,2.7,5.5,0.483,0.481,1.8,2.7,0.679,1.6,10.1,11.7,2.8,1.7,1.4,1.8,5.3,15.9,100.0,116,,baldwpa01,9.7,0.502,0.626,0.181,3.6,23.5,13.3,7.6,1.7,2.5,10.2,15.9,-0.3,0.5,0.2,0.019,-4.0,-0.6,-4.6,-0.3
362,Robert Covington,33,2TM,SF,29,6,488,4.3,9.9,0.439,1.9,5.6,0.339,2.4,4.2,0.571,0.536,2.2,2.6,0.846,3.1,6.7,9.8,2.4,3.9,1.8,1.1,5.6,12.8,125.0,108,,covinro01,13.6,0.58,0.571,0.265,6.9,15.2,11.0,6.3,3.9,3.4,9.1,10.7,0.6,0.9,1.5,0.145,-1.1,3.2,2.2,0.5
362,Robert Covington,33,LAC,PF,3,3,69,2.1,6.4,0.333,1.4,5.7,0.25,0.7,0.7,1.0,0.444,0.7,1.4,0.5,1.4,4.3,5.7,5.0,4.3,1.4,0.0,5.0,6.4,131.0,110,,covinro01,10.6,0.455,0.889,0.222,3.4,9.5,6.5,12.1,4.3,2.6,0.0,6.3,0.1,0.1,0.2,0.124,-2.3,4.5,2.3,0.1
362,Robert Covington,33,PHI,SF,26,3,419,4.7,10.5,0.449,2.0,5.6,0.354,2.7,4.8,0.561,0.545,2.5,2.8,0.875,3.4,7.0,10.5,2.0,3.9,1.9,1.3,5.8,13.9,125.0,108,,covinro01,14.1,0.593,0.539,0.27,7.5,16.1,11.7,5.3,3.9,3.5,9.9,11.4,0.5,0.8,1.3,0.149,-0.9,3.0,2.2,0.4
363,P.J. Tucker,38,2TM,PF,31,10,486,1.8,5.1,0.36,1.3,3.6,0.371,0.5,1.5,0.333,0.49,0.3,0.3,1.0,2.8,5.8,8.6,1.6,1.6,0.7,0.8,5.5,5.3,120.0,116,,tuckepj01,5.9,0.507,0.7,0.06,6.7,12.9,9.8,3.9,1.6,1.3,13.5,5.3,0.2,0.5,0.7,0.068,-4.0,0.4,-3.6,-0.2
363,P.J. Tucker,38,PHI,PF,3,3,66,1.5,3.7,0.4,1.5,3.7,0.4,0.0,0.0,,0.6,0.0,0.0,,0.7,9.7,10.4,0.0,2.2,1.5,1.5,6.7,4.5,87.0,110,,tuckepj01,4.7,0.6,1.0,0.0,1.6,22.1,11.7,0.0,2.2,2.8,28.6,4.6,0.0,0.1,0.1,0.053,-5.2,1.2,-4.0,0.0
363,P.J. Tucker,38,LAC,PF,28,7,420,1.9,5.3,0.356,1.3,3.5,0.367,0.6,1.8,0.333,0.478,0.4,0.4,1.0,3.2,5.2,8.3,1.9,1.5,0.6,0.7,5.3,5.4,124.0,117,,tuckepj01,6.1,0.497,0.667,0.067,7.5,11.4,9.5,4.5,1.5,1.1,11.5,5.5,0.3,0.3,0.6,0.07,-3.9,0.3,-3.5,-0.2
364,Tari Eason,22,HOU,PF,22,0,480,8.9,19.1,0.466,1.8,5.1,0.36,7.1,14.0,0.504,0.513,2.1,3.3,0.636,4.6,10.8,15.5,2.7,3.1,1.9,2.0,5.2,21.7,111.0,106,,easonta01,17.1,0.528,0.265,0.175,10.2,24.2,17.1,8.3,3.1,3.6,8.9,19.8,0.3,1.0,1.3,0.125,-0.4,2.0,1.6,0.4
365,Monte Morris,28,2TM,PG,33,0,476,6.4,15.8,0.405,2.8,7.2,0.386,3.6,8.6,0.422,0.493,1.3,2.0,0.684,0.7,5.2,5.9,7.1,2.0,0.9,0.7,1.4,17.0,118.0,111,,morrimo01,13.2,0.508,0.458,0.124,1.7,11.5,6.8,20.0,2.0,1.7,4.2,15.5,0.5,0.7,1.2,0.123,-0.8,1.5,0.7,0.3
365,Monte Morris,28,DET,PG,6,0,68,8.5,23.3,0.364,1.4,7.8,0.182,7.1,15.6,0.455,0.394,0.7,1.4,0.5,1.4,7.1,8.5,5.7,0.7,0.7,1.4,0.7,19.1,91.0,120,,morrimo01,8.5,0.398,0.333,0.061,3.2,16.7,9.8,17.5,0.7,1.3,5.6,22.5,-0.1,0.0,-0.1,-0.065,-4.7,-2.2,-6.9,-0.1
365,Monte Morris,28,MIN,PG,27,0,408,6.1,14.5,0.417,3.0,7.1,0.424,3.0,7.4,0.41,0.521,1.5,2.1,0.706,0.6,4.8,5.5,7.4,2.2,1.0,0.6,1.6,16.6,125.0,110,,morrimo01,13.9,0.537,0.492,0.142,1.5,10.6,6.3,20.4,2.2,1.7,3.8,14.3,0.6,0.7,1.3,0.154,-0.2,2.2,2.0,0.4
366,Bol Bol,24,PHO,PF,43,0,469,9.7,15.7,0.616,2.3,5.4,0.423,7.4,10.3,0.717,0.689,1.6,2.0,0.789,3.3,10.9,14.3,1.8,1.0,2.6,2.0,4.4,23.2,130.0,112,,bolbo01,18.7,0.7,0.344,0.126,8.1,24.1,16.5,5.3,1.0,4.7,10.7,16.5,1.0,0.7,1.6,0.168,1.4,0.8,2.1,0.5
367,Isaiah Livers,25,DET,PF,23,6,469,4.1,11.9,0.345,2.3,7.9,0.286,1.8,4.0,0.462,0.44,1.2,1.8,0.667,1.5,3.4,4.9,2.6,1.3,0.5,1.6,4.4,11.7,96.0,121,,liveris01,5.1,0.46,0.664,0.155,3.5,8.0,5.7,7.0,1.3,0.9,11.4,12.7,-0.3,0.2,-0.1,-0.015,-5.0,-1.5,-6.5,-0.5
368,Anthony Gill,31,WAS,PF,50,3,466,7.5,16.1,0.469,1.0,4.1,0.244,6.5,11.9,0.546,0.5,2.9,3.6,0.806,3.7,5.7,9.4,3.4,1.3,1.1,2.3,4.8,19.0,109.0,120,,gillan01,12.1,0.537,0.256,0.225,8.3,13.4,10.8,10.0,1.3,1.9,11.6,18.0,0.1,0.2,0.4,0.038,-2.6,-1.5,-4.1,-0.3
369,Yuta Watanabe,29,2TM,SF,34,0,464,4.3,12.2,0.353,2.6,8.9,0.294,1.7,3.3,0.516,0.461,1.1,1.8,0.588,1.2,4.5,5.7,1.6,1.3,0.7,2.0,4.1,12.3,92.0,117,,watanyu01,4.7,0.474,0.733,0.147,2.8,10.1,6.5,4.2,1.3,1.3,13.3,13.3,-0.5,0.4,-0.1,-0.009,-5.3,-1.1,-6.4,-0.5
369,Yuta Watanabe,29,PHO,SF,29,0,382,4.5,12.4,0.361,3.1,9.6,0.32,1.4,2.8,0.5,0.485,1.3,1.9,0.667,1.4,4.3,5.8,1.3,1.2,0.9,2.0,4.3,13.3,96.0,117,,watanyu01,5.4,0.502,0.773,0.155,3.4,9.6,6.7,3.3,1.2,1.6,13.4,13.6,-0.3,0.3,0.0,0.004,-4.6,-1.4,-6.0,-0.4
369,Yuta Watanabe,29,MEM,SF,5,0,82,3.6,11.3,0.316,0.6,6.0,0.1,3.0,5.4,0.556,0.342,0.0,1.2,0.0,0.0,5.4,5.4,3.0,1.8,0.0,1.8,3.0,7.7,69.0,117,,watanyu01,1.5,0.327,0.526,0.105,0.0,12.5,6.0,8.4,1.8,0.0,13.1,12.0,-0.2,0.1,-0.1,-0.074,-8.5,0.0,-8.6,-0.1
370,Nassir Little,23,PHO,SF,45,2,458,6.1,13.2,0.46,2.2,7.5,0.3,3.8,5.8,0.667,0.544,1.8,2.1,0.85,1.5,6.5,8.0,2.2,1.1,1.1,1.5,4.2,16.2,114.0,116,,littlna01,9.9,0.572,0.565,0.161,3.6,14.3,9.3,6.1,1.1,1.9,9.5,13.9,0.3,0.4,0.7,0.074,-2.4,-0.6,-3.0,-0.1
371,Sandro Mamukelashvili,24,SAS,C,46,5,451,7.7,16.3,0.471,2.0,6.7,0.297,5.7,9.6,0.593,0.532,2.6,3.6,0.735,4.7,10.7,15.5,5.2,0.7,1.3,2.0,3.7,20.0,119.0,116,,mamuksa01,15.8,0.559,0.413,0.219,10.7,24.7,17.6,15.4,0.7,2.2,10.1,17.7,0.6,0.4,1.0,0.11,-0.1,-0.4,-0.5,0.2
372,Alex Len,30,SAC,C,48,0,444,5.5,8.9,0.617,0.0,0.3,0.0,5.5,8.5,0.641,0.617,2.2,3.7,0.588,5.0,9.0,14.0,5.5,1.2,3.6,3.0,7.2,13.1,123.0,111,,lenal01,14.7,0.625,0.037,0.42,11.3,21.2,16.1,14.4,1.2,6.8,22.0,11.8,0.6,0.7,1.3,0.138,-2.7,2.9,0.2,0.2
373,Thomas Bryant,26,MIA,C,38,4,441,9.7,16.9,0.577,0.5,2.5,0.182,9.3,14.4,0.646,0.591,4.6,5.3,0.872,4.5,11.4,16.0,2.6,1.1,1.8,2.4,5.2,24.5,125.0,109,,bryanth01,19.0,0.639,0.148,0.315,10.2,26.2,18.1,8.3,1.1,3.5,11.0,19.3,0.9,0.8,1.6,0.177,-0.6,0.2,-0.4,0.2
374,Thaddeus Young,35,2TM,PF,33,6,439,7.2,11.9,0.602,0.1,0.8,0.143,7.1,11.1,0.634,0.606,0.7,1.7,0.4,5.1,6.3,11.4,6.3,2.5,0.6,1.7,5.4,15.1,130.0,116,,youngth01,15.9,0.598,0.065,0.139,11.7,14.5,13.0,17.9,2.5,1.0,11.6,12.6,0.9,0.4,1.3,0.138,-0.5,0.8,0.3,0.2
374,Thaddeus Young,35,TOR,PF,23,6,350,7.5,12.0,0.621,0.1,0.8,0.167,7.3,11.2,0.654,0.626,0.7,1.7,0.417,4.0,6.3,10.3,6.9,2.5,0.4,1.5,5.2,15.7,132.0,117,,youngth01,16.0,0.618,0.069,0.138,8.9,14.8,11.8,19.8,2.5,0.8,10.7,12.6,0.7,0.3,1.0,0.138,-0.2,0.9,0.6,0.2
374,Thaddeus Young,35,PHO,PF,10,0,89,6.0,11.5,0.524,0.0,0.5,0.0,6.0,11.0,0.55,0.524,0.5,1.6,0.333,9.3,6.0,15.4,3.8,2.7,1.1,2.2,6.0,12.6,123.0,112,,youngth01,15.1,0.515,0.048,0.143,22.8,13.3,17.8,10.4,2.7,2.0,15.2,12.8,0.1,0.1,0.3,0.137,-1.5,0.6,-0.9,0.0
375,Skylar Mays,26,2TM,PG,38,5,433,7.1,18.0,0.396,1.8,6.1,0.296,5.3,11.9,0.448,0.447,1.5,1.9,0.765,1.1,3.7,4.9,9.6,2.4,0.5,2.3,2.9,17.6,107.0,118,,mayssk01,12.0,0.466,0.34,0.107,2.5,8.9,5.6,29.1,2.4,0.8,10.7,18.4,0.1,0.3,0.4,0.044,-2.1,0.1,-2.0,0.0
375,Skylar Mays,26,POR,PG,21,5,356,7.4,19.1,0.384,1.9,6.8,0.286,5.4,12.3,0.438,0.435,1.8,2.4,0.765,1.2,3.9,5.1,10.4,1.9,0.4,2.5,2.8,18.4,107.0,119,,mayssk01,11.9,0.457,0.355,0.123,2.7,9.4,5.8,31.8,1.9,0.8,11.0,19.5,0.0,0.2,0.3,0.034,-1.8,-0.5,-2.3,0.0
375,Skylar Mays,26,LAL,SG,17,0,77,6.2,13.0,0.476,1.2,3.1,0.4,4.9,9.9,0.5,0.524,0.0,0.0,,0.6,3.1,3.7,6.2,4.3,0.6,1.2,3.7,13.6,113.0,112,,mayssk01,12.3,0.524,0.238,0.0,1.5,6.9,4.3,16.8,4.3,1.1,8.7,12.9,0.0,0.1,0.1,0.092,-3.5,2.9,-0.6,0.0
376,Chuma Okeke,25,ORL,SF,47,8,432,4.6,12.8,0.357,2.6,9.4,0.28,1.9,3.4,0.567,0.46,0.5,0.8,0.571,2.1,7.1,9.2,2.3,1.0,0.8,1.8,2.2,12.3,97.0,113,,okekech01,6.9,0.465,0.732,0.063,4.9,17.0,10.9,6.2,1.0,1.5,12.2,13.3,-0.3,0.6,0.3,0.029,-3.2,-0.2,-3.4,-0.2
377,Dominick Barlow,20,SAS,PF,33,1,420,6.3,12.8,0.496,0.3,1.0,0.333,6.0,11.8,0.51,0.509,3.3,4.7,0.69,5.1,7.7,12.8,4.1,1.4,1.6,1.0,5.3,16.3,125.0,116,,barlodo01,14.6,0.548,0.08,0.372,11.5,17.7,14.5,11.7,1.4,2.8,6.4,14.1,0.7,0.4,1.1,0.126,-1.7,0.0,-1.7,0.0
378,Reggie Bullock,32,HOU,SF,44,0,417,4.0,9.5,0.415,3.1,7.8,0.403,0.8,1.7,0.467,0.579,0.1,0.1,1.0,0.7,7.8,8.5,1.7,1.4,0.6,1.2,3.4,11.2,112.0,114,,bullore01,7.7,0.582,0.817,0.012,1.5,17.4,9.4,4.6,1.4,1.1,10.8,9.4,0.1,0.5,0.6,0.072,-2.9,0.5,-2.4,0.0
379,Patty Mills,35,2TM,PG,32,5,415,5.4,15.4,0.351,2.8,10.3,0.276,2.6,5.2,0.5,0.443,1.3,1.3,1.0,1.1,3.1,4.1,4.0,2.4,0.1,1.9,3.8,15.0,98.0,117,,millspa02,7.2,0.467,0.664,0.084,2.3,7.1,4.7,11.1,2.4,0.2,10.5,15.9,-0.3,0.4,0.1,0.009,-5.0,0.4,-4.6,-0.3
379,Patty Mills,35,ATL,PG,19,0,202,4.5,12.1,0.373,3.1,8.1,0.382,1.4,4.0,0.353,0.5,0.0,0.0,,1.2,3.6,4.7,3.3,2.1,0.2,1.9,4.0,12.1,102.0,120,,millspa02,6.6,0.5,0.667,0.0,2.6,8.4,5.4,8.7,2.1,0.4,13.6,12.2,-0.1,0.1,0.0,0.008,-4.1,0.4,-3.8,-0.1
379,Patty Mills,35,MIA,PG,13,5,213,6.3,18.7,0.338,2.6,12.4,0.208,3.7,6.3,0.593,0.406,2.6,2.6,1.0,0.9,2.6,3.5,4.7,2.6,0.0,1.9,3.5,17.8,96.0,113,,millspa02,7.9,0.448,0.663,0.138,2.1,5.9,4.0,13.4,2.6,0.0,8.6,19.4,-0.2,0.3,0.0,0.009,-5.8,0.5,-5.3,-0.2
380,Trent Forrest,25,ATL,SG,38,0,414,3.9,10.4,0.378,0.2,1.2,0.2,3.7,9.3,0.4,0.389,1.5,2.0,0.765,1.3,4.6,5.9,10.7,1.3,0.3,2.3,2.9,9.6,109.0,122,,forretr01,8.9,0.426,0.111,0.189,2.8,10.9,6.7,27.6,1.3,0.7,17.0,11.8,0.1,0.1,0.2,0.027,-3.8,-0.7,-4.4,-0.3
381,Svi Mykhailiuk,26,BOS,SF,41,2,413,6.8,16.4,0.416,5.0,12.9,0.389,1.8,3.5,0.517,0.569,0.7,1.1,0.667,1.3,4.8,6.1,4.2,1.3,0.1,1.4,2.3,19.4,119.0,115,,mykhasv01,11.7,0.575,0.788,0.066,3.0,10.0,6.7,11.0,1.3,0.2,7.8,16.1,0.5,0.4,0.9,0.106,-0.9,-0.9,-1.8,0.0
382,Wesley Matthews,37,ATL,SG,36,3,413,3.9,11.3,0.351,2.8,8.0,0.348,1.2,3.3,0.357,0.474,2.1,2.8,0.75,1.0,5.1,6.2,2.7,1.9,1.3,0.9,5.0,12.8,112.0,119,,matthwe02,8.2,0.511,0.711,0.247,2.3,12.1,7.0,6.9,1.9,2.4,6.9,11.7,0.2,0.3,0.4,0.049,-3.1,0.3,-2.8,-0.1
383,Aleksej Pokusevski,22,2TM,PF,28,0,405,5.9,14.7,0.405,2.2,6.7,0.327,3.8,8.0,0.47,0.479,3.6,5.0,0.732,2.1,8.7,10.8,4.2,1.8,1.6,2.3,2.7,17.7,107.0,116,,pokusal01,12.7,0.525,0.455,0.339,4.6,20.4,12.3,12.0,1.8,3.0,12.0,17.2,0.0,0.4,0.4,0.05,-1.8,-0.1,-1.9,0.0
383,Aleksej Pokusevski,22,OKC,PF,10,0,60,3.2,12.8,0.25,1.6,8.8,0.182,1.6,4.0,0.4,0.313,1.6,3.2,0.5,1.6,6.4,8.0,4.0,0.8,0.8,2.4,4.0,9.6,79.0,115,,pokusal01,2.5,0.338,0.688,0.25,3.9,14.3,9.3,9.7,0.8,1.5,14.5,15.0,-0.1,0.1,-0.1,-0.063,-7.7,-2.2,-9.9,-0.1
383,Aleksej Pokusevski,22,CHO,PF,18,0,345,6.4,15.0,0.429,2.3,6.3,0.364,4.1,8.7,0.475,0.505,4.0,5.3,0.757,2.1,9.2,11.3,4.3,2.0,1.7,2.3,2.4,19.2,111.0,116,,pokusal01,14.5,0.552,0.419,0.352,4.7,21.5,12.9,12.4,2.0,3.2,11.7,17.6,0.2,0.3,0.5,0.07,-0.8,0.3,-0.5,0.1
384,Luka Šamanić,24,UTA,PF,43,7,404,7.2,18.9,0.38,1.6,7.6,0.203,5.6,11.2,0.5,0.421,5.3,6.7,0.786,2.6,9.6,12.2,2.3,0.6,0.8,3.3,3.8,21.1,97.0,121,,samanlu01,8.9,0.485,0.405,0.354,6.0,21.6,13.9,6.5,0.6,1.5,13.3,21.8,-0.4,0.2,-0.2,-0.029,-4.9,-2.9,-7.8,-0.6
385,Javon Freeman-Liberty,24,TOR,PG,22,6,403,6.6,14.9,0.444,1.2,5.0,0.238,5.4,9.8,0.549,0.484,4.0,4.3,0.917,1.9,6.5,8.4,4.8,1.2,0.5,3.0,3.4,18.3,107.0,120,,freemja01,10.7,0.547,0.339,0.29,4.3,15.1,9.6,13.4,1.2,0.9,15.2,17.5,0.1,0.2,0.2,0.029,-3.1,-2.0,-5.2,-0.3
386,Derrick Rose,35,MEM,PG,24,7,399,9.3,20.2,0.461,1.8,5.0,0.366,7.5,15.2,0.492,0.506,2.9,3.3,0.889,0.9,4.7,5.5,9.6,1.0,0.2,3.8,2.6,23.4,108.0,119,,rosede01,13.1,0.54,0.248,0.164,1.8,10.9,6.2,32.3,1.0,0.5,14.9,22.3,0.1,0.3,0.4,0.046,-1.3,-1.5,-2.8,-0.1
387,DeAndre Jordan,35,DEN,C,36,2,396,7.3,11.6,0.624,0.0,0.0,,7.3,11.6,0.624,0.624,3.3,6.6,0.491,6.8,12.9,19.7,3.3,0.8,2.0,2.9,7.0,17.8,121.0,110,,jordade01,16.0,0.61,0.0,0.57,15.6,28.0,22.0,8.5,0.8,3.4,16.5,15.4,0.6,0.6,1.2,0.147,-1.7,-0.1,-1.7,0.0
388,Kobe Brown,24,LAC,PF,44,0,394,4.6,11.3,0.411,1.8,6.0,0.292,2.9,5.3,0.548,0.489,0.1,0.3,0.5,2.5,5.3,7.8,3.1,1.5,0.8,1.1,6.1,11.2,111.0,117,,brownko01,7.6,0.49,0.533,0.022,5.9,11.6,8.9,8.1,1.5,1.4,9.0,11.1,0.1,0.3,0.5,0.055,-4.0,0.2,-3.8,-0.2
389,Lester Quiñones,23,GSW,SG,37,0,394,6.9,17.3,0.397,3.9,10.8,0.364,2.9,6.5,0.453,0.511,2.5,3.6,0.69,2.6,6.3,8.8,4.4,0.7,0.2,2.1,5.4,20.1,113.0,118,,quinole01,10.3,0.533,0.624,0.206,5.8,13.8,9.9,12.0,0.7,0.5,10.0,18.3,0.3,0.3,0.6,0.068,-2.0,-1.3,-3.3,-0.1
390,Eugene Omoruyi,26,WAS,SF,43,0,393,9.6,19.9,0.485,1.5,5.5,0.283,8.1,14.4,0.562,0.524,3.8,5.8,0.653,4.2,5.9,10.1,4.2,3.2,0.6,2.5,7.4,24.6,111.0,116,,omorueu01,16.0,0.549,0.275,0.293,9.3,13.9,11.6,13.0,3.2,1.0,10.0,22.5,0.2,0.4,0.6,0.074,-1.9,-0.4,-2.3,0.0
391,Matt Ryan,26,NOP,SF,28,1,390,6.2,14.2,0.434,5.2,11.4,0.451,1.0,2.8,0.364,0.615,1.6,1.8,0.929,0.8,4.3,5.0,2.3,0.8,0.1,2.4,4.0,19.1,113.0,118,,ryanma01,9.0,0.638,0.805,0.124,1.7,9.6,5.7,6.1,0.8,0.3,13.8,15.4,0.2,0.3,0.5,0.065,-1.4,-1.3,-2.7,-0.1
392,Justin Minaya,24,POR,SF,34,1,381,2.9,9.6,0.297,1.6,6.4,0.245,1.3,3.2,0.4,0.378,0.6,1.2,0.556,3.9,3.4,7.3,2.7,1.2,1.3,1.2,4.5,7.9,100.0,120,,minayju01,5.8,0.391,0.662,0.122,8.3,8.1,8.2,7.3,1.2,2.4,10.3,9.7,-0.1,0.2,0.1,0.009,-5.1,-0.5,-5.6,-0.3
393,Johnny Juzang,22,UTA,SG,20,5,372,6.6,14.3,0.464,4.2,10.0,0.416,2.5,4.3,0.576,0.609,1.3,1.8,0.714,0.9,3.8,4.7,3.0,0.5,0.3,1.7,3.8,18.7,120.0,125,,juzanjo01,9.6,0.62,0.7,0.127,2.1,8.5,5.3,8.4,0.5,0.5,10.1,14.5,0.4,0.0,0.4,0.047,-1.5,-2.2,-3.7,-0.2
394,Noah Clowney,19,BRK,PF,23,4,370,6.7,12.4,0.538,1.6,4.4,0.364,5.1,8.0,0.633,0.602,2.8,4.0,0.7,3.5,7.4,10.8,2.4,1.1,2.1,2.0,3.3,17.8,122.0,115,,clownno01,14.2,0.626,0.355,0.323,7.5,16.7,12.0,6.9,1.1,3.9,12.4,14.2,0.5,0.4,0.9,0.111,-0.8,0.1,-0.7,0.1
395,Tosan Evbuomwan,22,2TM,SF,17,8,367,4.7,9.3,0.507,1.6,4.2,0.375,3.2,5.1,0.615,0.592,2.2,3.3,0.68,2.4,5.5,7.9,2.1,0.8,0.7,1.2,3.0,13.3,123.0,120,,evbuoto01,9.9,0.616,0.451,0.352,5.3,13.0,9.1,5.9,0.8,1.2,9.9,10.6,0.4,0.2,0.5,0.071,-2.4,-0.7,-3.0,-0.1
395,Tosan Evbuomwan,22,MEM,SF,4,0,74,2.6,9.9,0.267,1.3,5.3,0.25,1.3,4.6,0.286,0.333,0.0,0.0,,5.3,4.0,9.2,4.0,0.0,0.7,0.7,3.3,6.6,104.0,121,,evbuoto01,5.7,0.333,0.533,0.0,11.4,9.2,10.3,10.9,0.0,1.3,6.3,9.3,0.0,0.0,0.0,0.016,-4.2,-2.2,-6.4,-0.1
395,Tosan Evbuomwan,22,DET,SF,13,8,293,5.3,9.2,0.571,1.6,3.9,0.417,3.6,5.3,0.688,0.661,2.8,4.1,0.68,1.6,5.9,7.6,1.6,1.0,0.7,1.3,3.0,14.9,128.0,120,,evbuoto01,10.9,0.679,0.429,0.446,3.7,13.9,8.8,4.6,1.0,1.2,10.7,10.9,0.4,0.1,0.5,0.085,-1.9,-0.3,-2.2,0.0
396,Ousmane Dieng,20,OKC,PF,33,0,365,6.5,15.3,0.422,2.8,9.2,0.3,3.7,6.1,0.609,0.513,1.8,2.1,0.875,1.3,5.4,6.7,4.9,1.1,0.7,2.5,2.9,17.5,107.0,115,,diengou01,10.1,0.54,0.603,0.138,3.2,12.0,7.8,12.9,1.1,1.3,13.4,16.9,0.0,0.4,0.4,0.055,-2.3,-0.7,-3.0,-0.1
397,Jontay Porter,24,TOR,PF,26,5,360,5.4,14.0,0.385,2.7,8.0,0.333,2.7,5.9,0.455,0.481,2.0,2.4,0.833,3.5,7.5,11.0,8.0,2.7,2.7,2.8,4.7,15.4,112.0,114,,portejo01,14.9,0.514,0.577,0.173,7.8,17.5,12.5,21.8,2.7,4.9,15.8,15.8,0.2,0.4,0.7,0.089,-0.3,1.9,1.7,0.3
398,Ben Simmons,27,BRK,PG,15,12,359,5.9,10.2,0.581,0.0,0.0,,5.9,10.2,0.581,0.581,0.8,2.1,0.4,4.3,12.1,16.4,11.9,1.7,1.2,3.7,5.0,12.7,121.0,112,,simmobe01,16.3,0.571,0.0,0.203,9.2,27.6,18.1,33.2,1.7,2.3,25.1,13.0,0.5,0.5,1.0,0.133,-0.5,2.9,2.4,0.4
399,Brandon Boston Jr.,22,LAC,SF,32,0,345,9.3,23.0,0.404,2.0,7.4,0.269,7.3,15.6,0.468,0.447,3.3,4.7,0.697,2.7,4.7,7.4,1.9,1.6,1.1,3.4,5.7,23.9,93.0,117,,bostobr01,8.7,0.476,0.323,0.205,6.4,10.4,8.5,5.4,1.6,2.1,12.0,25.4,-0.6,0.3,-0.3,-0.04,-6.2,-2.7,-9.0,-0.6
400,Jarace Walker,20,IND,PF,33,0,340,6.2,15.3,0.409,3.1,7.6,0.4,3.2,7.6,0.418,0.509,1.1,1.2,0.889,1.7,7.1,8.7,5.6,2.1,1.5,2.4,4.0,16.7,109.0,116,,walkeja02,11.8,0.527,0.5,0.082,4.0,17.0,10.5,13.9,2.1,2.6,13.0,16.1,0.1,0.3,0.4,0.058,-0.5,0.7,0.2,0.2
401,JaVale McGee,36,SAC,C,46,0,339,11.3,18.9,0.598,0.1,1.0,0.143,11.2,17.9,0.624,0.602,3.7,6.4,0.578,6.0,12.0,18.1,2.4,2.0,2.9,4.9,6.6,26.5,109.0,109,,mcgeeja01,19.0,0.609,0.053,0.341,13.6,28.4,20.8,7.6,2.0,5.4,18.3,23.4,0.1,0.6,0.7,0.101,-1.9,0.6,-1.3,0.1
402,Olivier-Maxence Prosper,21,DAL,PF,40,1,336,5.7,14.8,0.385,1.9,6.4,0.289,3.9,8.4,0.458,0.447,4.0,5.9,0.683,3.6,7.7,11.3,3.1,1.0,0.6,1.1,2.9,17.3,113.0,116,,prospol01,11.6,0.496,0.433,0.394,8.2,17.5,12.8,8.4,1.0,1.0,6.2,16.6,0.2,0.3,0.5,0.076,-1.7,-1.3,-2.9,-0.1
403,Jeremiah Robinson-Earl,23,NOP,PF,39,1,334,6.6,13.9,0.474,1.9,5.7,0.333,4.7,8.2,0.571,0.542,1.8,2.3,0.75,3.4,7.8,11.2,3.1,1.5,0.6,2.3,3.5,16.9,112.0,113,,robinje02,11.8,0.564,0.411,0.168,7.8,17.5,12.7,8.4,1.5,1.2,13.6,15.4,0.2,0.4,0.6,0.086,-1.9,-0.3,-2.2,0.0
404,Neemias Queta,24,BOS,C,28,0,333,9.9,15.4,0.644,0.0,0.0,,9.9,15.4,0.644,0.644,3.0,4.2,0.714,7.9,10.2,18.1,3.0,1.9,3.1,1.9,7.4,22.8,139.0,106,,quetane01,22.9,0.662,0.0,0.269,17.9,21.5,19.8,8.5,1.9,5.5,10.1,16.9,1.1,0.7,1.8,0.259,0.4,1.1,1.5,0.3
405,Julian Phillips,20,CHI,SF,40,0,323,4.9,11.9,0.416,1.9,5.9,0.316,3.1,6.0,0.513,0.494,2.0,2.9,0.684,1.9,3.7,5.6,2.0,1.1,1.1,1.5,6.2,13.7,107.0,119,,phillju01,7.0,0.521,0.494,0.247,4.1,8.5,6.2,5.3,1.1,2.2,10.5,13.0,0.0,0.2,0.2,0.031,-4.7,-0.6,-5.3,-0.3
406,Cody Zeller,31,NOP,C,43,0,320,4.0,9.5,0.419,0.2,0.5,0.333,3.8,9.0,0.424,0.427,3.5,5.8,0.605,7.4,9.8,17.2,6.0,1.4,0.8,2.5,6.9,11.6,119.0,112,,zelleco01,12.8,0.483,0.048,0.613,16.9,22.0,19.5,15.2,1.4,1.5,16.9,12.9,0.4,0.4,0.8,0.124,-2.9,0.3,-2.6,0.0
407,Ja Morant,24,MEM,PG,9,9,318,12.3,26.1,0.471,2.2,7.8,0.275,10.1,18.3,0.555,0.512,8.0,9.8,0.813,0.9,6.8,7.7,11.2,1.1,0.8,4.2,2.9,34.7,116.0,116,,moranja01,20.6,0.57,0.3,0.376,2.0,15.8,8.6,42.2,1.1,1.5,12.0,30.4,0.5,0.3,0.8,0.124,2.7,0.4,3.1,0.4
408,Ashton Hagans,24,POR,PG,19,1,316,4.5,11.1,0.408,1.3,3.9,0.32,3.3,7.2,0.457,0.465,2.2,2.7,0.824,2.2,4.8,7.0,8.4,1.7,1.4,4.7,6.3,12.5,99.0,117,,haganas01,8.5,0.51,0.352,0.239,4.7,11.7,8.0,23.7,1.7,2.6,27.7,14.6,-0.2,0.3,0.0,0.006,-4.4,0.9,-3.5,-0.1
409,Devonte' Graham,28,SAS,PG,23,0,313,5.8,16.4,0.352,3.8,12.6,0.301,2.0,3.8,0.52,0.468,2.0,2.4,0.813,0.8,4.7,5.5,7.4,1.4,0.3,2.6,2.1,17.3,104.0,119,,grahade01,9.4,0.495,0.769,0.148,1.7,10.8,6.2,21.0,1.4,0.5,12.9,17.8,-0.1,0.2,0.1,0.018,-3.0,-0.9,-3.9,-0.1
410,A.J. Lawson,23,DAL,SG,42,0,311,8.3,18.7,0.446,2.0,7.7,0.26,6.3,11.0,0.577,0.5,2.3,3.5,0.652,2.2,5.6,7.7,3.1,1.5,0.5,2.2,3.4,21.0,105.0,117,,lawsoaj01,11.2,0.519,0.413,0.19,4.9,12.6,8.8,8.9,1.5,0.8,9.6,20.0,0.0,0.3,0.2,0.036,-3.1,-1.5,-4.6,-0.2
411,Nathan Mensah,25,CHO,C,25,0,307,1.9,4.5,0.429,0.0,0.0,,1.9,4.5,0.429,0.429,1.4,1.9,0.75,4.7,5.8,10.4,1.4,1.0,2.3,2.3,10.3,5.3,104.0,119,,mensana01,5.0,0.496,0.0,0.429,10.3,13.6,11.9,3.7,1.0,4.3,29.6,6.8,0.0,0.2,0.1,0.023,-8.7,-0.1,-8.8,-0.5
412,Stanley Umude,24,DET,SG,24,2,307,5.8,13.2,0.44,3.8,8.3,0.453,2.0,4.9,0.419,0.583,4.5,5.0,0.906,1.3,6.7,8.0,1.7,1.3,1.1,2.2,6.3,19.9,119.0,119,,umudest01,11.4,0.647,0.631,0.381,2.9,15.9,9.3,4.9,1.3,2.0,12.5,15.6,0.3,0.2,0.5,0.085,-1.5,-0.1,-1.6,0.0
413,Orlando Robinson,23,MIA,C,36,7,304,5.9,11.8,0.5,1.3,2.5,0.533,4.6,9.4,0.491,0.556,3.1,4.1,0.76,4.6,9.2,13.8,5.6,1.1,1.3,3.0,5.7,16.2,120.0,111,,robinor01,14.0,0.596,0.208,0.347,10.4,21.0,15.7,15.8,1.1,2.6,17.8,14.8,0.4,0.5,0.9,0.135,-1.9,0.8,-1.1,0.1
414,Furkan Korkmaz,26,PHI,SG,35,0,300,4.9,12.5,0.395,2.3,6.6,0.35,2.6,5.9,0.444,0.487,2.3,3.3,0.7,0.7,4.3,4.9,4.1,2.3,0.5,1.6,2.8,14.4,108.0,115,,korkmfu01,9.2,0.519,0.526,0.263,1.4,9.7,5.5,11.0,2.3,0.9,10.5,13.6,0.0,0.3,0.4,0.057,-3.2,0.4,-2.7,-0.1
415,Cory Joseph,32,GSW,PG,26,0,296,3.8,10.5,0.359,2.1,6.9,0.31,1.6,3.6,0.455,0.461,0.7,1.1,0.571,1.0,3.9,4.9,6.9,0.7,0.5,2.0,4.1,10.3,108.0,119,,josepco01,6.2,0.47,0.656,0.109,2.2,8.6,5.5,17.2,0.7,0.9,15.2,11.3,0.0,0.2,0.2,0.034,-4.0,-0.7,-4.7,-0.2
416,Ricky Council IV,22,PHI,SG,32,0,289,9.2,19.1,0.482,2.0,5.4,0.375,7.2,13.6,0.525,0.536,9.0,12.1,0.746,2.4,5.4,7.8,2.7,1.4,0.2,0.9,2.9,29.5,129.0,117,,councri01,18.6,0.604,0.286,0.634,5.3,12.4,8.8,8.2,1.4,0.3,3.4,22.1,0.8,0.3,1.0,0.173,2.1,-0.8,1.3,0.2
417,Garrett Temple,37,TOR,SG,27,2,289,4.8,13.0,0.372,2.0,6.7,0.3,2.8,6.3,0.447,0.449,3.0,3.7,0.818,3.0,4.5,7.5,4.7,2.0,0.5,2.3,4.7,14.7,107.0,120,,templga01,9.5,0.502,0.513,0.282,6.7,10.5,8.6,12.5,2.0,0.9,13.8,15.0,0.0,0.2,0.2,0.032,-3.4,-1.2,-4.7,-0.2
418,Leaky Black,24,CHO,SF,26,3,284,4.3,9.0,0.481,1.6,3.5,0.45,2.8,5.6,0.5,0.567,1.7,2.6,0.667,1.6,6.8,8.3,4.2,1.4,1.9,1.0,3.3,12.0,124.0,119,,blackle01,11.5,0.589,0.385,0.288,3.5,15.9,9.5,11.4,1.4,3.6,9.3,10.1,0.3,0.2,0.5,0.084,-2.6,0.3,-2.4,0.0
419,Lindy Waters III,26,OKC,SG,38,0,280,8.4,17.9,0.471,6.4,14.6,0.435,2.1,3.3,0.632,0.649,0.3,0.3,1.0,1.2,5.7,6.9,4.1,0.9,1.2,1.2,3.9,23.5,128.0,115,,waterli01,15.3,0.653,0.817,0.019,2.9,12.6,8.0,11.5,0.9,2.3,6.3,17.3,0.6,0.3,0.9,0.15,2.4,-0.5,1.9,0.3
420,Kessler Edwards,23,SAC,SF,54,0,275,6.0,14.5,0.415,3.5,9.2,0.385,2.5,5.3,0.467,0.537,0.9,1.6,0.556,1.6,5.8,7.4,2.6,1.8,0.7,0.7,4.6,16.4,115.0,115,,edwarke02,10.3,0.541,0.634,0.11,3.6,13.7,8.5,7.1,1.8,1.3,4.4,14.0,0.2,0.3,0.5,0.083,-1.6,0.1,-1.5,0.0
421,Damian Jones,28,CLE,C,39,0,270,7.9,13.2,0.597,0.5,2.6,0.214,7.3,10.6,0.69,0.618,3.3,3.8,0.857,3.7,7.7,11.3,2.7,1.3,2.4,2.4,4.9,19.6,125.0,111,,jonesda03,15.8,0.659,0.194,0.292,8.4,17.3,12.9,7.9,1.3,4.3,13.8,15.4,0.4,0.4,0.8,0.15,-1.7,1.2,-0.5,0.1
422,Onuralp Bitim,24,CHI,SG,23,1,268,6.0,15.6,0.381,2.2,8.2,0.273,3.7,7.4,0.5,0.452,0.7,0.9,0.8,1.1,4.8,6.0,2.4,0.6,0.4,1.9,4.5,14.9,94.0,121,,bitimon01,5.0,0.464,0.524,0.06,2.5,11.1,6.7,6.5,0.6,0.8,10.4,15.8,-0.3,0.1,-0.1,-0.027,-5.4,-2.0,-7.4,-0.4
423,Kira Lewis Jr.,22,3TM,PG,28,0,265,6.2,16.9,0.37,0.7,6.1,0.121,5.5,10.8,0.508,0.391,3.1,3.7,0.85,1.7,3.1,4.8,6.8,1.7,0.4,2.6,2.4,16.3,100.0,119,,lewiski01,8.6,0.441,0.359,0.217,3.8,7.0,5.4,18.8,1.7,0.7,12.2,18.5,-0.2,0.2,0.0,-0.005,-4.4,-1.4,-5.8,-0.3
423,Kira Lewis Jr.,22,NOP,PG,15,0,144,5.4,17.7,0.308,0.7,6.8,0.1,4.8,10.9,0.438,0.327,3.4,3.7,0.909,1.4,3.4,4.8,6.1,1.7,0.3,2.7,2.7,15.0,89.0,116,,lewiski01,5.7,0.387,0.385,0.212,3.1,7.6,5.4,16.2,1.7,0.7,12.3,19.6,-0.3,0.1,-0.1,-0.045,-6.4,-1.1,-7.5,-0.2
423,Kira Lewis Jr.,22,TOR,PG,1,0,2,0.0,0.0,,0.0,0.0,,0.0,0.0,,,0.0,0.0,,0.0,0.0,0.0,0.0,0.0,0.0,0.0,24.1,0.0,,127,,lewiski01,-7.3,,,,0.0,0.0,0.0,0.0,0.0,0.0,,0.0,0.0,0.0,0.0,-0.011,-22.1,-0.2,-22.3,0.0
423,Kira Lewis Jr.,22,UTA,PG,12,0,119,7.3,16.2,0.45,0.8,5.3,0.154,6.5,10.9,0.593,0.475,2.8,3.6,0.778,2.0,2.8,4.9,7.7,1.6,0.4,2.4,1.6,18.2,113.0,123,,lewiski01,12.3,0.512,0.325,0.225,4.7,6.4,5.6,22.2,1.6,0.7,12.0,17.6,0.1,0.0,0.1,0.042,-1.6,-1.9,-3.5,0.0
424,Jamal Cain,24,MIA,PF,26,1,259,6.5,15.2,0.43,2.1,6.0,0.355,4.4,9.2,0.479,0.5,3.5,4.4,0.783,2.9,4.2,7.1,1.9,1.9,1.0,1.5,4.2,18.7,112.0,113,,cainja01,11.5,0.544,0.392,0.291,6.5,9.7,8.1,5.6,1.9,1.9,8.2,16.7,0.1,0.3,0.5,0.089,-2.5,0.2,-2.3,0.0
425,Jared Rhoden,24,DET,SG,17,0,245,6.5,13.0,0.5,2.4,6.1,0.387,4.1,6.9,0.6,0.591,1.0,1.6,0.625,0.6,5.9,6.5,2.7,0.6,2.6,1.4,5.5,16.3,115.0,119,,rhodeja01,10.3,0.597,0.47,0.121,1.3,13.9,7.5,8.0,0.6,4.5,9.1,13.3,0.1,0.2,0.3,0.06,-2.9,0.4,-2.5,0.0
426,Justin Champagnie,22,WAS,SF,15,1,235,6.4,15.5,0.41,2.6,9.0,0.289,3.8,6.6,0.576,0.494,2.4,3.0,0.8,3.8,6.8,10.5,3.8,2.0,1.8,2.0,2.8,17.7,110.0,117,,champju01,13.6,0.526,0.577,0.192,8.5,15.8,12.1,10.7,2.0,3.1,10.6,17.0,0.1,0.2,0.3,0.058,-1.1,-0.8,-1.8,0.0
427,Javonte Green,30,CHI,SF,9,5,230,9.8,16.3,0.6,2.2,5.9,0.37,7.6,10.4,0.729,0.667,2.2,2.8,0.769,4.3,10.2,14.5,1.1,2.2,1.7,1.5,4.1,23.8,132.0,112,,greenja02,20.2,0.681,0.36,0.173,9.5,23.3,16.3,3.3,2.2,3.6,8.0,16.7,0.5,0.3,0.9,0.18,1.9,0.1,2.0,0.2
428,Ibou Badji,21,POR,C,22,1,226,3.1,4.8,0.636,0.0,0.0,,3.1,4.8,0.636,0.636,1.3,2.6,0.5,4.4,6.8,11.1,2.8,0.7,4.4,3.3,10.0,7.4,104.0,115,,badjiib01,8.1,0.623,0.0,0.545,9.4,16.3,12.6,7.7,0.7,8.0,35.5,8.0,0.0,0.2,0.2,0.046,-7.7,1.9,-5.8,-0.2
429,Collin Gillespie,24,DEN,PG,24,0,225,7.0,15.2,0.464,3.3,8.4,0.395,3.7,6.8,0.548,0.572,1.8,2.6,0.667,0.2,4.4,4.6,5.9,2.9,0.0,3.1,5.3,19.2,109.0,113,,gilleco01,11.0,0.586,0.551,0.174,0.5,9.6,5.2,15.5,2.9,0.0,15.9,17.1,0.1,0.3,0.4,0.076,-3.7,0.9,-2.7,0.0
430,Gabe Vincent,27,LAL,PG,11,0,218,3.3,10.7,0.306,0.7,6.1,0.107,2.6,4.6,0.571,0.337,0.2,0.4,0.5,0.9,1.1,2.0,4.6,2.0,0.0,1.1,4.1,7.4,86.0,119,,vincega01,3.1,0.341,0.571,0.041,2.1,2.4,2.3,11.6,2.0,0.0,9.1,10.9,-0.3,0.1,-0.1,-0.033,-6.9,0.4,-6.5,-0.2
431,Markieff Morris,34,DAL,PF,26,1,216,5.1,15.1,0.338,3.3,9.3,0.357,1.8,5.8,0.308,0.449,1.1,1.3,0.833,0.9,7.8,8.7,3.6,1.1,0.7,2.7,2.7,14.7,92.0,116,,morrima02,6.6,0.467,0.618,0.088,2.0,17.6,9.9,9.4,1.1,1.2,14.5,16.4,-0.3,0.2,-0.1,-0.014,-4.0,-1.3,-5.3,-0.2
432,Jaylen Nowell,24,2TM,SG,13,1,214,7.7,17.7,0.436,1.4,6.6,0.207,6.4,11.1,0.571,0.474,1.6,2.0,0.778,1.4,4.1,5.5,4.3,0.9,0.5,1.6,3.4,18.4,104.0,120,,nowelja01,9.2,0.494,0.372,0.115,3.0,9.6,6.2,13.6,0.9,0.8,7.9,17.8,0.0,0.1,0.1,0.016,-4.1,-1.4,-5.4,-0.2
432,Jaylen Nowell,24,MEM,SG,9,1,156,6.9,17.2,0.4,1.3,7.2,0.174,5.6,10.0,0.563,0.436,0.9,0.9,1.0,0.9,3.4,4.4,5.0,0.9,0.0,1.6,4.1,16.0,98.0,120,,nowelja01,6.7,0.453,0.418,0.055,2.0,8.0,4.9,15.7,0.9,0.0,8.2,16.9,-0.1,0.1,0.0,-0.007,-5.9,-1.6,-7.4,-0.2
432,Jaylen Nowell,24,DET,SG,4,0,58,10.0,19.1,0.522,1.7,5.0,0.333,8.3,14.1,0.588,0.565,3.3,5.0,0.667,2.5,5.8,8.3,2.5,0.8,1.7,1.7,1.7,24.9,116.0,120,,nowelja01,15.9,0.585,0.261,0.261,5.7,13.7,9.6,8.1,0.8,2.9,7.2,20.3,0.1,0.0,0.1,0.078,0.7,-0.8,-0.1,0.0
433,Théo Maledon,22,2TM,PG,17,1,213,4.6,16.2,0.286,1.2,6.9,0.167,3.5,9.3,0.375,0.321,3.2,3.5,0.933,0.9,4.6,5.6,6.5,1.6,0.0,4.2,4.9,13.7,81.0,121,,maledth01,3.2,0.385,0.429,0.214,2.0,10.8,6.3,17.8,1.6,0.0,19.0,19.6,-0.6,0.1,-0.5,-0.122,-8.3,-2.1,-10.3,-0.5
433,Théo Maledon,22,CHO,PG,13,1,200,4.7,16.3,0.288,1.2,7.4,0.167,3.5,8.9,0.389,0.326,2.7,3.0,0.917,1.0,4.7,5.7,6.9,1.7,0.0,3.7,4.4,13.3,82.0,121,,maledth01,3.9,0.379,0.455,0.182,2.2,11.0,6.5,19.0,1.7,0.0,17.4,19.1,-0.5,0.1,-0.5,-0.11,-7.7,-1.8,-9.5,-0.4
433,Théo Maledon,22,PHO,PG,4,0,13,3.8,15.0,0.25,0.0,0.0,,3.8,15.0,0.25,0.25,11.3,11.3,1.0,0.0,3.8,3.8,0.0,0.0,0.0,11.3,11.3,18.8,63.0,121,,maledth01,-8.0,0.47,0.0,0.75,0.0,8.3,4.3,0.0,0.0,0.0,36.1,27.7,-0.1,0.0,-0.1,-0.296,-17.6,-6.1,-23.7,-0.1
434,Charles Bassey,23,SAS,C,19,0,205,6.7,9.3,0.725,0.0,0.2,0.0,6.7,9.0,0.744,0.725,1.2,1.4,0.833,5.3,12.3,17.6,4.9,1.9,3.9,3.5,7.2,14.6,126.0,109,,bassech01,17.7,0.739,0.025,0.15,12.0,28.2,20.0,14.1,1.9,6.9,26.0,11.9,0.3,0.4,0.7,0.157,-1.8,3.1,1.3,0.2
435,Taj Gibson,38,2TM,PF,20,1,204,3.7,9.1,0.405,0.5,2.4,0.2,3.2,6.6,0.481,0.432,0.5,0.5,1.0,2.9,6.1,9.1,2.7,0.7,1.7,1.2,7.6,8.3,105.0,116,,gibsota01,5.9,0.449,0.27,0.054,6.6,13.8,10.2,6.9,0.7,3.2,11.7,9.0,0.0,0.2,0.2,0.044,-5.3,0.1,-5.3,-0.2
435,Taj Gibson,38,NYK,PF,16,1,165,2.1,7.0,0.304,0.0,1.8,0.0,2.1,5.2,0.412,0.304,0.6,0.6,1.0,3.1,5.5,8.6,2.8,0.6,1.8,1.5,8.6,4.9,92.0,115,,gibsota01,3.2,0.335,0.261,0.087,6.8,12.3,9.5,6.7,0.6,3.4,17.3,7.6,-0.1,0.2,0.1,0.019,-6.9,0.0,-6.9,-0.2
435,Taj Gibson,38,DET,PF,4,0,39,9.9,17.3,0.571,2.5,4.9,0.5,7.4,12.3,0.6,0.643,0.0,0.0,,2.5,8.6,11.1,2.5,1.2,1.2,0.0,3.7,22.2,136.0,118,,gibsota01,17.6,0.643,0.286,0.0,5.6,20.4,12.9,8.0,1.2,2.2,0.0,15.3,0.1,0.0,0.1,0.149,1.2,0.4,1.7,0.0
436,Moses Brown,24,POR,C,22,5,200,8.1,16.0,0.508,0.0,0.0,,8.1,16.0,0.508,0.508,2.2,7.7,0.29,9.1,12.1,21.2,1.7,1.2,1.7,2.7,6.7,18.5,103.0,114,,brownmo01,14.5,0.477,0.0,0.477,19.6,29.2,24.1,5.4,1.2,3.2,12.3,19.1,-0.1,0.2,0.2,0.044,-4.1,-2.4,-6.5,-0.2
437,Kenneth Lofton Jr.,21,3TM,PF,21,0,199,8.8,19.1,0.462,1.7,5.9,0.292,7.1,13.2,0.537,0.506,4.2,6.4,0.654,2.9,6.4,9.3,8.1,1.5,1.2,3.4,5.9,23.4,111.0,117,,loftoke01,14.7,0.537,0.308,0.333,6.6,14.6,10.5,25.7,1.5,2.3,13.5,22.1,0.1,0.2,0.3,0.068,-0.6,0.3,-0.3,0.1
437,Kenneth Lofton Jr.,21,MEM,PF,15,0,99,6.9,18.3,0.378,1.5,4.9,0.3,5.4,13.3,0.407,0.419,4.0,7.4,0.533,1.0,6.4,7.4,6.9,1.5,1.5,3.0,7.4,19.3,95.0,115,,loftoke01,8.4,0.447,0.27,0.405,2.1,15.0,8.3,21.6,1.5,2.8,12.1,21.5,-0.1,0.1,0.0,-0.011,-5.4,0.9,-4.5,-0.1
437,Kenneth Lofton Jr.,21,PHI,PF,2,0,9,5.5,32.8,0.167,0.0,10.9,0.0,5.5,21.9,0.25,0.167,0.0,0.0,,0.0,16.4,16.4,0.0,0.0,0.0,10.9,0.0,10.9,27.0,113,,loftoke01,-20.0,0.167,0.333,0.0,0.0,37.5,18.4,0.0,0.0,0.0,25.0,38.4,-0.1,0.0,-0.1,-0.705,-23.4,-9.2,-32.6,-0.1
437,Kenneth Lofton Jr.,21,UTA,PF,4,0,91,11.1,18.6,0.6,2.1,6.4,0.333,9.0,12.2,0.739,0.657,4.8,5.8,0.818,5.3,5.3,10.6,10.1,1.6,1.1,3.2,4.8,29.2,140.0,121,,loftoke01,25.0,0.69,0.343,0.314,12.2,12.0,12.1,32.7,1.6,2.0,13.1,21.1,0.4,0.0,0.4,0.232,6.9,0.6,7.5,0.2
438,Kobe Bufkin,20,ATL,SG,17,0,196,8.3,22.5,0.37,2.2,9.8,0.225,6.1,12.7,0.481,0.418,1.0,2.0,0.5,1.5,6.6,8.1,6.6,1.7,1.2,2.4,4.9,19.8,95.0,118,,bufkiko01,9.1,0.424,0.435,0.087,3.2,15.6,9.2,19.3,1.7,2.3,9.5,22.4,-0.3,0.1,-0.1,-0.031,-4.3,-0.2,-4.5,-0.1
439,Colby Jones,21,SAC,SG,30,0,192,7.1,18.0,0.394,0.5,5.6,0.091,6.6,12.4,0.531,0.408,1.5,2.8,0.545,4.3,5.8,10.1,5.1,1.8,1.3,2.5,7.3,16.2,97.0,115,,jonesco02,8.9,0.422,0.31,0.155,9.7,13.7,11.7,13.9,1.8,2.4,11.6,19.1,-0.2,0.2,0.0,0.007,-5.4,0.4,-5.0,-0.1
440,Gui Santos,21,GSW,PF,23,0,192,7.1,13.9,0.509,2.5,6.8,0.37,4.5,7.1,0.643,0.6,4.0,4.3,0.941,4.3,8.1,12.3,3.5,1.0,0.5,1.8,5.8,20.7,135.0,116,,santogu01,15.6,0.656,0.491,0.309,9.7,17.7,13.8,9.6,1.0,0.9,10.1,15.2,0.5,0.2,0.7,0.169,0.0,-0.5,-0.5,0.1
441,Terry Taylor,24,CHI,PF,31,0,188,5.3,10.3,0.513,0.5,2.4,0.222,4.8,8.0,0.6,0.538,1.1,1.3,0.8,4.5,5.3,9.8,2.7,1.3,0.5,1.9,4.5,12.2,117.0,118,,taylote01,10.1,0.558,0.231,0.128,9.9,12.1,11.0,7.0,1.3,1.1,14.5,11.3,0.1,0.1,0.3,0.07,-3.1,-0.1,-3.2,0.0
442,Micah Potter,25,UTA,PF,16,0,186,4.9,10.4,0.475,2.3,5.4,0.429,2.6,4.9,0.526,0.588,1.6,2.1,0.75,2.6,8.6,11.2,1.6,1.0,1.6,1.3,3.6,13.7,123.0,120,,pottemi01,11.0,0.609,0.525,0.2,6.0,19.4,12.7,4.2,1.0,2.9,10.3,10.9,0.2,0.1,0.3,0.075,-1.4,-0.9,-2.3,0.0
443,Saben Lee,24,PHO,PG,24,0,185,5.3,14.5,0.364,0.5,4.2,0.125,4.8,10.3,0.462,0.382,7.7,10.3,0.744,2.4,5.8,8.2,7.9,1.8,0.8,2.1,3.4,18.7,115.0,115,,leesa01,13.5,0.492,0.291,0.709,5.8,12.8,9.5,21.0,1.8,1.4,10.0,18.8,0.2,0.2,0.4,0.099,-2.0,0.6,-1.4,0.0
444,Otto Porter Jr.,30,TOR,SF,15,1,174,3.9,9.2,0.424,2.2,6.4,0.348,1.7,2.8,0.6,0.545,0.8,0.8,1.0,1.7,6.4,8.0,2.2,1.4,1.4,0.6,5.3,10.8,123.0,119,,porteot01,8.7,0.568,0.697,0.091,3.7,14.8,9.2,5.8,1.4,2.5,5.5,8.9,0.1,0.1,0.3,0.07,-3.5,0.3,-3.2,-0.1
445,AJ Griffin,20,ATL,SF,20,0,171,5.0,17.4,0.29,2.8,10.9,0.256,2.2,6.5,0.348,0.371,0.6,0.6,1.0,0.6,4.5,5.0,1.4,0.3,0.6,2.2,1.7,13.5,77.0,124,,griffaj01,1.2,0.382,0.629,0.032,1.2,10.6,5.7,3.7,0.3,1.1,11.3,17.3,-0.4,0.0,-0.4,-0.12,-6.0,-3.5,-9.6,-0.3
446,Joe Harris,32,DET,SG,16,0,170,4.0,11.0,0.359,2.8,8.5,0.333,1.1,2.5,0.444,0.487,0.3,0.6,0.5,0.8,2.8,3.7,2.8,0.8,0.6,1.1,5.4,11.0,102.0,122,,harrijo01,4.6,0.489,0.769,0.051,1.9,6.7,4.3,7.7,0.8,1.0,9.1,11.0,0.0,0.0,0.0,0.001,-4.7,-1.1,-5.9,-0.2
447,Trevelin Queen,26,ORL,SG,14,0,165,4.2,11.4,0.368,0.9,5.1,0.176,3.3,6.3,0.524,0.408,2.7,3.6,0.75,0.9,5.1,6.0,5.4,2.1,1.5,2.1,4.5,12.0,101.0,111,,queentr01,8.3,0.462,0.447,0.316,2.1,12.2,7.1,14.5,2.1,2.8,13.9,13.3,-0.1,0.3,0.2,0.056,-4.7,1.4,-3.4,-0.1
448,Zavier Simpson,26,MEM,PG,7,0,161,5.2,16.4,0.315,1.5,5.2,0.294,3.6,11.2,0.324,0.361,0.9,1.2,0.75,1.2,4.9,6.1,7.6,2.1,0.9,3.0,3.3,12.8,86.0,115,,simpsza01,6.3,0.377,0.315,0.074,2.6,11.3,6.8,22.5,2.1,1.7,15.2,17.5,-0.3,0.2,-0.2,-0.046,-6.2,0.3,-5.9,-0.2
449,Thanasis Antetokounmpo,31,MIL,PF,34,0,155,5.0,9.3,0.533,0.0,0.3,0.0,5.0,9.0,0.552,0.533,0.0,0.6,0.0,2.2,1.9,4.0,5.3,2.2,1.2,4.3,7.4,9.9,92.0,117,,antetth01,5.5,0.518,0.033,0.067,5.1,4.2,4.6,13.9,2.2,2.2,31.2,12.5,-0.2,0.1,0.0,-0.01,-6.7,0.3,-6.4,-0.2
450,Tristan Vukcevic,20,WAS,C,10,4,153,8.9,20.5,0.433,3.1,11.0,0.278,5.8,9.5,0.613,0.507,5.2,6.7,0.773,1.8,9.2,11.0,4.0,1.5,2.1,3.1,8.6,26.0,106.0,116,,vukcetr01,13.9,0.554,0.537,0.328,4.1,21.5,12.6,12.1,1.5,3.7,11.5,23.9,0.0,0.1,0.1,0.045,-3.5,-0.1,-3.6,-0.1
451,Darius Bazley,23,2TM,PF,9,0,152,5.7,9.5,0.6,0.6,2.5,0.25,5.1,7.0,0.727,0.633,3.2,3.8,0.833,2.5,6.4,8.9,2.2,1.9,2.2,2.5,1.0,15.3,121.0,118,,bazleda01,13.9,0.68,0.267,0.4,5.8,14.4,10.1,6.0,1.9,4.1,18.5,11.9,0.2,0.1,0.3,0.084,-0.9,0.5,-0.4,0.1
451,Darius Bazley,23,PHI,PF,3,0,10,0.0,4.9,0.0,0.0,0.0,,0.0,4.9,0.0,0.0,0.0,0.0,,0.0,4.9,4.9,9.8,0.0,0.0,4.9,0.0,0.0,51.0,121,,bazleda01,-1.6,0.0,0.0,0.0,0.0,11.2,5.5,23.2,0.0,0.0,50.0,8.6,0.0,0.0,0.0,-0.142,-7.7,-0.7,-8.4,0.0
451,Darius Bazley,23,UTA,PF,6,0,142,6.1,9.9,0.621,0.7,2.7,0.25,5.4,7.1,0.762,0.655,3.4,4.1,0.833,2.7,6.5,9.2,1.7,2.0,2.4,2.4,1.0,16.3,125.0,118,,bazleda01,14.9,0.7,0.276,0.414,6.3,14.6,10.5,4.7,2.0,4.4,17.0,12.2,0.2,0.1,0.3,0.1,-0.4,0.6,0.2,0.1
452,DeJon Jarreau,26,MEM,SG,9,0,150,5.5,16.3,0.34,1.3,4.2,0.308,4.2,12.1,0.351,0.38,1.6,3.6,0.455,2.6,11.7,14.3,8.5,2.0,0.7,2.9,4.6,14.0,93.0,111,,jarrede01,9.6,0.392,0.26,0.22,5.6,27.3,16.0,25.4,2.0,1.2,14.1,18.3,-0.2,0.2,0.0,0.002,-4.6,0.7,-4.0,-0.1
453,Jules Bernard,24,WAS,SG,19,0,149,9.1,20.1,0.453,3.5,9.1,0.379,5.6,11.0,0.514,0.539,1.6,2.8,0.556,3.1,5.0,8.2,5.0,0.9,0.3,2.5,4.4,23.2,109.0,122,,bernaju01,12.7,0.544,0.453,0.141,7.0,11.8,9.3,15.4,0.9,0.5,10.5,21.5,0.0,0.0,0.1,0.026,-0.6,-2.5,-3.0,0.0
454,Jeff Dowtin Jr.,26,PHI,PG,12,0,142,6.9,12.5,0.556,3.1,6.6,0.474,3.8,5.9,0.647,0.681,1.0,1.4,0.75,1.0,5.9,6.9,9.4,2.4,0.3,1.7,0.3,18.0,141.0,114,,dowtije01,18.2,0.689,0.528,0.111,2.3,13.5,7.8,26.4,2.4,0.6,11.7,13.0,0.4,0.2,0.6,0.193,2.0,1.3,3.3,0.2
455,Sidy Cissoko,19,SAS,SF,12,0,141,5.4,11.1,0.485,0.3,4.0,0.083,5.1,7.1,0.714,0.5,4.0,5.1,0.8,2.7,4.7,7.4,3.4,2.4,1.0,1.0,6.1,15.2,124.0,116,,cissosi01,12.0,0.568,0.364,0.455,6.1,10.8,8.4,9.4,2.4,1.8,7.0,12.7,0.2,0.1,0.3,0.11,-4.0,1.4,-2.7,0.0
456,Brandon Clarke,27,MEM,PF,6,1,134,12.0,21.5,0.559,0.4,2.2,0.167,11.7,19.3,0.604,0.568,0.4,2.6,0.143,4.7,6.9,11.7,3.3,1.8,2.2,1.1,2.9,24.8,114.0,113,,clarkbr01,18.9,0.548,0.102,0.119,10.2,16.2,13.1,12.2,1.8,4.2,4.6,20.8,0.1,0.2,0.3,0.108,0.7,0.3,1.0,0.1
457,Emoni Bates,20,CLE,SF,15,0,133,5.6,18.2,0.306,3.7,12.3,0.303,1.9,5.9,0.313,0.408,0.4,1.5,0.25,0.4,4.8,5.2,3.7,0.4,0.7,3.0,1.9,15.2,80.0,117,,batesem01,2.6,0.404,0.673,0.082,0.9,10.9,5.9,10.0,0.4,1.4,13.6,19.5,-0.4,0.1,-0.3,-0.092,-6.2,-3.0,-9.2,-0.2
458,Dru Smith,26,MIA,SG,9,0,131,5.7,12.6,0.455,2.7,6.5,0.412,3.0,6.1,0.5,0.561,0.8,0.8,1.0,2.3,3.0,5.3,5.3,3.4,1.1,1.9,4.6,14.9,118.0,110,,smithdr01,12.8,0.576,0.515,0.061,5.1,7.0,6.1,15.0,3.4,2.2,12.9,13.2,0.1,0.2,0.3,0.125,-1.8,3.2,1.4,0.1
459,Jeenathan Williams,24,HOU,SG,22,0,129,10.2,18.8,0.54,0.8,1.9,0.4,9.4,16.9,0.556,0.56,2.6,4.9,0.538,4.5,4.1,8.6,2.6,1.5,0.4,1.5,3.8,23.7,118.0,116,,willije02,15.6,0.565,0.1,0.26,9.9,9.2,9.6,8.3,1.5,0.7,6.7,19.7,0.2,0.1,0.3,0.11,-0.8,-0.8,-1.6,0.0
460,T.J. Warren,30,MIN,SF,11,0,125,7.1,16.2,0.439,0.8,5.1,0.154,6.3,11.1,0.571,0.463,1.2,1.6,0.75,2.0,6.7,8.7,3.6,1.6,0.4,1.6,4.3,16.2,102.0,110,,warretj01,9.2,0.479,0.317,0.098,4.8,14.8,10.0,10.1,1.6,0.7,8.6,16.5,0.0,0.2,0.2,0.06,-5.0,0.5,-4.5,-0.1
461,Timmy Allen,24,MEM,SF,5,0,125,2.3,9.0,0.261,0.0,2.7,0.0,2.3,6.3,0.375,0.261,0.4,0.8,0.5,1.6,5.1,6.6,2.0,1.6,0.0,0.8,7.0,5.1,73.0,117,,allenti01,0.8,0.272,0.304,0.087,3.4,11.8,7.4,5.4,1.6,0.0,7.7,8.9,-0.2,0.1,-0.1,-0.041,-10.3,-0.7,-11.1,-0.3
462,Jalen Pickett,24,DEN,SG,27,0,122,6.1,14.2,0.429,3.7,10.2,0.36,2.4,4.1,0.6,0.557,1.2,1.6,0.75,0.4,5.3,5.7,8.5,1.6,0.0,3.7,5.3,17.1,109.0,115,,pickeja02,9.7,0.571,0.714,0.114,0.9,11.5,6.4,21.7,1.6,0.0,19.7,16.4,0.0,0.1,0.2,0.065,-2.7,-0.5,-3.3,0.0
463,Luka Garza,25,MIN,C,25,0,122,14.6,30.4,0.48,3.6,13.0,0.281,10.9,17.4,0.628,0.54,7.3,10.1,0.72,7.7,4.9,12.6,1.6,1.6,0.4,2.4,9.7,40.1,117.0,111,,garzalu01,21.8,0.576,0.427,0.333,18.6,10.7,14.4,5.9,1.6,0.7,6.5,33.3,0.2,0.2,0.4,0.166,0.6,-2.7,-2.1,0.0
464,Mãozinha Pereira,23,MEM,SF,7,1,122,7.2,14.0,0.514,2.0,5.2,0.385,5.2,8.8,0.591,0.586,2.8,4.0,0.7,4.4,10.4,14.8,0.8,2.4,1.6,2.0,4.0,19.2,117.0,110,,pereima01,15.7,0.609,0.371,0.286,9.5,24.3,16.6,2.5,2.4,3.1,11.3,15.6,0.1,0.2,0.3,0.123,-1.2,0.7,-0.5,0.0
465,Jahmi'us Ramsey,22,TOR,SG,7,1,121,7.2,16.4,0.439,2.4,8.8,0.273,4.8,7.6,0.632,0.512,2.0,2.4,0.833,1.6,7.2,8.8,3.2,2.8,0.0,2.8,4.0,18.8,102.0,117,,ramseja01,10.6,0.538,0.537,0.146,3.6,16.7,10.0,9.1,2.8,0.0,13.8,17.9,-0.1,0.1,0.1,0.021,-3.9,-0.5,-4.4,-0.1
466,Marques Bolden,25,2TM,C,11,2,121,6.9,10.2,0.68,0.0,0.4,0.0,6.9,9.8,0.708,0.68,1.2,1.6,0.75,4.1,9.8,13.9,1.6,1.2,2.9,1.2,4.1,15.1,136.0,116,,boldema01,16.0,0.691,0.04,0.16,9.0,22.8,15.8,4.8,1.2,5.4,10.1,10.9,0.2,0.1,0.3,0.134,-2.1,-0.5,-2.7,0.0
466,Marques Bolden,25,MIL,C,2,0,3,0.0,0.0,,0.0,0.0,,0.0,0.0,,,0.0,0.0,,0.0,32.0,32.0,0.0,0.0,0.0,0.0,16.0,0.0,,106,,boldema01,3.0,,,,0.0,71.5,36.5,0.0,0.0,0.0,,0.0,0.0,0.0,0.0,0.102,-7.8,2.3,-5.5,0.0
466,Marques Bolden,25,CHO,C,9,2,118,7.1,10.5,0.68,0.0,0.4,0.0,7.1,10.0,0.708,0.68,1.3,1.7,0.75,4.2,9.2,13.4,1.7,1.3,2.9,1.3,3.8,15.5,136.0,116,,boldema01,16.4,0.691,0.04,0.16,9.2,21.6,15.2,4.9,1.3,5.5,10.1,11.1,0.2,0.1,0.3,0.135,-2.0,-0.6,-2.6,0.0
467,Mouhamadou Gueye,25,TOR,PF,11,0,120,4.4,15.3,0.289,0.0,1.2,0.0,4.4,14.1,0.314,0.289,1.6,3.6,0.444,4.8,4.4,9.3,2.0,1.2,7.2,4.8,6.0,10.5,67.0,113,,gueyemo01,4.6,0.31,0.079,0.237,10.8,10.3,10.5,5.3,1.2,13.2,22.2,19.2,-0.5,0.2,-0.4,-0.147,-11.0,-0.9,-11.9,-0.3
468,Xavier Moon,29,LAC,SG,14,1,119,6.2,19.1,0.326,0.8,7.1,0.118,5.4,12.0,0.448,0.348,0.4,0.8,0.5,3.3,4.1,7.5,8.7,1.2,1.2,2.1,3.3,13.7,95.0,118,,moonxa01,8.1,0.352,0.37,0.043,7.9,9.2,8.5,23.4,1.2,2.3,9.6,19.1,-0.2,0.1,-0.1,-0.026,-4.7,-1.4,-6.1,-0.1
469,Robert Williams,26,POR,C,6,0,119,7.1,10.8,0.654,0.0,0.0,,7.1,10.8,0.654,0.654,2.9,3.7,0.778,4.6,11.2,15.8,2.1,2.9,2.9,2.9,7.1,17.0,122.0,109,,williro04,17.2,0.684,0.0,0.346,9.8,27.0,17.9,6.3,2.9,5.3,18.9,13.2,0.2,0.2,0.4,0.144,-2.2,2.9,0.7,0.1
470,Brandon Williams,24,DAL,PG,17,0,113,8.5,22.9,0.37,1.3,6.4,0.2,7.2,16.6,0.436,0.398,4.7,7.2,0.647,1.7,3.8,5.5,7.2,0.4,0.4,3.0,1.7,22.9,97.0,120,,willibr03,9.3,0.439,0.278,0.315,3.9,8.7,6.3,20.9,0.4,0.8,10.2,26.0,-0.2,0.1,-0.1,-0.044,-2.7,-2.8,-5.5,-0.1
471,Udoka Azubuike,24,PHO,C,16,0,113,6.9,9.9,0.696,0.0,0.0,,6.9,9.9,0.696,0.696,1.3,5.6,0.231,4.8,9.1,13.8,1.3,0.4,2.6,1.7,7.3,15.1,118.0,114,,azubuud01,12.3,0.609,0.0,0.565,11.6,20.0,16.0,3.6,0.4,4.7,12.2,12.6,0.1,0.1,0.2,0.1,-3.0,-0.1,-3.2,0.0
472,Matthew Hurt,23,MEM,PF,8,0,113,5.2,14.7,0.353,2.2,8.7,0.25,3.0,6.1,0.5,0.426,1.3,1.3,1.0,3.9,3.0,6.9,1.7,1.3,1.3,0.9,3.5,13.8,104.0,117,,hurtma01,8.4,0.453,0.588,0.088,8.4,7.1,7.7,5.1,1.3,2.5,5.4,14.2,0.0,0.1,0.1,0.031,-3.0,-0.7,-3.7,-0.1
473,Jalen Hood-Schifino,20,LAL,SG,21,0,109,4.4,19.6,0.222,0.9,6.5,0.133,3.5,13.1,0.267,0.244,5.2,8.7,0.6,0.9,4.8,5.7,3.5,1.3,0.9,3.9,5.7,14.8,66.0,117,,hoodsja01,-1.5,0.316,0.333,0.444,2.1,10.7,6.6,9.1,1.3,1.6,14.3,24.9,-0.6,0.1,-0.5,-0.222,-12.4,-3.7,-16.1,-0.4
474,Dylan Windler,27,3TM,SF,17,0,108,6.7,13.3,0.5,5.8,12.0,0.481,0.9,1.3,0.667,0.717,0.0,0.0,,1.3,5.8,7.1,4.4,0.9,0.0,0.9,2.7,19.1,143.0,121,,windldy01,14.2,0.717,0.9,0.0,2.9,13.4,8.1,12.3,0.9,0.0,6.3,12.5,0.3,0.0,0.3,0.14,1.7,-1.0,0.7,0.1
474,Dylan Windler,27,NYK,SF,3,0,7,7.2,14.4,0.5,7.2,14.4,0.5,0.0,0.0,,0.75,0.0,0.0,,0.0,7.2,7.2,7.2,0.0,0.0,0.0,7.2,21.6,168.0,118,,windldy01,15.5,0.75,1.0,0.0,0.0,16.1,8.0,20.0,0.0,0.0,0.0,12.3,0.0,0.0,0.0,0.238,3.7,3.8,7.4,0.0
474,Dylan Windler,27,LAL,SF,8,0,28,6.8,15.3,0.444,6.8,13.6,0.5,0.0,1.7,0.0,0.667,0.0,0.0,,0.0,5.1,5.1,10.2,0.0,0.0,0.0,3.4,20.4,151.0,121,,windldy01,15.9,0.667,0.889,0.0,0.0,11.3,6.0,28.2,0.0,0.0,0.0,13.9,0.1,0.0,0.1,0.194,3.8,-0.6,3.2,0.0
474,Dylan Windler,27,ATL,SF,6,0,73,6.6,12.5,0.526,5.3,11.2,0.471,1.3,1.3,1.0,0.737,0.0,0.0,,2.0,5.9,7.9,2.0,1.3,0.0,1.3,2.0,18.4,137.0,121,,windldy01,13.4,0.737,0.895,0.0,4.3,14.0,9.0,5.5,1.3,0.0,9.5,12.0,0.1,0.0,0.2,0.11,0.6,-1.6,-0.9,0.0
475,Malik Williams,25,TOR,C,7,2,107,4.1,15.3,0.265,0.5,2.3,0.2,3.6,13.1,0.276,0.279,0.0,0.9,0.0,6.8,10.4,17.1,0.9,1.4,1.8,1.4,6.8,8.6,79.0,116,,willima11,4.9,0.272,0.147,0.059,15.1,24.1,19.5,2.4,1.4,3.3,7.9,15.1,-0.3,0.1,-0.2,-0.069,-7.8,-3.7,-11.5,-0.3
476,Armoni Brooks,25,BRK,PG,10,0,104,7.1,21.9,0.326,5.2,15.2,0.344,1.9,6.7,0.286,0.446,0.5,1.0,0.5,3.3,5.2,8.6,2.4,0.5,0.5,1.4,1.4,20.0,98.0,120,,brookar01,8.3,0.448,0.696,0.043,7.2,11.9,9.5,6.9,0.5,0.9,6.0,20.8,-0.1,0.1,0.0,-0.018,-2.2,-3.7,-5.8,-0.1
477,Maxwell Lewis,21,LAL,SF,34,0,103,1.8,9.7,0.19,0.5,4.2,0.111,1.4,5.5,0.25,0.214,0.9,1.4,0.667,0.9,0.9,1.8,2.8,0.9,0.5,4.6,2.3,5.1,50.0,121,,lewisma05,-3.9,0.246,0.429,0.143,2.3,2.1,2.2,6.8,0.9,0.8,30.9,13.6,-0.5,0.0,-0.4,-0.195,-10.3,-3.2,-13.5,-0.3
478,Harry Giles,25,2TM,C,23,0,100,11.3,24.6,0.46,1.5,6.9,0.214,9.8,17.7,0.556,0.49,3.4,6.4,0.538,5.9,8.8,14.7,2.9,1.0,1.5,2.9,7.4,27.5,103.0,115,,gilesha01,14.8,0.503,0.28,0.26,12.8,20.0,16.4,10.5,1.0,2.7,9.7,26.7,0.0,0.1,0.1,0.027,-2.7,-2.0,-4.8,-0.1
478,Harry Giles,25,BRK,C,16,0,81,13.5,26.9,0.5,1.8,6.7,0.273,11.6,20.2,0.576,0.534,4.3,7.9,0.538,7.3,8.6,15.9,3.7,0.6,1.8,3.7,9.2,33.0,109.0,116,,gilesha01,18.5,0.543,0.25,0.295,15.7,19.5,17.6,13.0,0.6,3.3,10.8,29.8,0.0,0.1,0.1,0.071,-1.1,-1.8,-2.8,0.0
478,Harry Giles,25,LAL,C,7,0,19,2.5,15.0,0.167,0.0,7.5,0.0,2.5,7.5,0.333,0.167,0.0,0.0,,0.0,10.0,10.0,0.0,2.5,0.0,0.0,0.0,5.0,37.0,113,,gilesha01,-1.0,0.167,0.5,0.0,0.0,22.3,11.7,0.0,2.5,0.0,0.0,13.6,-0.1,0.0,-0.1,-0.162,-9.7,-3.2,-12.9,-0.1
479,Olivier Sarr,24,OKC,C,15,0,98,5.4,9.3,0.579,1.0,2.9,0.333,4.4,6.4,0.692,0.632,4.9,7.4,0.667,4.9,12.8,17.7,1.0,0.0,3.4,1.5,8.8,16.7,135.0,109,,sarrol01,14.8,0.664,0.316,0.789,11.8,28.5,20.5,2.5,0.0,6.6,10.5,12.7,0.2,0.2,0.4,0.186,-2.6,-0.1,-2.6,0.0
480,Jamaree Bouyea,24,2TM,PG,9,0,95,5.1,14.3,0.357,0.5,4.6,0.111,4.6,9.7,0.474,0.375,0.0,0.0,,1.5,8.2,9.7,5.6,0.5,0.0,4.6,5.1,10.7,73.0,120,,bouyeja01,1.5,0.375,0.321,0.0,3.4,19.2,11.0,15.9,0.5,0.0,24.3,16.5,-0.3,0.1,-0.3,-0.129,-10.2,-2.0,-12.3,-0.2
480,Jamaree Bouyea,24,POR,PG,6,0,57,4.3,18.2,0.238,0.0,6.9,0.0,4.3,11.3,0.385,0.238,0.0,0.0,,1.7,6.9,8.7,6.9,0.0,0.0,6.9,2.6,8.7,55.0,122,,bouyeja01,-4.8,0.238,0.381,0.0,3.7,16.7,9.8,19.4,0.0,0.0,27.6,21.6,-0.4,0.0,-0.4,-0.299,-13.0,-4.8,-17.8,-0.2
480,Jamaree Bouyea,24,SAS,PG,3,0,38,6.2,8.7,0.714,1.2,1.2,1.0,5.0,7.5,0.667,0.786,0.0,0.0,,1.2,10.0,11.2,3.7,1.2,0.0,1.2,8.7,13.7,141.0,116,,bouyeja01,11.1,0.786,0.143,0.0,2.8,23.0,12.8,10.7,1.2,0.0,12.5,8.9,0.1,0.0,0.1,0.126,-6.1,2.2,-3.9,0.0
481,Josh Minott,21,MIN,SF,32,0,91,9.2,19.6,0.472,2.2,5.4,0.4,7.1,14.1,0.5,0.528,6.5,7.6,0.857,2.2,7.1,9.2,4.3,2.7,2.7,1.1,5.4,27.2,127.0,105,,minotjo01,20.4,0.593,0.278,0.389,5.2,15.5,10.6,13.2,2.7,4.9,4.5,21.4,0.2,0.2,0.4,0.222,1.8,3.3,5.1,0.2
482,Chris Livingston,20,MIL,SF,21,0,90,5.9,11.7,0.5,0.5,2.7,0.2,5.3,9.1,0.588,0.523,1.6,2.1,0.75,1.6,9.6,11.2,2.7,1.1,0.0,2.7,8.0,13.9,101.0,116,,livinch01,6.9,0.547,0.227,0.182,3.7,21.5,12.8,7.2,1.1,0.0,17.4,13.8,0.0,0.1,0.1,0.027,-7.0,-1.0,-8.0,-0.1
483,Cole Swider,24,MIA,SF,18,0,87,8.6,21.8,0.395,5.7,17.2,0.333,2.9,4.6,0.625,0.526,1.1,1.1,1.0,0.6,3.4,4.0,2.9,0.6,0.6,4.6,2.3,24.1,91.0,117,,swideco01,7.1,0.54,0.789,0.053,1.3,7.9,4.6,8.8,0.6,1.1,17.1,24.0,-0.2,0.1,-0.1,-0.05,-2.1,-2.4,-4.5,-0.1
484,Admiral Schofield,26,ORL,PF,23,0,84,5.9,15.3,0.385,3.5,9.4,0.375,2.4,5.9,0.4,0.5,0.0,1.2,0.0,1.8,8.3,10.0,4.1,0.6,0.0,2.9,5.3,15.3,95.0,114,,schofad01,6.0,0.484,0.615,0.077,4.2,19.7,11.9,11.6,0.6,0.0,15.7,16.6,-0.1,0.1,0.0,0.006,-4.1,-0.8,-4.9,-0.1
485,Terquavion Smith,21,PHI,PG,16,0,84,10.5,26.9,0.391,7.6,20.5,0.371,2.9,6.4,0.455,0.533,1.8,2.9,0.6,0.0,2.3,2.3,7.0,4.7,0.0,4.1,4.7,30.5,103.0,111,,smithte01,14.8,0.539,0.761,0.109,0.0,5.4,2.6,22.1,4.7,0.0,12.7,28.4,0.0,0.1,0.1,0.05,0.3,0.5,0.8,0.1
486,Buddy Boeheim,24,DET,SF,10,0,84,5.2,16.6,0.31,4.6,14.3,0.32,0.6,2.3,0.25,0.448,4.6,5.7,0.8,1.7,4.0,5.7,1.7,0.0,0.6,0.0,2.9,19.5,116.0,124,,boehebu01,9.1,0.509,0.862,0.345,3.9,9.5,6.6,4.8,0.0,1.0,0.0,17.0,0.1,0.0,0.1,0.047,-0.7,-2.8,-3.5,0.0
487,Jordan Walsh,19,BOS,SF,9,1,83,3.6,8.9,0.4,1.2,5.4,0.222,2.4,3.6,0.667,0.467,0.6,1.2,0.5,3.0,8.9,11.9,3.0,3.0,0.6,1.8,6.5,8.9,106.0,108,,walshjo01,8.4,0.472,0.6,0.133,6.8,18.7,13.0,7.2,3.0,1.1,15.9,9.9,0.0,0.2,0.2,0.089,-5.6,1.8,-3.8,0.0
488,Jerome Robinson,26,GSW,SG,22,0,81,6.6,19.7,0.333,1.2,10.2,0.118,5.4,9.6,0.563,0.364,4.2,6.6,0.636,0.6,3.0,3.6,3.0,0.6,1.8,1.2,3.0,18.5,92.0,118,,robinje01,5.7,0.41,0.515,0.333,1.4,6.6,4.0,8.0,0.6,3.3,5.0,20.7,-0.1,0.1,-0.1,-0.04,-6.1,-2.2,-8.3,-0.1
489,James Bouknight,23,CHO,SG,14,0,81,11.0,25.0,0.439,7.9,18.3,0.433,3.0,6.7,0.455,0.598,0.6,1.2,0.5,0.6,4.9,5.5,3.7,0.6,0.6,1.2,1.8,30.5,115.0,123,,bouknja01,15.9,0.597,0.732,0.049,1.3,11.4,6.2,12.2,0.6,1.2,4.6,23.9,0.1,0.0,0.1,0.062,4.4,-2.2,2.2,0.1
490,Wenyen Gabriel,26,MEM,PF,5,0,81,4.8,13.3,0.364,0.6,3.6,0.167,4.2,9.7,0.438,0.386,0.0,3.0,0.0,4.2,10.9,15.1,1.8,1.2,1.2,4.8,6.0,10.3,68.0,113,,gabriwe01,2.3,0.351,0.273,0.227,9.1,25.3,16.9,5.3,1.2,2.3,24.8,17.0,-0.3,0.1,-0.2,-0.123,-10.6,-1.9,-12.5,-0.2
491,Ryan Rollins,21,2TM,PG,13,0,78,8.4,16.3,0.519,1.8,2.4,0.75,6.6,13.8,0.478,0.574,7.8,10.2,0.765,1.2,6.6,7.8,8.4,6.0,1.8,4.8,4.8,26.5,116.0,108,,rolliry01,22.0,0.638,0.148,0.63,2.7,15.4,8.9,25.0,6.0,3.1,18.8,23.0,0.1,0.1,0.3,0.155,0.6,5.1,5.7,0.2
491,Ryan Rollins,21,WAS,PG,10,0,66,9.2,17.7,0.52,1.4,2.1,0.667,7.8,15.6,0.5,0.56,9.2,12.0,0.765,1.4,6.4,7.8,7.8,5.7,2.1,5.0,5.0,29.0,115.0,109,,rolliry01,22.7,0.631,0.12,0.68,3.2,14.9,8.9,24.0,5.7,3.7,17.7,25.2,0.1,0.1,0.2,0.147,0.6,4.5,5.0,0.1
491,Ryan Rollins,21,MIL,PG,3,0,12,4.0,8.0,0.5,4.0,4.0,1.0,0.0,4.0,0.0,0.75,0.0,0.0,,0.0,8.0,8.0,12.0,8.0,0.0,4.0,4.0,12.0,127.0,102,,rolliry01,18.5,0.75,0.5,0.0,0.0,17.9,9.1,30.9,8.0,0.0,33.3,10.8,0.0,0.0,0.0,0.199,0.6,8.5,9.2,0.0
492,R.J. Hampton,22,MIA,PG,8,2,76,2.6,9.2,0.286,0.7,5.3,0.125,2.0,3.9,0.5,0.321,0.7,1.3,0.5,1.3,2.6,3.9,5.3,0.0,0.0,2.0,5.3,6.6,84.0,119,,hamptrj01,0.9,0.336,0.571,0.143,3.0,6.0,4.5,13.6,0.0,0.0,16.8,10.5,-0.1,0.0,-0.1,-0.038,-8.1,-1.4,-9.5,-0.1
493,Wendell Moore Jr.,22,MIN,SG,25,0,75,5.9,11.9,0.5,0.0,4.0,0.0,5.9,7.9,0.75,0.5,0.0,0.0,,0.0,7.9,7.9,4.0,3.3,0.7,2.6,3.3,11.9,92.0,106,,moorewe01,8.6,0.5,0.333,0.0,0.0,17.4,9.1,10.9,3.3,1.2,18.2,13.0,-0.1,0.2,0.1,0.052,-6.1,3.3,-2.8,0.0
494,Nate Hinton,24,HOU,SG,15,0,75,7.1,16.8,0.423,4.5,9.1,0.5,2.6,7.8,0.333,0.558,2.6,3.2,0.8,4.5,9.7,14.2,6.5,1.9,1.3,1.9,7.1,21.3,128.0,110,,hintona01,17.6,0.585,0.538,0.192,9.9,21.7,15.7,18.6,1.9,2.5,9.6,17.7,0.2,0.1,0.3,0.187,1.9,1.7,3.6,0.1
495,Mouhamed Gueye,21,ATL,PF,6,0,73,5.3,15.1,0.348,2.0,5.9,0.333,3.3,9.2,0.357,0.413,3.3,3.9,0.833,6.6,7.9,14.5,2.6,3.3,2.6,0.7,8.5,15.8,120.0,112,,gueyemo02,15.0,0.468,0.391,0.261,14.4,18.6,16.4,7.0,3.3,4.9,3.8,15.2,0.1,0.1,0.2,0.127,-2.1,0.6,-1.5,0.0
496,Isaiah Mobley,24,CLE,PF,10,0,72,6.9,16.5,0.417,2.1,6.9,0.3,4.8,9.6,0.5,0.479,0.0,0.7,0.0,2.1,4.8,6.9,4.1,1.4,0.0,1.4,4.1,15.8,102.0,116,,mobleis01,8.1,0.471,0.417,0.042,4.7,10.8,7.8,11.5,1.4,0.0,7.6,16.2,0.0,0.1,0.0,0.032,-4.5,-2.1,-6.6,-0.1
497,Boban Marjanović,35,HOU,C,14,0,71,12.3,23.2,0.529,0.0,1.4,0.0,12.3,21.9,0.563,0.529,6.1,9.6,0.643,4.8,17.1,21.9,4.1,0.7,1.4,3.4,3.4,30.7,112.0,109,,marjabo01,21.1,0.56,0.059,0.412,10.5,38.2,24.2,13.9,0.7,2.6,11.1,27.0,0.1,0.1,0.2,0.128,0.2,-0.5,-0.3,0.0
498,Jason Preston,24,UTA,PG,7,0,71,4.1,12.9,0.316,0.0,2.0,0.0,4.1,10.9,0.375,0.316,0.0,0.0,,4.1,7.5,11.6,10.9,1.4,0.7,1.4,2.0,8.2,107.0,121,,prestja01,10.5,0.316,0.158,0.0,9.4,16.9,13.2,28.7,1.4,1.3,9.5,12.4,0.0,0.0,0.0,0.026,-2.5,-0.1,-2.6,0.0
499,Jett Howard,20,ORL,SF,18,0,67,7.4,22.2,0.333,5.2,18.5,0.28,2.2,3.7,0.6,0.45,1.5,3.0,0.5,0.7,4.4,5.2,4.4,1.5,1.5,2.2,3.0,21.4,96.0,113,,howarje01,8.6,0.457,0.833,0.133,1.7,10.6,6.1,13.0,1.5,2.8,8.6,22.7,-0.1,0.1,0.0,0.005,-1.4,-0.3,-1.8,0.0
500,Kobi Simmons,26,TOR,PG,4,0,67,6.5,15.1,0.429,1.4,5.8,0.25,5.0,9.4,0.538,0.476,0.0,0.0,,0.7,4.3,5.0,8.6,4.3,1.4,0.7,3.6,14.4,116.0,113,,simmoko01,14.5,0.476,0.381,0.0,1.6,10.1,5.7,24.2,4.3,2.6,4.5,14.0,0.1,0.1,0.1,0.098,-2.6,1.6,-1.0,0.0
501,Keyontae Johnson,23,OKC,SF,9,0,66,3.6,11.7,0.313,0.7,2.2,0.333,2.9,9.5,0.308,0.344,0.0,0.0,,2.9,4.4,7.3,2.9,0.7,0.0,2.9,3.6,8.0,78.0,118,,johnske08,1.6,0.344,0.188,0.0,7.0,9.8,8.4,7.2,0.7,0.0,20.0,13.1,-0.1,0.1,-0.1,-0.068,-7.5,-2.2,-9.8,-0.1
502,Adama Sanogo,21,CHI,PF,9,0,66,10.6,20.4,0.519,0.0,0.0,,10.6,20.4,0.519,0.519,6.0,9.1,0.667,14.4,12.8,27.2,0.0,0.8,0.0,3.8,3.8,27.2,118.0,116,,sanogad01,21.9,0.558,0.0,0.444,31.6,29.4,30.5,0.0,0.8,0.0,13.4,24.8,0.1,0.1,0.2,0.133,-0.4,-6.3,-6.7,-0.1
503,Robin Lopez,35,MIL,C,16,2,65,5.2,14.0,0.368,1.5,5.9,0.25,3.7,8.1,0.455,0.421,1.5,1.5,1.0,2.2,1.5,3.7,3.0,0.7,2.2,1.5,5.2,13.3,100.0,119,,lopezro01,6.6,0.453,0.421,0.105,5.2,3.3,4.2,7.8,0.7,3.9,9.1,14.5,0.0,0.0,0.0,0.007,-4.7,-1.4,-6.1,-0.1
504,Amari Bailey,19,CHO,PG,10,0,65,6.1,18.2,0.333,0.8,6.1,0.125,5.3,12.1,0.438,0.354,4.6,5.3,0.857,4.6,2.3,6.8,5.3,2.3,0.0,3.0,1.5,17.5,96.0,122,,baileam01,9.7,0.425,0.333,0.292,10.1,5.3,7.8,15.2,2.3,0.0,12.9,21.1,-0.1,0.0,-0.1,-0.044,-5.2,-3.1,-8.3,-0.1
505,Moussa Diabaté,22,LAC,C,11,0,64,7.7,14.7,0.526,0.0,0.0,,7.7,14.7,0.526,0.526,6.9,10.8,0.643,11.6,6.9,18.5,3.1,3.9,0.8,1.5,3.1,22.4,136.0,111,,diabamo01,24.7,0.576,0.0,0.737,27.4,15.4,21.2,8.6,3.9,1.4,7.4,18.6,0.2,0.1,0.3,0.25,4.0,-0.5,3.5,0.1
506,Jack White,26,MEM,SF,4,0,64,1.5,12.2,0.125,1.5,7.6,0.2,0.0,4.6,0.0,0.188,0.0,0.0,,3.1,6.1,9.2,0.8,3.1,0.8,1.5,2.3,4.6,54.0,112,,whiteja03,1.1,0.188,0.625,0.0,6.6,14.2,10.3,2.0,3.1,1.5,11.1,12.1,-0.2,0.1,-0.1,-0.1,-9.1,-1.2,-10.3,-0.1
507,Kendall Brown,20,IND,SG,15,0,63,6.0,11.2,0.533,0.0,1.5,0.0,6.0,9.7,0.615,0.533,3.7,6.0,0.625,2.2,1.5,3.7,3.7,0.0,0.0,1.5,6.7,15.7,119.0,126,,brownke03,7.6,0.567,0.133,0.533,5.4,3.6,4.5,9.3,0.0,0.0,9.7,13.7,0.1,0.0,0.1,0.045,-4.2,-2.6,-6.8,-0.1
508,Ish Wainright,29,2TM,SF,11,0,62,5.6,19.1,0.292,5.6,15.9,0.35,0.0,3.2,0.0,0.438,1.6,1.6,1.0,2.4,8.7,11.1,0.8,3.2,0.8,1.6,6.4,18.3,98.0,112,,wainris01,8.9,0.462,0.833,0.083,5.8,20.8,12.7,2.0,3.2,1.5,7.4,18.5,0.0,0.1,0.0,0.029,-2.9,0.5,-2.4,0.0
508,Ish Wainright,29,POR,SF,7,0,46,6.4,19.3,0.333,6.4,17.2,0.375,0.0,2.1,0.0,0.5,2.1,2.1,1.0,0.0,9.7,9.7,0.0,2.1,1.1,1.1,4.3,21.5,106.0,114,,wainris01,10.2,0.53,0.889,0.111,0.0,23.3,11.0,0.0,2.1,2.0,5.0,18.4,0.0,0.1,0.1,0.054,-1.2,0.6,-0.6,0.0
508,Ish Wainright,29,PHO,SF,4,0,16,3.1,18.3,0.167,3.1,12.2,0.25,0.0,6.1,0.0,0.25,0.0,0.0,,9.2,6.1,15.3,3.1,6.1,0.0,3.1,12.2,9.2,81.0,106,,wainris01,5.2,0.25,0.667,0.0,22.3,13.4,17.7,7.6,6.1,0.0,14.3,19.0,0.0,0.0,0.0,-0.042,-7.8,0.3,-7.5,0.0
509,Keon Johnson,21,BRK,SG,5,0,61,6.5,17.0,0.381,3.2,8.1,0.4,3.2,8.9,0.364,0.476,8.9,9.7,0.917,2.4,3.2,5.7,2.4,2.4,0.8,4.1,4.1,25.2,110.0,116,,johnske07,13.1,0.59,0.476,0.571,5.2,7.4,6.3,6.9,2.4,1.5,16.0,22.2,0.0,0.1,0.1,0.068,-1.6,-1.1,-2.7,0.0
510,Braxton Key,26,DEN,SF,20,0,60,5.8,14.0,0.412,1.7,4.1,0.4,4.1,9.9,0.417,0.471,5.0,6.6,0.75,2.5,12.4,14.9,7.4,1.7,0.8,0.8,4.1,18.2,128.0,110,,keybr01,16.5,0.536,0.294,0.471,5.7,26.9,16.6,18.8,1.7,1.4,4.6,15.7,0.1,0.1,0.2,0.18,0.5,1.6,2.1,0.1
511,Jermaine Samuels,25,HOU,SF,14,0,60,7.3,11.3,0.643,0.0,1.6,0.0,7.3,9.7,0.75,0.643,1.6,1.6,1.0,2.4,8.1,10.5,2.4,0.8,1.6,0.0,4.0,16.2,149.0,114,,samueje01,15.1,0.672,0.143,0.143,5.3,18.1,11.6,7.0,0.8,3.1,0.0,10.5,0.1,0.1,0.2,0.178,-0.3,1.1,0.8,0.0
512,Colin Castleton,23,LAL,C,16,0,59,7.3,12.9,0.563,0.0,0.0,,7.3,12.9,0.563,0.563,4.8,4.8,1.0,4.8,4.8,9.7,2.4,1.6,0.0,2.4,8.9,19.3,126.0,118,,castlco01,13.0,0.644,0.0,0.375,11.9,10.8,11.3,6.8,1.6,0.0,13.9,15.8,0.1,0.0,0.2,0.128,-3.9,-1.4,-5.2,0.0
513,TyTy Washington Jr.,22,MIL,PG,11,0,56,5.1,17.2,0.3,1.7,5.1,0.333,3.4,12.0,0.286,0.35,0.0,0.0,,0.9,3.4,4.3,4.3,2.6,0.0,1.7,0.9,12.0,81.0,117,,washity02,4.6,0.35,0.3,0.0,2.0,7.7,4.9,11.4,2.6,0.0,9.1,17.0,-0.1,0.1,-0.1,-0.072,-7.1,-1.0,-8.2,-0.1
514,Dereon Seabron,23,NOP,SG,6,0,55,3.6,11.6,0.308,0.9,1.8,0.5,2.7,9.8,0.273,0.346,4.5,5.3,0.833,0.9,5.3,6.2,4.5,1.8,0.9,0.0,3.6,12.5,115.0,114,,seabrde01,9.2,0.448,0.154,0.462,2.0,12.0,7.1,11.2,1.8,1.8,0.0,12.4,0.0,0.1,0.1,0.087,-2.7,1.2,-1.5,0.0
515,Juan Toscano-Anderson,30,SAC,SF,11,0,53,2.7,11.0,0.25,0.9,3.7,0.25,1.8,7.3,0.25,0.292,0.0,0.0,,3.7,9.2,12.8,3.7,0.9,0.9,1.8,10.1,6.4,84.0,115,,toscaju01,2.5,0.292,0.333,0.0,8.3,21.6,14.8,9.0,0.9,1.7,14.3,11.3,-0.1,0.1,0.0,-0.024,-8.7,-0.6,-9.4,-0.1
516,Leonard Miller,20,MIN,SF,17,0,52,12.4,19.0,0.65,1.9,4.8,0.4,10.5,14.3,0.733,0.7,1.0,1.9,0.5,4.8,14.3,19.0,7.6,1.9,1.0,1.0,4.8,27.6,148.0,104,,millele01,27.0,0.694,0.25,0.1,11.5,31.3,21.8,25.5,1.9,1.7,4.6,18.6,0.2,0.1,0.3,0.323,5.9,3.7,9.6,0.2
517,Seth Lundy,23,ATL,SF,9,0,52,3.7,15.7,0.235,2.8,12.0,0.231,0.9,3.7,0.25,0.324,2.8,3.7,0.75,0.9,5.5,6.5,0.0,0.0,0.0,0.9,5.5,12.9,82.0,124,,lundyse01,0.0,0.373,0.765,0.235,2.0,13.1,7.3,0.0,0.0,0.0,5.1,15.8,-0.1,0.0,-0.1,-0.092,-7.7,-5.0,-12.7,-0.1
518,David Duke Jr.,24,SAS,SG,4,0,51,9.3,16.8,0.556,2.8,5.6,0.5,6.5,11.2,0.583,0.639,2.8,2.8,1.0,1.9,7.4,9.3,4.7,1.9,0.0,2.8,3.7,24.2,122.0,117,,dukeda01,16.2,0.673,0.333,0.167,4.2,17.1,10.6,14.6,1.9,0.0,13.4,18.5,0.1,0.0,0.1,0.119,-0.1,1.4,1.4,0.0
519,Daishen Nix,21,MIN,PG,15,0,50,8.9,23.7,0.375,5.9,16.8,0.353,3.0,6.9,0.429,0.5,3.0,5.9,0.5,1.0,2.0,3.0,5.9,4.9,0.0,4.9,2.0,26.7,95.0,106,,nixda01,12.3,0.507,0.708,0.25,2.4,4.3,3.4,17.8,4.9,0.0,15.8,28.0,-0.1,0.1,0.0,0.014,-2.8,1.4,-1.4,0.0
520,Jay Huff,25,DEN,C,20,0,49,9.1,15.2,0.6,3.0,9.1,0.333,6.1,6.1,1.0,0.7,2.0,2.0,1.0,2.0,9.1,11.1,2.0,2.0,3.0,1.0,9.1,23.3,140.0,108,,huffja01,18.5,0.724,0.6,0.133,4.7,19.8,12.4,5.6,2.0,5.2,5.9,15.0,0.1,0.1,0.2,0.212,-0.3,1.6,1.3,0.0
521,Hunter Tyson,23,DEN,PF,18,0,48,8.3,20.7,0.4,4.1,14.5,0.286,4.1,6.2,0.667,0.5,0.0,0.0,,1.0,8.3,9.3,2.1,1.0,0.0,2.1,10.3,20.7,96.0,114,,tysonhu01,6.0,0.5,0.7,0.0,2.4,18.0,10.4,5.6,1.0,0.0,9.1,20.0,0.0,0.1,0.0,0.007,-6.8,-2.1,-8.9,-0.1
522,James Johnson,36,IND,PF,9,0,47,3.0,10.0,0.3,0.0,2.0,0.0,3.0,8.0,0.375,0.3,2.0,2.0,1.0,1.0,3.0,4.0,8.0,5.0,1.0,5.0,9.0,8.0,79.0,112,,johnsja01,5.0,0.368,0.2,0.2,2.4,7.2,4.8,18.6,5.0,1.7,31.5,14.2,-0.1,0.1,0.0,-0.05,-8.0,2.2,-5.8,0.0
523,DaQuan Jeffries,26,NYK,SG,17,0,46,6.6,18.6,0.353,2.2,11.0,0.2,4.4,7.7,0.571,0.412,0.0,2.2,0.0,0.0,5.5,5.5,5.5,0.0,1.1,3.3,2.2,15.3,82.0,118,,jeffrda01,3.1,0.391,0.588,0.118,0.0,12.2,6.1,14.9,0.0,2.0,14.4,19.6,-0.1,0.0,-0.1,-0.087,-5.6,-2.5,-8.1,-0.1
524,Ryan Arcidiacono,29,NYK,PG,20,0,45,0.0,6.7,0.0,0.0,6.7,0.0,0.0,0.0,,0.0,0.0,0.0,,0.0,9.0,9.0,4.5,2.2,0.0,2.2,5.6,0.0,33.0,112,,arcidry01,-2.0,0.0,1.0,0.0,0.0,20.0,10.0,10.4,2.2,0.0,25.0,7.7,-0.1,0.1,-0.1,-0.089,-11.5,1.9,-9.6,-0.1
525,Frank Ntilikina,25,CHO,PG,5,0,43,1.1,10.3,0.111,1.1,9.2,0.125,0.0,1.1,0.0,0.167,2.3,2.3,1.0,1.1,5.7,6.9,4.6,0.0,0.0,1.1,4.6,5.7,75.0,125,,ntilila01,0.0,0.253,0.889,0.222,2.5,13.5,7.8,11.5,0.0,0.0,9.2,11.2,-0.1,0.0,-0.1,-0.099,-10.0,-3.4,-13.4,-0.1
526,Oscar Tshiebwe,24,IND,PF,8,0,42,11.2,22.5,0.5,0.0,0.0,,11.2,22.5,0.5,0.5,6.7,9.0,0.75,9.0,9.0,18.0,2.2,2.2,1.1,0.0,3.4,29.2,132.0,115,,tshieos01,24.8,0.553,0.0,0.4,21.6,21.6,21.6,6.4,2.2,1.9,0.0,23.5,0.1,0.0,0.2,0.221,4.5,-2.3,2.2,0.0
527,D'Moi Hodge,25,LAL,SG,7,0,41,5.8,17.4,0.333,3.5,13.9,0.25,2.3,3.5,0.667,0.433,1.2,2.3,0.5,0.0,0.0,0.0,5.8,1.2,1.2,1.2,4.6,16.2,97.0,120,,hodgedm01,6.1,0.441,0.8,0.133,0.0,0.0,0.0,15.6,1.2,2.1,5.9,17.8,0.0,0.0,0.0,-0.019,-3.7,-2.6,-6.3,0.0
528,Greg Brown III,22,DAL,PF,6,0,40,6.0,13.2,0.455,1.2,3.6,0.333,4.8,9.6,0.5,0.5,4.8,10.8,0.444,3.6,7.2,10.8,4.8,0.0,4.8,4.8,6.0,18.0,96.0,114,,browngr01,10.5,0.501,0.273,0.818,8.2,16.3,12.3,13.0,0.0,8.8,21.1,20.3,0.0,0.0,0.0,0.0,-5.0,0.6,-4.4,0.0
529,Taze Moore,25,POR,SG,4,0,40,9.9,23.5,0.421,1.2,8.6,0.143,8.6,14.8,0.583,0.447,1.2,2.5,0.5,4.9,4.9,9.9,6.2,2.5,0.0,3.7,4.9,22.2,98.0,117,,mooreta02,11.8,0.453,0.368,0.105,10.6,11.9,11.2,20.4,2.5,0.0,13.1,24.3,0.0,0.0,0.0,-0.017,-2.5,-0.6,-3.1,0.0
530,Alex Fudge,20,2TM,SF,6,0,40,7.2,17.9,0.4,1.2,6.0,0.2,6.0,12.0,0.5,0.433,2.4,2.4,1.0,4.8,1.2,6.0,0.0,3.6,0.0,2.4,2.4,17.9,95.0,115,,fudgeal01,9.8,0.472,0.333,0.133,11.3,2.7,6.9,0.0,3.6,0.0,11.2,19.2,0.0,0.0,0.0,-0.007,-3.7,-1.5,-5.2,0.0
530,Alex Fudge,20,LAL,SF,4,0,14,3.4,20.4,0.167,0.0,6.8,0.0,3.4,13.6,0.25,0.167,6.8,6.8,1.0,6.8,0.0,6.8,0.0,0.0,0.0,3.4,3.4,13.6,73.0,124,,fudgeal01,-1.9,0.291,0.333,0.333,16.7,0.0,7.9,0.0,0.0,0.0,12.7,24.3,-0.1,0.0,-0.1,-0.222,-9.9,-8.3,-18.1,-0.1
530,Alex Fudge,20,DAL,SF,2,0,26,9.2,16.6,0.556,1.8,5.5,0.333,7.4,11.1,0.667,0.611,0.0,0.0,,3.7,1.8,5.5,0.0,5.5,0.0,1.8,1.8,20.3,114.0,110,,fudgeal01,16.2,0.611,0.333,0.0,8.4,4.2,6.3,0.0,5.5,0.0,10.0,16.5,0.0,0.0,0.1,0.108,-0.4,2.1,1.7,0.0
531,JD Davison,21,BOS,SG,8,0,39,6.3,15.2,0.417,3.8,8.9,0.429,2.5,6.3,0.4,0.542,3.8,5.1,0.75,2.5,10.1,12.7,12.7,1.3,1.3,2.5,5.1,20.3,134.0,110,,davisjd01,18.8,0.581,0.583,0.333,5.8,21.2,13.8,32.9,1.3,2.3,12.7,17.6,0.1,0.1,0.2,0.228,1.8,1.4,3.3,0.1
532,RaiQuan Gray,24,SAS,PF,3,0,39,12.2,20.7,0.588,3.7,8.5,0.429,8.5,12.2,0.7,0.676,0.0,0.0,,2.4,6.1,8.5,7.3,1.2,1.2,1.2,0.0,28.0,136.0,117,,grayra01,22.7,0.676,0.412,0.0,5.5,14.0,9.7,25.2,1.2,2.1,5.6,19.5,0.1,0.0,0.2,0.187,5.6,1.8,7.4,0.1
533,Jacob Toppin,23,NYK,SF,9,0,38,6.6,11.9,0.556,1.3,5.3,0.25,5.3,6.6,0.8,0.611,2.7,2.7,1.0,4.0,5.3,9.3,4.0,0.0,1.3,1.3,4.0,17.3,141.0,117,,toppija01,14.3,0.658,0.444,0.222,8.8,11.9,10.3,10.9,0.0,2.5,9.2,12.4,0.1,0.0,0.1,0.161,0.6,-1.3,-0.7,0.0
534,Jalen Slawson,24,SAC,SF,12,0,37,5.3,7.9,0.667,0.0,2.6,0.0,5.3,5.3,1.0,0.667,0.0,0.0,,1.3,7.9,9.2,2.6,1.3,1.3,2.6,10.5,10.5,107.0,114,,slawsja01,6.6,0.667,0.333,0.0,3.0,18.6,10.6,6.9,1.3,2.5,25.0,9.2,0.0,0.0,0.0,0.058,-7.5,1.1,-6.4,0.0
535,Charlie Brown Jr.,26,NYK,SG,8,0,37,2.7,13.6,0.2,2.7,9.5,0.286,0.0,4.1,0.0,0.3,0.0,0.0,,1.4,1.4,2.7,0.0,0.0,2.7,2.7,6.8,8.2,60.0,118,,brownch02,-3.2,0.3,0.7,0.0,3.0,3.0,3.0,0.0,0.0,5.1,16.7,14.0,-0.1,0.0,-0.1,-0.124,-10.2,-3.4,-13.6,-0.1
536,D.J. Carton,23,TOR,SG,4,0,36,4.0,10.7,0.375,1.3,5.4,0.25,2.7,5.4,0.5,0.438,5.4,6.7,0.8,2.7,2.7,5.4,4.0,1.3,0.0,1.3,4.0,14.8,120.0,123,,cartodj01,9.6,0.539,0.5,0.625,6.0,6.2,6.1,10.5,1.3,0.0,8.9,13.3,0.0,0.0,0.0,0.062,-4.2,-1.1,-5.3,0.0
537,Dexter Dennis,24,DAL,SG,4,0,30,16.0,30.4,0.526,1.6,12.8,0.125,14.4,17.6,0.818,0.553,1.6,4.8,0.333,1.6,12.8,14.4,6.4,0.0,1.6,4.8,1.6,35.2,100.0,114,,dennide01,18.3,0.541,0.421,0.158,3.7,29.0,16.4,23.7,0.0,2.9,12.9,33.3,0.0,0.0,0.0,0.004,1.7,-0.1,1.7,0.0
538,Henri Drell,23,CHI,SF,4,0,30,6.6,16.6,0.4,3.3,10.0,0.333,3.3,6.6,0.5,0.5,1.7,3.3,0.5,1.7,5.0,6.6,6.6,3.3,1.7,3.3,10.0,18.3,102.0,112,,drellhe01,10.7,0.506,0.6,0.2,3.7,11.4,7.5,18.3,3.3,3.4,15.5,18.8,0.0,0.0,0.0,0.047,-5.1,0.2,-4.9,0.0
539,Jordan Miller,24,LAC,SF,8,0,28,8.8,15.9,0.556,1.8,3.5,0.5,7.1,12.3,0.571,0.611,3.5,3.5,1.0,5.3,3.5,8.8,0.0,0.0,0.0,1.8,3.5,22.9,130.0,122,,millejo02,14.1,0.658,0.222,0.222,12.5,7.8,10.1,0.0,0.0,0.0,9.2,17.0,0.1,0.0,0.1,0.116,0.4,-4.2,-3.8,0.0
540,Mason Jones,25,SAC,SG,5,0,28,3.5,13.9,0.25,3.5,12.1,0.286,0.0,1.7,0.0,0.375,1.7,3.5,0.5,1.7,6.9,8.7,8.7,1.7,0.0,3.5,5.2,12.1,93.0,116,,jonesma05,5.8,0.394,0.875,0.25,3.9,16.4,10.0,21.7,1.7,0.0,18.4,16.6,0.0,0.0,0.0,-0.018,-5.4,0.0,-5.5,0.0
541,Pete Nance,23,CLE,PF,8,0,27,1.8,11.0,0.167,1.8,1.8,1.0,0.0,9.1,0.0,0.25,0.0,3.7,0.0,0.0,5.5,5.5,0.0,1.8,0.0,1.8,3.7,5.5,40.0,114,,nancepe01,-3.9,0.218,0.167,0.333,0.0,12.3,6.2,0.0,1.8,0.0,12.7,12.9,-0.1,0.0,-0.1,-0.154,-11.9,-3.2,-15.2,-0.1
542,Pat Spencer,27,GSW,PG,6,0,26,3.7,7.4,0.5,0.0,3.7,0.0,3.7,3.7,1.0,0.5,0.0,0.0,,3.7,3.7,7.4,9.3,0.0,0.0,1.9,1.9,7.4,129.0,122,,spencpa01,9.4,0.5,0.5,0.0,8.4,8.2,8.3,23.3,0.0,0.0,20.0,8.1,0.0,0.0,0.0,0.084,-3.4,-3.1,-6.4,0.0
543,Dariq Whitehead,19,BRK,SF,2,0,24,2.1,10.3,0.2,0.0,6.2,0.0,2.1,4.1,0.5,0.2,2.1,4.1,0.5,0.0,8.3,8.3,6.2,0.0,2.1,0.0,0.0,6.2,83.0,118,,whiteda01,4.9,0.255,0.6,0.4,0.0,18.8,9.1,15.6,0.0,3.8,0.0,10.6,0.0,0.0,0.0,-0.03,-5.5,-2.4,-7.9,0.0
544,Mamadi Diakite,27,2TM,PF,6,0,24,8.1,12.1,0.667,0.0,2.0,0.0,8.1,10.1,0.8,0.667,8.1,12.1,0.667,2.0,6.1,8.1,4.0,2.0,2.0,2.0,4.0,24.2,133.0,114,,diakima01,18.6,0.694,0.167,1.0,4.5,13.8,9.1,13.5,2.1,3.5,10.4,17.0,0.1,0.0,0.1,0.168,0.8,2.7,3.5,0.0
544,Mamadi Diakite,27,SAS,PF,3,0,16,11.9,14.8,0.8,0.0,0.0,,11.9,14.8,0.8,0.8,11.9,17.8,0.667,3.0,5.9,8.9,5.9,0.0,3.0,0.0,3.0,35.6,168.0,118,,diakima01,30.4,0.785,0.0,1.2,6.7,13.6,10.1,20.3,0.0,5.2,0.0,20.2,0.1,0.0,0.1,0.349,7.9,3.7,11.6,0.1
544,Mamadi Diakite,27,NYK,PF,3,0,8,0.0,6.3,0.0,0.0,6.3,0.0,0.0,0.0,,0.0,0.0,0.0,,0.0,6.3,6.3,0.0,6.3,0.0,6.3,6.3,0.0,0.0,104,,diakima01,-5.2,0.0,1.0,0.0,0.0,14.1,7.0,0.0,6.3,0.0,50.0,10.8,-0.1,0.0,0.0,-0.194,-13.5,0.7,-12.7,0.0
545,E.J. Liddell,23,NOP,PF,8,0,23,2.1,12.8,0.167,0.0,10.7,0.0,2.1,2.1,1.0,0.167,4.3,4.3,1.0,0.0,10.7,10.7,2.1,4.3,4.3,4.3,4.3,8.5,56.0,101,,liddeej01,4.3,0.291,0.833,0.333,0.0,23.9,12.1,5.2,4.3,8.6,22.5,16.8,-0.1,0.1,0.0,-0.091,-8.7,4.0,-4.7,0.0
546,Drew Peterson,24,BOS,PF,3,0,23,8.6,12.9,0.667,6.4,10.7,0.6,2.1,2.1,1.0,0.917,0.0,0.0,,0.0,2.1,2.1,2.1,4.3,0.0,2.1,2.1,23.6,144.0,110,,peterdr01,18.5,0.917,0.833,0.0,0.0,4.5,2.3,5.9,4.3,0.0,14.3,13.3,0.1,0.0,0.1,0.194,3.8,1.6,5.3,0.0
547,Jordan Ford,25,SAC,PG,6,0,22,8.8,15.5,0.571,4.4,6.6,0.667,4.4,8.8,0.5,0.714,4.4,4.4,1.0,0.0,4.4,4.4,4.4,0.0,0.0,2.2,0.0,26.5,138.0,121,,fordjo01,16.8,0.761,0.429,0.286,0.0,10.4,5.1,12.8,0.0,0.0,11.3,17.3,0.1,0.0,0.1,0.157,3.3,-1.1,2.2,0.0
548,Isaiah Thomas,34,PHO,PG,6,0,19,7.7,25.7,0.3,5.1,10.3,0.5,2.6,15.4,0.167,0.4,0.0,0.0,,0.0,0.0,0.0,7.7,0.0,0.0,0.0,0.0,20.6,101.0,124,,thomais02,6.7,0.4,0.4,0.0,0.0,0.0,0.0,21.9,0.0,0.0,0.0,22.8,0.0,0.0,0.0,-0.03,-1.6,-5.2,-6.9,0.0
549,Usman Garuba,21,GSW,PF,6,0,18,2.7,16.1,0.167,0.0,2.7,0.0,2.7,13.4,0.2,0.167,2.7,5.4,0.5,8.1,10.8,18.8,2.7,2.7,8.1,5.4,5.4,8.1,65.0,101,,garubus01,7.0,0.218,0.167,0.333,18.2,23.7,21.0,6.6,2.7,15.1,22.5,20.8,-0.1,0.0,0.0,-0.124,-10.8,-0.1,-10.9,0.0
550,Danny Green,36,PHI,SG,2,0,18,0.0,5.5,0.0,0.0,2.7,0.0,0.0,2.7,0.0,0.0,0.0,0.0,,0.0,5.5,5.5,2.7,2.7,0.0,0.0,2.7,0.0,33.0,114,,greenda02,0.7,0.0,0.5,0.0,0.0,12.5,6.1,6.5,2.7,0.0,0.0,4.8,0.0,0.0,0.0,-0.035,-7.4,0.8,-6.6,0.0
551,Alondes Williams,24,MIA,SG,7,0,16,6.2,24.9,0.25,0.0,12.5,0.0,6.2,12.5,0.5,0.25,3.1,3.1,1.0,0.0,3.1,3.1,0.0,0.0,3.1,6.2,6.2,15.6,50.0,115,,willial06,-7.9,0.296,0.5,0.125,0.0,7.1,3.5,0.0,0.0,6.1,19.2,29.1,-0.1,0.0,-0.1,-0.357,-17.8,-5.4,-23.2,-0.1
552,Ty Jerome,26,CLE,SG,2,0,15,6.6,13.2,0.5,0.0,3.3,0.0,6.6,9.9,0.667,0.5,0.0,0.0,,3.3,0.0,3.3,9.9,0.0,0.0,3.3,6.6,13.2,111.0,121,,jeromty01,7.6,0.5,0.25,0.0,7.6,0.0,3.7,27.3,0.0,0.0,20.0,14.7,0.0,0.0,0.0,0.04,-4.1,-0.8,-4.9,0.0
553,D.J. Wilson,27,PHI,PF,2,0,15,13.1,19.7,0.667,6.6,6.6,1.0,6.6,13.1,0.5,0.833,0.0,0.0,,3.3,3.3,6.6,6.6,0.0,6.6,0.0,3.3,32.8,173.0,114,,wilsodj01,31.6,0.833,0.333,0.0,7.2,7.5,7.4,22.5,0.0,12.2,0.0,17.3,0.1,0.0,0.1,0.355,15.5,7.0,22.4,0.1
554,Adam Flagler,24,OKC,SG,2,0,14,3.4,24.0,0.143,3.4,20.6,0.167,0.0,3.4,0.0,0.214,0.0,0.0,,0.0,0.0,0.0,13.7,0.0,0.0,0.0,0.0,10.3,78.0,122,,flaglad01,0.6,0.214,0.857,0.0,0.0,0.0,0.0,33.6,0.0,0.0,0.0,21.7,0.0,0.0,0.0,-0.159,-6.7,-3.9,-10.6,0.0
555,Andrew Funk,24,CHI,SG,5,0,13,0.0,15.3,0.0,0.0,11.5,0.0,0.0,3.8,0.0,0.0,0.0,0.0,,0.0,0.0,0.0,0.0,3.8,3.8,0.0,0.0,0.0,0.0,112,,funkan01,-5.0,0.0,0.75,0.0,0.0,0.0,0.0,0.0,3.8,7.9,0.0,13.5,-0.1,0.0,-0.1,-0.252,-12.4,-2.0,-14.4,0.0
556,Quenton Jackson,25,IND,PG,3,0,11,0.0,4.3,0.0,0.0,0.0,,0.0,4.3,0.0,0.0,8.6,8.6,1.0,0.0,17.2,17.2,8.6,4.3,0.0,0.0,4.3,8.6,152.0,107,,jacksqu01,16.1,0.532,0.0,2.0,0.0,41.2,20.6,18.6,4.3,0.0,0.0,7.2,0.0,0.0,0.0,0.203,-3.5,6.8,3.3,0.0
557,Joshua Primo,21,LAC,SG,2,0,10,4.9,14.8,0.333,0.0,4.9,0.0,4.9,9.9,0.5,0.333,0.0,0.0,,4.9,0.0,4.9,0.0,0.0,4.9,19.7,0.0,9.9,37.0,119,,primojo01,-12.8,0.333,0.333,0.0,11.7,0.0,5.6,0.0,0.0,9.0,57.1,30.7,-0.1,0.0,-0.1,-0.585,-16.8,-8.2,-25.0,-0.1
558,Filip Petrušev,23,2TM,C,3,0,10,4.9,9.8,0.5,0.0,0.0,,4.9,9.8,0.5,0.5,4.9,9.8,0.5,0.0,4.9,4.9,0.0,0.0,0.0,0.0,4.9,14.6,108.0,120,,petrufi01,5.1,0.521,0.0,1.0,0.0,11.2,5.5,0.0,0.0,0.0,0.0,12.3,0.0,0.0,0.0,0.029,-4.7,-3.3,-8.0,0.0
558,Filip Petrušev,23,PHI,C,1,0,3,0.0,0.0,,0.0,0.0,,0.0,0.0,,,0.0,0.0,,0.0,16.4,16.4,0.0,0.0,0.0,0.0,0.0,0.0,,113,,petrufi01,4.0,,,,0.0,37.5,18.4,0.0,0.0,0.0,,0.0,0.0,0.0,0.0,0.061,-3.0,-1.9,-4.9,0.0
558,Filip Petrušev,23,SAC,C,2,0,7,6.9,13.9,0.5,0.0,0.0,,6.9,13.9,0.5,0.5,6.9,13.9,0.5,0.0,0.0,0.0,0.0,0.0,0.0,0.0,6.9,20.8,108.0,123,,petrufi01,5.5,0.521,0.0,1.0,0.0,0.0,0.0,0.0,0.0,0.0,0.0,17.6,0.0,0.0,0.0,0.015,-5.5,-3.9,-9.3,0.0
559,Lindell Wigginton,25,MIL,PG,3,0,8,12.0,30.0,0.4,0.0,12.0,0.0,12.0,18.0,0.667,0.4,12.0,12.0,1.0,0.0,0.0,0.0,0.0,0.0,0.0,6.0,6.0,36.0,89.0,124,,wiggili01,5.6,0.51,0.4,0.4,0.0,0.0,0.0,0.0,0.0,0.0,14.5,37.1,0.0,0.0,0.0,-0.154,-14.6,-9.2,-23.9,0.0
560,Kaiser Gates,27,NOP,SF,1,0,7,0.0,28.0,0.0,0.0,14.0,0.0,0.0,14.0,0.0,0.0,0.0,0.0,,0.0,7.0,7.0,0.0,0.0,0.0,0.0,0.0,0.0,0.0,118,,gateska01,-19.9,0.0,0.5,0.0,0.0,15.7,8.0,0.0,0.0,0.0,0.0,24.9,-0.1,0.0,-0.1,-0.558,-18.6,-10.1,-28.8,-0.1
561,Shaquille Harrison,30,MEM,SG,3,0,6,8.1,16.3,0.5,0.0,0.0,,8.1,16.3,0.5,0.5,0.0,0.0,,0.0,16.3,16.3,0.0,0.0,8.1,0.0,0.0,16.3,100.0,104,,harrish01,15.9,0.5,0.0,0.0,0.0,38.0,18.2,0.0,0.0,15.6,0.0,14.3,0.0,0.0,0.0,0.09,-0.7,5.2,4.6,0.0
562,Kevon Harris,26,ORL,SG,2,0,6,16.5,24.8,0.667,0.0,0.0,,16.5,24.8,0.667,0.667,0.0,0.0,,0.0,16.5,16.5,8.3,0.0,0.0,8.3,24.8,33.0,101.0,110,,harrike01,11.1,0.667,0.0,0.0,0.0,39.5,19.6,33.0,0.0,0.0,25.0,29.1,0.0,0.0,0.0,0.038,-15.5,-0.3,-15.8,0.0
563,Hamidou Diallo,25,WAS,SG,2,0,5,9.4,18.7,0.5,0.0,0.0,,9.4,18.7,0.5,0.5,0.0,0.0,,18.7,0.0,18.7,9.4,18.7,0.0,9.4,9.4,18.7,106.0,86,,diallha01,33.2,0.5,0.0,0.0,41.8,0.0,21.4,28.9,18.7,0.0,33.3,25.3,0.0,0.0,0.0,0.204,2.7,16.0,18.7,0.0
564,Ron Harper Jr.,23,TOR,PF,1,0,4,0.0,0.0,,0.0,0.0,,0.0,0.0,,,0.0,0.0,,0.0,0.0,0.0,12.1,0.0,0.0,0.0,24.1,0.0,227.0,127,,harpero02,0.0,,,,0.0,0.0,0.0,28.6,0.0,0.0,,0.0,0.0,0.0,0.0,0.087,-11.7,2.8,-8.8,0.0
565,Markquis Nowell,24,TOR,SG,1,0,4,0.0,12.1,0.0,0.0,0.0,,0.0,12.1,0.0,0.0,24.1,24.1,1.0,24.1,0.0,24.1,24.1,12.1,0.0,0.0,0.0,24.1,169.0,100,,nowelma01,55.5,0.532,0.0,2.0,53.9,0.0,27.5,57.1,12.1,0.0,0.0,20.1,0.0,0.0,0.1,0.665,29.1,14.2,43.3,0.0
566,Isaiah Wong,23,IND,SG,1,0,4,11.8,35.4,0.333,0.0,11.8,0.0,11.8,23.6,0.5,0.333,0.0,0.0,,0.0,0.0,0.0,0.0,0.0,0.0,0.0,0.0,23.6,70.0,127,,wongis01,-1.1,0.333,0.333,0.0,0.0,0.0,0.0,0.0,0.0,0.0,0.0,31.4,0.0,0.0,0.0,-0.277,-11.3,-7.7,-19.0,0.0
567,Izaiah Brockington,24,NOP,PG,1,0,3,32.7,81.7,0.4,0.0,16.3,0.0,32.7,65.4,0.5,0.4,0.0,0.0,,16.3,16.3,32.7,0.0,0.0,0.0,0.0,0.0,65.4,93.0,113,,brockiz01,26.6,0.4,0.2,0.0,37.6,36.7,37.1,0.0,0.0,0.0,0.0,72.5,0.0,0.0,0.0,-0.177,-9.2,-8.5,-17.8,0.0
568,Malcolm Cazalon,22,DET,SG,1,0,3,0.0,0.0,,0.0,0.0,,0.0,0.0,,,0.0,0.0,,0.0,0.0,0.0,0.0,0.0,0.0,0.0,0.0,0.0,,127,,cazalma01,0.0,,,,0.0,0.0,0.0,0.0,0.0,0.0,,0.0,0.0,0.0,0.0,-0.012,-6.0,-3.2,-9.1,0.0
569,Jalen Crutcher,24,NOP,PG,1,0,3,0.0,16.3,0.0,0.0,0.0,,0.0,16.3,0.0,0.0,0.0,0.0,,0.0,0.0,0.0,0.0,0.0,0.0,0.0,0.0,0.0,0.0,122,,crutcja01,-12.6,0.0,0.0,0.0,0.0,0.0,0.0,0.0,0.0,0.0,0.0,14.5,0.0,0.0,0.0,-0.334,-18.5,-7.8,-26.2,0.0
570,Dmytro Skapintsev,25,NYK,C,2,0,2,0.0,25.2,0.0,0.0,0.0,,0.0,25.2,0.0,0.0,0.0,0.0,,0.0,0.0,0.0,0.0,0.0,0.0,0.0,0.0,0.0,0.0,122,,skapidm01,-19.3,0.0,0.0,0.0,0.0,0.0,0.0,0.0,0.0,0.0,0.0,21.6,0.0,0.0,0.0,-0.483,-16.0,-9.8,-25.9,0.0
571,Justin Jackson,28,MIN,SF,2,0,1,0.0,0.0,,0.0,0.0,,0.0,0.0,,,0.0,0.0,,0.0,0.0,0.0,0.0,0.0,0.0,0.0,0.0,0.0,,119,,jacksju01,0.0,,,,0.0,0.0,0.0,0.0,0.0,0.0,,0.0,0.0,0.0,0.0,0.031,-6.3,-1.2,-7.5,0.0
572,Javonte Smart,24,PHI,PG,1,0,1,0.0,0.0,,0.0,0.0,,0.0,0.0,,,0.0,0.0,,0.0,0.0,0.0,0.0,0.0,0.0,0.0,0.0,0.0,,124,,smartja01,0.0,,,,0.0,0.0,0.0,0.0,0.0,0.0,,0.0,0.0,0.0,0.0,0.005,-6.2,-2.1,-8.3,0.0
