Player,dim_0,dim_1,dim_2,dim_3,dim_4,dim_5,dim_6,dim_7,dim_8,dim_9,dim_10,dim_11,dim_12,dim_13,dim_14,dim_15,dim_16,dim_17,dim_18,dim_19,dim_20,dim_21,dim_22,dim_23,dim_24,dim_25,dim_26,dim_27,dim_28,dim_29,dim_30,dim_31,dim_32,dim_33,dim_34,dim_35,dim_36,dim_37,dim_38,dim_39,dim_40,dim_41,dim_42,dim_43,dim_44,dim_45,dim_46,dim_47,dim_48,dim_49,dim_50,dim_51,dim_52,dim_53,dim_54,dim_55,dim_56,dim_57,dim_58,dim_59,dim_60,dim_61,dim_62,dim_63,dim_64,dim_65,dim_66,dim_67,dim_68,dim_69,dim_70,dim_71,dim_72,dim_73,dim_74,dim_75,dim_76,dim_77,dim_78,dim_79
Precious Achiuwa,0.04266282171010971,-0.4444422125816345,0.3463977873325348,0.44360992312431335,0.7310203313827515,-0.36166155338287354,0.09968113899230957,0.15911085903644562,0.37174364924430847,0.9683571457862854,-0.23192590475082397,0.6608087420463562,-0.2652078866958618,-0.43838775157928467,1.514862060546875,0.5852764844894409,-0.4554123878479004,-0.362881064414978,0.22975580394268036,1.0873252153396606,1.257387638092041,-0.13520187139511108,0.2363843470811844,-0.05223816633224487,-0.2271862030029297,-0.7305406332015991,-0.6174423694610596,-0.3708045482635498,-0.267503559589386,0.32470056414604187,-0.092293381690979,-0.5264057517051697,-0.2830347418785095,0.7308537364006042,-0.2730509042739868,-0.36571478843688965,-0.05219995975494385,0.7650725841522217,-0.13198280334472656,-0.6951394081115723,0.21579481661319733,1.10368812084198,-0.3098307251930237,0.46861913800239563,0.28209954500198364,0.19490572810173035,-0.30260443687438965,-0.8261857628822327,-0.12257111072540283,-0.8027492165565491,0.1238236352801323,0.12965421378612518,-0.18481957912445068,1.0220519304275513,-0.01925891637802124,-0.36091387271881104,0.6506708264350891,-0.43483757972717285,1.741764783859253,0.48690518736839294,0.45414841175079346,-0.34556907415390015,0.6057919263839722,-0.1350753903388977,-0.45147401094436646,0.7805158495903015,-0.2230028510093689,-0.279857337474823,0.7510749697685242,0.020730478689074516,-0.4597858190536499,-0.052304744720458984,0.35696637630462646,-0.29850924015045166,1.5248868465423584,1.5022226572036743,-0.7273135781288147,-0.26442813873291016,-0.6160004138946533,-0.32944709062576294
Bam Adebayo,0.23069916665554047,-0.44721853733062744,-0.06401234865188599,0.6536206603050232,1.0421479940414429,-0.8298195600509644,1.003245234489441,-0.47221630811691284,1.4644109010696411,0.8013917803764343,-0.10512852668762207,0.8645193576812744,-0.2719888687133789,-0.4359988570213318,4.560380458831787,-0.04567462205886841,-0.9063618183135986,-0.5335081219673157,0.09335971623659134,1.8662358522415161,3.51480770111084,-0.7089681029319763,-0.2446662187576294,-0.5590928792953491,-0.33535999059677124,-0.8339480757713318,-0.9215554594993591,-0.1343720555305481,-0.6105742454528809,0.8737260103225708,-0.6489919424057007,-0.4395362138748169,0.7317076921463013,1.699684977531433,-0.43656671047210693,-0.3915380835533142,0.2683328688144684,1.9695141315460205,0.14210723340511322,-0.8497058153152466,0.183129221200943,1.5736236572265625,-0.3648979663848877,0.223703533411026,0.6830846071243286,0.26019275188446045,-0.5563342571258545,-0.9722381234169006,-0.41345858573913574,-0.9834463000297546,0.3825555145740509,0.48897460103034973,-0.6223993897438049,0.29365274310112,-0.43155980110168457,-0.4766165614128113,1.5980509519577026,-0.1520634889602661,2.7278494834899902,0.33167141675949097,0.7174275517463684,-0.6470602750778198,0.26967471837997437,-0.6473234295845032,0.1403537392616272,2.600961923599243,-0.4655907154083252,-0.4558238983154297,0.7629459500312805,-0.07354491949081421,-0.7922114133834839,-0.05188310146331787,-0.34293365478515625,-0.2510265111923218,2.3281211853027344,2.802358865737915,-0.9672373533248901,-0.013566017150878906,-0.9052026271820068,0.18198281526565552
Ochai Agbaji,-0.44178229570388794,-0.3524667024612427,0.07134457677602768,1.215172529220581,1.3104861974716187,-0.6745548844337463,0.4492209553718567,-0.30449819564819336,0.8310805559158325,1.7845706939697266,-0.4607892632484436,1.3547120094299316,-0.21484237909317017,-0.6242294311523438,4.035825252532959,0.9740936160087585,-0.8683710098266602,-0.30647706985473633,0.8572554588317871,1.7321717739105225,2.8692495822906494,-0.6313033699989319,0.5777670741081238,-0.29384565353393555,-0.47877025604248047,-0.9416887760162354,-0.9190934300422668,-0.41995394229888916,-0.40277189016342163,0.2397262454032898,-0.53013014793396,-0.726751983165741,0.031293533742427826,1.3244602680206299,-0.4112394452095032,-0.7735916376113892,-0.04542839527130127,1.7883309125900269,-0.15086263418197632,-0.9227619171142578,-0.34551751613616943,1.7111681699752808,0.24854354560375214,1.4785007238388062,1.0357640981674194,1.1042072772979736,-0.04623645544052124,-0.971127986907959,0.2427942454814911,-0.9773025512695312,0.4455053210258484,0.8012667894363403,0.4404789209365845,0.7702361941337585,0.21318405866622925,-0.5247389674186707,1.0266648530960083,-0.3143174648284912,3.4190027713775635,0.32289114594459534,1.3406686782836914,-0.28199493885040283,1.262290120124817,-0.2706059217453003,-0.5159359574317932,2.152951240539551,0.08348991721868515,-0.4447368383407593,0.20454931259155273,0.06782452017068863,-0.7363272905349731,1.4883801937103271,0.8535464406013489,-0.21396124362945557,2.52059006690979,3.091777801513672,-0.9857282638549805,-0.35145097970962524,-0.916257917881012,-0.28526848554611206
Santi Aldama,-0.39805668592453003,-0.3711361289024353,0.0037367118056863546,1.293561339378357,1.4224762916564941,-0.7908474206924438,0.8330906629562378,-0.43138301372528076,1.213528037071228,1.9178670644760132,-0.4527311325073242,1.6442828178405762,-0.23366940021514893,-0.683673083782196,5.178556442260742,0.8815045952796936,-0.9273343086242676,-0.36224550008773804,0.9700095057487488,1.98839271068573,3.6470563411712646,-0.734066367149353,0.4934674799442291,-0.46309661865234375,-0.5193146467208862,-0.9554651975631714,-0.9500062465667725,-0.45150333642959595,-0.501865565776825,0.4593355655670166,-0.6081913113594055,-0.7535433769226074,0.2311715930700302,1.704355239868164,-0.4505409598350525,-0.7958754301071167,0.010557630099356174,2.27357816696167,-0.09421747922897339,-0.9419718980789185,-0.33424681425094604,2.022691488265991,0.1383569836616516,1.3664675951004028,1.172008991241455,1.1962982416152954,-0.11807823181152344,-0.9863272309303284,0.18021412193775177,-0.9904455542564392,0.6026483774185181,1.0040531158447266,0.22467908263206482,0.6092787981033325,0.08658332377672195,-0.5933321118354797,1.4381071329116821,-0.3309897780418396,3.9546430110931396,0.3582760989665985,1.4546222686767578,-0.41014593839645386,1.2048012018203735,-0.43105030059814453,-0.48200714588165283,2.8537075519561768,-0.04303199052810669,-0.49957841634750366,0.3067208528518677,-0.03954803943634033,-0.808620810508728,1.5306923389434814,0.767977237701416,-0.25668013095855713,2.948819875717163,3.703766345977783,-0.9940792918205261,-0.3336663246154785,-0.9501668810844421,-0.16527462005615234
Nickeil Alexander-Walker,-0.630695104598999,-0.38147085905075073,0.0662359893321991,1.3360906839370728,1.4740275144577026,-0.7858729362487793,0.922071635723114,-0.3774276375770569,1.2456785440444946,2.430792808532715,-0.5203762054443359,1.9774221181869507,-0.1382250189781189,-0.7413929104804993,5.644738674163818,1.25471031665802,-0.9322031736373901,-0.3285301923751831,1.4102391004562378,2.15573787689209,3.7584807872772217,-0.7496968507766724,0.740981936454773,-0.24989700317382812,-0.5352814197540283,-0.9755823612213135,-0.9569648504257202,-0.5773109197616577,-0.561657726764679,0.4846331775188446,-0.5709275007247925,-0.810828447341919,-0.022742807865142822,1.8967238664627075,-0.31059908866882324,-0.8550963997840881,-0.1449418067932129,2.3083910942077637,-0.19999945163726807,-0.9557893872261047,-0.42003732919692993,2.2295384407043457,0.13247621059417725,1.5907888412475586,1.5493477582931519,1.332387089729309,0.06937893480062485,-0.9891357421875,0.5098074078559875,-0.9916958212852478,0.8206027150154114,1.2973034381866455,0.48059001564979553,0.7996008992195129,0.34141117334365845,-0.6272567510604858,1.4150444269180298,-0.4035567045211792,4.765068054199219,0.19534938037395477,1.7645764350891113,-0.3605947494506836,1.251778483390808,-0.20764178037643433,-0.659609317779541,3.220773458480835,-0.07677853107452393,-0.4879668354988098,0.3258356750011444,-0.09178411960601807,-0.7845228910446167,1.967989444732666,1.1487442255020142,-0.44147515296936035,3.2280635833740234,4.156805038452148,-0.9974565505981445,-0.4390738010406494,-0.9592876434326172,-0.19769513607025146
Trey Alexander,-0.7560720443725586,-0.4272173047065735,0.7734297513961792,1.2362868785858154,1.1644703149795532,-0.539399266242981,0.6971080303192139,0.2788422107696533,0.6732420921325684,3.3019726276397705,-0.6459839344024658,2.572916269302368,-0.3255842328071594,-0.8009134531021118,3.837096929550171,2.4286537170410156,-0.818456768989563,0.19520235061645508,1.9762002229690552,1.6179348230361938,2.396733045578003,-0.29132550954818726,1.6649036407470703,0.4659171998500824,-0.5245500802993774,-0.9811142086982727,-0.8570718765258789,-0.829827606678009,-0.14632761478424072,0.5266784429550171,0.1047624945640564,-0.9290008544921875,-0.7729292511940002,1.6288584470748901,0.3469887971878052,-0.9179445505142212,-0.5082125067710876,1.8060553073883057,-0.4310341477394104,-0.9483886957168579,-0.307545006275177,2.3643102645874023,0.07547562569379807,1.6813311576843262,1.329966425895691,1.823073148727417,0.646752655506134,-0.9807765483856201,1.3211205005645752,-0.9605019092559814,0.6896079778671265,1.4617538452148438,1.1753073930740356,1.6406219005584717,1.0928674936294556,-0.7083667516708374,1.0090893507003784,-0.7307144403457642,5.337940216064453,0.603280246257782,2.1089987754821777,0.2895811200141907,1.8553543090820312,0.6676469445228577,-0.9029793739318848,2.3705782890319824,0.09081955999135971,-0.07543009519577026,0.8308079838752747,-0.2241114377975464,-0.5308928489685059,2.084649085998535,2.4762232303619385,-0.6909863948822021,3.712913751602173,3.885560989379883,-0.995107114315033,-0.6988251209259033,-0.864407479763031,-0.6242644190788269
Grayson Allen,-0.7441748976707458,-0.44003361463546753,0.03447150066494942,1.4382768869400024,1.6026006937026978,-0.8392490744590759,1.1982219219207764,-0.45510292053222656,1.4784045219421387,2.6780571937561035,-0.5255033373832703,2.2590785026550293,-0.05473548173904419,-0.7835429906845093,6.733756065368652,1.3374476432800293,-0.9578598141670227,-0.3589879870414734,1.6512279510498047,2.47179913520813,4.285952091217041,-0.8114081621170044,0.8449649214744568,-0.20249181985855103,-0.57243412733078,-0.984616219997406,-0.9744026064872742,-0.6503525972366333,-0.6638004183769226,0.5222920179367065,-0.5973868370056152,-0.840535044670105,0.03874313831329346,2.190697193145752,-0.22307229042053223,-0.8845914006233215,-0.0872645378112793,2.5450305938720703,-0.2596867084503174,-0.9709849953651428,-0.5100088119506836,2.494142770767212,0.17139030992984772,1.761225938796997,1.9495307207107544,1.4205613136291504,0.1313008964061737,-0.993879497051239,0.6646119356155396,-0.9955160617828369,1.0586597919464111,1.5965088605880737,0.5024929642677307,0.7098307013511658,0.4515686631202698,-0.6793479919433594,1.6166033744812012,-0.43407660722732544,5.542453765869141,0.05697549134492874,2.0950300693511963,-0.409324049949646,1.1851290464401245,-0.16172564029693604,-0.6914551854133606,3.8496854305267334,-0.12446725368499756,-0.5140321254730225,0.3661107122898102,-0.16806429624557495,-0.8162479400634766,2.3270225524902344,1.2675358057022095,-0.49506354331970215,3.5578770637512207,4.821533203125,-0.999117374420166,-0.47784119844436646,-0.9749041199684143,-0.08087903261184692
Jose Alvarado,-0.6115959286689758,-0.36729341745376587,0.002439639298245311,1.2182447910308838,1.4176456928253174,-0.8116572499275208,1.056177020072937,-0.3721467852592468,1.3001030683517456,2.438284397125244,-0.46999484300613403,2.061532974243164,-0.20121347904205322,-0.7521882057189941,5.830368995666504,1.2357704639434814,-0.9443167448043823,-0.08949446678161621,1.3603471517562866,1.9737486839294434,4.022531986236572,-0.7608810067176819,0.728558361530304,-0.29857122898101807,-0.554585337638855,-0.9725727438926697,-0.9597135782241821,-0.570233941078186,-0.5353977680206299,0.6656319499015808,-0.6309702396392822,-0.8452160358428955,0.05207617208361626,1.9605746269226074,-0.2841113805770874,-0.8466072082519531,0.07687811553478241,2.661439895629883,-0.191228449344635,-0.9567761421203613,-0.3884774446487427,2.2351744174957275,0.250459760427475,1.5731940269470215,1.4144028425216675,1.4689029455184937,0.11963684111833572,-0.9912946820259094,0.5180374383926392,-0.9923533201217651,0.8164719343185425,1.3544055223464966,0.4436868131160736,0.5562817454338074,0.29854607582092285,-0.6881040930747986,1.5618327856063843,-0.418721079826355,4.845967769622803,0.12901519238948822,2.035144805908203,-0.276167631149292,1.3736118078231812,-0.3023020625114441,-0.6307677030563354,3.2874064445495605,-0.0847291350364685,-0.4026309847831726,0.35843098163604736,-0.03579956293106079,-0.8026686906814575,1.9414994716644287,1.1950175762176514,-0.3886048197746277,3.2894740104675293,4.203491687774658,-0.9977903962135315,-0.4179592728614807,-0.9594148397445679,-0.17497777938842773
Kyle Anderson,-0.35716426372528076,-0.3966173529624939,0.3622864782810211,0.8002256155014038,1.0261744260787964,-0.5168883800506592,0.526638388633728,0.009091454558074474,0.6108027696609497,1.7641550302505493,-0.3382377624511719,1.3590093851089478,-0.21140724420547485,-0.6143186092376709,2.8771181106567383,1.1093487739562988,-0.7231001257896423,-0.32165956497192383,0.9123484492301941,1.4693973064422607,2.1097288131713867,-0.3729104995727539,0.45591941475868225,0.02612350322306156,-0.3696868419647217,-0.9023081064224243,-0.8178060054779053,-0.5202950239181519,-0.3741605281829834,0.4662778675556183,-0.21680998802185059,-0.7185447812080383,-0.3683137893676758,1.281073808670044,-0.20187795162200928,-0.7051305770874023,-0.12908780574798584,1.3562290668487549,-0.19251275062561035,-0.8427793979644775,0.08533455431461334,1.7377034425735474,-0.22951436042785645,0.8214513659477234,0.8078309297561646,0.6764167547225952,-0.10471594333648682,-0.9369104504585266,0.34416380524635315,-0.9299262762069702,0.3549763858318329,0.6697645783424377,0.12579376995563507,1.1022826433181763,0.2807313799858093,-0.5254397988319397,0.9245229363441467,-0.49696773290634155,3.099137783050537,0.5078933835029602,1.000065565109253,-0.3039294481277466,0.9082685708999634,-0.025981009006500244,-0.6239719390869141,1.709031105041504,-0.12711185216903687,-0.28585320711135864,0.7116194367408752,0.005048193968832493,-0.5774397253990173,0.7573946714401245,0.91680908203125,-0.4826720356941223,2.2730443477630615,2.5892207622528076,-0.959661066532135,-0.2886924147605896,-0.815581202507019,-0.36401981115341187
Giannis Antetokounmpo,0.5093907117843628,-0.6835911273956299,0.06518302857875824,-0.12977659702301025,-0.15990197658538818,-0.8776280283927917,0.9918375611305237,-0.559800386428833,1.543827772140503,-0.031970083713531494,0.42358317971229553,0.7389561533927917,-0.5180507898330688,-0.1982954740524292,3.9133377075195312,-0.5796083211898804,-0.8885132670402527,-0.7082871794700623,-0.2550865411758423,1.8378524780273438,2.543475866317749,-0.5801084041595459,-0.37326639890670776,-0.6798276901245117,-0.06294488906860352,-0.33199596405029297,-0.8878848552703857,-0.40342819690704346,-0.6713312268257141,0.6577045917510986,-0.3102670907974243,0.14446663856506348,1.1213672161102295,1.43072509765625,-0.5092728137969971,0.5571519732475281,0.7203876376152039,1.530308723449707,0.4170394837856293,-0.7709457874298096,0.1490510106086731,0.6654847860336304,-0.6770992279052734,-0.35395896434783936,0.2337653487920761,-0.31613898277282715,-0.6451079249382019,-0.9660613536834717,-0.7092859745025635,-0.9750896096229553,0.17789974808692932,0.1605638563632965,-0.8890860080718994,0.9179552793502808,-0.6744695901870728,-0.506047248840332,1.510275959968567,-0.29290974140167236,2.059394359588623,0.052068911492824554,0.38020873069763184,-0.7928741574287415,-0.6033149361610413,-0.6512054204940796,0.04694820195436478,1.8828364610671997,-0.7705353498458862,-0.6361507177352905,1.7304755449295044,-0.3353102207183838,-0.5799050331115723,-0.6814773678779602,-0.6457682251930237,0.14225904643535614,1.7155550718307495,1.7328859567642212,-0.8595444560050964,-0.18002700805664062,-0.8707746267318726,0.45075708627700806
Cole Anthony,-0.44555068016052246,-0.36574751138687134,0.05038146302103996,1.007719874382019,1.312492847442627,-0.7757764458656311,1.0066006183624268,-0.2896299362182617,1.17422354221344,2.1049227714538574,-0.38887250423431396,1.8052501678466797,-0.21751248836517334,-0.6959518194198608,4.963529586791992,1.1137855052947998,-0.9133601784706116,-0.2103719711303711,1.1260823011398315,1.8806102275848389,3.612691879272461,-0.6840723752975464,0.447848916053772,-0.27369749546051025,-0.487155556678772,-0.9546595215797424,-0.9347479939460754,-0.5095850229263306,-0.5084888935089111,0.7641611099243164,-0.583785891532898,-0.7887041568756104,0.03619740530848503,1.8568520545959473,-0.28016340732574463,-0.7856101989746094,0.007907058112323284,2.3497114181518555,-0.10052812099456787,-0.9216493964195251,-0.0940062403678894,2.116615056991577,-0.11331021785736084,1.098454236984253,1.1342841386795044,1.1166419982910156,-0.12081432342529297,-0.984734296798706,0.29948854446411133,-0.9866563081741333,0.6305951476097107,1.0957568883895874,0.1031060665845871,0.7146371603012085,0.1255168616771698,-0.6345034241676331,1.5043056011199951,-0.38884425163269043,4.169281482696533,0.2890315353870392,1.5666866302490234,-0.3671771287918091,1.0964852571487427,-0.33425819873809814,-0.5775227546691895,2.905207872390747,-0.21015912294387817,-0.36111778020858765,0.5651029944419861,0.015803171321749687,-0.7522458434104919,1.2608261108398438,0.9206318855285645,-0.46662086248397827,3.0132699012756348,3.697845935821533,-0.9937458038330078,-0.30672717094421387,-0.935714066028595,-0.2369365096092224
OG Anunoby,-0.10988807678222656,-0.3909144997596741,-0.22042548656463623,1.0017927885055542,1.1910032033920288,-0.8432156443595886,0.9766054153442383,-0.5705847144126892,1.5847102403640747,1.1408790349960327,-0.31981712579727173,1.0602651834487915,-0.24388813972473145,-0.540812075138092,5.294452667236328,0.0007640245603397489,-0.937079668045044,-0.4445114731788635,0.33968108892440796,1.9432694911956787,3.833742141723633,-0.7853135466575623,-0.044280171394348145,-0.582378625869751,-0.4208340644836426,-0.906261682510376,-0.9511346220970154,-0.20902729034423828,-0.5903422832489014,0.649859607219696,-0.6876950263977051,-0.5259446501731873,0.7266154289245605,1.726768970489502,-0.5099533796310425,-0.6300004124641418,0.21768885850906372,2.13266921043396,0.04346447065472603,-0.9236290454864502,-0.2732020616531372,1.6446292400360107,-0.08234000205993652,0.8453203439712524,0.9855602383613586,0.6665403246879578,-0.4143787622451782,-0.9811809659004211,-0.2700567841529846,-0.9898025393486023,0.5552818179130554,0.7751984596252441,-0.3027191162109375,0.10850999504327774,-0.3053927421569824,-0.5184248685836792,1.5325379371643066,-0.10132217407226562,3.235502243041992,0.2404436469078064,1.0678869485855103,-0.5858132243156433,0.600743293762207,-0.6026549935340881,0.04538470506668091,2.903428077697754,-0.2904720902442932,-0.5259568691253662,0.2803769111633301,-0.10806542634963989,-0.8416393995285034,0.822152853012085,-0.08906883001327515,-0.14912188053131104,2.5248632431030273,3.264643669128418,-0.9882255792617798,-0.184154212474823,-0.9440450668334961,0.21505513787269592
Deni Avdija,-0.10992205142974854,-0.3933076858520508,-0.2409292459487915,0.8250874280929565,1.0921143293380737,-0.851370096206665,1.1645690202713013,-0.6153353452682495,1.7334259748458862,1.003659963607788,-0.22179323434829712,1.0000346899032593,-0.18991506099700928,-0.47399312257766724,5.391170978546143,-0.14708268642425537,-0.9250912666320801,-0.5672099590301514,0.3579722046852112,1.9027215242385864,3.816214084625244,-0.8008580803871155,-0.2216581106185913,-0.5454186201095581,-0.3069419264793396,-0.8805620670318604,-0.9406828880310059,-0.19231486320495605,-0.6629143357276917,0.7723154425621033,-0.6913224458694458,-0.3975536823272705,0.7607957720756531,1.9017037153244019,-0.44743335247039795,-0.5788322687149048,0.17766119539737701,1.9859604835510254,0.07405669242143631,-0.8889936208724976,-0.10743355751037598,1.5840225219726562,-0.2847163677215576,0.3503309190273285,1.0658186674118042,0.4417353868484497,-0.47511470317840576,-0.9779051542282104,-0.35113847255706787,-0.9881487488746643,0.6291834712028503,0.7791152000427246,-0.4879392981529236,0.03512135148048401,-0.4024277925491333,-0.4445555806159973,1.6444487571716309,-0.07597613334655762,3.1544461250305176,0.12643611431121826,0.8133600354194641,-0.696010947227478,0.21851132810115814,-0.5839257836341858,0.12079131603240967,3.1172661781311035,-0.5073801279067993,-0.5448158979415894,0.45019105076789856,-0.21254843473434448,-0.830833911895752,0.4130616784095764,-0.3124593496322632,-0.2706165313720703,2.4190726280212402,3.1496264934539795,-0.9859785437583923,-0.08505111932754517,-0.936035692691803,0.4234309494495392
Deandre Ayton,0.38334977626800537,-0.4860877990722656,0.3864797353744507,0.6099720001220703,1.1599739789962769,-0.644713282585144,0.3854329288005829,0.005671817809343338,0.4816400110721588,0.7704679369926453,-0.12386226654052734,0.8020287156105042,-0.273343563079834,-0.5068105459213257,2.5263078212738037,0.47478991746902466,-0.7392071485519409,-0.505263090133667,0.05510549247264862,1.6955819129943848,2.2836549282073975,-0.35309523344039917,-0.0036132335662841797,-0.36201441287994385,-0.33303260803222656,-0.7793692350387573,-0.7949124574661255,-0.23755019903182983,-0.4294975996017456,0.42047905921936035,-0.40240782499313354,-0.5279006361961365,0.1484208106994629,0.9779420495033264,-0.3904837369918823,-0.1674148440361023,0.21566149592399597,1.371104121208191,-0.002790987491607666,-0.7477019429206848,0.5034254789352417,1.482618808746338,-0.38994210958480835,0.5155293345451355,0.29554179310798645,0.19857202470302582,-0.49385911226272583,-0.9298343658447266,-0.3926194906234741,-0.9417791366577148,0.09614647179841995,0.11566714197397232,-0.5606181025505066,1.0457260608673096,-0.2874189615249634,-0.4485750198364258,1.0217419862747192,-0.34530895948410034,1.9958549737930298,0.4806388318538666,0.5437403917312622,-0.49404406547546387,0.6284993886947632,-0.5162246227264404,-0.1567472219467163,1.3327138423919678,-0.2858569622039795,-0.3938513398170471,1.0420396327972412,0.1340865194797516,-0.5904136300086975,-0.2198541760444641,0.02495676279067993,-0.2261778712272644,1.825563907623291,2.1121697425842285,-0.8530044555664062,-0.14981943368911743,-0.7920634746551514,-0.2831786274909973
Marcus Bagley,-0.3936300277709961,-0.3458672761917114,0.16631636023521423,1.0247293710708618,1.2662402391433716,-0.6821512579917908,0.6062511801719666,-0.20119833946228027,0.812938392162323,1.965576171875,-0.5096427202224731,1.6997617483139038,-0.2583521604537964,-0.6572810411453247,3.9655344486236572,1.2057266235351562,-0.8610084056854248,-0.16629016399383545,0.9992924928665161,1.57921302318573,2.8779819011688232,-0.570283830165863,0.6014885306358337,-0.2782410979270935,-0.4385640621185303,-0.9292693734169006,-0.8696467876434326,-0.519148051738739,-0.3548992872238159,0.39494428038597107,-0.43314772844314575,-0.7408499717712402,-0.23202216625213623,1.382546305656433,-0.349639892578125,-0.7366822957992554,-0.18365788459777832,1.682191252708435,-0.1408369541168213,-0.9104419946670532,-0.24912899732589722,1.8214441537857056,0.045947279781103134,1.2354693412780762,0.878089964389801,1.1928234100341797,0.05260181799530983,-0.9730653166770935,0.2543213367462158,-0.9740126132965088,0.438060462474823,0.8237594962120056,0.2872568666934967,0.8328394889831543,0.1581621915102005,-0.5377377867698669,1.2049000263214111,-0.36929547786712646,3.543588876724243,0.3526473641395569,1.3864113092422485,-0.18370187282562256,1.364451289176941,-0.20376116037368774,-0.616814136505127,2.235494613647461,-0.14346688985824585,-0.4515742063522339,0.4912244975566864,0.024594344198703766,-0.6931463479995728,1.2019164562225342,1.0540016889572144,-0.38504737615585327,2.75039005279541,3.1389498710632324,-0.9850316643714905,-0.45723438262939453,-0.8962876796722412,-0.37877219915390015
LaMelo Ball,-0.24386131763458252,-0.4261307716369629,-0.3449813723564148,1.0855218172073364,1.2550636529922485,-0.9314742684364319,1.6356300115585327,-0.7192186713218689,2.2148962020874023,1.3481476306915283,-0.17844152450561523,1.496304988861084,-0.3284531235694885,-0.6417559385299683,7.275515556335449,-0.12937027215957642,-0.9782695174217224,-0.3334963321685791,0.5360521078109741,2.165421485900879,5.207230567932129,-0.8872436285018921,-0.10714322328567505,-0.6809788346290588,-0.44700413942337036,-0.9405712485313416,-0.979312002658844,-0.2822110652923584,-0.7114360332489014,1.1052721738815308,-0.8261774778366089,-0.6888855695724487,1.14629065990448,2.4389636516571045,-0.4482230544090271,-0.7198455333709717,0.6042658090591431,3.168862819671631,0.01469933707267046,-0.9568497538566589,-0.3189486265182495,1.9679917097091675,0.08010285347700119,0.7634451985359192,1.3124483823776245,1.0597370862960815,-0.45651429891586304,-0.9949991106987,-0.2881067991256714,-0.9973589181900024,0.830183207988739,1.2835073471069336,-0.4479358196258545,-0.36364197731018066,-0.37284958362579346,-0.6742951273918152,2.1629316806793213,-0.11051005125045776,4.320826053619385,-0.05052667856216431,1.6989084482192993,-0.6637784242630005,0.6408289670944214,-0.7102693915367126,0.22424152493476868,4.081051349639893,-0.44204509258270264,-0.5022608041763306,0.4278162717819214,-0.16631126403808594,-0.9120468497276306,1.091651439666748,-0.15950506925582886,-0.07379573583602905,3.222243309020996,4.161190032958984,-0.9976028800010681,-0.18343764543533325,-0.9731852412223816,0.5820020437240601
Lonzo Ball,-0.8394508957862854,-0.43840545415878296,0.19649362564086914,1.6199826002120972,1.7949336767196655,-0.8350545763969421,1.1320973634719849,-0.3023105263710022,1.222675085067749,3.5004804134368896,-0.6253662109375,2.907881259918213,-0.07414186000823975,-0.8569946885108948,7.1310505867004395,2.169417142868042,-0.9622344970703125,-0.07471871376037598,2.2180116176605225,2.453108787536621,4.486860275268555,-0.8073055744171143,1.4158908128738403,-0.008740782737731934,-0.6509561538696289,-0.9929256439208984,-0.9773446917533875,-0.7580741047859192,-0.625823974609375,0.4963407516479492,-0.5878764390945435,-0.9246655702590942,-0.29888206720352173,2.3167269229888916,-0.09259331226348877,-0.9310131669044495,-0.1684526801109314,2.970484733581543,-0.3766750693321228,-0.9812150597572327,-0.6017906665802002,2.821683168411255,0.5407155752182007,2.352668523788452,2.1475791931152344,2.0773370265960693,0.5202973484992981,-0.996846616268158,1.1119146347045898,-0.9968460202217102,1.163581132888794,1.9144304990768433,1.0292428731918335,0.987266480922699,0.8277772068977356,-0.7601823210716248,1.6755239963531494,-0.5634803771972656,6.533233165740967,-0.02384769916534424,2.768336057662964,-0.1278337836265564,1.8888916969299316,0.11991425603628159,-0.83484947681427,4.029118537902832,0.028979871422052383,-0.4731212854385376,0.39950618147850037,-0.06878834962844849,-0.8054863214492798,3.0305609703063965,2.0895190238952637,-0.5356763601303101,4.196671485900879,5.43906307220459,-0.9996827840805054,-0.6242055892944336,-0.9804610013961792,-0.34119927883148193
Mo Bamba,-0.5419914722442627,-0.3565394878387451,0.2881971299648285,1.2100125551223755,1.122239112854004,-0.5514780282974243,0.5159926414489746,-0.22452902793884277,0.9067746996879578,2.233868360519409,-0.5291895866394043,1.7081059217453003,-0.22879689931869507,-0.6648409366607666,3.608668565750122,1.3992812633514404,-0.7977776527404785,-0.40439313650131226,1.333287000656128,1.6917461156845093,2.358729600906372,-0.47342270612716675,0.7987414598464966,-0.08808040618896484,-0.306529700756073,-0.951473593711853,-0.8485584259033203,-0.6479558944702148,-0.2999609708786011,0.22096537053585052,-0.26313984394073486,-0.757064163684845,-0.46475750207901,1.3999388217926025,-0.2257046103477478,-0.8393715620040894,-0.39121419191360474,1.3208847045898438,-0.2916296720504761,-0.916450560092926,-0.2624146342277527,1.8616305589675903,-0.07737386226654053,1.1911916732788086,1.1923890113830566,1.2164890766143799,0.13862670958042145,-0.9641411900520325,0.5880454778671265,-0.9590786695480347,0.5092300772666931,0.9767947793006897,0.5963335037231445,1.1937799453735352,0.47792088985443115,-0.48879337310791016,0.9491694569587708,-0.5135588645935059,3.7920007705688477,0.4086562991142273,1.2502840757369995,-0.23226988315582275,1.1528693437576294,0.20425696671009064,-0.7312158346176147,2.225456953048706,-0.07293707132339478,-0.4254789352416992,0.5051358342170715,-0.21355599164962769,-0.6300688982009888,1.4822454452514648,1.3194414377212524,-0.46857327222824097,2.748255491256714,3.1000401973724365,-0.9839283227920532,-0.5328110456466675,-0.8752859234809875,-0.35591351985931396
Paolo Banchero,0.2679445743560791,-0.49703437089920044,-0.22149628400802612,0.7273218631744385,0.8878806233406067,-0.920792818069458,1.5372291803359985,-0.7141374349594116,2.1548871994018555,0.6320354342460632,0.05508675053715706,0.9922357201576233,-0.4070606827735901,-0.45935356616973877,6.162886619567871,-0.331275999546051,-0.9621495008468628,-0.5864676237106323,0.10012736171483994,2.1105732917785645,4.5683465003967285,-0.8445290327072144,-0.4186173677444458,-0.7195196151733398,-0.221543550491333,-0.8384574055671692,-0.9591618180274963,-0.10352414846420288,-0.7286372184753418,1.1389610767364502,-0.7789490222930908,-0.41626179218292236,1.2848440408706665,2.3179121017456055,-0.38044607639312744,-0.4293917417526245,0.442965567111969,2.542158842086792,0.18085059523582458,-0.8931291103363037,0.1123512014746666,1.5661534070968628,-0.3520548343658447,-0.14469480514526367,0.908572256565094,0.441415011882782,-0.6276556253433228,-0.9882296323776245,-0.5606433153152466,-0.995355486869812,0.522581934928894,0.8729081749916077,-0.7640699744224548,-0.25707685947418213,-0.5770058631896973,-0.5133630037307739,2.0266737937927246,0.015869859606027603,3.256826877593994,0.024935200810432434,0.9449757933616638,-0.7451567649841309,0.04238036647439003,-0.7419131994247437,0.5266789197921753,3.5515685081481934,-0.6250871419906616,-0.5451129674911499,0.9120293259620667,-0.1946568489074707,-0.8674309849739075,-0.03546464443206787,-0.5402522087097168,-0.07728379964828491,2.7853474617004395,3.2016007900238037,-0.9865670800209045,-0.06000161170959473,-0.9454817771911621,0.6661652326583862
Desmond Bane,-0.13952726125717163,-0.3854365944862366,-0.2337837815284729,1.0142364501953125,1.2459135055541992,-0.856819212436676,1.1610649824142456,-0.6015266180038452,1.6847575902938843,1.2648119926452637,-0.2453068494796753,1.2452294826507568,-0.27538228034973145,-0.5753371715545654,5.598899841308594,0.12275676429271698,-0.9480657577514648,-0.40629684925079346,0.4813411235809326,1.9962607622146606,4.198672771453857,-0.7986755967140198,-0.07306063175201416,-0.5767899751663208,-0.3931254744529724,-0.9172213673591614,-0.9569717645645142,-0.24386084079742432,-0.596298336982727,0.7997722029685974,-0.736985445022583,-0.6229922771453857,0.7727872729301453,1.9242088794708252,-0.46795904636383057,-0.6792094707489014,0.39102137088775635,2.51371693611145,0.04747875779867172,-0.9272529482841492,-0.10851430892944336,1.7848445177078247,-0.07001614570617676,0.7792866826057434,1.0252937078475952,0.8485878705978394,-0.4093469977378845,-0.9868893623352051,-0.22355878353118896,-0.9922357201576233,0.5569467544555664,0.9090914130210876,-0.35467541217803955,0.07777436077594757,-0.30690789222717285,-0.577316403388977,1.6932668685913086,-0.1514868140220642,3.5092835426330566,0.20462389290332794,1.2975833415985107,-0.5966157913208008,0.666164219379425,-0.6250874996185303,0.05144459381699562,3.1946072578430176,-0.3347378373146057,-0.47267842292785645,0.42597854137420654,-0.07597047090530396,-0.8478764295578003,0.8206844925880432,0.02115011215209961,-0.15637123584747314,2.717365264892578,3.459238052368164,-0.9919193983078003,-0.11679399013519287,-0.9497756361961365,0.22937649488449097
Dalano Banton,-0.46069246530532837,-0.3554108738899231,0.06419751048088074,0.9569217562675476,1.2029019594192505,-0.7577252388000488,0.8893965482711792,-0.26846063137054443,1.0758839845657349,1.9675832986831665,-0.4200974702835083,1.6230831146240234,-0.18507874011993408,-0.6641644239425659,4.688656806945801,0.9766852259635925,-0.892112135887146,-0.22316718101501465,1.01675283908844,1.6874573230743408,3.2850024700164795,-0.6814991235733032,0.49450576305389404,-0.24708950519561768,-0.4995726943016052,-0.9438349604606628,-0.9224357604980469,-0.48973530530929565,-0.49788689613342285,0.6762101054191589,-0.5321111679077148,-0.7519741654396057,-0.028980791568756104,1.7089972496032715,-0.28122371435165405,-0.7648497819900513,-0.06798404455184937,2.075352430343628,-0.10344642400741577,-0.9095916152000427,-0.2092176079750061,1.901116967201233,-0.05055522918701172,1.0793064832687378,1.076043963432312,1.0070364475250244,-0.07844388484954834,-0.9786722660064697,0.27070799469947815,-0.9814276695251465,0.6364625096321106,0.9847438335418701,0.17076022922992706,0.6576637625694275,0.13924217224121094,-0.5968431234359741,1.3792372941970825,-0.3594052791595459,3.9150474071502686,0.2741061747074127,1.4077244997024536,-0.3693917989730835,1.0407721996307373,-0.27702879905700684,-0.5677393674850464,2.657536268234253,-0.2148469090461731,-0.39164477586746216,0.44285741448402405,-0.028337717056274414,-0.7371772527694702,1.1992765665054321,0.7929571866989136,-0.44944608211517334,2.799856185913086,3.4368367195129395,-0.9916765689849854,-0.3220301866531372,-0.9250087141990662,-0.21729892492294312
Dominick Barlow,-0.38251233100891113,-0.38738542795181274,0.33379876613616943,0.8375365138053894,0.8579636216163635,-0.3486807346343994,0.222634419798851,-0.04263758659362793,0.6468978524208069,1.6552753448486328,-0.39219242334365845,1.138248085975647,-0.23800474405288696,-0.5368424654006958,2.2031025886535645,1.124753475189209,-0.5703744888305664,-0.4301721453666687,0.883016049861908,1.4281911849975586,1.5273873805999756,-0.20250147581100464,0.5042885541915894,0.10174182802438736,-0.14672726392745972,-0.8929715752601624,-0.7145260572433472,-0.5614567995071411,-0.28098368644714355,0.20744456350803375,-0.12319660186767578,-0.6320476531982422,-0.46780097484588623,1.0704915523529053,-0.17356842756271362,-0.71341872215271,-0.35482853651046753,0.7853756546974182,-0.2517671585083008,-0.8278282880783081,-0.0596124529838562,1.4326016902923584,-0.2546234726905823,0.7626715302467346,0.8175615668296814,0.6880616545677185,-0.11591732501983643,-0.8977519869804382,0.3226146399974823,-0.8778848648071289,0.29695671796798706,0.6076699495315552,0.2657112181186676,1.2470945119857788,0.3497735261917114,-0.36000585556030273,0.6184586882591248,-0.48138338327407837,2.7460882663726807,0.4242880642414093,0.7431502938270569,-0.263668417930603,0.7831315994262695,0.237679123878479,-0.6571820974349976,1.4373173713684082,-0.168951153755188,-0.31600135564804077,0.6550230383872986,-0.13469266891479492,-0.48570722341537476,0.7286204695701599,0.9293866157531738,-0.4567238688468933,2.072878360748291,2.1687047481536865,-0.9143011569976807,-0.46020030975341797,-0.7321233153343201,-0.3565223217010498
Scottie Barnes,0.22832387685775757,-0.41420096158981323,-0.13569796085357666,0.7334848642349243,1.0890775918960571,-0.872667670249939,1.1906194686889648,-0.5763664245605469,1.60676908493042,0.8290393352508545,-0.13934332132339478,1.0337105989456177,-0.3240448236465454,-0.47899961471557617,5.127237796783447,-0.1206052303314209,-0.9329241514205933,-0.4728444814682007,0.12915687263011932,1.8514223098754883,3.929800271987915,-0.7658376097679138,-0.24421215057373047,-0.6213743090629578,-0.3357762098312378,-0.8455439805984497,-0.9345927834510803,-0.14902949333190918,-0.623634397983551,0.9540500044822693,-0.707301139831543,-0.4872117042541504,0.828028678894043,1.872671365737915,-0.4575014114379883,-0.4570940136909485,0.36101511120796204,2.2495791912078857,0.15389978885650635,-0.876186728477478,0.08578625321388245,1.6196942329406738,-0.26938652992248535,0.2350049614906311,0.7117593884468079,0.5001919865608215,-0.5427567958831787,-0.9808916449546814,-0.44472092390060425,-0.9892070889472961,0.4365898668766022,0.6219527721405029,-0.6118518710136414,0.04135395586490631,-0.4654749035835266,-0.525286078453064,1.7922699451446533,-0.10403609275817871,2.93874192237854,0.26681262254714966,0.876456081867218,-0.6618089079856873,0.40221938490867615,-0.6766825914382935,0.22677655518054962,2.9194319248199463,-0.5034917593002319,-0.48516178131103516,0.7043171525001526,-0.11284559965133667,-0.8347911834716797,0.052087411284446716,-0.35131990909576416,-0.1960657835006714,2.531550884246826,3.022995710372925,-0.9794222116470337,-0.06494832038879395,-0.9263407588005066,0.27623552083969116
RJ Barrett,0.35714900493621826,-0.41518938541412354,-0.15224432945251465,0.8324865102767944,0.8786563277244568,-0.8707159757614136,1.030739188194275,-0.6588014364242554,1.5946000814437866,0.5223155617713928,-0.10387593507766724,0.7146673202514648,-0.3794376850128174,-0.40956711769104004,4.78475284576416,-0.37262439727783203,-0.9186351895332336,-0.5726420879364014,-0.01865774393081665,1.7040627002716064,3.544435501098633,-0.7901140451431274,-0.31645476818084717,-0.6708000302314758,-0.22129762172698975,-0.7958115935325623,-0.9262868762016296,0.01959182135760784,-0.6241152882575989,0.7850532531738281,-0.7133585214614868,-0.33356213569641113,1.0183639526367188,1.759257435798645,-0.4983588457107544,-0.4381030797958374,0.31966009736061096,1.9645740985870361,0.07638988643884659,-0.8583083152770996,-0.013005673885345459,1.2969799041748047,-0.20796263217926025,0.06201701611280441,0.7266026139259338,0.40749409794807434,-0.5687896013259888,-0.9697168469429016,-0.5580999255180359,-0.9869810342788696,0.3642555773258209,0.5486239790916443,-0.6002817153930664,-0.14806240797042847,-0.5251246690750122,-0.42777490615844727,1.5750826597213745,-0.0015807747840881348,2.4632561206817627,0.14520788192749023,0.5989596247673035,-0.7154799103736877,0.28314825892448425,-0.671157956123352,0.44781410694122314,2.6167335510253906,-0.4890620708465576,-0.5614970326423645,0.5155537724494934,-0.15637624263763428,-0.8509411811828613,0.11002862453460693,-0.5121488571166992,0.05808338522911072,2.2336785793304443,2.5002009868621826,-0.9624449610710144,-0.06110787391662598,-0.9137059450149536,0.5180374383926392
Jamison Battle,-0.7985059022903442,-0.4049791693687439,0.2736423909664154,1.6296201944351196,1.650404453277588,-0.754109799861908,0.8522778153419495,-0.2660008668899536,1.072417974472046,3.2140285968780518,-0.6283244490623474,2.5438826084136963,-0.1468139886856079,-0.8184064626693726,5.960041522979736,2.0262112617492676,-0.9441288113594055,-0.1392308473587036,1.9685633182525635,2.311675548553467,3.8280444145202637,-0.7186771035194397,1.361830234527588,-0.007319152355194092,-0.5866767168045044,-0.9898200035095215,-0.9657616019248962,-0.7418972253799438,-0.47939997911453247,0.3168187439441681,-0.5034799575805664,-0.908271312713623,-0.3899729251861572,1.9285012483596802,-0.1585785150527954,-0.9234041571617126,-0.20392221212387085,2.4843204021453857,-0.3948934078216553,-0.9782536625862122,-0.5459805727005005,2.5836119651794434,0.47982993721961975,2.292377471923828,1.903932809829712,1.932979702949524,0.48432788252830505,-0.9935500621795654,1.114586591720581,-0.9933023452758789,0.9060584306716919,1.6175189018249512,1.1245638132095337,1.1522812843322754,0.8457150459289551,-0.7214189767837524,1.3488408327102661,-0.5659525394439697,5.858184814453125,0.147483691573143,2.533511161804199,-0.0008730292320251465,1.8272625207901,0.19658426940441132,-0.8225963711738586,3.3902862071990967,0.20304176211357117,-0.42923933267593384,0.346957266330719,-0.11194813251495361,-0.7631819248199463,2.8527400493621826,2.0529611110687256,-0.4818117618560791,3.7718653678894043,4.781085968017578,-0.9990966320037842,-0.6194058656692505,-0.9679062366485596,-0.3859063386917114
Nicolas Batum,-0.8812054991722107,-0.473507821559906,0.4543440639972687,1.5849535465240479,1.6918377876281738,-0.7311049699783325,0.8691572546958923,-0.08646339178085327,0.9055575728416443,3.7489514350891113,-0.6448988914489746,2.8640222549438477,-0.056330084800720215,-0.8524085879325867,6.098061561584473,2.6129138469696045,-0.9244545698165894,-0.1649014949798584,2.4162545204162598,2.353849172592163,3.7195210456848145,-0.6929319500923157,1.676198124885559,0.4946235716342926,-0.5907509326934814,-0.9940770268440247,-0.9626628756523132,-0.8314709663391113,-0.5734445452690125,0.36269423365592957,-0.41567230224609375,-0.9356964230537415,-0.6132198572158813,2.213486433029175,0.19091764092445374,-0.9437744617462158,-0.34816670417785645,2.4551963806152344,-0.49958664178848267,-0.9788058996200562,-0.5363653898239136,2.7378528118133545,0.4656014144420624,2.3648130893707275,2.2483901977539062,2.1274099349975586,0.5345205664634705,-0.9946285486221313,1.516856074333191,-0.9921329617500305,1.0782434940338135,1.8749980926513672,1.278334617614746,1.5786021947860718,1.2108081579208374,-0.7567081451416016,1.3584487438201904,-0.6605544090270996,6.665168285369873,0.030402157455682755,2.788530111312866,0.005995607003569603,1.9635533094406128,0.7072734832763672,-0.893619179725647,3.6104180812835693,-0.03057873249053955,-0.3205622434616089,0.6695504188537598,-0.10446405410766602,-0.6869091391563416,2.934130907058716,2.554955244064331,-0.6453524231910706,4.221024513244629,5.189883232116699,-0.9994394779205322,-0.700477123260498,-0.9650080800056458,-0.5090430974960327
Damion Baugh,-0.41169077157974243,-0.313210666179657,0.1838245987892151,0.9927763938903809,1.2346092462539673,-0.7046910524368286,0.738530158996582,-0.13266456127166748,0.7229602932929993,2.02968430519104,-0.4654703140258789,1.6637719869613647,-0.2194790244102478,-0.6793830394744873,4.062232971191406,1.1139706373214722,-0.8754633069038391,0.008716868236660957,0.9960648417472839,1.431137204170227,3.003312110900879,-0.6190344095230103,0.5562849640846252,-0.23822146654129028,-0.5489417314529419,-0.9303169250488281,-0.9009796977043152,-0.46741783618927,-0.38827985525131226,0.6263409852981567,-0.4569847583770752,-0.7765833139419556,-0.1946774125099182,1.4791456460952759,-0.35878682136535645,-0.7553557753562927,0.013256392441689968,1.9532955884933472,-0.1355421543121338,-0.9113630056381226,-0.23362040519714355,1.9279030561447144,0.14324010908603668,1.270500898361206,0.8609038591384888,1.0882107019424438,0.0697731226682663,-0.9726678729057312,0.37627869844436646,-0.974740743637085,0.43464305996894836,0.8389923572540283,0.3727133274078369,0.701076865196228,0.21369603276252747,-0.6236340403556824,1.2818721532821655,-0.3771975040435791,3.675801992416382,0.4260886609554291,1.5109288692474365,-0.17902809381484985,1.4086151123046875,-0.23723411560058594,-0.5921082496643066,2.183774471282959,-0.011938393115997314,-0.3815420866012573,0.37622150778770447,0.15284296870231628,-0.7290159463882446,1.2946659326553345,0.9970700740814209,-0.4190547466278076,2.696530342102051,3.168588161468506,-0.9894301295280457,-0.2900640368461609,-0.9069926142692566,-0.3727341890335083
Bradley Beal,-0.1456577181816101,-0.401975154876709,-0.12163084745407104,1.084648609161377,1.3146231174468994,-0.8464435338973999,1.0719226598739624,-0.5330115556716919,1.5800936222076416,1.4922754764556885,-0.32170844078063965,1.363755464553833,-0.29023873805999756,-0.6247255802154541,5.526121139526367,0.35746169090270996,-0.9422005414962769,-0.44314563274383545,0.6094085574150085,2.085273265838623,4.109185695648193,-0.7759770750999451,0.061527319252491,-0.5651935935020447,-0.4454219341278076,-0.9363877177238464,-0.9580433964729309,-0.3274262547492981,-0.587257981300354,0.783025324344635,-0.6980901956558228,-0.6768282651901245,0.5972476601600647,1.9479190111160278,-0.4753793478012085,-0.7139600515365601,0.21803703904151917,2.52299427986145,0.03136434406042099,-0.9316238760948181,-0.12505090236663818,1.9212182760238647,-0.11769700050354004,0.8662692904472351,1.0302997827529907,0.8951565027236938,-0.4039726257324219,-0.9874410033226013,-0.15346050262451172,-0.9926919341087341,0.5718371868133545,0.9100680947303772,-0.283661425113678,0.3638261556625366,-0.23343229293823242,-0.5906651020050049,1.6949213743209839,-0.2472928762435913,3.7114384174346924,0.3533783555030823,1.2501693964004517,-0.5815381407737732,0.7949762940406799,-0.5929757356643677,-0.17956280708312988,3.1381144523620605,-0.30087393522262573,-0.48733073472976685,0.495869517326355,-0.09217464923858643,-0.8389736413955688,0.8814183473587036,0.20461028814315796,-0.24497747421264648,2.9069149494171143,3.6069436073303223,-0.9923453330993652,-0.19359713792800903,-0.9528225064277649,0.08367881178855896
Malik Beasley,-0.7205333709716797,-0.44949930906295776,-0.0841788649559021,1.530958890914917,1.5987062454223633,-0.8894261121749878,1.287195086479187,-0.5418493747711182,1.600488543510437,2.470642328262329,-0.4380355477333069,2.1698265075683594,-0.163446843624115,-0.7921786308288574,7.298859596252441,1.0759140253067017,-0.9730203747749329,-0.21403837203979492,1.4407531023025513,2.4063642024993896,4.716869831085205,-0.8546470999717712,0.8017579913139343,-0.4223995804786682,-0.6234182715415955,-0.9839847087860107,-0.9834062457084656,-0.6096335053443909,-0.6821812391281128,0.6043010354042053,-0.7207359671592712,-0.8626776933670044,0.41150885820388794,2.2857108116149902,-0.2962292432785034,-0.8843330144882202,0.2650415003299713,3.041210412979126,-0.2747098207473755,-0.9774506688117981,-0.5973784327507019,2.4375557899475098,0.512828528881073,1.9092905521392822,1.9148868322372437,1.6064125299453735,0.017795413732528687,-0.9960771203041077,0.5408268570899963,-0.9972257614135742,1.0722943544387817,1.6612684726715088,0.4936792850494385,0.3010723292827606,0.4204340875148773,-0.7394031286239624,1.811764121055603,-0.3935520052909851,5.544397354125977,-0.04218488931655884,2.337059497833252,-0.4026072025299072,1.3278193473815918,-0.3893628716468811,-0.5764334201812744,3.955549478530884,0.007437928579747677,-0.4873974323272705,0.2474818378686905,-0.09069859981536865,-0.87469482421875,2.483344078063965,1.063507080078125,-0.26177287101745605,3.6277413368225098,4.948760032653809,-0.9993183016777039,-0.4487093687057495,-0.980699360370636,0.06880605220794678
MarJon Beauchamp,-0.7071901559829712,-0.4375007152557373,0.5342420935630798,1.0640363693237305,1.130040168762207,-0.5424295663833618,0.7381587028503418,0.19390536844730377,0.833690881729126,2.965125322341919,-0.5433704853057861,2.2963221073150635,-0.2709956169128418,-0.7885797023773193,3.9283359050750732,2.132599115371704,-0.8070365190505981,-0.07646387815475464,1.8559561967849731,1.7800847291946411,2.559929370880127,-0.3512166738510132,1.181721568107605,0.3905767798423767,-0.42775052785873413,-0.9755001664161682,-0.8589911460876465,-0.7937449812889099,-0.29883861541748047,0.5064547657966614,-0.06904536485671997,-0.8920961618423462,-0.6900677680969238,1.720352053642273,0.2621140778064728,-0.886314868927002,-0.43739908933639526,1.7877380847930908,-0.3752633333206177,-0.931256115436554,-0.11295133829116821,2.1917293071746826,-0.2173030972480774,1.3894597291946411,1.3286305665969849,1.5146152973175049,0.32265955209732056,-0.9773302674293518,1.0390139818191528,-0.9604783654212952,0.7616011500358582,1.3854929208755493,0.765743613243103,1.6161943674087524,0.9186934232711792,-0.671881377696991,1.0463060140609741,-0.6648770570755005,4.93279504776001,0.42351582646369934,1.8263261318206787,0.048139359802007675,1.4063204526901245,0.5313565731048584,-0.866705060005188,2.5263993740081787,-0.10963165760040283,-0.16908955574035645,0.9479086995124817,-0.18379807472229004,-0.4793514609336853,1.6564700603485107,2.1082634925842285,-0.6650540828704834,3.359692096710205,3.7586987018585205,-0.9929789304733276,-0.6412813663482666,-0.8814497590065002,-0.5430379509925842
Reece Beekman,-0.49213242530822754,-0.2987545132637024,0.36434033513069153,0.7761808633804321,0.6367342472076416,-0.23579257726669312,0.3010171055793762,0.18200384080410004,0.22189722955226898,1.7558764219284058,-0.43177908658981323,1.1288844347000122,-0.21226274967193604,-0.5336589217185974,1.644822597503662,1.1792951822280884,-0.4182160496711731,-0.08631324768066406,0.9970062375068665,0.7713934779167175,1.0206440687179565,-0.10338830947875977,0.6367080211639404,0.25177085399627686,-0.23985624313354492,-0.8493226766586304,-0.579742431640625,-0.5904887318611145,-0.14227294921875,0.21752291917800903,0.059758659452199936,-0.6964005827903748,-0.5761011242866516,0.8939130306243896,-0.053741514682769775,-0.7628896832466125,-0.24353909492492676,0.592829704284668,-0.34194397926330566,-0.7883594036102295,-0.17425084114074707,1.344030499458313,-0.055187344551086426,0.9032971262931824,0.8058162927627563,0.7551506161689758,0.1438186764717102,-0.8309376835823059,0.6108711957931519,-0.7505224943161011,0.19844911992549896,0.5742513537406921,0.6769798994064331,0.9696015119552612,0.6316648125648499,-0.4540250897407532,0.555741548538208,-0.4896148443222046,2.559030055999756,0.3909994959831238,0.9732494354248047,-0.02719634771347046,1.0629279613494873,0.5724494457244873,-0.6716277003288269,0.8562770485877991,0.07105118036270142,-0.17389929294586182,0.4135948717594147,0.024245774373412132,-0.40943092107772827,0.9865257740020752,1.150477647781372,-0.5053900480270386,1.8688703775405884,1.8772081136703491,-0.912351131439209,-0.36764317750930786,-0.5834296941757202,-0.4388957619667053
Goga Bitadze,0.1909506469964981,-0.4617840051651001,0.17438435554504395,0.375691294670105,0.653664767742157,-0.39887702465057373,0.19348514080047607,-0.09409213066101074,0.35193413496017456,0.5639289617538452,-0.16423630714416504,0.5776146650314331,-0.19453513622283936,-0.3831941485404968,1.4241371154785156,0.23829664289951324,-0.42514657974243164,-0.5116114020347595,0.08804184198379517,1.087934970855713,1.0699591636657715,-0.22592651844024658,0.13008886575698853,-0.24661827087402344,-0.05367469787597656,-0.5857117772102356,-0.47493380308151245,-0.4343087673187256,-0.2973579168319702,0.097195565700531,-0.0032755136489868164,-0.22655463218688965,-0.14031493663787842,0.5524144768714905,-0.32956773042678833,-0.17135310173034668,-0.02367764711380005,0.39566853642463684,-0.07088583707809448,-0.6103878021240234,0.31220442056655884,1.0339281558990479,-0.5095051527023315,0.2756294906139374,0.2856169044971466,-0.05889630317687988,-0.3886488676071167,-0.7960021495819092,-0.3311217427253723,-0.7855836749076843,0.018582690507173538,0.13714481890201569,-0.29007530212402344,1.0303438901901245,-0.27685731649398804,-0.20106124877929688,0.6698957681655884,-0.4410551190376282,1.2248436212539673,0.32731834053993225,0.17007745802402496,-0.537954568862915,0.1678065061569214,-0.027317285537719727,-0.32245373725891113,0.6456952691078186,-0.43013155460357666,-0.45741307735443115,0.7969940304756165,-0.09189987182617188,-0.3525944948196411,-0.27108311653137207,0.033741533756256104,-0.20633411407470703,1.2630165815353394,1.2656863927841187,-0.5709885954856873,-0.24686038494110107,-0.585092306137085,-0.2427912950515747
Anthony Black,-0.2625647187232971,-0.36673611402511597,0.05706460028886795,0.7490789294242859,1.07571280002594,-0.7204431295394897,0.8020346760749817,-0.30208075046539307,1.0577956438064575,1.501526951789856,-0.31549012660980225,1.2637444734573364,-0.1792536973953247,-0.5762912034988403,4.058115482330322,0.6188422441482544,-0.8472849726676941,-0.3807295560836792,0.6928046941757202,1.6302721500396729,2.955533027648926,-0.633902907371521,0.15392400324344635,-0.26777195930480957,-0.3831769824028015,-0.8969240784645081,-0.8917223215103149,-0.3641663193702698,-0.5363739132881165,0.6530293226242065,-0.4952029585838318,-0.6138268709182739,0.08796878904104233,1.5811071395874023,-0.3301774263381958,-0.6389855146408081,-0.012401223182678223,1.739192247390747,-0.027673184871673584,-0.8598542213439941,-0.0470736026763916,1.6871938705444336,-0.22979742288589478,0.6727069020271301,0.870843231678009,0.5870980620384216,-0.2676852345466614,-0.9624977111816406,-0.0015606284141540527,-0.97055983543396,0.4962753355503082,0.7327040433883667,-0.204326331615448,0.6179302334785461,-0.09048914909362793,-0.4995574951171875,1.2481378316879272,-0.3122366666793823,3.1673548221588135,0.3072247803211212,0.9466554522514343,-0.493147075176239,0.6673787236213684,-0.34787845611572266,-0.40345829725265503,2.3510868549346924,-0.33138740062713623,-0.4227331876754761,0.5490503311157227,-0.036026179790496826,-0.7130463123321533,0.6168151497840881,0.36533570289611816,-0.4218250513076782,2.3637709617614746,2.892392873764038,-0.9779359102249146,-0.200059711933136,-0.8921105861663818,-0.10612338781356812
Bogdan Bogdanović,-0.6141730546951294,-0.3709598779678345,0.019730817526578903,1.3622760772705078,1.547669768333435,-0.8180719614028931,1.0504872798919678,-0.4122686982154846,1.3736170530319214,2.540175199508667,-0.5254960060119629,2.1436150074005127,-0.20196664333343506,-0.7589529752731323,6.064462184906006,1.3030074834823608,-0.9513179063796997,-0.2176429033279419,1.4265738725662231,2.193091630935669,4.192900657653809,-0.7732712626457214,0.7584695219993591,-0.3403812646865845,-0.5543347597122192,-0.9783831834793091,-0.9657599925994873,-0.5823277235031128,-0.5373541116714478,0.6105018258094788,-0.6407378315925598,-0.8463929891586304,0.07057714462280273,2.01515793800354,-0.33492136001586914,-0.864848792552948,-0.022724688053131104,2.6950016021728516,-0.18797379732131958,-0.9640992879867554,-0.38892263174057007,2.367750406265259,0.2040637582540512,1.6662794351577759,1.5178911685943604,1.5294458866119385,0.10245522856712341,-0.9928611516952515,0.5197659730911255,-0.9944397211074829,0.8086133003234863,1.3832749128341675,0.4753962755203247,0.6863349676132202,0.27021482586860657,-0.6769614219665527,1.5934522151947021,-0.4216204881668091,5.028820037841797,0.1959019899368286,2.0329716205596924,-0.3191322684288025,1.4117869138717651,-0.32064294815063477,-0.6462087631225586,3.4528024196624756,-0.06719398498535156,-0.4653639793395996,0.34184661507606506,-0.07607728242874146,-0.8150359392166138,2.052919626235962,1.243536353111267,-0.40524065494537354,3.473116397857666,4.409426212310791,-0.9982665181159973,-0.4441186189651489,-0.9665335416793823,-0.18629229068756104
Bol Bol,-0.5838147401809692,-0.4163324236869812,0.287768691778183,1.4869062900543213,1.5022387504577637,-0.6937847137451172,0.7197374105453491,-0.32739442586898804,1.1876633167266846,2.6276726722717285,-0.5684441924095154,2.117305040359497,-0.26346874237060547,-0.7548103928565979,4.977273941040039,1.6076223850250244,-0.9062114357948303,-0.44618672132492065,1.5616716146469116,2.288581371307373,3.396023988723755,-0.6215211153030396,0.8770769238471985,-0.2309529185295105,-0.4259297251701355,-0.9780478477478027,-0.9409043192863464,-0.6650995016098022,-0.4473019242286682,0.33202672004699707,-0.43666762113571167,-0.838422417640686,-0.32441186904907227,1.7986489534378052,-0.3151228427886963,-0.8805041313171387,-0.30870914459228516,2.0959866046905518,-0.2397911548614502,-0.9582972526550293,-0.3291360139846802,2.34907865524292,0.01947619952261448,1.5484687089920044,1.4327902793884277,1.4900822639465332,0.11212722212076187,-0.9876475930213928,0.6201348304748535,-0.9893778562545776,0.6516768336296082,1.2472556829452515,0.5531108379364014,1.2691121101379395,0.4503138065338135,-0.5937464237213135,1.2782788276672363,-0.5425559878349304,4.729857444763184,0.4882868826389313,1.6434170007705688,-0.29816824197769165,1.3959921598434448,-0.04758858680725098,-0.7486342191696167,3.0057895183563232,-0.02431201934814453,-0.49301809072494507,0.5798983573913574,-0.19888746738433838,-0.744513750076294,1.8982771635055542,1.5069607496261597,-0.4684838652610779,3.403163433074951,4.034326553344727,-0.9958116412162781,-0.5418370962142944,-0.9476343989372253,-0.34348785877227783
Devin Booker,0.07929135113954544,-0.4411431550979614,-0.2985389232635498,0.9542605876922607,1.184163212776184,-0.9248496294021606,1.619624137878418,-0.7274350523948669,2.294095039367676,1.0551360845565796,-0.18315917253494263,1.264711618423462,-0.3341183066368103,-0.5512904524803162,6.817351341247559,-0.26251131296157837,-0.9729042649269104,-0.5556182861328125,0.3172426223754883,2.338423490524292,5.041923999786377,-0.8663346171379089,-0.31035351753234863,-0.705236554145813,-0.33017420768737793,-0.9179303646087646,-0.9740694165229797,-0.19791734218597412,-0.7127517461776733,1.151268720626831,-0.7970912456512451,-0.5326921939849854,1.1873329877853394,2.4151532649993896,-0.4778595566749573,-0.6200858950614929,0.4046059548854828,2.839367389678955,0.16539378464221954,-0.9376876354217529,-0.03546959161758423,1.898988962173462,-0.3010483980178833,0.2761929929256439,1.1316696405410767,0.6812533736228943,-0.5789352655410767,-0.9926669597625732,-0.43332529067993164,-0.9969937801361084,0.6608640551567078,1.0195256471633911,-0.6450849175453186,-0.19585490226745605,-0.5268442630767822,-0.5818202495574951,2.153895616531372,-0.04211050271987915,3.868393898010254,0.15533016622066498,1.1956491470336914,-0.7369585633277893,0.2683713734149933,-0.7306531667709351,0.37163007259368896,3.995983123779297,-0.5634475350379944,-0.545656681060791,0.6514700651168823,-0.25584137439727783,-0.8932888507843018,0.4425092935562134,-0.38411182165145874,-0.22030633687973022,3.1088662147521973,3.8456757068634033,-0.9950732588768005,-0.1020236611366272,-0.9668708443641663,0.594756007194519
Brandon Boston Jr.,-0.3703427314758301,-0.38290274143218994,0.03911234810948372,0.9809119701385498,1.2621458768844604,-0.8014729022979736,0.9655742049217224,-0.3389682173728943,1.2450788021087646,1.8363022804260254,-0.40865951776504517,1.6000663042068481,-0.23428869247436523,-0.6536802649497986,4.949853420257568,0.8770288825035095,-0.9195713400840759,-0.2779737710952759,0.8697229623794556,1.9604990482330322,3.606166124343872,-0.6931836009025574,0.41654178500175476,-0.3471261262893677,-0.4851701259613037,-0.9489104747772217,-0.937589704990387,-0.46691572666168213,-0.506893515586853,0.7395210862159729,-0.5912274122238159,-0.742773711681366,0.1615988165140152,1.7802419662475586,-0.305442750453949,-0.7428250312805176,-0.036974191665649414,2.2416751384735107,-0.045951128005981445,-0.9209643006324768,-0.1246417760848999,1.957234263420105,-0.15794461965560913,1.0600637197494507,1.0608700513839722,0.984638512134552,-0.23261070251464844,-0.9835779070854187,0.1325417459011078,-0.9872954487800598,0.5999684929847717,0.9668312668800354,-0.04503297805786133,0.676773190498352,0.013924549333751202,-0.6109020113945007,1.466170072555542,-0.31665903329849243,3.96671724319458,0.2964382469654083,1.4255367517471313,-0.40946775674819946,0.9652724266052246,-0.40778762102127075,-0.5011681318283081,2.8601863384246826,-0.24191409349441528,-0.3845823407173157,0.5393937826156616,-0.044175028800964355,-0.7567508816719055,1.080371618270874,0.6684843301773071,-0.43647217750549316,2.9440231323242188,3.588892936706543,-0.992056667804718,-0.33928489685058594,-0.9350336194038391,-0.2019432783126831
Chris Boucher,-0.439724862575531,-0.3672582507133484,-0.015264391899108887,1.189983606338501,1.3559931516647339,-0.7412945032119751,0.7650411128997803,-0.4002997875213623,1.2659028768539429,1.9748045206069946,-0.49614500999450684,1.6117441654205322,-0.15509307384490967,-0.6686113476753235,4.956559181213379,0.8860315680503845,-0.9061990976333618,-0.4555375576019287,1.0733673572540283,2.0467135906219482,3.397416114807129,-0.7103706002235413,0.43113309144973755,-0.3595021367073059,-0.4383358955383301,-0.9552813172340393,-0.9352598190307617,-0.46576690673828125,-0.5151780843734741,0.3860989809036255,-0.537186861038208,-0.6917171478271484,0.09900012612342834,1.6487276554107666,-0.4241567850112915,-0.7826478481292725,-0.19799816608428955,1.9182966947555542,-0.104769766330719,-0.9336950778961182,-0.30352383852005005,1.9564872980117798,-0.10731422901153564,1.243627905845642,1.264932632446289,1.0030856132507324,-0.09059405326843262,-0.9808413982391357,0.1856146901845932,-0.9870166778564453,0.6667976379394531,0.9975704550743103,0.20239394903182983,0.7587770819664001,0.058112699538469315,-0.5098773241043091,1.2791780233383179,-0.3228185176849365,3.9041905403137207,0.28267374634742737,1.2632707357406616,-0.440746545791626,0.967058002948761,-0.3181889057159424,-0.5395932197570801,2.862492084503174,-0.155328631401062,-0.5392289757728577,0.3113049268722534,-0.1278376579284668,-0.7640522718429565,1.4621371030807495,0.7787752747535706,-0.3817591071128845,2.799855947494507,3.584667205810547,-0.9927774667739868,-0.37977951765060425,-0.9430138468742371,-0.1262345314025879
Malaki Branham,-0.6235508322715759,-0.39468371868133545,0.318067342042923,1.1499298810958862,1.2863554954528809,-0.634618878364563,0.7575104832649231,-0.03118276596069336,0.8416157960891724,2.510723829269409,-0.5036818981170654,1.9775041341781616,-0.2111722230911255,-0.7248424291610718,4.151734352111816,1.6861954927444458,-0.8625991940498352,-0.16534876823425293,1.4641777276992798,1.828494906425476,2.8528361320495605,-0.5061725974082947,0.8930588960647583,0.07925969362258911,-0.48525112867355347,-0.9672191143035889,-0.9033685326576233,-0.6809924840927124,-0.3364432454109192,0.5010193586349487,-0.3303476572036743,-0.8448648452758789,-0.4517729878425598,1.6090317964553833,-0.07654845714569092,-0.8550264835357666,-0.26368510723114014,1.8521661758422852,-0.2765005826950073,-0.92966628074646,-0.12076479196548462,2.1610517501831055,-0.1112622618675232,1.4028486013412476,1.2648255825042725,1.3096418380737305,0.15774552524089813,-0.977327823638916,0.750006914138794,-0.972992479801178,0.5967474579811096,1.1479769945144653,0.6311059594154358,1.2399898767471313,0.5893632769584656,-0.6408526301383972,1.1752820014953613,-0.5310697555541992,4.445095062255859,0.4340871572494507,1.7155545949935913,-0.0969436764717102,1.3243528604507446,0.14646951854228973,-0.7701957821846008,2.4836232662200928,0.0006408147746697068,-0.2710914611816406,0.6283774971961975,-0.054101526737213135,-0.6238541603088379,1.6160118579864502,1.590578556060791,-0.5666494369506836,3.096588611602783,3.6423778533935547,-0.9925363659858704,-0.4820939898490906,-0.9084314703941345,-0.4579618573188782
Christian Braun,0.1554996818304062,-0.3970224857330322,-0.09040522575378418,0.8039324879646301,1.128418207168579,-0.724872350692749,0.6523765325546265,-0.4620266556739807,1.1759047508239746,0.8059254884719849,-0.275970995426178,0.7614638805389404,-0.20452141761779785,-0.40553784370422363,3.799588680267334,0.031996361911296844,-0.8515544533729553,-0.581269383430481,0.16168470680713654,1.7663201093673706,2.9241130352020264,-0.6539835929870605,-0.18488699197769165,-0.4904038906097412,-0.28080999851226807,-0.8169660568237305,-0.8871982097625732,-0.10852211713790894,-0.5073806047439575,0.4337432384490967,-0.5542900562286377,-0.32103490829467773,0.5152536630630493,1.3145787715911865,-0.5119355916976929,-0.4602317810058594,0.10099337249994278,1.4696898460388184,0.09848027676343918,-0.8364182114601135,0.12890568375587463,1.4133273363113403,-0.31892967224121094,0.47733911871910095,0.6776407361030579,0.2904053330421448,-0.44041794538497925,-0.9508222937583923,-0.38138508796691895,-0.9714725613594055,0.2883560359477997,0.36614447832107544,-0.442643404006958,0.46300801634788513,-0.3872915506362915,-0.33660125732421875,1.2072516679763794,-0.12955498695373535,2.2586188316345215,0.40830808877944946,0.5130323767662048,-0.6138858795166016,0.3819275200366974,-0.5509591102600098,0.07236991077661514,2.1469194889068604,-0.3406549096107483,-0.5355868339538574,0.46128883957862854,-0.07026147842407227,-0.7467347383499146,0.17749054729938507,-0.18336892127990723,-0.18561780452728271,1.9701640605926514,2.459742784500122,-0.9485686421394348,-0.04913771152496338,-0.8874216675758362,0.06788769364356995
Mikal Bridges,-0.10645729303359985,-0.35264521837234497,-0.07932418584823608,1.2463897466659546,1.381231427192688,-0.816779613494873,0.830181896686554,-0.505711555480957,1.3488595485687256,1.5072295665740967,-0.3790121078491211,1.3220131397247314,-0.31263405084609985,-0.6172175407409668,5.00877046585083,0.4965181350708008,-0.9374045133590698,-0.3829231262207031,0.5818900465965271,2.022564649581909,3.862265110015869,-0.7418660521507263,0.20397476851940155,-0.57674241065979,-0.4662677049636841,-0.9394246339797974,-0.9535158276557922,-0.28111517429351807,-0.48067450523376465,0.6018385887145996,-0.6981028914451599,-0.6997071504592896,0.5563592910766602,1.675220251083374,-0.5314052104949951,-0.7313379049301147,0.2188958078622818,2.4169790744781494,0.010403154417872429,-0.9385918378829956,-0.19947123527526855,1.8698983192443848,0.0940047949552536,1.1674840450286865,0.9269814491271973,1.0728458166122437,-0.341718852519989,-0.9857426285743713,-0.09547930955886841,-0.991532564163208,0.41875410079956055,0.7854549288749695,-0.0760844349861145,0.4594769775867462,-0.16106164455413818,-0.5804344415664673,1.512486457824707,-0.2051631212234497,3.5025174617767334,0.40688997507095337,1.3311887979507446,-0.4726235866546631,1.109100580215454,-0.5871024131774902,-0.2150440216064453,2.7904539108276367,-0.09201163053512573,-0.4759320616722107,0.3423633277416229,0.01361546665430069,-0.833960235118866,1.141937494277954,0.3678010404109955,-0.11899954080581665,2.805980682373047,3.40254807472229,-0.9906004071235657,-0.22260701656341553,-0.9474495053291321,-0.08084678649902344
Miles Bridges,0.02942710369825363,-0.39497530460357666,-0.23036259412765503,0.9527231454849243,1.1396924257278442,-0.8815150260925293,1.236717939376831,-0.6361277103424072,1.7060790061950684,0.9847055077552795,-0.22064208984375,1.0842899084091187,-0.29228681325912476,-0.5286149978637695,5.597972393035889,-0.17267769575119019,-0.9504736065864563,-0.43725913763046265,0.25567975640296936,1.8906471729278564,4.1521100997924805,-0.8184001445770264,-0.2102620005607605,-0.6361130475997925,-0.3927844762802124,-0.8826180696487427,-0.9548550248146057,-0.1520594358444214,-0.6283286809921265,0.8762241005897522,-0.73247230052948,-0.5118650197982788,0.9038466811180115,1.9281229972839355,-0.5048913955688477,-0.5934092998504639,0.40720704197883606,2.330273389816284,0.06523645669221878,-0.9186748266220093,-0.14284950494766235,1.686255931854248,-0.11556452512741089,0.544647216796875,0.9446930289268494,0.6484231352806091,-0.48424792289733887,-0.9841654300689697,-0.3585595488548279,-0.9920509457588196,0.49750828742980957,0.7952460646629333,-0.468442440032959,-0.12402498722076416,-0.41236668825149536,-0.5590155124664307,1.7684048414230347,-0.046994924545288086,3.2480738162994385,0.21233029663562775,1.109632968902588,-0.6439419388771057,0.5352977514266968,-0.6568005084991455,0.26776182651519775,3.104048252105713,-0.39239346981048584,-0.5226800441741943,0.41439375281333923,-0.089466392993927,-0.8671051859855652,0.5857884883880615,-0.26404666900634766,-0.1290574073791504,2.6248886585235596,3.25557279586792,-0.989263117313385,-0.06974679231643677,-0.9459803104400635,0.3511326313018799
Malcolm Brogdon,-0.008308470249176025,-0.41699647903442383,-0.024793684482574463,0.582474410533905,1.0608216524124146,-0.7942810654640198,1.0560873746871948,-0.37184882164001465,1.3022526502609253,1.0996928215026855,-0.21917057037353516,1.0571844577789307,-0.18755584955215454,-0.48875731229782104,4.370150089263916,0.180751770734787,-0.8807699680328369,-0.4638667702674866,0.34931978583335876,1.7228500843048096,3.302588701248169,-0.6806371212005615,-0.16052758693695068,-0.38886505365371704,-0.35558098554611206,-0.8511491417884827,-0.8986563086509705,-0.2675037384033203,-0.5789295434951782,0.8898555040359497,-0.5639862418174744,-0.4969289302825928,0.38999998569488525,1.675475001335144,-0.35167884826660156,-0.47900229692459106,0.14738687872886658,1.7885795831680298,0.06056298688054085,-0.8343749046325684,0.27642911672592163,1.655053973197937,-0.43255192041397095,0.2599555552005768,0.7768781781196594,0.2840758264064789,-0.4507613778114319,-0.9648122191429138,-0.2692456841468811,-0.9754170775413513,0.46290698647499084,0.5752766728401184,-0.5126009583473206,0.41308483481407166,-0.35497230291366577,-0.49308156967163086,1.5513803958892822,-0.21048539876937866,2.953742742538452,0.3297339081764221,0.8020791411399841,-0.6135208606719971,0.32728007435798645,-0.5191351175308228,-0.13400793075561523,2.5721170902252197,-0.47701507806777954,-0.4214441776275635,0.7274505496025085,-0.08575713634490967,-0.7439721822738647,0.04921729490160942,-0.0930701494216919,-0.4383343458175659,2.326662540435791,2.8606297969818115,-0.9727163314819336,-0.042883336544036865,-0.8931500315666199,0.06428888440132141
Dillon Brooks,-0.5156731605529785,-0.37661540508270264,-0.09929758310317993,1.244616985321045,1.4104713201522827,-0.8418281078338623,1.0602928400039673,-0.45722323656082153,1.4235477447509766,2.0983097553253174,-0.41185909509658813,1.7526012659072876,-0.22960132360458374,-0.709962010383606,5.921294212341309,0.8569737076759338,-0.9504474997520447,-0.19604599475860596,1.0402759313583374,2.020200490951538,4.160065174102783,-0.7918319702148438,0.503997266292572,-0.4334450960159302,-0.5556979775428772,-0.9670997858047485,-0.9671863913536072,-0.47586363554000854,-0.5670228600502014,0.7214954495429993,-0.7025967836380005,-0.8066890239715576,0.37286990880966187,1.9929052591323853,-0.3831471800804138,-0.8251293301582336,0.19536526501178741,2.72733211517334,-0.1637910008430481,-0.9556075930595398,-0.3753530979156494,2.1498255729675293,0.23084430396556854,1.465084433555603,1.3759865760803223,1.298675537109375,-0.13690727949142456,-0.991142749786377,0.2945583462715149,-0.9934570789337158,0.7387831807136536,1.2502089738845825,0.2857878804206848,0.38153505325317383,0.11511816829442978,-0.6765119433403015,1.6255145072937012,-0.34522902965545654,4.527724742889404,0.15736453235149384,1.8558754920959473,-0.40869176387786865,1.2102328538894653,-0.4537317752838135,-0.46730881929397583,3.24696946144104,-0.0771293044090271,-0.42054224014282227,0.2593607008457184,-0.004157900810241699,-0.8426581621170044,1.7487014532089233,0.7962912321090698,-0.2835204601287842,3.1991257667541504,4.088303089141846,-0.9970632195472717,-0.32816386222839355,-0.9612838625907898,-0.046477317810058594
Keion Brooks Jr.,-0.3118998408317566,-0.30115586519241333,0.012768583372235298,1.13628351688385,1.23302161693573,-0.7479684948921204,0.7249110341072083,-0.4588005542755127,1.2333263158798218,1.6235195398330688,-0.4489932060241699,1.367477297782898,-0.16849780082702637,-0.5785931348800659,4.4308695793151855,0.6981449127197266,-0.8893365859985352,-0.5239864587783813,0.8649606108665466,2.0196518898010254,3.1551640033721924,-0.6804373264312744,0.303940087556839,-0.3857496380805969,-0.3490248918533325,-0.9409594535827637,-0.9138623476028442,-0.37738364934921265,-0.49724531173706055,0.42228463292121887,-0.5626730918884277,-0.5817247629165649,0.17113779485225677,1.5679080486297607,-0.4218522310256958,-0.7383518218994141,-0.24918025732040405,1.6751842498779297,-0.009646713733673096,-0.908944308757782,-0.22678184509277344,1.7589250802993774,-0.18774628639221191,0.9707292914390564,1.1172691583633423,0.8480091094970703,-0.2552521824836731,-0.9739992618560791,0.015487807802855968,-0.983059823513031,0.5231488347053528,0.7981665730476379,-0.028051376342773438,0.7930453419685364,-0.022155284881591797,-0.43349534273147583,1.1750800609588623,-0.2019648551940918,3.437587022781372,0.26188477873802185,0.9516603350639343,-0.4925631284713745,0.7687445282936096,-0.35242265462875366,-0.4620158076286316,2.6792354583740234,-0.24079978466033936,-0.5327244997024536,0.359271764755249,-0.14131343364715576,-0.7422298192977905,1.0982476472854614,0.41335517168045044,-0.3809576630592346,2.5552804470062256,3.156214714050293,-0.9869656562805176,-0.3400731086730957,-0.925601601600647,-0.11177706718444824
Bruce Brown,-0.20943152904510498,-0.36151182651519775,0.18389037251472473,0.7750684022903442,1.0630782842636108,-0.6370015144348145,0.6154918074607849,-0.11931788921356201,0.8345156908035278,1.564001202583313,-0.37693899869918823,1.2213163375854492,-0.21109521389007568,-0.5769935250282288,3.391841411590576,0.7616912126541138,-0.8147420287132263,-0.29376232624053955,0.6706839203834534,1.563933253288269,2.5756938457489014,-0.5198187828063965,0.2935962677001953,-0.20208758115768433,-0.4210289716720581,-0.8968020677566528,-0.8689680099487305,-0.36876893043518066,-0.40337038040161133,0.598721981048584,-0.38081252574920654,-0.6606096029281616,-0.08352994918823242,1.3069871664047241,-0.33444952964782715,-0.6416968703269958,-0.07054126262664795,1.576525092124939,-0.03650099039077759,-0.8570191860198975,0.014562791213393211,1.6742936372756958,-0.23777318000793457,0.8134518265724182,0.7008190751075745,0.5732771754264832,-0.17731976509094238,-0.9481003880500793,0.07986640185117722,-0.9578563570976257,0.38061055541038513,0.5851790904998779,-0.030734539031982422,0.8146426677703857,-0.007979631423950195,-0.5014197826385498,1.0831153392791748,-0.35174232721328735,3.000016212463379,0.4846142828464508,0.9549135565757751,-0.36194026470184326,0.8301021456718445,-0.3023802638053894,-0.49676811695098877,1.9384477138519287,-0.16196554899215698,-0.36386924982070923,0.5148512721061707,0.00551464082673192,-0.6595211029052734,0.6984869241714478,0.561756432056427,-0.44293898344039917,2.2407948970794678,2.657200574874878,-0.9688167572021484,-0.20741581916809082,-0.8673290610313416,-0.26536643505096436
Jaylen Brown,0.21590812504291534,-0.4168737530708313,-0.21102428436279297,0.8516584038734436,1.0724047422409058,-0.8921267986297607,1.2854772806167603,-0.6578025817871094,1.7953959703445435,0.8085444569587708,-0.10950714349746704,1.0239861011505127,-0.34954696893692017,-0.496906578540802,5.5457305908203125,-0.2198600172996521,-0.9477506875991821,-0.5119025707244873,0.1604636162519455,1.9687676429748535,4.206771373748779,-0.8092543482780457,-0.3024122714996338,-0.6635830998420715,-0.2986661195755005,-0.8652424216270447,-0.9507306218147278,-0.11742818355560303,-0.6547149419784546,0.9720596075057983,-0.7524300813674927,-0.4761982560157776,1.0172808170318604,2.0346932411193848,-0.47583073377609253,-0.5241595506668091,0.4123179018497467,2.4119503498077393,0.1355394423007965,-0.8972222805023193,0.032245635986328125,1.6227303743362427,-0.23993611335754395,0.22525078058242798,0.8446691632270813,0.5780853033065796,-0.5741822123527527,-0.9844511151313782,-0.46824824810028076,-0.9925754070281982,0.4671804904937744,0.7477642893791199,-0.6157318353652954,-0.09212237596511841,-0.4860517382621765,-0.5348432064056396,1.8437213897705078,-0.03863525390625,3.0863757133483887,0.190415158867836,0.9358198046684265,-0.6956369876861572,0.36291539669036865,-0.6927642822265625,0.3594840466976166,3.171785354614258,-0.5062504410743713,-0.5132240056991577,0.6431524157524109,-0.12911874055862427,-0.860364556312561,0.2069355845451355,-0.3960576057434082,-0.1201028823852539,2.638547897338867,3.142746925354004,-0.9847429394721985,-0.059049785137176514,-0.9412261247634888,0.41777122020721436
Jalen Brunson,0.22275371849536896,-0.46913743019104004,-0.2721390724182129,0.7733493447303772,0.9671279191970825,-0.9086745381355286,1.5098321437835693,-0.7148861885070801,2.186976194381714,0.7736950516700745,0.0180373378098011,1.0391209125518799,-0.37775182723999023,-0.4922916293144226,6.157467842102051,-0.3245667815208435,-0.9612867832183838,-0.5782986879348755,0.20183680951595306,2.1316049098968506,4.622273921966553,-0.8436986207962036,-0.4184080958366394,-0.6955186128616333,-0.19749212265014648,-0.8650620579719543,-0.9617252349853516,-0.10367649793624878,-0.7106402516365051,1.1055951118469238,-0.7858575582504272,-0.46135789155960083,1.24622642993927,2.2904977798461914,-0.42250311374664307,-0.5026187300682068,0.4893285930156708,2.6368978023529053,0.15091590583324432,-0.9049701690673828,0.15688179433345795,1.6322070360183716,-0.34851861000061035,-0.037599921226501465,0.9715537428855896,0.5084579586982727,-0.6025752425193787,-0.9882432222366333,-0.5124036073684692,-0.99510258436203,0.5580313205718994,0.9117958545684814,-0.7189334034919739,-0.23224592208862305,-0.5625962018966675,-0.5275033712387085,1.981009840965271,-0.03493976593017578,3.340383529663086,0.04237295687198639,1.0184675455093384,-0.7422356605529785,0.09492260217666626,-0.7307388782501221,0.49958914518356323,3.6214897632598877,-0.5963121652603149,-0.5226208567619324,0.8077326416969299,-0.2067827582359314,-0.8702350854873657,0.13310007750988007,-0.4657799005508423,-0.09534132480621338,2.755424737930298,3.287562370300293,-0.9885761737823486,-0.024232208728790283,-0.949182391166687,0.6783648729324341
Thomas Bryant,-0.5497916340827942,-0.34462666511535645,0.14285504817962646,1.305094599723816,1.3607831001281738,-0.653423547744751,0.5549617409706116,-0.34401971101760864,1.1101810932159424,2.301011562347412,-0.5477403998374939,1.8001817464828491,-0.19069147109985352,-0.6700581312179565,4.417232990264893,1.3506290912628174,-0.8621997833251953,-0.48010551929473877,1.3630715608596802,2.01715350151062,3.009026050567627,-0.6221218109130859,0.7033397555351257,-0.1839895248413086,-0.31602513790130615,-0.9649994373321533,-0.8995645046234131,-0.5810654163360596,-0.41141605377197266,0.25265344977378845,-0.4943193793296814,-0.7508275508880615,-0.25884753465652466,1.5867077112197876,-0.3325997591018677,-0.8419890403747559,-0.35175925493240356,1.7138128280639648,-0.23392516374588013,-0.9332548379898071,-0.27034616470336914,2.0033791065216064,-0.04922032356262207,1.352615475654602,1.363267183303833,1.2899774312973022,0.06354045867919922,-0.9795860648155212,0.3960389494895935,-0.9807165861129761,0.5835902094841003,1.0635268688201904,0.46186307072639465,1.1304848194122314,0.2776663303375244,-0.4753924012184143,1.0789201259613037,-0.44867902994155884,4.098146438598633,0.21942681074142456,1.3704514503479004,-0.359019935131073,1.1588832139968872,-0.04639548063278198,-0.6915760636329651,2.69638729095459,-0.14786052703857422,-0.5292507410049438,0.4083051383495331,-0.17069405317306519,-0.7109228372573853,1.6249966621398926,1.1491219997406006,-0.4081799387931824,2.940990686416626,3.479839324951172,-0.991089403629303,-0.5181969404220581,-0.923660397529602,-0.25574731826782227
Kobe Bufkin,-0.5755710601806641,-0.3896644115447998,0.20695188641548157,0.9600293636322021,1.2213144302368164,-0.6703883409500122,0.7319658994674683,-0.19071388244628906,0.9647911190986633,2.2655270099639893,-0.47349560260772705,1.7791322469711304,-0.12951022386550903,-0.6726627945899963,4.33989143371582,1.3131814002990723,-0.8210495114326477,-0.35286271572113037,1.2939956188201904,1.6935170888900757,2.8463454246520996,-0.6150763034820557,0.6384701728820801,0.03172307088971138,-0.41384607553482056,-0.9501276016235352,-0.8876652717590332,-0.5712282061576843,-0.5391877889633179,0.5367351174354553,-0.4006558060646057,-0.7593698501586914,-0.3078274130821228,1.7082232236862183,-0.17318403720855713,-0.7993218898773193,-0.2847288250923157,1.7227362394332886,-0.20044153928756714,-0.8950483798980713,-0.24891281127929688,1.9827544689178467,-0.09385532140731812,1.0294795036315918,1.2552368640899658,0.9957329034805298,0.06721551716327667,-0.972815215587616,0.4084889888763428,-0.9727288484573364,0.6727521419525146,1.0855321884155273,0.2845904529094696,0.9236891269683838,0.23322005569934845,-0.5070024728775024,1.2090390920639038,-0.4764893651008606,4.034273147583008,0.25141680240631104,1.2563014030456543,-0.41554903984069824,1.0198572874069214,0.010614369995892048,-0.6885263919830322,2.575216054916382,-0.2997029423713684,-0.43416517972946167,0.5292044281959534,-0.09406685829162598,-0.6885424852371216,1.2614266872406006,1.03737211227417,-0.5446501970291138,2.857652187347412,3.3803529739379883,-0.9898401498794556,-0.4086480736732483,-0.899783730506897,-0.2583092451095581
Alec Burks,-0.7952362298965454,-0.4095115661621094,0.2226356714963913,1.4546808004379272,1.597171425819397,-0.7856300473213196,1.0049951076507568,-0.29607564210891724,1.3048769235610962,3.2235448360443115,-0.6005398035049438,2.543867826461792,-0.06690216064453125,-0.8266589641571045,6.449930667877197,1.8181965351104736,-0.9450039863586426,-0.2851269245147705,2.032899856567383,2.3890113830566406,4.052237033843994,-0.7670776844024658,1.1788913011550903,0.010586957447230816,-0.5803281664848328,-0.9903404116630554,-0.9693971276283264,-0.727170467376709,-0.6154846549034119,0.4592677652835846,-0.5179010629653931,-0.8933762311935425,-0.3332642912864685,2.166623592376709,-0.14200931787490845,-0.9111652970314026,-0.26221412420272827,2.5902786254882812,-0.3490157127380371,-0.9755265116691589,-0.5438694953918457,2.590764284133911,0.2638806104660034,2.0157554149627686,2.013622999191284,1.696169376373291,0.3679533302783966,-0.9939619898796082,1.0128189325332642,-0.9943514466285706,1.1305365562438965,1.701149821281433,0.8495753407478333,1.0945347547531128,0.7370436787605286,-0.7084546089172363,1.4516615867614746,-0.5632888674736023,6.023172855377197,0.03130539134144783,2.3170218467712402,-0.24180084466934204,1.5084137916564941,0.12821702659130096,-0.8164276480674744,3.7609715461730957,-0.07106232643127441,-0.47139108180999756,0.42997756600379944,-0.20222187042236328,-0.77361661195755,2.6594388484954834,1.8149011135101318,-0.5523953437805176,3.747704267501831,4.937113285064697,-0.9992787837982178,-0.5958986878395081,-0.9723975658416748,-0.23969697952270508
Jared Butler,-0.36176586151123047,-0.3497543931007385,0.05322330817580223,0.9186074733734131,1.2116807699203491,-0.6981325149536133,0.7858789563179016,-0.25337934494018555,1.0187677145004272,1.8456062078475952,-0.3737448453903198,1.5226781368255615,-0.1914290189743042,-0.6426342129707336,4.215001583099365,0.9306466579437256,-0.8691591024398804,-0.2865018844604492,0.9631264805793762,1.6765354871749878,3.1092727184295654,-0.6320726871490479,0.3326541483402252,-0.24363481998443604,-0.42624711990356445,-0.9305167198181152,-0.9035074710845947,-0.4348302483558655,-0.4554911255836487,0.6004600524902344,-0.5252842903137207,-0.7251225709915161,0.009814132936298847,1.5725617408752441,-0.3303777575492859,-0.733528733253479,-0.004939019680023193,1.9776026010513306,-0.09923350811004639,-0.8934286236763,-0.014410138130187988,1.8564122915267944,-0.14484769105911255,0.9731989502906799,0.9844738245010376,0.9149301648139954,-0.11829626560211182,-0.972456693649292,0.19643035531044006,-0.9760756492614746,0.5185120701789856,0.8733813166618347,0.07635201513767242,0.725725531578064,0.046929772943258286,-0.5579351782798767,1.2711238861083984,-0.3628880977630615,3.543954610824585,0.3057359755039215,1.2819125652313232,-0.38266849517822266,0.9808893799781799,-0.3136519193649292,-0.5174126625061035,2.4619922637939453,-0.19078004360198975,-0.38377875089645386,0.4923052191734314,0.02629697136580944,-0.7119483351707458,1.0512501001358032,0.7806260585784912,-0.4081178903579712,2.5876407623291016,3.1649909019470215,-0.986451268196106,-0.2460307478904724,-0.9077429175376892,-0.21461617946624756
Jimmy Butler,0.44016748666763306,-0.5068244338035583,-0.09833765029907227,0.2839989960193634,0.5537374019622803,-0.7919756770133972,1.0332629680633545,-0.5399292707443237,1.6197055578231812,0.4444817006587982,0.021655237302184105,0.6637240052223206,-0.2859001159667969,-0.3739662170410156,4.138957500457764,-0.43061649799346924,-0.8821610808372498,-0.6927604675292969,0.0509345643222332,1.7475111484527588,2.966014862060547,-0.7221211791038513,-0.3924741744995117,-0.6262237429618835,-0.05062437057495117,-0.6772271394729614,-0.881237268447876,-0.2151392698287964,-0.6676973700523376,0.7868015766143799,-0.4540170431137085,-0.049172282218933105,0.8112800121307373,1.5567638874053955,-0.46027183532714844,0.0023008135613054037,0.2661523222923279,1.3887847661972046,0.29485347867012024,-0.8119187951087952,0.25958383083343506,1.238330364227295,-0.6232486367225647,-0.26085561513900757,0.5894531011581421,-0.29327553510665894,-0.6189630627632141,-0.9481030106544495,-0.5265024900436401,-0.9762177467346191,0.2908913791179657,0.3389732539653778,-0.7307075262069702,0.48759958148002625,-0.5635454654693604,-0.31982970237731934,1.5304334163665771,-0.23172688484191895,2.2478864192962646,0.18366020917892456,0.3237387239933014,-0.751448392868042,-0.33848387002944946,-0.5525699853897095,0.0622810497879982,2.3679535388946533,-0.6721869707107544,-0.6273634433746338,1.066880464553833,-0.2671318054199219,-0.7083646059036255,-0.4179975390434265,-0.5548098683357239,-0.18017816543579102,1.8636797666549683,2.088015079498291,-0.9340717792510986,0.03862351179122925,-0.8799008131027222,0.44018104672431946
Matas Buzelis,-0.4878878593444824,-0.35398733615875244,0.05771758779883385,1.0978693962097168,1.2569084167480469,-0.6964722871780396,0.634364128112793,-0.3209306597709656,0.9866546988487244,1.908695101737976,-0.47140032052993774,1.4978830814361572,-0.14347463846206665,-0.6401585936546326,4.334205150604248,0.9852634072303772,-0.8723938465118408,-0.35897040367126465,0.9950743913650513,1.829131007194519,2.993211507797241,-0.6544435024261475,0.5063164234161377,-0.21743500232696533,-0.43778806924819946,-0.9454526901245117,-0.9162794351577759,-0.4674364924430847,-0.484041690826416,0.36721745133399963,-0.49190759658813477,-0.6943942904472351,-0.0433734655380249,1.5202466249465942,-0.35349535942077637,-0.77275151014328,-0.16226136684417725,1.723526120185852,-0.15423089265823364,-0.9185038805007935,-0.31220459938049316,1.837185025215149,0.008909647352993488,1.2867960929870605,1.1809990406036377,0.9625320434570312,-0.0673719048500061,-0.9724588394165039,0.2856729328632355,-0.9782490730285645,0.5459006428718567,0.9285537004470825,0.29587653279304504,0.7945579290390015,0.17542989552021027,-0.5176073312759399,1.085823655128479,-0.3375110626220703,3.6795365810394287,0.255025178194046,1.286271333694458,-0.3633129596710205,1.0250879526138306,-0.1930931806564331,-0.5501420497894287,2.448355197906494,-0.0998152494430542,-0.47165757417678833,0.2934475243091583,-0.017494022846221924,-0.723971426486969,1.393610954284668,0.8281659483909607,-0.38735759258270264,2.6327335834503174,3.2752716541290283,-0.9889352917671204,-0.37387269735336304,-0.9196681380271912,-0.22711431980133057
Jamal Cain,-0.6045381426811218,-0.4210273027420044,0.28453874588012695,1.0872300863265991,1.2453519105911255,-0.6729127168655396,0.8027365207672119,-0.15357065200805664,0.9785325527191162,2.4416189193725586,-0.49364519119262695,1.9189759492874146,-0.19577312469482422,-0.7281111478805542,4.523016929626465,1.490960717201233,-0.8580208420753479,-0.30030882358551025,1.4075896739959717,1.8410872220993042,2.9663400650024414,-0.5832856297492981,0.8064583539962769,-0.021038591861724854,-0.4660392999649048,-0.962821364402771,-0.9142003059387207,-0.6576557755470276,-0.4989014267921448,0.5101776123046875,-0.3163967728614807,-0.8140431642532349,-0.40147918462753296,1.756659746170044,-0.14445018768310547,-0.8356906175613403,-0.27084624767303467,1.8359770774841309,-0.2328188419342041,-0.926225483417511,-0.29718196392059326,2.1203763484954834,-0.06822049617767334,1.2209337949752808,1.2647193670272827,1.1669220924377441,0.10664775967597961,-0.9781901836395264,0.62880939245224,-0.9777594804763794,0.7115921378135681,1.1572829484939575,0.4482521712779999,1.082353949546814,0.47100040316581726,-0.5968793630599976,1.2710347175598145,-0.5331413149833679,4.394346714019775,0.4228164255619049,1.4924116134643555,-0.2922382354736328,1.177194595336914,0.10519178211688995,-0.7414302825927734,2.6660876274108887,-0.1953628659248352,-0.3806440234184265,0.6475126147270203,-0.1516021490097046,-0.6745299100875854,1.4631953239440918,1.3356108665466309,-0.5654174089431763,3.062822103500366,3.674485683441162,-0.9930603504180908,-0.4769226908683777,-0.9200915098190308,-0.3478720188140869
Kentavious Caldwell-Pope,-0.6474123597145081,-0.3960192799568176,0.14446811378002167,1.4588029384613037,1.5963209867477417,-0.8032490015029907,1.0170280933380127,-0.3796467185020447,1.353083610534668,2.7331016063690186,-0.5898467898368835,2.292550563812256,-0.1869412064552307,-0.7870753407478333,6.062967300415039,1.5147253274917603,-0.9486335515975952,-0.3316100239753723,1.624941349029541,2.431837558746338,4.105674743652344,-0.7525913119316101,0.8683463335037231,-0.27580565214157104,-0.547989010810852,-0.9836716055870056,-0.9647533297538757,-0.6436217427253723,-0.5457730293273926,0.5151236057281494,-0.5536091923713684,-0.8483448028564453,-0.13503068685531616,2.047860622406006,-0.2984645366668701,-0.8818109035491943,-0.2381049394607544,2.524773120880127,-0.18900609016418457,-0.9677650332450867,-0.40533244609832764,2.4681944847106934,0.052324146032333374,1.737689733505249,1.6156256198883057,1.534361720085144,0.13125409185886383,-0.9929555058479309,0.6082156300544739,-0.9948592185974121,0.8625025153160095,1.437807321548462,0.5079711675643921,1.015923023223877,0.3956354856491089,-0.6636416912078857,1.5084378719329834,-0.4515989422798157,5.267882823944092,0.2903599441051483,1.9498047828674316,-0.31609731912612915,1.403809666633606,-0.19591623544692993,-0.7255808115005493,3.5466911792755127,-0.06588435173034668,-0.51885986328125,0.4472295045852661,-0.1435968279838562,-0.78448885679245,2.1330251693725586,1.4237823486328125,-0.5059233903884888,3.6216940879821777,4.570396423339844,-0.9985617399215698,-0.5228087902069092,-0.9695426821708679,-0.2819215655326843
Toumani Camara,-0.41698306798934937,-0.3932077884674072,0.006254115607589483,1.0687110424041748,1.2913304567337036,-0.7541213631629944,0.7699734568595886,-0.3522435426712036,1.0609359741210938,1.7387276887893677,-0.41908442974090576,1.4309059381484985,-0.18319296836853027,-0.6432766914367676,4.721463203430176,0.7514568567276001,-0.9014319777488708,-0.3014826774597168,0.8062912821769714,1.7553240060806274,3.283726453781128,-0.704434335231781,0.4179841876029968,-0.35239458084106445,-0.5182380676269531,-0.9346287250518799,-0.9371933341026306,-0.4174598455429077,-0.5198619365692139,0.470037579536438,-0.5390876531600952,-0.7107363343238831,0.16425557434558868,1.5680640935897827,-0.404061496257782,-0.7393977642059326,0.06361480057239532,1.987168312072754,-0.10194641351699829,-0.9230943322181702,-0.3208957314491272,1.834376335144043,0.1051454171538353,1.2405235767364502,1.0696510076522827,0.9304695725440979,-0.1123763918876648,-0.9772784113883972,0.1710961014032364,-0.9835062026977539,0.5739331841468811,0.8878746032714844,0.17741507291793823,0.5212429761886597,0.061965566128492355,-0.5699319243431091,1.3119754791259766,-0.31685417890548706,3.63044810295105,0.3392702639102936,1.3457413911819458,-0.39941680431365967,1.0588102340698242,-0.3649693727493286,-0.4388413429260254,2.527254343032837,-0.0985059142112732,-0.45498526096343994,0.29752394556999207,0.0058884588070213795,-0.7765347957611084,1.2882730960845947,0.6682004928588867,-0.3062424659729004,2.649122953414917,3.3742516040802,-0.9904234409332275,-0.27525967359542847,-0.9317991137504578,-0.1585932970046997
Bub Carrington,-0.6168224811553955,-0.3567376136779785,0.10352747142314911,1.3419382572174072,1.5306938886642456,-0.8257071375846863,1.055658221244812,-0.362895667552948,1.2710435390472412,2.6528124809265137,-0.5355997085571289,2.290421485900879,-0.26425081491470337,-0.7782241702079773,5.977584362030029,1.5322052240371704,-0.9523535370826721,-0.0584564208984375,1.4723726511001587,2.1488852500915527,4.220801830291748,-0.749667763710022,0.91743403673172,-0.3276500701904297,-0.5822010040283203,-0.9803863167762756,-0.9644172787666321,-0.6200823783874512,-0.49085134267807007,0.6676362156867981,-0.6362661719322205,-0.876798689365387,-0.05270206928253174,2.047452211380005,-0.2678687572479248,-0.8728523850440979,-0.03955715894699097,2.87314510345459,-0.1715008020401001,-0.9640494585037231,-0.3802749514579773,2.3983218669891357,0.2752922773361206,1.7542362213134766,1.4045906066894531,1.714660406112671,0.14601851999759674,-0.993932843208313,0.5968605279922485,-0.9946421384811401,0.7780948877334595,1.4273333549499512,0.5098101496696472,0.7852533459663391,0.368784099817276,-0.7161123752593994,1.589392066001892,-0.455477237701416,5.168848514556885,0.22412891685962677,2.1768438816070557,-0.2050342559814453,1.6038455963134766,-0.30734360218048096,-0.6919575929641724,3.3997018337249756,-0.04174774885177612,-0.404485285282135,0.4326830208301544,-0.03305476903915405,-0.7992060780525208,2.054605484008789,1.4243550300598145,-0.41833406686782837,3.643247127532959,4.479574203491211,-0.9983728528022766,-0.4995930790901184,-0.9652643799781799,-0.310310423374176
Devin Carter,-0.6524956226348877,-0.4061427712440491,0.36843639612197876,1.0019755363464355,1.1759068965911865,-0.6508241891860962,0.8269637823104858,0.0026607129257172346,0.875617504119873,2.676955223083496,-0.49804967641830444,2.147099494934082,-0.20548218488693237,-0.7556710243225098,4.3739776611328125,1.7635502815246582,-0.8387355804443359,-0.10953128337860107,1.5846819877624512,1.6340378522872925,2.811372756958008,-0.5277619361877441,1.017047643661499,0.12969724833965302,-0.49880415201187134,-0.9656559824943542,-0.8936261534690857,-0.7083622813224792,-0.43682271242141724,0.5723040103912354,-0.2482978105545044,-0.8597612380981445,-0.5244044065475464,1.7473938465118408,0.022423606365919113,-0.8520423173904419,-0.3133126497268677,1.9335771799087524,-0.2739086151123047,-0.9188209176063538,-0.2775925397872925,2.164921760559082,-0.03075963258743286,1.2654516696929932,1.244457721710205,1.3359888792037964,0.28265640139579773,-0.9791622161865234,0.7954264283180237,-0.9715279340744019,0.7648565173149109,1.2772642374038696,0.5867592096328735,1.1239591836929321,0.613904595375061,-0.642534613609314,1.2381361722946167,-0.5981472730636597,4.604282379150391,0.38018882274627686,1.6551486253738403,-0.15470433235168457,1.328020691871643,0.21870899200439453,-0.8002774715423584,2.5912442207336426,-0.1682593822479248,-0.2749195098876953,0.6958406567573547,-0.13870811462402344,-0.6333543062210083,1.5722465515136719,1.6272032260894775,-0.5993558764457703,3.185788154602051,3.7292022705078125,-0.9935110807418823,-0.5262837409973145,-0.9025595188140869,-0.4220958948135376
Jevon Carter,-0.8067277073860168,-0.3943009376525879,0.38245922327041626,1.5474048852920532,1.5625286102294922,-0.7218773365020752,0.8176926374435425,-0.16920381784439087,0.9639700651168823,3.4317212104797363,-0.6508094668388367,2.7281389236450195,-0.18854135274887085,-0.8234750032424927,5.586273193359375,2.3714635372161865,-0.9232426285743713,-0.06174147129058838,2.1393775939941406,2.135622501373291,3.5957517623901367,-0.6570165157318115,1.5671420097351074,0.1601710170507431,-0.5534508228302002,-0.9901597499847412,-0.9488599300384521,-0.7815507650375366,-0.41354048252105713,0.3903374969959259,-0.4356335401535034,-0.9232786893844604,-0.5521836280822754,1.9601387977600098,0.012135074473917484,-0.9310342669487,-0.34819042682647705,2.4496588706970215,-0.3888719081878662,-0.9720365405082703,-0.49119168519973755,2.5543453693389893,0.4499989151954651,2.1505699157714844,1.7904517650604248,2.1246321201324463,0.5918148159980774,-0.993398129940033,1.2230862379074097,-0.9910467267036438,0.8816156983375549,1.6536991596221924,1.1600358486175537,1.3493455648422241,0.9318253397941589,-0.7160420417785645,1.3283432722091675,-0.6179078817367554,5.942404270172119,0.18680386245250702,2.5214450359344482,0.07816551625728607,1.9733384847640991,0.39855968952178955,-0.8665783405303955,3.320847511291504,0.04949239268898964,-0.3508843779563904,0.5295974016189575,-0.13911080360412598,-0.7015334367752075,2.696566104888916,2.3049957752227783,-0.5671594142913818,3.9636940956115723,4.697299957275391,-0.998935341835022,-0.6712491512298584,-0.956779956817627,-0.49980151653289795
Wendell Carter Jr.,-0.18023169040679932,-0.3737606406211853,0.11612425744533539,0.8679397106170654,1.169589877128601,-0.728733479976654,0.7673919796943665,-0.32621580362319946,1.089505910873413,1.5118217468261719,-0.4234885573387146,1.3579849004745483,-0.18953925371170044,-0.5793538093566895,4.102724075317383,0.6774754524230957,-0.8573824763298035,-0.48413872718811035,0.6995062828063965,1.854445457458496,2.9229795932769775,-0.6118215322494507,0.2102481573820114,-0.3668897747993469,-0.3783676028251648,-0.9051854014396667,-0.8844612240791321,-0.40216511487960815,-0.5126268863677979,0.5066712498664856,-0.41573965549468994,-0.5565979480743408,0.03580247983336449,1.508725643157959,-0.39105743169784546,-0.6328372955322266,-0.22767537832260132,1.5063890218734741,0.009090272709727287,-0.872658371925354,-0.10634118318557739,1.791135311126709,-0.3306128978729248,0.708443284034729,0.8788548111915588,0.5746558904647827,-0.26401287317276,-0.9647385478019714,-0.07632702589035034,-0.9755438566207886,0.4800519347190857,0.6828488111495972,-0.2293025255203247,0.7779943346977234,-0.13458508253097534,-0.4346415400505066,1.2519252300262451,-0.301517128944397,3.1436209678649902,0.42900753021240234,0.7746854424476624,-0.4989928603172302,0.6602248549461365,-0.3661472797393799,-0.4538259506225586,2.3976547718048096,-0.32190966606140137,-0.5219053030014038,0.5637980103492737,-0.13295459747314453,-0.7093285322189331,0.6407755613327026,0.38043391704559326,-0.45137548446655273,2.464669704437256,3.0036988258361816,-0.9772459864616394,-0.3088510036468506,-0.9011663794517517,-0.16259968280792236
Alex Caruso,-0.559220552444458,-0.384757399559021,0.17517629265785217,1.1969128847122192,1.3377057313919067,-0.6799719333648682,0.6969009041786194,-0.23132073879241943,1.0090999603271484,2.3086068630218506,-0.5398756861686707,1.8091212511062622,-0.19974678754806519,-0.7017813920974731,4.583369731903076,1.3047646284103394,-0.8866872191429138,-0.2833902835845947,1.2601970434188843,1.8362953662872314,3.1313347816467285,-0.6303783059120178,0.7617396116256714,-0.17923617362976074,-0.48273736238479614,-0.9607535600662231,-0.9234021306037903,-0.5912084579467773,-0.404643714427948,0.4008011519908905,-0.42592853307724,-0.8012136816978455,-0.2662389874458313,1.5694869756698608,-0.30067992210388184,-0.8277705907821655,-0.19165724515914917,1.9155865907669067,-0.21261632442474365,-0.9388193488121033,-0.28983592987060547,2.0309975147247314,0.05736377462744713,1.4352154731750488,1.2166739702224731,1.2501224279403687,0.1591009795665741,-0.9796466827392578,0.5158088803291321,-0.9814531803131104,0.6163819432258606,1.041580319404602,0.529329240322113,0.9429733753204346,0.3232960104942322,-0.5847902297973633,1.2368266582489014,-0.4622344970703125,4.217479228973389,0.3875117301940918,1.5981409549713135,-0.24461346864700317,1.3002135753631592,-0.09127295017242432,-0.6820404529571533,2.615347146987915,-0.05334579944610596,-0.4385727047920227,0.40880733728408813,-0.11224973201751709,-0.7161023616790771,1.629740595817566,1.2679814100265503,-0.4398775100708008,2.967879056930542,3.6009817123413086,-0.9932854771614075,-0.4521840810775757,-0.9298685789108276,-0.31367993354797363
Stephon Castle,-0.05415308475494385,-0.37859803438186646,-0.15536868572235107,0.7569480538368225,1.0848029851913452,-0.8411247730255127,1.0795940160751343,-0.5251516103744507,1.492249846458435,1.0851432085037231,-0.24406588077545166,1.0978388786315918,-0.2342643141746521,-0.4961456060409546,4.9864068031311035,0.088968925178051,-0.9146251678466797,-0.44885772466659546,0.3420475423336029,1.7488887310028076,3.652559280395508,-0.7545297145843506,-0.09285092353820801,-0.5260091423988342,-0.3693472146987915,-0.8738725185394287,-0.9274073839187622,-0.23420751094818115,-0.6045259237289429,0.8306190371513367,-0.6635099053382874,-0.5016878843307495,0.5943281650543213,1.7982875108718872,-0.4230547547340393,-0.559029757976532,0.17292733490467072,2.0439248085021973,0.10141532123088837,-0.8747727870941162,-0.07403922080993652,1.6066974401474,-0.22592902183532715,0.43008890748023987,0.8443499803543091,0.553396999835968,-0.439153254032135,-0.9772303104400635,-0.3069393038749695,-0.9855342507362366,0.5292716026306152,0.702366054058075,-0.4563824534416199,0.15432320535182953,-0.35424864292144775,-0.49660974740982056,1.6316509246826172,-0.13423746824264526,3.0913503170013428,0.2239709347486496,0.9006297588348389,-0.6201006174087524,0.4560999572277069,-0.573387622833252,-0.02763676643371582,2.839406967163086,-0.4662608504295349,-0.4839205741882324,0.5234312415122986,-0.1290077567100525,-0.8080963492393494,0.3353103995323181,-0.17972570657730103,-0.2932068705558777,2.4823930263519287,3.069126605987549,-0.9827519655227661,-0.13312393426895142,-0.9238741397857666,0.18694719672203064
Julian Champagnie,-0.6967937350273132,-0.39026373624801636,0.05529166758060455,1.5025993585586548,1.5931174755096436,-0.8041841983795166,0.9934234619140625,-0.40961623191833496,1.3697236776351929,2.733006000518799,-0.5893664360046387,2.2631187438964844,-0.12778162956237793,-0.789656937122345,6.30267333984375,1.3685859441757202,-0.9533279538154602,-0.2820729613304138,1.6388909816741943,2.3148818016052246,4.089244842529297,-0.7874403595924377,0.9089712500572205,-0.30181974172592163,-0.5685373544692993,-0.983022153377533,-0.9673573970794678,-0.6315869688987732,-0.5574638843536377,0.3913288414478302,-0.5710983872413635,-0.8471600413322449,-0.054412841796875,1.9443514347076416,-0.3393242359161377,-0.8843350410461426,-0.1381431221961975,2.483497381210327,-0.27293485403060913,-0.9727144241333008,-0.5250194072723389,2.42645525932312,0.25775569677352905,1.9227837324142456,1.7623330354690552,1.5551650524139404,0.2828081548213959,-0.9929304122924805,0.6510923504829407,-0.9946772456169128,0.9528467655181885,1.481021523475647,0.6993460059165955,0.7552472949028015,0.42981475591659546,-0.6647441387176514,1.4891804456710815,-0.451379656791687,5.280402183532715,0.13119710981845856,2.095994710922241,-0.2858670949935913,1.4242041110992432,-0.2006850242614746,-0.7070931196212769,3.540646553039551,0.05258580669760704,-0.5510262250900269,0.224903404712677,-0.15630865097045898,-0.8128379583358765,2.4687044620513916,1.4102067947387695,-0.40726369619369507,3.452563762664795,4.587596416473389,-0.9988313913345337,-0.5174456834793091,-0.9719998240470886,-0.15300190448760986
Max Christie,-0.5504653453826904,-0.4008599519729614,0.04996621608734131,1.1847726106643677,1.38084876537323,-0.7971116900444031,1.0591871738433838,-0.37603020668029785,1.3333141803741455,2.2508225440979004,-0.47645705938339233,1.8869233131408691,-0.1481633186340332,-0.7294950485229492,5.557767868041992,1.0834381580352783,-0.933037519454956,-0.3434385061264038,1.2632081508636475,2.184321880340576,3.8055107593536377,-0.7372690439224243,0.5286040902137756,-0.2775653600692749,-0.5117526054382324,-0.9682558178901672,-0.9547480940818787,-0.5569964647293091,-0.5787391066551208,0.6414318084716797,-0.5400377511978149,-0.7757554054260254,0.02303376793861389,1.9581903219223022,-0.30251801013946533,-0.8223848342895508,-0.10793238878250122,2.265162467956543,-0.13713061809539795,-0.9473875761032104,-0.30317360162734985,2.2320261001586914,-0.10665887594223022,1.309978723526001,1.4162321090698242,1.0909024477005005,-0.07964324951171875,-0.9874618053436279,0.40089163184165955,-0.9910084009170532,0.7717598080635071,1.232461929321289,0.20141108334064484,0.7624062299728394,0.2151443213224411,-0.6297168731689453,1.4884377717971802,-0.38333243131637573,4.574857234954834,0.29438289999961853,1.602887749671936,-0.41379761695861816,1.0185447931289673,-0.2641853094100952,-0.6051522493362427,3.233288288116455,-0.16634613275527954,-0.4692719578742981,0.4631870687007904,-0.09987163543701172,-0.7754025459289551,1.5988836288452148,0.96906578540802,-0.5024846792221069,3.1583659648895264,4.056783199310303,-0.9967285990715027,-0.37971198558807373,-0.9559003710746765,-0.17686283588409424
Jaylen Clark,-0.5828844904899597,-0.4173774719238281,0.33277246356010437,0.9572703242301941,1.0936118364334106,-0.5029888153076172,0.5633223652839661,0.017582662403583527,0.8839370012283325,2.4116709232330322,-0.5062670111656189,1.6964620351791382,-0.1939762830734253,-0.6844627857208252,3.650937557220459,1.4351489543914795,-0.7674105167388916,-0.3061566948890686,1.3193414211273193,1.5649856328964233,2.3963208198547363,-0.4497796893119812,0.8170006275177002,0.1632387638092041,-0.4092026948928833,-0.952407956123352,-0.86952143907547,-0.6597306728363037,-0.35751116275787354,0.4380298852920532,-0.16983914375305176,-0.8081796169281006,-0.5281041860580444,1.4810657501220703,-0.1280275583267212,-0.8239966630935669,-0.3218008279800415,1.5299479961395264,-0.292919397354126,-0.9091314077377319,-0.15199649333953857,1.9274324178695679,-0.1567712426185608,1.1410706043243408,1.1386590003967285,1.0284476280212402,0.18709039688110352,-0.960512101650238,0.6912032961845398,-0.9501792788505554,0.6084783673286438,0.9941925406455994,0.5810665488243103,1.207600712776184,0.47803884744644165,-0.557875394821167,1.012076735496521,-0.5953322649002075,4.052402019500732,0.489087849855423,1.3623595237731934,-0.23533594608306885,1.1130069494247437,0.24830394983291626,-0.7590398788452148,2.1963768005371094,-0.15196800231933594,-0.29644471406936646,0.6054708361625671,-0.19736361503601074,-0.6051567196846008,1.3219733238220215,1.4358820915222168,-0.5624033808708191,2.7809791564941406,3.211545705795288,-0.9849345684051514,-0.4750521183013916,-0.8688185811042786,-0.3663506507873535
Jordan Clarkson,-0.32630980014801025,-0.3873591423034668,-0.2030889391899109,0.9875499606132507,1.2271018028259277,-0.8846889138221741,1.4272024631500244,-0.5866063833236694,1.8386313915252686,1.6411067247390747,-0.2565074563026428,1.5760098695755005,-0.2525203227996826,-0.6537644267082214,6.309979438781738,0.30227962136268616,-0.9584961533546448,-0.33762508630752563,0.7699543833732605,2.0343410968780518,4.489337921142578,-0.8240342140197754,0.0778053030371666,-0.5466653108596802,-0.45993369817733765,-0.9440050721168518,-0.9662164449691772,-0.39280080795288086,-0.6577223539352417,1.0029089450836182,-0.7311411499977112,-0.7095065712928772,0.640713095664978,2.2319183349609375,-0.381827175617218,-0.7428065538406372,0.31583213806152344,2.753000020980835,-0.005534231662750244,-0.9396694898605347,-0.242292582988739,2.04219126701355,-0.0850711464881897,0.7791699767112732,1.2327059507369995,0.9480000138282776,-0.35109883546829224,-0.9911867380142212,-0.0414043664932251,-0.9942129850387573,0.792387068271637,1.1827313899993896,-0.29690009355545044,0.04246743023395538,-0.19323283433914185,-0.6474634408950806,1.9051262140274048,-0.2636880874633789,4.222194671630859,0.13796819746494293,1.5097302198410034,-0.5927653908729553,0.6686617732048035,-0.5802538990974426,-0.20809608697891235,3.6216142177581787,-0.3942241668701172,-0.44835734367370605,0.49392569065093994,-0.16899752616882324,-0.8612604141235352,1.0499746799468994,0.18456345796585083,-0.3262692093849182,3.0487916469573975,3.956773519515991,-0.9963123798370361,-0.19942843914031982,-0.9608570337295532,0.2814483940601349
Nic Claxton,0.3871234059333801,-0.5213778018951416,0.2505709230899811,0.27537238597869873,0.7108844518661499,-0.47506505250930786,0.1766767054796219,0.09028849005699158,0.3599829375743866,0.4998052418231964,-0.03189289569854736,0.523388147354126,-0.23400098085403442,-0.4335954189300537,1.6060974597930908,0.19406649470329285,-0.5212794542312622,-0.484404981136322,-0.060496628284454346,1.2016626596450806,1.3813974857330322,-0.2549123167991638,0.07747767120599747,-0.30200207233428955,-0.19383710622787476,-0.6020966172218323,-0.6011461019515991,-0.31196367740631104,-0.38190698623657227,0.3170562982559204,-0.1464061737060547,-0.35117465257644653,0.04378525912761688,0.6084043383598328,-0.3638046383857727,0.07156860083341599,0.12921179831027985,0.8576313257217407,0.045334555208683014,-0.601041316986084,0.4433121979236603,1.0582727193832397,-0.5089191198348999,0.2738359868526459,0.14826661348342896,-0.18850988149642944,-0.4812012314796448,-0.8445860743522644,-0.450245201587677,-0.8554608821868896,0.02680640108883381,-0.006047964096069336,-0.48145169019699097,1.0866222381591797,-0.3320469260215759,-0.30892908573150635,0.7976024746894836,-0.43569737672805786,1.2837207317352295,0.35687676072120667,0.19958947598934174,-0.5476645231246948,0.23567946255207062,-0.3001026511192322,-0.25336289405822754,0.6801883578300476,-0.42134952545166016,-0.4049966335296631,0.991022527217865,0.06263705343008041,-0.3975808024406433,-0.41642075777053833,-0.16970598697662354,-0.1873154640197754,1.3268091678619385,1.3459348678588867,-0.6161837577819824,-0.10404372215270996,-0.6368186473846436,-0.28560924530029297
Donovan Clingan,-0.15482795238494873,-0.41321033239364624,0.17668907344341278,0.5183358192443848,0.7827727794647217,-0.42908453941345215,0.18641676008701324,-0.025548279285430908,0.2980528175830841,0.7952072024345398,-0.21158748865127563,0.6151553392410278,-0.13571327924728394,-0.3260999917984009,1.5976473093032837,0.5859395265579224,-0.45841020345687866,-0.4157404899597168,0.2216409295797348,1.0725041627883911,1.1702505350112915,-0.24950933456420898,0.24820277094841003,0.0008253934793174267,-0.21585869789123535,-0.7114778757095337,-0.5749619007110596,-0.3645206689834595,-0.2910984754562378,0.16751058399677277,-0.20359671115875244,-0.362329363822937,-0.18707525730133057,0.700400710105896,-0.2045021653175354,-0.4093431830406189,-0.1407250165939331,0.48590049147605896,-0.14413738250732422,-0.6182847023010254,0.21802100539207458,1.0378142595291138,-0.3218027949333191,0.49543991684913635,0.5253100991249084,0.19690747559070587,-0.3025592565536499,-0.8226720690727234,-0.15637636184692383,-0.7954961061477661,0.10260964184999466,0.21641181409358978,-0.12728112936019897,0.9000738859176636,-0.042823195457458496,-0.2635331153869629,0.5964989066123962,-0.3030400276184082,1.6001955270767212,0.26667162775993347,0.3999643325805664,-0.4077237844467163,0.45957696437835693,-0.033521175384521484,-0.3629937171936035,0.8163920640945435,-0.2656435966491699,-0.3073168992996216,0.5716734528541565,0.08726921677589417,-0.4127655625343323,0.04120968282222748,0.22667178511619568,-0.3200587034225464,1.4465935230255127,1.5204492807388306,-0.7462101578712463,-0.22487103939056396,-0.5893638134002686,-0.3355829119682312
Noah Clowney,-0.7131473422050476,-0.42399823665618896,0.07913335412740707,1.2838212251663208,1.4922080039978027,-0.8373812437057495,1.2134358882904053,-0.3574782609939575,1.3191726207733154,2.641411542892456,-0.5466137528419495,2.2598228454589844,-0.09059929847717285,-0.7817331552505493,6.400668621063232,1.3534572124481201,-0.9552412629127502,-0.1425687074661255,1.5250264406204224,2.1933536529541016,4.131525039672852,-0.7869375944137573,0.8992742300033569,-0.21196073293685913,-0.6155108213424683,-0.9796087741851807,-0.9686852097511292,-0.6507775187492371,-0.6092033982276917,0.6375761032104492,-0.5356009006500244,-0.8467954397201538,-0.07717615365982056,2.0698046684265137,-0.2084631323814392,-0.863196611404419,-0.07006007432937622,2.4873759746551514,-0.23511463403701782,-0.9667041301727295,-0.5019948482513428,2.4293551445007324,0.1922966092824936,1.7183326482772827,1.6909273862838745,1.3993319272994995,0.2050987184047699,-0.9926034808158875,0.690028965473175,-0.9941206574440002,0.9707475304603577,1.4811582565307617,0.5248410701751709,0.624832808971405,0.43360862135887146,-0.705432653427124,1.6531113386154175,-0.430685818195343,5.372628688812256,0.16325530409812927,2.1424572467803955,-0.28078436851501465,1.319693922996521,-0.1540490984916687,-0.6973487734794617,3.5758485794067383,-0.10005247592926025,-0.45731687545776367,0.3750322759151459,-0.11973786354064941,-0.7997127771377563,2.16689395904541,1.3245667219161987,-0.5274876356124878,3.5229954719543457,4.646836757659912,-0.9988906979560852,-0.4799288511276245,-0.9691716432571411,-0.20226597785949707
Amir Coffey,-0.5007137656211853,-0.38198697566986084,0.056892991065979004,1.1617463827133179,1.373608112335205,-0.7685621380805969,0.9641775488853455,-0.36252105236053467,1.341267466545105,2.2148215770721436,-0.4960850477218628,1.8064571619033813,-0.16297060251235962,-0.7056424617767334,5.291079521179199,1.053327202796936,-0.923716127872467,-0.39669209718704224,1.200747013092041,2.1922378540039062,3.672933578491211,-0.7111800909042358,0.5118669271469116,-0.2906019687652588,-0.4809078574180603,-0.966662585735321,-0.9497230648994446,-0.534355640411377,-0.5375030040740967,0.5957726240158081,-0.5266897678375244,-0.7602689266204834,0.010052623227238655,1.8623498678207397,-0.3393467664718628,-0.8144658803939819,-0.17218154668807983,2.1768383979797363,-0.11794924736022949,-0.9429517984390259,-0.2461531162261963,2.203544855117798,-0.1803654432296753,1.2623482942581177,1.3447728157043457,1.025484323501587,-0.07920455932617188,-0.9852757453918457,0.35594892501831055,-0.9896469712257385,0.7200244069099426,1.1437898874282837,0.2021889090538025,0.8439737558364868,0.13990385830402374,-0.5938577651977539,1.4012771844863892,-0.401236891746521,4.40416955947876,0.3413725793361664,1.4834007024765015,-0.4227871298789978,0.9631949067115784,-0.2862098217010498,-0.6049890518188477,3.106069564819336,-0.16658622026443481,-0.4776099920272827,0.4315713346004486,-0.14814883470535278,-0.763446033000946,1.5230457782745361,0.9366629123687744,-0.49663037061691284,3.061229705810547,3.9179601669311523,-0.995556116104126,-0.3791648745536804,-0.9512453675270081,-0.16346681118011475
Isaiah Collier,-0.2566242218017578,-0.35857850313186646,0.12680524587631226,0.7566107511520386,1.0963795185089111,-0.7060062885284424,0.8020358681678772,-0.2750589847564697,0.9334457516670227,1.536588191986084,-0.29032063484191895,1.4010107517242432,-0.2238861322402954,-0.5973398685455322,3.870603561401367,0.7990278601646423,-0.8373379707336426,-0.31496649980545044,0.777935266494751,1.5640453100204468,2.862248659133911,-0.58877032995224,0.22815069556236267,-0.2627063989639282,-0.3710082173347473,-0.8897385597229004,-0.8688287734985352,-0.39933842420578003,-0.5085896253585815,0.6152095198631287,-0.4718382954597473,-0.6593714952468872,0.0015155812725424767,1.5345698595046997,-0.28739500045776367,-0.6426297426223755,0.01711713708937168,1.7538493871688843,-0.020457804203033447,-0.8472903370857239,-0.020540058612823486,1.708713412284851,-0.17257583141326904,0.6649338603019714,0.784066915512085,0.7296831607818604,-0.19851577281951904,-0.9637239575386047,0.023989645764231682,-0.9684049487113953,0.46597492694854736,0.7443528175354004,-0.1979900598526001,0.6491339802742004,-0.027782917022705078,-0.5074970722198486,1.2541674375534058,-0.3416609764099121,3.1083152294158936,0.31851422786712646,1.001384973526001,-0.4365364909172058,0.8092136979103088,-0.33552634716033936,-0.4582328200340271,2.2687172889709473,-0.32243454456329346,-0.3988557457923889,0.6576305031776428,0.0002609063230920583,-0.687567949295044,0.617510974407196,0.5020939111709595,-0.4066455364227295,2.3640828132629395,2.8366858959198,-0.9761844873428345,-0.2220889925956726,-0.8799410462379456,-0.18608641624450684
John Collins,0.21407565474510193,-0.4103924632072449,-0.1494099497795105,0.796075165271759,1.0253046751022339,-0.813833475112915,0.9480296969413757,-0.589409589767456,1.505613088607788,0.713378369808197,-0.16387873888015747,0.7533378601074219,-0.23835515975952148,-0.41803139448165894,4.52581787109375,-0.21741712093353271,-0.9027568697929382,-0.6115859150886536,0.10262177139520645,1.8860340118408203,3.434516668319702,-0.7457162737846375,-0.32701700925827026,-0.5760822296142578,-0.24836242198944092,-0.8241709470748901,-0.9267412424087524,-0.05150032043457031,-0.6160712242126465,0.6831113696098328,-0.6459359526634216,-0.28209006786346436,0.8025644421577454,1.6745920181274414,-0.51169753074646,-0.46389102935791016,0.24903444945812225,1.7825853824615479,0.09884586930274963,-0.8616140484809875,0.09309105575084686,1.4970654249191284,-0.33171916007995605,0.25260671973228455,0.8090311288833618,0.2256900668144226,-0.5456610918045044,-0.9651146531105042,-0.4223204255104065,-0.9832925200462341,0.3330327570438385,0.519990086555481,-0.571698784828186,0.18791703879833221,-0.46151524782180786,-0.40854859352111816,1.416253924369812,-0.08502650260925293,2.5361220836639404,0.3102110028266907,0.5766759514808655,-0.6913678646087646,0.1849154531955719,-0.6151777505874634,0.32763436436653137,2.579868793487549,-0.42715930938720703,-0.5436992645263672,0.5139447450637817,-0.11081302165985107,-0.8123049736022949,0.13171757757663727,-0.3837384581565857,-0.16585850715637207,2.1698684692382812,2.6646194458007812,-0.9663870334625244,0.02565556764602661,-0.9123690128326416,0.3341783285140991
Zach Collins,-0.39462363719940186,-0.3843150734901428,0.21473091840744019,0.9936955571174622,1.1588224172592163,-0.5825164318084717,0.5912113785743713,-0.22897464036941528,0.8455471992492676,1.7336291074752808,-0.4706963896751404,1.386358380317688,-0.18298494815826416,-0.5657743215560913,3.4169135093688965,1.01280677318573,-0.8004266023635864,-0.427354097366333,0.8843989372253418,1.6738251447677612,2.4067087173461914,-0.49037498235702515,0.47377103567123413,-0.13631558418273926,-0.34084200859069824,-0.9117831587791443,-0.8473822474479675,-0.5236880779266357,-0.34743398427963257,0.3152346611022949,-0.27807366847991943,-0.652534544467926,-0.2842952013015747,1.27861487865448,-0.28972089290618896,-0.7382858991622925,-0.24222755432128906,1.2070592641830444,-0.17066627740859985,-0.8806033730506897,-0.03294938802719116,1.7658220529556274,-0.22899937629699707,0.9316021203994751,0.964909017086029,0.7804660201072693,-0.03554123640060425,-0.9509925246238708,0.2725598216056824,-0.9547748565673828,0.35778093338012695,0.7006601691246033,0.20124292373657227,0.9772623777389526,0.13336804509162903,-0.4392109513282776,1.0205161571502686,-0.4124586582183838,3.2042593955993652,0.5040079355239868,1.0221720933914185,-0.3527417778968811,0.8851652145385742,-0.06828999519348145,-0.5817489624023438,2.033440589904785,-0.16213780641555786,-0.42805230617523193,0.5193397998809814,-0.12337124347686768,-0.6313555240631104,0.9357333779335022,0.8689131736755371,-0.46611177921295166,2.4226925373077393,2.816814422607422,-0.9728520512580872,-0.3543977737426758,-0.8603984713554382,-0.30915218591690063
Mike Conley,-0.727280855178833,-0.42989325523376465,0.13129748404026031,1.2060264348983765,1.5032743215560913,-0.7904146909713745,1.1496357917785645,-0.20108234882354736,1.2356233596801758,2.9169018268585205,-0.5217456817626953,2.3689677715301514,-0.12282824516296387,-0.8097837567329407,6.154582977294922,1.606555461883545,-0.9429554343223572,-0.06613314151763916,1.722212314605713,2.147066354751587,4.03849458694458,-0.7475179433822632,0.9077329635620117,-0.07049840688705444,-0.6059054732322693,-0.9822854399681091,-0.9651422500610352,-0.6831656694412231,-0.5893142819404602,0.6839162707328796,-0.5121785402297974,-0.8834341764450073,-0.22266227006912231,2.1153128147125244,-0.14102303981781006,-0.8783829212188721,-0.04326283931732178,2.658027172088623,-0.29302823543548584,-0.9641868472099304,-0.4029484987258911,2.548508882522583,0.10803399235010147,1.7300716638565063,1.6834911108016968,1.4455573558807373,0.2785007357597351,-0.9920814037322998,0.8274158239364624,-0.9926567673683167,1.0038518905639648,1.5741833448410034,0.6403699517250061,0.8227652907371521,0.5308566689491272,-0.7262886762619019,1.6024690866470337,-0.541753888130188,5.51085090637207,0.17645184695720673,2.2410125732421875,-0.2249288558959961,1.3813972473144531,-0.07115590572357178,-0.7550105452537537,3.4710185527801514,-0.06763583421707153,-0.39126718044281006,0.48024460673332214,-0.07790642976760864,-0.7691248655319214,2.2041983604431152,1.614202857017517,-0.5543473362922668,3.532078266143799,4.667689800262451,-0.9987679123878479,-0.47242242097854614,-0.9660480618476868,-0.2473313808441162
Pat Connaughton,-0.5915388464927673,-0.31408023834228516,0.22232116758823395,1.2544223070144653,1.2413004636764526,-0.606069028377533,0.5003007054328918,-0.2897456884384155,0.8760871291160583,2.1977596282958984,-0.5371063351631165,1.717118740081787,-0.18124675750732422,-0.6318850517272949,3.8275153636932373,1.4275890588760376,-0.8283199071884155,-0.39163005352020264,1.3263581991195679,1.7825617790222168,2.5720744132995605,-0.5447355508804321,0.8301693797111511,-0.03984349966049194,-0.32894134521484375,-0.957582414150238,-0.8658797740936279,-0.5972594022750854,-0.3283400535583496,0.20983971655368805,-0.4140337109565735,-0.7522364258766174,-0.3721311092376709,1.4024763107299805,-0.22187107801437378,-0.8397524356842041,-0.3639206290245056,1.4426143169403076,-0.23951035737991333,-0.9184991717338562,-0.2759776711463928,1.8298282623291016,0.046163663268089294,1.3444700241088867,1.2713027000427246,1.3002628087997437,0.1555379182100296,-0.9705155491828918,0.51319819688797,-0.968193769454956,0.5032467842102051,0.9765238165855408,0.5827230215072632,1.1382334232330322,0.43013855814933777,-0.4732508659362793,0.9314252734184265,-0.42332255840301514,3.882086992263794,0.2284563034772873,1.3741830587387085,-0.23705142736434937,1.2111377716064453,0.1279439479112625,-0.7154726982116699,2.3611955642700195,-0.09417551755905151,-0.4457508325576782,0.39895421266555786,-0.1383238434791565,-0.6426222324371338,1.5933736562728882,1.220361351966858,-0.4361155033111572,2.7481133937835693,3.1675422191619873,-0.9878426790237427,-0.5128166675567627,-0.8930213451385498,-0.35308825969696045
Bilal Coulibaly,-0.17930948734283447,-0.3764585256576538,-0.061955273151397705,0.8688482046127319,1.155403733253479,-0.8189533352851868,1.002811074256897,-0.4387451410293579,1.3062543869018555,1.384465217590332,-0.32193416357040405,1.2980889081954956,-0.22744238376617432,-0.5782530307769775,4.832162857055664,0.43320131301879883,-0.9108597040176392,-0.3814854025840759,0.5589632391929626,1.8080772161483765,3.5199670791625977,-0.7208704352378845,0.09893164038658142,-0.46700912714004517,-0.4313465356826782,-0.9074645042419434,-0.927064061164856,-0.34311747550964355,-0.5655421018600464,0.7539887428283691,-0.6088290214538574,-0.6003277897834778,0.3775743246078491,1.757833480834961,-0.39798998832702637,-0.6432355642318726,0.06218579411506653,2.0214412212371826,0.025933735072612762,-0.8931055665016174,-0.13006657361984253,1.7689050436019897,-0.19843578338623047,0.7055684328079224,0.9137263894081116,0.6996065378189087,-0.3660767674446106,-0.9780789017677307,-0.13714909553527832,-0.9850771427154541,0.525749683380127,0.7905610799789429,-0.29349321126937866,0.39713606238365173,-0.195847749710083,-0.5431917905807495,1.532038688659668,-0.2137654423713684,3.3509104251861572,0.30104464292526245,1.0545824766159058,-0.5338743329048157,0.6874449849128723,-0.4946359395980835,-0.2634674906730652,2.731867551803589,-0.34913134574890137,-0.4639594554901123,0.5120221972465515,-0.059625208377838135,-0.7858233451843262,0.6482816338539124,0.16952264308929443,-0.3607165217399597,2.634039878845215,3.232287883758545,-0.9861711263656616,-0.2207520604133606,-0.9259928464889526,-0.02826899290084839
Ricky Council IV,-0.48056358098983765,-0.3556564450263977,0.1052604392170906,1.0150882005691528,1.2743958234786987,-0.7586226463317871,0.9604893922805786,-0.2928510904312134,1.1844030618667603,2.1792261600494385,-0.5038366317749023,1.8370696306228638,-0.14846718311309814,-0.6876442432403564,4.928445816040039,1.1179043054580688,-0.900240957736969,-0.32181310653686523,1.1823583841323853,1.8950390815734863,3.3841545581817627,-0.6822223663330078,0.5678665041923523,-0.2407039999961853,-0.4826350808143616,-0.9550699591636658,-0.9232444167137146,-0.5395109057426453,-0.5091781616210938,0.6398836970329285,-0.4648559093475342,-0.7457574605941772,-0.13276827335357666,1.773074746131897,-0.2841458320617676,-0.7857320308685303,-0.24529540538787842,1.97617506980896,-0.09382307529449463,-0.9199178218841553,-0.22863531112670898,2.094118595123291,-0.18349766731262207,1.0855656862258911,1.1891348361968994,1.0155025720596313,0.0011123152216896415,-0.9816648960113525,0.3308658003807068,-0.9848136305809021,0.6917771697044373,1.0650200843811035,0.16380886733531952,0.7918711304664612,0.11629532277584076,-0.5673864483833313,1.4086273908615112,-0.39281773567199707,4.182016849517822,0.3322194218635559,1.3684371709823608,-0.39364826679229736,1.0094999074935913,-0.22768092155456543,-0.6321209669113159,2.9063925743103027,-0.25997453927993774,-0.457767128944397,0.47866499423980713,-0.13556146621704102,-0.731127142906189,1.306026816368103,0.9245328903198242,-0.539352536201477,2.986502170562744,3.6822099685668945,-0.9938874840736389,-0.39184802770614624,-0.933266818523407,-0.23458003997802734
Torrey Craig,-0.7589235901832581,-0.44321972131729126,0.43689024448394775,1.4992042779922485,1.4895581007003784,-0.6987842917442322,0.7857406139373779,-0.1350650191307068,1.1427119970321655,3.2939670085906982,-0.6501562595367432,2.5769543647766113,-0.24896061420440674,-0.8195499777793884,5.53972053527832,2.09171986579895,-0.9133590459823608,-0.25740039348602295,2.0169575214385986,2.1183300018310547,3.4463837146759033,-0.6303096413612366,1.4333064556121826,-0.014084994792938232,-0.5273282527923584,-0.9877451062202454,-0.9449489712715149,-0.7923529148101807,-0.41057848930358887,0.3582702875137329,-0.32374846935272217,-0.9126812815666199,-0.5801361799240112,1.9068939685821533,-0.09908187389373779,-0.9187493324279785,-0.3954432010650635,2.265723705291748,-0.38786280155181885,-0.9719415307044983,-0.4827724099159241,2.491042375564575,0.23877498507499695,1.9025770425796509,1.674006700515747,1.9149737358093262,0.5021538734436035,-0.9917778372764587,1.085121512413025,-0.9894719123840332,0.9493705034255981,1.520837664604187,1.0291633605957031,1.3916683197021484,0.8464122414588928,-0.6923861503601074,1.397599697113037,-0.661392092704773,5.753844738006592,0.363860547542572,2.2213099002838135,-0.04675149917602539,1.7564550638198853,0.3231159746646881,-0.8666029572486877,3.2532925605773926,-0.03322136402130127,-0.4332066774368286,0.6404858827590942,-0.31826460361480713,-0.7183650135993958,2.4144725799560547,2.1356985569000244,-0.5485458374023438,3.851426124572754,4.589166164398193,-0.9983582496643066,-0.6845991611480713,-0.9556592106819153,-0.41222047805786133
Cade Cunningham,0.36572393774986267,-0.4424586892127991,-0.21655666828155518,0.7818806767463684,0.9467325210571289,-0.898983359336853,1.3262243270874023,-0.694770097732544,1.8510539531707764,0.5637810230255127,0.030938586220145226,0.9165667295455933,-0.39808017015457153,-0.46382826566696167,5.430105209350586,-0.36609530448913574,-0.9500881433486938,-0.517923891544342,0.018899977207183838,1.8607970476150513,4.209237575531006,-0.814706563949585,-0.4012255072593689,-0.6971510648727417,-0.20462220907211304,-0.8105694055557251,-0.9480023384094238,0.002247371943667531,-0.650316059589386,1.0129953622817993,-0.773098349571228,-0.438930869102478,1.2031283378601074,2.0355281829833984,-0.47305721044540405,-0.4457428455352783,0.5966402888298035,2.4764328002929688,0.09824962168931961,-0.8832208514213562,0.21815909445285797,1.5092288255691528,-0.2534979581832886,0.005194908939301968,0.7731669545173645,0.5253922939300537,-0.5893523693084717,-0.9826809167861938,-0.551249623298645,-0.9921766519546509,0.33256474137306213,0.7121124267578125,-0.6880612373352051,-0.28090977668762207,-0.5721026659011841,-0.5317121744155884,1.8157795667648315,-0.008842110633850098,2.8447484970092773,0.09293939918279648,0.9507746696472168,-0.7129416465759277,0.29385021328926086,-0.725061297416687,0.6393221616744995,3.097989559173584,-0.5338103771209717,-0.49838364124298096,0.6797865629196167,-0.10700297355651855,-0.8651277422904968,0.05188550427556038,-0.4751359820365906,0.040379419922828674,2.5476481914520264,2.889402389526367,-0.9786826372146606,0.025914549827575684,-0.9310754537582397,0.5839762091636658
Seth Curry,-0.6904617547988892,-0.40296435356140137,0.3139146864414215,1.3929715156555176,1.5224370956420898,-0.7344422340393066,0.9176692962646484,-0.15560585260391235,1.0582587718963623,2.938890218734741,-0.5611427426338196,2.360959768295288,-0.23484790325164795,-0.7981205582618713,5.297891616821289,1.9294902086257935,-0.9267022013664246,-0.16784393787384033,1.7582571506500244,2.2782981395721436,3.6611108779907227,-0.6306827068328857,1.060477375984192,-0.03109145164489746,-0.5568979978561401,-0.9851111769676208,-0.953410804271698,-0.7170292139053345,-0.43606269359588623,0.55031418800354,-0.4597904086112976,-0.8926280736923218,-0.3981410264968872,1.9634466171264648,-0.11253505945205688,-0.8993716835975647,-0.24802374839782715,2.4718892574310303,-0.27237921953201294,-0.9627944231033325,-0.2721484899520874,2.5137531757354736,0.024905536323785782,1.7971659898757935,1.5338051319122314,1.641943335533142,0.1995534747838974,-0.9907851815223694,0.896917462348938,-0.9906697869300842,0.7698977589607239,1.4517573118209839,0.7306953072547913,1.3372318744659424,0.6951247453689575,-0.7130862474441528,1.3630971908569336,-0.5566927194595337,5.348208427429199,0.3903839588165283,2.119572877883911,-0.0949447751045227,1.5617083311080933,0.05569826811552048,-0.8032585382461548,3.1496827602386475,0.0617300420999527,-0.33632874488830566,0.62804114818573,-0.06892669200897217,-0.7026880383491516,2.1248271465301514,1.8426694869995117,-0.5690420866012573,3.63810133934021,4.437302589416504,-0.9979124665260315,-0.5469812154769897,-0.9556863307952881,-0.4584026336669922
Stephen Curry,-0.4908072352409363,-0.452877402305603,-0.33345669507980347,1.3043292760849,1.473434329032898,-0.9309331178665161,1.6965875625610352,-0.7248905897140503,2.3204846382141113,1.7348092794418335,-0.3020123243331909,1.7739508152008057,-0.22725194692611694,-0.7024178504943848,7.944594383239746,0.12034471333026886,-0.9831965565681458,-0.4159090518951416,0.8792262077331543,2.550286054611206,5.469979286193848,-0.899489164352417,0.09450068324804306,-0.6304514408111572,-0.4936460256576538,-0.9683772325515747,-0.9858354330062866,-0.4237765073776245,-0.7400083541870117,0.9586061239242554,-0.812800407409668,-0.7364657521247864,1.0229592323303223,2.549740791320801,-0.4209573268890381,-0.8048621416091919,0.4877602756023407,3.213059186935425,-0.0585399866104126,-0.9727394580841064,-0.42429226636886597,2.2497198581695557,0.08957467973232269,1.140078067779541,1.7108064889907837,1.1833630800247192,-0.36617082357406616,-0.9966561794281006,-0.07060354948043823,-0.9982622265815735,1.0194753408432007,1.5089164972305298,-0.3001061677932739,-0.21213006973266602,-0.21921014785766602,-0.6897280216217041,2.168015956878662,-0.18415099382400513,5.014125823974609,-0.05963021516799927,1.9327540397644043,-0.6578061580657959,0.6718833446502686,-0.6584381461143494,-0.044544517993927,4.519464492797852,-0.38017773628234863,-0.5485907793045044,0.3745097219944,-0.23580306768417358,-0.9123911261558533,1.596693754196167,0.13638043403625488,-0.20285898447036743,3.48933744430542,4.764761924743652,-0.9990736842155457,-0.2719651460647583,-0.9825381636619568,0.5505350828170776
Pacome Dadiet,-0.8364895582199097,-0.43040335178375244,0.7882781624794006,1.3779503107070923,1.2992724180221558,-0.6510802507400513,0.7981687784194946,0.12650536000728607,0.6991639137268066,3.330697536468506,-0.668872058391571,2.613189220428467,-0.23317527770996094,-0.7973035573959351,4.492554187774658,2.5319395065307617,-0.8759188652038574,0.08217983692884445,2.0449538230895996,1.952479600906372,2.7229952812194824,-0.41484856605529785,1.8197845220565796,0.6127944588661194,-0.5767127275466919,-0.9881024956703186,-0.915219783782959,-0.8447728753089905,-0.3108401298522949,0.47021281719207764,0.02177581936120987,-0.9281123280525208,-0.7635846138000488,1.7914750576019287,0.47057005763053894,-0.9285354018211365,-0.520699679851532,1.7919889688491821,-0.4011136293411255,-0.9637378454208374,-0.45536869764328003,2.386777400970459,0.2259068787097931,1.9696846008300781,1.621978998184204,1.9024913311004639,0.5741017460823059,-0.9860328435897827,1.4785537719726562,-0.975497841835022,0.803290605545044,1.5411888360977173,1.19015634059906,1.7381618022918701,1.2891160249710083,-0.7300810813903809,1.0366239547729492,-0.6656463742256165,5.909443378448486,0.4767971932888031,2.3292276859283447,0.29970669746398926,1.8388416767120361,0.8189448714256287,-0.9102516174316406,2.771158456802368,0.024107614532113075,-0.11479318141937256,0.8253290057182312,-0.2398226261138916,-0.5251470804214478,2.2920093536376953,2.4642603397369385,-0.7244515419006348,3.9181859493255615,4.323404312133789,-0.9978567957878113,-0.7238738536834717,-0.9123552441596985,-0.6391302347183228
Dyson Daniels,0.07869234681129456,-0.38438475131988525,0.06474299728870392,0.8336746096611023,1.1313046216964722,-0.7325788736343384,0.6178522706031799,-0.32183611392974854,0.8514295816421509,1.0027583837509155,-0.21088773012161255,0.9309753179550171,-0.28127360343933105,-0.5001308917999268,3.5915751457214355,0.3219921886920929,-0.8440635204315186,-0.3655409812927246,0.24400600790977478,1.4311726093292236,2.792271852493286,-0.6159693002700806,0.06838326901197433,-0.47134512662887573,-0.4428960680961609,-0.8316618800163269,-0.8860251307487488,-0.19157683849334717,-0.45475465059280396,0.5285388827323914,-0.5625825524330139,-0.5911580324172974,0.36742880940437317,1.2824645042419434,-0.46500468254089355,-0.5286391973495483,0.2770851254463196,1.7849255800247192,0.01603628508746624,-0.8400903940200806,0.007039343006908894,1.4840307235717773,-0.01799553632736206,0.703442394733429,0.5455648899078369,0.5973827838897705,-0.3620415925979614,-0.957728922367096,-0.24119585752487183,-0.9675520658493042,0.2724493741989136,0.41639673709869385,-0.2696957588195801,0.4298863112926483,-0.2071526050567627,-0.5019457340240479,1.2677586078643799,-0.25190478563308716,2.4241302013397217,0.45398613810539246,0.8233663439750671,-0.48940420150756836,0.8516752123832703,-0.5433666706085205,-0.12396472692489624,1.8444737195968628,-0.1817438006401062,-0.4086120128631592,0.485758513212204,0.10295844078063965,-0.7608438730239868,0.40544623136520386,0.08262816071510315,-0.10225272178649902,2.1062052249908447,2.4890482425689697,-0.9535095691680908,-0.0502966046333313,-0.8719046115875244,-0.1289680004119873
Tristan Da Silva,-0.551581859588623,-0.35907745361328125,0.184312105178833,1.1607285737991333,1.3151628971099854,-0.6864829063415527,0.7015172243118286,-0.19814532995224,0.8887731432914734,2.3183484077453613,-0.5117534399032593,1.8090970516204834,-0.20596706867218018,-0.7121685743331909,4.466108798980713,1.3381513357162476,-0.8827458024024963,-0.17933356761932373,1.2366410493850708,1.75625741481781,3.1127140522003174,-0.6299935579299927,0.7432273030281067,-0.16961216926574707,-0.509232759475708,-0.9589308500289917,-0.9230517148971558,-0.5707667469978333,-0.4226481318473816,0.4669590890407562,-0.45043909549713135,-0.8086230754852295,-0.251950740814209,1.6097773313522339,-0.2991439700126648,-0.8274749517440796,-0.12744855880737305,2.007613182067871,-0.2297115921974182,-0.9345271587371826,-0.30946463346481323,2.07720685005188,0.1290779560804367,1.472895860671997,1.1809436082839966,1.2394486665725708,0.12976087629795074,-0.979234516620636,0.5496331453323364,-0.9805450439453125,0.5674248933792114,1.0658587217330933,0.5560495853424072,0.9046627283096313,0.3576182723045349,-0.6148883104324341,1.2064099311828613,-0.4718182682991028,4.158788204193115,0.3690090775489807,1.6364119052886963,-0.22015124559402466,1.3616026639938354,-0.10369521379470825,-0.6672812700271606,2.482194423675537,0.008438020944595337,-0.40775126218795776,0.37179863452911377,0.0013544480316340923,-0.7239322066307068,1.648086428642273,1.252729892730713,-0.43513405323028564,2.9422833919525146,3.5542192459106445,-0.99300217628479,-0.4193713068962097,-0.9261718392372131,-0.3397213816642761
Anthony Davis,0.42583513259887695,-0.5934901237487793,-0.0634223222732544,0.48094046115875244,0.7636680603027344,-0.8759427070617676,1.1851794719696045,-0.5900624990463257,1.7346831560134888,0.3606720268726349,0.07702125608921051,0.8072097897529602,-0.3391759395599365,-0.3756241202354431,4.9166364669799805,-0.3596618175506592,-0.9321796298027039,-0.6671094298362732,-0.07999241352081299,2.0700645446777344,3.5894408226013184,-0.7602219581604004,-0.3730393052101135,-0.6846717000007629,-0.16358298063278198,-0.725830078125,-0.9229881167411804,-0.17823803424835205,-0.695999026298523,0.9691721200942993,-0.6167733669281006,-0.18719303607940674,1.0379067659378052,1.813604474067688,-0.43918800354003906,-0.05394411087036133,0.3661198914051056,1.8350485563278198,0.24468344449996948,-0.8475639820098877,0.3104378879070282,1.3915375471115112,-0.5428357124328613,-0.21665167808532715,0.6923179626464844,-0.11347925662994385,-0.6713697910308838,-0.9760771989822388,-0.6067125797271729,-0.9895410537719727,0.2207169085741043,0.4249832034111023,-0.7982162237167358,0.28665584325790405,-0.5784190893173218,-0.45040202140808105,1.7844035625457764,-0.1580439805984497,2.607381820678711,0.22851549088954926,0.6057267189025879,-0.7426776885986328,-0.17914313077926636,-0.6766496896743774,0.32390129566192627,2.79076886177063,-0.63094562292099,-0.5820319652557373,1.2319238185882568,-0.15417170524597168,-0.792202353477478,-0.4184240698814392,-0.5961339473724365,-0.14937418699264526,2.4369165897369385,2.5899906158447266,-0.9587003588676453,-0.05067801475524902,-0.9070016741752625,0.3760295510292053
JD Davison,-0.7538359761238098,-0.4835445284843445,0.5063298940658569,1.1842049360275269,1.2896687984466553,-0.5947198867797852,0.8034854531288147,0.2540919780731201,0.8360552787780762,3.2817699909210205,-0.5728473663330078,2.6174910068511963,-0.27998173236846924,-0.8210482001304626,4.4633283615112305,2.4306023120880127,-0.8456579446792603,0.1501033455133438,2.033720016479492,1.7571842670440674,2.8597259521484375,-0.41993945837020874,1.3981711864471436,0.39940035343170166,-0.5002176761627197,-0.9811958074569702,-0.8871908187866211,-0.8147499561309814,-0.2933286428451538,0.5785209536552429,-0.1530594825744629,-0.9265387058258057,-0.6781216859817505,1.805992841720581,0.2994547188282013,-0.9095558524131775,-0.3838527202606201,2.129823684692383,-0.40612953901290894,-0.9441202878952026,-0.20112890005111694,2.4188528060913086,-0.015269339084625244,1.6084210872650146,1.4163551330566406,1.8298759460449219,0.5223629474639893,-0.9860886335372925,1.130601167678833,-0.9732052683830261,0.8159743547439575,1.5841768980026245,0.9658621549606323,1.4635509252548218,0.9276536107063293,-0.7075523138046265,1.2683027982711792,-0.6933209896087646,5.366845607757568,0.4382430911064148,2.181663751602173,0.1616140604019165,1.7368630170822144,0.5099748373031616,-0.8825541138648987,2.736147880554199,-0.015212774276733398,-0.13302451372146606,0.893124520778656,-0.11212611198425293,-0.5668675899505615,2.005918502807617,2.414989948272705,-0.6568402051925659,3.770793914794922,4.164869785308838,-0.996116042137146,-0.656944751739502,-0.9029483795166016,-0.5762720704078674
Johnny Davis,-0.6644291877746582,-0.3869292736053467,0.4986386299133301,1.1031306982040405,0.9957885146141052,-0.44933825731277466,0.4407433271408081,0.052407700568437576,0.5824682712554932,2.4221925735473633,-0.5250979065895081,1.8436238765716553,-0.2279767394065857,-0.6707233786582947,2.9314846992492676,1.8385504484176636,-0.716681718826294,-0.1562862992286682,1.4624650478363037,1.4440028667449951,1.8226968050003052,-0.25093090534210205,1.1456398963928223,0.3456363081932068,-0.359843373298645,-0.9537965059280396,-0.7899742126464844,-0.7294732332229614,-0.17259496450424194,0.2782067358493805,-0.035222411155700684,-0.8277894854545593,-0.6492506861686707,1.2712820768356323,0.11511468887329102,-0.858014702796936,-0.4329211711883545,1.153193473815918,-0.3506293296813965,-0.9014430642127991,-0.2404698133468628,1.8210633993148804,0.01428738422691822,1.2928404808044434,1.1476291418075562,1.3327792882919312,0.31843867897987366,-0.9525324702262878,0.8865578770637512,-0.9208935499191284,0.4539710581302643,1.040366530418396,0.8224106431007385,1.375015377998352,0.8028679490089417,-0.5582718849182129,0.75764399766922,-0.5820291042327881,3.990025281906128,0.4367924928665161,1.4743003845214844,0.0724535882472992,1.3356764316558838,0.56479811668396,-0.8166764974594116,1.8569272756576538,0.02494239993393421,-0.18583393096923828,0.6360965371131897,-0.14457392692565918,-0.49193304777145386,1.5385987758636475,1.7318344116210938,-0.5691981315612793,2.8345704078674316,2.9710569381713867,-0.980116605758667,-0.5898277163505554,-0.8006864786148071,-0.5265514850616455
RayJ Dennis,-0.8225616216659546,-0.3793964385986328,0.486238956451416,1.520512580871582,1.550304651260376,-0.7212429642677307,0.9812681078910828,0.04988685995340347,0.7839720249176025,3.588531255722046,-0.6123471260070801,2.9546356201171875,-0.22017836570739746,-0.8498403429985046,5.187015533447266,2.7593634128570557,-0.9220278859138489,0.23529955744743347,2.383958578109741,2.2133662700653076,3.543783187866211,-0.5672651529312134,1.5304007530212402,0.4350547194480896,-0.5472846031188965,-0.991724967956543,-0.9283164739608765,-0.8215800523757935,-0.3494819402694702,0.6026929616928101,-0.41786181926727295,-0.9366152286529541,-0.6520769596099854,2.077786445617676,0.3132288157939911,-0.938852071762085,-0.3819847106933594,2.4426934719085693,-0.41487830877304077,-0.9687046408653259,-0.28720831871032715,2.69091534614563,0.15872794389724731,2.1295135021209717,1.7983046770095825,2.2378342151641846,0.4673366844654083,-0.9935581684112549,1.3678007125854492,-0.988711416721344,0.8335936069488525,1.7941583395004272,1.133334994316101,1.6854236125946045,1.2177153825759888,-0.7697360515594482,1.311322569847107,-0.599639892578125,6.171099662780762,0.16641199588775635,2.7127766609191895,0.3128562271595001,2.05876088142395,0.5845513939857483,-0.8981651663780212,3.298206329345703,0.09599189460277557,-0.17701846361160278,0.8517937660217285,0.0876425951719284,-0.5882593393325806,2.5968832969665527,2.590453624725342,-0.6877443194389343,4.1383819580078125,4.741225719451904,-0.9989902377128601,-0.6873364448547363,-0.9471655488014221,-0.6480576395988464
DeMar DeRozan,0.12462776899337769,-0.5266776084899902,-0.06105983257293701,0.6808863878250122,1.1964448690414429,-0.8995177745819092,1.4476295709609985,-0.525219738483429,1.985492467880249,1.1194416284561157,-0.043855369091033936,1.1970785856246948,-0.328987717628479,-0.5598166584968567,6.144376754760742,-0.007460415363311768,-0.9566975235939026,-0.5666203498840332,0.31088486313819885,2.2911016941070557,4.665002822875977,-0.8049781322479248,-0.3350365161895752,-0.6232307553291321,-0.4115639328956604,-0.9040922522544861,-0.9633837938308716,-0.26931798458099365,-0.7317248582839966,1.2560439109802246,-0.7430293560028076,-0.6021173000335693,0.9045283794403076,2.346529722213745,-0.38122063875198364,-0.47420406341552734,0.3843303322792053,2.741262197494507,0.15855605900287628,-0.9121585488319397,0.2645758092403412,1.9499564170837402,-0.44874435663223267,0.16340771317481995,0.9549619555473328,0.3917998671531677,-0.6304928064346313,-0.9906222224235535,-0.396620512008667,-0.995018720626831,0.6236584186553955,0.8364855647087097,-0.7321618795394897,0.29091259837150574,-0.4590728282928467,-0.6038428544998169,2.1214280128479004,-0.22608965635299683,3.8143398761749268,0.2793620824813843,1.1041154861450195,-0.7110689282417297,0.23493823409080505,-0.724195122718811,0.0979355201125145,3.586232900619507,-0.5893386602401733,-0.47317183017730713,1.1254912614822388,-0.12131667137145996,-0.846798300743103,-0.05103659629821777,-0.3285042643547058,-0.34455811977386475,3.0481433868408203,3.692410469055176,-0.9909917116165161,-0.04011058807373047,-0.9506145715713501,0.3295966684818268
Gradey Dick,-0.3981372117996216,-0.38320261240005493,-0.1171729564666748,1.135835886001587,1.3070149421691895,-0.8639330267906189,1.1978275775909424,-0.5506981015205383,1.6705942153930664,1.7558170557022095,-0.44057583808898926,1.5728750228881836,-0.21600788831710815,-0.6412204504013062,6.036371231079102,0.45529401302337646,-0.9549974799156189,-0.3714125156402588,0.7891470789909363,2.126983404159546,4.208523273468018,-0.8043950796127319,0.3272683024406433,-0.5091813802719116,-0.5014150738716125,-0.9535728693008423,-0.9650123119354248,-0.41618669033050537,-0.6007152795791626,0.7823525667190552,-0.6661019325256348,-0.7032899856567383,0.46547624468803406,1.9849848747253418,-0.4148269295692444,-0.7655331492424011,0.0788562074303627,2.4286582469940186,-0.016348958015441895,-0.9494125843048096,-0.3597363233566284,2.026252031326294,-0.015303194522857666,1.091580867767334,1.2625271081924438,0.9731130599975586,-0.23091661930084229,-0.9894310235977173,0.047286584973335266,-0.9937586784362793,0.7308140993118286,1.0747889280319214,-0.08173948526382446,0.2584177255630493,-0.131233811378479,-0.6062547564506531,1.7045931816101074,-0.24740439653396606,4.253927707672119,0.2477162629365921,1.4973335266113281,-0.5279306173324585,0.827999472618103,-0.5128389596939087,-0.3468788266181946,3.407477617263794,-0.28323793411254883,-0.5058984756469727,0.3212784230709076,-0.20278608798980713,-0.8452014327049255,1.3139097690582275,0.35795408487319946,-0.3584408164024353,3.052971601486206,3.9264683723449707,-0.9963730573654175,-0.30636066198349,-0.9612028002738953,0.11945173144340515
Ousmane Dieng,-0.7189847230911255,-0.3998030424118042,0.39246228337287903,1.3698209524154663,1.3368388414382935,-0.62998366355896,0.6114807724952698,-0.12816965579986572,0.8699477314949036,2.832935333251953,-0.5946074724197388,2.244673013687134,-0.23619067668914795,-0.752022385597229,4.416965007781982,2.0036075115203857,-0.867027759552002,-0.19468146562576294,1.7173535823822021,1.8891414403915405,2.8382365703582764,-0.5157764554023743,1.2639621496200562,0.11344094574451447,-0.451917827129364,-0.9779273867607117,-0.9066610336303711,-0.7447969913482666,-0.30788129568099976,0.29191091656684875,-0.31394004821777344,-0.8744500875473022,-0.5563788414001465,1.6251308917999268,-0.04538804292678833,-0.8962085247039795,-0.3834432363510132,1.836421251296997,-0.3463349938392639,-0.9509589672088623,-0.3831474184989929,2.1985042095184326,0.19720537960529327,1.7270636558532715,1.4464166164398193,1.7067267894744873,0.3801623582839966,-0.983768880367279,0.9320642948150635,-0.9777533411979675,0.6564096212387085,1.319107174873352,0.9114416837692261,1.3451899290084839,0.7708377242088318,-0.633406937122345,1.076411485671997,-0.5858829617500305,4.890380382537842,0.3331708014011383,1.9316999912261963,0.017858870327472687,1.6013833284378052,0.3578181564807892,-0.8276567459106445,2.635833740234375,0.04168305918574333,-0.3561830520629883,0.5566239953041077,-0.16387659311294556,-0.6488244533538818,2.066145896911621,1.9070396423339844,-0.5209966897964478,3.41502046585083,3.8855068683624268,-0.9951125979423523,-0.6354877948760986,-0.9186789393424988,-0.4792015552520752
Rob Dillingham,-0.5783095359802246,-0.39433979988098145,0.41233888268470764,1.005263090133667,1.178513765335083,-0.5412381887435913,0.5611435174942017,0.11961401998996735,0.5768993496894836,2.395045757293701,-0.4299483299255371,2.011894941329956,-0.28994786739349365,-0.7245399355888367,3.3874011039733887,1.865203857421875,-0.8053942918777466,0.06133770942687988,1.4329493045806885,1.4983742237091064,2.4318089485168457,-0.3263610601425171,0.978259801864624,0.15098892152309418,-0.45471668243408203,-0.9524240493774414,-0.8478609323501587,-0.6713429093360901,-0.20170223712921143,0.4219864010810852,-0.26882463693618774,-0.8700830936431885,-0.512622594833374,1.3537509441375732,0.014016124419867992,-0.8246341943740845,-0.16676467657089233,1.8888018131256104,-0.22921621799468994,-0.9005887508392334,-0.04564327001571655,1.9369280338287354,0.07076354324817657,1.357083797454834,0.9260263442993164,1.4530858993530273,0.3002691864967346,-0.9707716703414917,0.6930323243141174,-0.9553676843643188,0.48995891213417053,1.0551844835281372,0.569108784198761,1.2213879823684692,0.6313247680664062,-0.6437503099441528,1.001142144203186,-0.5590373873710632,4.005105495452881,0.41081511974334717,1.7105791568756104,0.13781984150409698,1.5179657936096191,0.13033753633499146,-0.7835575342178345,2.0418002605438232,0.07025758177042007,-0.1462266445159912,0.7515149712562561,0.05504736676812172,-0.5427078008651733,1.4637404680252075,1.7501370906829834,-0.46750354766845703,2.878272533416748,3.210277557373047,-0.9853011965751648,-0.49074018001556396,-0.8589503169059753,-0.5294798016548157
Spencer Dinwiddie,-0.44810307025909424,-0.35864585638046265,-0.11112380027770996,0.9378335475921631,1.2239179611206055,-0.8207063674926758,1.1918138265609741,-0.49000632762908936,1.5787241458892822,1.9208492040634155,-0.34238672256469727,1.7162178754806519,-0.18384748697280884,-0.6665240526199341,5.628528594970703,0.742100715637207,-0.9292718172073364,-0.3765043020248413,1.072126030921936,1.9912251234054565,3.955421209335327,-0.7636824250221252,0.2433517873287201,-0.3629942536354065,-0.37909626960754395,-0.9501430988311768,-0.9446690678596497,-0.46881937980651855,-0.6194890737533569,0.8002421259880066,-0.6501847505569458,-0.7153321504592896,0.2727892994880676,2.068467378616333,-0.2935342788696289,-0.7641127109527588,0.0338403545320034,2.3780322074890137,-0.0566139817237854,-0.9238082766532898,-0.18990182876586914,2.0100855827331543,-0.16643822193145752,0.8335915803909302,1.2817856073379517,0.995720624923706,-0.20942938327789307,-0.987000584602356,0.1386743187904358,-0.9901037216186523,0.7879811525344849,1.1850199699401855,-0.15597349405288696,0.4306233823299408,-0.05684983730316162,-0.5823153853416443,1.61279296875,-0.3238385319709778,4.203151702880859,0.07768446952104568,1.4311281442642212,-0.5309914350509644,0.7262982726097107,-0.39776092767715454,-0.45930570363998413,3.3832991123199463,-0.411781370639801,-0.45451945066452026,0.5503867864608765,-0.1675124168395996,-0.7902462482452393,1.1265703439712524,0.5482749342918396,-0.43852633237838745,2.946300983428955,3.778195381164551,-0.9950560927391052,-0.3077927827835083,-0.9473085999488831,0.097267746925354
Donte DiVincenzo,-0.7575656175613403,-0.42290937900543213,0.03519261255860329,1.516847848892212,1.6547755002975464,-0.8413252234458923,1.1091630458831787,-0.4161246418952942,1.3058693408966064,2.778815984725952,-0.5295062065124512,2.363011598587036,-0.11594414710998535,-0.8043307065963745,6.713126182556152,1.5111358165740967,-0.9623522162437439,-0.14131498336791992,1.6786367893218994,2.3078629970550537,4.343238353729248,-0.8111603856086731,1.0240206718444824,-0.24790626764297485,-0.6214608550071716,-0.985708475112915,-0.9757635593414307,-0.6570749878883362,-0.6066222190856934,0.4662841260433197,-0.6420274972915649,-0.8811867237091064,0.045139290392398834,2.0860300064086914,-0.24178433418273926,-0.8941125869750977,0.0739375576376915,2.797423839569092,-0.30463290214538574,-0.9753977060317993,-0.554564893245697,2.4784674644470215,0.4894692301750183,2.0757625102996826,1.8784583806991577,1.7384979724884033,0.2683981955051422,-0.9950459003448486,0.7575011849403381,-0.9958402514457703,1.010999083518982,1.6192147731781006,0.7364561557769775,0.6271414756774902,0.5614753365516663,-0.7276804447174072,1.6221497058868408,-0.44460541009902954,5.6150898933410645,0.0005698295426554978,2.434508800506592,-0.2367834448814392,1.5725873708724976,-0.19524157047271729,-0.7034295797348022,3.7025041580200195,0.06692887097597122,-0.46581971645355225,0.2802363634109497,-0.04651474952697754,-0.8260537385940552,2.6134002208709717,1.5041064023971558,-0.3739200830459595,3.6357710361480713,4.864638805389404,-0.9992446303367615,-0.5078808069229126,-0.9757474660873413,-0.18057334423065186
Luka Dončić,-0.06750023365020752,-0.49045485258102417,-0.350832998752594,0.9700355529785156,1.1348313093185425,-0.9408290386199951,1.8268996477127075,-0.7600699067115784,2.4814720153808594,1.0875155925750732,-0.0445021390914917,1.405745506286621,-0.3692921996116638,-0.6132504940032959,7.4583740234375,-0.28937506675720215,-0.979559063911438,-0.497672975063324,0.4244746267795563,2.37796950340271,5.33487606048584,-0.8895991444587708,-0.3079639673233032,-0.7164409160614014,-0.3306024670600891,-0.9248169660568237,-0.979688286781311,-0.2555435299873352,-0.758672833442688,1.2157829999923706,-0.820737361907959,-0.6071054935455322,1.337792158126831,2.6183738708496094,-0.40082377195358276,-0.6559081077575684,0.5805045962333679,3.1241567134857178,0.10966578871011734,-0.9459348320960999,-0.15180540084838867,1.9355924129486084,-0.2257765531539917,0.2690529227256775,1.2826019525527954,0.7997373938560486,-0.5641745924949646,-0.9948056936264038,-0.446259081363678,-0.9978117942810059,0.8415274620056152,1.285185694694519,-0.6585361957550049,-0.3951200246810913,-0.5003118515014648,-0.6317194104194641,2.2879233360290527,-0.07362842559814453,4.163181781768799,-0.022456109523773193,1.410068392753601,-0.7459836006164551,0.22542040050029755,-0.7434052228927612,0.4065075218677521,4.317381381988525,-0.5738047361373901,-0.529922604560852,0.7010362148284912,-0.26485908031463623,-0.9088220000267029,0.6457116603851318,-0.37490302324295044,-0.13851743936538696,3.2196362018585205,4.094649791717529,-0.9968324303627014,-0.12940716743469238,-0.9728788137435913,0.7619631290435791
Luguentz Dort,-0.7462800145149231,-0.3831300735473633,0.10846357047557831,1.5502976179122925,1.6240720748901367,-0.7943789958953857,0.8831111192703247,-0.3466952443122864,1.128912091255188,2.8205952644348145,-0.5628057718276978,2.3066956996917725,-0.11623114347457886,-0.7948461771011353,6.064819812774658,1.6549707651138306,-0.9493016004562378,-0.15995222330093384,1.702921748161316,2.2410526275634766,3.942221164703369,-0.7640845775604248,1.1068834066390991,-0.1830788254737854,-0.6105765104293823,-0.9859669804573059,-0.9693548679351807,-0.6494666934013367,-0.5283248424530029,0.3503246307373047,-0.5971106886863708,-0.8798254728317261,-0.09548473358154297,1.8902263641357422,-0.26402390003204346,-0.8985244631767273,-0.0756840705871582,2.6025712490081787,-0.29812246561050415,-0.9722930192947388,-0.5420421361923218,2.4114065170288086,0.4874878227710724,2.1526870727539062,1.786461591720581,1.744547963142395,0.32440271973609924,-0.993160605430603,0.8157631754875183,-0.9940725564956665,0.9027754664421082,1.5198498964309692,0.8818364143371582,0.8439088463783264,0.6243565678596497,-0.7034335136413574,1.385607361793518,-0.4526618719100952,5.3932929039001465,0.07309455424547195,2.3028271198272705,-0.1394040584564209,1.6500509977340698,-0.1098405122756958,-0.73916095495224,3.3607144355773926,0.2045600712299347,-0.4531201720237732,0.19804278016090393,-0.01735544204711914,-0.7964578866958618,2.668100118637085,1.6275644302368164,-0.37389373779296875,3.510948896408081,4.607056140899658,-0.9988616704940796,-0.5226428508758545,-0.969591498374939,-0.2870481014251709
Ayo Dosunmu,-0.224281907081604,-0.33265888690948486,-0.06456249952316284,1.0551376342773438,1.255145788192749,-0.7320055365562439,0.6211181282997131,-0.4278724193572998,1.0848206281661987,1.4151170253753662,-0.3934318423271179,1.1516021490097046,-0.20708847045898438,-0.548281192779541,4.2369465827941895,0.5104553699493408,-0.8768813014030457,-0.44404590129852295,0.6244394779205322,1.7148315906524658,3.128074884414673,-0.6942230463027954,0.1709296852350235,-0.42940640449523926,-0.39058905839920044,-0.909844696521759,-0.9103841185569763,-0.27095353603363037,-0.48389899730682373,0.40903469920158386,-0.607466459274292,-0.5872403383255005,0.3108243942260742,1.4432967901229858,-0.48344337940216064,-0.6809903383255005,0.016120707616209984,1.7749217748641968,-0.03447556495666504,-0.8980034589767456,-0.18507730960845947,1.5937390327453613,-0.003356456756591797,0.984474241733551,0.9278712868690491,0.8363224267959595,-0.2578258514404297,-0.9698123335838318,-0.09837710857391357,-0.9798105359077454,0.4267236590385437,0.658456563949585,-0.02141815423965454,0.5457292795181274,-0.13624775409698486,-0.447437584400177,1.2344682216644287,-0.18591105937957764,3.0359246730804443,0.27678605914115906,1.012663722038269,-0.48831433057785034,0.9186235070228577,-0.43758201599121094,-0.2946687936782837,2.3692448139190674,-0.2125113606452942,-0.514092743396759,0.29452747106552124,0.003776004072278738,-0.7672653198242188,0.936545729637146,0.3248531222343445,-0.20650142431259155,2.3653998374938965,2.9006247520446777,-0.9810236692428589,-0.22190797328948975,-0.9156888127326965,-0.08580374717712402
Jeff Dowtin,-0.41218507289886475,-0.38575947284698486,0.22912386059761047,0.8699922561645508,1.2146034240722656,-0.6188787817955017,0.6895043849945068,-0.041670799255371094,0.8924641013145447,2.125044107437134,-0.4091816544532776,1.7442870140075684,-0.243030846118927,-0.6854990720748901,3.8647499084472656,1.3242822885513306,-0.8352240920066833,-0.21769779920578003,1.1548396348953247,1.7012120485305786,2.8377065658569336,-0.49878257513046265,0.5817907452583313,-0.08895313739776611,-0.4327120780944824,-0.9431453347206116,-0.881127119064331,-0.5443809032440186,-0.37251460552215576,0.5513301491737366,-0.3935285806655884,-0.800186812877655,-0.26522523164749146,1.490447998046875,-0.2044428586959839,-0.7580916881561279,-0.1455715298652649,1.9722614288330078,-0.12645411491394043,-0.8885319232940674,0.07037609070539474,1.9544224739074707,-0.21682286262512207,1.0511667728424072,0.9225239157676697,1.0207031965255737,0.04271680861711502,-0.9711626172065735,0.34354284405708313,-0.9693508744239807,0.5591459274291992,0.9337602257728577,0.1928568333387375,1.033637523651123,0.20900869369506836,-0.5789199471473694,1.155320167541504,-0.49857157468795776,3.744760513305664,0.3957919478416443,1.3578659296035767,-0.25257861614227295,1.102964162826538,-0.2041509747505188,-0.674249529838562,2.316939353942871,-0.1494244933128357,-0.30100446939468384,0.6711676716804504,-0.027779817581176758,-0.6295586824417114,1.1158549785614014,1.1748753786087036,-0.47878485918045044,2.6980485916137695,3.2278342247009277,-0.9843711853027344,-0.3625484108924866,-0.889968991279602,-0.35001420974731445
Andre Drummond,0.15646915137767792,-0.47109246253967285,0.1927211582660675,0.1910685896873474,0.5963649749755859,-0.4312970042228699,0.24013973772525787,-0.026199281215667725,0.44019797444343567,0.6596509218215942,-0.15253055095672607,0.646915853023529,-0.23080319166183472,-0.4163702130317688,1.6669505834579468,0.29469966888427734,-0.47113096714019775,-0.40473073720932007,0.1135374903678894,1.0477924346923828,1.2914682626724243,-0.2779054641723633,0.12996478378772736,-0.15499436855316162,-0.11295896768569946,-0.5899971723556519,-0.5377728939056396,-0.35777604579925537,-0.3826034665107727,0.33523526787757874,-0.04117494821548462,-0.36499422788619995,-0.08651787042617798,0.7108319401741028,-0.2581467628479004,-0.12699401378631592,0.08055870234966278,0.7233174443244934,0.03636334463953972,-0.5980515480041504,0.2576361894607544,0.9904975891113281,-0.4371647238731384,0.2159050554037094,0.1938875913619995,-0.07821083068847656,-0.34721148014068604,-0.8198891282081604,-0.32108938694000244,-0.8181633353233337,0.128899946808815,0.14965763688087463,-0.3818867802619934,0.881074845790863,-0.2788642644882202,-0.259651243686676,0.7475341558456421,-0.4225972890853882,1.379971981048584,0.30673307180404663,0.2839115560054779,-0.5173637866973877,0.23141592741012573,-0.15426403284072876,-0.3620978593826294,0.8300197720527649,-0.4468045234680176,-0.4092787504196167,0.821712851524353,-0.01939713954925537,-0.3939307928085327,-0.32399892807006836,0.020205318927764893,-0.23506391048431396,1.3238688707351685,1.2957018613815308,-0.6810179352760315,-0.18565595149993896,-0.6147134304046631,-0.23270368576049805
Alex Ducas,-0.8634597659111023,-0.4487341642379761,0.7764453291893005,1.398905634880066,1.4275856018066406,-0.6283136010169983,0.7828582525253296,0.21776963770389557,0.7246952056884766,3.6947431564331055,-0.7144863605499268,2.7402381896972656,-0.1947115659713745,-0.8177733421325684,4.808979034423828,2.694477081298828,-0.8889968395233154,0.11821742355823517,2.185098886489868,2.0759363174438477,2.9968113899230957,-0.45546454191207886,1.9489295482635498,0.7446040511131287,-0.6088625192642212,-0.9919910430908203,-0.9318137168884277,-0.8601360321044922,-0.30128103494644165,0.4944048225879669,-0.0022448301315307617,-0.9433624148368835,-0.7865393161773682,1.8850566148757935,0.46262848377227783,-0.9407789707183838,-0.5164673924446106,2.0034241676330566,-0.4707103371620178,-0.9734802842140198,-0.411682665348053,2.5926246643066406,0.2265479415655136,2.2335634231567383,1.8086191415786743,1.991685390472412,0.6871578693389893,-0.9892942309379578,1.6794933080673218,-0.9795804619789124,0.8521649837493896,1.64207923412323,1.3924611806869507,1.8793208599090576,1.3333450555801392,-0.7606018781661987,1.0630216598510742,-0.7205631732940674,6.407911777496338,0.452772319316864,2.6560301780700684,0.3236132264137268,1.9860974550247192,0.8960456252098083,-0.9213144779205322,2.9418933391571045,0.04110940918326378,-0.06814253330230713,0.7920273542404175,-0.23380285501480103,-0.5271626114845276,2.544694185256958,2.766467571258545,-0.7480539083480835,4.136019706726074,4.665236473083496,-0.9986950159072876,-0.7391692399978638,-0.9267675280570984,-0.6555513143539429
Kris Dunn,-0.584161102771759,-0.3543701767921448,0.3193219304084778,1.3356021642684937,1.3700505495071411,-0.636477530002594,0.5664276480674744,-0.1504620909690857,0.7741387486457825,2.523681640625,-0.5169664621353149,1.9757769107818604,-0.2664058208465576,-0.7436478137969971,4.219998836517334,1.6422556638717651,-0.8734085559844971,-0.1605844497680664,1.4427157640457153,1.7344577312469482,2.9575207233428955,-0.5593339800834656,0.9476829767227173,-0.1415918469429016,-0.5038812160491943,-0.9679718613624573,-0.9185477495193481,-0.6328889727592468,-0.33003073930740356,0.34571030735969543,-0.4283176064491272,-0.8587676286697388,-0.38756805658340454,1.5361824035644531,-0.28706759214401245,-0.8619495034217834,-0.14372968673706055,2.068115711212158,-0.2739596366882324,-0.9452444314956665,-0.3370213508605957,2.1189382076263428,0.31269165873527527,1.6573601961135864,1.178053855895996,1.556408166885376,0.23163090646266937,-0.9813981056213379,0.7273892164230347,-0.9793828129768372,0.5340985059738159,1.0984128713607788,0.7597864866256714,1.1205346584320068,0.5859327912330627,-0.6441822648048401,1.1401082277297974,-0.5299932360649109,4.338795185089111,0.4275570213794708,1.7876126766204834,-0.054351747035980225,1.6655625104904175,0.00804950948804617,-0.7432204484939575,2.395057439804077,0.1547299176454544,-0.3639523386955261,0.4616057276725769,0.002681168494746089,-0.7129504084587097,1.8927966356277466,1.5919437408447266,-0.37948358058929443,3.0783321857452393,3.5842018127441406,-0.9932724237442017,-0.4871281385421753,-0.9222086071968079,-0.43154817819595337
Ryan Dunn,-0.6072424650192261,-0.3566235303878784,0.2733748257160187,1.4249063730239868,1.376617193222046,-0.6943439245223999,0.5620934963226318,-0.2815176844596863,0.8765619993209839,2.4196646213531494,-0.5266827344894409,1.940137505531311,-0.24197471141815186,-0.7291361093521118,4.529609203338623,1.5599840879440308,-0.8889882564544678,-0.26563870906829834,1.4081324338912964,1.8507227897644043,3.0417563915252686,-0.6133473515510559,0.9785569310188293,-0.20412635803222656,-0.5013421773910522,-0.9708404541015625,-0.9316790699958801,-0.6188076138496399,-0.40432703495025635,0.28268924355506897,-0.47016245126724243,-0.8375091552734375,-0.3017791509628296,1.5833016633987427,-0.3060939311981201,-0.8639134168624878,-0.21002739667892456,2.0266530513763428,-0.2242680788040161,-0.9490516185760498,-0.4644770622253418,2.04500412940979,0.4063457250595093,1.6826865673065186,1.2689096927642822,1.5719691514968872,0.17034156620502472,-0.9836230278015137,0.6451559662818909,-0.9841158390045166,0.5844108462333679,1.1234160661697388,0.7036899328231812,1.0426852703094482,0.5696489214897156,-0.614924967288971,1.1445704698562622,-0.46325474977493286,4.377003192901611,0.3622204661369324,1.6881510019302368,-0.131988525390625,1.592861294746399,-0.01579064130783081,-0.726632833480835,2.5687146186828613,0.11281892657279968,-0.4270032048225403,0.38025450706481934,-0.05029869079589844,-0.7414131760597229,1.9609289169311523,1.4232702255249023,-0.34595954418182373,3.13338041305542,3.672414541244507,-0.9943469762802124,-0.5155303478240967,-0.9339821934700012,-0.3910560607910156
Kevin Durant,0.19190238416194916,-0.473682165145874,-0.28409481048583984,0.9702209830284119,1.1605292558670044,-0.9124385118484497,1.4804973602294922,-0.686638355255127,2.2101049423217773,1.0011274814605713,-0.12490451335906982,1.1034592390060425,-0.341275691986084,-0.5492265224456787,6.428913116455078,-0.2508891820907593,-0.9671117663383484,-0.5887941122055054,0.25347888469696045,2.372875213623047,4.805129051208496,-0.8471261262893677,-0.33048033714294434,-0.702315092086792,-0.34014368057250977,-0.9186458587646484,-0.9731415510177612,-0.1697363257408142,-0.6942631006240845,1.1178643703460693,-0.7874029874801636,-0.5329273343086243,1.2219988107681274,2.315690517425537,-0.49066972732543945,-0.611266553401947,0.3843769431114197,2.7835822105407715,0.1444436013698578,-0.9300756454467773,0.08408978581428528,1.8681566715240479,-0.37139713764190674,0.2625715136528015,1.0822901725769043,0.5709031820297241,-0.6218144297599792,-0.9910069108009338,-0.4482296109199524,-0.9963529706001282,0.608940064907074,0.9341040253639221,-0.6387099623680115,-0.05829012393951416,-0.5127060413360596,-0.5732166767120361,2.0675251483917236,-0.07576620578765869,3.6568915843963623,0.2557137608528137,1.0649502277374268,-0.7373632788658142,0.22821077704429626,-0.7344311475753784,0.3752955198287964,3.7521169185638428,-0.5079132318496704,-0.5062416195869446,0.6785011291503906,-0.20783531665802002,-0.8835728764533997,0.3876453638076782,-0.3830282688140869,-0.2053588628768921,3.014324188232422,3.7002835273742676,-0.9926605820655823,-0.04532158374786377,-0.9627335667610168,0.5217194557189941
Tari Eason,-0.06232738494873047,-0.3772873282432556,-0.01310354471206665,0.8558473587036133,1.1603988409042358,-0.7129532098770142,0.6238224506378174,-0.30210739374160767,1.0058765411376953,1.2906174659729004,-0.3438386917114258,1.0721989870071411,-0.23256134986877441,-0.5435082912445068,3.8809256553649902,0.44184932112693787,-0.8557707071304321,-0.3825521469116211,0.4541168808937073,1.579930067062378,2.9360859394073486,-0.635699987411499,0.0978357121348381,-0.42459845542907715,-0.42240482568740845,-0.8774990439414978,-0.8943139314651489,-0.26330721378326416,-0.4463382363319397,0.5156689882278442,-0.5392322540283203,-0.5888911485671997,0.269869863986969,1.3492224216461182,-0.4676002860069275,-0.5933170318603516,0.07278774678707123,1.747609257698059,-0.010365426540374756,-0.8696995973587036,-0.02526336908340454,1.573927640914917,-0.15734827518463135,0.8128806352615356,0.7112602591514587,0.6268038749694824,-0.29500991106033325,-0.9610593318939209,-0.1642257571220398,-0.9720122218132019,0.3756355345249176,0.5475507378578186,-0.15735942125320435,0.5403468608856201,-0.20114600658416748,-0.47891974449157715,1.247802495956421,-0.2534078359603882,2.777313232421875,0.4090114235877991,0.9032292366027832,-0.4675859212875366,0.8214215040206909,-0.4779377579689026,-0.2661314606666565,2.0999088287353516,-0.20110535621643066,-0.45681244134902954,0.40523016452789307,0.03136460855603218,-0.7454901337623596,0.6251406669616699,0.2868361473083496,-0.24023574590682983,2.259373664855957,2.7331409454345703,-0.9688020944595337,-0.16637974977493286,-0.8937026262283325,-0.12984299659729004
Zach Edey,0.17638829350471497,-0.4215027689933777,0.09339094907045364,0.46968767046928406,0.7976238131523132,-0.4810436964035034,0.2430407851934433,-0.1762825846672058,0.5615438222885132,0.6538543105125427,-0.19193458557128906,0.603223443031311,-0.1812957525253296,-0.3674553632736206,1.9191532135009766,0.23104187846183777,-0.5929266214370728,-0.5190412998199463,0.12428580224514008,1.2965342998504639,1.543298363685608,-0.357718288898468,-0.014293789863586426,-0.2470058798789978,-0.12833398580551147,-0.6914584636688232,-0.6555403470993042,-0.2652980089187622,-0.3514575958251953,0.24939626455307007,-0.244937002658844,-0.2603365182876587,0.0714830607175827,0.7654250860214233,-0.3951759338378906,-0.2784379720687866,-0.0015598535537719727,0.7297091484069824,-0.0010930299758911133,-0.6819370985031128,0.31337282061576843,1.1122393608093262,-0.4455326795578003,0.35952556133270264,0.4231395721435547,0.0016260037664324045,-0.42418384552001953,-0.8496823310852051,-0.3257397413253784,-0.8682152628898621,0.08207019418478012,0.12861928343772888,-0.34412288665771484,0.9006926417350769,-0.27224409580230713,-0.2582547664642334,0.7350765466690063,-0.30348533391952515,1.468802809715271,0.33810892701148987,0.2593349516391754,-0.5326641798019409,0.26164063811302185,-0.26282799243927,-0.24684077501296997,1.0436886548995972,-0.3271796703338623,-0.4489852786064148,0.6246798038482666,0.02600969187915325,-0.5123269557952881,-0.1393914818763733,-0.03272998332977295,-0.21126115322113037,1.4236239194869995,1.5309780836105347,-0.75600665807724,-0.1260339617729187,-0.699847936630249,-0.20851963758468628
Anthony Edwards,-0.17713570594787598,-0.4838825464248657,-0.34418606758117676,1.0220355987548828,1.1292070150375366,-0.9341515898704529,1.6804553270339966,-0.748287558555603,2.334928512573242,1.07008695602417,-0.08971536159515381,1.353817105293274,-0.34477561712265015,-0.6180798411369324,7.191704273223877,-0.28628891706466675,-0.9778392314910889,-0.44179725646972656,0.415992796421051,2.3074631690979004,5.090342998504639,-0.8816273212432861,-0.23554426431655884,-0.6877447962760925,-0.3531978130340576,-0.9252220988273621,-0.9785252809524536,-0.24825429916381836,-0.7360976338386536,1.0692481994628906,-0.8087689876556396,-0.6087257862091064,1.2694222927093506,2.449345111846924,-0.40294259786605835,-0.673660159111023,0.5975604057312012,2.986379384994507,0.034136999398469925,-0.9495432376861572,-0.24051588773727417,1.857190489768982,-0.12598556280136108,0.5061829090118408,1.320383071899414,0.8269057869911194,-0.5089122653007507,-0.9936490058898926,-0.41390031576156616,-0.9971708059310913,0.7973156571388245,1.2718162536621094,-0.578364372253418,-0.4090235233306885,-0.44599437713623047,-0.6336950063705444,2.074610471725464,-0.054900527000427246,4.080842018127441,-0.07684016227722168,1.4864310026168823,-0.7061120271682739,0.32385680079460144,-0.7136611938476562,0.4067579209804535,4.0942535400390625,-0.4942793846130371,-0.5193779468536377,0.5148907899856567,-0.2284448742866516,-0.9029156565666199,0.8722553849220276,-0.30504828691482544,-0.07845288515090942,3.084305763244629,3.9912657737731934,-0.9965681433677673,-0.16781258583068848,-0.9707010984420776,0.7204049825668335
Justin Edwards,-0.5019693374633789,-0.3492414355278015,0.0689992681145668,1.2845919132232666,1.4170366525650024,-0.7589892148971558,0.7552956938743591,-0.32291340827941895,1.0837693214416504,2.2124383449554443,-0.49446457624435425,1.7955996990203857,-0.22756481170654297,-0.7102255821228027,5.002675533294678,1.202444076538086,-0.9171959161758423,-0.25068867206573486,1.1769943237304688,1.9246057271957397,3.5179123878479004,-0.7010031938552856,0.7004440426826477,-0.3437296152114868,-0.5349842309951782,-0.9659253358840942,-0.9450855255126953,-0.5147901773452759,-0.4454094171524048,0.47303804755210876,-0.5882928967475891,-0.808803915977478,0.026746880263090134,1.6808596849441528,-0.37486743927001953,-0.828941822052002,-0.0796809196472168,2.3230881690979004,-0.14748704433441162,-0.9432403445243835,-0.3323071002960205,2.0605151653289795,0.18795131146907806,1.526734471321106,1.2139889001846313,1.3612240552902222,0.025995660573244095,-0.9862253069877625,0.375507116317749,-0.9888707399368286,0.6336067318916321,1.085155725479126,0.4614146947860718,0.7812298536300659,0.24605318903923035,-0.6179723739624023,1.35270357131958,-0.3843477964401245,4.229093074798584,0.30586832761764526,1.6490910053253174,-0.28954124450683594,1.3819119930267334,-0.3161540627479553,-0.612169086933136,2.787285804748535,0.01422018650919199,-0.43845701217651367,0.30099862813949585,-0.00766301155090332,-0.7743477821350098,1.7377586364746094,1.080714225769043,-0.3308011293411255,3.050762891769409,3.761992931365967,-0.99489426612854,-0.39999520778656006,-0.9465795159339905,-0.27395689487457275
Kessler Edwards,-0.5905057787895203,-0.37410247325897217,0.3388584852218628,1.1478328704833984,1.1119874715805054,-0.43622642755508423,0.363112211227417,-0.049331843852996826,0.6416069269180298,2.245643138885498,-0.5238895416259766,1.594693899154663,-0.2282545566558838,-0.640630841255188,3.023355722427368,1.5491958856582642,-0.7603787779808044,-0.2434253692626953,1.233405351638794,1.5783504247665405,2.092503309249878,-0.34882116317749023,0.8965900540351868,0.14974230527877808,-0.3469970226287842,-0.9485364556312561,-0.8390976190567017,-0.6511808633804321,-0.1712702512741089,0.22000746428966522,-0.20783299207687378,-0.7917361855506897,-0.5258001089096069,1.2189950942993164,-0.15433883666992188,-0.839972972869873,-0.30459654331207275,1.2618446350097656,-0.33958250284194946,-0.9146379828453064,-0.17259621620178223,1.8233487606048584,0.009589663706719875,1.3962393999099731,1.1112617254257202,1.193422555923462,0.19814278185367584,-0.9520435333251953,0.7347670793533325,-0.9378362894058228,0.34540560841560364,0.8919612169265747,0.783944308757782,1.2889280319213867,0.5897000432014465,-0.5386017560958862,0.7660326957702637,-0.5406359434127808,3.7135276794433594,0.4578918516635895,1.4730898141860962,-0.03391313552856445,1.2897772789001465,0.33638879656791687,-0.7414904236793518,1.811914324760437,0.10401063412427902,-0.2832299470901489,0.4721451699733734,-0.07659882307052612,-0.5639916658401489,1.5151875019073486,1.5186762809753418,-0.4746127724647522,2.644923210144043,2.9083168506622314,-0.9782296419143677,-0.510057270526886,-0.8414048552513123,-0.4624364972114563
Keon Ellis,-0.739708662033081,-0.4476674199104309,0.1422252058982849,1.51614248752594,1.6463333368301392,-0.7820450663566589,1.006585955619812,-0.35982996225357056,1.2875899076461792,2.888193368911743,-0.5596769452095032,2.366891384124756,-0.11550760269165039,-0.8001518845558167,6.1571455001831055,1.7004146575927734,-0.9424655437469482,-0.36779963970184326,1.8072969913482666,2.4858133792877197,3.976962089538574,-0.7486904859542847,0.96409672498703,-0.11813032627105713,-0.5363100171089172,-0.9862168431282043,-0.9659858345985413,-0.6946202516555786,-0.5935306549072266,0.3993294835090637,-0.5294123888015747,-0.8629598021507263,-0.19939059019088745,2.087980270385742,-0.2092897891998291,-0.900978684425354,-0.20293831825256348,2.4227216243743896,-0.3020211458206177,-0.9695369601249695,-0.4438738226890564,2.5612614154815674,0.12134633213281631,1.8496662378311157,1.877518892288208,1.570068597793579,0.20051781833171844,-0.9930188059806824,0.7828859090805054,-0.9941373467445374,0.9494971632957458,1.5794605016708374,0.6636759638786316,1.0636869668960571,0.5763861536979675,-0.6694316864013672,1.4758683443069458,-0.5098727345466614,5.489509105682373,0.188783660531044,2.0879740715026855,-0.31931746006011963,1.380303144454956,-0.003106057643890381,-0.7586138248443604,3.5888094902038574,-0.034342825412750244,-0.4976966977119446,0.4741628170013428,-0.13035506010055542,-0.7737182378768921,2.3625996112823486,1.6131386756896973,-0.517328143119812,3.635471820831299,4.726905822753906,-0.9987768530845642,-0.5338397026062012,-0.9695277214050293,-0.2724788188934326
Joel Embiid,0.20756985247135162,-0.5137288570404053,-0.15235918760299683,0.6482381820678711,0.969951331615448,-0.9113073945045471,1.5763015747070312,-0.6600742340087891,2.1172704696655273,0.7162255048751831,-0.034474313259124756,0.9594996571540833,-0.29894542694091797,-0.4118465781211853,6.093207836151123,-0.3237982988357544,-0.9568135738372803,-0.6603702306747437,0.11173008382320404,2.194995403289795,4.445253372192383,-0.8343727588653564,-0.4508739709854126,-0.6720510125160217,-0.2909519672393799,-0.8397179841995239,-0.9573371410369873,-0.1394362449645996,-0.7451521158218384,1.1791229248046875,-0.726469099521637,-0.3224261403083801,1.1340595483779907,2.293073892593384,-0.38180094957351685,-0.37842994928359985,0.29483044147491455,2.2376410961151123,0.1727135181427002,-0.8846521973609924,0.24506264925003052,1.7325559854507446,-0.5057755708694458,-0.20893573760986328,1.0165709257125854,0.12015955150127411,-0.6342185139656067,-0.9854969382286072,-0.5146121382713318,-0.9943633675575256,0.5295276641845703,0.7662266492843628,-0.7774220705032349,-0.08268648386001587,-0.5907951593399048,-0.4767192602157593,2.0718977451324463,-0.02261143922805786,3.3603944778442383,0.16261082887649536,0.7963350415229797,-0.7678110599517822,-0.13916552066802979,-0.7182114720344543,0.42059430480003357,3.5477147102355957,-0.6460860371589661,-0.5646193623542786,0.9577773809432983,-0.22836387157440186,-0.8529927730560303,-0.17292284965515137,-0.5520929098129272,-0.30941224098205566,2.7651681900024414,3.29129958152771,-0.9867839813232422,0.04955005645751953,-0.9415273666381836,0.6179277300834656
Tosan Evbuomwan,-0.20701247453689575,-0.35983848571777344,0.071022167801857,0.8544400334358215,1.0940154790878296,-0.7286013960838318,0.8572640419006348,-0.334905743598938,1.1671589612960815,1.5537359714508057,-0.3637152910232544,1.2798974514007568,-0.19121897220611572,-0.5955275893211365,4.246008396148682,0.5339778065681458,-0.8658043742179871,-0.4362306594848633,0.7253186106681824,1.7090938091278076,3.0427515506744385,-0.6532764434814453,0.14768457412719727,-0.3604443073272705,-0.408097505569458,-0.9062252044677734,-0.9065083861351013,-0.37398070096969604,-0.5301671028137207,0.6561669111251831,-0.46336430311203003,-0.6095348596572876,0.08940325677394867,1.606385350227356,-0.39512497186660767,-0.6698168516159058,-0.06908613443374634,1.7382789850234985,-0.013524055480957031,-0.880474328994751,-0.10059088468551636,1.7741343975067139,-0.26462554931640625,0.6602766513824463,0.8874757885932922,0.568496584892273,-0.2560032606124878,-0.9646507501602173,0.01686449535191059,-0.9756276607513428,0.5261387228965759,0.7241315245628357,-0.15846872329711914,0.6256808638572693,-0.09671533107757568,-0.49552881717681885,1.3297765254974365,-0.32705438137054443,3.245810031890869,0.44909757375717163,0.8773679733276367,-0.5148264169692993,0.6559556126594543,-0.37329477071762085,-0.4157699942588806,2.4562718868255615,-0.29642271995544434,-0.46759021282196045,0.5039834976196289,-0.1289401650428772,-0.739597499370575,0.7067744731903076,0.3477177619934082,-0.43879735469818115,2.4108176231384277,2.9901115894317627,-0.9820104837417603,-0.18497610092163086,-0.9086897373199463,-0.06613636016845703
Dante Exum,-0.4447254538536072,-0.33320873975753784,0.036048829555511475,1.007197380065918,1.1952909231185913,-0.6897963285446167,0.6814833879470825,-0.2932126522064209,1.0261263847351074,1.8529436588287354,-0.40281975269317627,1.4265906810760498,-0.1433182954788208,-0.6216549277305603,4.192134380340576,0.9344652891159058,-0.8588533997535706,-0.37577855587005615,0.9953833222389221,1.7681022882461548,2.9697604179382324,-0.6437709331512451,0.41290518641471863,-0.18397772312164307,-0.4206555485725403,-0.9433726668357849,-0.9099839925765991,-0.4348644018173218,-0.47487586736679077,0.4926772117614746,-0.5312966108322144,-0.6974855065345764,0.001157943857833743,1.560145378112793,-0.3180515766143799,-0.7648619413375854,-0.1434628963470459,1.8322460651397705,-0.10888618230819702,-0.897810697555542,-0.1493145227432251,1.7811716794967651,-0.1169048547744751,1.0838693380355835,1.1268178224563599,0.8957080841064453,-0.1385432481765747,-0.9701950550079346,0.23512251675128937,-0.9752435088157654,0.5634498000144958,0.9009037017822266,0.19404083490371704,0.8190493583679199,0.14251293241977692,-0.5207821130752563,1.1122170686721802,-0.32792019844055176,3.5959272384643555,0.2346174269914627,1.193554401397705,-0.40663784742355347,0.9035184979438782,-0.23361581563949585,-0.5441737771034241,2.458843946456909,-0.16233742237091064,-0.40775787830352783,0.3629678785800934,-0.01366722583770752,-0.7043676376342773,1.210234522819519,0.7318946123123169,-0.4138196110725403,2.5445501804351807,3.162754774093628,-0.986945629119873,-0.29335999488830566,-0.911727786064148,-0.20412808656692505
Kyle Filipowski,-0.2766669988632202,-0.34565889835357666,0.051813580095767975,1.0764131546020508,1.2264394760131836,-0.7018041610717773,0.7020893096923828,-0.38317549228668213,1.1723788976669312,1.7550673484802246,-0.4314901828765869,1.4469212293624878,-0.20103895664215088,-0.6372915506362915,4.406798839569092,0.7300422191619873,-0.8673684597015381,-0.49901747703552246,0.9312521815299988,1.8211194276809692,3.0469164848327637,-0.6649006009101868,0.30873903632164,-0.4137547016143799,-0.39753258228302,-0.9304502606391907,-0.9105219841003418,-0.41567492485046387,-0.4990859031677246,0.38624417781829834,-0.48103952407836914,-0.6470254063606262,0.059053756296634674,1.5578572750091553,-0.4525461792945862,-0.7406582832336426,-0.17920410633087158,1.7860610485076904,-0.0628197193145752,-0.9031041264533997,-0.23360419273376465,1.8420624732971191,-0.1518031358718872,0.9363613128662109,1.0270127058029175,0.8330393433570862,-0.13581746816635132,-0.9722188115119934,0.06611160933971405,-0.9804484248161316,0.5804560780525208,0.8377314805984497,0.055521223694086075,0.7346346974372864,-0.01541990041732788,-0.46211010217666626,1.224647879600525,-0.376494824886322,3.374603271484375,0.4021649956703186,0.923520565032959,-0.4944015145301819,0.8399388790130615,-0.36088716983795166,-0.49158936738967896,2.524667978286743,-0.1951063871383667,-0.5438201427459717,0.3757897913455963,-0.16237282752990723,-0.7541273832321167,1.110029697418213,0.5727877616882324,-0.33284711837768555,2.5177340507507324,3.172819137573242,-0.9854886531829834,-0.30065733194351196,-0.9232082366943359,-0.0775458812713623
Dorian Finney-Smith,-0.7489469051361084,-0.39604800939559937,0.14723031222820282,1.526869535446167,1.5704020261764526,-0.7653974890708923,0.7904703617095947,-0.3416677713394165,1.129251480102539,2.7806169986724854,-0.5692682862281799,2.2241709232330322,-0.11792951822280884,-0.7817005515098572,5.8372111320495605,1.6133238077163696,-0.9354143142700195,-0.2760801315307617,1.7117977142333984,2.186127185821533,3.685500144958496,-0.7448265552520752,1.0950720310211182,-0.14701169729232788,-0.5637059211730957,-0.9843757152557373,-0.9617218375205994,-0.6656951308250427,-0.5363285541534424,0.26302844285964966,-0.5517829656600952,-0.8654524087905884,-0.19504255056381226,1.836228847503662,-0.2569901943206787,-0.8943756222724915,-0.17128705978393555,2.3418636322021484,-0.32168149948120117,-0.9696292877197266,-0.5536262392997742,2.304739236831665,0.43619027733802795,2.0301084518432617,1.7930867671966553,1.6801503896713257,0.3157731592655182,-0.9913830757141113,0.7956361770629883,-0.992252767086029,0.9214101433753967,1.4584394693374634,0.8730195760726929,0.9251615405082703,0.6413460373878479,-0.663862943649292,1.3213846683502197,-0.4760686755180359,5.260979175567627,0.06893126666545868,2.1349902153015137,-0.19235581159591675,1.5567302703857422,-0.004221320152282715,-0.7555547952651978,3.2668919563293457,0.10008005052804947,-0.48828327655792236,0.256268709897995,-0.11215746402740479,-0.7804555892944336,2.545022964477539,1.5835453271865845,-0.38214242458343506,3.406475067138672,4.438457489013672,-0.998446524143219,-0.5541200637817383,-0.9646506905555725,-0.2539832592010498
Adam Flagler,-0.83323073387146,-0.4489259719848633,0.7241992950439453,1.6417068243026733,1.5014171600341797,-0.7322719693183899,0.8952534794807434,0.08628914505243301,0.9157723784446716,3.8487448692321777,-0.7007973194122314,3.1965699195861816,-0.3143336772918701,-0.8680652379989624,5.5634307861328125,2.824432611465454,-0.924849271774292,0.20598244667053223,2.475992441177368,2.0139949321746826,3.4177277088165283,-0.5568821430206299,2.028341293334961,0.27038100361824036,-0.6135104298591614,-0.9929537773132324,-0.9353216886520386,-0.8643915057182312,-0.268804669380188,0.5026682019233704,-0.2037597894668579,-0.9574556946754456,-0.7431933879852295,1.9803211688995361,0.29644444584846497,-0.9479743838310242,-0.49322229623794556,2.515087604522705,-0.4227096438407898,-0.9775186777114868,-0.5204342603683472,2.6694188117980957,0.4634462296962738,2.2265195846557617,1.7092365026474,2.5229580402374268,0.8084976673126221,-0.9950340390205383,1.4763988256454468,-0.9902178049087524,1.0003794431686401,1.805190086364746,1.3513813018798828,1.6411287784576416,1.295035719871521,-0.778656542301178,1.4369473457336426,-0.7085846662521362,6.574007987976074,0.4094984233379364,2.744473934173584,0.3980593979358673,2.346971273422241,0.6106318831443787,-0.9291113615036011,3.3642449378967285,0.11453922092914581,-0.2467653751373291,0.8527492880821228,-0.25372493267059326,-0.6622717380523682,2.8343424797058105,2.843698263168335,-0.6511994004249573,4.496307373046875,4.967933654785156,-0.9992488026618958,-0.7707471251487732,-0.9507540464401245,-0.636374294757843
Simone Fontecchio,-0.683228611946106,-0.39334261417388916,0.240828737616539,1.3174108266830444,1.421649694442749,-0.7348825335502625,0.8744258880615234,-0.25967997312545776,1.1388075351715088,2.7730345726013184,-0.5840113162994385,2.1944687366485596,-0.1579238772392273,-0.7654445171356201,5.340634822845459,1.6109665632247925,-0.9117121696472168,-0.3004378080368042,1.6431735754013062,2.073728084564209,3.4838624000549316,-0.685502290725708,0.9787623882293701,-0.08358395099639893,-0.5121175050735474,-0.9788239002227783,-0.9428619742393494,-0.6804060935974121,-0.5033475160598755,0.47900545597076416,-0.43234360218048096,-0.8471786379814148,-0.36804628372192383,1.8957010507583618,-0.2027968168258667,-0.8794304132461548,-0.2991119623184204,2.138521432876587,-0.278450071811676,-0.9564529657363892,-0.40264225006103516,2.328258514404297,0.08321850001811981,1.59988534450531,1.558583378791809,1.4582639932632446,0.24044959247112274,-0.9880989789962769,0.760233461856842,-0.988544225692749,0.8144127726554871,1.3495678901672363,0.6582812070846558,1.0828882455825806,0.5196425914764404,-0.6383588910102844,1.3609384298324585,-0.5275716185569763,5.050817012786865,0.2938545346260071,1.8510382175445557,-0.265844464302063,1.3859177827835083,0.07730889320373535,-0.7684524655342102,3.130247116088867,-0.11456024646759033,-0.45927536487579346,0.4786931574344635,-0.17769157886505127,-0.7353793978691101,1.999194622039795,1.5275057554244995,-0.54609614610672,3.4203786849975586,4.192564010620117,-0.9974278211593628,-0.5405093431472778,-0.9502408504486084,-0.3224112391471863
De'Aaron Fox,0.1979057639837265,-0.42747241258621216,-0.2317536473274231,0.8677864670753479,1.142161250114441,-0.9025073051452637,1.378896951675415,-0.6732386350631714,1.9176067113876343,0.9077208638191223,-0.12206655740737915,1.1333122253417969,-0.35784125328063965,-0.5307065844535828,5.932453155517578,-0.21455764770507812,-0.95672208070755,-0.5046124458312988,0.21037089824676514,2.0498762130737305,4.51754093170166,-0.8277893662452698,-0.3104588985443115,-0.6763294339179993,-0.3113054037094116,-0.881587028503418,-0.9588618278503418,-0.14206397533416748,-0.6717893481254578,1.0440627336502075,-0.7735338807106018,-0.5281190872192383,1.0568002462387085,2.1612308025360107,-0.48453742265701294,-0.5497031807899475,0.47550466656684875,2.6414716243743896,0.1388835906982422,-0.9118638038635254,0.0529509074985981,1.7267869710922241,-0.23257839679718018,0.2567908763885498,0.893029510974884,0.6565146446228027,-0.57338547706604,-0.9883429408073425,-0.4615909457206726,-0.9944339394569397,0.5142459869384766,0.8285645246505737,-0.6295708417892456,-0.12428706884384155,-0.5053054094314575,-0.5666565299034119,1.9669100046157837,-0.0754123330116272,3.3269295692443848,0.1874733418226242,1.062017798423767,-0.7079401612281799,0.40463322401046753,-0.7137168049812317,0.37362056970596313,3.4139649868011475,-0.5280245542526245,-0.5175849199295044,0.6803569197654724,-0.14323186874389648,-0.873951256275177,0.2422378957271576,-0.36889004707336426,-0.12505346536636353,2.8109893798828125,3.371631145477295,-0.9891502261161804,-0.06345582008361816,-0.9505133628845215,0.45491719245910645
Markelle Fultz,-0.4936200976371765,-0.4359138607978821,0.6642891764640808,0.8812494277954102,0.9745633602142334,-0.3193410634994507,0.4437185823917389,0.581951916217804,0.3700644373893738,2.5540285110473633,-0.44201135635375977,1.8447315692901611,-0.3704335689544678,-0.734493613243103,2.2245535850524902,1.9519423246383667,-0.7103340029716492,0.2590159475803375,1.3218789100646973,1.4005464315414429,1.8226677179336548,0.11727756261825562,1.0339810848236084,0.3584546446800232,-0.45448654890060425,-0.9506492614746094,-0.7856528162956238,-0.7242467999458313,0.08252395689487457,0.6344663500785828,0.08607463538646698,-0.892494797706604,-0.6859515309333801,1.1845420598983765,0.09131956845521927,-0.8267000913619995,-0.23694026470184326,1.5898462533950806,-0.37250369787216187,-0.899821937084198,0.2525143325328827,2.064410924911499,-0.25175124406814575,1.2917637825012207,0.7370702624320984,1.1748977899551392,0.1790209263563156,-0.9452282190322876,0.9405441284179688,-0.8960990905761719,0.2807544469833374,0.8635454177856445,0.7740089893341064,1.661561369895935,0.832679033279419,-0.7041200399398804,0.8397263288497925,-0.6845384836196899,3.915358304977417,0.7827065587043762,1.7107231616973877,0.3576250970363617,1.5304794311523438,0.36475715041160583,-0.8348047137260437,1.3920971155166626,0.2791426181793213,0.17414288222789764,0.9648593664169312,0.07170718163251877,-0.40849870443344116,1.2536722421646118,1.9899053573608398,-0.6169021129608154,2.833198070526123,2.8655824661254883,-0.9674910306930542,-0.5052785873413086,-0.7581548690795898,-0.6416553258895874
Darius Garland,-0.1882249116897583,-0.40894901752471924,-0.2736055850982666,1.0156011581420898,1.2857112884521484,-0.8852757215499878,1.3473420143127441,-0.622745156288147,1.9322429895401,1.438376784324646,-0.2491486668586731,1.4256374835968018,-0.2965681552886963,-0.624297022819519,6.316981792449951,0.12386299669742584,-0.9626583456993103,-0.37374722957611084,0.5744730234146118,2.1030361652374268,4.651904106140137,-0.8307000398635864,-0.042064130306243896,-0.6107962727546692,-0.42693430185317993,-0.9358736872673035,-0.9688218832015991,-0.3034120798110962,-0.6337642669677734,0.942211389541626,-0.7666833996772766,-0.6867077350616455,0.850141167640686,2.143915891647339,-0.4559716582298279,-0.707871675491333,0.43299704790115356,2.8621442317962646,0.0457712821662426,-0.9427060484886169,-0.15447616577148438,1.9337806701660156,-0.07568114995956421,0.7938945889472961,1.1275359392166138,0.959235429763794,-0.40164685249328613,-0.9916821718215942,-0.20544284582138062,-0.9950835704803467,0.7083530426025391,1.0802944898605347,-0.3718479871749878,-0.03652143478393555,-0.3262752294540405,-0.6265390515327454,1.9153865575790405,-0.2050887942314148,3.965784788131714,0.16354793310165405,1.49116849899292,-0.6123991012573242,0.678852915763855,-0.6593408584594727,0.008926366455852985,3.610748291015625,-0.38604676723480225,-0.4656982421875,0.47012537717819214,-0.14835500717163086,-0.8712361454963684,0.9362791180610657,0.07473576068878174,-0.18274229764938354,2.9995615482330322,3.8641252517700195,-0.9954351186752319,-0.16455447673797607,-0.9624872207641602,0.3303653597831726
Keyonte George,-0.44388413429260254,-0.40525221824645996,-0.23299884796142578,1.061689019203186,1.2758259773254395,-0.8986935615539551,1.5112072229385376,-0.6348389983177185,1.9585390090942383,1.7242838144302368,-0.29504823684692383,1.687226414680481,-0.21783727407455444,-0.6709246635437012,6.817617893218994,0.30655744671821594,-0.9666980504989624,-0.35726672410964966,0.8693779706954956,2.1738388538360596,4.697363376617432,-0.8494663834571838,0.13717232644557953,-0.5438218116760254,-0.4614880681037903,-0.9530612826347351,-0.9726340174674988,-0.4266306161880493,-0.7000185251235962,0.9559402465820312,-0.7380632162094116,-0.7107733488082886,0.6872071027755737,2.3291709423065186,-0.36228883266448975,-0.7677149772644043,0.3078934848308563,2.7790446281433105,-0.03153181076049805,-0.9516962170600891,-0.3713822364807129,2.1031851768493652,-0.005036294460296631,0.8921390771865845,1.4287384748458862,1.0045629739761353,-0.3060957193374634,-0.9929721355438232,0.00018753058975562453,-0.9957246780395508,0.8972072601318359,1.3182127475738525,-0.26919877529144287,-0.052688002586364746,-0.16972452402114868,-0.6462023258209229,1.953045129776001,-0.245819091796875,4.511111736297607,0.040112290531396866,1.6282901763916016,-0.6065889000892639,0.6425237059593201,-0.5636447668075562,-0.22329342365264893,3.904679298400879,-0.4095767140388489,-0.49721527099609375,0.43971681594848633,-0.21495813131332397,-0.8732737302780151,1.272992730140686,0.20737838745117188,-0.3311578631401062,3.1623477935791016,4.207475185394287,-0.9977285861968994,-0.25316452980041504,-0.9687407612800598,0.36976727843284607
Kyshawn George,-0.6868342757225037,-0.4004064202308655,0.11258649080991745,1.350051760673523,1.5304757356643677,-0.8253663182258606,1.0803852081298828,-0.3337450623512268,1.2307521104812622,2.698424816131592,-0.5499622821807861,2.2725799083709717,-0.1599254012107849,-0.7824056148529053,6.165525913238525,1.480368971824646,-0.9477996826171875,-0.13969135284423828,1.5504672527313232,2.1126928329467773,4.055068492889404,-0.7732707262039185,0.9670424461364746,-0.24730128049850464,-0.6119135022163391,-0.9805067181587219,-0.964630663394928,-0.6415845155715942,-0.5685880184173584,0.6089460849761963,-0.5740997791290283,-0.8641188144683838,-0.10801553726196289,2.038856029510498,-0.24182891845703125,-0.8738495111465454,-0.10276186466217041,2.601846218109131,-0.2251623272895813,-0.9638543725013733,-0.4830535650253296,2.402634382247925,0.28423377871513367,1.750604510307312,1.5870170593261719,1.56869375705719,0.21513496339321136,-0.9930115938186646,0.6537622213363647,-0.9939703345298767,0.9137453436851501,1.4491349458694458,0.5978160500526428,0.7245693802833557,0.44449660181999207,-0.6979777216911316,1.623288869857788,-0.45671236515045166,5.271609783172607,0.19544360041618347,2.1053555011749268,-0.2682572603225708,1.503258228302002,-0.18780314922332764,-0.7156449556350708,3.4380624294281006,-0.07502442598342896,-0.4525125026702881,0.376791775226593,-0.08173257112503052,-0.8012423515319824,2.161990165710449,1.3803951740264893,-0.47841084003448486,3.57313871383667,4.549281597137451,-0.9986492395401001,-0.4927993416786194,-0.9667891263961792,-0.26496994495391846
Paul George,-0.37042903900146484,-0.40121519565582275,-0.14046555757522583,1.1494253873825073,1.3882379531860352,-0.8825299739837646,1.3004686832427979,-0.5234541893005371,1.6975717544555664,1.938560962677002,-0.3417075276374817,1.8018995523452759,-0.3234143853187561,-0.7198230028152466,6.3766045570373535,0.6957839727401733,-0.963275671005249,-0.22337931394577026,0.9373055696487427,2.166949510574341,4.657027721405029,-0.8101459741592407,0.2855488657951355,-0.5502346158027649,-0.5155300498008728,-0.9629064202308655,-0.9704895615577698,-0.4697922468185425,-0.6057202816009521,0.9416928887367249,-0.7453470230102539,-0.8002841472625732,0.5372062921524048,2.240530252456665,-0.38236165046691895,-0.7931067943572998,0.2908652722835541,3.049182415008545,-0.05166518688201904,-0.9546047449111938,-0.24316275119781494,2.172576904296875,0.036112088710069656,1.1563575267791748,1.2289907932281494,1.2986738681793213,-0.3084421157836914,-0.9938435554504395,0.06866505742073059,-0.9957790970802307,0.7627270221710205,1.269324779510498,-0.1254640817642212,0.30383723974227905,-0.06062799692153931,-0.6984832286834717,1.9059275388717651,-0.3156806230545044,4.557580947875977,0.1878882199525833,1.8095126152038574,-0.4890338182449341,1.0710203647613525,-0.5738527178764343,-0.36953818798065186,3.6118664741516113,-0.27567827701568604,-0.4322137236595154,0.5406492352485657,-0.06172257661819458,-0.8551084995269775,1.3271743059158325,0.5835590958595276,-0.28562116622924805,3.3805975914001465,4.230709552764893,-0.9972723126411438,-0.3264225125312805,-0.9675559997558594,0.03460729122161865
Taj Gibson,-0.24164718389511108,-0.24892973899841309,0.3992499113082886,0.49688395857810974,0.45980194211006165,0.1478988379240036,0.06435824185609818,0.4080476760864258,0.1648130714893341,1.344504714012146,-0.30519717931747437,0.7746374011039734,-0.1325872540473938,-0.32513391971588135,0.4704703688621521,0.8379006385803223,0.17516644299030304,-0.35102927684783936,0.8570429086685181,0.6028479337692261,0.3696151673793793,0.40986257791519165,0.32960909605026245,0.3458302319049835,-0.04511135816574097,-0.7621870636940002,-0.30230844020843506,-0.4948285222053528,-0.007537901401519775,0.055032018572092056,0.12036459147930145,-0.5915888547897339,-0.5720561742782593,0.5661657452583313,-0.17718768119812012,-0.5987293720245361,-0.23727303743362427,0.2870229184627533,-0.11915445327758789,-0.623241662979126,0.20750033855438232,1.1321508884429932,-0.42964160442352295,0.6550881266593933,0.6033951640129089,0.22828178107738495,-0.20486128330230713,-0.6426357626914978,0.1254246085882187,-0.3673754930496216,0.0061595807783305645,0.0792861208319664,0.12469327449798584,1.0921216011047363,0.7135527729988098,-0.4355679750442505,0.10433783382177353,-0.45508241653442383,1.879160761833191,0.32288989424705505,0.4372227191925049,-0.03325611352920532,0.8662751913070679,0.6416459679603577,-0.6208659410476685,0.22378909587860107,-0.00440061092376709,-0.07110625505447388,0.6383437514305115,0.019674265757203102,-0.32274001836776733,0.4508974850177765,0.7192251086235046,-0.5626696348190308,1.4725260734558105,1.3917112350463867,-0.6490857601165771,-0.2533775568008423,-0.17167139053344727,-0.422401487827301
Josh Giddey,-0.08881711959838867,-0.386461079120636,-0.14504754543304443,0.7942673563957214,1.1111341714859009,-0.7966182231903076,0.9339061975479126,-0.4723256826400757,1.3850228786468506,1.1848666667938232,-0.25195372104644775,1.0216847658157349,-0.21459662914276123,-0.5127507448196411,4.717762470245361,0.11780519783496857,-0.8968215584754944,-0.45067107677459717,0.38708388805389404,1.6578234434127808,3.4726169109344482,-0.7409453392028809,-0.07964932918548584,-0.4818621873855591,-0.39187848567962646,-0.8777055144309998,-0.928756833076477,-0.21377885341644287,-0.5802024006843567,0.7530038952827454,-0.6419805884361267,-0.5468111634254456,0.5332140326499939,1.6968594789505005,-0.45770055055618286,-0.5957247614860535,0.22758749127388,2.038956880569458,0.036243390291929245,-0.8782577514648438,-0.044944941997528076,1.6038227081298828,-0.1737707257270813,0.5459074378013611,0.8553589582443237,0.536353349685669,-0.3921726942062378,-0.97226482629776,-0.23221391439437866,-0.9821634888648987,0.5021178722381592,0.6720433235168457,-0.33956378698349,0.22103147208690643,-0.3174282908439636,-0.49729764461517334,1.5191551446914673,-0.21361738443374634,3.0300798416137695,0.2989940941333771,0.9209770560264587,-0.6078574657440186,0.5439642667770386,-0.5448113679885864,-0.05720490217208862,2.6318769454956055,-0.38573479652404785,-0.4640428423881531,0.4290371239185333,-0.08496105670928955,-0.8046610951423645,0.47604337334632874,-0.05413585901260376,-0.258028507232666,2.375621795654297,2.970921754837036,-0.9808198809623718,-0.053995609283447266,-0.9192296862602234,0.16668806970119476
Shai Gilgeous-Alexander,0.5089324116706848,-0.5450454354286194,-0.27983641624450684,0.6615676283836365,0.7439417839050293,-0.9178124070167542,1.5696717500686646,-0.7427191734313965,2.3860909938812256,0.3910318613052368,0.16983364522457123,0.865097165107727,-0.4299425482749939,-0.4038822054862976,6.048797130584717,-0.49084311723709106,-0.9653509855270386,-0.6617177724838257,0.003262849524617195,2.210998773574829,4.551523208618164,-0.839073657989502,-0.5453815460205078,-0.7660608291625977,-0.014011502265930176,-0.7796480655670166,-0.9579786062240601,0.009738250635564327,-0.7128280401229858,1.1593663692474365,-0.7793827056884766,-0.25429582595825195,1.4881693124771118,2.280606508255005,-0.4467015266418457,-0.29539281129837036,0.5165672302246094,2.4672646522521973,0.1990267038345337,-0.8867447376251221,0.40185171365737915,1.4408334493637085,-0.507304310798645,-0.3779979348182678,0.8583182096481323,0.25310301780700684,-0.6617236137390137,-0.986607015132904,-0.6478238105773926,-0.9954312443733215,0.34912940859794617,0.7605709433555603,-0.8235216736793518,-0.30701345205307007,-0.6613019108772278,-0.4719401001930237,2.015739917755127,0.05363320931792259,2.9997129440307617,0.041241604834795,0.8489986658096313,-0.7617206573486328,-0.17486321926116943,-0.7687578201293945,0.778042733669281,3.63043475151062,-0.6529327630996704,-0.5517897605895996,1.0527465343475342,-0.24662894010543823,-0.861881673336029,-0.22894608974456787,-0.6067470908164978,-0.02104741334915161,2.69380259513855,2.969651460647583,-0.9806911945343018,-0.0012201666831970215,-0.9405880570411682,0.8339600563049316
Anthony Gill,-0.6489103436470032,-0.45070505142211914,0.501658022403717,0.8868817090988159,0.9424018859863281,-0.3941500186920166,0.5586817860603333,0.11947446316480637,0.6126482486724854,2.273360013961792,-0.4464864730834961,1.6093050241470337,-0.17610037326812744,-0.641185998916626,2.8725733757019043,1.5911235809326172,-0.6093663573265076,-0.3227952718734741,1.2937383651733398,1.3841627836227417,1.667046308517456,-0.2383730411529541,0.9311690926551819,0.463849812746048,-0.34014958143234253,-0.9332028031349182,-0.7833686470985413,-0.7249203324317932,-0.34882843494415283,0.29746636748313904,0.1344430148601532,-0.7843015193939209,-0.6449459195137024,1.3693301677703857,0.16443125903606415,-0.8285050392150879,-0.3812400698661804,0.9545543193817139,-0.35753417015075684,-0.860340416431427,-0.11052972078323364,1.8157918453216553,-0.2323453426361084,0.959970235824585,1.1540857553482056,0.9026699066162109,0.1697821021080017,-0.9312098026275635,0.82345050573349,-0.891537070274353,0.5423775315284729,0.9730483293533325,0.6087893843650818,1.3214786052703857,0.7181295156478882,-0.5239023566246033,0.8218600749969482,-0.6106353998184204,3.711479425430298,0.5631584525108337,1.1720792055130005,-0.2413005828857422,0.9836999177932739,0.6152244806289673,-0.7750474810600281,1.7790164947509766,-0.20363092422485352,-0.1768186092376709,0.7833481431007385,-0.17565053701400757,-0.4558980464935303,1.1030997037887573,1.483734369277954,-0.65376877784729,2.608649253845215,2.9054980278015137,-0.9724825024604797,-0.4846215844154358,-0.7653997540473938,-0.4698682427406311
Collin Gillespie,-0.7340453863143921,-0.36547815799713135,0.22170741856098175,1.2480722665786743,1.474697470664978,-0.7097779512405396,0.8683158159255981,-0.11910998821258545,0.984782874584198,2.987412691116333,-0.5455664396286011,2.339125394821167,-0.1311209797859192,-0.7857990264892578,5.236924648284912,1.922065019607544,-0.9092468619346619,-0.09194278717041016,1.8096742630004883,2.019028425216675,3.5412516593933105,-0.6634647250175476,1.0677778720855713,0.1425326019525528,-0.5488033294677734,-0.9834500551223755,-0.9446547031402588,-0.6904042363166809,-0.4663434624671936,0.5580678582191467,-0.5046977996826172,-0.8877770304679871,-0.3846384286880493,1.9275461435317993,-0.07141232490539551,-0.8932381868362427,-0.21986877918243408,2.4463813304901123,-0.3048006296157837,-0.9538028240203857,-0.2914159297943115,2.409224271774292,0.1285429745912552,1.782037377357483,1.6086851358413696,1.6208258867263794,0.31287211179733276,-0.989391028881073,0.9294429421424866,-0.9875811338424683,0.8287124037742615,1.485543966293335,0.8017671704292297,1.1691166162490845,0.6518634557723999,-0.6954816579818726,1.2854952812194824,-0.547242283821106,5.296939373016357,0.15358290076255798,2.1659388542175293,-0.11573857069015503,1.5469485521316528,0.12813904881477356,-0.7975286245346069,3.0958375930786133,-0.020824193954467773,-0.3111746311187744,0.48181959986686707,-0.004878818988800049,-0.6954109072685242,2.18296217918396,1.8206568956375122,-0.5629349946975708,3.486570358276367,4.3165154457092285,-0.9978542327880859,-0.5194613933563232,-0.9479278326034546,-0.40630972385406494
Jordan Goodwin,-0.6273627281188965,-0.36843347549438477,0.31530407071113586,1.2154200077056885,1.3283237218856812,-0.6127926707267761,0.5841405391693115,-0.04710578918457031,0.7680025100708008,2.6256301403045654,-0.5191795825958252,1.9690934419631958,-0.22809922695159912,-0.7411513328552246,4.155587673187256,1.702703595161438,-0.857025146484375,-0.12461870908737183,1.488269567489624,1.7351982593536377,2.896763324737549,-0.543903112411499,0.9587387442588806,0.038837119936943054,-0.4969596862792969,-0.9704229235649109,-0.9123321175575256,-0.6485257744789124,-0.34979087114334106,0.4347391426563263,-0.4104970097541809,-0.8624932765960693,-0.42981070280075073,1.5840809345245361,-0.1915825605392456,-0.8631885647773743,-0.19402176141738892,2.0375757217407227,-0.3111603260040283,-0.9396296143531799,-0.2624173164367676,2.137582778930664,0.17047086358070374,1.6137783527374268,1.26220703125,1.453884482383728,0.22703111171722412,-0.9793444871902466,0.7872118353843689,-0.9753931760787964,0.5796834230422974,1.1500333547592163,0.7807905673980713,1.1943203210830688,0.5986887216567993,-0.6471301317214966,1.0996410846710205,-0.5549468398094177,4.467209815979004,0.35795101523399353,1.8248019218444824,-0.07429385185241699,1.5614478588104248,0.11080985516309738,-0.763931393623352,2.400038719177246,0.0828399658203125,-0.30019623041152954,0.491308331489563,0.01342538371682167,-0.6751654148101807,1.8469438552856445,1.6441601514816284,-0.47450464963912964,3.0877304077148438,3.603926181793213,-0.9931437969207764,-0.4903351664543152,-0.9135486483573914,-0.43846333026885986
Aaron Gordon,-0.02261132001876831,-0.3834230899810791,-0.18486452102661133,0.8064473271369934,1.0879000425338745,-0.7730158567428589,0.859500527381897,-0.5027466416358948,1.5264095067977905,1.1296746730804443,-0.29029762744903564,0.9748327136039734,-0.1911388635635376,-0.4956454634666443,4.620359420776367,0.055272653698921204,-0.8903462290763855,-0.560513973236084,0.3992237448692322,1.8748981952667236,3.3617022037506104,-0.722132682800293,-0.14955079555511475,-0.4977618455886841,-0.2929646372795105,-0.8829229474067688,-0.9212265014648438,-0.20770227909088135,-0.5687733292579651,0.6018447875976562,-0.6115284562110901,-0.4274684190750122,0.5458207130432129,1.6245639324188232,-0.48208093643188477,-0.5767772197723389,0.03512413054704666,1.8113878965377808,0.05944512411952019,-0.877199649810791,-0.022964060306549072,1.57632577419281,-0.3466283082962036,0.5085315108299255,0.9162636995315552,0.4026309549808502,-0.41812556982040405,-0.9681391716003418,-0.29703468084335327,-0.981196403503418,0.5329949855804443,0.6666758060455322,-0.3896300792694092,0.3554988205432892,-0.355180025100708,-0.40864741802215576,1.3584120273590088,-0.19309592247009277,2.892875909805298,0.26860862970352173,0.7029403448104858,-0.6305723786354065,0.3045101761817932,-0.5433564782142639,-0.06354117393493652,2.678586959838867,-0.38959836959838867,-0.5292770266532898,0.40376755595207214,-0.18214935064315796,-0.784864068031311,0.4725182056427002,-0.10237151384353638,-0.268385648727417,2.2563419342041016,2.929277181625366,-0.9760294556617737,-0.13958561420440674,-0.9194226264953613,0.23351207375526428
Eric Gordon,-0.7229533791542053,-0.43244922161102295,0.2783934772014618,1.3874610662460327,1.5671000480651855,-0.7938215136528015,1.1064660549163818,-0.24280351400375366,1.307827353477478,3.0482137203216553,-0.6111750602722168,2.5111749172210693,-0.16228866577148438,-0.8088035583496094,6.227507591247559,1.7404175996780396,-0.9444589614868164,-0.24996334314346313,1.8075467348098755,2.261585235595703,3.990586757659912,-0.7328885197639465,1.1690267324447632,-0.14825409650802612,-0.6128367185592651,-0.9859698414802551,-0.9640880823135376,-0.7301878333091736,-0.5270469188690186,0.5704709887504578,-0.4339888095855713,-0.8921023011207581,-0.3708740472793579,2.0691726207733154,-0.16521358489990234,-0.8969825506210327,-0.27238190174102783,2.5451300144195557,-0.2640104293823242,-0.9694291353225708,-0.4330924153327942,2.6039886474609375,0.09484918415546417,1.7721232175827026,1.6779149770736694,1.618736982345581,0.37440043687820435,-0.9934993386268616,0.864453136920929,-0.9936899542808533,1.016411304473877,1.5236191749572754,0.7037242650985718,1.053817629814148,0.5831064581871033,-0.7091691493988037,1.6261579990386963,-0.5811269283294678,5.7285661697387695,0.353148877620697,2.1531693935394287,-0.23237848281860352,1.4983839988708496,-0.02784132957458496,-0.8078259229660034,3.585083484649658,-0.09530282020568848,-0.4529109001159668,0.541920006275177,-0.26230108737945557,-0.7699382305145264,2.2572553157806396,1.728232502937317,-0.5743680596351624,3.7807250022888184,4.81683874130249,-0.998934268951416,-0.5666142702102661,-0.9683314561843872,-0.3136807680130005
Jazian Gortman,-0.7721090316772461,-0.3821359872817993,0.5900383591651917,1.27126145362854,1.0726631879806519,-0.4930773973464966,0.6205672025680542,0.21646584570407867,0.7401222586631775,3.125659704208374,-0.5177668929100037,2.3709561824798584,-0.2768239974975586,-0.7954244613647461,3.582765579223633,2.4348857402801514,-0.7850081920623779,0.012598562054336071,2.143970012664795,1.7745182514190674,2.262868642807007,-0.25354039669036865,1.3835560083389282,0.586969256401062,-0.39198535680770874,-0.983799397945404,-0.8447688221931458,-0.8156558871269226,-0.22201544046401978,0.472694993019104,-0.13710051774978638,-0.9119235277175903,-0.7267822027206421,1.694641351699829,0.43501967191696167,-0.9216902256011963,-0.5079866647720337,1.742464303970337,-0.3972403407096863,-0.9351113438606262,-0.2195010781288147,2.124803066253662,-0.0777788758277893,1.544990062713623,1.4683036804199219,1.801556944847107,0.35443446040153503,-0.9763613939285278,1.2473580837249756,-0.9522601962089539,0.7735183835029602,1.520933985710144,1.0665940046310425,1.8016115427017212,1.2772068977355957,-0.678582489490509,0.8510388731956482,-0.6434177756309509,5.126529693603516,0.3211701214313507,1.9175280332565308,0.2589414119720459,1.547440767288208,0.7737460136413574,-0.9008640050888062,2.4696993827819824,0.06890574842691422,-0.023728609085083008,0.8990342617034912,-0.1340045928955078,-0.41443443298339844,2.03851580619812,2.3208298683166504,-0.673157274723053,3.405961513519287,3.6820216178894043,-0.9937337040901184,-0.6746735572814941,-0.8692611455917358,-0.6040903329849243
Jerami Grant,-0.4398467540740967,-0.3909735679626465,-0.17400586605072021,0.9588538408279419,1.194470763206482,-0.8659157156944275,1.2624073028564453,-0.5258362293243408,1.703535556793213,1.7134795188903809,-0.34475255012512207,1.4845504760742188,-0.18397784233093262,-0.643657386302948,6.092534065246582,0.3143351674079895,-0.9507675766944885,-0.30611181259155273,0.7717477083206177,1.9607411623001099,4.19140625,-0.8157902359962463,0.1762072592973709,-0.4568790793418884,-0.4958456754684448,-0.9463338851928711,-0.9645487666130066,-0.3992748260498047,-0.6554142236709595,0.9075764417648315,-0.6858693957328796,-0.6941632032394409,0.5053133964538574,2.081892967224121,-0.3728020191192627,-0.739762008190155,0.2112257033586502,2.476487636566162,-0.07099372148513794,-0.9431225061416626,-0.36701464653015137,1.9615265130996704,-0.0309564471244812,0.9689992666244507,1.308670163154602,0.8284119963645935,-0.279538631439209,-0.9878242611885071,0.0548439621925354,-0.992210865020752,0.8191378712654114,1.142544150352478,-0.13436198234558105,0.0951942503452301,-0.12303972244262695,-0.6300546526908875,1.7211365699768066,-0.25781160593032837,4.250051498413086,0.09298580884933472,1.5179051160812378,-0.5496106147766113,0.6723939776420593,-0.49789416790008545,-0.29725563526153564,3.3989763259887695,-0.3367465138435364,-0.4682391285896301,0.3265533745288849,-0.16339272260665894,-0.8498448729515076,1.223793387413025,0.24939393997192383,-0.36277318000793457,2.914346933364868,3.86014461517334,-0.9960772395133972,-0.24921172857284546,-0.957710325717926,0.2560742199420929
A.J. Green,-0.8670862913131714,-0.45759207010269165,0.35413646697998047,1.7688910961151123,1.851664662361145,-0.8300672769546509,1.1262238025665283,-0.2713276147842407,1.1877946853637695,3.6902809143066406,-0.6632662415504456,3.0282022953033447,-0.07612180709838867,-0.8718118667602539,7.197351932525635,2.3789103031158447,-0.9672125577926636,-0.13446444272994995,2.3726894855499268,2.672243356704712,4.476204872131348,-0.787009596824646,1.6619089841842651,0.06718076765537262,-0.667763888835907,-0.9953352212905884,-0.9804120063781738,-0.8131117820739746,-0.5933191776275635,0.3788718581199646,-0.5235421657562256,-0.9390602707862854,-0.4336302876472473,2.2945396900177,-0.0012101531028747559,-0.9435867071151733,-0.23971527814865112,2.909142017364502,-0.44031399488449097,-0.9869309067726135,-0.6103984117507935,2.919468402862549,0.5442752838134766,2.5904617309570312,2.3139939308166504,2.233520269393921,0.5601694583892822,-0.9972800612449646,1.3732943534851074,-0.9971189498901367,1.2014435529708862,1.944332242012024,1.2025851011276245,1.2889373302459717,1.092801570892334,-0.7897156476974487,1.6363040208816528,-0.6057794690132141,6.975980281829834,0.03376619517803192,2.994502544403076,0.008542231284081936,2.0100929737091064,0.2965731620788574,-0.8723352551460266,4.129950523376465,0.11952279508113861,-0.4297409653663635,0.5268795490264893,-0.1636655330657959,-0.7775647640228271,3.273897886276245,2.3987808227539062,-0.5730928778648376,4.3774566650390625,5.694305419921875,-0.9997777938842773,-0.6887491345405579,-0.9825146794319153,-0.41865086555480957
Draymond Green,-0.4798106551170349,-0.3565627336502075,0.09537364542484283,1.159138560295105,1.2767335176467896,-0.7668763399124146,0.8524066209793091,-0.4199254512786865,1.2340091466903687,1.9776842594146729,-0.48357099294662476,1.6264454126358032,-0.16821712255477905,-0.6584845185279846,5.001041412353516,0.8839405179023743,-0.9030390381813049,-0.43740129470825195,1.061965823173523,1.9638437032699585,3.349381446838379,-0.715339183807373,0.5343839526176453,-0.3259754776954651,-0.46521174907684326,-0.9536593556404114,-0.9375324249267578,-0.48084932565689087,-0.5614304542541504,0.5046859383583069,-0.5091918706893921,-0.7110681533813477,0.016474228352308273,1.753348708152771,-0.35971540212631226,-0.7942177057266235,-0.19382381439208984,1.9429550170898438,-0.0786481499671936,-0.928389310836792,-0.3842504024505615,1.9709298610687256,0.0021503418684005737,1.1403741836547852,1.2386146783828735,0.9723079800605774,-0.06535160541534424,-0.9807596206665039,0.2419300675392151,-0.9867758750915527,0.6817660331726074,1.0147297382354736,0.1758924275636673,0.7001352906227112,0.11703189462423325,-0.52508944272995,1.3189964294433594,-0.3624512553215027,4.000390529632568,0.32667550444602966,1.2240642309188843,-0.4736199975013733,0.9389712810516357,-0.2796367406845093,-0.5638614296913147,2.863121271133423,-0.21723616123199463,-0.5230194330215454,0.34485509991645813,-0.18011140823364258,-0.7737055420875549,1.3900223970413208,0.6711310744285583,-0.4301379919052124,2.831810235977173,3.5588295459747314,-0.9935178160667419,-0.36125385761260986,-0.9408861398696899,-0.10515117645263672
Javonte Green,-0.5992396473884583,-0.40930992364883423,0.28245943784713745,1.0331076383590698,1.1885437965393066,-0.637211799621582,0.6761553883552551,-0.09639191627502441,0.8234081268310547,2.2574639320373535,-0.50563645362854,1.7254332304000854,-0.17257755994796753,-0.6834568977355957,4.050806999206543,1.4068104028701782,-0.8344792127609253,-0.2465282678604126,1.2294293642044067,1.6677837371826172,2.670607805252075,-0.5438858866691589,0.8251972794532776,0.047509629279375076,-0.47395873069763184,-0.9534628987312317,-0.8949209451675415,-0.6387741565704346,-0.42161428928375244,0.437865674495697,-0.2875136137008667,-0.790736198425293,-0.41898298263549805,1.534409523010254,-0.13950353860855103,-0.8120445609092712,-0.2684997320175171,1.5869202613830566,-0.2511987090110779,-0.9172874093055725,-0.26846563816070557,1.9297233819961548,-0.03492671251296997,1.2687948942184448,1.1775189638137817,1.1055599451065063,0.10460669547319412,-0.9698594212532043,0.6212040185928345,-0.9670474529266357,0.6017653942108154,1.0025897026062012,0.5110918283462524,1.0625656843185425,0.46867552399635315,-0.5828598141670227,1.1279569864273071,-0.49122869968414307,4.102180480957031,0.405571848154068,1.4796535968780518,-0.2150316834449768,1.2022614479064941,0.15158753097057343,-0.7195937633514404,2.3411402702331543,-0.1437075138092041,-0.33193302154541016,0.5611291527748108,-0.10173624753952026,-0.6396381855010986,1.381301760673523,1.297410249710083,-0.5445066690444946,2.878962993621826,3.388471841812134,-0.9894963502883911,-0.4761543273925781,-0.8962579965591431,-0.39164912700653076
Jalen Green,-0.23432868719100952,-0.41151583194732666,-0.30339908599853516,0.9648483395576477,1.2246047258377075,-0.9050095081329346,1.4218388795852661,-0.6441219449043274,1.918685793876648,1.310591697692871,-0.1815853714942932,1.384105920791626,-0.3000059127807617,-0.6163865327835083,6.474085330963135,0.043729256838560104,-0.9652488827705383,-0.3052510619163513,0.4975368082523346,2.026604652404785,4.716978549957275,-0.8466390371322632,-0.07982438802719116,-0.614163339138031,-0.44390398263931274,-0.9282404184341431,-0.9695538282394409,-0.29350030422210693,-0.6713624000549316,1.006856083869934,-0.7888469696044922,-0.6688223481178284,0.9261780381202698,2.2350988388061523,-0.4168682098388672,-0.6911873817443848,0.5102953314781189,2.902341842651367,0.04220001772046089,-0.9393922090530396,-0.23672252893447876,1.853909969329834,0.010919115506112576,0.7724376916885376,1.1426218748092651,0.9564934968948364,-0.44758421182632446,-0.9921789169311523,-0.24447530508041382,-0.9952245950698853,0.7312344312667847,1.1351864337921143,-0.417460560798645,-0.1766221523284912,-0.31044238805770874,-0.6479815244674683,1.9528717994689941,-0.13688737154006958,3.946434736251831,0.03989781066775322,1.526982069015503,-0.6194573640823364,0.6400221586227417,-0.6636576652526855,0.11333202570676804,3.631330966949463,-0.41476255655288696,-0.4579846262931824,0.4636087715625763,-0.08890575170516968,-0.878761351108551,0.8723600506782532,-0.06715351343154907,-0.14608502388000488,2.998260974884033,3.8597240447998047,-0.9956032037734985,-0.1705119013786316,-0.9624895453453064,0.36068448424339294
Jeff Green,-0.7198630571365356,-0.39314550161361694,0.18866126239299774,1.5524908304214478,1.5263667106628418,-0.6792532205581665,0.7156938910484314,-0.3701522946357727,1.293694257736206,2.9621593952178955,-0.5921531319618225,2.298053741455078,-0.1616748571395874,-0.7732268571853638,5.35152530670166,1.8269754648208618,-0.9006717801094055,-0.5018643140792847,1.935346007347107,2.3686089515686035,3.4501373767852783,-0.672644853591919,0.9805559515953064,-0.042827308177948,-0.33927279710769653,-0.9858003258705139,-0.939384400844574,-0.7093416452407837,-0.5075873136520386,0.24338161945343018,-0.5013233423233032,-0.8422501087188721,-0.37962281703948975,1.955084204673767,-0.23123711347579956,-0.910720705986023,-0.4147939085960388,2.040670156478882,-0.3410789966583252,-0.9630877375602722,-0.4037562608718872,2.381521463394165,0.03358881548047066,1.6741971969604492,1.8364256620407104,1.6681779623031616,0.2047041803598404,-0.9896671175956726,0.8029989004135132,-0.9897918701171875,0.8438084721565247,1.4994968175888062,0.7600260972976685,1.3601670265197754,0.5959528088569641,-0.5681660771369934,1.2082500457763672,-0.5444150567054749,5.204462051391602,0.1505604386329651,1.8091301918029785,-0.3275868892669678,1.3619645833969116,0.22500647604465485,-0.7993484735488892,3.352783203125,-0.12766951322555542,-0.525998592376709,0.5057028532028198,-0.23520731925964355,-0.7288985252380371,2.262209415435791,1.6976149082183838,-0.5138213634490967,3.537074089050293,4.290836334228516,-0.9974845051765442,-0.6134204864501953,-0.9533029794692993,-0.2840850353240967
Josh Green,-0.6628086566925049,-0.39127612113952637,0.18258023262023926,1.25218665599823,1.3741008043289185,-0.7278243899345398,0.7423627376556396,-0.23785245418548584,1.0436103343963623,2.5539817810058594,-0.5154138207435608,1.9585978984832764,-0.16194534301757812,-0.7503876686096191,5.1141228675842285,1.4493367671966553,-0.9014884233474731,-0.25954532623291016,1.4757800102233887,1.9800286293029785,3.344489574432373,-0.6843359470367432,0.8732184171676636,-0.09369409084320068,-0.527004063129425,-0.9752995371818542,-0.9453070759773254,-0.6187838315963745,-0.5393427610397339,0.44992560148239136,-0.4922788143157959,-0.8348814845085144,-0.24348998069763184,1.8086683750152588,-0.23922300338745117,-0.8576228022575378,-0.19304442405700684,2.169750690460205,-0.2559150457382202,-0.9505798816680908,-0.4545009136199951,2.153707265853882,0.20526404678821564,1.6252753734588623,1.4755762815475464,1.3447437286376953,0.13675670325756073,-0.9853144884109497,0.6493836641311646,-0.9867032170295715,0.8075998425483704,1.2745797634124756,0.6260329484939575,0.9656535387039185,0.5134581923484802,-0.6332594156265259,1.2526404857635498,-0.4835365414619446,4.729266166687012,0.2044125199317932,1.764478325843811,-0.2630738615989685,1.342576503753662,-0.016975104808807373,-0.7269328236579895,2.894702196121216,-0.05100506544113159,-0.4288073182106018,0.3907226026058197,-0.07694810628890991,-0.7438129186630249,1.9608018398284912,1.3351857662200928,-0.4629852771759033,3.1458840370178223,3.9592971801757812,-0.9963474869728088,-0.4903000593185425,-0.946779727935791,-0.2808796167373657
Quentin Grimes,-0.3977336883544922,-0.4123695492744446,-0.1606210470199585,1.1000075340270996,1.3154017925262451,-0.8518699407577515,1.1472631692886353,-0.5297982692718506,1.632901906967163,1.7311851978302002,-0.358803927898407,1.5447802543640137,-0.22324681282043457,-0.6610805988311768,5.940417766571045,0.511484682559967,-0.9461825489997864,-0.3971468210220337,0.8508883714675903,2.100560188293457,4.146439075469971,-0.7988445162773132,0.23212867975234985,-0.48712611198425293,-0.4665585160255432,-0.9518041014671326,-0.960784912109375,-0.42418766021728516,-0.6233693361282349,0.7303041219711304,-0.6887327432632446,-0.7090386152267456,0.5039064288139343,2.02101469039917,-0.3887639045715332,-0.760838508605957,0.13175442814826965,2.487213611602783,-0.053097307682037354,-0.9406605958938599,-0.28333377838134766,1.9602928161621094,-0.060297489166259766,1.026045560836792,1.2875999212265015,1.0038896799087524,-0.28978466987609863,-0.9891922473907471,-0.0009725689888000488,-0.9930363297462463,0.7779679298400879,1.1274654865264893,-0.12847137451171875,0.3088064193725586,-0.10222119092941284,-0.601181149482727,1.687361717224121,-0.26307213306427,4.134424209594727,0.16081000864505768,1.451524019241333,-0.5531328916549683,0.800479531288147,-0.5083825588226318,-0.3325963020324707,3.378077268600464,-0.31501448154449463,-0.48612380027770996,0.4244506359100342,-0.13779044151306152,-0.8325387239456177,1.2266218662261963,0.3973677158355713,-0.3140971064567566,2.998565912246704,3.8829498291015625,-0.9955055117607117,-0.293473482131958,-0.9582308530807495,0.11925768852233887
Mouhamed Gueye,-0.44848334789276123,-0.3687124252319336,0.2069820910692215,1.0396662950515747,1.1519285440444946,-0.6472020745277405,0.6066108345985413,-0.23125731945037842,1.00055992603302,2.0549275875091553,-0.5313115119934082,1.6121188402175903,-0.22812187671661377,-0.6494807004928589,4.035943508148193,1.1172254085540771,-0.8439797163009644,-0.35178327560424805,1.0563536882400513,1.6912684440612793,2.7310221195220947,-0.5596993565559387,0.6416738033294678,-0.23268580436706543,-0.39316612482070923,-0.9397606253623962,-0.8853718638420105,-0.5708492994308472,-0.3950125575065613,0.38210681080818176,-0.3247376084327698,-0.7233226299285889,-0.3190889358520508,1.4553956985473633,-0.3285210132598877,-0.7731536030769348,-0.30207473039627075,1.5132664442062378,-0.18357741832733154,-0.9175282716751099,-0.312724232673645,1.852931022644043,-0.0796707272529602,1.1251859664916992,1.021977186203003,1.0162856578826904,0.04597070813179016,-0.9678775072097778,0.3704897463321686,-0.9708107113838196,0.5289730429649353,0.8642011880874634,0.3497453033924103,0.9373979568481445,0.21904702484607697,-0.5036048293113708,1.1385498046875,-0.455483615398407,3.716797113418579,0.43641844391822815,1.2208784818649292,-0.28713345527648926,1.0872719287872314,-0.06309044361114502,-0.6570398211479187,2.327711343765259,-0.17916738986968994,-0.470760703086853,0.4672362506389618,-0.1966436505317688,-0.6908348798751831,1.23736572265625,1.0170199871063232,-0.45496517419815063,2.732043981552124,3.1855406761169434,-0.9852935671806335,-0.48340195417404175,-0.9006462693214417,-0.27864956855773926
Rui Hachimura,-0.2588247060775757,-0.3721578121185303,-0.04005783796310425,1.1174556016921997,1.2693334817886353,-0.7701938152313232,0.7832474112510681,-0.4467273950576782,1.2930034399032593,1.562430739402771,-0.4194973111152649,1.3283092975616455,-0.22353070974349976,-0.6104069948196411,4.757279396057129,0.5455582737922668,-0.9131869673728943,-0.4433439373970032,0.6986405253410339,1.9896780252456665,3.409353256225586,-0.7060373425483704,0.257943332195282,-0.46847236156463623,-0.44141340255737305,-0.9340699315071106,-0.9387757182121277,-0.3610079288482666,-0.5016282796859741,0.46793726086616516,-0.573691725730896,-0.6405950784683228,0.31489208340644836,1.5802868604660034,-0.46685951948165894,-0.7218890190124512,-0.023261308670043945,1.9687637090682983,-0.021407127380371094,-0.9247288107872009,-0.2500498294830322,1.8176767826080322,-0.09834587574005127,1.0885971784591675,1.030601978302002,0.8267579674720764,-0.24618756771087646,-0.9779794812202454,-0.020086288452148438,-0.9863666296005249,0.5313926935195923,0.8181849718093872,-0.027292847633361816,0.5747752785682678,-0.08548891544342041,-0.5196263194084167,1.3025550842285156,-0.2651817798614502,3.4548373222351074,0.374989777803421,1.122589349746704,-0.4744899272918701,0.8343297243118286,-0.46450501680374146,-0.3583006262779236,2.660705804824829,-0.13316810131072998,-0.5142514705657959,0.31482234597206116,-0.10410898923873901,-0.7872476577758789,1.1365176439285278,0.42840707302093506,-0.27183735370635986,2.60056471824646,3.3111581802368164,-0.9884453415870667,-0.2817026376724243,-0.9375172257423401,-0.06018859148025513
Tyrese Haliburton,-0.46381109952926636,-0.4381849765777588,-0.2299720048904419,1.2648706436157227,1.488312005996704,-0.8997718095779419,1.4614787101745605,-0.6353721618652344,2.0020751953125,1.9671313762664795,-0.35334914922714233,1.9207009077072144,-0.26856112480163574,-0.7250109910964966,7.146553039550781,0.5924353003501892,-0.9733540415763855,-0.36901378631591797,1.0425690412521362,2.4385623931884766,5.030466556549072,-0.8527278900146484,0.26784080266952515,-0.569124162197113,-0.4794188141822815,-0.9692327976226807,-0.9783366918563843,-0.4824449419975281,-0.670665979385376,0.8577982187271118,-0.7661731243133545,-0.7838357090950012,0.7017514109611511,2.3817107677459717,-0.38597506284713745,-0.8152881860733032,0.3109442889690399,3.115079164505005,-0.04857456684112549,-0.9645189046859741,-0.31736838817596436,2.275022029876709,0.03693533316254616,1.1850799322128296,1.506245732307434,1.3216484785079956,-0.2704736590385437,-0.9957264065742493,0.037690434604883194,-0.9973587393760681,0.9078027009963989,1.4436885118484497,-0.1932133436203003,0.14390243589878082,-0.12823176383972168,-0.6770656108856201,1.9939124584197998,-0.2978370189666748,4.8609538078308105,0.07911219447851181,1.874243974685669,-0.5754979848861694,0.9081715941429138,-0.5941542983055115,-0.3100130558013916,4.123454570770264,-0.3338606357574463,-0.5087274312973022,0.4965738356113434,-0.1771869659423828,-0.8776959180831909,1.5385313034057617,0.5284228324890137,-0.2669241428375244,3.502438545227051,4.579584121704102,-0.9984960556030273,-0.33725953102111816,-0.9764198064804077,0.2428465187549591
Tim Hardaway Jr.,-0.687754213809967,-0.44222503900527954,0.04741441830992699,1.4317623376846313,1.5797092914581299,-0.8567310571670532,1.2694634199142456,-0.4625382423400879,1.5723916292190552,2.6609389781951904,-0.5451490879058838,2.2983484268188477,-0.1554166078567505,-0.7908831238746643,6.857985496520996,1.2716785669326782,-0.9642383456230164,-0.3008529543876648,1.5571595430374146,2.472475528717041,4.478172302246094,-0.8120828866958618,0.8208533525466919,-0.3385400176048279,-0.5864695310592651,-0.9833257794380188,-0.9761425852775574,-0.6435660123825073,-0.6399993300437927,0.6431282758712769,-0.597318708896637,-0.8505966067314148,0.07266204059123993,2.2342796325683594,-0.2715049982070923,-0.8805204629898071,-0.06190568208694458,2.727304458618164,-0.20801496505737305,-0.9725995063781738,-0.4997103214263916,2.5463805198669434,0.1485462188720703,1.6946754455566406,1.7720468044281006,1.4489827156066895,0.12175165861845016,-0.9947052001953125,0.5752003192901611,-0.996387779712677,1.0130218267440796,1.5695058107376099,0.42340895533561707,0.6389057636260986,0.34373411536216736,-0.6950487494468689,1.751301884651184,-0.4516112208366394,5.5152268409729,0.20387522876262665,2.087514638900757,-0.4008868336677551,1.2375565767288208,-0.2818843722343445,-0.6754998564720154,3.885455846786499,-0.11801928281784058,-0.525366485118866,0.3988651931285858,-0.19968926906585693,-0.8336172699928284,2.2159955501556396,1.2237497568130493,-0.48304152488708496,3.6750526428222656,4.8522725105285645,-0.9991323351860046,-0.48000282049179077,-0.9769008159637451,-0.0891144871711731
James Harden,-0.2993546724319458,-0.4294825792312622,-0.3754178285598755,0.8695820569992065,1.1435836553573608,-0.9253669381141663,1.7927712202072144,-0.7306022047996521,2.4005961418151855,1.308906078338623,-0.0978240966796875,1.491910457611084,-0.2424430251121521,-0.6044811606407166,7.303475379943848,-0.15506887435913086,-0.9746192693710327,-0.46304917335510254,0.6288985013961792,2.2759311199188232,5.141276836395264,-0.8805874586105347,-0.2507706880569458,-0.6225144863128662,-0.3170158863067627,-0.9326814413070679,-0.9752771258354187,-0.3100343346595764,-0.756381094455719,1.1625182628631592,-0.8043267726898193,-0.5930110812187195,1.1029146909713745,2.554191827774048,-0.35270893573760986,-0.6800336837768555,0.4873534142971039,2.9124274253845215,0.070287324488163,-0.9426881074905396,-0.21227431297302246,1.963718295097351,-0.22544598579406738,0.38717493414878845,1.4175889492034912,0.7747606635093689,-0.48090124130249023,-0.9937885403633118,-0.287908673286438,-0.9967319965362549,0.9312587380409241,1.329338788986206,-0.5834369659423828,-0.33479416370391846,-0.4159506559371948,-0.6143898367881775,2.1594417095184326,-0.0927852988243103,4.315188407897949,-0.14567816257476807,1.4864016771316528,-0.7135791778564453,0.17798787355422974,-0.6704458594322205,0.19316327571868896,4.325150489807129,-0.5832453370094299,-0.5094871520996094,0.5993205308914185,-0.2770651578903198,-0.8900866508483887,0.7972807288169861,-0.2596632242202759,-0.2803915739059448,3.067868947982788,4.128342151641846,-0.9973567128181458,-0.1448270082473755,-0.9699565172195435,0.7248200178146362
Jaden Hardy,-0.5155808925628662,-0.3791270852088928,0.08347783982753754,1.0745989084243774,1.3349478244781494,-0.7626200318336487,0.9254601001739502,-0.2387567162513733,1.177145004272461,2.307319164276123,-0.45752131938934326,1.8922865390777588,-0.21146386861801147,-0.7270435094833374,5.138394355773926,1.234321117401123,-0.9134448170661926,-0.20999187231063843,1.253648281097412,1.8942989110946655,3.5815653800964355,-0.6878461241722107,0.6349843740463257,-0.26132291555404663,-0.5304915904998779,-0.9648714065551758,-0.9426023364067078,-0.5603421926498413,-0.4963040351867676,0.6707181334495544,-0.5456854701042175,-0.8187175989151001,-0.06537312269210815,1.834954857826233,-0.2809091806411743,-0.814035177230835,-0.09782826900482178,2.387911081314087,-0.134973406791687,-0.9343879222869873,-0.23130953311920166,2.1331751346588135,-0.03796571493148804,1.2839118242263794,1.2105529308319092,1.2243810892105103,0.0005869021406397223,-0.98591548204422,0.4114971160888672,-0.9877669215202332,0.739989161491394,1.1606297492980957,0.31240686774253845,0.7933125495910645,0.23305535316467285,-0.6428837180137634,1.4727973937988281,-0.4394732117652893,4.420202255249023,0.3095753788948059,1.6402287483215332,-0.31744706630706787,1.2054096460342407,-0.2773122787475586,-0.6507751941680908,2.9413933753967285,-0.15343892574310303,-0.3812025189399719,0.48881304264068604,-0.06190365552902222,-0.7502198815345764,1.5123350620269775,1.1116783618927002,-0.4648820757865906,3.1188223361968994,3.8758201599121094,-0.9951617121696472,-0.3884039521217346,-0.944074809551239,-0.25112664699554443
Gary Harris,-0.8450555801391602,-0.44449084997177124,0.550534188747406,1.5848689079284668,1.521946907043457,-0.7020659446716309,0.7793576121330261,-0.04885756969451904,0.8971527218818665,3.5897977352142334,-0.641165018081665,2.7729783058166504,-0.1986227035522461,-0.8399406671524048,5.503467082977295,2.5472259521484375,-0.9056246280670166,-0.10785901546478271,2.3020594120025635,2.131507158279419,3.3549749851226807,-0.6164607405662537,1.7054287195205688,0.36756935715675354,-0.5684384107589722,-0.9920791983604431,-0.9482274651527405,-0.8273764848709106,-0.4617506265640259,0.40078413486480713,-0.34041208028793335,-0.9363528490066528,-0.6559453010559082,2.0580639839172363,0.1903010457754135,-0.9423660039901733,-0.41171401739120483,2.3604729175567627,-0.44295912981033325,-0.9731862545013428,-0.5307685136795044,2.5738656520843506,0.45457762479782104,2.1603076457977295,1.907008171081543,2.1520376205444336,0.559560239315033,-0.9929059147834778,1.3986563682556152,-0.9889219403266907,0.9802014827728271,1.7518906593322754,1.2610785961151123,1.583055853843689,1.198975682258606,-0.7375704646110535,1.2773569822311401,-0.6720774173736572,6.246151447296143,0.23478886485099792,2.5130462646484375,0.08761710673570633,1.9729050397872925,0.6387401223182678,-0.8989462852478027,3.2747483253479004,0.04001067206263542,-0.3051105737686157,0.6814267039299011,-0.1832791566848755,-0.677006721496582,2.720064401626587,2.4600462913513184,-0.6182568073272705,4.102435111999512,4.786836624145508,-0.9989643096923828,-0.7072803974151611,-0.9534563422203064,-0.5340356230735779
Tobias Harris,-0.041853249073028564,-0.3731650114059448,-0.03049170970916748,0.9218766093254089,1.2100911140441895,-0.7792668342590332,0.8970328569412231,-0.42133069038391113,1.3131736516952515,1.405291199684143,-0.3215820789337158,1.247687816619873,-0.2569255232810974,-0.5893383026123047,4.582568168640137,0.3943938612937927,-0.9063923954963684,-0.4334251880645752,0.5588380694389343,1.876722812652588,3.49743914604187,-0.6933304071426392,0.002967516425997019,-0.4918627142906189,-0.39592570066452026,-0.9079541563987732,-0.9284964799880981,-0.2959286570549011,-0.5281400680541992,0.7051036953926086,-0.5988047122955322,-0.6138343214988708,0.3836013376712799,1.6704533100128174,-0.4754507541656494,-0.6405370235443115,0.12559112906455994,2.0640933513641357,0.025604916736483574,-0.9023963212966919,-0.011642754077911377,1.819116234779358,-0.23585402965545654,0.7239437699317932,0.8428235054016113,0.6650912165641785,-0.3728102445602417,-0.9756408929824829,-0.13896936178207397,-0.9846539497375488,0.4447806775569916,0.7034240961074829,-0.28748786449432373,0.5158431529998779,-0.23009604215621948,-0.5332701206207275,1.4667637348175049,-0.26691579818725586,3.2264254093170166,0.42626869678497314,1.0134676694869995,-0.532090425491333,0.7245469093322754,-0.5288661122322083,-0.24061143398284912,2.630819797515869,-0.2803311347961426,-0.47460252046585083,0.529907763004303,-0.05700123310089111,-0.7883889079093933,0.6592232584953308,0.22949153184890747,-0.3142203688621521,2.5446841716766357,3.125624179840088,-0.9834416508674622,-0.15679413080215454,-0.9257169961929321,-0.016394376754760742
Josh Hart,-0.0277671217918396,-0.3736015558242798,-0.09215205907821655,0.881931483745575,1.1636466979980469,-0.7586528658866882,0.7455495595932007,-0.4687049388885498,1.2471638917922974,1.064837098121643,-0.3250168561935425,0.9654145240783691,-0.211528480052948,-0.46397316455841064,4.206647872924805,0.20072975754737854,-0.8752453327178955,-0.5293481945991516,0.37436816096305847,1.7714766263961792,3.1383485794067383,-0.6901441812515259,-0.04718393087387085,-0.47203564643859863,-0.3249528408050537,-0.8697862029075623,-0.9000908136367798,-0.200983464717865,-0.5197278261184692,0.5121515393257141,-0.5949661731719971,-0.45318663120269775,0.4537450075149536,1.4542545080184937,-0.4698883891105652,-0.5668768286705017,0.030617985874414444,1.6519205570220947,0.07118982076644897,-0.8648382425308228,0.004333745688199997,1.490328311920166,-0.2451552152633667,0.5885445475578308,0.8091250658035278,0.529273271560669,-0.38194143772125244,-0.9643996953964233,-0.29963696002960205,-0.97813481092453,0.4091918468475342,0.5288869142532349,-0.3423546552658081,0.44817718863487244,-0.31358397006988525,-0.3858411908149719,1.3231217861175537,-0.13073742389678955,2.7072174549102783,0.3211519122123718,0.7252944111824036,-0.5869683623313904,0.549500584602356,-0.519011378288269,-0.11601555347442627,2.4220829010009766,-0.3616940379142761,-0.5179294347763062,0.4460937976837158,-0.09317857027053833,-0.7594465613365173,0.43651801347732544,-0.03666108846664429,-0.24875342845916748,2.2150683403015137,2.7283434867858887,-0.9709566831588745,-0.14019078016281128,-0.9044598340988159,0.03976351022720337
Sam Hauser,-0.8320739269256592,-0.43586236238479614,0.23738723993301392,1.9027448892593384,1.8822591304779053,-0.7966387271881104,0.9615283012390137,-0.36646920442581177,1.2241495847702026,3.5033748149871826,-0.6658360958099365,2.8468263149261475,-0.1387360692024231,-0.8547381162643433,6.838035583496094,2.1919748783111572,-0.9639244079589844,-0.22522485256195068,2.229499101638794,2.642246961593628,4.342304706573486,-0.7820261716842651,1.4978053569793701,-0.12905150651931763,-0.6025193929672241,-0.9938424825668335,-0.9767912030220032,-0.774905264377594,-0.5211449861526489,0.20164097845554352,-0.5695445537567139,-0.9249992966651917,-0.3349055051803589,2.0981528759002686,-0.21063542366027832,-0.9431329369544983,-0.18811047077178955,2.7587838172912598,-0.4525412321090698,-0.9866485595703125,-0.5956526398658752,2.840608835220337,0.5776227712631226,2.5945165157318115,2.218409299850464,2.233154773712158,0.5609258413314819,-0.9967144131660461,1.1992149353027344,-0.9967971444129944,1.0378583669662476,1.8231974840164185,1.2619342803955078,1.192342758178711,0.9146436452865601,-0.745206892490387,1.5299456119537354,-0.585900604724884,6.432827949523926,0.07349559664726257,2.844214677810669,-0.042026519775390625,2.0164270401000977,0.1596841663122177,-0.8379526138305664,3.8909103870391846,0.25801122188568115,-0.513504147529602,0.34511399269104004,-0.14646726846694946,-0.8023388385772705,3.304372787475586,2.2641422748565674,-0.44497978687286377,4.14420747756958,5.360518455505371,-0.9996349215507507,-0.664676308631897,-0.9806529879570007,-0.36056041717529297
Jordan Hawkins,-0.6275453567504883,-0.3929172158241272,0.030032945796847343,1.3124732971191406,1.477355718612671,-0.8581849336624146,1.2078139781951904,-0.4286632537841797,1.4867289066314697,2.546416759490967,-0.5224452018737793,2.177288055419922,-0.2190631628036499,-0.7699712514877319,6.485903739929199,1.2155488729476929,-0.9599714279174805,-0.16256815195083618,1.383275032043457,2.2248470783233643,4.383001804351807,-0.7976588606834412,0.7940898537635803,-0.3779188394546509,-0.5917779803276062,-0.9796397686004639,-0.9718565940856934,-0.6055107116699219,-0.5935112237930298,0.7610746026039124,-0.6408655047416687,-0.8512937426567078,0.09949011355638504,2.1802308559417725,-0.29087281227111816,-0.8641708493232727,-0.025013983249664307,2.8103649616241455,-0.18070751428604126,-0.9669764637947083,-0.47127264738082886,2.414438486099243,0.2053098976612091,1.6158539056777954,1.5471304655075073,1.4791752099990845,0.05115127190947533,-0.9940335154533386,0.516376256942749,-0.9955227375030518,0.9059890508651733,1.4625450372695923,0.4083506166934967,0.5694265961647034,0.2832346558570862,-0.7070415019989014,1.7333860397338867,-0.43133068084716797,5.257331371307373,0.18975719809532166,2.069363832473755,-0.35016173124313354,1.3332569599151611,-0.3401494026184082,-0.646797776222229,3.6320483684539795,-0.1313110589981079,-0.4596961736679077,0.3701806366443634,-0.13492220640182495,-0.8332949280738831,2.0253939628601074,1.1309024095535278,-0.4488259553909302,3.607839822769165,4.597995758056641,-0.9986973404884338,-0.4701758027076721,-0.9710452556610107,-0.13556766510009766
Killian Hayes,-0.4953175187110901,-0.4019259214401245,0.04821665585041046,1.0188379287719727,1.327460765838623,-0.7826084494590759,1.0881634950637817,-0.25923705101013184,1.2800146341323853,2.254009246826172,-0.46177077293395996,1.8355659246444702,-0.16467523574829102,-0.7144519686698914,5.354912281036377,1.0636554956436157,-0.9213460087776184,-0.262009859085083,1.1709965467453003,1.9282771348953247,3.7057504653930664,-0.7155108451843262,0.5203312039375305,-0.2758375406265259,-0.5468368530273438,-0.9610810279846191,-0.9484047889709473,-0.5523281693458557,-0.5340784788131714,0.7859250903129578,-0.5202146172523499,-0.7942096590995789,-0.014136254787445068,1.9130293130874634,-0.29405200481414795,-0.8019732236862183,-0.07664036750793457,2.322964668273926,-0.12995678186416626,-0.9331792593002319,-0.16829276084899902,2.2167656421661377,-0.17660105228424072,1.1282109022140503,1.2490609884262085,1.0240821838378906,-0.05144745111465454,-0.9853853583335876,0.39402252435684204,-0.9884063005447388,0.7520893812179565,1.1366934776306152,0.21341413259506226,0.6970237493515015,0.12114439159631729,-0.6416400074958801,1.6145082712173462,-0.431663453578949,4.4473161697387695,0.3969119191169739,1.5774593353271484,-0.40325927734375,1.0350037813186646,-0.2967996597290039,-0.609442949295044,3.0633327960968018,-0.21687066555023193,-0.39011985063552856,0.4937443733215332,-0.10644036531448364,-0.7648365497589111,1.371598243713379,0.9795860648155212,-0.5337070226669312,3.1286983489990234,3.951698064804077,-0.9956614375114441,-0.31401360034942627,-0.9469853639602661,-0.19383418560028076
Scoot Henderson,-0.3312762379646301,-0.36660081148147583,-0.1399795413017273,0.9041770100593567,1.186810851097107,-0.8334108591079712,1.1186684370040894,-0.47859346866607666,1.527454137802124,1.6642873287200928,-0.3260558843612671,1.464483618736267,-0.21534615755081177,-0.6219143867492676,5.459387302398682,0.48316776752471924,-0.9281211495399475,-0.35548436641693115,0.7793992161750793,1.8317753076553345,3.8928680419921875,-0.7718002200126648,0.16635170578956604,-0.44666099548339844,-0.43786245584487915,-0.9350921511650085,-0.9451380968093872,-0.38837361335754395,-0.5934351682662964,0.835570216178894,-0.673037052154541,-0.6848927736282349,0.4037071466445923,1.9572722911834717,-0.3709140419960022,-0.7191947102546692,0.11822957545518875,2.376927614212036,-0.028646469116210938,-0.9167941212654114,-0.17254889011383057,1.860432744026184,-0.12482506036758423,0.8017813563346863,1.1165220737457275,0.8910701870918274,-0.29056572914123535,-0.9851002097129822,-0.01826798915863037,-0.9891006946563721,0.7002612948417664,1.00933837890625,-0.1917651891708374,0.29964426159858704,-0.15917634963989258,-0.58692467212677,1.6435855627059937,-0.27463746070861816,3.8703489303588867,0.14873936772346497,1.3277314901351929,-0.5463656187057495,0.7376487255096436,-0.48823559284210205,-0.3317824602127075,3.1360552310943604,-0.38114041090011597,-0.4453776478767395,0.45698246359825134,-0.12442755699157715,-0.8118942975997925,0.9417271018028259,0.316845178604126,-0.35316669940948486,2.8274788856506348,3.5695366859436035,-0.9928590655326843,-0.24339258670806885,-0.9427744150161743,0.10739222168922424
Tyler Herro,-0.15359866619110107,-0.4147810935974121,-0.32771217823028564,1.1216493844985962,1.3089337348937988,-0.9083672165870667,1.4503511190414429,-0.6941275596618652,2.113743782043457,1.286205768585205,-0.2361883521080017,1.3452184200286865,-0.28627175092697144,-0.6073744297027588,6.744325637817383,-0.12598109245300293,-0.9707460403442383,-0.4589760899543762,0.4900977313518524,2.2181105613708496,4.881276607513428,-0.8650382161140442,-0.14199185371398926,-0.6701117157936096,-0.4225831627845764,-0.9361515641212463,-0.9747129678726196,-0.24982118606567383,-0.676017165184021,0.9446563720703125,-0.7965039610862732,-0.6286698579788208,1.0594178438186646,2.2381343841552734,-0.5023080110549927,-0.7090194225311279,0.46118780970573425,2.8735268115997314,0.0498875230550766,-0.9499684572219849,-0.23090702295303345,1.9309453964233398,-0.06781715154647827,0.7498199939727783,1.2482943534851074,0.9133423566818237,-0.46805763244628906,-0.99297696352005,-0.29292041063308716,-0.9964247345924377,0.7431594133377075,1.1047911643981934,-0.42710793018341064,-0.18536591529846191,-0.38334405422210693,-0.6133967638015747,2.0135223865509033,-0.11350589990615845,3.9745073318481445,0.12298711389303207,1.4205232858657837,-0.6752129793167114,0.564994215965271,-0.6988648176193237,0.2103091925382614,3.834609270095825,-0.4040681719779968,-0.52534419298172,0.3931298851966858,-0.1855364441871643,-0.8964661359786987,0.9711960554122925,-0.1595495343208313,-0.11925983428955078,3.032938241958618,3.9581551551818848,-0.996308445930481,-0.1325826644897461,-0.9688788652420044,0.4862693250179291
Buddy Hield,-0.7086516618728638,-0.4127068519592285,0.07493456453084946,1.567729115486145,1.66157066822052,-0.8222746849060059,1.018267273902893,-0.37485384941101074,1.209220051765442,2.774348258972168,-0.5426690578460693,2.3226113319396973,-0.1795881986618042,-0.809056282043457,6.3530964851379395,1.5412776470184326,-0.9571790099143982,-0.12893784046173096,1.638371467590332,2.267814874649048,4.206171035766602,-0.7879487872123718,0.9799472689628601,-0.3096626400947571,-0.6218416690826416,-0.9842667579650879,-0.9723886847496033,-0.6434606909751892,-0.5599446892738342,0.45055508613586426,-0.6196690797805786,-0.8817369341850281,-0.0005691647529602051,2.0153980255126953,-0.3091311454772949,-0.8955293297767639,0.04583337530493736,2.766655445098877,-0.297967791557312,-0.9737810492515564,-0.5243258476257324,2.502235174179077,0.45367419719696045,2.0668325424194336,1.7297611236572266,1.7384222745895386,0.24613480269908905,-0.994358479976654,0.719264030456543,-0.9954171776771545,0.9021607637405396,1.54156494140625,0.7796406745910645,0.7261247038841248,0.5423115491867065,-0.7205972075462341,1.5878140926361084,-0.46416109800338745,5.369759559631348,0.1642911583185196,2.313488245010376,-0.21454942226409912,1.6670036315917969,-0.22774648666381836,-0.7018265128135681,3.46787691116333,0.17151054739952087,-0.47987568378448486,0.27485159039497375,0.00852018129080534,-0.8237508535385132,2.5503063201904297,1.5362745523452759,-0.35673248767852783,3.6033945083618164,4.705170631408691,-0.9989791512489319,-0.49001145362854004,-0.9734262228012085,-0.25951874256134033
Haywood Highsmith,-0.6572861671447754,-0.4216805696487427,0.26825013756752014,1.305199146270752,1.402938723564148,-0.6731705069541931,0.6702919602394104,-0.1642005443572998,0.8828721046447754,2.590454339981079,-0.538212776184082,1.9966089725494385,-0.2053217887878418,-0.7492464780807495,4.721080303192139,1.6168544292449951,-0.8861386179924011,-0.22205060720443726,1.4651473760604858,1.861114740371704,3.111011266708374,-0.6177201271057129,0.9946827292442322,-0.07519346475601196,-0.527587890625,-0.9719162583351135,-0.9342107772827148,-0.6661598086357117,-0.43304604291915894,0.35023343563079834,-0.4023369550704956,-0.8550103902816772,-0.3700489401817322,1.6541836261749268,-0.2293645739555359,-0.8659844994544983,-0.17183440923690796,2.0336754322052,-0.30884480476379395,-0.950247049331665,-0.38735657930374146,2.178044557571411,0.24944889545440674,1.675071358680725,1.3751720190048218,1.4642914533615112,0.24065905809402466,-0.98358553647995,0.7611806988716125,-0.9826816916465759,0.6763495802879333,1.1971195936203003,0.7609931230545044,1.065820574760437,0.5769529342651367,-0.6441277265548706,1.241051197052002,-0.5428671836853027,4.624328136444092,0.3790707588195801,1.8529831171035767,-0.1540440320968628,1.5290342569351196,0.08260618150234222,-0.74713134765625,2.6374881267547607,0.0452587865293026,-0.3831213712692261,0.4646964371204376,-0.07289230823516846,-0.7177871465682983,1.9372951984405518,1.5870007276535034,-0.4483068585395813,3.1972479820251465,3.8699164390563965,-0.995236873626709,-0.50935959815979,-0.934822142124176,-0.3853866457939148
Aaron Holiday,-0.7858090996742249,-0.4291619062423706,0.29771533608436584,1.4784260988235474,1.6274199485778809,-0.758545458316803,1.0145963430404663,-0.16399365663528442,1.1160589456558228,3.3392393589019775,-0.5882721543312073,2.687305450439453,-0.166492760181427,-0.8351624011993408,5.992579460144043,2.2029201984405518,-0.9338696599006653,-0.15915155410766602,2.1157939434051514,2.3269729614257812,3.9083449840545654,-0.6994310021400452,1.2629255056381226,0.09726171940565109,-0.5709934234619141,-0.9901005029678345,-0.9593968391418457,-0.7685303092002869,-0.5218425393104553,0.5321266651153564,-0.490666925907135,-0.9156356453895569,-0.4499087333679199,2.1730411052703857,-0.007441103458404541,-0.9238473176956177,-0.276220440864563,2.635869026184082,-0.3642287254333496,-0.9698951840400696,-0.3859907388687134,2.6918106079101562,0.16227973997592926,1.965381145477295,1.8610535860061646,1.893751621246338,0.37002474069595337,-0.9941027760505676,1.082852840423584,-0.9930667281150818,0.9848372936248779,1.7261850833892822,0.9129156470298767,1.321885585784912,0.8339504599571228,-0.7311141490936279,1.497509241104126,-0.6042531132698059,5.979677677154541,0.1976456195116043,2.406822681427002,-0.1205940842628479,1.7021098136901855,0.2261400818824768,-0.8446541428565979,3.5542242527008057,-0.023043274879455566,-0.3740425705909729,0.6360212564468384,-0.09852004051208496,-0.7234051823616028,2.4953861236572266,2.1041359901428223,-0.5975698828697205,3.955845355987549,4.902264595031738,-0.9990453124046326,-0.6071951389312744,-0.9654353260993958,-0.4337308406829834
Jrue Holiday,-0.47604691982269287,-0.35151153802871704,0.004302983172237873,1.254639744758606,1.4278751611709595,-0.7720704078674316,0.8921099305152893,-0.3929330110549927,1.2166368961334229,2.1375410556793213,-0.4715511202812195,1.7821882963180542,-0.2105083465576172,-0.7097904682159424,5.219151973724365,1.0207412242889404,-0.9290499091148376,-0.2813740372657776,1.153268575668335,1.99086332321167,3.73122239112854,-0.7309719324111938,0.5007867217063904,-0.37491023540496826,-0.49850791692733765,-0.9612274765968323,-0.9478954672813416,-0.4885970950126648,-0.4950958490371704,0.5264090299606323,-0.6034040451049805,-0.7814674377441406,0.11501007527112961,1.7627182006835938,-0.40502750873565674,-0.8146486282348633,0.027480820193886757,2.320915937423706,-0.15016478300094604,-0.9471374750137329,-0.28612184524536133,2.110466957092285,0.09609770774841309,1.419216513633728,1.2598347663879395,1.2550511360168457,-0.02883434295654297,-0.9866564273834229,0.3297155499458313,-0.990057647228241,0.634530782699585,1.1014634370803833,0.31864413619041443,0.6630725264549255,0.15138909220695496,-0.6159089803695679,1.4332585334777832,-0.359012246131897,4.212993144989014,0.28347036242485046,1.6571530103683472,-0.3558986783027649,1.2539197206497192,-0.35652345418930054,-0.5445379614830017,2.9625673294067383,-0.057550013065338135,-0.47454947233200073,0.34076744318008423,-0.01300966739654541,-0.7909077405929565,1.6548048257827759,0.96924889087677,-0.3432754874229431,2.9990148544311523,3.7871809005737305,-0.9955072999000549,-0.3453350067138672,-0.9505733251571655,-0.18316465616226196
Ron Holland,-0.3494654893875122,-0.3570653200149536,0.22292420268058777,0.968533992767334,1.1529866456985474,-0.6089433431625366,0.5798391103744507,-0.24580276012420654,0.9144309759140015,1.8213709592819214,-0.44803327322006226,1.4569532871246338,-0.20919173955917358,-0.6104722023010254,3.621903419494629,0.9814179539680481,-0.7953366637229919,-0.4537521004676819,0.9760162830352783,1.6492801904678345,2.533208131790161,-0.5335930585861206,0.4015751779079437,-0.21087658405303955,-0.3254649043083191,-0.9178763628005981,-0.849546492099762,-0.5039556622505188,-0.4399445056915283,0.3632490038871765,-0.34228354692459106,-0.6575297117233276,-0.2709962725639343,1.4219958782196045,-0.34463369846343994,-0.7288933992385864,-0.2615431547164917,1.3721649646759033,-0.15610378980636597,-0.8825317621231079,-0.14713019132614136,1.787445306777954,-0.19644224643707275,0.8661412000656128,0.9606978297233582,0.8174134492874146,-0.09062546491622925,-0.9575918912887573,0.21465526521205902,-0.9615594744682312,0.4561154842376709,0.7580142021179199,0.11982154846191406,0.9715583920478821,0.12302464991807938,-0.43927186727523804,1.0694230794906616,-0.4342636466026306,3.2818191051483154,0.42214521765708923,0.9320412874221802,-0.40870946645736694,0.9122940897941589,-0.12871336936950684,-0.5958729982376099,2.161670684814453,-0.24619346857070923,-0.4830031394958496,0.5630082488059998,-0.1354457139968872,-0.6735867261886597,0.9235071539878845,0.7864679098129272,-0.44058889150619507,2.461071729660034,2.8709394931793213,-0.9751296043395996,-0.37898778915405273,-0.8737210035324097,-0.24038517475128174
Chet Holmgren,-0.11516201496124268,-0.3948221206665039,-0.17393624782562256,0.8537347912788391,1.110607624053955,-0.8257291913032532,1.0269088745117188,-0.5381540656089783,1.496054768562317,1.0717055797576904,-0.26782524585723877,1.0019721984863281,-0.15862905979156494,-0.4750838279724121,4.902652740478516,0.08515729010105133,-0.9090048670768738,-0.5486633777618408,0.3572334945201874,1.928650140762329,3.5100162029266357,-0.7515420913696289,-0.08950036764144897,-0.49270743131637573,-0.35778242349624634,-0.890631377696991,-0.9336670637130737,-0.23417121171951294,-0.6100292205810547,0.7185558676719666,-0.637706995010376,-0.4263336658477783,0.6235030293464661,1.7546643018722534,-0.43158066272735596,-0.6004838347434998,0.06485701352357864,1.8417161703109741,0.07564486563205719,-0.8764504790306091,-0.06474649906158447,1.639193058013916,-0.3065508008003235,0.48157018423080444,1.0002565383911133,0.4237375259399414,-0.4657239317893982,-0.97369784116745,-0.27457672357559204,-0.9849007725715637,0.5201054215431213,0.697732150554657,-0.4177096486091614,0.28048697113990784,-0.33101004362106323,-0.45132339000701904,1.5138144493103027,-0.10886180400848389,3.0627646446228027,0.2716948688030243,0.7762860655784607,-0.6487910747528076,0.3088136315345764,-0.5332704782485962,-0.01809227466583252,2.8248958587646484,-0.41799670457839966,-0.4965577721595764,0.43505051732063293,-0.14593887329101562,-0.7969251871109009,0.4430222809314728,-0.1893412470817566,-0.34250426292419434,2.4308629035949707,3.093376636505127,-0.9823927283287048,-0.10312366485595703,-0.9262976050376892,0.17995601892471313
Jalen Hood-Schifino,-0.5635334849357605,-0.3428646922111511,0.14860118925571442,1.0281901359558105,1.3284492492675781,-0.7565562725067139,1.0352180004119873,-0.21910113096237183,1.1686360836029053,2.52498459815979,-0.4982709288597107,2.155083656311035,-0.22978973388671875,-0.7471399307250977,5.1355462074279785,1.4851711988449097,-0.9185909032821655,-0.08388054370880127,1.444604516029358,1.9444564580917358,3.6435387134552,-0.6558564901351929,0.7253937125205994,-0.17453747987747192,-0.4979466199874878,-0.9688941240310669,-0.9337121844291687,-0.6133476495742798,-0.46756237745285034,0.728534996509552,-0.5092810392379761,-0.8410561680793762,-0.21725690364837646,1.902108907699585,-0.16867852210998535,-0.8316044807434082,-0.16857898235321045,2.404899835586548,-0.1490185260772705,-0.9368561506271362,-0.18840456008911133,2.2667460441589355,-0.10075581073760986,1.2984731197357178,1.2391728162765503,1.3430768251419067,0.13400676846504211,-0.9871949553489685,0.554298996925354,-0.9879744052886963,0.7395706176757812,1.2843371629714966,0.34442731738090515,0.8869380950927734,0.28989383578300476,-0.6572498679161072,1.4576807022094727,-0.4720827341079712,4.673981189727783,0.26588451862335205,1.8113776445388794,-0.2217450737953186,1.2657933235168457,-0.19088596105575562,-0.7121120095252991,3.060905933380127,-0.1907939314842224,-0.35559403896331787,0.5832470059394836,-0.07875579595565796,-0.7106705904006958,1.5917975902557373,1.352017879486084,-0.5487849712371826,3.254507064819336,3.9856479167938232,-0.9962011575698853,-0.44970571994781494,-0.9410392642021179,-0.31258076429367065
Al Horford,-0.6916286945343018,-0.4107985496520996,0.1857818365097046,1.5545525550842285,1.6223633289337158,-0.7776329517364502,0.9202675819396973,-0.33327460289001465,1.1139235496520996,2.74625563621521,-0.5844724774360657,2.2738397121429443,-0.17865431308746338,-0.7915887832641602,5.8121514320373535,1.588111400604248,-0.9463164210319519,-0.19194424152374268,1.6044971942901611,2.225994825363159,3.8728764057159424,-0.7370477914810181,1.0211931467056274,-0.24294960498809814,-0.5949603319168091,-0.9817614555358887,-0.9641669392585754,-0.6585763096809387,-0.48929595947265625,0.3788600564002991,-0.515913724899292,-0.8712444305419922,-0.19529974460601807,1.8471331596374512,-0.3061058521270752,-0.8909043073654175,-0.07528567314147949,2.44002103805542,-0.2849142551422119,-0.9714227318763733,-0.4761807918548584,2.4583308696746826,0.35682642459869385,1.9992905855178833,1.6142969131469727,1.653896689414978,0.30275970697402954,-0.9920879006385803,0.7716917991638184,-0.993389368057251,0.7829580903053284,1.3987232446670532,0.7891013622283936,0.9043803215026855,0.5523643493652344,-0.6936625242233276,1.4505833387374878,-0.4851824641227722,5.186610221862793,0.3287563621997833,2.1795530319213867,-0.1648930311203003,1.6534576416015625,-0.12019151449203491,-0.7271207571029663,3.231865406036377,0.18026255071163177,-0.4797865152359009,0.3294667899608612,-0.05443096160888672,-0.7920417785644531,2.4064388275146484,1.6150614023208618,-0.41896510124206543,3.5152769088745117,4.471546173095703,-0.9985214471817017,-0.5042622089385986,-0.9660804867744446,-0.33605897426605225
Talen Horton-Tucker,-0.4231433868408203,-0.39119189977645874,0.1168716624379158,0.8492053151130676,1.1417360305786133,-0.6307339072227478,0.674636721611023,-0.1376514434814453,0.9597554206848145,1.9393279552459717,-0.44004976749420166,1.503787636756897,-0.17300039529800415,-0.636982262134552,3.9689838886260986,1.0116440057754517,-0.8106997013092041,-0.34200578927993774,1.014114499092102,1.5345344543457031,2.702136278152466,-0.5800053477287292,0.4611833691596985,-0.1481114625930786,-0.41801774501800537,-0.923780083656311,-0.8699802160263062,-0.5197838544845581,-0.4365236759185791,0.47682464122772217,-0.3722335696220398,-0.7146894931793213,-0.2310478687286377,1.4710712432861328,-0.2763158679008484,-0.7335374355316162,-0.20516353845596313,1.6230262517929077,-0.1621456742286682,-0.8771189451217651,-0.08267009258270264,1.7752312421798706,-0.21605831384658813,0.9075497984886169,0.9915704727172852,0.8420218825340271,-0.00020968914031982422,-0.9628985524177551,0.24547438323497772,-0.9635619521141052,0.6023790836334229,0.851576566696167,0.20198582112789154,0.8338670134544373,0.1069088727235794,-0.49816644191741943,1.2016949653625488,-0.4456651210784912,3.4935669898986816,0.3603591024875641,1.1183369159698486,-0.3849347233772278,0.9218184351921082,-0.1528090238571167,-0.6112745404243469,2.281606674194336,-0.25797855854034424,-0.4144584536552429,0.5135729312896729,-0.11053264141082764,-0.6634373664855957,0.9799202680587769,0.8951804041862488,-0.46619802713394165,2.535945415496826,3.074615955352783,-0.9815401434898376,-0.348045289516449,-0.8863802552223206,-0.23512107133865356
Caleb Houstan,-0.8606280088424683,-0.4690648317337036,0.47412487864494324,1.7678922414779663,1.7213971614837646,-0.7492480278015137,0.9397234916687012,-0.23826396465301514,1.142640233039856,3.721186399459839,-0.6951719522476196,2.946410894393921,-0.1402062177658081,-0.8479725122451782,6.322973728179932,2.503329038619995,-0.9427236318588257,-0.2572398781776428,2.3857245445251465,2.5209951400756836,3.8749680519104004,-0.6987165212631226,1.7223068475723267,0.23848183453083038,-0.5673421621322632,-0.994085431098938,-0.9659740924835205,-0.8334107398986816,-0.5022420287132263,0.31498441100120544,-0.3695235848426819,-0.93354332447052,-0.6048861145973206,2.1572582721710205,0.06966256350278854,-0.949535071849823,-0.4018895626068115,2.4343984127044678,-0.45736753940582275,-0.9831095337867737,-0.5572282075881958,2.825730323791504,0.42515772581100464,2.3451988697052,2.1767849922180176,2.1913177967071533,0.6374205946922302,-0.995479941368103,1.4241199493408203,-0.9943069219589233,1.0323715209960938,1.8421069383621216,1.268420934677124,1.5276305675506592,1.0924922227859497,-0.7348682880401611,1.4380311965942383,-0.6655736565589905,6.659420490264893,0.2357969731092453,2.712038516998291,-0.01279759407043457,1.9431078433990479,0.5672736167907715,-0.8924329876899719,3.773165464401245,0.04445407912135124,-0.43129199743270874,0.6114833950996399,-0.27122265100479126,-0.7294193506240845,3.015146255493164,2.5060324668884277,-0.6238330602645874,4.323144912719727,5.255240440368652,-0.9995231032371521,-0.715539813041687,-0.9708296060562134,-0.47518789768218994
Jett Howard,-0.779167652130127,-0.4085885286331177,0.37884148955345154,1.6018356084823608,1.6040589809417725,-0.7507645487785339,0.8832137584686279,-0.18715202808380127,1.085184097290039,3.417105197906494,-0.6386950612068176,2.7811198234558105,-0.23012489080429077,-0.8364554047584534,5.8386149406433105,2.2899293899536133,-0.9319348335266113,-0.13792777061462402,2.1652348041534424,2.1908469200134277,3.767220973968506,-0.6782919764518738,1.438586711883545,-0.0018978714942932129,-0.5601571202278137,-0.9902129769325256,-0.952887773513794,-0.7827836871147156,-0.4359979033470154,0.443302184343338,-0.4621120095252991,-0.9225151538848877,-0.5290493965148926,2.0550894737243652,-0.08319711685180664,-0.9299739599227905,-0.3493431806564331,2.560293674468994,-0.36637765169143677,-0.973814845085144,-0.4795722961425781,2.6213252544403076,0.35810521245002747,2.060614585876465,1.763858675956726,2.128230094909668,0.49421778321266174,-0.9943726062774658,1.1129237413406372,-0.992811918258667,0.9243319630622864,1.6706832647323608,1.0491825342178345,1.3543108701705933,0.8866026997566223,-0.7252853512763977,1.4691977500915527,-0.6151968240737915,5.986395835876465,0.2527430057525635,2.429983139038086,0.008214112371206284,1.948717474937439,0.27839869260787964,-0.865118682384491,3.457505464553833,0.03824919834733009,-0.42130762338638306,0.5989492535591125,-0.16128450632095337,-0.7406725287437439,2.6213936805725098,2.221499443054199,-0.5478895902633667,4.066244125366211,4.811878204345703,-0.999001681804657,-0.6682159900665283,-0.9632019996643066,-0.4732537865638733
Kevin Huerter,-0.6604830622673035,-0.38232421875,0.1429399996995926,1.5876916646957397,1.6313536167144775,-0.796731173992157,0.8771805167198181,-0.38230466842651367,1.1020091772079468,2.635199785232544,-0.5657503008842468,2.231320381164551,-0.20150083303451538,-0.7798165678977966,5.808112144470215,1.558457374572754,-0.9460268020629883,-0.21571922302246094,1.5448102951049805,2.1934566497802734,3.889439582824707,-0.7486445903778076,1.0105072259902954,-0.32465696334838867,-0.5959912538528442,-0.9810260534286499,-0.9638628959655762,-0.6201733350753784,-0.4949292540550232,0.35979509353637695,-0.5779246091842651,-0.8638330698013306,-0.0804397463798523,1.8422755002975464,-0.34361720085144043,-0.8869901895523071,-0.08680105209350586,2.518200397491455,-0.22547757625579834,-0.9678343534469604,-0.5033420324325562,2.377246141433716,0.44450244307518005,1.9658459424972534,1.544437050819397,1.7204712629318237,0.2494402527809143,-0.9926605224609375,0.645634651184082,-0.9940963387489319,0.7655057907104492,1.3642561435699463,0.7340529561042786,0.8406448364257812,0.4968649744987488,-0.6757644414901733,1.4640910625457764,-0.4339354634284973,5.010807514190674,0.28777456283569336,2.0692155361175537,-0.2004604935646057,1.6902061700820923,-0.21370762586593628,-0.7049659490585327,3.2166874408721924,0.16220353543758392,-0.4943051338195801,0.2799222767353058,-0.021859169006347656,-0.8045009970664978,2.3678650856018066,1.4741777181625366,-0.3509252071380615,3.489015817642212,4.398443222045898,-0.9983508586883545,-0.49246883392333984,-0.9666192531585693,-0.3316556215286255
Jay Huff,-0.7009738683700562,-0.4921780228614807,0.20175747573375702,1.4371767044067383,1.546233057975769,-0.7324423789978027,0.8478816747665405,-0.29320859909057617,1.0995714664459229,2.6612281799316406,-0.5673385262489319,2.1795907020568848,-0.16322040557861328,-0.7661293745040894,5.443459510803223,1.6836589574813843,-0.9167435169219971,-0.36556875705718994,1.5544157028198242,2.2366762161254883,3.465466022491455,-0.6751130223274231,1.0218396186828613,-0.12011444568634033,-0.5174174308776855,-0.97801274061203,-0.9507232904434204,-0.7108883857727051,-0.5055493116378784,0.27936816215515137,-0.4036482572555542,-0.8464164733886719,-0.307345449924469,1.8354030847549438,-0.20448905229568481,-0.883506178855896,-0.2311534881591797,2.0507140159606934,-0.32449764013290405,-0.9599372148513794,-0.39603590965270996,2.3870577812194824,0.111197330057621,1.7282596826553345,1.6423423290252686,1.4890507459640503,0.20550191402435303,-0.989260733127594,0.7428042888641357,-0.9896371364593506,0.768291711807251,1.3765641450881958,0.6700595617294312,1.083653211593628,0.5321651101112366,-0.6398587226867676,1.3804224729537964,-0.5451593995094299,4.977302074432373,0.38142716884613037,1.9147324562072754,-0.2738151550292969,1.398323893547058,0.07969346642494202,-0.7419987320899963,3.085297107696533,-0.015414893627166748,-0.46018850803375244,0.5206871032714844,-0.14591974020004272,-0.7404129505157471,2.046433925628662,1.632338285446167,-0.4926488995552063,3.5177245140075684,4.356815814971924,-0.9971621632575989,-0.5537135601043701,-0.9527171850204468,-0.35925477743148804
De'Andre Hunter,-0.37313371896743774,-0.4126587510108948,-0.2120543122291565,1.1170395612716675,1.3008685111999512,-0.8752936124801636,1.313718318939209,-0.6263782382011414,1.931616187095642,1.6081615686416626,-0.350755512714386,1.4792381525039673,-0.1859385371208191,-0.6328095197677612,6.405336380004883,0.201162651181221,-0.9580888152122498,-0.5117717981338501,0.7707192301750183,2.2902958393096924,4.409059047698975,-0.8332568407058716,0.07607599347829819,-0.5398799777030945,-0.42854732275009155,-0.9515088200569153,-0.9695663452148438,-0.3792387843132019,-0.6793804168701172,0.7908284664154053,-0.7052998542785645,-0.6369307637214661,0.6727336645126343,2.153843641281128,-0.43114304542541504,-0.7524012923240662,0.14256905019283295,2.4721322059631348,-0.01422196626663208,-0.9481197595596313,-0.3220463991165161,2.0257556438446045,-0.1559765338897705,0.878466010093689,1.4176926612854004,0.8097966313362122,-0.35477524995803833,-0.9901779294013977,-0.08194625377655029,-0.9947367906570435,0.8299366235733032,1.1568603515625,-0.2745649814605713,0.153164342045784,-0.223152756690979,-0.5753608345985413,1.7634655237197876,-0.227278470993042,4.214502334594727,0.15056151151657104,1.3317323923110962,-0.6432611346244812,0.5085148215293884,-0.5594624280929565,-0.1965281367301941,3.6981992721557617,-0.37895452976226807,-0.5453461408615112,0.37464627623558044,-0.25499892234802246,-0.8623054027557373,1.1878849267959595,0.11197802424430847,-0.33358490467071533,2.986757755279541,3.99942946434021,-0.9964590072631836,-0.24189329147338867,-0.9653776288032532,0.36134830117225647
Bones Hyland,-0.8181144595146179,-0.44442594051361084,0.25759357213974,1.3477808237075806,1.7003897428512573,-0.8195890784263611,1.3027769327163696,-0.19881856441497803,1.2571440935134888,3.431457757949829,-0.5882650017738342,2.963414192199707,-0.1077878475189209,-0.8514950275421143,6.7519731521606445,2.3024919033050537,-0.9572122693061829,-0.01558232307434082,2.2063684463500977,2.5334174633026123,4.4592766761779785,-0.7459404468536377,1.2834806442260742,0.18640640377998352,-0.6099218130111694,-0.991640031337738,-0.9702706933021545,-0.7768599987030029,-0.5965534448623657,0.7010716199874878,-0.5185904502868652,-0.9234281778335571,-0.40241432189941406,2.3846254348754883,0.15021605789661407,-0.9171803593635559,-0.21565496921539307,2.947263479232788,-0.27698779106140137,-0.9729459881782532,-0.37407827377319336,2.831026554107666,0.10242289304733276,2.001549243927002,1.930125117301941,1.9116215705871582,0.4238993227481842,-0.9962283372879028,1.0824568271636963,-0.9958311319351196,1.1258448362350464,1.895567536354065,0.682113766670227,1.2073426246643066,0.7845954298973083,-0.7660127878189087,1.6621631383895874,-0.5662848949432373,6.470171928405762,0.07488559931516647,2.669015407562256,-0.09159600734710693,1.6414402723312378,0.1520451456308365,-0.8481634855270386,4.055471897125244,-0.1625964641571045,-0.3594038486480713,0.7538160681724548,-0.08311659097671509,-0.7176237106323242,2.490671396255493,2.1460115909576416,-0.6603728532791138,4.183535099029541,5.351284027099609,-0.9995541572570801,-0.6120141744613647,-0.9751482605934143,-0.42928755283355713
Brandon Ingram,0.012701062485575676,-0.4130569100379944,-0.21169674396514893,1.042946696281433,1.3081724643707275,-0.8987466096878052,1.3251043558120728,-0.5848787426948547,1.798332691192627,1.315002679824829,-0.24924933910369873,1.3392388820648193,-0.3539915084838867,-0.6126033067703247,6.08044958114624,0.12804441154003143,-0.9644123315811157,-0.33531278371810913,0.37594977021217346,2.1117889881134033,4.650279521942139,-0.8155956864356995,-0.031258225440979004,-0.6577247977256775,-0.4917038083076477,-0.9332836866378784,-0.9693354368209839,-0.2793911099433899,-0.5907700061798096,1.0480269193649292,-0.7749084830284119,-0.6997510194778442,0.8960728049278259,2.1110479831695557,-0.4818788766860962,-0.6844346523284912,0.4395742118358612,2.9389641284942627,0.0802924633026123,-0.939465343952179,-0.045600712299346924,1.958258032798767,-0.11233329772949219,0.7899436950683594,0.9512031078338623,0.9554150700569153,-0.4992661476135254,-0.99193274974823,-0.263664186000824,-0.995371401309967,0.5612348914146423,0.9317481517791748,-0.4099472761154175,0.07258765399456024,-0.3454996347427368,-0.6615461707115173,1.9970135688781738,-0.17401719093322754,3.8202333450317383,0.3331446945667267,1.4492645263671875,-0.5968791246414185,0.79976487159729,-0.7008017301559448,0.06928101181983948,3.4031171798706055,-0.33516407012939453,-0.4191046953201294,0.5380259156227112,-0.06230974197387695,-0.8732272386550903,0.7364645600318909,-0.004661738872528076,-0.18402934074401855,3.113884687423706,3.809962272644043,-0.9940909147262573,-0.14266788959503174,-0.9603589773178101,0.15870052576065063
Kyrie Irving,0.07557587325572968,-0.4364481568336487,-0.27682650089263916,0.9433101415634155,1.138874888420105,-0.9001168608665466,1.396807312965393,-0.6705795526504517,1.9725364446640015,0.9999164342880249,-0.11764615774154663,1.1503549814224243,-0.34887611865997314,-0.5666201114654541,6.069947242736816,-0.21637308597564697,-0.9627097249031067,-0.43763524293899536,0.27522721886634827,2.065824270248413,4.581423282623291,-0.8342608213424683,-0.2702702283859253,-0.6654088497161865,-0.3531457185745239,-0.8993381857872009,-0.9662078022956848,-0.1607731580734253,-0.6508036851882935,1.0230286121368408,-0.7791814208030701,-0.5871896147727966,1.0845075845718384,2.1420557498931885,-0.4751928448677063,-0.618523359298706,0.562864363193512,2.7576870918273926,0.07235213369131088,-0.9281423091888428,0.007559637073427439,1.7656140327453613,-0.18465745449066162,0.45510196685791016,0.9908410906791687,0.7246823310852051,-0.5250401496887207,-0.989091157913208,-0.40086477994918823,-0.9946148991584778,0.5491750240325928,0.9369248747825623,-0.549019992351532,-0.20010727643966675,-0.4573565721511841,-0.6043394804000854,1.9112755060195923,-0.0936727523803711,3.4958207607269287,0.16227583587169647,1.2647181749343872,-0.6729510426521301,0.46277597546577454,-0.7062006592750549,0.37704262137413025,3.4580421447753906,-0.4362889528274536,-0.4739888310432434,0.5382846593856812,-0.12260633707046509,-0.8778817653656006,0.554763674736023,-0.264806866645813,-0.09075069427490234,2.815673589706421,3.4900364875793457,-0.9918487071990967,-0.04634147882461548,-0.9552916884422302,0.4720471203327179
Jonathan Isaac,-0.5399277806282043,-0.399941623210907,0.2013690322637558,0.9957396984100342,1.1642839908599854,-0.6563987135887146,0.6301153302192688,-0.15805089473724365,0.9897947907447815,2.242880344390869,-0.48921024799346924,1.7231335639953613,-0.1972590684890747,-0.6888427138328552,4.209306240081787,1.3194475173950195,-0.8272799253463745,-0.34297311305999756,1.2464879751205444,1.7497504949569702,2.778322458267212,-0.5687456727027893,0.660551905632019,-0.08124029636383057,-0.3873855471611023,-0.9529503583908081,-0.8875879645347595,-0.6079603433609009,-0.4851660132408142,0.45552846789360046,-0.3723466396331787,-0.7576385736465454,-0.34049755334854126,1.6371381282806396,-0.22050678730010986,-0.7946510314941406,-0.32295382022857666,1.6465855836868286,-0.23151767253875732,-0.9119054675102234,-0.3033583164215088,1.9161269664764404,-0.11859273910522461,1.1229667663574219,1.1890465021133423,1.0583832263946533,-0.012345373630523682,-0.971861720085144,0.42953839898109436,-0.9716823697090149,0.6544111967086792,1.038621425628662,0.34766221046447754,1.0380938053131104,0.3239147961139679,-0.5280175805091858,1.1634622812271118,-0.4806898832321167,3.9985148906707764,0.28720390796661377,1.2851917743682861,-0.32170534133911133,1.0638021230697632,0.04611474275588989,-0.703588604927063,2.479855537414551,-0.24569565057754517,-0.432884156703949,0.5725681185722351,-0.1347891092300415,-0.6717896461486816,1.2837448120117188,1.11989426612854,-0.5099177360534668,2.872561454772949,3.367096424102783,-0.9877007007598877,-0.5045721530914307,-0.9029221534729004,-0.29583096504211426
Jaden Ivey,-0.13831454515457153,-0.4072561264038086,-0.20747947692871094,0.8507208824157715,1.1253832578659058,-0.8564516305923462,1.138702154159546,-0.5544122457504272,1.6131218671798706,1.156042456626892,-0.18960320949554443,1.09846031665802,-0.25527089834213257,-0.5385500192642212,5.40615177154541,0.040613334625959396,-0.932953953742981,-0.4131621718406677,0.3669871687889099,1.8305580615997314,3.9399125576019287,-0.7884163856506348,-0.06861323118209839,-0.5408855676651001,-0.4154011011123657,-0.9001232385635376,-0.9509415030479431,-0.2364526391029358,-0.6278945207595825,0.8764438629150391,-0.7132490873336792,-0.5918663144111633,0.7306851744651794,1.9155125617980957,-0.42357760667800903,-0.6279773712158203,0.34761154651641846,2.3768985271453857,0.059166282415390015,-0.9032536745071411,-0.13222664594650269,1.6674095392227173,-0.11341845989227295,0.5918604731559753,0.955916702747345,0.6563460230827332,-0.4455462694168091,-0.9829553365707397,-0.2624483108520508,-0.9893152713775635,0.6029853224754333,0.8320163488388062,-0.4005535840988159,0.04717215523123741,-0.3107796907424927,-0.5629058480262756,1.694785237312317,-0.17312127351760864,3.356046199798584,0.19927535951137543,1.1167136430740356,-0.6256113052368164,0.5150660872459412,-0.6042894124984741,0.03435908257961273,3.0201313495635986,-0.40806251764297485,-0.4416341781616211,0.46443381905555725,-0.10641759634017944,-0.8377934098243713,0.5710594058036804,-0.14192229509353638,-0.2163858413696289,2.5927963256835938,3.2973830699920654,-0.988543689250946,-0.09102964401245117,-0.9398999810218811,0.2594360113143921
Andre Jackson Jr.,-0.5992507934570312,-0.3947458267211914,0.43142151832580566,1.041001319885254,1.0168472528457642,-0.4426746368408203,0.29792681336402893,0.07246892154216766,0.601502001285553,2.2456612586975098,-0.48941570520401,1.6416869163513184,-0.2520507574081421,-0.6489742398262024,2.879875898361206,1.6395483016967773,-0.7089797258377075,-0.21543633937835693,1.2739182710647583,1.4248113632202148,1.8604912757873535,-0.26352477073669434,1.0186128616333008,0.22346830368041992,-0.3704586625099182,-0.9486772418022156,-0.809560239315033,-0.6800863742828369,-0.19021475315093994,0.2417466938495636,-0.14655470848083496,-0.8136165142059326,-0.5823383927345276,1.1962544918060303,-0.0433773398399353,-0.8236250877380371,-0.3779737949371338,1.2591314315795898,-0.30493974685668945,-0.8985439538955688,-0.23182392120361328,1.684587836265564,0.03754700720310211,1.295526146888733,1.0216529369354248,1.2427293062210083,0.19276465475559235,-0.9497331380844116,0.7126557230949402,-0.9225382208824158,0.453565776348114,0.8943862915039062,0.7116941809654236,1.3463623523712158,0.691091775894165,-0.5489335656166077,0.7430757284164429,-0.5605092644691467,3.7451021671295166,0.41371867060661316,1.3708194494247437,0.02613101713359356,1.3062081336975098,0.3805513381958008,-0.7871538400650024,1.7477930784225464,0.011088642291724682,-0.21242880821228027,0.6100087761878967,-0.12220990657806396,-0.5262144804000854,1.3941251039505005,1.5484212636947632,-0.479911744594574,2.6729891300201416,2.8570868968963623,-0.9727860689163208,-0.5649613738059998,-0.8116133213043213,-0.48975586891174316
GG Jackson II,-0.5770161747932434,-0.32215696573257446,0.11576742678880692,1.0443198680877686,1.2265633344650269,-0.7231563925743103,0.7594219446182251,-0.21988451480865479,0.8973526954650879,2.168768882751465,-0.46294331550598145,1.7341477870941162,-0.1375594139099121,-0.6842228174209595,4.515393257141113,1.2260346412658691,-0.8805895447731018,-0.15260225534439087,1.1927789449691772,1.6693270206451416,3.0671372413635254,-0.6595522165298462,0.6849855780601501,-0.11443626880645752,-0.5168918371200562,-0.9549265503883362,-0.9191288948059082,-0.5280704498291016,-0.4761786460876465,0.5383965969085693,-0.4989321827888489,-0.7759546041488647,-0.16854959726333618,1.6336232423782349,-0.24394488334655762,-0.8047261238098145,-0.1423763632774353,1.963889479637146,-0.17477357387542725,-0.9185842871665955,-0.34098947048187256,1.9429086446762085,0.11190174520015717,1.363822102546692,1.2081313133239746,1.1287786960601807,0.06887780874967575,-0.9772816896438599,0.4671563506126404,-0.9785248637199402,0.6374918818473816,1.071566104888916,0.44511231780052185,0.7713468670845032,0.3404654562473297,-0.6042598485946655,1.178828477859497,-0.3824748396873474,4.077888011932373,0.18761929869651794,1.543791651725769,-0.2525504231452942,1.189926266670227,-0.11641073226928711,-0.6461524963378906,2.52055287361145,-0.07578778266906738,-0.39368700981140137,0.3097061216831207,0.03298886865377426,-0.7170828580856323,1.5619233846664429,1.0267027616500854,-0.4513319730758667,2.8005621433258057,3.4703071117401123,-0.9928238391876221,-0.3869953751564026,-0.922928512096405,-0.2899581789970398
Jaren Jackson Jr.,0.22498765587806702,-0.4177868366241455,-0.18874579668045044,0.8922687768936157,1.0548909902572632,-0.8838239312171936,1.2852448225021362,-0.673839807510376,1.8248625993728638,0.8045603632926941,-0.12427783012390137,0.954124927520752,-0.31213128566741943,-0.4853394031524658,5.503081321716309,-0.3095661997795105,-0.9435551166534424,-0.5867677330970764,0.15734261274337769,1.9819746017456055,4.087998867034912,-0.8164072036743164,-0.3149874210357666,-0.6600548624992371,-0.2955094575881958,-0.8650551438331604,-0.95351642370224,-0.09255713224411011,-0.6671704649925232,0.9292914867401123,-0.7282967567443848,-0.4267563223838806,1.0094095468521118,2.018819808959961,-0.5065786838531494,-0.5447894930839539,0.37706029415130615,2.284940004348755,0.09936144948005676,-0.8978679776191711,0.019743002951145172,1.665560007095337,-0.2744743824005127,0.17005443572998047,0.9251927733421326,0.4392163157463074,-0.5707265734672546,-0.9818379878997803,-0.4467563033103943,-0.9919179677963257,0.4720485806465149,0.7247419357299805,-0.6011078953742981,-0.09096068143844604,-0.49636608362197876,-0.5114080309867859,1.7825576066970825,-0.09454667568206787,3.0551745891571045,0.26076099276542664,0.8055849671363831,-0.7316031455993652,0.25445571541786194,-0.6814480423927307,0.3964079022407532,3.143357038497925,-0.4915306568145752,-0.5342504978179932,0.5656148791313171,-0.19326257705688477,-0.8686856627464294,0.2607026696205139,-0.4335828423500061,-0.14750778675079346,2.5587100982666016,3.1030280590057373,-0.9843024611473083,0.012223482131958008,-0.9403789639472961,0.5127652883529663
Quenton Jackson,-0.42861664295196533,-0.3995932936668396,0.1907794028520584,0.7690882086753845,1.021849513053894,-0.5435426235198975,0.5198695659637451,-0.06404215097427368,0.773524820804596,1.7261316776275635,-0.4156956672668457,1.2849806547164917,-0.15837538242340088,-0.564176082611084,3.1981475353240967,1.0039622783660889,-0.7384669184684753,-0.35250353813171387,0.8626795411109924,1.4499136209487915,2.1971616744995117,-0.45611751079559326,0.4637584388256073,0.018828781321644783,-0.35370153188705444,-0.9010375142097473,-0.8208569884300232,-0.5185338258743286,-0.36497974395751953,0.3975145220756531,-0.2664269804954529,-0.6670010089874268,-0.31953996419906616,1.2521244287490845,-0.20249032974243164,-0.6986162662506104,-0.22758489847183228,1.2292301654815674,-0.18379491567611694,-0.8455467820167542,0.012865656055510044,1.590436339378357,-0.25729644298553467,0.8422884941101074,0.9050119519233704,0.676499605178833,-0.04913628101348877,-0.9378445148468018,0.25743722915649414,-0.9338603019714355,0.44681140780448914,0.6860436201095581,0.18498040735721588,0.9578995704650879,0.16297534108161926,-0.456295907497406,0.964922308921814,-0.4286550283432007,3.1261115074157715,0.3767363727092743,0.9960699081420898,-0.33227598667144775,0.8001458048820496,-0.0063211917877197266,-0.6073413491249084,1.8700326681137085,-0.22717654705047607,-0.35197967290878296,0.5503640174865723,-0.08639055490493774,-0.5764223337173462,0.778924286365509,0.8492430448532104,-0.4794319272041321,2.2771785259246826,2.660525321960449,-0.9637319445610046,-0.34844934940338135,-0.8315318822860718,-0.3002636432647705
Reggie Jackson,-0.739952564239502,-0.42141973972320557,0.4084046185016632,1.3359935283660889,1.4684128761291504,-0.6837970018386841,0.7950453758239746,0.02773323282599449,0.7631273865699768,3.0944297313690186,-0.5663119554519653,2.48500657081604,-0.24497103691101074,-0.8059452772140503,4.861551761627197,2.207451581954956,-0.8973140716552734,0.10312414914369583,1.8536359071731567,1.8687822818756104,3.2676267623901367,-0.5684367418289185,1.2987076044082642,0.16436432301998138,-0.5766506195068359,-0.9821222424507141,-0.9314441680908203,-0.7516286969184875,-0.3651998043060303,0.5160596370697021,-0.37982428073883057,-0.9163398742675781,-0.5404046177864075,1.8197996616363525,0.018122095614671707,-0.9045226573944092,-0.2166498899459839,2.3710341453552246,-0.351332426071167,-0.9562948346138,-0.32367151975631714,2.4429383277893066,0.288662314414978,1.8828365802764893,1.4501780271530151,1.843802571296692,0.43916845321655273,-0.9892469048500061,1.0463285446166992,-0.9846754670143127,0.7244698405265808,1.4687607288360596,0.961845338344574,1.2833272218704224,0.8401735424995422,-0.7261471748352051,1.31458580493927,-0.6150516867637634,5.307113170623779,0.36598265171051025,2.29341983795166,0.1086597740650177,1.8683912754058838,0.2639252841472626,-0.8382975459098816,2.803093433380127,0.11244124174118042,-0.24766910076141357,0.6417064666748047,0.027428198605775833,-0.673560380935669,2.2030866146087646,2.1353213787078857,-0.5556682348251343,3.662243604660034,4.256577014923096,-0.9974122643470764,-0.5808054804801941,-0.9361236691474915,-0.5403620600700378
Bronny James,-0.7503488063812256,-0.40118372440338135,0.546204686164856,1.1329926252365112,1.1733571290969849,-0.6002897620201111,0.822593092918396,0.17758603394031525,0.7125131487846375,3.0576632022857666,-0.5601046681404114,2.4213171005249023,-0.2360789179801941,-0.7852917313575745,4.083342552185059,2.2599072456359863,-0.843738317489624,0.1613132208585739,1.887014389038086,1.7008705139160156,2.658108949661255,-0.3953232169151306,1.340869665145874,0.43653908371925354,-0.5025063753128052,-0.9774981141090393,-0.8817834854125977,-0.7874777913093567,-0.29128360748291016,0.6080549955368042,-0.11665672063827515,-0.9059528112411499,-0.6777474284172058,1.7241593599319458,0.2931053042411804,-0.8993819952011108,-0.3795429468154907,1.8810460567474365,-0.3631764054298401,-0.9378660917282104,-0.25059211254119873,2.309318780899048,0.01688668318092823,1.5557067394256592,1.3570421934127808,1.6313570737838745,0.46125760674476624,-0.9801802039146423,1.1721570491790771,-0.9661035537719727,0.6996479630470276,1.4236421585083008,0.9328140020370483,1.4399412870407104,0.9747232794761658,-0.7009676694869995,1.1218432188034058,-0.6398125290870667,5.1262125968933105,0.4245189130306244,2.0675458908081055,0.19733870029449463,1.5985300540924072,0.5656964182853699,-0.8703736662864685,2.5359084606170654,0.009131964296102524,-0.1115875244140625,0.7938031554222107,-0.09891897439956665,-0.5316380262374878,1.9174960851669312,2.1650331020355225,-0.6777184009552002,3.464879035949707,3.8641738891601562,-0.9954522252082825,-0.6127496957778931,-0.8918582201004028,-0.5738424062728882
LeBron James,0.28308168053627014,-0.44186973571777344,-0.22529762983322144,0.8892771601676941,1.1076856851577759,-0.8923280239105225,1.2652626037597656,-0.6619992256164551,1.8199914693832397,0.7506531476974487,-0.10917234420776367,1.0003547668457031,-0.36912572383880615,-0.5054384469985962,5.569520950317383,-0.2506054639816284,-0.9505661725997925,-0.5262469053268433,0.11041459441184998,2.0224339962005615,4.260415554046631,-0.8099011182785034,-0.31549328565597534,-0.6837864518165588,-0.3026224374771118,-0.8632580637931824,-0.9531131982803345,-0.1089094877243042,-0.6338114142417908,0.9228267073631287,-0.7564242482185364,-0.48707878589630127,1.077945351600647,1.9955776929855347,-0.4929870367050171,-0.5200806856155396,0.4536561369895935,2.47992205619812,0.13319829106330872,-0.9007253646850586,0.12344951927661896,1.6106821298599243,-0.2665485143661499,0.2593162953853607,0.8223022222518921,0.5994396209716797,-0.5807250142097473,-0.9852274656295776,-0.5022476315498352,-0.9931001663208008,0.44480830430984497,0.7331781387329102,-0.6242514848709106,-0.08961975574493408,-0.508997917175293,-0.5418145060539246,1.8417291641235352,-0.0453450083732605,3.025815010070801,0.22851797938346863,0.9461816549301147,-0.6991473436355591,0.376559853553772,-0.7158252000808716,0.43002933263778687,3.1633355617523193,-0.48065388202667236,-0.5160485506057739,0.6455273628234863,-0.12470382452011108,-0.86189204454422,0.19783209264278412,-0.38296830654144287,-0.04675775766372681,2.65681529045105,3.1640353202819824,-0.9837965965270996,-0.055552005767822266,-0.9435255527496338,0.41529637575149536
Jaime Jaquez Jr.,-0.1449129581451416,-0.3718907833099365,0.14172694087028503,0.6583613753318787,1.001698613166809,-0.6100913286209106,0.5953691601753235,-0.195029616355896,0.806989312171936,1.2988725900650024,-0.2780367136001587,1.0236878395080566,-0.16493886709213257,-0.5295627117156982,3.1842541694641113,0.5418744683265686,-0.753158688545227,-0.43013668060302734,0.5659193992614746,1.4587279558181763,2.384348154067993,-0.5360168814659119,0.06198704242706299,-0.1928355097770691,-0.33787214756011963,-0.8475037813186646,-0.8351374268531799,-0.3034753203392029,-0.49782025814056396,0.5209540128707886,-0.37488991022109985,-0.5360857248306274,-0.022959887981414795,1.3164823055267334,-0.35036998987197876,-0.5562009811401367,-0.021810591220855713,1.3514609336853027,-0.037439584732055664,-0.8028049468994141,0.07859399914741516,1.5162402391433716,-0.28836965560913086,0.5361800789833069,0.6941822171211243,0.35796985030174255,-0.27804994583129883,-0.9306267499923706,-0.055684447288513184,-0.9440341591835022,0.37515565752983093,0.5086511969566345,-0.23007798194885254,0.7397822141647339,-0.09752702713012695,-0.4216213822364807,1.028416633605957,-0.32797789573669434,2.5842092037200928,0.40507569909095764,0.6591734290122986,-0.49578070640563965,0.59159916639328,-0.2981451153755188,-0.37449127435684204,1.8409096002578735,-0.302953839302063,-0.4140017032623291,0.5835203528404236,0.009420890361070633,-0.6485182046890259,0.36668986082077026,0.293255478143692,-0.4106296896934509,1.965019702911377,2.3817038536071777,-0.9502836465835571,-0.11569541692733765,-0.838875412940979,-0.15593719482421875
DaQuan Jeffries,-0.6577829122543335,-0.3425663709640503,0.2233443409204483,1.3449574708938599,1.3727391958236694,-0.7008694410324097,0.6751053929328918,-0.25941669940948486,0.8889124989509583,2.523468255996704,-0.5459794998168945,2.0001261234283447,-0.18432831764221191,-0.7350364923477173,4.68235969543457,1.578931450843811,-0.8997172713279724,-0.17263555526733398,1.454738974571228,1.9033236503601074,3.1623778343200684,-0.6385462284088135,0.9634658098220825,-0.0957377552986145,-0.5080084800720215,-0.9726885557174683,-0.9331548810005188,-0.6272163987159729,-0.4183708429336548,0.35283610224723816,-0.4708642363548279,-0.8346105217933655,-0.31646913290023804,1.6440128087997437,-0.24750810861587524,-0.8677316308021545,-0.1957821249961853,2.017868757247925,-0.2760831117630005,-0.9515859484672546,-0.4365732669830322,2.147876024246216,0.30502671003341675,1.7596306800842285,1.3977640867233276,1.4905498027801514,0.22265084087848663,-0.9839127659797668,0.7358707189559937,-0.9839048385620117,0.6156816482543945,1.2189226150512695,0.7517927885055542,1.0105295181274414,0.5711284875869751,-0.6367984414100647,1.117601990699768,-0.4667407274246216,4.568279266357422,0.2494359165430069,1.862585186958313,-0.10926371812820435,1.513456106185913,0.048914585262537,-0.7272858619689941,2.657846450805664,0.11137381941080093,-0.412537157535553,0.3222297430038452,-0.011144578456878662,-0.7268322110176086,2.0585105419158936,1.4763963222503662,-0.42856675386428833,3.132674217224121,3.792909622192383,-0.9956547021865845,-0.5134701728820801,-0.936187744140625,-0.37994641065597534
Ty Jerome,-0.374764621257782,-0.3778473734855652,-0.07198905944824219,1.0336304903030396,1.3422596454620361,-0.7897555828094482,1.0326420068740845,-0.45904141664505005,1.4758930206298828,1.908199429512024,-0.3763417601585388,1.6467785835266113,-0.21272951364517212,-0.6552400588989258,5.333455562591553,0.7891806364059448,-0.925043523311615,-0.4128434658050537,0.9746103882789612,2.0441131591796875,3.8852803707122803,-0.7387121915817261,0.2992442846298218,-0.3876532316207886,-0.4109443426132202,-0.9517390131950378,-0.947676956653595,-0.4388454556465149,-0.5514400005340576,0.6937804222106934,-0.6452121734619141,-0.7400373220443726,0.29383885860443115,1.909583568572998,-0.3703429698944092,-0.7701818943023682,0.06916655600070953,2.434166669845581,-0.055354952812194824,-0.9273209571838379,-0.06014657020568848,2.049874782562256,-0.1483522653579712,0.9764224290847778,1.194807767868042,1.0293278694152832,-0.19879621267318726,-0.9866492748260498,0.12915204465389252,-0.9900414943695068,0.6537240147590637,1.06466543674469,-0.08386468887329102,0.5702369213104248,-0.10052967071533203,-0.5812945365905762,1.53119957447052,-0.3711763620376587,4.054399490356445,0.25176936388015747,1.4356112480163574,-0.5178965926170349,0.8758100271224976,-0.452170729637146,-0.4348104000091553,3.167057752609253,-0.3102099895477295,-0.4323387145996094,0.510881781578064,-0.12575852870941162,-0.7905429601669312,1.1571186780929565,0.6547728180885315,-0.3796110153198242,2.9563727378845215,3.725501537322998,-0.9937816262245178,-0.26677173376083374,-0.9449800252914429,-0.00701218843460083
Isaiah Joe,-0.8156396150588989,-0.46417611837387085,0.1352497637271881,1.7406001091003418,1.8152694702148438,-0.8388004302978516,1.1231237649917603,-0.3936874270439148,1.2769354581832886,3.165070056915283,-0.5951148271560669,2.6740758419036865,-0.08196651935577393,-0.8425743579864502,7.060685634613037,1.9124572277069092,-0.9663105010986328,-0.22320187091827393,2.024794578552246,2.6380300521850586,4.442841529846191,-0.8095734119415283,1.263176679611206,-0.15779829025268555,-0.635258674621582,-0.9916937947273254,-0.9796114563941956,-0.732008159160614,-0.6226192116737366,0.3526591658592224,-0.5923223495483398,-0.9052156805992126,-0.12022727727890015,2.1958584785461426,-0.17028367519378662,-0.9257596135139465,-0.09107232093811035,2.812192440032959,-0.36141735315322876,-0.981660783290863,-0.5883913636207581,2.743312358856201,0.4743568003177643,2.332780361175537,2.153879404067993,1.927907943725586,0.3829919099807739,-0.9963977932929993,0.961388349533081,-0.9970492124557495,1.099467158317566,1.8092252016067505,0.9363349676132202,0.9277946352958679,0.7710904479026794,-0.7384292483329773,1.6396230459213257,-0.5041905641555786,6.161982536315918,0.052588995546102524,2.60159969329834,-0.2024294137954712,1.7042959928512573,-0.015049993991851807,-0.7865827083587646,3.95855975151062,0.15501229465007782,-0.505921483039856,0.35085952281951904,-0.07752978801727295,-0.8119704127311707,2.9895801544189453,1.8677160739898682,-0.46390557289123535,3.9751648902893066,5.30519962310791,-0.9995956420898438,-0.580983579158783,-0.9816393256187439,-0.29019951820373535
Cameron Johnson,-0.369476318359375,-0.4356977939605713,-0.25613653659820557,1.1673786640167236,1.3732696771621704,-0.8903049826622009,1.3906280994415283,-0.6367229223251343,1.9809967279434204,1.599624752998352,-0.34752076864242554,1.5201092958450317,-0.1973724365234375,-0.6517263650894165,6.703855991363525,0.18353509902954102,-0.9659854173660278,-0.48919254541397095,0.7628732323646545,2.354915142059326,4.650791168212891,-0.8492666482925415,0.03687257692217827,-0.5740810632705688,-0.45604169368743896,-0.9538321495056152,-0.9735296964645386,-0.38701367378234863,-0.6836473941802979,0.815200686454773,-0.7316597700119019,-0.6517432332038879,0.7702619433403015,2.2075393199920654,-0.44459474086761475,-0.7544321417808533,0.22235913574695587,2.6018636226654053,-0.02208000421524048,-0.9542429447174072,-0.300042986869812,2.0652902126312256,-0.1529383659362793,0.9395492672920227,1.4513359069824219,0.8864892721176147,-0.37962228059768677,-0.9921202063560486,-0.11381673812866211,-0.9959021210670471,0.8467862010002136,1.19400155544281,-0.28833794593811035,0.09105156362056732,-0.23987895250320435,-0.6036349534988403,1.8934102058410645,-0.18281006813049316,4.316493988037109,0.14372092485427856,1.4556173086166382,-0.6408888101577759,0.5752338767051697,-0.5917904376983643,-0.13984310626983643,3.842674970626831,-0.3700724244117737,-0.548231303691864,0.39771386981010437,-0.21622025966644287,-0.8716703653335571,1.2219111919403076,0.13361895084381104,-0.3097113370895386,3.1057467460632324,4.1634955406188965,-0.9971884489059448,-0.23827695846557617,-0.9703384637832642,0.3464505076408386
Jalen Johnson,0.27778467535972595,-0.3890830874443054,-0.11087894439697266,0.8148795962333679,1.0393078327178955,-0.8210951685905457,0.8187707662582397,-0.5629267692565918,1.2585062980651855,0.5617727637290955,-0.15693670511245728,0.7077313661575317,-0.2850905656814575,-0.3785548806190491,4.120680809020996,-0.16777628660202026,-0.8920178413391113,-0.5433394908905029,-0.011537492275238037,1.7300995588302612,3.2096707820892334,-0.717653751373291,-0.2639031410217285,-0.5850496292114258,-0.2664358615875244,-0.7945902347564697,-0.9029179811477661,-0.006716430187225342,-0.5663591623306274,0.6221251487731934,-0.6657997369766235,-0.29759860038757324,0.8047944903373718,1.4901214838027954,-0.5056264400482178,-0.39985716342926025,0.2713949978351593,1.6799765825271606,0.09835754334926605,-0.8413152098655701,0.062259092926979065,1.3465454578399658,-0.21882742643356323,0.32699382305145264,0.6620023250579834,0.3621484935283661,-0.5495409369468689,-0.9614306688308716,-0.4798806309700012,-0.9797157049179077,0.23739534616470337,0.39093178510665894,-0.5505774021148682,0.16798779368400574,-0.4451802372932434,-0.4044845700263977,1.3808144330978394,0.018703719601035118,2.250472068786621,0.24705298244953156,0.5947831273078918,-0.6454629898071289,0.3989444971084595,-0.6244034171104431,0.3249035179615021,2.2796478271484375,-0.398460328578949,-0.5237016081809998,0.5117163062095642,-0.00267636775970459,-0.8022077083587646,0.08114641159772873,-0.3994271159172058,-0.057680487632751465,2.081360101699829,2.42067551612854,-0.9511588215827942,-0.03706115484237671,-0.8931915163993835,0.19649115204811096
Keldon Johnson,-0.04578810930252075,-0.37957412004470825,-0.030507802963256836,0.8378911018371582,1.1477620601654053,-0.7422352433204651,0.7668538689613342,-0.4072059988975525,1.1146138906478882,1.1591163873672485,-0.32672011852264404,1.0277234315872192,-0.2178354263305664,-0.5100328922271729,4.126016139984131,0.26372092962265015,-0.8682310581207275,-0.45301973819732666,0.39095261693000793,1.6074713468551636,3.0577893257141113,-0.6752796769142151,0.0016912915743887424,-0.46143919229507446,-0.39992010593414307,-0.8559798002243042,-0.9022769927978516,-0.23873674869537354,-0.5185183882713318,0.5442212224006653,-0.5314651131629944,-0.5169216990470886,0.3321389853954315,1.4451204538345337,-0.4746805429458618,-0.568299412727356,0.11083166301250458,1.678045392036438,0.04116899520158768,-0.8662915229797363,-0.06335669755935669,1.5690064430236816,-0.16957849264144897,0.632690966129303,0.728208065032959,0.5206491351127625,-0.3180105686187744,-0.9615007042884827,-0.20693790912628174,-0.9754009246826172,0.39489272236824036,0.5309234261512756,-0.27348756790161133,0.40377703309059143,-0.2639888525009155,-0.44536125659942627,1.3514617681503296,-0.22150230407714844,2.733335494995117,0.44225770235061646,0.7955077886581421,-0.5466333031654358,0.6718664169311523,-0.49241089820861816,-0.16210150718688965,2.2642922401428223,-0.31214118003845215,-0.4981447458267212,0.4419902563095093,-0.05764704942703247,-0.763519287109375,0.47175949811935425,0.09069603681564331,-0.27025067806243896,2.218502998352051,2.741985559463501,-0.9721003770828247,-0.09902036190032959,-0.9012995362281799,-0.0162203311920166
Keon Johnson,-0.47385329008102417,-0.3417786955833435,-0.030384063720703125,1.133162260055542,1.2994171380996704,-0.8033508658409119,0.9228089451789856,-0.4103337526321411,1.255000352859497,1.9959828853607178,-0.44706088304519653,1.6728953123092651,-0.20213305950164795,-0.6788203120231628,5.285536289215088,0.8478376865386963,-0.9259809851646423,-0.2484326958656311,1.0182615518569946,1.8261114358901978,3.672048330307007,-0.7507477402687073,0.48168256878852844,-0.3882741332054138,-0.5114744901657104,-0.9537749886512756,-0.9458303451538086,-0.4592984914779663,-0.5362396836280823,0.6258023977279663,-0.6211380362510681,-0.7529711127281189,0.16803286969661713,1.8031730651855469,-0.38795381784439087,-0.7900009751319885,0.009394582360982895,2.2815346717834473,-0.1227879524230957,-0.9384788870811462,-0.373674213886261,1.9789637327194214,0.14275361597537994,1.2857532501220703,1.2166792154312134,1.1487942934036255,-0.08062398433685303,-0.9855207204818726,0.23850302398204803,-0.9889412522315979,0.6747500896453857,1.0803918838500977,0.23531226813793182,0.48070991039276123,0.09671278297901154,-0.6103335618972778,1.4607445001602173,-0.3244258165359497,4.119925022125244,0.19104571640491486,1.5527620315551758,-0.3955655097961426,1.132338047027588,-0.3713902235031128,-0.5083162784576416,2.9273898601531982,-0.15290391445159912,-0.47391337156295776,0.27903902530670166,-0.04419630765914917,-0.8062081336975098,1.5098462104797363,0.7256484627723694,-0.3355194330215454,2.932887315750122,3.68257474899292,-0.9948521256446838,-0.34889674186706543,-0.9465935230255127,-0.10160738229751587
Nikola Jokić,0.47627002000808716,-0.5232126712799072,-0.1639920473098755,0.8727056384086609,0.8919536471366882,-0.8913130760192871,1.2451525926589966,-0.7292807102203369,1.948717474937439,0.32764673233032227,-0.012275636196136475,0.7347120642662048,-0.3730318546295166,-0.3713167905807495,5.2685627937316895,-0.48515552282333374,-0.9460139274597168,-0.6980228424072266,-0.1075901985168457,2.149268865585327,3.901359796524048,-0.8062382340431213,-0.421806275844574,-0.7255810499191284,-0.13347017765045166,-0.7779533267021179,-0.9500582814216614,0.03308216482400894,-0.6683064103126526,0.8390979170799255,-0.7034715414047241,-0.18286359310150146,1.2448740005493164,1.9200410842895508,-0.5311822295188904,-0.38124001026153564,0.412289559841156,2.0438809394836426,0.16279371082782745,-0.878387987613678,0.23476599156856537,1.4249964952468872,-0.40116071701049805,-0.15093672275543213,0.8322864770889282,0.1846669614315033,-0.6350075006484985,-0.9781141877174377,-0.6247228980064392,-0.992449164390564,0.22797870635986328,0.5248079895973206,-0.7472090721130371,-0.1279849410057068,-0.6057090163230896,-0.4307743310928345,1.6976017951965332,-0.007499396800994873,2.5813894271850586,0.31498393416404724,0.5505599975585938,-0.7697867751121521,-0.02669370174407959,-0.7269579172134399,0.7142747044563293,3.0363504886627197,-0.5333943367004395,-0.5855447053909302,0.7664530873298645,-0.23107469081878662,-0.8617311120033264,-0.11060041189193726,-0.5943913459777832,-0.001742720603942871,2.4540340900421143,2.7274222373962402,-0.9703185558319092,0.040082454681396484,-0.9299951791763306,0.6293125748634338
Colby Jones,-0.5914726257324219,-0.3952038884162903,0.41136014461517334,1.110259771347046,1.1937031745910645,-0.6033374071121216,0.7087780833244324,-0.0559157133102417,0.8764896392822266,2.484713554382324,-0.5070828199386597,1.9790096282958984,-0.2389848828315735,-0.7124983072280884,3.90252947807312,1.665981650352478,-0.8246296644210815,-0.26579272747039795,1.4656097888946533,1.7553921937942505,2.58846116065979,-0.4496840834617615,0.9421798586845398,0.07439180463552475,-0.43398982286453247,-0.962757408618927,-0.8757796287536621,-0.6917968392372131,-0.3443453907966614,0.46052202582359314,-0.22684413194656372,-0.8334354162216187,-0.5223339796066284,1.576507568359375,-0.058007657527923584,-0.8482839465141296,-0.3666743040084839,1.6704093217849731,-0.2601388692855835,-0.9175432920455933,-0.17120838165283203,2.1061882972717285,-0.1440909504890442,1.2111411094665527,1.1901721954345703,1.2568823099136353,0.186332568526268,-0.9736251831054688,0.7059543132781982,-0.9662038087844849,0.6105780005455017,1.1144509315490723,0.5503178834915161,1.2846968173980713,0.5737762451171875,-0.5940662622451782,1.1051617860794067,-0.5768435597419739,4.298524856567383,0.4863956868648529,1.469393014907837,-0.17068809270858765,1.2461222410202026,0.18837399780750275,-0.7881677150726318,2.4065370559692383,-0.10300350189208984,-0.29737621545791626,0.7052742838859558,-0.17606103420257568,-0.6149622201919556,1.473015546798706,1.5256726741790771,-0.5798159837722778,3.041140079498291,3.470156192779541,-0.989631175994873,-0.5196483135223389,-0.8860536813735962,-0.4371839165687561
Derrick Jones Jr.,-0.20638751983642578,-0.33852410316467285,0.03825251758098602,1.024647831916809,1.163140892982483,-0.656635582447052,0.4763081669807434,-0.3595484495162964,0.9682967662811279,1.4459996223449707,-0.4114697575569153,1.163097620010376,-0.19781750440597534,-0.5548394322395325,3.6815083026885986,0.6567102670669556,-0.8330080509185791,-0.48773741722106934,0.666461706161499,1.732993721961975,2.6730587482452393,-0.5979599952697754,0.24728187918663025,-0.37681466341018677,-0.343950092792511,-0.905940055847168,-0.8836216926574707,-0.34372788667678833,-0.42520517110824585,0.2692417800426483,-0.4808385968208313,-0.5577199459075928,0.09256325662136078,1.3000903129577637,-0.46517127752304077,-0.6789699792861938,-0.15420114994049072,1.4712527990341187,-0.06337594985961914,-0.8838456273078918,-0.1833794116973877,1.6039128303527832,-0.12465459108352661,0.9749169945716858,0.8836382627487183,0.7285908460617065,-0.2318629026412964,-0.9577289819717407,-0.02209872007369995,-0.9693002104759216,0.3708988428115845,0.6266334652900696,0.015529814176261425,0.7808905243873596,-0.043487370014190674,-0.41351211071014404,0.9913449883460999,-0.28147661685943604,2.8677923679351807,0.3655785322189331,0.8308338522911072,-0.4387989044189453,0.8213827610015869,-0.3381636142730713,-0.39908677339553833,2.0808768272399902,-0.12950485944747925,-0.5150010585784912,0.32661834359169006,-0.05003345012664795,-0.7170896530151367,0.9222739338874817,0.4596397876739502,-0.25217974185943604,2.258622646331787,2.7425835132598877,-0.969828188419342,-0.3038272261619568,-0.8932141065597534,-0.16659057140350342
Dillon Jones,-0.7104856967926025,-0.3865116834640503,0.5044628381729126,1.2000035047531128,1.1162785291671753,-0.5476774573326111,0.5691775679588318,0.01719045639038086,0.6511558890342712,2.6242635250091553,-0.5628905296325684,2.0269980430603027,-0.2274554967880249,-0.7057531476020813,3.5359902381896973,1.9376813173294067,-0.7866338491439819,-0.11798262596130371,1.6061900854110718,1.552117109298706,2.1876206398010254,-0.3799744248390198,1.2771002054214478,0.32530418038368225,-0.4346054792404175,-0.9664191603660583,-0.8394021987915039,-0.7452617883682251,-0.23393797874450684,0.336795449256897,-0.12659788131713867,-0.8582409620285034,-0.643840491771698,1.424564003944397,0.14523307979106903,-0.8798013925552368,-0.4307505488395691,1.3987218141555786,-0.34474313259124756,-0.9217533469200134,-0.308316707611084,1.9453215599060059,0.10520965605974197,1.4437586069107056,1.2671685218811035,1.508997917175293,0.39905843138694763,-0.9689410924911499,0.9475018978118896,-0.9498382210731506,0.5870280861854553,1.1544586420059204,0.9046999216079712,1.363437294960022,0.8534688353538513,-0.5969534516334534,0.9282989501953125,-0.5786725282669067,4.4376654624938965,0.39775440096855164,1.6857013702392578,0.059870388358831406,1.482610821723938,0.5352686047554016,-0.8368831872940063,2.1833293437957764,-0.014588654041290283,-0.2221512794494629,0.6337973475456238,-0.16582214832305908,-0.5374587774276733,1.7421504259109497,1.812317967414856,-0.5910384058952332,3.0741567611694336,3.3339662551879883,-0.9900949597358704,-0.6057655811309814,-0.8560256361961365,-0.5294104218482971
Herbert Jones,-0.28492867946624756,-0.2872645854949951,0.024108706042170525,1.1018266677856445,1.2125402688980103,-0.752536416053772,0.7538973093032837,-0.4549022316932678,1.2836874723434448,1.671056866645813,-0.4692373275756836,1.3728481531143188,-0.1996787190437317,-0.5943154096603394,4.563686847686768,0.5903759598731995,-0.8983192443847656,-0.48152267932891846,0.8459380269050598,1.9131088256835938,3.292947769165039,-0.7016977071762085,0.27061715722084045,-0.41877150535583496,-0.37444961071014404,-0.937175989151001,-0.9197380542755127,-0.36291027069091797,-0.49182063341140747,0.4991912245750427,-0.5659801363945007,-0.6122695207595825,0.14102093875408173,1.5955917835235596,-0.4554942846298218,-0.7329506278038025,-0.17926913499832153,1.8074700832366943,-0.014648735523223877,-0.9192891120910645,-0.24875402450561523,1.7600865364074707,-0.13019275665283203,0.9816991686820984,1.0483771562576294,0.8615491390228271,-0.21054869890213013,-0.9749865531921387,0.030515534803271294,-0.9839577674865723,0.5339569449424744,0.7845834493637085,-0.008943378925323486,0.6994391679763794,-0.059447407722473145,-0.4693877696990967,1.237785816192627,-0.23968052864074707,3.513538360595703,0.291439414024353,1.03707754611969,-0.4838372468948364,0.8348072171211243,-0.38572263717651367,-0.44861745834350586,2.702397584915161,-0.24517381191253662,-0.5480092167854309,0.33206552267074585,-0.1660529375076294,-0.7666971683502197,1.0988754034042358,0.409551739692688,-0.35212916135787964,2.5599775314331055,3.1557302474975586,-0.9886299967765808,-0.3251011371612549,-0.9305311441421509,-0.052076756954193115
Kai Jones,0.16577190160751343,-0.3693307042121887,0.17009426653385162,0.5547245740890503,0.5501695275306702,-0.12897294759750366,0.13855065405368805,0.045681923627853394,0.3557651937007904,0.8534054756164551,-0.27005428075790405,0.6971299648284912,-0.2024611234664917,-0.318778932094574,0.8082950711250305,0.5001171827316284,-0.1915993094444275,-0.5675941705703735,0.4324973225593567,1.0425386428833008,0.563761830329895,0.27225562930107117,0.19489677250385284,-0.27077221870422363,0.1874077171087265,-0.6499708890914917,-0.27296870946884155,-0.5884854793548584,0.09853499382734299,-0.2587231397628784,0.12337260693311691,-0.281894326210022,-0.35578954219818115,0.40813347697257996,-0.3523203134536743,-0.4394059181213379,-0.20610666275024414,0.021433915942907333,-0.16002607345581055,-0.6313823461532593,0.39162203669548035,1.2273865938186646,-0.6262199878692627,0.5624898076057434,0.497056245803833,0.0895720049738884,-0.3715834617614746,-0.7356946468353271,-0.21873700618743896,-0.6050167083740234,-0.15498006343841553,0.09527040272951126,-0.0659835934638977,1.177295207977295,0.180931955575943,-0.3023255467414856,0.3215698301792145,-0.4749827980995178,1.2627849578857422,0.332978218793869,0.23850829899311066,-0.3020116090774536,0.41960686445236206,0.4322098195552826,-0.39840877056121826,0.27510666847229004,-0.19658124446868896,-0.3948228359222412,0.7465104460716248,-0.16100037097930908,-0.29152417182922363,0.1791720986366272,0.43734604120254517,-0.3617786765098572,1.3743953704833984,1.4423884153366089,-0.4182623624801636,-0.38923120498657227,-0.35885679721832275,-0.3573843240737915
Spencer Jones,-0.7472061514854431,-0.37810879945755005,0.5776398777961731,1.4400731325149536,1.1131430864334106,-0.434467613697052,0.45723956823349,-0.022782504558563232,0.7176997065544128,2.984168529510498,-0.6625115871429443,2.2085516452789307,-0.29857027530670166,-0.7402592897415161,3.4259214401245117,2.1593053340911865,-0.7597008347511292,-0.1240072250366211,1.899584412574768,1.6861248016357422,2.11714243888855,-0.32820749282836914,1.40506112575531,0.404350608587265,-0.2645444869995117,-0.9749400615692139,-0.8072245121002197,-0.7865995168685913,-0.16231495141983032,0.2172473520040512,-0.05310642719268799,-0.8783700466156006,-0.7201864719390869,1.464751958847046,0.16857853531837463,-0.9221986532211304,-0.5161207914352417,1.2893047332763672,-0.44067907333374023,-0.943936288356781,-0.4055001139640808,2.0868771076202393,0.14103934168815613,1.6626896858215332,1.4472758769989014,1.7422503232955933,0.5378149151802063,-0.9702088832855225,1.0916874408721924,-0.9506286382675171,0.5114602446556091,1.3318231105804443,1.1785255670547485,1.5363596677780151,0.9928657412528992,-0.5582378506660461,0.7381439208984375,-0.6473614573478699,4.6874098777771,0.41078460216522217,1.812148094177246,0.10744508355855942,1.6702024936676025,0.8000530004501343,-0.8639853596687317,2.184459924697876,0.106139175593853,-0.32388997077941895,0.5755946636199951,-0.21303987503051758,-0.5432955026626587,2.1186509132385254,2.1186985969543457,-0.6193053126335144,3.3295345306396484,3.3739306926727295,-0.9917330741882324,-0.6918507218360901,-0.8465999364852905,-0.542768120765686
Tre Jones,-0.2372925877571106,-0.4035276770591736,0.22346201539039612,0.6857388019561768,0.9970298409461975,-0.46141326427459717,0.3951203227043152,-0.09036237001419067,0.647370457649231,1.3277339935302734,-0.28794872760772705,0.9416640996932983,-0.13923311233520508,-0.48302900791168213,2.546266555786133,0.7069174647331238,-0.6418960690498352,-0.48996418714523315,0.6182558536529541,1.4405030012130737,1.911251187324524,-0.4029041528701782,0.14911925792694092,0.015619998797774315,-0.252521812915802,-0.8467379808425903,-0.7754498720169067,-0.3686602711677551,-0.42142730951309204,0.36133888363838196,-0.2733985185623169,-0.5398293733596802,-0.19890820980072021,1.1211682558059692,-0.2908642292022705,-0.5855244398117065,-0.10708379745483398,1.0150883197784424,-0.13778138160705566,-0.779885470867157,0.2299545854330063,1.447320580482483,-0.33443063497543335,0.562056303024292,0.7588452100753784,0.3333247900009155,-0.2480865716934204,-0.9004814028739929,0.04025481641292572,-0.9062476754188538,0.2836747169494629,0.42904138565063477,-0.11702364683151245,0.9936590194702148,0.004882023204118013,-0.363217294216156,0.8243296146392822,-0.38560324907302856,2.452345132827759,0.4227580726146698,0.6215478777885437,-0.4652160406112671,0.5772989988327026,-0.12163615226745605,-0.4631340503692627,1.54800283908844,-0.2624061107635498,-0.36621981859207153,0.6402975916862488,0.004905921872705221,-0.5596228837966919,0.3632955551147461,0.4719198942184448,-0.4311804175376892,1.8508734703063965,2.148939609527588,-0.9200409054756165,-0.15549731254577637,-0.7764130234718323,-0.23982810974121094
Tyus Jones,-0.6184795498847961,-0.37093591690063477,0.07001559436321259,1.3800837993621826,1.541571855545044,-0.7666271924972534,0.9184045791625977,-0.2651585340499878,1.1377546787261963,2.6481285095214844,-0.4910162687301636,2.134462594985962,-0.21464228630065918,-0.7864572405815125,5.548295974731445,1.496471881866455,-0.9389694929122925,-0.10220223665237427,1.5276145935058594,2.12127685546875,3.8936104774475098,-0.7205398678779602,0.7683483958244324,-0.26631176471710205,-0.5688655972480774,-0.9791757464408875,-0.9602055549621582,-0.6020259857177734,-0.4854698181152344,0.5503517389297485,-0.6035616397857666,-0.8679376244544983,-0.0492405891418457,1.896101474761963,-0.3191375732421875,-0.873333752155304,0.02970273606479168,2.648468494415283,-0.25846827030181885,-0.9623372554779053,-0.3463277220726013,2.399747133255005,0.20174407958984375,1.7972612380981445,1.4778844118118286,1.5526819229125977,0.12569403648376465,-0.9909135103225708,0.6513968110084534,-0.9921797513961792,0.765691876411438,1.3772311210632324,0.6671714782714844,0.8589481115341187,0.4587644338607788,-0.7003016471862793,1.46782386302948,-0.46421390771865845,4.911250114440918,0.24589279294013977,2.0902554988861084,-0.18115997314453125,1.5395437479019165,-0.24126273393630981,-0.6900631785392761,3.1229283809661865,0.1435707062482834,-0.3993825316429138,0.36461663246154785,0.06649855524301529,-0.7835780382156372,2.1806817054748535,1.482329249382019,-0.4000088572502136,3.3366456031799316,4.2741851806640625,-0.9977532029151917,-0.42498135566711426,-0.9612577557563782,-0.30145329236984253
Cory Joseph,-0.8131365776062012,-0.4345811605453491,0.4384191036224365,1.4808233976364136,1.545661449432373,-0.7100609540939331,0.8810303807258606,-0.05890744924545288,0.9672873616218567,3.4958958625793457,-0.6288971304893494,2.752462148666382,-0.17645740509033203,-0.8332532048225403,5.518030643463135,2.4275424480438232,-0.9126701354980469,-0.09905469417572021,2.217031717300415,2.156059503555298,3.522490978240967,-0.6312600374221802,1.508530855178833,0.3003653883934021,-0.557687520980835,-0.9906013011932373,-0.9446426033973694,-0.8043195009231567,-0.44486117362976074,0.480168879032135,-0.38306713104248047,-0.9266435503959656,-0.6041041612625122,2.0550363063812256,0.12299394607543945,-0.9318181872367859,-0.3818199634552002,2.413461685180664,-0.410336971282959,-0.9691651463508606,-0.40070444345474243,2.611269950866699,0.24161645770072937,2.0217061042785645,1.8410587310791016,2.0265212059020996,0.5039945840835571,-0.9929296374320984,1.2657008171081543,-0.9894224405288696,0.9382088780403137,1.7072912454605103,1.0894211530685425,1.5023741722106934,1.0014235973358154,-0.7310975790023804,1.3528271913528442,-0.6466127634048462,6.062994003295898,0.2318786233663559,2.4624531269073486,0.021125636994838715,1.869731068611145,0.4825422763824463,-0.8799083828926086,3.343388557434082,-0.01488339900970459,-0.29814040660858154,0.6953028440475464,-0.13090068101882935,-0.6722618937492371,2.543318271636963,2.3676939010620117,-0.6339888572692871,4.031671524047852,4.757355690002441,-0.9988587498664856,-0.6669783592224121,-0.9523507952690125,-0.5255610942840576
Nikola Jović,-0.5473343729972839,-0.3853984475135803,-0.007419168949127197,1.2356019020080566,1.3945209980010986,-0.788433313369751,0.96400386095047,-0.4511784315109253,1.30527663230896,2.0413408279418945,-0.4590016007423401,1.7106988430023193,-0.12965267896652222,-0.6870476007461548,5.430812835693359,0.9064533114433289,-0.9273075461387634,-0.40695905685424805,1.149255633354187,2.1087825298309326,3.6733641624450684,-0.7538025975227356,0.47075626254081726,-0.31093138456344604,-0.4802008271217346,-0.961400032043457,-0.9515174627304077,-0.4966372847557068,-0.5882066488265991,0.49924662709236145,-0.5765576362609863,-0.7318003177642822,0.145950585603714,1.842403769493103,-0.3545849919319153,-0.8111950159072876,-0.05752652883529663,2.1048223972320557,-0.13850438594818115,-0.9438085556030273,-0.35682010650634766,2.0751166343688965,0.018452128395438194,1.305133581161499,1.4312480688095093,1.0625226497650146,-0.08358246088027954,-0.9853876829147339,0.3033285140991211,-0.9900557994842529,0.7311882972717285,1.1448450088500977,0.21420635282993317,0.6306691765785217,0.15488767623901367,-0.5755090713500977,1.4084972143173218,-0.32330191135406494,4.267601013183594,0.2203345000743866,1.497182011604309,-0.4596952795982361,0.9838616251945496,-0.29356133937835693,-0.5316109657287598,3.115443229675293,-0.1678241491317749,-0.5093920230865479,0.34094712138175964,-0.09726059436798096,-0.7893470525741577,1.601148009300232,0.7847990989685059,-0.4134634733200073,2.9433071613311768,3.8372859954833984,-0.9958909153938293,-0.33917468786239624,-0.9525127410888672,-0.08660125732421875
Johnny Juzang,-0.7069623470306396,-0.380282461643219,0.13531990349292755,1.4913562536239624,1.604000449180603,-0.7740405797958374,0.9134974479675293,-0.34552979469299316,1.1837042570114136,2.8190829753875732,-0.5585102438926697,2.30430006980896,-0.15069353580474854,-0.7948147058486938,5.895007610321045,1.6221123933792114,-0.941919207572937,-0.23807138204574585,1.7246202230453491,2.2713234424591064,3.9237897396087646,-0.7471858263015747,0.946861982345581,-0.18689978122711182,-0.5557235479354858,-0.983927309513092,-0.9632643461227417,-0.6441494226455688,-0.5450127124786377,0.41631996631622314,-0.5685902237892151,-0.8668423295021057,-0.15707963705062866,1.9599250555038452,-0.2818586826324463,-0.8921655416488647,-0.12448585033416748,2.522357940673828,-0.27448391914367676,-0.9686483144760132,-0.47342467308044434,2.449582576751709,0.2976600229740143,1.9224096536636353,1.7047845125198364,1.6375123262405396,0.2561894953250885,-0.9922537803649902,0.7504469752311707,-0.9935734272003174,0.8666460514068604,1.4870367050170898,0.7330297231674194,0.9401556253433228,0.5425694584846497,-0.6770200729370117,1.4068726301193237,-0.4762725234031677,5.262787818908691,0.1627034693956375,2.1230552196502686,-0.22743916511535645,1.544429898262024,-0.10461080074310303,-0.7381434440612793,3.3715856075286865,0.07136157155036926,-0.48755693435668945,0.33824336528778076,-0.0508463978767395,-0.7854498624801636,2.412710428237915,1.567594289779663,-0.4390423893928528,3.483830690383911,4.4909257888793945,-0.9985823631286621,-0.5053608417510986,-0.9669094085693359,-0.2759736180305481
Luke Kennard,-0.66205894947052,-0.4038000702857971,0.1406632959842682,1.42607581615448,1.6047836542129517,-0.771973729133606,0.9864278435707092,-0.281150758266449,1.2489018440246582,2.8177382946014404,-0.5566136837005615,2.28350830078125,-0.1776362657546997,-0.794167697429657,5.860776424407959,1.6042454242706299,-0.9419147968292236,-0.2639460563659668,1.6695350408554077,2.32257080078125,3.977038621902466,-0.7282535433769226,0.8822914958000183,-0.2164810299873352,-0.5671308040618896,-0.9837384223937988,-0.9632532596588135,-0.6577556133270264,-0.5120028257369995,0.5213668942451477,-0.5463464260101318,-0.8699678182601929,-0.1671123504638672,1.9910519123077393,-0.2765370011329651,-0.8874034285545349,-0.15746086835861206,2.5739219188690186,-0.25728899240493774,-0.9660083651542664,-0.33640211820602417,2.524160385131836,0.05349215865135193,1.777475118637085,1.6291855573654175,1.541560173034668,0.17798155546188354,-0.9921629428863525,0.7155770659446716,-0.9934882521629333,0.8575773239135742,1.4462518692016602,0.6502674221992493,1.0338765382766724,0.4710138142108917,-0.6876566410064697,1.5081647634506226,-0.5067651271820068,5.257450103759766,0.3040440082550049,2.0577170848846436,-0.2571496367454529,1.4543098211288452,-0.16224902868270874,-0.7406271696090698,3.3842062950134277,0.033466000109910965,-0.44938236474990845,0.4445185661315918,-0.08919477462768555,-0.7724102735519409,2.2077198028564453,1.5779433250427246,-0.4979895353317261,3.549428939819336,4.546465873718262,-0.9983705878257751,-0.48412322998046875,-0.9662292003631592,-0.30263930559158325
Walker Kessler,0.31037425994873047,-0.5025883913040161,0.018656078726053238,0.2747589647769928,0.548805296421051,-0.46995317935943604,0.17009738087654114,-0.12116807699203491,0.4040485918521881,0.32013362646102905,-0.02832794189453125,0.47027042508125305,-0.1424771547317505,-0.31494224071502686,1.5831302404403687,-0.0758410096168518,-0.4873465895652771,-0.5290271043777466,-0.13183146715164185,1.1013373136520386,1.136022686958313,-0.3018907308578491,0.020459139719605446,-0.3687824010848999,-0.12549620866775513,-0.4476841688156128,-0.5934222936630249,-0.3181803226470947,-0.3711574077606201,0.061952054500579834,-0.02660614252090454,-0.007241666316986084,0.15505163371562958,0.42849215865135193,-0.4986659288406372,0.18749405443668365,0.09735395014286041,0.5460758805274963,0.13195785880088806,-0.5970916152000427,0.2393639087677002,0.8684357404708862,-0.5489747524261475,0.2949579060077667,0.13753730058670044,-0.2469269037246704,-0.46547436714172363,-0.822537899017334,-0.5091525316238403,-0.8302080631256104,-0.055181801319122314,-0.01050502061843872,-0.46023011207580566,1.0244102478027344,-0.40312302112579346,-0.20736020803451538,0.6933750510215759,-0.401755690574646,0.9674546122550964,0.35982999205589294,-0.014625787734985352,-0.591639518737793,-0.02120596170425415,-0.2177518606185913,-0.1555640697479248,0.5683037042617798,-0.4929375648498535,-0.4984881281852722,0.8518743515014648,-0.013179779052734375,-0.36930519342422485,-0.4254140257835388,-0.250724196434021,-0.1333472728729248,1.1678874492645264,1.2315173149108887,-0.5260065793991089,-0.09849154949188232,-0.6494996547698975,-0.22908687591552734
Corey Kispert,-0.5446693897247314,-0.42325830459594727,0.05469280108809471,1.3478808403015137,1.536879539489746,-0.8146681785583496,1.0499361753463745,-0.4073830842971802,1.2847821712493896,2.2386772632598877,-0.518356204032898,1.9406055212020874,-0.19899266958236694,-0.7337812185287476,5.828045845031738,1.081859827041626,-0.9476702809333801,-0.27732694149017334,1.171362280845642,2.1461899280548096,3.990516185760498,-0.7631740570068359,0.6859617233276367,-0.39454394578933716,-0.5863354206085205,-0.9680324196815491,-0.9637259840965271,-0.5524965524673462,-0.53138667345047,0.5408045649528503,-0.5642517805099487,-0.8131409883499146,0.10995637625455856,1.8534162044525146,-0.3747023940086365,-0.8342740535736084,0.03533194586634636,2.4366228580474854,-0.14055359363555908,-0.9582961201667786,-0.3680760860443115,2.284140110015869,0.1500081717967987,1.554006576538086,1.3567383289337158,1.300797462463379,0.0626339465379715,-0.9906032681465149,0.3890672028064728,-0.9933913350105286,0.7304057478904724,1.1925013065338135,0.35410743951797485,0.6067975759506226,0.18406237661838531,-0.6541656255722046,1.6089693307876587,-0.39756160974502563,4.610488414764404,0.41170957684516907,1.809707522392273,-0.36649203300476074,1.3124759197235107,-0.37045127153396606,-0.5747709274291992,3.2085423469543457,-0.03144073486328125,-0.487384557723999,0.35570716857910156,-0.08794403076171875,-0.8137833476066589,1.8002134561538696,1.0536445379257202,-0.3916358947753906,3.2781529426574707,4.205946922302246,-0.9974718689918518,-0.3715568780899048,-0.9629995822906494,-0.20390009880065918
Maxi Kleber,-0.6999385356903076,-0.3795044422149658,0.49684762954711914,1.306015133857727,1.2034000158309937,-0.6151126027107239,0.6976094841957092,-0.12665706872940063,0.8815372586250305,2.755718946456909,-0.6001786589622498,2.1859383583068848,-0.2412182092666626,-0.742384672164917,4.119360446929932,1.9174360036849976,-0.8527660369873047,-0.2239621877670288,1.6935186386108398,1.8928090333938599,2.6503803730010986,-0.46417635679244995,1.224655270576477,0.17693336308002472,-0.4191611409187317,-0.9749181866645813,-0.8864469528198242,-0.7534505128860474,-0.29959237575531006,0.3645525574684143,-0.17031538486480713,-0.8582300543785095,-0.6186622381210327,1.6251028776168823,0.05238641798496246,-0.8918679356575012,-0.44690340757369995,1.608569860458374,-0.32845449447631836,-0.9445756673812866,-0.33930832147598267,2.1635260581970215,0.01674412377178669,1.5273150205612183,1.3812775611877441,1.5400580167770386,0.3429942727088928,-0.9789237380027771,0.9615724086761475,-0.9716624617576599,0.6321600079536438,1.2701468467712402,0.8101418614387512,1.4331361055374146,0.8068364858627319,-0.6188259124755859,1.0052950382232666,-0.5882694721221924,4.787744045257568,0.4317391514778137,1.7539538145065308,-0.021506786346435547,1.431501030921936,0.4410221576690674,-0.8333412408828735,2.575679302215576,-0.021893739700317383,-0.33700811862945557,0.6558689475059509,-0.2336329221725464,-0.5972433090209961,1.8679732084274292,1.819256067276001,-0.6035319566726685,3.3074657917022705,3.6986007690429688,-0.9942283630371094,-0.6324433088302612,-0.9026871919631958,-0.4898993968963623
Bobi Klintman,-0.8158499002456665,-0.5289749503135681,0.5564296245574951,1.5637811422348022,1.3619399070739746,-0.5152124166488647,0.5330384969711304,-0.05392932891845703,0.8221055269241333,3.1180620193481445,-0.5606200695037842,2.382689952850342,-0.24228179454803467,-0.7761251926422119,4.126142501831055,2.5179591178894043,-0.7893509864807129,-0.39159899950027466,2.1142823696136475,2.1886770725250244,2.3908040523529053,-0.3547627925872803,1.4561469554901123,0.5745052695274353,-0.3360961079597473,-0.9860207438468933,-0.8914428353309631,-0.8319092392921448,-0.3885166645050049,0.1526319682598114,-0.14562475681304932,-0.8986746072769165,-0.6928925514221191,1.7996189594268799,0.3196796476840973,-0.9367063045501709,-0.5135325193405151,1.564398169517517,-0.44639694690704346,-0.9485340714454651,-0.3246958255767822,2.3120625019073486,0.03112705610692501,1.7048481702804565,1.810750126838684,1.7932254076004028,0.3220221996307373,-0.9827525615692139,1.1543536186218262,-0.9699398279190063,0.7263322472572327,1.6007589101791382,1.040563702583313,1.8651278018951416,1.16762375831604,-0.6141291856765747,0.8931386470794678,-0.6766068935394287,5.278687477111816,0.38889965415000916,1.8647394180297852,-0.08086419105529785,1.5015456676483154,0.8557365536689758,-0.88727867603302,2.677612066268921,0.021799810230731964,-0.25863146781921387,0.8834971189498901,-0.18531477451324463,-0.5392787456512451,2.158620834350586,2.2968804836273193,-0.63543701171875,3.6999258995056152,4.045571804046631,-0.9946552515029907,-0.6941662430763245,-0.8978932499885559,-0.574395477771759
Dalton Knecht,-0.6211636662483215,-0.3905794620513916,0.12171857804059982,1.450614333152771,1.5455926656723022,-0.7849892973899841,0.9105546474456787,-0.37007617950439453,1.2248307466506958,2.5536558628082275,-0.5583690404891968,2.1450610160827637,-0.1932774782180786,-0.7633399963378906,5.672146320343018,1.4540719985961914,-0.9383784532546997,-0.31643766164779663,1.485435962677002,2.262465715408325,3.798205614089966,-0.7267867922782898,0.8777127861976624,-0.31049269437789917,-0.5451563596725464,-0.9789627194404602,-0.9577001929283142,-0.6249574422836304,-0.5070885419845581,0.407720685005188,-0.5399578809738159,-0.8347766995429993,-0.10529810190200806,1.8729305267333984,-0.3217303156852722,-0.871063232421875,-0.20292526483535767,2.347294807434082,-0.20514076948165894,-0.9617478847503662,-0.4283754825592041,2.3534059524536133,0.14416126906871796,1.7186968326568604,1.5216245651245117,1.505232572555542,0.13459697365760803,-0.991061270236969,0.5674692988395691,-0.9929057359695435,0.787286639213562,1.3311880826950073,0.5605723857879639,0.9244396686553955,0.40583139657974243,-0.6431534290313721,1.436500072479248,-0.4463311433792114,4.884776592254639,0.3046950101852417,1.848590612411499,-0.28341227769851685,1.4102848768234253,-0.20396679639816284,-0.7004971504211426,3.238440990447998,0.011975763365626335,-0.49689823389053345,0.37735968828201294,-0.11639147996902466,-0.7809130549430847,2.091768980026245,1.3560950756072998,-0.43451958894729614,3.412057399749756,4.317002296447754,-0.9977047443389893,-0.5033457279205322,-0.9622410535812378,-0.29056137800216675
Kevin Knox,-0.6781479120254517,-0.3817383646965027,0.38769277930259705,1.241388201713562,1.1666123867034912,-0.4807746410369873,0.44992396235466003,-0.1796112060546875,0.6419373154640198,2.3526129722595215,-0.498293936252594,1.7803378105163574,-0.17034029960632324,-0.6613458395004272,3.262777328491211,1.7561416625976562,-0.7342094779014587,-0.3826977014541626,1.4899232387542725,1.7345699071884155,2.064443349838257,-0.3999086618423462,0.9455730319023132,0.29239287972450256,-0.2717498540878296,-0.958350419998169,-0.8273816704750061,-0.6919848918914795,-0.3649245500564575,0.14372697472572327,-0.22738587856292725,-0.7786475419998169,-0.5505179762840271,1.4429736137390137,-0.009193003177642822,-0.8672731518745422,-0.4025565981864929,1.1420241594314575,-0.3722790479660034,-0.9068024158477783,-0.26505184173583984,1.9196240901947021,0.01625654473900795,1.3186997175216675,1.4022208452224731,1.2738839387893677,0.15345938503742218,-0.9596540331840515,0.8022701144218445,-0.9452859163284302,0.44996365904808044,1.1119099855422974,0.7242903709411621,1.3888550996780396,0.7119987607002258,-0.4936007857322693,0.7374893426895142,-0.5421534180641174,3.942858934402466,0.30136799812316895,1.3758537769317627,-0.19945597648620605,1.2098723649978638,0.5161269307136536,-0.7681294083595276,2.079258918762207,-0.054577529430389404,-0.3354771137237549,0.5801867246627808,-0.082419753074646,-0.5549545884132385,1.599809169769287,1.5321162939071655,-0.538751482963562,2.808267593383789,3.0931921005249023,-0.9833475351333618,-0.5495696067810059,-0.8410289287567139,-0.45184069871902466
Tyler Kolek,-0.7915840744972229,-0.34523046016693115,0.5148370265960693,1.2652236223220825,1.2461192607879639,-0.5843668580055237,0.6703357100486755,0.1090606227517128,0.7819691896438599,3.244476795196533,-0.605197012424469,2.4450271129608154,-0.1804913878440857,-0.783707857131958,4.244452476501465,2.298107862472534,-0.8301048278808594,-0.02761542797088623,2.0841705799102783,1.7212921380996704,2.666111469268799,-0.48075318336486816,1.4245166778564453,0.5072391033172607,-0.46522819995880127,-0.984472393989563,-0.8752949237823486,-0.7903506755828857,-0.3031116724014282,0.47401806712150574,-0.27219218015670776,-0.9054061770439148,-0.6899750828742981,1.7516402006149292,0.2517955005168915,-0.9169932007789612,-0.48526519536972046,1.8530192375183105,-0.4245738387107849,-0.946670651435852,-0.3189859986305237,2.247795820236206,0.09039463847875595,1.723946452140808,1.6232550144195557,1.814571499824524,0.4804641902446747,-0.9827560186386108,1.2282993793487549,-0.9673746824264526,0.8124926686286926,1.5028413534164429,1.1156136989593506,1.5745162963867188,1.0418944358825684,-0.6724361181259155,0.9990122318267822,-0.6333328485488892,5.3833394050598145,0.17166447639465332,2.0962233543395996,0.11314064264297485,1.6714688539505005,0.6513940095901489,-0.886086642742157,2.6991636753082275,-0.04270452260971069,-0.21224534511566162,0.6544252038002014,-0.14464712142944336,-0.5582147836685181,2.199737548828125,2.2061634063720703,-0.6540896892547607,3.537024736404419,3.949371099472046,-0.9963749647140503,-0.6669780611991882,-0.8978793621063232,-0.5358208417892456
Vit Krejci,-0.7507050633430481,-0.43775826692581177,0.1954607516527176,1.5570920705795288,1.6097254753112793,-0.7534501552581787,0.8850464224815369,-0.3392241597175598,1.2079839706420898,2.9344491958618164,-0.5784850120544434,2.3738901615142822,-0.1329856514930725,-0.7935782670974731,5.8807244300842285,1.8015707731246948,-0.9318050742149353,-0.3695443868637085,1.8485358953475952,2.346486806869507,3.7286293506622314,-0.7214953899383545,1.1222591400146484,-0.0880124568939209,-0.5287865400314331,-0.9863536953926086,-0.9599723815917969,-0.7144436836242676,-0.5346611142158508,0.29951363801956177,-0.5006994605064392,-0.8740721940994263,-0.29728269577026367,1.9666274785995483,-0.19108009338378906,-0.9085999727249146,-0.2601149082183838,2.3321988582611084,-0.32591336965560913,-0.9685115814208984,-0.46099525690078735,2.472149133682251,0.22813065350055695,1.8978139162063599,1.8462148904800415,1.7017954587936401,0.30279698967933655,-0.9923631548881531,0.8579065799713135,-0.9926409125328064,0.9247635006904602,1.54443359375,0.806818962097168,1.126841425895691,0.6556426286697388,-0.6606699228286743,1.3870353698730469,-0.5394201874732971,5.445077896118164,0.19849516451358795,2.0935845375061035,-0.2592158317565918,1.4970170259475708,0.08853121846914291,-0.7854164242744446,3.432276487350464,0.008633943274617195,-0.4745365381240845,0.4461597800254822,-0.1719239354133606,-0.7593182921409607,2.438729763031006,1.7421714067459106,-0.4857516288757324,3.626065492630005,4.611176490783691,-0.9985467791557312,-0.5709985494613647,-0.9641841650009155,-0.31301724910736084
Jonathan Kuminga,0.1275191754102707,-0.42041176557540894,-0.07538092136383057,0.6483445167541504,0.99284428358078,-0.8234487771987915,1.0479682683944702,-0.4923485517501831,1.4208234548568726,0.8593515157699585,-0.12198388576507568,0.8890812993049622,-0.24049800634384155,-0.46252673864364624,4.589908599853516,-0.06692755222320557,-0.8904067873954773,-0.5316312313079834,0.18596525490283966,1.7132010459899902,3.3750665187835693,-0.724202036857605,-0.2339264154434204,-0.5369791388511658,-0.3454773426055908,-0.8230567574501038,-0.9162298440933228,-0.17874467372894287,-0.6432167887687683,0.8397423624992371,-0.6096277236938477,-0.40573304891586304,0.6095461249351501,1.7596538066864014,-0.43021899461746216,-0.4455989599227905,0.21444560587406158,1.8436603546142578,0.11476403474807739,-0.8372076749801636,0.019174465909600258,1.5553969144821167,-0.3258581757545471,0.1648973822593689,0.7287732362747192,0.24740639328956604,-0.5195320844650269,-0.9678305387496948,-0.36745691299438477,-0.980724573135376,0.4681413471698761,0.5577197670936584,-0.5697355270385742,0.20840592682361603,-0.38361430168151855,-0.4596097469329834,1.5905123949050903,-0.17895269393920898,2.713216781616211,0.3417678475379944,0.6059064269065857,-0.6681066751480103,0.2447604238986969,-0.5898382067680359,0.08950569480657578,2.5865726470947266,-0.49240541458129883,-0.485223650932312,0.6781795024871826,-0.12447786331176758,-0.7957543730735779,-0.009206235408782959,-0.34188926219940186,-0.301249623298645,2.253737211227417,2.7856273651123047,-0.9697319269180298,-0.007936537265777588,-0.9051106572151184,0.23134256899356842
Kyle Kuzma,-0.11365479230880737,-0.38386070728302,-0.06770110130310059,0.9618924260139465,1.177900791168213,-0.8393439650535583,1.0122267007827759,-0.5039238929748535,1.3581533432006836,1.2529504299163818,-0.27660131454467773,1.2047370672225952,-0.2841114401817322,-0.5672298669815063,5.020031929016113,0.2699976861476898,-0.922092080116272,-0.3918839693069458,0.4481072425842285,1.7703397274017334,3.6666500568389893,-0.7509433031082153,0.0922723338007927,-0.5471816062927246,-0.4578942060470581,-0.9018140435218811,-0.9403133392333984,-0.2881202697753906,-0.5823867917060852,0.7614675760269165,-0.6557275056838989,-0.6244519948959351,0.5210346579551697,1.7838213443756104,-0.44350767135620117,-0.6507695913314819,0.2185080200433731,2.212721824645996,0.0633818730711937,-0.9024981260299683,-0.2055317759513855,1.7096706628799438,-0.02106112241744995,0.7098197340965271,0.8482664823532104,0.7780468463897705,-0.3867500424385071,-0.9812051057815552,-0.2026934027671814,-0.9880656599998474,0.5169354677200317,0.751301109790802,-0.3058818578720093,0.24189075827598572,-0.21581649780273438,-0.5563936233520508,1.6268739700317383,-0.2044379711151123,3.277034044265747,0.3552389442920685,1.060154676437378,-0.5665345788002014,0.7661507725715637,-0.5657065510749817,-0.14875394105911255,2.7595653533935547,-0.333797812461853,-0.4701458215713501,0.4844476580619812,-0.07485461235046387,-0.8229394555091858,0.6501047015190125,0.020755410194396973,-0.2324487566947937,2.6263296604156494,3.209458351135254,-0.9871379733085632,-0.15732693672180176,-0.9343677163124084,0.052184343338012695
Jock Landale,-0.4014075994491577,-0.4211852550506592,0.334049791097641,0.7724442481994629,0.9159839153289795,-0.4127805829048157,0.37461361289024353,0.04556311294436455,0.5157037377357483,1.6109141111373901,-0.34440863132476807,1.2109934091567993,-0.20034688711166382,-0.5238491296768188,2.2804582118988037,1.1797255277633667,-0.6069304347038269,-0.34711480140686035,0.8151172399520874,1.350682020187378,1.5661308765411377,-0.2153986096382141,0.5915812849998474,0.14897167682647705,-0.2935523986816406,-0.8807010650634766,-0.7275460958480835,-0.555086612701416,-0.23585379123687744,0.2880000174045563,-0.10911190509796143,-0.682176947593689,-0.4229888916015625,1.0354984998703003,-0.07927632331848145,-0.7085497379302979,-0.2577892541885376,0.9524200558662415,-0.23778456449508667,-0.7881474494934082,0.15991824865341187,1.5366078615188599,-0.27581918239593506,0.7649064064025879,0.8066890835762024,0.6475615501403809,-0.04430723190307617,-0.9082480669021606,0.32158106565475464,-0.8771184682846069,0.2775319516658783,0.605021595954895,0.23914556205272675,1.137636423110962,0.30476197600364685,-0.43802738189697266,0.7334732413291931,-0.5030951499938965,2.7323856353759766,0.4798201322555542,0.8628061413764954,-0.26493239402770996,0.7878625988960266,0.12728744745254517,-0.6396639347076416,1.378501534461975,-0.0996779203414917,-0.20912504196166992,0.6537491083145142,-0.04632389545440674,-0.46929317712783813,0.6906227469444275,0.9597476720809937,-0.4731561541557312,2.107926845550537,2.2851195335388184,-0.9221842288970947,-0.3483993411064148,-0.7200816869735718,-0.41090238094329834
Jake LaRavia,-0.5541304349899292,-0.40684837102890015,0.1841282695531845,1.0111664533615112,1.2716491222381592,-0.6987271308898926,0.8149372935295105,-0.21030062437057495,1.011892557144165,2.175408124923706,-0.4565081000328064,1.7451739311218262,-0.1320819854736328,-0.6777485609054565,4.541194915771484,1.2492988109588623,-0.8647093772888184,-0.3533902168273926,1.1864293813705444,1.8347973823547363,3.0345847606658936,-0.6244413256645203,0.6608285903930664,-0.06546676158905029,-0.49336254596710205,-0.9546537399291992,-0.9210956692695618,-0.5741495490074158,-0.5085198879241943,0.528096079826355,-0.3986999988555908,-0.7699116468429565,-0.2402668595314026,1.69580078125,-0.21158629655838013,-0.7997026443481445,-0.21520870923995972,1.8715142011642456,-0.14528369903564453,-0.9108638763427734,-0.20664793252944946,2.045071840286255,-0.12644976377487183,1.149244785308838,1.2195473909378052,0.9722980260848999,0.01335383765399456,-0.9767465591430664,0.43947675824165344,-0.9781447649002075,0.6671807169914246,1.0539239645004272,0.2662195563316345,0.936538815498352,0.274786114692688,-0.5754106044769287,1.2414461374282837,-0.4656291604042053,4.125255584716797,0.3836844563484192,1.3495060205459595,-0.37826108932495117,1.0035369396209717,-0.09534478187561035,-0.6643117666244507,2.633284568786621,-0.20242440700531006,-0.3903293013572693,0.5227421522140503,-0.10314679145812988,-0.6985007524490356,1.2989581823349,1.0451650619506836,-0.5295020341873169,2.8998475074768066,3.582841396331787,-0.9916496276855469,-0.3735992908477783,-0.9198349714279175,-0.28801965713500977
Zach LaVine,-0.15546488761901855,-0.4450104832649231,-0.2973707914352417,1.0204695463180542,1.2713220119476318,-0.8943079710006714,1.330653190612793,-0.6512789726257324,1.98004949092865,1.2170886993408203,-0.2101261019706726,1.2859095335006714,-0.3038237690925598,-0.5998756885528564,6.370082855224609,-0.03163045644760132,-0.9640669822692871,-0.42909109592437744,0.42487865686416626,2.2034199237823486,4.651463508605957,-0.8365992307662964,-0.10947126150131226,-0.6303437352180481,-0.4172086715698242,-0.9282477498054504,-0.9706429839134216,-0.2700382471084595,-0.6566169261932373,0.8810146450996399,-0.7710153460502625,-0.6372565031051636,0.9667971134185791,2.1290295124053955,-0.45477062463760376,-0.678109347820282,0.4593278765678406,2.802276372909546,0.0810142308473587,-0.9408420920372009,-0.17575544118881226,1.8342170715332031,-0.10240721702575684,0.7742924094200134,1.12310791015625,0.8513109683990479,-0.46357637643814087,-0.9914237260818481,-0.3109469413757324,-0.9953054785728455,0.7107039093971252,1.0531474351882935,-0.45248866081237793,-0.07849693298339844,-0.35527586936950684,-0.6102180480957031,1.8721343278884888,-0.14918696880340576,3.7953038215637207,0.1468333750963211,1.3754630088806152,-0.6448586583137512,0.5298591256141663,-0.6841832399368286,0.1560981273651123,3.5963733196258545,-0.3894006013870239,-0.4942249059677124,0.47223344445228577,-0.1535632610321045,-0.874086320400238,0.8226155638694763,-0.10315120220184326,-0.10978966951370239,2.91798734664917,3.816467523574829,-0.994610071182251,-0.16490912437438965,-0.963666558265686,0.38017037510871887
Damion Lee,-0.6448812484741211,-0.4194095730781555,0.4752555191516876,1.1950308084487915,1.2568923234939575,-0.6466076374053955,0.9609167575836182,-0.006514310836791992,1.046755313873291,2.9410743713378906,-0.5916996002197266,2.3491249084472656,-0.26888859272003174,-0.7860196232795715,4.556234359741211,1.902826189994812,-0.8835179805755615,-0.13545554876327515,1.7435017824172974,1.9730861186981201,3.0740561485290527,-0.4889581799507141,1.0776622295379639,0.08195137977600098,-0.47148358821868896,-0.9756724238395691,-0.9078719019889832,-0.7623730897903442,-0.3354915380477905,0.6321291923522949,-0.12836027145385742,-0.8804226517677307,-0.6059436798095703,1.8102134466171265,0.015002977102994919,-0.8852218985557556,-0.37572020292282104,1.9233348369598389,-0.31044185161590576,-0.9488548040390015,-0.18644511699676514,2.444763422012329,-0.20788896083831787,1.364773154258728,1.3015475273132324,1.4441157579421997,0.33154425024986267,-0.9833275675773621,0.9624195098876953,-0.9791148900985718,0.7104586362838745,1.3252289295196533,0.6843305230140686,1.3804644346237183,0.6807027459144592,-0.6698881983757019,1.3409240245819092,-0.632908284664154,5.040593147277832,0.6193780303001404,1.8540650606155396,-0.05866670608520508,1.4116374254226685,0.2924600839614868,-0.8350628018379211,2.8464629650115967,-0.08650290966033936,-0.3007659912109375,0.8272271752357483,-0.24561703205108643,-0.6243959665298462,1.7316941022872925,1.9065078496932983,-0.6719402074813843,3.4862680435180664,4.0019659996032715,-0.9959240555763245,-0.5821963548660278,-0.9214423298835754,-0.4788147211074829
Alex Len,-0.4635443687438965,-0.3268240690231323,0.5422418117523193,0.7378978729248047,0.4473057687282562,-0.10349655151367188,0.2544688582420349,0.4312642216682434,0.28292155265808105,1.8615303039550781,-0.4470956325531006,1.2626906633377075,-0.2547369599342346,-0.4715527296066284,1.2006045579910278,1.2774593830108643,-0.13109040260314941,-0.25203919410705566,1.0758883953094482,0.6829217672348022,0.47068795561790466,0.4178851842880249,0.8740344643592834,0.3637891709804535,-0.05820971727371216,-0.8467292189598083,-0.3783155083656311,-0.7135698795318604,0.10983492434024811,-0.06106466054916382,0.3884500563144684,-0.7248966693878174,-0.6847105026245117,0.7046499848365784,0.05047747492790222,-0.7846267819404602,-0.3781734108924866,0.3536851108074188,-0.28207576274871826,-0.7494356036186218,-0.07543474435806274,1.3942527770996094,-0.366074800491333,0.9303913116455078,0.8245778679847717,0.7066588401794434,0.10803661495447159,-0.78250652551651,0.5678422451019287,-0.542057454586029,0.19106251001358032,0.514909029006958,0.5565770864486694,1.1227705478668213,0.9744998812675476,-0.510921835899353,0.3171303868293762,-0.5648406744003296,2.541914224624634,0.5190513730049133,0.8382748365402222,0.024628298357129097,1.009030818939209,0.9044569730758667,-0.7093679308891296,0.5803827047348022,0.09118303656578064,-0.06597119569778442,0.6362883448600769,-0.10103100538253784,-0.29703640937805176,1.0034571886062622,1.3075705766677856,-0.6267848610877991,2.0073816776275635,2.0616629123687744,-0.8614546656608582,-0.4798344373703003,-0.3282284736633301,-0.5349544286727905
Kawhi Leonard,0.10060177743434906,-0.42684710025787354,-0.20926827192306519,0.9164826273918152,1.2196784019470215,-0.8728577494621277,1.1984437704086304,-0.5619673132896423,1.7005534172058105,1.1317983865737915,-0.17173981666564941,1.1773349046707153,-0.33973968029022217,-0.5683431029319763,5.527010917663574,0.08060868084430695,-0.9489102959632874,-0.3949589133262634,0.2882419526576996,2.0319063663482666,4.267125129699707,-0.7788171768188477,-0.12381905317306519,-0.6264053583145142,-0.4133049249649048,-0.908173143863678,-0.958085298538208,-0.2233988642692566,-0.588842511177063,0.9622083306312561,-0.7453951239585876,-0.6407923698425293,0.8824185132980347,1.9626044034957886,-0.46774792671203613,-0.6204076409339905,0.4380287528038025,2.682462692260742,0.10807325690984726,-0.9148438572883606,0.055693719536066055,1.8115229606628418,-0.19042378664016724,0.5973483920097351,0.8392577171325684,0.7622589468955994,-0.5124610662460327,-0.9876198172569275,-0.32984471321105957,-0.9927477836608887,0.5008852481842041,0.8121175169944763,-0.4785282611846924,0.10753968358039856,-0.38211268186569214,-0.6037285327911377,1.84442138671875,-0.1799573302268982,3.3652005195617676,0.33472055196762085,1.2017303705215454,-0.6151266694068909,0.6162019968032837,-0.6864228248596191,0.13070616126060486,3.126347064971924,-0.3676859736442566,-0.4130377769470215,0.5939586758613586,-0.059298574924468994,-0.8488801717758179,0.48769649863243103,-0.09979593753814697,-0.16774451732635498,2.8097479343414307,3.448345899581909,-0.9887321591377258,-0.08207392692565918,-0.9470052719116211,0.1801154911518097
Caris LeVert,-0.36449944972991943,-0.39749979972839355,-0.07684290409088135,1.0318609476089478,1.2405201196670532,-0.791546642780304,0.8986170887947083,-0.442150354385376,1.3543280363082886,1.662230372428894,-0.39885419607162476,1.415208101272583,-0.21054667234420776,-0.6232209205627441,5.093836784362793,0.6031829118728638,-0.9147095680236816,-0.39039015769958496,0.7805113196372986,1.901319146156311,3.5408244132995605,-0.7338312864303589,0.32365599274635315,-0.42166197299957275,-0.4502095580101013,-0.9364969730377197,-0.9409578442573547,-0.4030155539512634,-0.5537545084953308,0.5741987824440002,-0.594868540763855,-0.6811864376068115,0.3128824234008789,1.7136331796646118,-0.3893892765045166,-0.7325524091720581,0.016608070582151413,2.101213216781616,-0.038790762424468994,-0.920353889465332,-0.2776333689689636,1.8081811666488647,-0.04714405536651611,1.0102283954620361,1.0959089994430542,0.8936871290206909,-0.19427484273910522,-0.9811314940452576,0.011942598037421703,-0.9872835278511047,0.6560616493225098,0.9315601587295532,-0.02661842107772827,0.43976956605911255,-0.08064615726470947,-0.5337907671928406,1.4467804431915283,-0.2877645492553711,3.6783206462860107,0.2713395655155182,1.2425599098205566,-0.4958055019378662,0.8319717645645142,-0.4356037974357605,-0.3942200541496277,2.85715389251709,-0.25751757621765137,-0.48037439584732056,0.3686515688896179,-0.129672110080719,-0.7877951860427856,1.124539852142334,0.459808886051178,-0.3207041025161743,2.706552267074585,3.4491539001464844,-0.9911856651306152,-0.291892409324646,-0.9396938681602478,-0.008845388889312744
Maxwell Lewis,-0.61570143699646,-0.37654656171798706,0.3902471959590912,1.119909405708313,1.0915716886520386,-0.5258064270019531,0.5298256278038025,0.02182268165051937,0.6567874550819397,2.421823501586914,-0.5016971826553345,1.8081215620040894,-0.2554413676261902,-0.706955075263977,3.4513673782348633,1.6500803232192993,-0.8041263818740845,-0.08016198873519897,1.3846515417099,1.5078374147415161,2.3219268321990967,-0.3953084349632263,0.9814519286155701,0.11026754975318909,-0.4506763219833374,-0.9557638168334961,-0.8712044358253479,-0.6797899007797241,-0.2342621088027954,0.38323187828063965,-0.19973772764205933,-0.8435932397842407,-0.5384218692779541,1.3840276002883911,-0.08892673254013062,-0.8527562618255615,-0.24655890464782715,1.6145284175872803,-0.31297850608825684,-0.9213781356811523,-0.25006985664367676,1.9293028116226196,0.1078338772058487,1.4122480154037476,1.085578203201294,1.3118219375610352,0.2762438952922821,-0.9636511206626892,0.8295873999595642,-0.952552855014801,0.4857136905193329,1.0284547805786133,0.8055441975593567,1.2031311988830566,0.6938347816467285,-0.6223616003990173,0.9512194395065308,-0.5675872564315796,4.056269645690918,0.48705554008483887,1.627967357635498,0.04489485174417496,1.4027000665664673,0.29763004183769226,-0.7747912406921387,1.996565580368042,0.1268281638622284,-0.23806679248809814,0.5323437452316284,-0.07267016172409058,-0.59195876121521,1.6276564598083496,1.6345419883728027,-0.49573469161987305,2.8177387714385986,3.1741580963134766,-0.9869318604469299,-0.5003031492233276,-0.8720403909683228,-0.4704257845878601
Damian Lillard,-0.29440170526504517,-0.4573509693145752,-0.3772105574607849,0.9854342341423035,1.2856589555740356,-0.935197114944458,1.7987303733825684,-0.7347926497459412,2.4904427528381348,1.4055070877075195,-0.18794047832489014,1.5476975440979004,-0.26083922386169434,-0.642551064491272,7.730771541595459,-0.17277300357818604,-0.9796236753463745,-0.493259072303772,0.6344488859176636,2.4464149475097656,5.464021682739258,-0.8963638544082642,-0.22509980201721191,-0.6505739688873291,-0.38156700134277344,-0.9493961334228516,-0.9811999201774597,-0.33836865425109863,-0.760223388671875,1.1686674356460571,-0.8225198984146118,-0.6354166269302368,1.1443610191345215,2.64786434173584,-0.403628408908844,-0.7079348564147949,0.4687094986438751,3.1346774101257324,0.049841221421957016,-0.9565531015396118,-0.20361948013305664,2.050797939300537,-0.23735105991363525,0.5568422675132751,1.500448226928711,0.8782052397727966,-0.5164306163787842,-0.9955623745918274,-0.3086409568786621,-0.9978018403053284,0.9849776029586792,1.3718136548995972,-0.5691746473312378,-0.27493202686309814,-0.4261879324913025,-0.648944079875946,2.2557291984558105,-0.10968369245529175,4.604225158691406,-0.10375797748565674,1.5843929052352905,-0.7318187952041626,0.29530835151672363,-0.6998232007026672,0.19354398548603058,4.531607627868652,-0.5749859809875488,-0.537611722946167,0.5944399833679199,-0.2833383083343506,-0.9042842984199524,0.8829525113105774,-0.22047734260559082,-0.2659732699394226,3.3314993381500244,4.436856269836426,-0.9981427788734436,-0.20656490325927734,-0.977096676826477,0.7016537189483643
Kevon Looney,-0.05570095777511597,-0.4093136787414551,0.34870392084121704,0.3395354151725769,0.5278642773628235,-0.17525595426559448,0.1635657399892807,0.30543601512908936,0.17218877375125885,0.9117041826248169,-0.18419265747070312,0.6176311373710632,-0.16532516479492188,-0.35047024488449097,0.8398520350456238,0.5743516683578491,-0.06688988208770752,-0.4020557999610901,0.40312543511390686,0.7385565638542175,0.6177471280097961,0.13542614877223969,0.2632881700992584,0.15246815979480743,-0.1270114779472351,-0.6580080389976501,-0.37038272619247437,-0.4571825861930847,-0.18577885627746582,0.18055285513401031,0.10633524507284164,-0.4968666434288025,-0.4173400402069092,0.5473411679267883,-0.15780383348464966,-0.39362961053848267,-0.09403151273727417,0.3848237097263336,-0.08207285404205322,-0.532081663608551,0.3425072133541107,1.0339570045471191,-0.47225135564804077,0.3877047002315521,0.3854887783527374,-0.008982539176940918,-0.30584627389907837,-0.7026939988136292,-0.11594104766845703,-0.5610674619674683,0.05582643300294876,0.06191529333591461,-0.15684783458709717,1.057044506072998,0.20432990789413452,-0.35849279165267944,0.4527556896209717,-0.45653408765792847,1.5150203704833984,0.36033785343170166,0.280734658241272,-0.3438175916671753,0.4864526689052582,0.2955940365791321,-0.5085801482200623,0.34478363394737244,-0.2422667145729065,-0.19261956214904785,0.7833647727966309,0.008643933571875095,-0.2908768057823181,-0.09811937808990479,0.3436477482318878,-0.44449448585510254,1.3263213634490967,1.277745008468628,-0.5719409584999084,-0.1675083041191101,-0.32710182666778564,-0.38155287504196167
Brook Lopez,-0.3886212110519409,-0.3945508599281311,-0.045459747314453125,1.3076428174972534,1.4817053079605103,-0.8101028800010681,0.9460954666137695,-0.47223567962646484,1.3465291261672974,1.904815912246704,-0.4808262586593628,1.6721385717391968,-0.21166694164276123,-0.6682636737823486,5.450955390930176,0.8508551716804504,-0.937443733215332,-0.42519015073776245,0.945188581943512,2.160295009613037,3.8557426929473877,-0.7525995969772339,0.4465586841106415,-0.47692108154296875,-0.505996584892273,-0.9574651718139648,-0.9548044800758362,-0.45483648777008057,-0.5143693685531616,0.5095834136009216,-0.6163729429244995,-0.7317390441894531,0.30861955881118774,1.7820631265640259,-0.44912874698638916,-0.797797679901123,-0.034586310386657715,2.275294780731201,-0.06206792593002319,-0.9432406425476074,-0.25322842597961426,2.1101365089416504,-0.016457021236419678,1.2863789796829224,1.2378343343734741,1.1367247104644775,-0.15412414073944092,-0.9880595803260803,0.11913483589887619,-0.9923952221870422,0.5967461466789246,1.0190672874450684,0.12235341966152191,0.6072313189506531,-0.03416794538497925,-0.5745550394058228,1.5478336811065674,-0.3043081760406494,4.047424793243408,0.4013596177101135,1.4369773864746094,-0.4710869789123535,1.0898712873458862,-0.4557613730430603,-0.4496387243270874,3.0702145099639893,-0.12180066108703613,-0.5196516513824463,0.33563509583473206,-0.08446329832077026,-0.8114064931869507,1.4452342987060547,0.7116906642913818,-0.3299283981323242,3.0752105712890625,3.858490467071533,-0.9949842095375061,-0.31863081455230713,-0.9555668830871582,-0.14700740575790405
Kevin Love,-0.7314281463623047,-0.3693251609802246,0.25363460183143616,1.1579573154449463,1.3551747798919678,-0.7195396423339844,0.8227537870407104,-0.11091578006744385,0.9542025923728943,2.8593130111694336,-0.5597695112228394,2.222170114517212,-0.13355767726898193,-0.7614797353744507,5.16254186630249,1.7535892724990845,-0.894646167755127,-0.07033896446228027,1.6690071821212769,1.7635738849639893,3.3146984577178955,-0.6686926484107971,1.117106556892395,0.102907694876194,-0.5698087215423584,-0.9777628779411316,-0.9376662969589233,-0.6791280508041382,-0.4841676950454712,0.5685298442840576,-0.44715946912765503,-0.8760181665420532,-0.41332298517227173,1.8483599424362183,-0.08366942405700684,-0.8779894709587097,-0.2468165159225464,2.2742950916290283,-0.2836505174636841,-0.9467157125473022,-0.42231816053390503,2.247790813446045,0.2565510869026184,1.6634166240692139,1.4943689107894897,1.5143022537231445,0.3835454285144806,-0.9866945147514343,0.85126793384552,-0.9845367670059204,0.8500094413757324,1.3848507404327393,0.7997835278511047,0.9800021052360535,0.5957435369491577,-0.6701644659042358,1.3088425397872925,-0.5482544898986816,5.1003241539001465,0.17718087136745453,2.0038576126098633,-0.1441674828529358,1.4970797300338745,0.14294306933879852,-0.7938451766967773,2.9222235679626465,-0.09065115451812744,-0.35777103900909424,0.3957580029964447,-0.09488493204116821,-0.7153801918029785,2.0517570972442627,1.6295408010482788,-0.5423155426979065,3.3568005561828613,4.111584186553955,-0.9972805976867676,-0.5229930877685547,-0.9411461353302002,-0.3534421920776367
Kyle Lowry,-0.8183927536010742,-0.4525778293609619,0.46612411737442017,1.5171860456466675,1.625832200050354,-0.7944142818450928,1.2143827676773071,-0.15288102626800537,1.3290503025054932,3.700563430786133,-0.6744922995567322,3.0354983806610107,-0.16971588134765625,-0.8586034178733826,6.601572036743164,2.365020513534546,-0.948734700679779,-0.18247878551483154,2.341651201248169,2.4491822719573975,4.1553215980529785,-0.7113008499145508,1.529883623123169,0.12342805415391922,-0.6033127903938293,-0.9929792284965515,-0.9653151035308838,-0.8280813694000244,-0.5270817279815674,0.6519036293029785,-0.350705087184906,-0.9326449036598206,-0.5980275869369507,2.344132423400879,0.09926506131887436,-0.9363567233085632,-0.41861748695373535,2.6793229579925537,-0.36181312799453735,-0.9785447716712952,-0.45964914560317993,2.903336763381958,0.09535723179578781,1.970809817314148,1.9557603597640991,2.011366128921509,0.5423509478569031,-0.9958943724632263,1.268534779548645,-0.9949368238449097,1.1413578987121582,1.846427083015442,0.9407888054847717,1.4377095699310303,0.9237373471260071,-0.7564308643341064,1.6960474252700806,-0.6648749113082886,6.702067852020264,0.33534979820251465,2.545940637588501,-0.09116315841674805,1.7513095140457153,0.361221581697464,-0.8918873071670532,3.9864542484283447,-0.14623624086380005,-0.41857320070266724,0.7824600338935852,-0.31651294231414795,-0.7327223420143127,2.5947611331939697,2.326380491256714,-0.6912620663642883,4.392946243286133,5.35684061050415,-0.9995440244674683,-0.6881996393203735,-0.9727025628089905,-0.4465567469596863
Trey Lyles,-0.6724885702133179,-0.3822445869445801,0.2147807776927948,1.4248627424240112,1.4227421283721924,-0.7535753846168518,0.8434925079345703,-0.34409886598587036,1.1996873617172241,2.655622720718384,-0.5825674533843994,2.147627830505371,-0.17834734916687012,-0.7559736371040344,5.426027297973633,1.5196850299835205,-0.9188412427902222,-0.35639071464538574,1.5976941585540771,2.1388721466064453,3.463172435760498,-0.699897289276123,1.006983757019043,-0.19906330108642578,-0.5020289421081543,-0.9791354537010193,-0.9454701542854309,-0.6690300703048706,-0.5001115202903748,0.37313392758369446,-0.46168065071105957,-0.8342564105987549,-0.29874521493911743,1.846121907234192,-0.24314206838607788,-0.8826976418495178,-0.3229268789291382,2.0909383296966553,-0.2616533041000366,-0.9587609171867371,-0.47986048460006714,2.273120880126953,0.15305735170841217,1.641230583190918,1.579546332359314,1.4985084533691406,0.22578132152557373,-0.988751232624054,0.6813256144523621,-0.9897976517677307,0.8337097764015198,1.3433295488357544,0.6705416440963745,1.0212115049362183,0.5223445296287537,-0.6148213148117065,1.3273069858551025,-0.49939966201782227,4.944321632385254,0.2659301161766052,1.76885986328125,-0.2838283181190491,1.3523571491241455,0.003621008014306426,-0.755500853061676,3.147927761077881,-0.06204509735107422,-0.5020568370819092,0.3941623270511627,-0.22449028491973877,-0.7560837268829346,2.1014227867126465,1.4078528881072998,-0.4836634397506714,3.3653650283813477,4.173863887786865,-0.9973724484443665,-0.5597633123397827,-0.9538801908493042,-0.2755087614059448
Terance Mann,-0.4266684055328369,-0.3731954097747803,0.18391411006450653,1.0984504222869873,1.2417380809783936,-0.6471602320671082,0.5680059194564819,-0.21358925104141235,0.9029043912887573,1.9851737022399902,-0.44392573833465576,1.5699353218078613,-0.22920584678649902,-0.6633200645446777,3.9358139038085938,1.1755443811416626,-0.8475176692008972,-0.3470374345779419,1.0689233541488647,1.7928731441497803,2.807713031768799,-0.5592043399810791,0.5709097385406494,-0.2071225643157959,-0.41725045442581177,-0.9463757276535034,-0.8980742692947388,-0.51988685131073,-0.40375804901123047,0.38037794828414917,-0.4416821599006653,-0.7524569034576416,-0.18239712715148926,1.4604285955429077,-0.31984615325927734,-0.7797074317932129,-0.1784335970878601,1.7784112691879272,-0.15870237350463867,-0.9106379747390747,-0.17837363481521606,1.8601945638656616,-0.05624657869338989,1.2063406705856323,1.0367424488067627,1.0622682571411133,-0.06334227323532104,-0.9710497260093689,0.3185771107673645,-0.9737844467163086,0.4980173408985138,0.8819522857666016,0.2958748936653137,1.0077288150787354,0.25796306133270264,-0.5399116277694702,1.0887341499328613,-0.42288440465927124,3.6325759887695312,0.38633450865745544,1.2662776708602905,-0.29945051670074463,1.135219693183899,-0.1765352487564087,-0.6236296892166138,2.292449474334717,-0.06848359107971191,-0.40563589334487915,0.49865686893463135,-0.02984672784805298,-0.6849932670593262,1.2826372385025024,1.0139518976211548,-0.39157360792160034,2.675095558166504,3.177783489227295,-0.9849219918251038,-0.3959829807281494,-0.9043712615966797,-0.32195401191711426
Tre Mann,-0.27005672454833984,-0.35086458921432495,-0.16108697652816772,0.8436089754104614,1.1879316568374634,-0.7755335569381714,0.8553981184959412,-0.39305591583251953,1.2409114837646484,1.562386155128479,-0.27057409286499023,1.3282443284988403,-0.26436662673950195,-0.5971473455429077,4.701759338378906,0.5761769413948059,-0.9088082909584045,-0.15198445320129395,0.6384893655776978,1.5760585069656372,3.6361141204833984,-0.717828631401062,0.14738327264785767,-0.4012513756752014,-0.4185584783554077,-0.9129239320755005,-0.9313188195228577,-0.2939174771308899,-0.4789331555366516,0.7552235722541809,-0.6962698698043823,-0.7243220806121826,0.4278540313243866,1.672890305519104,-0.3982278108596802,-0.6874406933784485,0.37827184796333313,2.4540326595306396,-0.0547175407409668,-0.904186487197876,-0.0314793586730957,1.7035207748413086,0.07751302421092987,0.9776644706726074,0.8691567778587341,0.9914091229438782,-0.22970139980316162,-0.9801182150840759,-0.028710603713989258,-0.9833791255950928,0.47544771432876587,0.8682742714881897,-0.086087167263031,0.2677711248397827,-0.17663121223449707,-0.5997267961502075,1.4433276653289795,-0.2766508460044861,3.4207026958465576,0.1344471573829651,1.497944712638855,-0.42019641399383545,0.9875495433807373,-0.5100985169410706,-0.24790352582931519,2.609135866165161,-0.2332921028137207,-0.3555415868759155,0.3778943717479706,0.105181023478508,-0.7910844683647156,0.9331576824188232,0.47170233726501465,-0.16688841581344604,2.5845816135406494,3.1585254669189453,-0.9870495200157166,-0.16594213247299194,-0.922355055809021,-0.020705580711364746
Lauri Markkanen,-0.3899332880973816,-0.42110157012939453,-0.2532705068588257,1.1995532512664795,1.3698337078094482,-0.9001962542533875,1.4030203819274902,-0.6544426083564758,1.9288747310638428,1.599439024925232,-0.3621242046356201,1.5577173233032227,-0.19319891929626465,-0.6528631448745728,6.816460132598877,0.15264856815338135,-0.9686474204063416,-0.4367740750312805,0.7187306880950928,2.2465593814849854,4.6688737869262695,-0.8605865240097046,0.10492722690105438,-0.6006114482879639,-0.4998381733894348,-0.9509060978889465,-0.9753034710884094,-0.37314945459365845,-0.6902792453765869,0.8100181221961975,-0.7347865104675293,-0.6570069789886475,0.7890698909759521,2.2057876586914062,-0.47142457962036133,-0.7593462467193604,0.27484479546546936,2.6313185691833496,-0.042031049728393555,-0.9573931097984314,-0.41689783334732056,2.099817991256714,0.02338530123233795,1.0397822856903076,1.452598214149475,0.932438850402832,-0.3385136127471924,-0.9926891326904297,-0.08435916900634766,-0.9961310029029846,0.8205913305282593,1.21533203125,-0.23363947868347168,-0.06311005353927612,-0.2329229712486267,-0.6224128007888794,1.9057393074035645,-0.19288194179534912,4.327240943908691,0.13721422851085663,1.519745945930481,-0.6286429762840271,0.6765807271003723,-0.6009578108787537,-0.09392952919006348,3.787062168121338,-0.32275962829589844,-0.5639289617538452,0.27568235993385315,-0.1912848949432373,-0.8892500400543213,1.3525391817092896,0.10666251182556152,-0.2538990378379822,3.1386144161224365,4.194190979003906,-0.9975169897079468,-0.23795998096466064,-0.9710463881492615,0.3619866669178009
Naji Marshall,0.01787404529750347,-0.3274924159049988,-0.019100427627563477,0.9599726796150208,1.2136138677597046,-0.7493277788162231,0.726385235786438,-0.47117745876312256,1.2474843263626099,1.2469569444656372,-0.3247916102409363,1.1025255918502808,-0.23043817281723022,-0.52620530128479,4.2039713859558105,0.29120302200317383,-0.8768130540847778,-0.548277735710144,0.5332449674606323,1.8255680799484253,3.2206485271453857,-0.6881150007247925,-0.07520067691802979,-0.4889026880264282,-0.2998884916305542,-0.891786515712738,-0.9015248417854309,-0.2106078863143921,-0.5334737300872803,0.5353125929832458,-0.6117756366729736,-0.5005145072937012,0.37839275598526,1.543428897857666,-0.5154964923858643,-0.6066083312034607,0.019990915432572365,1.7649905681610107,0.03255852684378624,-0.8836729526519775,-0.022521615028381348,1.6485499143600464,-0.22445178031921387,0.6356359124183655,0.8480607271194458,0.6174594759941101,-0.39520782232284546,-0.9686084985733032,-0.23743706941604614,-0.9803232550621033,0.3950980603694916,0.5801385641098022,-0.326038658618927,0.5803414583206177,-0.2672475576400757,-0.41831183433532715,1.3027576208114624,-0.20082944631576538,2.877153158187866,0.3235112428665161,0.7534618973731995,-0.5846196413040161,0.6643872857093811,-0.5175548195838928,-0.19447070360183716,2.4847946166992188,-0.33594685792922974,-0.5440379977226257,0.4891592562198639,-0.07473999261856079,-0.7806527018547058,0.5634389519691467,0.047297656536102295,-0.2446063756942749,2.3030753135681152,2.797868013381958,-0.9748928546905518,-0.16077077388763428,-0.9100261926651001,0.04480069875717163
Caleb Martin,-0.3629032373428345,-0.37927675247192383,0.15937332808971405,0.8482558727264404,1.1160385608673096,-0.7135130167007446,0.7555482387542725,-0.18930500745773315,1.0685112476348877,1.8668113946914673,-0.39727717638015747,1.4766429662704468,-0.21824347972869873,-0.655070424079895,4.282072067260742,0.8710222840309143,-0.8510943651199341,-0.3529486060142517,0.9461836218833923,1.700255274772644,2.9724748134613037,-0.6211073398590088,0.3832245171070099,-0.2416691780090332,-0.45587629079818726,-0.9345253705978394,-0.9048078060150146,-0.4747607707977295,-0.5182381868362427,0.6428534388542175,-0.4496229887008667,-0.719088613986969,-0.10520267486572266,1.6520248651504517,-0.29644787311553955,-0.7222714424133301,-0.17545658349990845,1.9039621353149414,-0.08046871423721313,-0.8887022733688354,-0.1594974398612976,1.8144947290420532,-0.22099077701568604,0.8757083415985107,0.9707122445106506,0.761690616607666,-0.17353641986846924,-0.9695789217948914,0.1494632065296173,-0.9751086235046387,0.6479493975639343,0.8773191571235657,0.02112792804837227,0.8339069485664368,0.09339751303195953,-0.5482181310653687,1.2569257020950317,-0.4162951111793518,3.6315970420837402,0.3544537425041199,1.0586422681808472,-0.4372703433036804,0.8318362832069397,-0.2848781943321228,-0.5855795741081238,2.4431676864624023,-0.2651199698448181,-0.4285489320755005,0.5506060719490051,-0.10693442821502686,-0.7089781761169434,0.9227639436721802,0.6566605567932129,-0.4619995951652527,2.6104860305786133,3.190030813217163,-0.9850084185600281,-0.3258013129234314,-0.9098322987556458,-0.17788028717041016
Cody Martin,-0.522215723991394,-0.38015514612197876,0.22836874425411224,1.1583716869354248,1.3121951818466187,-0.7130087614059448,0.7170559167861938,-0.20716488361358643,0.9774017930030823,2.281078338623047,-0.500114917755127,1.831636905670166,-0.23427116870880127,-0.7149115800857544,4.537787437438965,1.348829746246338,-0.881429135799408,-0.27512234449386597,1.2644039392471313,1.8841956853866577,3.1385536193847656,-0.618804931640625,0.7164301872253418,-0.1883080005645752,-0.48013758659362793,-0.9621389508247375,-0.9189300537109375,-0.5838656425476074,-0.4690970182418823,0.5019946694374084,-0.45334047079086304,-0.8003698587417603,-0.2525268793106079,1.6822876930236816,-0.26830947399139404,-0.8165985345840454,-0.2308914065361023,1.9824848175048828,-0.17623227834701538,-0.9310451745986938,-0.30349618196487427,2.0445094108581543,0.008065340109169483,1.3284294605255127,1.1700553894042969,1.2276854515075684,0.008205365389585495,-0.9807038903236389,0.43902307748794556,-0.9825925230979919,0.6320772171020508,1.0626541376113892,0.38392502069473267,1.0168532133102417,0.35144343972206116,-0.5918980240821838,1.262794017791748,-0.4485388398170471,4.198805332183838,0.36572614312171936,1.4806157350540161,-0.27990245819091797,1.282121181488037,-0.12522828578948975,-0.6916096806526184,2.6287407875061035,-0.12310224771499634,-0.425937294960022,0.5378172993659973,-0.05876356363296509,-0.7139672636985779,1.4845186471939087,1.162240982055664,-0.47411733865737915,3.0230307579040527,3.5873355865478516,-0.9925776720046997,-0.4632191061973572,-0.9275103211402893,-0.3454679250717163
Jaylen Martin,-0.5039535760879517,-0.41525912284851074,0.4309813976287842,0.9606491923332214,1.174251914024353,-0.5795794725418091,0.6721393465995789,0.09671700745820999,0.5536261200904846,2.152369976043701,-0.4560530185699463,1.7415579557418823,-0.2342766523361206,-0.6772715449333191,3.2955427169799805,1.517972469329834,-0.8129810094833374,-0.05985778570175171,1.1077826023101807,1.5446149110794067,2.4173619747161865,-0.37702667713165283,0.7847488522529602,0.09952940791845322,-0.4894753694534302,-0.9352622628211975,-0.8573269248008728,-0.6343668103218079,-0.26662397384643555,0.5329161286354065,-0.17228937149047852,-0.8143263459205627,-0.4875926375389099,1.3488962650299072,-0.1070508360862732,-0.78485506772995,-0.1352783441543579,1.5474071502685547,-0.24758470058441162,-0.8988602161407471,0.011682018637657166,2.02192759513855,-0.11075371503829956,1.2084306478500366,0.8981814384460449,1.040297031402588,0.1068548858165741,-0.9614007472991943,0.6337268948554993,-0.9504649639129639,0.3482730984687805,0.8481424450874329,0.4289877712726593,1.1611624956130981,0.4789368510246277,-0.6328220367431641,1.0795955657958984,-0.5317158102989197,3.781064510345459,0.6131103038787842,1.5306968688964844,-0.046655356884002686,1.3166099786758423,0.10310737788677216,-0.7157202959060669,1.9033321142196655,0.02847279980778694,-0.20094484090805054,0.7219685912132263,0.0590285062789917,-0.5890474319458008,1.1560630798339844,1.4080755710601807,-0.5529569387435913,2.773899793624878,3.0972466468811035,-0.9820418953895569,-0.4002659320831299,-0.8520652055740356,-0.5124152898788452
Tyrese Martin,-0.6367051005363464,-0.37239402532577515,0.11869259923696518,1.366998314857483,1.4897147417068481,-0.781091570854187,0.9317700266838074,-0.2968282103538513,1.136175274848938,2.58455491065979,-0.5267093777656555,2.12174391746521,-0.18254947662353516,-0.7729523181915283,5.573779582977295,1.4411557912826538,-0.9360343813896179,-0.1647675633430481,1.5058422088623047,2.0824692249298096,3.7804651260375977,-0.73112553358078,0.844953715801239,-0.24361485242843628,-0.5741541981697083,-0.9776819348335266,-0.9564883708953857,-0.6092194318771362,-0.5064032077789307,0.5307464599609375,-0.5605499744415283,-0.8509413003921509,-0.11626732349395752,1.8765891790390015,-0.2895268201828003,-0.8678881525993347,-0.09459400177001953,2.4590718746185303,-0.22409433126449585,-0.9594948291778564,-0.4109233617782593,2.309889316558838,0.20890313386917114,1.7275112867355347,1.4782323837280273,1.4991637468338013,0.1583804190158844,-0.9902492761611938,0.6210266351699829,-0.9917305111885071,0.798519492149353,1.3389497995376587,0.6160025000572205,0.8451095819473267,0.4570406675338745,-0.6777600049972534,1.4450533390045166,-0.43767011165618896,4.902078151702881,0.24637152254581451,1.966163992881775,-0.22469455003738403,1.4759432077407837,-0.18973511457443237,-0.7009703516960144,3.1448421478271484,0.051183342933654785,-0.44081586599349976,0.35616371035575867,-0.017247915267944336,-0.7780455946922302,2.1044328212738037,1.3745092153549194,-0.4409029483795166,3.3316712379455566,4.225775241851807,-0.9978034496307373,-0.45744097232818604,-0.9597598314285278,-0.29857969284057617
Garrison Mathews,-0.8357239961624146,-0.4797428250312805,0.20989501476287842,1.5157201290130615,1.692407250404358,-0.8372955322265625,1.2569729089736938,-0.39194250106811523,1.5097311735153198,3.335878610610962,-0.6386848092079163,2.7483201026916504,0.031860336661338806,-0.8400425910949707,7.376637935638428,1.815069556236267,-0.960792601108551,-0.388733446598053,2.1426360607147217,2.6457138061523438,4.437068462371826,-0.819926917552948,1.2752711772918701,-0.004759550094604492,-0.6027874946594238,-0.9919819831848145,-0.9780207872390747,-0.7622695565223694,-0.6974111795425415,0.47564616799354553,-0.4786514639854431,-0.8912743926048279,-0.29642051458358765,2.3742425441741943,-0.08064854145050049,-0.9183932542800903,-0.2931443452835083,2.6140072345733643,-0.3531345725059509,-0.980158805847168,-0.6010550260543823,2.770843505859375,0.22753819823265076,2.0005710124969482,2.2813804149627686,1.6675822734832764,0.4327441453933716,-0.9959647059440613,1.028449535369873,-0.9967160224914551,1.2989356517791748,1.8459829092025757,0.756022572517395,0.9817931652069092,0.6877028346061707,-0.7069944739341736,1.706430435180664,-0.5688702464103699,6.4961371421813965,0.031132742762565613,2.3989057540893555,-0.37091487646102905,1.3787109851837158,0.1606253981590271,-0.8210510015487671,4.290250301361084,-0.2100849151611328,-0.5461764335632324,0.48566296696662903,-0.3144870400428772,-0.7973163723945618,2.750739336013794,1.7891995906829834,-0.6167533993721008,4.040538787841797,5.4296674728393555,-0.9996681213378906,-0.6155263185501099,-0.9810577034950256,-0.15061259269714355
Bennedict Mathurin,-0.07515376806259155,-0.40483784675598145,-0.17598140239715576,0.7757081389427185,1.122509479522705,-0.8472391963005066,1.1859854459762573,-0.5729759335517883,1.6623581647872925,1.1136791706085205,-0.2573806643486023,1.1314328908920288,-0.2143852710723877,-0.5017010569572449,5.30890417098999,0.033952973783016205,-0.9264387488365173,-0.5180597305297852,0.36425402760505676,1.937836766242981,3.882004976272583,-0.7734402418136597,-0.14053422212600708,-0.5269654989242554,-0.34278690814971924,-0.8844045996665955,-0.9413034915924072,-0.2455744743347168,-0.6335129737854004,0.8526499271392822,-0.6592485904693604,-0.48830974102020264,0.6427767276763916,1.9090018272399902,-0.4221683144569397,-0.5811759233474731,0.19458024203777313,2.122274398803711,0.12743598222732544,-0.8877275586128235,-0.01438295841217041,1.70420241355896,-0.295795202255249,0.38498666882514954,0.930824875831604,0.48687177896499634,-0.4446837902069092,-0.9800677299499512,-0.30291372537612915,-0.9885720014572144,0.5594754815101624,0.7626925110816956,-0.5073742270469666,0.15233007073402405,-0.3981335759162903,-0.49111276865005493,1.6816655397415161,-0.16068649291992188,3.2561047077178955,0.2720736563205719,0.9058493375778198,-0.6634487509727478,0.31861451268196106,-0.5842136144638062,0.0298165176063776,3.089944839477539,-0.4958100914955139,-0.5064529180526733,0.556685745716095,-0.19754517078399658,-0.8160039782524109,0.3223422169685364,-0.19283413887023926,-0.33278489112854004,2.565694808959961,3.2440552711486816,-0.9866837859153748,-0.09880375862121582,-0.9355749487876892,0.2710459530353546
Karlo Matković,-0.13408762216567993,-0.4044871926307678,0.19947440922260284,0.851909339427948,1.0614519119262695,-0.4924333095550537,0.3510633409023285,-0.15761250257492065,0.6977766752243042,1.3726547956466675,-0.37460583448410034,1.0681990385055542,-0.2430991530418396,-0.5256143808364868,2.712116003036499,0.7726514339447021,-0.7193807363510132,-0.44806522130966187,0.5752038955688477,1.4706604480743408,2.048025608062744,-0.387098491191864,0.24673940241336823,-0.2531026601791382,-0.28323590755462646,-0.8510850667953491,-0.7982370257377625,-0.43155497312545776,-0.30780142545700073,0.2170259654521942,-0.2605016827583313,-0.5756750702857971,-0.2049041986465454,1.054092526435852,-0.40282613039016724,-0.6184885501861572,-0.12334305047988892,1.0788296461105347,-0.16279351711273193,-0.8410529494285583,0.058666154742240906,1.538651704788208,-0.23571354150772095,0.7781492471694946,0.6662754416465759,0.5844950675964355,-0.1890580654144287,-0.9239069223403931,0.055164724588394165,-0.929068922996521,0.20916134119033813,0.45209580659866333,0.023039957508444786,0.9417600631713867,0.008577531203627586,-0.3996865153312683,0.8900458812713623,-0.41931629180908203,2.4632771015167236,0.557659387588501,0.7473629117012024,-0.35969626903533936,0.8277556896209717,-0.19872522354125977,-0.4574889540672302,1.5217311382293701,-0.12343519926071167,-0.42295408248901367,0.5638351440429688,-0.03976476192474365,-0.6232150793075562,0.571523129940033,0.6620907783508301,-0.30700284242630005,2.0503251552581787,2.31821870803833,-0.9247402548789978,-0.29950380325317383,-0.8077270984649658,-0.2863349914550781
Tyrese Maxey,0.053540799766778946,-0.43824684619903564,-0.30671048164367676,0.9797960519790649,1.0607792139053345,-0.9232471585273743,1.4993414878845215,-0.7411359548568726,2.159029722213745,0.849727988243103,-0.08802515268325806,1.175919532775879,-0.3750324249267578,-0.552639901638031,6.452316761016846,-0.34781426191329956,-0.9701017141342163,-0.4690623879432678,0.2658815383911133,2.078148126602173,4.735518932342529,-0.8609155416488647,-0.3018571138381958,-0.708568274974823,-0.27673089504241943,-0.8899989724159241,-0.9671325087547302,-0.11784839630126953,-0.6869841814041138,1.0159831047058105,-0.8055402040481567,-0.5279547572135925,1.238770604133606,2.2445216178894043,-0.4647635817527771,-0.6044910550117493,0.562437891960144,2.7473461627960205,0.06614950299263,-0.9321568012237549,-0.10875749588012695,1.6642557382583618,-0.14136475324630737,0.3291704058647156,1.079583764076233,0.7894341349601746,-0.5196295976638794,-0.9905640482902527,-0.4969269633293152,-0.9957568645477295,0.5750272274017334,1.0151258707046509,-0.6078388690948486,-0.390921950340271,-0.5102757215499878,-0.5749251842498779,1.9501097202301025,0.0292641744017601,3.541722297668457,-0.04622143507003784,1.2677949666976929,-0.6982340812683105,0.39699873328208923,-0.7193998098373413,0.5221220254898071,3.7062766551971436,-0.516113817691803,-0.5323076844215393,0.5046993494033813,-0.19593572616577148,-0.8912447690963745,0.592589795589447,-0.39068323373794556,0.005610071122646332,2.856452465057373,3.485717296600342,-0.9929766654968262,-0.12316638231277466,-0.9587720632553101,0.6771975755691528
Miles McBride,-0.6210625767707825,-0.35252219438552856,0.06851473450660706,1.2777884006500244,1.47434663772583,-0.7981493473052979,0.9515351057052612,-0.31236839294433594,1.238290786743164,2.6214582920074463,-0.5248543620109558,2.1463160514831543,-0.22335201501846313,-0.7682939767837524,5.750002861022949,1.4226748943328857,-0.9415473341941833,-0.08744525909423828,1.4499214887619019,2.0315141677856445,3.995361089706421,-0.7439466714859009,0.8517965078353882,-0.2801089286804199,-0.5719113349914551,-0.9785502552986145,-0.9599769115447998,-0.5983700156211853,-0.4969545602798462,0.6261931657791138,-0.6236456036567688,-0.8643068075180054,-0.05940777063369751,1.9528167247772217,-0.29222220182418823,-0.8631162047386169,-0.05432391166687012,2.7128372192382812,-0.21232211589813232,-0.9607659578323364,-0.39303070306777954,2.299408197402954,0.2468823939561844,1.723570704460144,1.4294100999832153,1.582684874534607,0.1459280401468277,-0.9919000864028931,0.59488445520401,-0.9927380084991455,0.8093884587287903,1.3737049102783203,0.5767478942871094,0.7642359137535095,0.36652031540870667,-0.6956868171691895,1.4977694749832153,-0.4565466046333313,5.009626388549805,0.1667768359184265,2.0808911323547363,-0.21988707780838013,1.5195531845092773,-0.26956045627593994,-0.6880041360855103,3.241804599761963,-0.03131133317947388,-0.40403109788894653,0.34988048672676086,-0.032314181327819824,-0.7928241491317749,2.0595643520355225,1.3715436458587646,-0.40918195247650146,3.4364755153656006,4.30131721496582,-0.9978988766670227,-0.47938287258148193,-0.9605234861373901,-0.2600604295730591
Jared McCain,-0.3759675621986389,-0.357138991355896,-0.19407618045806885,1.1276822090148926,1.327736258506775,-0.8450011610984802,1.1018227338790894,-0.5519582033157349,1.6153748035430908,1.714879035949707,-0.3521875739097595,1.511582374572754,-0.2170865535736084,-0.639107346534729,5.780900955200195,0.48859646916389465,-0.9462756514549255,-0.3823605179786682,0.8447808027267456,2.044471025466919,4.161743640899658,-0.8011050224304199,0.18224157392978668,-0.4917272925376892,-0.43287360668182373,-0.9510699510574341,-0.9580883383750916,-0.3717426061630249,-0.5913673639297485,0.7288652658462524,-0.7277788519859314,-0.7008785605430603,0.5535289645195007,1.9747254848480225,-0.42576634883880615,-0.764779806137085,0.18187715113162994,2.5144333839416504,-0.06801438331604004,-0.9412174224853516,-0.23610472679138184,1.9365202188491821,-0.007081151008605957,1.0618438720703125,1.2864928245544434,1.0697835683822632,-0.294201135635376,-0.9889724850654602,0.008320125751197338,-0.9926431179046631,0.692042887210846,1.0907702445983887,-0.09076392650604248,0.28751516342163086,-0.1299145221710205,-0.596247136592865,1.6329097747802734,-0.22222435474395752,4.050818920135498,0.08772087842226028,1.5089787244796753,-0.5389477014541626,0.8635696172714233,-0.5227264761924744,-0.28410422801971436,3.331148147583008,-0.28810518980026245,-0.4778135418891907,0.3475569486618042,-0.08540648221969604,-0.8375873565673828,1.280640959739685,0.3830115795135498,-0.26120829582214355,2.9380133152008057,3.7648539543151855,-0.9952187538146973,-0.2615886926651001,-0.9554186463356018,0.13368895649909973
CJ McCollum,-0.20898866653442383,-0.39372754096984863,-0.2488107681274414,1.1329597234725952,1.2734146118164062,-0.8942804932594299,1.250290036201477,-0.6231979131698608,1.7751795053482056,1.3717654943466187,-0.2476755976676941,1.3386722803115845,-0.32315367460250854,-0.6179031729698181,6.194374084472656,0.13396033644676208,-0.9621512293815613,-0.31450796127319336,0.4956931471824646,2.0023343563079834,4.505439758300781,-0.8335822820663452,0.09050456434488297,-0.6359000205993652,-0.49108773469924927,-0.9376211762428284,-0.9701257944107056,-0.2851278781890869,-0.6225313544273376,0.887948215007782,-0.7793627977371216,-0.7033739686012268,0.8822391629219055,2.0770413875579834,-0.4663773775100708,-0.7306646108627319,0.44576728343963623,2.854957103729248,0.01978488080203533,-0.9443570971488953,-0.3131701946258545,1.8560365438461304,0.16134211421012878,0.9592744708061218,1.100881576538086,1.0656123161315918,-0.408237099647522,-0.9916825890541077,-0.1947726011276245,-0.9950342178344727,0.6700870990753174,1.0472756624221802,-0.2580031156539917,-0.08052283525466919,-0.2439090609550476,-0.6404933929443359,1.8740252256393433,-0.16635513305664062,3.8664841651916504,0.1690102070569992,1.5036345720291138,-0.5844030380249023,0.8488787412643433,-0.6604557633399963,0.018729202449321747,3.3975164890289307,-0.28855013847351074,-0.4520227909088135,0.3431988060474396,-0.0835486650466919,-0.8811715245246887,1.0883030891418457,0.025592684745788574,-0.07410717010498047,2.982221841812134,3.7810237407684326,-0.9952005743980408,-0.1827114224433899,-0.9618580937385559,0.25617390871047974
T.J. McConnell,-0.011596083641052246,-0.449116587638855,0.409116268157959,0.5800104141235352,1.1076266765594482,-0.5062319040298462,0.3931475877761841,0.19826175272464752,0.3806961178779602,1.3050094842910767,-0.1712557077407837,1.1205716133117676,-0.24285459518432617,-0.5664826035499573,2.3015878200531006,0.9541304111480713,-0.6730742454528809,-0.32614433765411377,0.5180961489677429,1.4714065790176392,2.045518159866333,-0.24900758266448975,0.26168790459632874,-0.04645121097564697,-0.3405907154083252,-0.8405412435531616,-0.7561736106872559,-0.3673846125602722,-0.33823275566101074,0.4785599708557129,-0.3168681859970093,-0.6913843154907227,-0.1730128526687622,0.9973114728927612,-0.22589027881622314,-0.45268958806991577,0.13260741531848907,1.4505631923675537,-0.09066301584243774,-0.7451457977294922,0.5316324830055237,1.5807088613510132,-0.3374660611152649,0.6473722457885742,0.4344884753227234,0.45437100529670715,-0.266385555267334,-0.9245449900627136,-0.08549541234970093,-0.915993869304657,0.19218790531158447,0.34752118587493896,-0.30866920948028564,1.1386476755142212,-0.04985368251800537,-0.49571067094802856,0.9117191433906555,-0.4514927268028259,2.426030158996582,0.4426090121269226,0.8596851229667664,-0.3424457311630249,0.845376193523407,-0.3213955760002136,-0.4744553565979004,1.334708571434021,-0.2039538025856018,-0.22875261306762695,0.9758304953575134,0.17695289850234985,-0.4950653910636902,0.17537397146224976,0.6009451150894165,-0.37837374210357666,1.9315608739852905,2.1905007362365723,-0.9005643129348755,-0.1583082675933838,-0.7540767788887024,-0.385387659072876
Jaden McDaniels,-0.11987727880477905,-0.3469173312187195,0.018229274079203606,1.0073131322860718,1.234564185142517,-0.7350000143051147,0.6939361691474915,-0.3625810742378235,1.1252281665802002,1.5225741863250732,-0.39242756366729736,1.2709237337112427,-0.2626594305038452,-0.600991427898407,4.2518815994262695,0.5705181956291199,-0.889033854007721,-0.3869253396987915,0.639561653137207,1.7758907079696655,3.2283287048339844,-0.6602522134780884,0.17807239294052124,-0.4608050584793091,-0.4211353063583374,-0.915254533290863,-0.9174166917800903,-0.316964328289032,-0.45667481422424316,0.5364187955856323,-0.5662776231765747,-0.6490957736968994,0.23975220322608948,1.4916563034057617,-0.4853692054748535,-0.6751680374145508,0.03681479021906853,1.9463107585906982,-0.01667308807373047,-0.9065428972244263,-0.1257091760635376,1.753662347793579,-0.10527342557907104,0.9589950442314148,0.8169069290161133,0.8113424181938171,-0.2647496461868286,-0.9723140001296997,-0.057632267475128174,-0.9814364910125732,0.4178474247455597,0.6757049560546875,-0.07376497983932495,0.6241347193717957,-0.12848389148712158,-0.5162562131881714,1.3000061511993408,-0.2835729122161865,3.1745986938476562,0.4255315363407135,1.0643984079360962,-0.4443667531013489,0.9447007179260254,-0.47369587421417236,-0.3532349467277527,2.380974292755127,-0.16425997018814087,-0.48331427574157715,0.41042810678482056,-0.02109849452972412,-0.7690463066101074,0.8949309587478638,0.4312763810157776,-0.2630500793457031,2.4847307205200195,3.016387939453125,-0.9818507432937622,-0.23436832427978516,-0.9193117022514343,-0.1289774775505066
Doug McDermott,-0.8920083045959473,-0.4863693118095398,0.6544740796089172,1.7389981746673584,1.7341187000274658,-0.7672093510627747,0.9747652411460876,-0.07427680492401123,0.9693291187286377,3.9212863445281982,-0.6989580988883972,3.1423685550689697,-0.13491737842559814,-0.861510157585144,6.363338470458984,2.855515480041504,-0.9459928870201111,-0.09237319231033325,2.5091686248779297,2.4860994815826416,3.8451662063598633,-0.6547795534133911,2.0317065715789795,0.4543844759464264,-0.6510006189346313,-0.9956506490707397,-0.9705199599266052,-0.8685184717178345,-0.480116069316864,0.3997950553894043,-0.29596245288848877,-0.9544512033462524,-0.6896203756332397,2.196269989013672,0.30145972967147827,-0.9547248482704163,-0.4134809374809265,2.5830469131469727,-0.45373135805130005,-0.9846189022064209,-0.5721042156219482,2.892465829849243,0.5520545840263367,2.5241775512695312,2.180561065673828,2.3682897090911865,0.7194222211837769,-0.9961638450622559,1.6771005392074585,-0.9941390752792358,1.084053874015808,1.91138756275177,1.3733547925949097,1.7039810419082642,1.3644589185714722,-0.7924606800079346,1.4611083269119263,-0.6908044219017029,7.162367343902588,0.27073541283607483,2.99434757232666,0.2358514666557312,2.145481586456299,0.7332261204719543,-0.9220635890960693,3.775958776473999,0.09057523310184479,-0.28249233961105347,0.7549848556518555,-0.25620174407958984,-0.6889697313308716,3.1115317344665527,2.8212931156158447,-0.6711403131484985,4.580728530883789,5.516955375671387,-0.9996573328971863,-0.7473032474517822,-0.9711213111877441,-0.5805847644805908
Jordan McLaughlin,-0.8197829723358154,-0.44392144680023193,0.5529391169548035,1.3279988765716553,1.416463017463684,-0.6258498430252075,0.8665531873703003,0.05292682722210884,1.0127880573272705,3.5481743812561035,-0.6273283958435059,2.7677831649780273,-0.1996738314628601,-0.8233717679977417,4.998338222503662,2.5584423542022705,-0.8751406669616699,-0.1356450319290161,2.28733491897583,2.1454646587371826,3.160600423812866,-0.5008834004402161,1.5377079248428345,0.5584483742713928,-0.4823269844055176,-0.989944338798523,-0.920387327671051,-0.8305955529212952,-0.40549319982528687,0.506182849407196,-0.20887351036071777,-0.9267545938491821,-0.7076941728591919,2.030211925506592,0.3447056710720062,-0.9313461184501648,-0.4928324222564697,2.159771680831909,-0.3965030908584595,-0.9609149694442749,-0.28954124450683594,2.5607523918151855,-0.024792730808258057,1.7970995903015137,1.7725062370300293,1.9082512855529785,0.5323299169540405,-0.9901086688041687,1.328531265258789,-0.9824270606040955,0.9590306878089905,1.7267643213272095,1.0074902772903442,1.7394050359725952,1.0668413639068604,-0.7038706541061401,1.1777796745300293,-0.6899706721305847,6.0231828689575195,0.3020438849925995,2.2802605628967285,0.0324091836810112,1.6696969270706177,0.6628881692886353,-0.9041157960891724,3.2354342937469482,-0.14469683170318604,-0.21500593423843384,0.8922498226165771,-0.23482656478881836,-0.5632119178771973,2.2804298400878906,2.486337423324585,-0.7126028537750244,3.9693334102630615,4.575091361999512,-0.998248815536499,-0.6947222352027893,-0.9309708476066589,-0.5558592677116394
Sam Merrill,-0.8721456527709961,-0.4744188189506531,0.24993079900741577,1.809307336807251,1.869438648223877,-0.8071861863136292,1.0288640260696411,-0.3471769094467163,1.0356130599975586,3.4378128051757812,-0.64948570728302,2.8216705322265625,-0.008703351020812988,-0.8419150114059448,6.802685260772705,2.2965450286865234,-0.9585728645324707,-0.19411951303482056,2.223330020904541,2.5619499683380127,4.185792446136475,-0.7887636423110962,1.5572394132614136,0.14638665318489075,-0.619591236114502,-0.993185818195343,-0.9754167199134827,-0.7849439382553101,-0.597821831703186,0.23706769943237305,-0.537943422794342,-0.9176440238952637,-0.36383557319641113,2.1464757919311523,-0.03276097774505615,-0.940302848815918,-0.1810317039489746,2.532262086868286,-0.46024489402770996,-0.9833458662033081,-0.6052941083908081,2.773695230484009,0.6301784515380859,2.536926507949829,2.339581251144409,2.1381924152374268,0.5395391583442688,-0.9961912631988525,1.2804585695266724,-0.9961043000221252,1.034461259841919,1.8436039686203003,1.2188198566436768,1.1479345560073853,0.9843575358390808,-0.7422291040420532,1.5301743745803833,-0.5412715673446655,6.481966972351074,-0.007885277271270752,2.8751776218414307,-0.08008378744125366,1.9589744806289673,0.38562220335006714,-0.8364821672439575,3.869136095046997,0.12465185672044754,-0.4623628258705139,0.4014893174171448,-0.046725690364837646,-0.7734676599502563,3.180683135986328,2.2400457859039307,-0.5435627102851868,4.1701531410217285,5.357316493988037,-0.9996576905250549,-0.6464048027992249,-0.9776052236557007,-0.4187925457954407
Vasilije Micić,-0.6586260199546814,-0.36638712882995605,0.2094118297100067,1.0206300020217896,1.3207217454910278,-0.7565163373947144,0.9967736005783081,-0.07627880573272705,0.8937473893165588,2.620767593383789,-0.479175329208374,2.2042479515075684,-0.21048974990844727,-0.7608107328414917,4.976677417755127,1.7402100563049316,-0.9152907133102417,0.20271240174770355,1.4758973121643066,1.813344120979309,3.5233590602874756,-0.6339982748031616,0.9491217136383057,0.03437327221035957,-0.579016923904419,-0.9716266393661499,-0.9368335008621216,-0.6457631587982178,-0.43179529905319214,0.7617133259773254,-0.4990585446357727,-0.8779566287994385,-0.3070821166038513,1.8585087060928345,-0.010011017322540283,-0.8495090007781982,-0.055490195751190186,2.503577709197998,-0.1937875747680664,-0.936354398727417,-0.21827256679534912,2.2554752826690674,0.11034588515758514,1.5626075267791748,1.2342685461044312,1.4694355726242065,0.23359797894954681,-0.9874657392501831,0.7283723950386047,-0.9855960607528687,0.7092824578285217,1.3354498147964478,0.5331596732139587,0.9148628115653992,0.5133187174797058,-0.7190746665000916,1.3823858499526978,-0.48443228006362915,4.8565802574157715,0.2231443226337433,2.114560842514038,-0.028465330600738525,1.4799593687057495,-0.05809903144836426,-0.7462571859359741,2.8521854877471924,-0.048924386501312256,-0.2170277237892151,0.5628110766410828,0.09328337758779526,-0.6800532341003418,1.7520911693572998,1.5625635385513306,-0.55117267370224,3.3101918697357178,4.024990081787109,-0.9967218637466431,-0.45498669147491455,-0.9374964237213135,-0.43900465965270996
Khris Middleton,-0.42988449335098267,-0.4085932970046997,0.017955753952264786,1.0879108905792236,1.4240803718566895,-0.8312228322029114,1.1688765287399292,-0.44368720054626465,1.5043472051620483,2.1030406951904297,-0.40898239612579346,1.8783930540084839,-0.2420051097869873,-0.7035983204841614,5.77565860748291,0.9667707085609436,-0.940621018409729,-0.37609660625457764,1.0957149267196655,2.2182259559631348,4.159976959228516,-0.7524394392967224,0.39420753717422485,-0.3864988684654236,-0.4702436327934265,-0.9638389945030212,-0.9572206139564514,-0.512451171875,-0.598810076713562,0.8101533651351929,-0.6434240937232971,-0.7840136885643005,0.22619859874248505,2.1144185066223145,-0.3191068172454834,-0.7946304678916931,0.015318971127271652,2.615826368331909,-0.06320816278457642,-0.94040447473526,-0.12746161222457886,2.257481098175049,-0.15902453660964966,1.057681918144226,1.2855795621871948,1.1253478527069092,-0.22040820121765137,-0.9907239675521851,0.190667062997818,-0.9932433366775513,0.7219039797782898,1.2051626443862915,-0.10685116052627563,0.6618471145629883,-0.027536094188690186,-0.6347701549530029,1.6830871105194092,-0.4026538133621216,4.5045342445373535,0.2853810489177704,1.5772382020950317,-0.5115501880645752,0.9746487736701965,-0.4454607367515564,-0.5175341367721558,3.413952350616455,-0.3296489119529724,-0.4403374195098877,0.6370821595191956,-0.11833643913269043,-0.8041273355484009,1.2370115518569946,0.7649827003479004,-0.4586169719696045,3.2990260124206543,4.092036247253418,-0.99615079164505,-0.3378954529762268,-0.9553443193435669,-0.0880081057548523
Brandon Miller,-0.46060192584991455,-0.4271160960197449,-0.2648571729660034,1.3077878952026367,1.4330766201019287,-0.9164222478866577,1.500901699066162,-0.6403325796127319,1.9266963005065918,1.7968710660934448,-0.3334648609161377,1.761691689491272,-0.2675682306289673,-0.7122882008552551,7.20564603805542,0.3675019145011902,-0.9780867695808411,-0.2130976915359497,0.839754581451416,2.2642593383789062,5.030637741088867,-0.869654655456543,0.27566778659820557,-0.6147651672363281,-0.5659406185150146,-0.9644744396209717,-0.9815199375152588,-0.434776246547699,-0.6638755798339844,0.9162096977233887,-0.7822771072387695,-0.7782865166664124,0.8370318412780762,2.304004669189453,-0.4231748580932617,-0.8073911666870117,0.47309839725494385,3.1119227409362793,-0.08734077215194702,-0.9685110449790955,-0.4403914213180542,2.2062201499938965,0.24587251245975494,1.3246235847473145,1.4749832153320312,1.2919812202453613,-0.2877051830291748,-0.995545506477356,0.04132926091551781,-0.9973353743553162,0.8661002516746521,1.3858331441879272,-0.07906866073608398,-0.1279870867729187,-0.09344720840454102,-0.713205873966217,2.0501554012298584,-0.21396327018737793,4.7494893074035645,0.0818311870098114,1.987544298171997,-0.5337884426116943,1.0007450580596924,-0.6247398853302002,-0.17640453577041626,3.9523532390594482,-0.20107793807983398,-0.47926539182662964,0.2967296242713928,-0.09334242343902588,-0.8985198736190796,1.677797794342041,0.37353599071502686,-0.1785929799079895,3.4080207347869873,4.504804611206055,-0.9986032843589783,-0.28015434741973877,-0.9769802093505859,0.25668865442276
Patty Mills,-0.8613142967224121,-0.4548898935317993,0.4397595226764679,1.5797940492630005,1.7384636402130127,-0.769928514957428,1.0892795324325562,-0.1283929944038391,1.0950535535812378,3.900812864303589,-0.6738536357879639,3.14260196685791,-0.14099353551864624,-0.8656256794929504,6.515334606170654,2.6902873516082764,-0.9425177574157715,-0.06190168857574463,2.485743522644043,2.4179465770721436,4.121585369110107,-0.713259220123291,1.6840136051177979,0.3265710175037384,-0.6021150350570679,-0.9942311644554138,-0.9652525782585144,-0.8338030576705933,-0.5381366610527039,0.5404741764068604,-0.4293515086174011,-0.9442161321640015,-0.6081091165542603,2.360051155090332,0.17856331169605255,-0.9477992057800293,-0.36714982986450195,2.7786147594451904,-0.437907338142395,-0.9792924523353577,-0.48500800132751465,2.954641580581665,0.3482227027416229,2.265934467315674,2.1149377822875977,2.2411012649536133,0.6481842994689941,-0.9963526725769043,1.4374011754989624,-0.9948291778564453,1.0925475358963013,1.9823564291000366,1.1808291673660278,1.48966646194458,1.0475521087646484,-0.7670418620109558,1.5651369094848633,-0.6816960573196411,6.8497090339660645,0.16281968355178833,2.8420207500457764,-0.0019585490226745605,2.013615131378174,0.5190145373344421,-0.8977625370025635,3.890298843383789,-0.07456696033477783,-0.36454689502716064,0.7087844610214233,-0.1643059253692627,-0.7176133394241333,2.8920648097991943,2.603989839553833,-0.6724214553833008,4.488463401794434,5.435504913330078,-0.9996094703674316,-0.6997370719909668,-0.9711403250694275,-0.5093802213668823
Shake Milton,-0.5479035377502441,-0.36565089225769043,0.22721949219703674,1.069477915763855,1.2253824472427368,-0.6170733571052551,0.67425936460495,-0.12174737453460693,0.9172917008399963,2.3472037315368652,-0.48011529445648193,1.7753236293792725,-0.17743712663650513,-0.6928828954696655,4.03657865524292,1.3993215560913086,-0.8341809511184692,-0.29548144340515137,1.3395838737487793,1.725604772567749,2.7785346508026123,-0.5535703897476196,0.7031602263450623,-0.006268560886383057,-0.43090295791625977,-0.9584681987762451,-0.8918859362602234,-0.5989032983779907,-0.4045215845108032,0.4871022701263428,-0.38637208938598633,-0.79628986120224,-0.35574400424957275,1.581068515777588,-0.210149884223938,-0.8257399201393127,-0.2658669948577881,1.776023507118225,-0.24455273151397705,-0.9139691591262817,-0.14406704902648926,2.0236599445343018,-0.12341064214706421,1.2060320377349854,1.2164661884307861,1.1251105070114136,0.08332409709692001,-0.9722263216972351,0.5690541863441467,-0.9700181484222412,0.596274733543396,1.0474413633346558,0.49249163269996643,1.0960862636566162,0.38544347882270813,-0.5689201354980469,1.1271004676818848,-0.5025256872177124,4.071804523468018,0.3613314628601074,1.4244917631149292,-0.276086688041687,1.1728243827819824,0.031111110001802444,-0.7137319445610046,2.434954881668091,-0.11123412847518921,-0.3420485258102417,0.5215160846710205,-0.07144039869308472,-0.6608165502548218,1.458873987197876,1.28623628616333,-0.5262938737869263,2.8506217002868652,3.3717358112335205,-0.9895819425582886,-0.418917715549469,-0.8984713554382324,-0.3499128222465515
Ajay Mitchell,-0.3251778483390808,-0.36357688903808594,0.25370296835899353,0.9316233396530151,1.1541894674301147,-0.550711989402771,0.5849277377128601,-0.0926472544670105,0.8581435680389404,1.980501413345337,-0.4359889626502991,1.5229783058166504,-0.23975616693496704,-0.6466150283813477,3.4837710857391357,1.06049644947052,-0.7944372892379761,-0.3516424894332886,1.0369105339050293,1.5203408002853394,2.525573253631592,-0.48714977502822876,0.4556892216205597,-0.18956410884857178,-0.39532971382141113,-0.9216766953468323,-0.8537140488624573,-0.5249437093734741,-0.32874494791030884,0.4366796612739563,-0.3089289665222168,-0.7446562051773071,-0.3277212381362915,1.3567956686019897,-0.3416060209274292,-0.7488619089126587,-0.17104166746139526,1.6115145683288574,-0.19340944290161133,-0.8863344788551331,0.03971333056688309,1.8716386556625366,-0.21737515926361084,0.9369937777519226,0.881470263004303,0.874606192111969,0.021764099597930908,-0.9576191902160645,0.3320203125476837,-0.9563259482383728,0.44823238253593445,0.7581019997596741,0.26843756437301636,1.0117816925048828,0.17251789569854736,-0.5255411863327026,1.0996519327163696,-0.5193880796432495,3.3719470500946045,0.5317605137825012,1.1132124662399292,-0.3227192759513855,1.0409890413284302,-0.16342198848724365,-0.6338804960250854,2.0362305641174316,-0.11703372001647949,-0.39484500885009766,0.5705056190490723,-0.10537874698638916,-0.6604450941085815,1.0155601501464844,1.0252188444137573,-0.4302084445953369,2.4709115028381348,2.9032888412475586,-0.97578364610672,-0.32089513540267944,-0.8689430952072144,-0.2890763282775879
Davion Mitchell,-0.49279487133026123,-0.3653581142425537,0.10966416448354721,1.0327216386795044,1.2986236810684204,-0.6734992861747742,0.6852985620498657,-0.1676621437072754,0.8972326517105103,2.110236883163452,-0.43387067317962646,1.6819870471954346,-0.18427270650863647,-0.6834293007850647,4.297791004180908,1.2167640924453735,-0.8626672029495239,-0.23724126815795898,1.1592878103256226,1.6584938764572144,3.0264077186584473,-0.6215395927429199,0.5779134631156921,-0.1608492136001587,-0.4949950575828552,-0.9486708641052246,-0.9101617336273193,-0.5149531364440918,-0.42997997999191284,0.4777781069278717,-0.4911002516746521,-0.7854966521263123,-0.14800113439559937,1.5483722686767578,-0.29280543327331543,-0.7874488234519958,-0.09409236907958984,2.0193588733673096,-0.1521742343902588,-0.9085829257965088,-0.14686107635498047,1.912431240081787,-0.0037523508071899414,1.2518609762191772,1.0877248048782349,1.1271872520446777,0.04200988635420799,-0.975763738155365,0.3630657494068146,-0.9768177270889282,0.5996049642562866,0.9806998372077942,0.36049190163612366,0.8567134737968445,0.24251240491867065,-0.5833884477615356,1.2207940816879272,-0.41862303018569946,3.8477134704589844,0.31082507967948914,1.4423954486846924,-0.2896535396575928,1.2122483253479004,-0.2064664363861084,-0.6297252178192139,2.4357175827026367,-0.0916295051574707,-0.3783884048461914,0.4348684847354889,0.03946956247091293,-0.700229287147522,1.3718169927597046,1.0917201042175293,-0.4065443277359009,2.7472665309906006,3.373034954071045,-0.9898257255554199,-0.3338382840156555,-0.915691614151001,-0.3092566132545471
Donovan Mitchell,-0.19570708274841309,-0.4400482773780823,-0.33628368377685547,0.9958022832870483,1.2308768033981323,-0.919619619846344,1.5550272464752197,-0.7020379900932312,2.1757895946502686,1.2857226133346558,-0.1581892967224121,1.413239598274231,-0.31639742851257324,-0.6229222416877747,6.970860004425049,-0.11954015493392944,-0.9719712734222412,-0.40801477432250977,0.504203200340271,2.169065475463867,5.018709182739258,-0.8722694516181946,-0.1694698929786682,-0.6574689149856567,-0.4009813070297241,-0.9321799874305725,-0.9753601551055908,-0.27316033840179443,-0.712384819984436,1.0622462034225464,-0.808981716632843,-0.6550091505050659,1.0919442176818848,2.3957035541534424,-0.43759846687316895,-0.6928125619888306,0.5435072183609009,3.0447864532470703,0.046787675470113754,-0.9461954236030579,-0.22532713413238525,1.9079488515853882,-0.054541707038879395,0.6303577423095703,1.2496140003204346,0.928161084651947,-0.48030465841293335,-0.9937288761138916,-0.3225369453430176,-0.9966649413108826,0.8044982552528381,1.2182000875473022,-0.5018612146377563,-0.27887392044067383,-0.40173113346099854,-0.6397640109062195,2.0813052654266357,-0.14094483852386475,4.101002216339111,-0.00538867712020874,1.504711627960205,-0.6869409680366516,0.5058326721191406,-0.7000824809074402,0.22819815576076508,3.9594547748565674,-0.4809960722923279,-0.5048350095748901,0.5015150308609009,-0.1792691946029663,-0.8982729911804199,0.8660205006599426,-0.18275296688079834,-0.11471438407897949,3.1083197593688965,4.012687683105469,-0.9965159296989441,-0.1591547131538391,-0.9688270092010498,0.561575174331665
Evan Mobley,0.3756789267063141,-0.45420539379119873,-0.14577031135559082,0.6670575141906738,0.9359955787658691,-0.8000365495681763,0.832078218460083,-0.543332576751709,1.3286967277526855,0.4762992262840271,-0.14222776889801025,0.6701309680938721,-0.2731108069419861,-0.38227033615112305,4.026852130889893,-0.2445048689842224,-0.8778635263442993,-0.5876343846321106,-0.07127964496612549,1.7358906269073486,3.045088052749634,-0.6982174515724182,-0.3049775958061218,-0.5978492498397827,-0.2274613380432129,-0.7431427240371704,-0.8919128179550171,-0.06102043390274048,-0.5670339465141296,0.5847246646881104,-0.584124743938446,-0.1862095594406128,0.7926130294799805,1.4317846298217773,-0.5051939487457275,-0.2966647744178772,0.21329674124717712,1.5303423404693604,0.12704038619995117,-0.8135792016983032,0.1682852804660797,1.314860224723816,-0.39622384309768677,0.14859358966350555,0.6078224778175354,0.12400887161493301,-0.554421067237854,-0.9530875086784363,-0.5233398675918579,-0.9763725996017456,0.25303447246551514,0.36775466799736023,-0.6020839810371399,0.1962515115737915,-0.5048185586929321,-0.362812876701355,1.3635499477386475,-0.07607966661453247,2.057710647583008,0.32586580514907837,0.4166601300239563,-0.6756957769393921,0.15326614677906036,-0.6159580945968628,0.3408591151237488,2.2063510417938232,-0.44330573081970215,-0.543536901473999,0.5897907018661499,-0.08461451530456543,-0.7762072086334229,-0.115772545337677,-0.4187939167022705,-0.10289865732192993,2.002335786819458,2.3515896797180176,-0.9333245754241943,-0.033046603202819824,-0.8833798170089722,0.2313879132270813
Jonathan Mogbo,-0.1951371431350708,-0.38883233070373535,0.2685113847255707,0.6361128091812134,0.8671854734420776,-0.5227095484733582,0.3705093264579773,6.877449777675793e-05,0.5643367171287537,1.3132648468017578,-0.35631895065307617,1.0241087675094604,-0.21308791637420654,-0.49866604804992676,2.4015915393829346,0.8062620162963867,-0.6760028004646301,-0.3012923002243042,0.5049343109130859,1.2964569330215454,1.8073477745056152,-0.32659947872161865,0.35782989859580994,-0.08206319808959961,-0.31609636545181274,-0.8338813781738281,-0.7423001527786255,-0.4325309991836548,-0.2832455635070801,0.39201614260673523,-0.20610088109970093,-0.5812782049179077,-0.2786558270454407,0.9967372417449951,-0.24895340204238892,-0.5598575472831726,-0.16500169038772583,0.9948403239250183,-0.1439417600631714,-0.7898926138877869,0.07273935526609421,1.391102910041809,-0.26377761363983154,0.6995158791542053,0.5680895447731018,0.4729066789150238,-0.18360161781311035,-0.9044122695922852,0.06394638866186142,-0.8964974880218506,0.22489464282989502,0.4156404435634613,-0.03896147012710571,0.922478437423706,0.06225148215889931,-0.4331204891204834,0.8010834455490112,-0.38556432723999023,2.4349968433380127,0.4322938919067383,0.7658790946006775,-0.28330838680267334,0.74297034740448,-0.12197810411453247,-0.5052073001861572,1.3457447290420532,-0.16400903463363647,-0.3199448585510254,0.5903615951538086,0.002779876347631216,-0.5430662631988525,0.4150538146495819,0.5803313851356506,-0.40193361043930054,1.9540222883224487,2.119149923324585,-0.9095039963722229,-0.3296855688095093,-0.7509477734565735,-0.3398282527923584
Malik Monk,-0.2467535138130188,-0.36655282974243164,-0.19285160303115845,1.1217385530471802,1.3424345254898071,-0.8692641258239746,1.203656554222107,-0.5908209085464478,1.6660031080245972,1.5637693405151367,-0.34303712844848633,1.4990689754486084,-0.26407647132873535,-0.6253765821456909,5.94515323638916,0.34403857588768005,-0.9548267722129822,-0.37193286418914795,0.6692789793014526,2.0179734230041504,4.351644992828369,-0.8130688667297363,0.1088816449046135,-0.5827826857566833,-0.4624600410461426,-0.9392102956771851,-0.9624951481819153,-0.3290294408798218,-0.5971038341522217,0.8153943419456482,-0.7343093752861023,-0.6863412857055664,0.6609983444213867,2.020164966583252,-0.47823566198349,-0.7371340394020081,0.2813705503940582,2.6260616779327393,0.008366032503545284,-0.9412034153938293,-0.23308992385864258,1.9806650876998901,0.0294041745364666,0.9560840129852295,1.1374125480651855,1.0392433404922485,-0.33382081985473633,-0.9903006553649902,-0.10126549005508423,-0.9940794706344604,0.6110215783119202,1.0235146284103394,-0.22465306520462036,0.13107962906360626,-0.24573081731796265,-0.6102821826934814,1.789509892463684,-0.2079218626022339,3.925034761428833,0.22642597556114197,1.4577043056488037,-0.5664653778076172,0.8808209896087646,-0.5998680591583252,-0.1431748867034912,3.3544886112213135,-0.30707693099975586,-0.49983322620391846,0.37173986434936523,-0.08995598554611206,-0.8619480133056641,1.096156358718872,0.2262522578239441,-0.21647095680236816,3.013247489929199,3.7817842960357666,-0.9951220750808716,-0.20465314388275146,-0.9581835865974426,0.15713900327682495
Moses Moody,-0.5950465202331543,-0.43023598194122314,0.06806594878435135,1.2086952924728394,1.4301199913024902,-0.7884811162948608,1.0271705389022827,-0.35044389963150024,1.237349510192871,2.298422336578369,-0.4790789484977722,1.9050345420837402,-0.13893574476242065,-0.7394848465919495,5.640446662902832,1.1151126623153687,-0.930052638053894,-0.30732840299606323,1.2739335298538208,2.085052490234375,3.7361855506896973,-0.7452892065048218,0.6175099015235901,-0.26658689975738525,-0.5551784038543701,-0.9669494032859802,-0.9577344059944153,-0.5694566965103149,-0.5996626615524292,0.5644633769989014,-0.5113307237625122,-0.7965096235275269,0.004547758959233761,1.9182296991348267,-0.3081325888633728,-0.828035295009613,-0.037442922592163086,2.2606887817382812,-0.18161052465438843,-0.94951331615448,-0.39226335287094116,2.2537295818328857,0.052220385521650314,1.4119603633880615,1.4467908143997192,1.121390700340271,0.030359763652086258,-0.9873689413070679,0.45808589458465576,-0.9908270835876465,0.8116115927696228,1.2509700059890747,0.3361632823944092,0.6678683161735535,0.2606412172317505,-0.6351478695869446,1.5156649351119995,-0.4288875460624695,4.59422492980957,0.3225616216659546,1.6720093488693237,-0.40254104137420654,1.1239163875579834,-0.24161505699157715,-0.6134529113769531,3.1440629959106445,-0.12187683582305908,-0.4749682545661926,0.40562593936920166,-0.0887417197227478,-0.7881141901016235,1.728101134300232,1.0441335439682007,-0.4716029763221741,3.140951633453369,4.106797695159912,-0.9969741106033325,-0.36459672451019287,-0.9568999409675598,-0.16522198915481567
Wendell Moore Jr.,-0.49196064472198486,-0.4043196439743042,0.3415243327617645,0.8849503993988037,1.0013723373413086,-0.4065997004508972,0.35486888885498047,0.07547346502542496,0.612944483757019,2.0254766941070557,-0.45524394512176514,1.4222477674484253,-0.23616904020309448,-0.6146931648254395,2.7236320972442627,1.34451162815094,-0.6827874183654785,-0.24067330360412598,1.0597553253173828,1.376782774925232,1.920627236366272,-0.3026283383369446,0.6950436234474182,0.1725938767194748,-0.32866203784942627,-0.9206439256668091,-0.7895519733428955,-0.6019687056541443,-0.23518037796020508,0.3389466404914856,-0.15829682350158691,-0.7624974846839905,-0.5049041509628296,1.171689748764038,-0.13492149114608765,-0.7713729739189148,-0.2581675052642822,1.2102144956588745,-0.2838139533996582,-0.8709942698478699,-0.029045164585113525,1.6575566530227661,-0.13242149353027344,1.0523772239685059,0.8852267861366272,0.9286697506904602,0.10907219350337982,-0.933759331703186,0.5204640030860901,-0.9129502177238464,0.36558768153190613,0.755534827709198,0.4979232847690582,1.1886311769485474,0.41474565863609314,-0.5006033182144165,0.8073014616966248,-0.5365997552871704,3.3084707260131836,0.46878811717033386,1.2057545185089111,-0.14562088251113892,1.1066070795059204,0.22612588107585907,-0.7073484659194946,1.6359604597091675,-0.07048726081848145,-0.25560492277145386,0.6042633056640625,-0.0609782338142395,-0.5306367874145508,1.0497063398361206,1.280872106552124,-0.4843425154685974,2.396591901779175,2.592179775238037,-0.9613309502601624,-0.441003680229187,-0.7947075366973877,-0.4243965148925781
Ja Morant,0.3006596565246582,-0.43826496601104736,-0.2321520447731018,0.7290148138999939,0.9181668162345886,-0.8936349153518677,1.3681336641311646,-0.6907050609588623,1.9303826093673706,0.6456141471862793,-0.01124483346939087,0.9254564642906189,-0.36215174198150635,-0.45037561655044556,5.5429205894470215,-0.3470745086669922,-0.9470619559288025,-0.5659481883049011,0.11385755985975266,1.9155939817428589,4.203702449798584,-0.8223236799240112,-0.4300898313522339,-0.6769438982009888,-0.1760278344154358,-0.8184629082679749,-0.9449333548545837,-0.04230624437332153,-0.6813951134681702,1.0216387510299683,-0.7560996413230896,-0.3706551790237427,1.1387256383895874,2.085587501525879,-0.4501723647117615,-0.42956119775772095,0.4540977478027344,2.3072896003723145,0.1298985779285431,-0.8798573017120361,0.16763488948345184,1.505159854888916,-0.33326631784439087,-0.08247363567352295,0.8418063521385193,0.42229077219963074,-0.5933309197425842,-0.9817099571228027,-0.5318765640258789,-0.9921584725379944,0.44286948442459106,0.7424679398536682,-0.7029153108596802,-0.21727585792541504,-0.5659363865852356,-0.48671621084213257,1.8442264795303345,0.01496522780507803,2.940953016281128,0.06327027827501297,0.8573440313339233,-0.7288879156112671,0.1402340680360794,-0.7028582692146301,0.5156751275062561,3.223065137863159,-0.5819194316864014,-0.5397523641586304,0.743751049041748,-0.15951162576675415,-0.8570805191993713,0.012442823499441147,-0.49249130487442017,-0.08105820417404175,2.5114126205444336,2.9160170555114746,-0.9807014465332031,-0.0036873817443847656,-0.9331115484237671,0.6122875809669495
Markieff Morris,-0.7709107995033264,-0.3952871561050415,0.5096929669380188,1.3441126346588135,1.519421935081482,-0.7522854804992676,0.8996998071670532,0.05031351000070572,0.8746323585510254,3.4338274002075195,-0.6541348695755005,2.754887342453003,-0.2511945366859436,-0.8187909126281738,5.375765800476074,2.362877607345581,-0.9244195222854614,0.26981744170188904,1.9370169639587402,1.9771287441253662,3.593247175216675,-0.613914430141449,1.5975854396820068,0.2138126641511917,-0.6438412666320801,-0.9887710213661194,-0.9482139945030212,-0.7656466960906982,-0.387112021446228,0.7153339385986328,-0.3971932530403137,-0.9343818426132202,-0.5823156833648682,1.9682180881500244,0.06785885244607925,-0.9163373708724976,-0.3456658124923706,2.612344741821289,-0.32519853115081787,-0.9678281545639038,-0.45680636167526245,2.653653621673584,0.3694237768650055,2.0758934020996094,1.5198101997375488,1.9666318893432617,0.5635900497436523,-0.9930160641670227,1.1646932363510132,-0.9901148676872253,0.8153871297836304,1.5884031057357788,1.0629782676696777,1.3026705980300903,0.8391777873039246,-0.7558324337005615,1.3937040567398071,-0.6385065913200378,5.960967540740967,0.3604104220867157,2.521846294403076,0.17522412538528442,2.0619630813598633,0.24492163956165314,-0.8726544976234436,3.101776361465454,0.06333860754966736,-0.21914374828338623,0.5751503705978394,-0.050231993198394775,-0.7178993225097656,2.457876205444336,2.2404768466949463,-0.6437051296234131,4.072319984436035,4.655953407287598,-0.9987283945083618,-0.6458026170730591,-0.9471015334129333,-0.5660053491592407
Monte Morris,-0.5934956073760986,-0.38219624757766724,0.3208944797515869,1.171908974647522,1.2675343751907349,-0.6566413044929504,0.8385699391365051,-0.10808432102203369,0.9902147054672241,2.6183199882507324,-0.49179160594940186,2.052557945251465,-0.22135162353515625,-0.7579267621040344,4.399191379547119,1.6519129276275635,-0.8754770159721375,-0.24551790952682495,1.579339861869812,1.9960097074508667,3.0794341564178467,-0.5419144630432129,0.7758349776268005,0.016465062275528908,-0.44660282135009766,-0.9719169735908508,-0.91581130027771,-0.6736655235290527,-0.4269016981124878,0.5909165143966675,-0.3482077121734619,-0.8414865732192993,-0.4362316131591797,1.80093252658844,-0.12543177604675293,-0.8618033528327942,-0.2726530432701111,1.9984880685806274,-0.2551947832107544,-0.9368816018104553,-0.15120744705200195,2.275754690170288,-0.17552006244659424,1.3172869682312012,1.3078423738479614,1.2702394723892212,0.07741646468639374,-0.9804062247276306,0.7495006918907166,-0.9793362617492676,0.6506965756416321,1.2339228391647339,0.5090422630310059,1.289096713066101,0.5768070816993713,-0.6443881988525391,1.2225663661956787,-0.5424810647964478,4.5985541343688965,0.44166839122772217,1.6455377340316772,-0.194067120552063,1.24564790725708,0.12044218927621841,-0.7695032358169556,2.733582019805908,-0.05804443359375,-0.3254970908164978,0.7017087340354919,-0.0850672721862793,-0.651482343673706,1.6274436712265015,1.540436863899231,-0.5928725004196167,3.1616973876953125,3.7524495124816895,-0.9942235946655273,-0.4758825898170471,-0.9236314296722412,-0.4153614044189453
Trey Murphy III,-0.270435094833374,-0.4209568500518799,-0.28887343406677246,1.1481928825378418,1.3281135559082031,-0.9047789573669434,1.4242931604385376,-0.6808671951293945,2.020054340362549,1.3405076265335083,-0.3201066851615906,1.403128981590271,-0.2296086549758911,-0.6060433983802795,6.697943687438965,-0.029602229595184326,-0.96980220079422,-0.4652048349380493,0.533365786075592,2.282768487930298,4.709207534790039,-0.8576701879501343,-0.025851428508758545,-0.6338502764701843,-0.4558906555175781,-0.9395609498023987,-0.9737491011619568,-0.3074800968170166,-0.6766498684883118,0.8396943211555481,-0.7526125907897949,-0.6005949378013611,0.9165049195289612,2.159351348876953,-0.47875750064849854,-0.7162168622016907,0.32010000944137573,2.606858491897583,0.04825978726148605,-0.9519712924957275,-0.3325139284133911,1.9697455167770386,-0.07541793584823608,0.8794472217559814,1.3160247802734375,0.8506201505661011,-0.413124680519104,-0.9921786189079285,-0.2306199073791504,-0.996067464351654,0.7609143257141113,1.1073071956634521,-0.3750934600830078,-0.11275017261505127,-0.3242824077606201,-0.5976207256317139,1.9147151708602905,-0.10233092308044434,4.052597999572754,0.15297314524650574,1.399350881576538,-0.6495026350021362,0.5440196394920349,-0.6514114737510681,0.07802081108093262,3.777921438217163,-0.37160825729370117,-0.5564353466033936,0.33651167154312134,-0.20987606048583984,-0.8864646553993225,1.0857532024383545,-0.09399497509002686,-0.2142353057861328,3.023200035095215,4.021102428436279,-0.9966533780097961,-0.20182186365127563,-0.9691182971000671,0.4021756649017334
Dejounte Murray,-0.057548582553863525,-0.3833734393119812,-0.21712958812713623,0.788460373878479,1.1421141624450684,-0.8829271197319031,1.3127363920211792,-0.5589357614517212,1.7520684003829956,1.2845327854156494,-0.21584981679916382,1.30194091796875,-0.3116391897201538,-0.5697588920593262,5.762022018432617,0.10918090492486954,-0.9499070048332214,-0.3046715259552002,0.40672582387924194,1.8539915084838867,4.3535308837890625,-0.7987995147705078,-0.08512252569198608,-0.5852434635162354,-0.41698282957077026,-0.9094001054763794,-0.9548514485359192,-0.26346325874328613,-0.6174888610839844,1.1031848192214966,-0.748664915561676,-0.6490609645843506,0.7554939985275269,2.080392360687256,-0.4194408655166626,-0.6209192872047424,0.38006046414375305,2.6843135356903076,0.10448310524225235,-0.9143966436386108,-0.05664217472076416,1.7940921783447266,-0.15180492401123047,0.5261794328689575,0.8809255361557007,0.8048486709594727,-0.4558882713317871,-0.9881187677383423,-0.2672402262687683,-0.992426872253418,0.6009485721588135,0.8947682976722717,-0.46068716049194336,-0.008341014385223389,-0.37101954221725464,-0.6142728328704834,1.9205764532089233,-0.16713249683380127,3.6435391902923584,0.18728262186050415,1.315616250038147,-0.5999159216880798,0.6293567419052124,-0.6461135149002075,0.0034277860540896654,3.2963883876800537,-0.4706803560256958,-0.41329383850097656,0.5808008313179016,-0.10876709222793579,-0.8493571281433105,0.4990600645542145,-0.08521753549575806,-0.2742733359336853,2.872788667678833,3.512026786804199,-0.9917620420455933,-0.14091378450393677,-0.946766197681427,0.2386934757232666
Jamal Murray,-0.06012368202209473,-0.4170687198638916,-0.24878531694412231,0.9312446713447571,1.2523822784423828,-0.8908430337905884,1.3418976068496704,-0.6152412295341492,1.8721145391464233,1.2538604736328125,-0.2151404619216919,1.3003236055374146,-0.3155766725540161,-0.5845577716827393,6.088085174560547,0.06369855254888535,-0.9596292972564697,-0.4025723934173584,0.4016830623149872,2.100461006164551,4.619056224822998,-0.8198447227478027,-0.12465870380401611,-0.6167874932289124,-0.4141550064086914,-0.9229530096054077,-0.9662333130836487,-0.26148128509521484,-0.6301202774047852,1.029374599456787,-0.770689070224762,-0.6522164344787598,0.8897625207901001,2.154364585876465,-0.4493290185928345,-0.660558819770813,0.445308655500412,2.8441643714904785,0.10683978348970413,-0.9298211932182312,0.0017881925450637937,1.8672568798065186,-0.16382849216461182,0.6325857639312744,0.9934312701225281,0.8467579483985901,-0.49216383695602417,-0.990738570690155,-0.29021674394607544,-0.994718611240387,0.5951644778251648,0.9558652639389038,-0.48462915420532227,0.02815229818224907,-0.3878079652786255,-0.6239402294158936,1.933912754058838,-0.16258472204208374,3.7537899017333984,0.22635215520858765,1.3620853424072266,-0.6386657357215881,0.5970063805580139,-0.678296685218811,0.12371591478586197,3.4918618202209473,-0.4354404807090759,-0.4475630521774292,0.5740351676940918,-0.11123216152191162,-0.8629220724105835,0.5887841582298279,-0.08485883474349976,-0.20613008737564087,2.9904794692993164,3.715388774871826,-0.9935595393180847,-0.11906218528747559,-0.9579274654388428,0.2759755551815033
Keegan Murray,-0.5004157423973083,-0.3534749746322632,0.015278724022209644,1.4484554529190063,1.5274224281311035,-0.8071848750114441,0.8892109990119934,-0.426996648311615,1.1757402420043945,2.1909615993499756,-0.4915012717247009,1.8889188766479492,-0.2308138608932495,-0.7330947518348694,5.458408355712891,1.148229718208313,-0.945322573184967,-0.2344222068786621,1.17201828956604,2.126694440841675,3.8976805210113525,-0.7467955946922302,0.6374865174293518,-0.4357973337173462,-0.5558629035949707,-0.9698167443275452,-0.9596059918403625,-0.5077576041221619,-0.47778141498565674,0.47111251950263977,-0.6373849511146545,-0.8068228960037231,0.18414650857448578,1.783369541168213,-0.42966753244400024,-0.8412857055664062,0.045843955129384995,2.4713947772979736,-0.1569494605064392,-0.9588345885276794,-0.38399738073349,2.2156460285186768,0.263390451669693,1.6954381465911865,1.3227111101150513,1.4508763551712036,-0.041382551193237305,-0.9903727173805237,0.3764784038066864,-0.9929988384246826,0.602953314781189,1.1703177690505981,0.4296267330646515,0.6798685193061829,0.2520682215690613,-0.6570820808410645,1.4553266763687134,-0.32846522331237793,4.401017665863037,0.30852794647216797,1.8171708583831787,-0.2872728705406189,1.4572888612747192,-0.38817983865737915,-0.5503609776496887,3.0236318111419678,0.12618310749530792,-0.4785429835319519,0.26637569069862366,0.06736122071743011,-0.8157901167869568,1.9298999309539795,1.0638397932052612,-0.27973639965057373,3.212294101715088,4.022482872009277,-0.9967842102050781,-0.3900159001350403,-0.9597495198249817,-0.26761412620544434
Svi Mykhailiuk,-0.7044260501861572,-0.36916452646255493,0.1035030260682106,1.4271948337554932,1.5859363079071045,-0.802525520324707,1.0062271356582642,-0.32797229290008545,1.2090535163879395,2.8854172229766846,-0.5474606156349182,2.40614914894104,-0.1703166961669922,-0.8050700426101685,6.113807678222656,1.6640138626098633,-0.9474800229072571,-0.11654603481292725,1.74562668800354,2.157593250274658,4.097253799438477,-0.7637475728988647,0.9928484559059143,-0.22251760959625244,-0.5829687118530273,-0.984209418296814,-0.9637097120285034,-0.6536400318145752,-0.5407295227050781,0.5315167307853699,-0.6068904399871826,-0.8825254440307617,-0.1430494785308838,2.0393667221069336,-0.2561793327331543,-0.8906622529029846,-0.08403134346008301,2.7310092449188232,-0.27017641067504883,-0.9680989980697632,-0.46703433990478516,2.465869188308716,0.3437264859676361,1.9014842510223389,1.6627269983291626,1.7575514316558838,0.27823904156684875,-0.9937762022018433,0.7560211420059204,-0.994208812713623,0.914951503276825,1.538270354270935,0.7193050980567932,0.8369337320327759,0.5335941910743713,-0.7081818580627441,1.5437849760055542,-0.48239147663116455,5.4011030197143555,0.10361373424530029,2.2549805641174316,-0.19366341829299927,1.6439205408096313,-0.15306711196899414,-0.743393063545227,3.480426073074341,0.008991459384560585,-0.4482768177986145,0.37426474690437317,-0.031023740768432617,-0.7946386337280273,2.3958938121795654,1.604992389678955,-0.43747854232788086,3.609705924987793,4.607012748718262,-0.9988130927085876,-0.5177165269851685,-0.9679536819458008,-0.28621751070022583
Larry Nance Jr.,-0.5390409231185913,-0.37235283851623535,0.1941445916891098,1.3306517601013184,1.3716695308685303,-0.6705366373062134,0.5770825147628784,-0.2692933678627014,0.9218277335166931,2.2339231967926025,-0.51358962059021,1.781453251838684,-0.22859907150268555,-0.6953415274620056,4.35991096496582,1.371199131011963,-0.8901540040969849,-0.2943838834762573,1.1983914375305176,1.8927245140075684,3.0187251567840576,-0.5923104286193848,0.8371477127075195,-0.24483025074005127,-0.4958180785179138,-0.9632107019424438,-0.9301855564117432,-0.5828369855880737,-0.3352212905883789,0.26121440529823303,-0.4520654082298279,-0.8104060888290405,-0.22340291738510132,1.458970069885254,-0.34916919469833374,-0.8397735953330994,-0.1476365327835083,1.9534660577774048,-0.21655404567718506,-0.9436852335929871,-0.32971352338790894,2.051283597946167,0.20200639963150024,1.623741626739502,1.1950546503067017,1.3476170301437378,0.13353966176509857,-0.9804160594940186,0.543884813785553,-0.9814319610595703,0.5080543160438538,1.0179306268692017,0.6074450612068176,0.993080735206604,0.40782883763313293,-0.6050217151641846,1.1023434400558472,-0.46856093406677246,4.094111442565918,0.42289072275161743,1.6236847639083862,-0.16245460510253906,1.3984172344207764,-0.13846427202224731,-0.6690711975097656,2.43302059173584,0.1689780205488205,-0.41387712955474854,0.3294520974159241,-0.058024585247039795,-0.7319650650024414,1.8043732643127441,1.3199806213378906,-0.32126718759536743,2.9387497901916504,3.5672507286071777,-0.9920000433921814,-0.45760107040405273,-0.9285223484039307,-0.3574926257133484
Andrew Nembhard,-0.3209378719329834,-0.40799015760421753,0.1209416389465332,0.9723076820373535,1.3142316341400146,-0.7801622152328491,0.9758142232894897,-0.32219398021698,1.244008183479309,1.8847103118896484,-0.39343512058258057,1.68400239944458,-0.24953627586364746,-0.6715508103370667,4.867290496826172,0.9288956522941589,-0.9077793955802917,-0.3680189251899719,0.9632293581962585,2.020002603530884,3.5631446838378906,-0.6687962412834167,0.32474270462989807,-0.3372107744216919,-0.4431946277618408,-0.94472336769104,-0.9286273717880249,-0.47852587699890137,-0.5421268939971924,0.7327600121498108,-0.544582724571228,-0.7421448230743408,0.08143129199743271,1.8217322826385498,-0.3158201575279236,-0.7343424558639526,-0.054024457931518555,2.196892499923706,-0.030136704444885254,-0.9133763313293457,-0.030498862266540527,2.0550897121429443,-0.24601542949676514,0.8979233503341675,1.0346035957336426,0.9171620607376099,-0.22919994592666626,-0.9827277064323425,0.08492489904165268,-0.9870296716690063,0.5991696119308472,0.9621771574020386,-0.160119891166687,0.782085657119751,-0.03009253740310669,-0.5814703702926636,1.5052343606948853,-0.37937623262405396,3.9135825634002686,0.3892705738544464,1.2774690389633179,-0.4680916666984558,0.9162888526916504,-0.40764981508255005,-0.5294314026832581,2.8853275775909424,-0.30098462104797363,-0.4355963468551636,0.6981632113456726,-0.07285594940185547,-0.7505793571472168,0.9361171722412109,0.6868360042572021,-0.46744853258132935,2.9360404014587402,3.558206558227539,-0.99102783203125,-0.30799251794815063,-0.932131290435791,-0.19034063816070557
Aaron Nesmith,-0.4421321749687195,-0.4118063449859619,-0.02260953187942505,1.2073554992675781,1.4004830121994019,-0.7741809487342834,0.9322683215141296,-0.4271712303161621,1.392415165901184,1.9761799573898315,-0.47103941440582275,1.6246625185012817,-0.17994260787963867,-0.6834224462509155,5.357060432434082,0.7828785181045532,-0.9286268949508667,-0.43059343099594116,1.0134365558624268,2.1636364459991455,3.714195489883423,-0.7387864589691162,0.39014190435409546,-0.38903093338012695,-0.4802863597869873,-0.9574196934700012,-0.9536136984825134,-0.47099369764328003,-0.5479590892791748,0.5092446804046631,-0.5557621121406555,-0.728789210319519,0.2033807337284088,1.7736097574234009,-0.4154878854751587,-0.793292224407196,-0.03208792209625244,2.1640090942382812,-0.11160367727279663,-0.9445414543151855,-0.26911652088165283,2.099851608276367,-0.10887497663497925,1.2563903331756592,1.3005051612854004,0.9564486742019653,-0.11034262180328369,-0.9845901131629944,0.20256920158863068,-0.9902361035346985,0.6893342733383179,1.0615357160568237,0.14979885518550873,0.6415857672691345,0.020600438117980957,-0.568429708480835,1.4293466806411743,-0.36708390712738037,4.104410648345947,0.37179771065711975,1.4126445055007935,-0.4749223589897156,0.9230312705039978,-0.3918009400367737,-0.4884352684020996,3.03987979888916,-0.12617772817611694,-0.5153094530105591,0.3448941111564636,-0.1404271125793457,-0.7951541543006897,1.4802659749984741,0.7514231204986572,-0.38506120443344116,2.9031004905700684,3.795698404312134,-0.9947850704193115,-0.3113781213760376,-0.9529774785041809,-0.05968368053436279
Georges Niang,-0.6789265871047974,-0.4164527654647827,0.14308033883571625,1.4892828464508057,1.58699631690979,-0.7594349980354309,0.834854245185852,-0.34415340423583984,1.1038224697113037,2.589571475982666,-0.5518976449966431,2.0945918560028076,-0.1613437533378601,-0.7676955461502075,5.642019271850586,1.4455490112304688,-0.9364113807678223,-0.25352251529693604,1.4864182472229004,2.1533453464508057,3.715355396270752,-0.7345205545425415,0.9380732178688049,-0.23228609561920166,-0.5825220346450806,-0.9783931374549866,-0.9632344245910645,-0.6178957223892212,-0.5182220935821533,0.33130449056625366,-0.5258125066757202,-0.8545585870742798,-0.11416023969650269,1.783308506011963,-0.3270006775856018,-0.8781013488769531,-0.03978252410888672,2.3652687072753906,-0.2652660608291626,-0.9662615060806274,-0.485359787940979,2.3381688594818115,0.37816593050956726,1.9118659496307373,1.5795267820358276,1.51479172706604,0.2646651268005371,-0.9901180863380432,0.6829793453216553,-0.9921278953552246,0.7813969850540161,1.334301471710205,0.7400543689727783,0.8222862482070923,0.47766080498695374,-0.6615661382675171,1.3746769428253174,-0.47392982244491577,4.921597480773926,0.30132508277893066,2.017948627471924,-0.2369225025177002,1.5289586782455444,-0.15561968088150024,-0.6925339102745056,3.0940794944763184,0.15304188430309296,-0.4789432883262634,0.2633516788482666,-0.056670308113098145,-0.7942593097686768,2.305835723876953,1.4573571681976318,-0.371798574924469,3.3104591369628906,4.284171104431152,-0.9979456663131714,-0.45761746168136597,-0.9622825384140015,-0.26975560188293457
Zeke Nnaji,-0.4948332905769348,-0.35503602027893066,0.3906216025352478,1.0423123836517334,0.8791892528533936,-0.41765713691711426,0.325197696685791,-0.10231584310531616,0.9101687073707581,2.1412038803100586,-0.5111721754074097,1.5359909534454346,-0.28932464122772217,-0.6224333643913269,2.8712806701660156,1.3437343835830688,-0.692851185798645,-0.42155569791793823,1.2206006050109863,1.5293848514556885,1.8076621294021606,-0.2655545473098755,0.8363063931465149,0.007413237821310759,-0.1809159517288208,-0.9376556277275085,-0.7671990394592285,-0.6758744716644287,-0.15776658058166504,0.17324791848659515,-0.07673919200897217,-0.734714150428772,-0.5771087408065796,1.2198431491851807,-0.15201330184936523,-0.8198336362838745,-0.47970491647720337,1.0243347883224487,-0.3007626533508301,-0.892253041267395,-0.20658361911773682,1.6455130577087402,-0.2207329273223877,1.0018224716186523,0.9920272827148438,1.064220666885376,0.13326531648635864,-0.9397386312484741,0.5623465180397034,-0.919023871421814,0.4838653802871704,0.862330973148346,0.5837068557739258,1.3444998264312744,0.535218358039856,-0.44310295581817627,0.7102116942405701,-0.5667363405227661,3.4437813758850098,0.46979111433029175,1.0083593130111694,-0.18446165323257446,0.9493796825408936,0.3318798840045929,-0.7593468427658081,1.8536036014556885,-0.11707854270935059,-0.3901122808456421,0.590190052986145,-0.3147240877151489,-0.5366719365119934,1.2296165227890015,1.2812457084655762,-0.48397916555404663,2.488511085510254,2.6897475719451904,-0.9644889235496521,-0.5889270305633545,-0.8134453296661377,-0.3646667003631592
Jaylen Nowell,-0.3793007731437683,-0.35616201162338257,0.18443834781646729,0.9401943683624268,1.2191849946975708,-0.757565975189209,0.8588427305221558,-0.13636958599090576,0.9289369583129883,2.0645856857299805,-0.39644545316696167,1.7074692249298096,-0.2736979126930237,-0.6967321634292603,4.509105205535889,1.058827519416809,-0.8911560773849487,-0.020490407943725586,0.9727503657341003,1.4922689199447632,3.253007411956787,-0.6455893516540527,0.5811399817466736,-0.3085669279098511,-0.5759750008583069,-0.9416731595993042,-0.9239937663078308,-0.49096500873565674,-0.4516248106956482,0.7842360734939575,-0.5237991809844971,-0.8165391683578491,-0.08944213390350342,1.6741682291030884,-0.321258008480072,-0.7610571384429932,0.05429477617144585,2.3283631801605225,-0.1212119460105896,-0.9128369688987732,-0.2204650640487671,2.0104126930236816,0.09828755259513855,1.1499780416488647,0.8861269950866699,1.1063984632492065,-0.03752261400222778,-0.9802089929580688,0.3235678970813751,-0.9807719588279724,0.5764245390892029,0.947094738483429,0.25552478432655334,0.636583685874939,0.17908526957035065,-0.6631259918212891,1.4575315713882446,-0.4531082510948181,3.9215188026428223,0.42328113317489624,1.518602967262268,-0.27674055099487305,1.3219324350357056,-0.3566204905509949,-0.5964502096176147,2.419590950012207,-0.09519451856613159,-0.3112483024597168,0.4802103042602539,0.057336628437042236,-0.7666477560997009,1.2308956384658813,0.9200392961502075,-0.4063197374343872,2.8893680572509766,3.4267208576202393,-0.9907633066177368,-0.29259729385375977,-0.9175177216529846,-0.293468713760376
Jusuf Nurkić,-0.19601333141326904,-0.40056759119033813,0.1604514867067337,0.7865442037582397,1.1278141736984253,-0.6863095760345459,0.760222852230072,-0.26260292530059814,0.8766931295394897,1.3509156703948975,-0.3542560338973999,1.2153795957565308,-0.1561218500137329,-0.5422754287719727,3.714895725250244,0.6057977080345154,-0.8171416521072388,-0.4505942463874817,0.5881375074386597,1.5709980726242065,2.601076126098633,-0.5840739607810974,0.21771077811717987,-0.2953678369522095,-0.4363764524459839,-0.8636466860771179,-0.8681750893592834,-0.3771936297416687,-0.4981488585472107,0.482835590839386,-0.3315129280090332,-0.5644961595535278,-0.006129741668701172,1.3672438859939575,-0.35425126552581787,-0.6020437479019165,-0.09100520610809326,1.394222378730774,-0.00022280216217041016,-0.8309108018875122,-0.010022163391113281,1.6884629726409912,-0.2719438076019287,0.6111754179000854,0.7750484347343445,0.45403772592544556,-0.20350170135498047,-0.9509812593460083,-0.04517686367034912,-0.9627015590667725,0.42567014694213867,0.5732857584953308,-0.20281612873077393,0.6626999974250793,-0.11289346218109131,-0.44245779514312744,1.223049283027649,-0.3362138867378235,2.829087018966675,0.5372362732887268,0.7136830687522888,-0.505755603313446,0.6556614637374878,-0.3444908857345581,-0.4040941596031189,2.068643569946289,-0.28732454776763916,-0.45810794830322266,0.5555943846702576,-0.07740378379821777,-0.688492476940155,0.4938070774078369,0.3516850769519806,-0.4360013008117676,2.2312073707580566,2.7500429153442383,-0.9686139822006226,-0.1459716558456421,-0.8724165558815002,-0.18668431043624878
Josh Okogie,-0.4230201244354248,-0.3917583227157593,0.15847329795360565,0.8992888331413269,1.1384042501449585,-0.6799329519271851,0.791292667388916,-0.23121190071105957,1.0730938911437988,1.9024451971054077,-0.4477888345718384,1.4884053468704224,-0.1453944444656372,-0.6442970037460327,4.239378452301025,0.9136660695075989,-0.8476299047470093,-0.4174814224243164,0.9825260639190674,1.762895107269287,2.8815438747406006,-0.6107392907142639,0.42548859119415283,-0.1763884425163269,-0.4322758913040161,-0.9339065551757812,-0.9037580490112305,-0.5193467140197754,-0.510442316532135,0.5346908569335938,-0.3421507477760315,-0.6826019883155823,-0.20214402675628662,1.5986285209655762,-0.292507529258728,-0.7354907989501953,-0.2257843017578125,1.6029478311538696,-0.11018425226211548,-0.897491991519928,-0.17664772272109985,1.8655569553375244,-0.2565873861312866,0.8940912485122681,1.0548157691955566,0.7189081311225891,-0.11267870664596558,-0.9658868908882141,0.28695178031921387,-0.9722460508346558,0.6198256611824036,0.8608430027961731,0.08486730605363846,0.8751201033592224,0.13478785753250122,-0.515580952167511,1.223717451095581,-0.4130399823188782,3.677774429321289,0.44401612877845764,1.0620962381362915,-0.4311652183532715,0.7957284450531006,-0.14890426397323608,-0.5929986834526062,2.4872817993164062,-0.2762354612350464,-0.4387508034706116,0.5486714243888855,-0.1665799617767334,-0.6860580444335938,0.9706768989562988,0.7690072655677795,-0.5273442268371582,2.6120171546936035,3.235466957092285,-0.9864122271537781,-0.3410206437110901,-0.9078369736671448,-0.20693504810333252
Onyeka Okongwu,0.37376829981803894,-0.42622804641723633,-0.04542332887649536,0.5398685336112976,0.9636443257331848,-0.6430503726005554,0.47057729959487915,-0.36594128608703613,0.9910067319869995,0.639916718006134,-0.2534976601600647,0.637008786201477,-0.21816372871398926,-0.40092992782592773,3.054281711578369,-0.11560308933258057,-0.7733311653137207,-0.573911190032959,0.01831648126244545,1.5193842649459839,2.39914870262146,-0.5732953548431396,-0.2162134051322937,-0.48022377490997314,-0.21732258796691895,-0.7214552164077759,-0.8160879611968994,-0.1226111650466919,-0.4960126280784607,0.41544708609580994,-0.3997865915298462,-0.20047897100448608,0.3951798677444458,1.059114694595337,-0.5372241735458374,-0.23002707958221436,0.08136793971061707,1.1645455360412598,0.16095639765262604,-0.7798333168029785,0.16564278304576874,1.269742488861084,-0.437812864780426,0.28537267446517944,0.42525067925453186,-0.030736267566680908,-0.47124963998794556,-0.9135788679122925,-0.4587517976760864,-0.9502121210098267,0.21777397394180298,0.17129696905612946,-0.47549790143966675,0.593574047088623,-0.46126997470855713,-0.2501538395881653,1.1154789924621582,-0.2248610258102417,1.726424217224121,0.45115402340888977,0.21791140735149384,-0.6392178535461426,0.23002643883228302,-0.4973042607307434,-0.014780640602111816,1.6502857208251953,-0.4291849732398987,-0.5643419027328491,0.5544487833976746,-0.08215212821960449,-0.685917854309082,-0.1716771125793457,-0.2786593437194824,-0.18217337131500244,1.6649566888809204,1.9657412767410278,-0.8833137154579163,-0.017083048820495605,-0.8377692103385925,0.011470705270767212
Isaac Okoro,-0.6512023210525513,-0.4337451457977295,0.259690523147583,1.155919075012207,1.3153198957443237,-0.6471099853515625,0.5911993980407715,-0.14685338735580444,0.7885496616363525,2.2882142066955566,-0.5243610143661499,1.7218213081359863,-0.1600654125213623,-0.6883646249771118,4.2927632331848145,1.4500765800476074,-0.8548749685287476,-0.26142823696136475,1.2366868257522583,1.7596032619476318,2.814084529876709,-0.5885839462280273,0.9058631658554077,0.05580776557326317,-0.49908965826034546,-0.9606586694717407,-0.9185154438018799,-0.6314407587051392,-0.44823724031448364,0.32687151432037354,-0.3594016432762146,-0.8077097535133362,-0.3627246618270874,1.5192527770996094,-0.1807398796081543,-0.826819121837616,-0.19495511054992676,1.689313530921936,-0.2696573734283447,-0.9338441491127014,-0.3515525460243225,1.9224551916122437,0.17575645446777344,1.5144546031951904,1.2791938781738281,1.2300060987472534,0.1393248438835144,-0.9747300148010254,0.6488162875175476,-0.9743843078613281,0.6067917346954346,1.0204310417175293,0.6175041198730469,1.046422004699707,0.4985332489013672,-0.5912157297134399,1.117467999458313,-0.4709092974662781,4.246922492980957,0.3537958264350891,1.6523634195327759,-0.19956612586975098,1.350405216217041,0.14499971270561218,-0.7095334529876709,2.402660846710205,-0.08201563358306885,-0.36019331216812134,0.4808295667171478,-0.05472153425216675,-0.6695051193237305,1.594011902809143,1.3595306873321533,-0.4822527766227722,2.9521589279174805,3.5273454189300537,-0.9920099377632141,-0.48492157459259033,-0.9144376516342163,-0.3898118734359741
Kelly Olynyk,-0.29879939556121826,-0.40195363759994507,0.07019342482089996,0.7653929591178894,1.1004172563552856,-0.6745153665542603,0.7790495753288269,-0.25885164737701416,1.0634421110153198,1.5346605777740479,-0.36011451482772827,1.25957453250885,-0.13646483421325684,-0.556759238243103,3.9103341102600098,0.7004612684249878,-0.8263592720031738,-0.459261953830719,0.7399856448173523,1.7350177764892578,2.764547824859619,-0.5925995111465454,0.2305314838886261,-0.18843883275985718,-0.37669116258621216,-0.9023052453994751,-0.8818128108978271,-0.40466880798339844,-0.49216508865356445,0.5507044792175293,-0.4015745520591736,-0.6028205156326294,0.00570901483297348,1.4732855558395386,-0.28198856115341187,-0.6596399545669556,-0.1446627378463745,1.548763632774353,-0.017584919929504395,-0.8446213006973267,0.09241294860839844,1.7001044750213623,-0.3625769019126892,0.6473242044448853,0.9222281575202942,0.4985710382461548,-0.2012653350830078,-0.9565830826759338,0.010817136615514755,-0.9658442735671997,0.5245744585990906,0.7128068208694458,-0.16574335098266602,0.7618897557258606,-0.09328508377075195,-0.44582343101501465,1.1822034120559692,-0.340387225151062,3.1376302242279053,0.3960801661014557,0.8423742055892944,-0.5067908763885498,0.5443830490112305,-0.2965618371963501,-0.4669903516769409,2.3258609771728516,-0.3186418414115906,-0.41629093885421753,0.5559103488922119,-0.11640852689743042,-0.6587232351303101,0.6179013252258301,0.46342119574546814,-0.48401445150375366,2.316448926925659,2.900475263595581,-0.975597083568573,-0.19646954536437988,-0.8851546049118042,-0.1518726944923401
Royce O'Neale,-0.8105161190032959,-0.45587700605392456,0.24391236901283264,1.624150037765503,1.7413697242736816,-0.8004644513130188,1.002936840057373,-0.2373361587524414,0.9906966686248779,3.1448001861572266,-0.5813506841659546,2.6144556999206543,-0.10660332441329956,-0.8373845815658569,6.389281272888184,2.0227415561676025,-0.956883430480957,0.002903694985434413,1.927899718284607,2.2818350791931152,4.0759429931640625,-0.7560296654701233,1.3602527379989624,-0.04651731252670288,-0.6733121275901794,-0.9893726706504822,-0.9749996662139893,-0.740493655204773,-0.5333760976791382,0.36748984456062317,-0.5258573293685913,-0.9200096726417542,-0.282684862613678,1.977193832397461,-0.1388552188873291,-0.9173906445503235,0.01913050189614296,2.7392821311950684,-0.3766230344772339,-0.9791102409362793,-0.554130494594574,2.646095037460327,0.6085142493247986,2.388734817504883,1.912371039390564,1.960073709487915,0.47971662878990173,-0.9949615597724915,1.111127495765686,-0.9949171543121338,0.9636384844779968,1.6637849807739258,1.0658084154129028,0.9528242945671082,0.873369574546814,-0.7693416476249695,1.5434255599975586,-0.537468671798706,5.976404666900635,0.17060153186321259,2.715803623199463,0.039546605199575424,1.925860047340393,0.07779694348573685,-0.8011095523834229,3.488908290863037,0.2853042483329773,-0.383441686630249,0.37348127365112305,0.02096167951822281,-0.7862414717674255,2.9009952545166016,2.072068691253662,-0.44846606254577637,3.856657028198242,5.033191204071045,-0.9993776082992554,-0.5631197690963745,-0.973924994468689,-0.40705835819244385
Kelly Oubre Jr.,0.03293029963970184,-0.3610568046569824,-0.12981289625167847,0.8408496379852295,1.1121962070465088,-0.7974303960800171,0.8174014687538147,-0.49936211109161377,1.2503163814544678,0.9449605941772461,-0.2502119541168213,0.8937117457389832,-0.2217625379562378,-0.4569907784461975,4.344132423400879,0.0515165738761425,-0.8870293498039246,-0.48634177446365356,0.2460942417383194,1.6658275127410889,3.2596733570098877,-0.7227315902709961,-0.12891840934753418,-0.5223925709724426,-0.35367345809936523,-0.8509045839309692,-0.9106211066246033,-0.139584481716156,-0.5637218356132507,0.6272569894790649,-0.6448662877082825,-0.42797231674194336,0.5874722599983215,1.5504634380340576,-0.4938422441482544,-0.5323970317840576,0.17658184468746185,1.7749422788619995,0.05999794974923134,-0.863301694393158,-0.07966333627700806,1.4838188886642456,-0.1566503643989563,0.5412176251411438,0.7777165770530701,0.4977339208126068,-0.4518701434135437,-0.9667931199073792,-0.3247312307357788,-0.9796346426010132,0.37988772988319397,0.5300161838531494,-0.3896753787994385,0.25779393315315247,-0.33502882719039917,-0.4384850859642029,1.4104140996932983,-0.09483253955841064,2.64328932762146,0.27569684386253357,0.74992835521698,-0.6041600704193115,0.5457777976989746,-0.5593940019607544,0.05535700172185898,2.407493829727173,-0.36677098274230957,-0.5062750577926636,0.4107738733291626,-0.024111628532409668,-0.7966274619102478,0.36610087752342224,-0.19658112525939941,-0.18732237815856934,2.218459367752075,2.7136638164520264,-0.9709752202033997,-0.08103609085083008,-0.9064908027648926,0.10929074883460999
Chris Paul,-0.7063214778900146,-0.41684699058532715,0.05580238997936249,1.3672986030578613,1.6328222751617432,-0.8192116022109985,1.2254801988601685,-0.306549608707428,1.439426302909851,3.097867012023926,-0.5277805328369141,2.643383026123047,-0.21398502588272095,-0.8328362107276917,6.562875270843506,1.864307165145874,-0.9578303694725037,-0.09385043382644653,1.9203139543533325,2.4468424320220947,4.52906608581543,-0.7592849731445312,0.9171244502067566,-0.19526469707489014,-0.5487052202224731,-0.9879326224327087,-0.969349205493927,-0.6999061107635498,-0.5613621473312378,0.7259666323661804,-0.6281036138534546,-0.9025669097900391,-0.12601280212402344,2.3085079193115234,-0.14772939682006836,-0.9015985131263733,-0.0788465142250061,3.0630247592926025,-0.25001704692840576,-0.9700610041618347,-0.30859464406967163,2.6950104236602783,0.05390605330467224,1.7800077199935913,1.7239927053451538,1.8078606128692627,0.2171085774898529,-0.995681881904602,0.7671357989311218,-0.9960044622421265,0.9993525147438049,1.740290641784668,0.5603918433189392,0.9552981853485107,0.49072402715682983,-0.7356265783309937,1.7382099628448486,-0.5232155919075012,5.803915023803711,0.12120012193918228,2.4072060585021973,-0.21572273969650269,1.5321897268295288,-0.1790054440498352,-0.768912136554718,3.9010515213012695,-0.10464662313461304,-0.4031738042831421,0.616578221321106,-0.05702316761016846,-0.7772229909896851,2.306058645248413,1.7841849327087402,-0.5348012447357178,3.916152000427246,4.986959934234619,-0.999172031879425,-0.5340556502342224,-0.974042534828186,-0.2993709444999695
Cameron Payne,-0.6778783798217773,-0.35636985301971436,0.14734600484371185,1.220914602279663,1.4758813381195068,-0.7292927503585815,0.9081457257270813,-0.18746531009674072,0.9947726130485535,2.791429042816162,-0.5381679534912109,2.286375045776367,-0.16105496883392334,-0.7777084708213806,5.279728412628174,1.730717420578003,-0.9183539748191833,-0.028802216053009033,1.6539437770843506,1.9215043783187866,3.6358695030212402,-0.687740683555603,0.9459526538848877,-0.05318260192871094,-0.5547846555709839,-0.9768062829971313,-0.9426324963569641,-0.6421146392822266,-0.4553217887878418,0.5473185181617737,-0.5190412998199463,-0.872592031955719,-0.2812589406967163,1.8513458967208862,-0.1814723014831543,-0.8727138042449951,-0.11645543575286865,2.4742603302001953,-0.25075626373291016,-0.9504538178443909,-0.30028223991394043,2.347656488418579,0.18347667157649994,1.7134736776351929,1.4439823627471924,1.5830237865447998,0.33850133419036865,-0.9893032908439636,0.7591049075126648,-0.9887359738349915,0.7703415751457214,1.3969744443893433,0.6936502456665039,0.9323323369026184,0.4843272566795349,-0.6817387938499451,1.368626356124878,-0.5062850713729858,4.96636438369751,0.19844914972782135,2.0997631549835205,-0.13180094957351685,1.5642035007476807,-0.05678153038024902,-0.7473462224006653,3.0392448902130127,-0.010619401931762695,-0.37091028690338135,0.4198068082332611,0.029658233746886253,-0.7242293953895569,2.073580265045166,1.6605175733566284,-0.49957209825515747,3.3573851585388184,4.1852126121521,-0.9975948333740234,-0.46948015689849854,-0.94928377866745,-0.37198907136917114
Elfrid Payton,-0.4188556671142578,-0.38913458585739136,0.6149162650108337,0.5897305011749268,0.8538978695869446,-0.3169782757759094,0.28615647554397583,0.5516703724861145,-0.06578195095062256,1.8285229206085205,-0.2249433398246765,1.3743531703948975,-0.192857027053833,-0.6165352463722229,1.4813957214355469,1.5328916311264038,-0.47778016328811646,0.1796671450138092,0.8757097125053406,0.8088023662567139,1.2573676109313965,0.03058675117790699,0.874548077583313,0.43547719717025757,-0.44980257749557495,-0.8705665469169617,-0.6405940055847168,-0.5681174993515015,-0.0781562328338623,0.5110400915145874,-0.09508699178695679,-0.8163279891014099,-0.5832826495170593,0.8160818219184875,0.10655620694160461,-0.6583988666534424,-0.021061718463897705,1.2643238306045532,-0.28872936964035034,-0.7258092761039734,0.29258790612220764,1.5730316638946533,-0.03544050455093384,0.9821687340736389,0.4870215952396393,0.8048244118690491,0.15845941007137299,-0.893684983253479,0.5261713266372681,-0.7832774519920349,0.14817596971988678,0.5785807967185974,0.37404999136924744,1.2293577194213867,0.48296433687210083,-0.6046915054321289,0.588135302066803,-0.58558189868927,2.8674771785736084,0.3766046464443207,1.275263786315918,0.11473748087882996,1.280821681022644,0.2502358555793762,-0.6976805925369263,0.7650816440582275,0.06016961857676506,0.15509168803691864,0.8019479513168335,0.24585308134555817,-0.34464919567108154,0.761040985584259,1.2575156688690186,-0.4984392523765564,2.027416706085205,2.0442380905151367,-0.9113240242004395,-0.3082319498062134,-0.5578435659408569,-0.5573883056640625
Julian Phillips,-0.5763823390007019,-0.4063395857810974,0.27027249336242676,1.0753660202026367,1.1662932634353638,-0.5832534432411194,0.5794295072555542,-0.1392529010772705,0.9841400980949402,2.392632246017456,-0.5442612767219543,1.7714896202087402,-0.20939034223556519,-0.6962824463844299,4.054559707641602,1.404583215713501,-0.8196687698364258,-0.352752149105072,1.3270572423934937,1.7247493267059326,2.6553268432617188,-0.5248475074768066,0.7951917052268982,-0.023296058177947998,-0.37784242630004883,-0.9566214680671692,-0.8855418562889099,-0.6581171751022339,-0.3972867727279663,0.35721269249916077,-0.25943243503570557,-0.7849730849266052,-0.46831804513931274,1.5481324195861816,-0.22154778242111206,-0.8259561061859131,-0.3450382947921753,1.5396958589553833,-0.2885284423828125,-0.9273809194564819,-0.2944953441619873,1.961085319519043,-0.09000390768051147,1.2444616556167603,1.2081562280654907,1.1459287405014038,0.14240124821662903,-0.9698945879936218,0.6216269731521606,-0.9666550159454346,0.6194781064987183,1.0371679067611694,0.5462369322776794,1.1529920101165771,0.42793697118759155,-0.54189133644104,1.0762758255004883,-0.5508251786231995,4.136221885681152,0.40857994556427,1.405496597290039,-0.2469034194946289,1.16280996799469,0.18898427486419678,-0.7399765253067017,2.407073497772217,-0.1701815128326416,-0.4196193814277649,0.5566941499710083,-0.215894877910614,-0.6547294855117798,1.4389832019805908,1.3714592456817627,-0.5171284675598145,2.912416934967041,3.3835487365722656,-0.988436222076416,-0.5398879051208496,-0.8981999158859253,-0.32919710874557495
Jalen Pickett,-0.7619022130966187,-0.4335331320762634,0.4363502562046051,1.377350091934204,1.4726605415344238,-0.650648832321167,0.7404835224151611,0.04833536595106125,0.8042494058609009,3.256247043609619,-0.5616099834442139,2.5596816539764404,-0.2609238028526306,-0.8205705881118774,4.851980209350586,2.3606820106506348,-0.8904212713241577,0.044577065855264664,2.0096774101257324,1.9823492765426636,3.2490620613098145,-0.5335590839385986,1.33832848072052,0.2447701096534729,-0.5412983894348145,-0.9857755899429321,-0.9335520267486572,-0.7740417718887329,-0.3792918920516968,0.48539450764656067,-0.3709357976913452,-0.9254153370857239,-0.5770668387413025,1.8869597911834717,0.06734929233789444,-0.9171108603477478,-0.25644248723983765,2.4241445064544678,-0.37753134965896606,-0.9600610136985779,-0.32617366313934326,2.496746301651001,0.2691722810268402,1.9246159791946411,1.5397483110427856,1.9147757291793823,0.4409942328929901,-0.9897262454032898,1.135664939880371,-0.9848739504814148,0.764470636844635,1.5634982585906982,1.0201700925827026,1.4424461126327515,0.9421586990356445,-0.7278038263320923,1.2550334930419922,-0.6494854092597961,5.4897003173828125,0.34485772252082825,2.330139636993408,0.12583163380622864,1.8662469387054443,0.3646550476551056,-0.8602112531661987,2.8767755031585693,0.11877966672182083,-0.23072803020477295,0.7113834023475647,-0.0031107664108276367,-0.6541943550109863,2.309901237487793,2.2921829223632812,-0.5668356418609619,3.73746657371521,4.339540004730225,-0.9975627064704895,-0.6115723252296448,-0.9380579590797424,-0.5456317663192749
Scotty Pippen Jr.,-0.3167734742164612,-0.38052499294281006,0.04426024481654167,0.9082664847373962,1.1781359910964966,-0.7164844274520874,0.7761223316192627,-0.30663949251174927,1.0394647121429443,1.5966081619262695,-0.3615027666091919,1.2882757186889648,-0.16470324993133545,-0.5894834995269775,4.228664875030518,0.6700823307037354,-0.856986939907074,-0.41497981548309326,0.7512497305870056,1.6679099798202515,2.9695591926574707,-0.6565046906471252,0.2706483006477356,-0.30394577980041504,-0.4492661952972412,-0.9140321016311646,-0.9084537625312805,-0.391277015209198,-0.5145105123519897,0.547280490398407,-0.49161767959594727,-0.6488639116287231,0.10124996304512024,1.5460965633392334,-0.3667895793914795,-0.699332594871521,-0.042983949184417725,1.76511812210083,-0.0664980411529541,-0.8782790899276733,-0.10268402099609375,1.759574055671692,-0.1702479124069214,0.8352426886558533,0.9741246700286865,0.6810614466667175,-0.20387417078018188,-0.9666056632995605,0.06601952016353607,-0.9745482802391052,0.531164824962616,0.7606785893440247,-0.01830124855041504,0.6344972252845764,-0.03455805778503418,-0.5036703944206238,1.284103512763977,-0.3387420177459717,3.279606580734253,0.3887507915496826,0.9968845248222351,-0.49379950761795044,0.776132345199585,-0.34597235918045044,-0.4344242811203003,2.3688056468963623,-0.2420576810836792,-0.4361359477043152,0.4332999885082245,-0.05660802125930786,-0.7323567867279053,0.8604046106338501,0.47398245334625244,-0.3963279724121094,2.4409420490264893,3.0546915531158447,-0.9824548959732056,-0.18739759922027588,-0.9065639972686768,-0.129594087600708
Brandin Podziemski,-0.4902315139770508,-0.38614368438720703,0.0367075614631176,1.2655630111694336,1.4456380605697632,-0.8188060522079468,1.023123860359192,-0.40530502796173096,1.307283878326416,2.201786518096924,-0.4567232131958008,1.8868666887283325,-0.2519371509552002,-0.7247374057769775,5.645003795623779,1.090029001235962,-0.9414944052696228,-0.25323808193206787,1.1451538801193237,2.0704097747802734,3.9884915351867676,-0.749683141708374,0.6169103980064392,-0.40955305099487305,-0.5496969223022461,-0.9676119685173035,-0.9602435827255249,-0.5274184346199036,-0.5296159386634827,0.6661399602890015,-0.6293815970420837,-0.8196588754653931,0.16389665007591248,1.942138433456421,-0.3562663793563843,-0.8305183053016663,0.04922296851873398,2.616854429244995,-0.11654382944107056,-0.95025235414505,-0.3101980686187744,2.2179062366485596,0.1371610164642334,1.4031912088394165,1.2671955823898315,1.339645504951477,-0.06659364700317383,-0.9906114339828491,0.33362799882888794,-0.9929147958755493,0.6971802115440369,1.1962190866470337,0.26261529326438904,0.6276516914367676,0.16302239894866943,-0.6602263450622559,1.6049962043762207,-0.4014700651168823,4.508483409881592,0.3368246853351593,1.7452754974365234,-0.38466620445251465,1.2813749313354492,-0.4047672152519226,-0.5633150935173035,3.168048858642578,-0.10250294208526611,-0.43292146921157837,0.4190775156021118,-0.055119872093200684,-0.8114207983016968,1.636149287223816,0.9628187417984009,-0.3665802478790283,3.270376205444336,4.0699357986450195,-0.9966967105865479,-0.3633681535720825,-0.9582732915878296,-0.18995565176010132
Jakob Poeltl,0.43084967136383057,-0.5612859725952148,0.24561727046966553,0.25046029686927795,0.6475017666816711,-0.4991222023963928,0.22413548827171326,0.07492980360984802,0.509589433670044,0.40566036105155945,0.05766232684254646,0.49696898460388184,-0.14826834201812744,-0.3211049437522888,1.7906798124313354,-0.0774233341217041,-0.5714437961578369,-0.604468584060669,-0.16161584854125977,1.34528648853302,1.4686040878295898,-0.2914414405822754,0.010336298495531082,-0.3313367962837219,-0.15730679035186768,-0.5464843511581421,-0.6773070096969604,-0.2388216257095337,-0.3975617289543152,0.303102046251297,-0.09991246461868286,-0.260097861289978,0.16482369601726532,0.4344927966594696,-0.4822373390197754,0.41780656576156616,0.22579489648342133,0.8856062293052673,0.2387072741985321,-0.6342877149581909,0.6151900291442871,0.9896304607391357,-0.6189913749694824,0.21845504641532898,0.0010485060047358274,-0.33625853061676025,-0.5059641599655151,-0.8633707165718079,-0.557520866394043,-0.8705852031707764,-0.03545743227005005,-0.15124499797821045,-0.6537639498710632,1.3205896615982056,-0.4576224684715271,-0.28089749813079834,0.8129980564117432,-0.4419543743133545,1.3666739463806152,0.39939644932746887,0.09691938012838364,-0.6060757040977478,-0.06315714120864868,-0.39309048652648926,-0.20962339639663696,0.7928044199943542,-0.53520268201828,-0.47577255964279175,1.2554935216903687,-0.044972121715545654,-0.34906792640686035,-0.5637683868408203,-0.31911027431488037,-0.19868886470794678,1.297384262084961,1.377343773841858,-0.6124252676963806,0.02996957302093506,-0.6914041638374329,-0.20580434799194336
Jordan Poole,-0.48372238874435425,-0.4440605044364929,-0.3021988868713379,1.1481800079345703,1.394707202911377,-0.9157398343086243,1.5917654037475586,-0.6674799919128418,2.08426833152771,1.7076146602630615,-0.2761356830596924,1.7285181283950806,-0.21713042259216309,-0.6856890320777893,7.321964740753174,0.2802583575248718,-0.9759804606437683,-0.3418176770210266,0.8595240116119385,2.3404016494750977,5.0975565910339355,-0.874314546585083,0.12396326661109924,-0.5599919557571411,-0.4830063581466675,-0.9608222842216492,-0.979526162147522,-0.4286561608314514,-0.7121407985687256,0.9613648653030396,-0.7874794006347656,-0.7349439859390259,0.8627980351448059,2.4135544300079346,-0.35779309272766113,-0.7784119248390198,0.4482519328594208,3.029247999191284,-0.04113185405731201,-0.9617965817451477,-0.3454934358596802,2.130950927734375,0.04541503265500069,1.0511448383331299,1.5439406633377075,1.1403939723968506,-0.3427487015724182,-0.9952605366706848,-0.043560683727264404,-0.9971286058425903,0.9455772042274475,1.4109368324279785,-0.2994843125343323,-0.12658631801605225,-0.18529868125915527,-0.67905592918396,2.056438446044922,-0.1839119791984558,4.756887435913086,-0.05354869365692139,1.868064284324646,-0.6124148368835449,0.7080627679824829,-0.6099420785903931,-0.13038522005081177,4.190179824829102,-0.4011151194572449,-0.48706358671188354,0.454144686460495,-0.16663622856140137,-0.8869421482086182,1.388269305229187,0.23013603687286377,-0.26621687412261963,3.3390579223632812,4.482583999633789,-0.9984912872314453,-0.26573777198791504,-0.9755648374557495,0.3911328613758087
Craig Porter Jr.,-0.5717328786849976,-0.4202541708946228,0.3749701976776123,0.9218624830245972,1.0574727058410645,-0.42881840467453003,0.5076507329940796,0.08430177718400955,0.7044901847839355,2.2355411052703857,-0.4626920819282532,1.7068475484848022,-0.22812074422836304,-0.6537006497383118,3.039674997329712,1.6053600311279297,-0.7296683192253113,-0.2299562692642212,1.2908635139465332,1.513941764831543,2.0646350383758545,-0.2739940881729126,0.8524035811424255,0.2548255920410156,-0.349623441696167,-0.9405377507209778,-0.8097158074378967,-0.6761316061019897,-0.2063208818435669,0.34345415234565735,-0.10159134864807129,-0.8076719641685486,-0.5607912540435791,1.27066171169281,0.00841585174202919,-0.8096470832824707,-0.31789857149124146,1.3382978439331055,-0.2707502841949463,-0.8826693296432495,0.047869615256786346,1.8096765279769897,-0.20969367027282715,1.0914303064346313,1.0032001733779907,1.0900286436080933,0.21492797136306763,-0.9506663084030151,0.6599816083908081,-0.9274781942367554,0.4739684760570526,0.9223629832267761,0.5305652618408203,1.3045066595077515,0.5403423309326172,-0.5468413829803467,0.8759172558784485,-0.571984052658081,3.731738567352295,0.4835854172706604,1.3663358688354492,-0.07391846179962158,1.1206563711166382,0.30108389258384705,-0.7691305875778198,1.923237681388855,-0.08709877729415894,-0.19684362411499023,0.7311620712280273,-0.13367396593093872,-0.4825671315193176,1.1848143339157104,1.5491480827331543,-0.5491840839385986,2.643388032913208,2.9468376636505127,-0.9750651121139526,-0.4872278571128845,-0.8192051649093628,-0.4659923315048218
Kevin Porter Jr.,-0.2405250072479248,-0.39101022481918335,0.08755975216627121,0.763346791267395,1.1920549869537354,-0.7734144926071167,0.9792777299880981,-0.2988528609275818,1.1911743879318237,1.705133080482483,-0.30304062366485596,1.621782660484314,-0.2789667844772339,-0.6447046399116516,4.5464863777160645,0.880163848400116,-0.8936157822608948,-0.28649723529815674,0.8390542268753052,1.8412505388259888,3.4319756031036377,-0.6284968852996826,0.2445414513349533,-0.33615827560424805,-0.38883310556411743,-0.923159122467041,-0.9054871201515198,-0.453305721282959,-0.5182973742485046,0.7713497877120972,-0.5590898990631104,-0.7265316247940063,0.1083260178565979,1.7614402770996094,-0.2637444734573364,-0.6671841144561768,0.03601662442088127,2.196282148361206,-0.009980201721191406,-0.8840691447257996,0.09836437553167343,1.915696620941162,-0.27596932649612427,0.7274231910705566,0.8706179857254028,0.8708757758140564,-0.259471595287323,-0.9797631502151489,-0.0008419156074523926,-0.9823001623153687,0.5540503263473511,0.9050102233886719,-0.28789472579956055,0.688477635383606,-0.09074139595031738,-0.5841672420501709,1.4618167877197266,-0.378753125667572,3.6034762859344482,0.2763661742210388,1.249402642250061,-0.4422518014907837,0.8291826248168945,-0.43981122970581055,-0.4814416170120239,2.7140719890594482,-0.36272144317626953,-0.37370765209198,0.7901351451873779,-0.038924336433410645,-0.7186737060546875,0.6672083735466003,0.6053043603897095,-0.42810893058776855,2.754713773727417,3.315621852874756,-0.9856059551239014,-0.30102038383483887,-0.9114685654640198,-0.17340034246444702
Michael Porter Jr.,-0.24293625354766846,-0.41207122802734375,-0.1562219262123108,1.2557077407836914,1.3939149379730225,-0.8645745515823364,1.0953729152679443,-0.5813665390014648,1.6258751153945923,1.5233010053634644,-0.38411974906921387,1.4499762058258057,-0.27942562103271484,-0.6402586698532104,5.912294864654541,0.35778072476387024,-0.9546593427658081,-0.43615251779556274,0.6349849700927734,2.1728298664093018,4.218016147613525,-0.8038167357444763,0.20098575949668884,-0.6080661416053772,-0.5000326633453369,-0.9447796940803528,-0.9654349684715271,-0.36072850227355957,-0.5806430578231812,0.6348831653594971,-0.6994647979736328,-0.6851058006286621,0.6514102220535278,1.9138193130493164,-0.4941297173500061,-0.7525379657745361,0.19286933541297913,2.521574020385742,-0.0001697540283203125,-0.9466143250465393,-0.2978630065917969,1.9774216413497925,0.01830804906785488,1.118453025817871,1.1618708372116089,1.0200886726379395,-0.32983410358428955,-0.9900931119918823,-0.13224327564239502,-0.994418740272522,0.6309223175048828,1.0053750276565552,-0.15996003150939941,0.2510867416858673,-0.1912643313407898,-0.5971002578735352,1.6990835666656494,-0.2307552695274353,3.8570971488952637,0.3375439941883087,1.359500765800476,-0.5629485845565796,0.8793697953224182,-0.6059799194335938,-0.1781432032585144,3.24491286277771,-0.18997728824615479,-0.5378737449645996,0.3247733414173126,-0.12207001447677612,-0.8593223094940186,1.2185090780258179,0.2635852098464966,-0.15925729274749756,2.9994637966156006,3.8328933715820312,-0.9947506785392761,-0.2576294541358948,-0.961745023727417,0.09894758462905884
Bobby Portis,-0.18945950269699097,-0.3964477777481079,0.06410903483629227,1.0216480493545532,1.3276190757751465,-0.7956289052963257,0.8491097092628479,-0.3337308168411255,1.1176732778549194,1.6024789810180664,-0.34595561027526855,1.409714698791504,-0.3014058470726013,-0.6336260437965393,4.653590202331543,0.6943991780281067,-0.9158252477645874,-0.2747921347618103,0.6314585208892822,1.8557240962982178,3.5774381160736084,-0.6851688623428345,0.26647767424583435,-0.44799697399139404,-0.5029432773590088,-0.9306100010871887,-0.9370238780975342,-0.368441641330719,-0.48121535778045654,0.7136125564575195,-0.6295748353004456,-0.7421515583992004,0.30569785833358765,1.6646589040756226,-0.41709381341934204,-0.701317548751831,0.20368258655071259,2.3423476219177246,-0.0464552640914917,-0.9175747036933899,-0.037625133991241455,1.9099557399749756,-0.04604524374008179,1.06668221950531,0.8708263039588928,0.9482949376106262,-0.3111651539802551,-0.9820930361747742,-0.02369755506515503,-0.9867138266563416,0.4357292354106903,0.7887315154075623,-0.11497688293457031,0.6034706234931946,-0.08995455503463745,-0.619925856590271,1.4872905015945435,-0.32109367847442627,3.549957275390625,0.4114189147949219,1.363234043121338,-0.4335278868675232,1.0831940174102783,-0.5248869061470032,-0.36149102449417114,2.55081844329834,-0.14698010683059692,-0.39869368076324463,0.5345916748046875,0.08270255476236343,-0.7911375761032104,0.9180943369865417,0.5115123391151428,-0.2716609239578247,2.7973573207855225,3.339520215988159,-0.9876365661621094,-0.22197556495666504,-0.9292048811912537,-0.19701910018920898
Kristaps Porziņģis,-0.23061800003051758,-0.44653570652008057,-0.22158414125442505,1.0788168907165527,1.2932794094085693,-0.8965510129928589,1.4171184301376343,-0.635364294052124,1.9224964380264282,1.334269642829895,-0.30183112621307373,1.361899971961975,-0.2170121669769287,-0.5971134901046753,6.408054828643799,0.050255924463272095,-0.9626585841178894,-0.5045473575592041,0.4977857768535614,2.2883524894714355,4.488735198974609,-0.8343870639801025,-0.0015280842781066895,-0.6030057668685913,-0.47768110036849976,-0.9367755055427551,-0.9716581106185913,-0.3388015031814575,-0.6727491021156311,0.8913406133651733,-0.7083423733711243,-0.5998846292495728,0.8181259632110596,2.1521823406219482,-0.44527554512023926,-0.7078416347503662,0.23740004003047943,2.5097949504852295,0.07149962335824966,-0.9399381875991821,-0.23667728900909424,2.0210134983062744,-0.21221429109573364,0.7386788129806519,1.2509222030639648,0.691411018371582,-0.4453953504562378,-0.9904942512512207,-0.21583044528961182,-0.9951398968696594,0.7263938784599304,1.0424748659133911,-0.4099140763282776,0.042785853147506714,-0.3146987557411194,-0.5956354737281799,1.902441382408142,-0.175140380859375,3.9696035385131836,0.3082495629787445,1.22966730594635,-0.6655902862548828,0.43860694766044617,-0.6302812099456787,-0.001104593276977539,3.6182138919830322,-0.3809330463409424,-0.5221774578094482,0.43402019143104553,-0.222306489944458,-0.8711460828781128,0.8806805610656738,-0.09622573852539062,-0.32172244787216187,3.0178580284118652,3.9673099517822266,-0.995555579662323,-0.15625035762786865,-0.9646590948104858,0.3132936656475067
Quinten Post,-0.6986848711967468,-0.37010347843170166,0.20862483978271484,1.5403811931610107,1.5595118999481201,-0.7489621043205261,0.8075010180473328,-0.3449894189834595,1.1590325832366943,2.812227964401245,-0.5953167676925659,2.26470947265625,-0.1800023317337036,-0.7760726809501648,5.624355316162109,1.6151328086853027,-0.934065043926239,-0.2810540199279785,1.6704329252243042,2.1631057262420654,3.6683897972106934,-0.7166617512702942,1.0844287872314453,-0.21779972314834595,-0.5554701685905457,-0.9828115701675415,-0.9582043886184692,-0.6641080975532532,-0.46362727880477905,0.3143905997276306,-0.5104813575744629,-0.8688740730285645,-0.2704903483390808,1.8122315406799316,-0.3064451217651367,-0.8976454734802246,-0.20298314094543457,2.3583872318267822,-0.2918700575828552,-0.9691075682640076,-0.49901413917541504,2.406456708908081,0.3594435751438141,1.9500788450241089,1.6390209197998047,1.6704158782958984,0.3612612783908844,-0.9911133646965027,0.7939197421073914,-0.9918708801269531,0.8093363046646118,1.4034181833267212,0.8516594171524048,0.9802687764167786,0.5667217969894409,-0.6620661020278931,1.3221861124038696,-0.5266791582107544,5.1665143966674805,0.26110655069351196,2.0569756031036377,-0.18616455793380737,1.5846824645996094,-0.06431913375854492,-0.758167028427124,3.176220417022705,0.139985591173172,-0.4957464933395386,0.26954105496406555,-0.16066128015518188,-0.7867880463600159,2.4479846954345703,1.6148486137390137,-0.3973551392555237,3.4423117637634277,4.360896110534668,-0.9981746673583984,-0.5407365560531616,-0.9615938067436218,-0.285616397857666
Micah Potter,-0.7714386582374573,-0.37381261587142944,0.2940184473991394,1.6353942155838013,1.503365397453308,-0.6779651641845703,0.6577628254890442,-0.3240498900413513,1.1008416414260864,3.1096432209014893,-0.6296195387840271,2.4057652950286865,-0.17607051134109497,-0.7858271598815918,5.189286708831787,2.0476973056793213,-0.9006447196006775,-0.3886975646018982,2.026625633239746,2.2695813179016113,3.285740375518799,-0.6489059925079346,1.2405660152435303,0.06306295096874237,-0.37736213207244873,-0.987629771232605,-0.9325762987136841,-0.749813437461853,-0.4533383250236511,0.18996715545654297,-0.462507963180542,-0.8671959638595581,-0.500734806060791,1.8835246562957764,-0.14528638124465942,-0.9232661724090576,-0.4374745488166809,1.9277187585830688,-0.40620726346969604,-0.9687464237213135,-0.5027345418930054,2.3722290992736816,0.24704620242118835,1.931855320930481,1.8731420040130615,1.884482741355896,0.32763025164604187,-0.9899357557296753,1.0093976259231567,-0.9881913065910339,0.8134640455245972,1.5307894945144653,1.01055908203125,1.4364455938339233,0.8326687216758728,-0.6109267473220825,1.1248047351837158,-0.5561738610267639,5.40765905380249,0.10392876714468002,2.0582382678985596,-0.14994555711746216,1.62189519405365,0.42691731452941895,-0.835870623588562,3.208817720413208,-0.024831295013427734,-0.4966028332710266,0.4838702082633972,-0.2033020257949829,-0.7088044881820679,2.5061092376708984,1.9230254888534546,-0.5220932960510254,3.637514591217041,4.303107261657715,-0.9978815913200378,-0.6759241223335266,-0.9495012164115906,-0.39291709661483765
Norman Powell,-0.16913700103759766,-0.42661458253860474,-0.26874393224716187,1.055346965789795,1.2180428504943848,-0.8926733732223511,1.35072922706604,-0.6677826046943665,1.9459409713745117,1.1476655006408691,-0.2255001664161682,1.2022050619125366,-0.2595480680465698,-0.5660055875778198,6.234163284301758,-0.13309156894683838,-0.9611366987228394,-0.4878075122833252,0.4087640345096588,2.1556389331817627,4.443203449249268,-0.8397884368896484,-0.11479723453521729,-0.6242762207984924,-0.4149922728538513,-0.9220966100692749,-0.968749463558197,-0.24491965770721436,-0.6675753593444824,0.8598514795303345,-0.7474116086959839,-0.5756793022155762,0.9484875202178955,2.0805392265319824,-0.4639558792114258,-0.6795881986618042,0.38561123609542847,2.538606643676758,0.06456359475851059,-0.9368513822555542,-0.23020392656326294,1.8155044317245483,-0.11668533086776733,0.6768534183502197,1.182160496711731,0.7178353071212769,-0.4596647620201111,-0.9891549944877625,-0.2934712767601013,-0.9945269227027893,0.6930969953536987,0.9910486340522766,-0.4325634837150574,-0.11155176162719727,-0.3518725037574768,-0.5766394138336182,1.8358137607574463,-0.11178338527679443,3.6936821937561035,0.17912352085113525,1.226011037826538,-0.6695622205734253,0.43066591024398804,-0.6583155989646912,0.17010362446308136,3.5201263427734375,-0.3872702121734619,-0.5169631242752075,0.39547592401504517,-0.19859004020690918,-0.8760021924972534,0.8427405953407288,-0.2093890905380249,-0.16948652267456055,2.793471574783325,3.6784191131591797,-0.9942328333854675,-0.10973834991455078,-0.9605991244316101,0.43595805764198303
Taurean Prince,-0.7190159559249878,-0.38715147972106934,0.1955963522195816,1.4462822675704956,1.5130650997161865,-0.7342194318771362,0.7711853384971619,-0.27950382232666016,1.0454951524734497,2.722437858581543,-0.5589985251426697,2.1212856769561768,-0.14362919330596924,-0.768140971660614,5.37596321105957,1.6115831136703491,-0.9261396527290344,-0.22839653491973877,1.6112847328186035,2.155470132827759,3.530219793319702,-0.6975226402282715,1.0265504121780396,-0.07892203330993652,-0.5531820058822632,-0.9820830821990967,-0.9564919471740723,-0.6553360223770142,-0.4956483244895935,0.3437700569629669,-0.5083239078521729,-0.8612815737724304,-0.2595638632774353,1.781673789024353,-0.23795151710510254,-0.8865152597427368,-0.15776026248931885,2.2457048892974854,-0.3068031072616577,-0.9658482670783997,-0.4786610007286072,2.3054285049438477,0.3212526738643646,1.9456137418746948,1.649857759475708,1.5511332750320435,0.26015159487724304,-0.9888381361961365,0.8208867311477661,-0.9898107647895813,0.8000331521034241,1.3647491931915283,0.8309299945831299,1.0215461254119873,0.6365846991539001,-0.6674060821533203,1.2455202341079712,-0.4865272641181946,5.079930782318115,0.19162683188915253,2.0767862796783447,-0.150343120098114,1.519705891609192,0.027654137462377548,-0.7504979372024536,3.0479042530059814,0.12403184175491333,-0.4270728826522827,0.32089948654174805,-0.06769746541976929,-0.7533180117607117,2.355468511581421,1.587111234664917,-0.44295448064804077,3.304225444793701,4.234194755554199,-0.997816264629364,-0.5213644504547119,-0.9567614197731018,-0.3233664631843567
Payton Pritchard,-0.7093507051467896,-0.44652265310287476,-0.09843683242797852,1.5894643068313599,1.752347469329834,-0.8578635454177856,1.1684577465057373,-0.4846171736717224,1.5178861618041992,2.732189178466797,-0.4794115424156189,2.3503878116607666,-0.17066025733947754,-0.8155227899551392,7.0799736976623535,1.3879070281982422,-0.9677470922470093,-0.24782609939575195,1.670224905014038,2.447878360748291,4.732131004333496,-0.8395218849182129,0.7940753102302551,-0.3800550103187561,-0.5841758847236633,-0.9862842559814453,-0.9789451956748962,-0.6287226676940918,-0.6337006092071533,0.5102589726448059,-0.727230966091156,-0.8784946203231812,0.28943324089050293,2.2503297328948975,-0.332383394241333,-0.8954445123672485,0.18649642169475555,3.0921359062194824,-0.30463874340057373,-0.9768334031105042,-0.4746909737586975,2.5314929485321045,0.3921058475971222,1.9820468425750732,1.9154775142669678,1.8106639385223389,0.08467855304479599,-0.9964269995689392,0.5770191550254822,-0.9971566796302795,1.0295770168304443,1.6834169626235962,0.5764639973640442,0.5768970847129822,0.40941864252090454,-0.7268867492675781,1.786514163017273,-0.43023812770843506,5.585704803466797,-0.03148764371871948,2.4106740951538086,-0.3700975179672241,1.5469928979873657,-0.3526953458786011,-0.6366606950759888,3.9633848667144775,0.0005255663418211043,-0.5014232397079468,0.35111284255981445,-0.0007254481315612793,-0.8544900417327881,2.5221645832061768,1.396997332572937,-0.28375035524368286,3.762401580810547,4.999505043029785,-0.9992876052856445,-0.47612637281417847,-0.9798353910446167,-0.08862364292144775
Olivier-Maxence Prosper,-0.4966927766799927,-0.38095927238464355,0.3838866949081421,0.7424760460853577,0.8670027852058411,-0.49662405252456665,0.49306219816207886,0.0005267691449262202,0.6000992059707642,1.8077315092086792,-0.39620065689086914,1.3039411306381226,-0.17830854654312134,-0.5821043252944946,2.723236322402954,1.1860051155090332,-0.6435837149620056,-0.3151496648788452,0.958332896232605,1.3590553998947144,1.7802226543426514,-0.3379324674606323,0.6013196110725403,0.2155211716890335,-0.3244560956954956,-0.9034510850906372,-0.7728865742683411,-0.5881319046020508,-0.412452757358551,0.4152941405773163,-0.0926322340965271,-0.6783946752548218,-0.49996715784072876,1.3009473085403442,-0.036245107650756836,-0.724912166595459,-0.3255390524864197,0.9549680948257446,-0.23692584037780762,-0.8293012380599976,-0.16172122955322266,1.5750013589859009,-0.21034377813339233,0.7794579267501831,0.901269257068634,0.663417398929596,-0.06418800354003906,-0.9184573888778687,0.4637725055217743,-0.9011497497558594,0.4380820691585541,0.7374950647354126,0.2593364715576172,1.1249260902404785,0.43037405610084534,-0.46185076236724854,0.7996138334274292,-0.48117321729660034,3.1689865589141846,0.4052192270755768,0.9044013619422913,-0.2846828103065491,0.8174634575843811,0.28776681423187256,-0.6837219595909119,1.6616086959838867,-0.2528707981109619,-0.2757301330566406,0.6788280606269836,-0.1038891077041626,-0.5085048675537109,0.7531792521476746,0.9305194616317749,-0.5685670375823975,2.253798484802246,2.4890449047088623,-0.9558125138282776,-0.42384886741638184,-0.7736771106719971,-0.3756309747695923
Trevelin Queen,-0.663131833076477,-0.3671036958694458,0.29171401262283325,1.2025848627090454,1.3462355136871338,-0.6827654242515564,0.762094259262085,-0.13395661115646362,0.8359733819961548,2.637360095977783,-0.5605871677398682,2.148575782775879,-0.20081382989883423,-0.738673985004425,4.5249714851379395,1.7711580991744995,-0.8843458294868469,-0.06810283660888672,1.5208491086959839,1.7926244735717773,3.082488775253296,-0.584139347076416,1.034422516822815,0.03828771039843559,-0.5066942572593689,-0.9699121713638306,-0.9119011163711548,-0.675826370716095,-0.369316041469574,0.46792879700660706,-0.386623740196228,-0.852742075920105,-0.4477660655975342,1.6626255512237549,-0.11469835042953491,-0.8630151748657227,-0.2580528259277344,1.9741181135177612,-0.2693067193031311,-0.9408135414123535,-0.3108441233634949,2.194931983947754,0.14440347254276276,1.6010788679122925,1.2984439134597778,1.5115609169006348,0.30470433831214905,-0.9833859801292419,0.7766751050949097,-0.9799535274505615,0.6156056523323059,1.233237624168396,0.6989830136299133,1.09612238407135,0.5674142837524414,-0.6457347869873047,1.197641134262085,-0.5167572498321533,4.651577472686768,0.3202884793281555,1.8993408679962158,-0.053980350494384766,1.5395258665084839,0.14217709004878998,-0.7703548669815063,2.6388487815856934,-0.025522351264953613,-0.34750086069107056,0.5116391777992249,-0.03061133623123169,-0.6726038455963135,1.831231951713562,1.645437479019165,-0.5339010953903198,3.2604846954345703,3.807004928588867,-0.9951884150505066,-0.5366355180740356,-0.9219781160354614,-0.45708924531936646
Immanuel Quickley,-0.41569983959198,-0.40669727325439453,-0.23145532608032227,1.0448224544525146,1.29677152633667,-0.8912945985794067,1.4582856893539429,-0.6131123304367065,1.92742919921875,1.7092363834381104,-0.301125168800354,1.6218467950820923,-0.2127780318260193,-0.6566329002380371,6.65347146987915,0.3009813725948334,-0.9642779231071472,-0.37050294876098633,0.8172119855880737,2.159982919692993,4.654983997344971,-0.8433616757392883,0.11897975206375122,-0.528652548789978,-0.46700435876846313,-0.9526726007461548,-0.9719910025596619,-0.40781402587890625,-0.6786308288574219,0.9658295512199402,-0.7419869303703308,-0.7120398879051208,0.6875615119934082,2.27738618850708,-0.3762665390968323,-0.7619643807411194,0.3107689619064331,2.7807962894439697,-0.03252291679382324,-0.9493757486343384,-0.2894265055656433,2.092500686645508,-0.059139788150787354,0.8942901492118835,1.3916932344436646,0.9702206254005432,-0.3251468539237976,-0.992438793182373,-0.010078072547912598,-0.9952998757362366,0.8501365184783936,1.258002519607544,-0.2653495669364929,0.011348537169396877,-0.20145481824874878,-0.6455144882202148,1.9203177690505981,-0.2511862516403198,4.452145576477051,0.07641306519508362,1.617225170135498,-0.6077580451965332,0.6504896879196167,-0.5727068185806274,-0.20710492134094238,3.814875602722168,-0.39714479446411133,-0.4752245545387268,0.4317881762981415,-0.19433188438415527,-0.8694411516189575,1.2099405527114868,0.21620380878448486,-0.333909273147583,3.145256519317627,4.151327133178711,-0.9973556399345398,-0.22510850429534912,-0.966627299785614,0.33796724677085876
Lester Quiñones,-0.5994858741760254,-0.39178895950317383,0.14843404293060303,1.132078766822815,1.3238368034362793,-0.6934270858764648,0.7868565917015076,-0.16591185331344604,0.7876041531562805,2.26377534866333,-0.49368804693222046,1.8022643327713013,-0.1596468687057495,-0.7065434455871582,4.465709209442139,1.3888722658157349,-0.8777836561203003,-0.13491201400756836,1.2565767765045166,1.6713981628417969,3.0344977378845215,-0.6340886354446411,0.7360185384750366,-0.09466642141342163,-0.5250582695007324,-0.9538947343826294,-0.9155381917953491,-0.5960408449172974,-0.44229841232299805,0.4650507867336273,-0.4263777732849121,-0.801893413066864,-0.25089597702026367,1.6029890775680542,-0.21970641613006592,-0.824317216873169,-0.10333961248397827,1.866154432296753,-0.25445759296417236,-0.9248993992805481,-0.2626608610153198,2.0254507064819336,0.10415156930685043,1.4036744832992554,1.2402352094650269,1.2364403009414673,0.13187630474567413,-0.9774558544158936,0.5834648013114929,-0.9783509373664856,0.5831456184387207,1.0702738761901855,0.5767413377761841,0.8460143804550171,0.39346209168434143,-0.6133368611335754,1.307390570640564,-0.4249003529548645,4.112555503845215,0.35323625802993774,1.6737736463546753,-0.2150992751121521,1.3592684268951416,-0.007418990135192871,-0.6624435186386108,2.475656509399414,-0.04571056365966797,-0.36499112844467163,0.4264110326766968,0.06769692897796631,-0.6906381845474243,1.5761134624481201,1.2990785837173462,-0.4863394498825073,2.9403762817382812,3.557119846343994,-0.9932059645652771,-0.3863915205001831,-0.9201276898384094,-0.38575440645217896
Julius Randle,0.15620413422584534,-0.3933756947517395,-0.21852552890777588,0.8073498010635376,1.0525580644607544,-0.8549336194992065,1.1570483446121216,-0.6145361065864563,1.7127565145492554,0.8601531982421875,-0.1842285394668579,0.929311215877533,-0.26523494720458984,-0.46365803480148315,5.141738414764404,-0.20422720909118652,-0.9273236393928528,-0.5610817074775696,0.21071654558181763,1.9085068702697754,3.8337018489837646,-0.7834279537200928,-0.292422354221344,-0.6084290742874146,-0.2778504490852356,-0.8596512079238892,-0.937924325466156,-0.12762653827667236,-0.6288862228393555,0.8466864228248596,-0.6981569528579712,-0.3865010142326355,0.8513015508651733,1.8656730651855469,-0.4861012101173401,-0.524296224117279,0.24549600481987,2.0615973472595215,0.11758014559745789,-0.8804087042808533,0.04701672121882439,1.5748428106307983,-0.33186888694763184,0.22269770503044128,0.8719272017478943,0.4147503972053528,-0.5338529348373413,-0.9768088459968567,-0.41904395818710327,-0.9884481430053711,0.486419677734375,0.6631208062171936,-0.5560052394866943,0.04802500456571579,-0.4641959071159363,-0.4597068428993225,1.6807626485824585,-0.06246131658554077,2.9108614921569824,0.24156075716018677,0.7483980059623718,-0.6930863857269287,0.2419758439064026,-0.6366532444953918,0.25123679637908936,2.9831840991973877,-0.4929051399230957,-0.5253745317459106,0.5370743274688721,-0.18065005540847778,-0.8321449756622314,0.21078276634216309,-0.3630678057670593,-0.2248404622077942,2.4107725620269775,2.986276865005493,-0.9804270267486572,-0.040452778339385986,-0.9310754537582397,0.38741597533226013
Duop Reath,-0.7143142819404602,-0.430469274520874,0.36553868651390076,1.3240704536437988,1.455626130104065,-0.6662240028381348,0.7952669858932495,-0.03884762525558472,0.8448700904846191,2.9349067211151123,-0.5995730757713318,2.3023908138275146,-0.21336328983306885,-0.7783988118171692,4.777911186218262,1.9710348844528198,-0.8881542086601257,-0.11860108375549316,1.7265911102294922,1.8839925527572632,3.1477551460266113,-0.5826088190078735,1.1850805282592773,0.09585239738225937,-0.5317041277885437,-0.9784067869186401,-0.9195495843887329,-0.7489444613456726,-0.36497998237609863,0.4221482276916504,-0.32564449310302734,-0.8850246071815491,-0.5418257713317871,1.7399595975875854,-0.07006889581680298,-0.890856146812439,-0.3030990958213806,1.97740638256073,-0.37739062309265137,-0.9549819231033325,-0.29337310791015625,2.352949619293213,0.09952795505523682,1.725773811340332,1.4822194576263428,1.6717331409454346,0.3562813699245453,-0.9864758849143982,0.9766512513160706,-0.9819626212120056,0.7186059355735779,1.3249990940093994,0.9070210456848145,1.2986152172088623,0.7301787734031677,-0.6780599355697632,1.3315032720565796,-0.5916287899017334,5.090585231781006,0.4005417823791504,2.099658489227295,-0.03251159191131592,1.7027490139007568,0.300579696893692,-0.8195332884788513,2.7898306846618652,-0.02757740020751953,-0.32763582468032837,0.6483200788497925,-0.09554499387741089,-0.662872314453125,2.009000539779663,1.9684497117996216,-0.5835621356964111,3.5365467071533203,4.130626201629639,-0.996641993522644,-0.5918415188789368,-0.9303417205810547,-0.4995499849319458
Austin Reaves,-0.2944910526275635,-0.4306979179382324,-0.29225146770477295,1.0540882349014282,1.3127636909484863,-0.903852641582489,1.5419886112213135,-0.673082709312439,2.1277358531951904,1.4625290632247925,-0.2672499418258667,1.4940185546875,-0.21783149242401123,-0.6264393329620361,6.870939254760742,0.026843953877687454,-0.9685181379318237,-0.49465662240982056,0.6702306270599365,2.307997226715088,4.832573890686035,-0.8587278723716736,-0.09090101718902588,-0.6038954257965088,-0.4168561100959778,-0.9438132643699646,-0.9737321138381958,-0.3464963436126709,-0.7075033187866211,0.963420569896698,-0.75654137134552,-0.6271396279335022,0.8815699219703674,2.3223886489868164,-0.43519020080566406,-0.7214653491973877,0.32705917954444885,2.7253520488739014,0.05018949881196022,-0.9478386044502258,-0.23577141761779785,2.042846441268921,-0.19280970096588135,0.6843307018280029,1.3709092140197754,0.8244265913963318,-0.4271644949913025,-0.9927261471748352,-0.20354688167572021,-0.9961799383163452,0.8512989282608032,1.1858292818069458,-0.43673068284988403,-0.07631909847259521,-0.33370494842529297,-0.6034263372421265,2.030686616897583,-0.16372931003570557,4.243316650390625,0.1183653250336647,1.4006470441818237,-0.6809827089309692,0.43644723296165466,-0.6371570825576782,-0.0023384690284729004,3.9984290599823,-0.4699351191520691,-0.5336368680000305,0.4941699802875519,-0.25065213441848755,-0.8807293772697449,0.9641187787055969,-0.06203371286392212,-0.3091365098953247,3.090181350708008,4.128891944885254,-0.9970614314079285,-0.16987085342407227,-0.969787061214447,0.4657231867313385
Cam Reddish,-0.6877745389938354,-0.3984505534172058,0.432969868183136,1.163341760635376,1.1477925777435303,-0.6019158959388733,0.6341238617897034,-0.03966653347015381,0.710835337638855,2.4882349967956543,-0.5111573934555054,1.9298391342163086,-0.18789136409759521,-0.7183343172073364,3.7612016201019287,1.79551362991333,-0.8065562844276428,-0.22089660167694092,1.5387203693389893,1.7277413606643677,2.392421007156372,-0.4503687620162964,1.0542354583740234,0.27235960960388184,-0.4261065125465393,-0.9670251607894897,-0.8655920028686523,-0.7237651348114014,-0.38151443004608154,0.36894169449806213,-0.21719473600387573,-0.827785849571228,-0.5711981654167175,1.5696266889572144,0.09038614481687546,-0.8607658743858337,-0.4002377390861511,1.4395489692687988,-0.3291490077972412,-0.9216437339782715,-0.29513341188430786,1.957393765449524,-0.022933602333068848,1.3774194717407227,1.3398901224136353,1.3579533100128174,0.1354479342699051,-0.9707677960395813,0.8589134216308594,-0.9592254161834717,0.6281692981719971,1.1647197008132935,0.6872748732566833,1.379055380821228,0.8146724104881287,-0.6037328243255615,0.9674246907234192,-0.5255113244056702,4.401341915130615,0.33450034260749817,1.5813300609588623,-0.08271229267120361,1.3251177072525024,0.4562999904155731,-0.8037095069885254,2.3361072540283203,-0.09574764966964722,-0.25576186180114746,0.7104452848434448,-0.09619665145874023,-0.5551466345787048,1.5919827222824097,1.618894100189209,-0.6022086143493652,3.061000108718872,3.4368245601654053,-0.9904699325561523,-0.5824676752090454,-0.8764978051185608,-0.500633955001831
Paul Reed,-0.4501817226409912,-0.3821878433227539,0.3404504358768463,0.8589212894439697,0.8880980014801025,-0.4237423539161682,0.40389424562454224,-0.026401817798614502,0.5687598586082458,1.6841843128204346,-0.4026769995689392,1.2700775861740112,-0.1792217493057251,-0.5309047698974609,2.291165590286255,1.2552791833877563,-0.6384552717208862,-0.36500483751296997,0.9239305853843689,1.4773504734039307,1.5759320259094238,-0.21456748247146606,0.6289263367652893,0.177984818816185,-0.22585982084274292,-0.9004160165786743,-0.7126911878585815,-0.5933349132537842,-0.2041020393371582,0.2582247257232666,-0.10339272022247314,-0.655663013458252,-0.4657021760940552,1.0588150024414062,-0.04228311777114868,-0.7410436868667603,-0.35177284479141235,0.786608099937439,-0.27392691373825073,-0.8175049424171448,0.10059299319982529,1.557944893836975,-0.31207895278930664,0.8204905986785889,0.9240713715553284,0.7228983044624329,-0.053339362144470215,-0.9102692008018494,0.42110511660575867,-0.881849467754364,0.26658669114112854,0.6615316867828369,0.3110925853252411,1.2368189096450806,0.3915562033653259,-0.4215990900993347,0.6744906306266785,-0.4629483222961426,2.8931283950805664,0.41184374690055847,0.9181114435195923,-0.21552115678787231,0.7789705395698547,0.2631823420524597,-0.6662880778312683,1.5027600526809692,-0.09531128406524658,-0.2313910722732544,0.6390447020530701,-0.08682465553283691,-0.43310314416885376,0.8275692462921143,1.0286457538604736,-0.5221208333969116,2.1753368377685547,2.327805757522583,-0.935538649559021,-0.43299388885498047,-0.7274571657180786,-0.42585331201553345
Antonio Reeves,-0.6206597685813904,-0.40044140815734863,0.2312220185995102,1.2595692873001099,1.394010305404663,-0.6948364973068237,0.7490712404251099,-0.19697272777557373,0.9984891414642334,2.546661853790283,-0.5413632392883301,1.9993751049041748,-0.21570342779159546,-0.7390021085739136,4.81660270690918,1.5552213191986084,-0.8978955149650574,-0.2196996808052063,1.4193817377090454,1.9575546979904175,3.2766804695129395,-0.627829372882843,0.9276647567749023,-0.11163491010665894,-0.5187655687332153,-0.9718602299690247,-0.9374112486839294,-0.6372484564781189,-0.4235188961029053,0.45361459255218506,-0.43450093269348145,-0.848619818687439,-0.3084437847137451,1.7000486850738525,-0.22461062669754028,-0.8608829975128174,-0.18820273876190186,2.1547586917877197,-0.23580241203308105,-0.946745753288269,-0.3181689381599426,2.2058403491973877,0.12339656800031662,1.58134925365448,1.312564730644226,1.3966785669326782,0.21557119488716125,-0.9845924973487854,0.659540593624115,-0.9851451516151428,0.6690681576728821,1.1986777782440186,0.6356674432754517,1.0375045537948608,0.4555392265319824,-0.6334776878356934,1.2675724029541016,-0.520272970199585,4.599586009979248,0.40009841322898865,1.791357159614563,-0.1977463960647583,1.415307641029358,-0.041526854038238525,-0.7315316200256348,2.752962112426758,0.004768154583871365,-0.3866199851036072,0.4553993344306946,-0.09402108192443848,-0.7172374725341797,1.8366308212280273,1.4764821529388428,-0.47716593742370605,3.1998496055603027,3.8824543952941895,-0.9954470992088318,-0.48014992475509644,-0.9389744997024536,-0.3641459345817566
Jared Rhoden,-0.3916996717453003,-0.40459710359573364,0.02169649489223957,0.8682558536529541,1.185090184211731,-0.6567947268486023,0.6762626767158508,-0.2838522791862488,0.9760191440582275,1.630619764328003,-0.44496411085128784,1.31931471824646,-0.14011138677597046,-0.5811576247215271,3.993255376815796,0.8349316120147705,-0.8422284126281738,-0.3885469436645508,0.7825811505317688,1.741020917892456,2.830256938934326,-0.6068941950798035,0.3125310242176056,-0.18683338165283203,-0.3740084767341614,-0.9090723991394043,-0.8899843692779541,-0.4367527961730957,-0.4786176085472107,0.3963031470775604,-0.40282100439071655,-0.610653281211853,-0.03017103672027588,1.4153140783309937,-0.3226737976074219,-0.682746946811676,-0.12853825092315674,1.4637713432312012,-0.0785684585571289,-0.8822649717330933,-0.1111251711845398,1.6796351671218872,-0.20725226402282715,0.9357112050056458,0.9660775065422058,0.6981915235519409,-0.11479699611663818,-0.9594705104827881,0.11844070255756378,-0.9699209928512573,0.4757395088672638,0.7520002722740173,0.026107091456651688,0.7330180406570435,-0.03447848558425903,-0.44198131561279297,1.1369141340255737,-0.29617786407470703,3.2291719913482666,0.36122778058052063,1.0713534355163574,-0.4122483730316162,0.800218939781189,-0.20588362216949463,-0.46780771017074585,2.3042237758636475,-0.2668827772140503,-0.45406460762023926,0.4577156901359558,-0.04877406358718872,-0.6610736846923828,0.8647889494895935,0.6852148771286011,-0.4478914737701416,2.4163081645965576,2.9853081703186035,-0.9803553223609924,-0.3037419319152832,-0.8966159224510193,-0.22027593851089478
Josh Richardson,-0.7776604890823364,-0.39694392681121826,0.4678507149219513,1.3621853590011597,1.4133176803588867,-0.7422193884849548,0.9490780234336853,-0.06836521625518799,0.7480364441871643,3.0717782974243164,-0.6377003192901611,2.463408946990967,-0.19405663013458252,-0.7881565093994141,5.082050800323486,2.1164438724517822,-0.9211298823356628,0.20354843139648438,1.7391562461853027,1.9256476163864136,3.355363607406616,-0.6173171997070312,1.438906192779541,0.21290670335292816,-0.6273195147514343,-0.9825414419174194,-0.9448455572128296,-0.7553443908691406,-0.38800227642059326,0.6164838075637817,-0.29817986488342285,-0.9063605070114136,-0.5682319402694702,1.8611010313034058,0.0731252133846283,-0.9101325869560242,-0.2570066452026367,2.194855213165283,-0.3381587266921997,-0.9637547731399536,-0.4558616280555725,2.4968814849853516,0.370497465133667,1.9898829460144043,1.5059541463851929,1.7273584604263306,0.5026683807373047,-0.9890714287757874,1.171572208404541,-0.9867188930511475,0.6704960465431213,1.4479776620864868,1.0367045402526855,1.1816799640655518,0.8685155510902405,-0.7392861843109131,1.3182532787322998,-0.5773712992668152,5.524282455444336,0.43932223320007324,2.396383047103882,0.14051365852355957,1.833627700805664,0.3739236295223236,-0.8333303332328796,2.8586883544921875,0.13234178721904755,-0.26989972591400146,0.4934232234954834,-0.026560485363006592,-0.6883143186569214,2.289586067199707,2.018655776977539,-0.6363678574562073,3.736928939819336,4.343500137329102,-0.9983587265014648,-0.5870093107223511,-0.9433951377868652,-0.5533335208892822
Zaccharie Risacher,-0.3129465579986572,-0.3627013564109802,-0.035378992557525635,1.0854755640029907,1.245360255241394,-0.7787268757820129,0.7670238018035889,-0.4442499279975891,1.1789077520370483,1.5350350141525269,-0.394231379032135,1.2966911792755127,-0.215986967086792,-0.5988343954086304,4.7207207679748535,0.5470059514045715,-0.9045777320861816,-0.39145612716674805,0.6741548776626587,1.8059413433074951,3.3366012573242188,-0.7204948663711548,0.2876611351966858,-0.44584810733795166,-0.4630768299102783,-0.9260120391845703,-0.9351397156715393,-0.3445392847061157,-0.5335236191749573,0.49159693717956543,-0.5942001342773438,-0.6478879451751709,0.31119412183761597,1.5982186794281006,-0.4493868947029114,-0.7184426784515381,0.04518513008952141,1.9706625938415527,-0.0474468469619751,-0.9171663522720337,-0.32127124071121216,1.7510895729064941,0.0695253238081932,1.0859934091567993,1.021756649017334,0.8651818633079529,-0.23016655445098877,-0.9770839810371399,-0.005698859691619873,-0.9849140048027039,0.5249356031417847,0.8183878660202026,0.016138596460223198,0.4589138329029083,-0.058375000953674316,-0.5250680446624756,1.3216146230697632,-0.25532054901123047,3.401427745819092,0.30709508061408997,1.1527880430221558,-0.47762250900268555,0.9140268564224243,-0.44210225343704224,-0.33864057064056396,2.561776876449585,-0.16378289461135864,-0.5038883090019226,0.2774913012981415,-0.04395955801010132,-0.7962774038314819,1.1221357583999634,0.37704479694366455,-0.23923003673553467,2.5682730674743652,3.2251815795898438,-0.9880894422531128,-0.2586550712585449,-0.9321693181991577,-0.05580425262451172
Duncan Robinson,-0.7282170653343201,-0.44464927911758423,0.10143332928419113,1.5529506206512451,1.7061254978179932,-0.8071478009223938,1.0084590911865234,-0.3567277789115906,1.145983099937439,2.7959046363830566,-0.5729730129241943,2.345763921737671,-0.13440191745758057,-0.8067020177841187,6.333389759063721,1.584876298904419,-0.9560755491256714,-0.13899075984954834,1.6200014352798462,2.2698705196380615,4.143446445465088,-0.7828752994537354,1.068795919418335,-0.25622910261154175,-0.6385019421577454,-0.9834862351417542,-0.9728279113769531,-0.6546856164932251,-0.5512174367904663,0.37013691663742065,-0.562455415725708,-0.8828355073928833,-0.05498391389846802,1.926527500152588,-0.2974655032157898,-0.8927149772644043,0.0562656968832016,2.664278984069824,-0.3042754530906677,-0.9741175770759583,-0.5177994966506958,2.524890422821045,0.4718519449234009,2.1294658184051514,1.7413859367370605,1.6999484300613403,0.35917577147483826,-0.9940268397331238,0.7780033349990845,-0.9951526522636414,0.889377772808075,1.5076419115066528,0.8155225515365601,0.7249540686607361,0.5249500870704651,-0.7152808308601379,1.5634856224060059,-0.4866369366645813,5.38246488571167,0.2324657142162323,2.361724615097046,-0.19989079236984253,1.694748044013977,-0.18595170974731445,-0.7040872573852539,3.427628517150879,0.18382081389427185,-0.47429120540618896,0.26541826128959656,-0.011137723922729492,-0.81282639503479,2.576892137527466,1.640350103378296,-0.38419026136398315,3.598442554473877,4.744138717651367,-0.9990276098251343,-0.4839399456977844,-0.9726846814155579,-0.2888462543487549
Jeremiah Robinson-Earl,-0.5471463203430176,-0.34387528896331787,0.2115328460931778,1.1658611297607422,1.2532917261123657,-0.6243709921836853,0.5520954728126526,-0.21796965599060059,0.8944814801216125,2.1901564598083496,-0.5218707919120789,1.6544924974441528,-0.20118963718414307,-0.6607714295387268,3.9884021282196045,1.3089975118637085,-0.8500819206237793,-0.3196314573287964,1.2172436714172363,1.782044768333435,2.7831130027770996,-0.5649486780166626,0.7143808603286743,-0.08987361192703247,-0.40406668186187744,-0.9560415148735046,-0.8969417810440063,-0.570564866065979,-0.37341034412384033,0.35012394189834595,-0.418140172958374,-0.7678234577178955,-0.3170434832572937,1.4628301858901978,-0.28011977672576904,-0.8175286054611206,-0.2554592490196228,1.6452367305755615,-0.21923840045928955,-0.9266681671142578,-0.26302623748779297,1.881305456161499,0.02322448417544365,1.3549293279647827,1.1707793474197388,1.1815274953842163,0.0754317045211792,-0.9710035920143127,0.5029981136322021,-0.97263103723526,0.514160692691803,0.9366171956062317,0.5226818919181824,1.0765790939331055,0.3704610764980316,-0.5362094044685364,1.0425642728805542,-0.4273274540901184,3.934209108352661,0.32998597621917725,1.4455721378326416,-0.22583752870559692,1.2347673177719116,0.017475483939051628,-0.686170220375061,2.3610172271728516,-0.07388341426849365,-0.4192396402359009,0.42678242921829224,-0.08389073610305786,-0.6700888872146606,1.5027185678482056,1.18696928024292,-0.449118435382843,2.764620304107666,3.251494884490967,-0.9889791011810303,-0.4615873098373413,-0.9072285890579224,-0.3418482542037964
Orlando Robinson,-0.2726759910583496,-0.35672837495803833,0.2419475018978119,0.7672708034515381,1.0095107555389404,-0.6013655662536621,0.556538999080658,-0.11925220489501953,0.6943734288215637,1.4636764526367188,-0.3658245801925659,1.1926873922348022,-0.16580241918563843,-0.5130019783973694,2.939237117767334,0.8607189059257507,-0.7555440068244934,-0.3630160093307495,0.6698874235153198,1.4960533380508423,2.1645238399505615,-0.4444972276687622,0.3898259997367859,-0.08704525232315063,-0.36351823806762695,-0.8816554546356201,-0.8060247302055359,-0.41744232177734375,-0.347629189491272,0.4701574146747589,-0.31424790620803833,-0.6139370799064636,-0.20064592361450195,1.175742268562317,-0.24197465181350708,-0.6424853801727295,-0.18534839153289795,1.2155565023422241,-0.09191161394119263,-0.8140430450439453,0.10088981688022614,1.5938854217529297,-0.2813730239868164,0.737052857875824,0.758554995059967,0.5500946044921875,-0.1613098382949829,-0.9346646666526794,0.10024446994066238,-0.9345530271530151,0.3140347898006439,0.539230227470398,-0.032025933265686035,0.9196693301200867,0.058878883719444275,-0.4482485055923462,0.9338675737380981,-0.3574407696723938,2.802615165710449,0.4109087884426117,0.8389897346496582,-0.3658832311630249,0.7357089519500732,-0.18428874015808105,-0.5293747186660767,1.7406407594680786,-0.1837782859802246,-0.3429921865463257,0.550827145576477,-0.017056286334991455,-0.5941528081893921,0.6126207709312439,0.560096263885498,-0.4598100781440735,2.1335504055023193,2.4528965950012207,-0.9530908465385437,-0.2569239139556885,-0.8142609596252441,-0.31481945514678955
Ryan Rollins,-0.5466598868370056,-0.3841671347618103,0.21679113805294037,1.1003398895263672,1.2732267379760742,-0.616489052772522,0.6301571726799011,-0.08371198177337646,0.8843346834182739,2.3406598567962646,-0.46729564666748047,1.7642327547073364,-0.21200424432754517,-0.7110154628753662,4.075479507446289,1.439907431602478,-0.8453231453895569,-0.2585211992263794,1.3286648988723755,1.7800756692886353,2.865788221359253,-0.5496070384979248,0.6967727541923523,-0.03436976671218872,-0.4459390640258789,-0.9610025882720947,-0.9014686346054077,-0.6058672666549683,-0.38861823081970215,0.45326998829841614,-0.41976451873779297,-0.8136887550354004,-0.3321352005004883,1.5716831684112549,-0.21835839748382568,-0.8260834813117981,-0.20456957817077637,1.892968773841858,-0.25468528270721436,-0.9218887090682983,-0.1248629093170166,2.0106472969055176,-0.09377044439315796,1.324196696281433,1.1922290325164795,1.2004436254501343,0.045266877859830856,-0.9745311737060547,0.5618666410446167,-0.9726728200912476,0.5962260365486145,1.050704002380371,0.515211820602417,1.1458687782287598,0.43248799443244934,-0.5980219841003418,1.1285468339920044,-0.49958670139312744,4.101193428039551,0.355360209941864,1.53215754032135,-0.22255247831344604,1.2529774904251099,-0.006079316139221191,-0.7114168405532837,2.4117836952209473,-0.05359232425689697,-0.3322021961212158,0.5573152899742126,-0.018836617469787598,-0.6557106971740723,1.4900950193405151,1.3533978462219238,-0.4840924143791199,2.8764665126800537,3.4306044578552246,-0.9897807240486145,-0.4357757568359375,-0.9079462289810181,-0.37480050325393677
Terry Rozier,-0.43754494190216064,-0.3221350908279419,-0.002248227596282959,1.127787470817566,1.312306523323059,-0.7951107025146484,0.9211238622665405,-0.42811650037765503,1.276378870010376,2.011852741241455,-0.44511741399765015,1.6952149868011475,-0.23305189609527588,-0.6795756220817566,5.194911956787109,0.8832959532737732,-0.9250548481941223,-0.2727776765823364,1.0452836751937866,1.8831650018692017,3.74139404296875,-0.7398673295974731,0.4331112504005432,-0.38762593269348145,-0.4652256369590759,-0.9541834592819214,-0.9429423213005066,-0.44916850328445435,-0.5337562561035156,0.6538220047950745,-0.6318010091781616,-0.7553835511207581,0.14583668112754822,1.8397116661071777,-0.3906751275062561,-0.7878458499908447,0.016822395846247673,2.328932523727417,-0.09491711854934692,-0.938389003276825,-0.31602901220321655,1.9874860048294067,0.10888686776161194,1.2225773334503174,1.1639090776443481,1.184983730316162,-0.11086773872375488,-0.9858534932136536,0.22785967588424683,-0.9894538521766663,0.6294914484024048,1.0577049255371094,0.1554345339536667,0.5641778111457825,0.07053916901350021,-0.6011114120483398,1.4570538997650146,-0.3256714344024658,4.108246803283691,0.2076907455921173,1.543634057044983,-0.40568065643310547,1.1525577306747437,-0.37833577394485474,-0.5090444684028625,2.9761149883270264,-0.21038711071014404,-0.47421061992645264,0.3775472939014435,-0.04792302846908569,-0.7974750995635986,1.4116065502166748,0.7370903491973877,-0.35121244192123413,2.949538469314575,3.6314783096313477,-0.994667112827301,-0.3487170934677124,-0.945710301399231,-0.11491763591766357
D'Angelo Russell,-0.5417274832725525,-0.4015415906906128,-0.09928667545318604,1.1827362775802612,1.424869418144226,-0.8680380582809448,1.338348388671875,-0.5193126797676086,1.6249946355819702,2.1754472255706787,-0.4147658944129944,2.0241897106170654,-0.2274860143661499,-0.728463888168335,6.459373950958252,0.9425402283668518,-0.9600799679756165,-0.2358676791191101,1.197983741760254,2.177560329437256,4.490398406982422,-0.8064593076705933,0.47850099205970764,-0.43699246644973755,-0.5092712640762329,-0.9672238230705261,-0.9674173593521118,-0.536231517791748,-0.6246664524078369,0.834189772605896,-0.6843390464782715,-0.8039908409118652,0.333011269569397,2.211209774017334,-0.3034818172454834,-0.8224369287490845,0.15443173050880432,2.7839717864990234,-0.08298569917678833,-0.9552494287490845,-0.3444405794143677,2.273359775543213,0.08751857280731201,1.2306041717529297,1.415852665901184,1.3322925567626953,-0.09694212675094604,-0.9934660792350769,0.2602442502975464,-0.9953095316886902,0.8419511914253235,1.3730206489562988,0.03142495080828667,0.33333390951156616,0.05124573037028313,-0.670536994934082,1.8533469438552856,-0.3415806293487549,4.815370082855225,0.1449996381998062,1.8816026449203491,-0.45756328105926514,1.0805366039276123,-0.44154393672943115,-0.5076119303703308,3.7188711166381836,-0.29447221755981445,-0.4660951495170593,0.4975755512714386,-0.12385642528533936,-0.8362818956375122,1.5818164348602295,0.8024625778198242,-0.40562671422958374,3.4066531658172607,4.356414318084717,-0.9981131553649902,-0.3636350631713867,-0.9675716161727905,0.0008117556571960449
Matt Ryan,-0.806127667427063,-0.48859238624572754,0.7765032052993774,1.4447828531265259,1.282414436340332,-0.6060222387313843,0.8655964732170105,0.2959737181663513,0.6634739637374878,3.447035551071167,-0.6543505787849426,2.6575636863708496,-0.3168380856513977,-0.8299141526222229,4.268726825714111,2.6347649097442627,-0.8779518604278564,0.2415042221546173,2.0979928970336914,1.9798933267593384,2.7378599643707275,-0.3105984926223755,1.7026900053024292,0.5273720026016235,-0.5609666109085083,-0.9869315028190613,-0.9050922989845276,-0.8639504909515381,-0.1814761757850647,0.5866970419883728,0.15159271657466888,-0.9389704465866089,-0.7838373780250549,1.8006606101989746,0.44358256459236145,-0.9366961717605591,-0.4478185176849365,1.838342308998108,-0.46633702516555786,-0.9663439393043518,-0.30051296949386597,2.5791406631469727,0.047708526253700256,1.916346549987793,1.5092064142227173,1.9181593656539917,0.5526513457298279,-0.98555588722229,1.5264918804168701,-0.9730578064918518,0.6851888298988342,1.55037522315979,1.280322790145874,1.8169294595718384,1.347825288772583,-0.7619200348854065,1.2123053073883057,-0.7118366360664368,5.825990200042725,0.7330347299575806,2.448428153991699,0.41866037249565125,1.9209110736846924,0.857059895992279,-0.9127343893051147,2.633225679397583,0.20616883039474487,-0.046019673347473145,0.9850566387176514,-0.16757190227508545,-0.5004668235778809,2.2458527088165283,2.69185209274292,-0.7372764945030212,3.9860596656799316,4.300448417663574,-0.9975253939628601,-0.7067066431045532,-0.9116228818893433,-0.6887681484222412
Domantas Sabonis,0.40658214688301086,-0.49450409412384033,-0.12592989206314087,0.5576063990592957,0.8125435709953308,-0.758815586566925,0.6945390105247498,-0.5321623086929321,1.2816301584243774,0.38150206208229065,-0.09211176633834839,0.6120899319648743,-0.2702901363372803,-0.3241853713989258,3.554790496826172,-0.31629669666290283,-0.8448602557182312,-0.6319390535354614,-0.10849809646606445,1.694804072380066,2.6486165523529053,-0.6511592268943787,-0.27713072299957275,-0.5723224878311157,-0.12438130378723145,-0.686780571937561,-0.8642590641975403,-0.08120280504226685,-0.5465234518051147,0.5369031429290771,-0.5064936876296997,-0.10228097438812256,0.7501522302627563,1.2614896297454834,-0.5228710174560547,-0.20777273178100586,0.24115689098834991,1.3650846481323242,0.16091425716876984,-0.7818887233734131,0.28845837712287903,1.187155842781067,-0.46731680631637573,0.051042549312114716,0.5806308388710022,-0.06466853618621826,-0.5726268887519836,-0.9378448724746704,-0.5727925896644592,-0.9678605794906616,0.13193614780902863,0.20900432765483856,-0.6227187514305115,0.3862372934818268,-0.5284415483474731,-0.3247511386871338,1.2497925758361816,-0.1629886031150818,1.7945196628570557,0.3404911756515503,0.2669939696788788,-0.705538272857666,-0.01956385374069214,-0.5867533683776855,0.26480671763420105,1.9417815208435059,-0.47718626260757446,-0.5606150031089783,0.6720227599143982,-0.1100001335144043,-0.7409216165542603,-0.25823891162872314,-0.46615999937057495,-0.06909865140914917,1.8386822938919067,2.029855728149414,-0.8963778018951416,0.027024567127227783,-0.8554559946060181,0.21740543842315674
Tidjane Salaün,-0.717077374458313,-0.3702423572540283,0.2139652520418167,1.2088029384613037,1.3682461977005005,-0.7865287661552429,0.9987860918045044,-0.25495803356170654,1.020424246788025,2.654930353164673,-0.554179310798645,2.196049928665161,-0.10258316993713379,-0.7511294484138489,5.436476707458496,1.6393191814422607,-0.9190702438354492,-0.13905197381973267,1.5702017545700073,1.9883568286895752,3.511831283569336,-0.7082615494728088,1.0442577600479126,0.007971526123583317,-0.5699135065078735,-0.977260410785675,-0.9448215365409851,-0.6599473357200623,-0.5481812357902527,0.6031991839408875,-0.4672176241874695,-0.8413761854171753,-0.30935513973236084,1.9378710985183716,-0.07081526517868042,-0.8673316836357117,-0.26980745792388916,2.1665821075439453,-0.21003013849258423,-0.9468663334846497,-0.45479702949523926,2.256387233734131,0.17297832667827606,1.5877913236618042,1.5287977457046509,1.4252479076385498,0.22988393902778625,-0.9884058237075806,0.7419267296791077,-0.9887740612030029,0.8417009115219116,1.371877670288086,0.5881289839744568,0.9175565838813782,0.5507747530937195,-0.6585158705711365,1.3930315971374512,-0.43820416927337646,5.058534622192383,0.1756257563829422,1.9097872972488403,-0.22483563423156738,1.3671108484268188,0.08265595883131027,-0.7580112814903259,3.1413540840148926,-0.15946722030639648,-0.3953196406364441,0.44375258684158325,-0.08099997043609619,-0.7203837633132935,1.9436956644058228,1.3896187543869019,-0.5879531502723694,3.392421245574951,4.200094699859619,-0.997820258140564,-0.5140087604522705,-0.9496596455574036,-0.36451590061187744
Gui Santos,-0.7066675424575806,-0.36444950103759766,0.36503705382347107,1.4670257568359375,1.3342281579971313,-0.6452022194862366,0.6421324014663696,-0.3011680245399475,0.9925800561904907,2.6718616485595703,-0.5816780924797058,2.0863685607910156,-0.19189518690109253,-0.7226691246032715,4.470703125,1.7907811403274536,-0.8609148263931274,-0.4324343800544739,1.7163063287734985,2.0658512115478516,2.821079730987549,-0.5720102787017822,1.1158214807510376,0.06244639307260513,-0.36749231815338135,-0.9781649112701416,-0.9051325917243958,-0.7155499458312988,-0.4102552533149719,0.22533851861953735,-0.3569084405899048,-0.8278332948684692,-0.5051330327987671,1.6994680166244507,-0.09441417455673218,-0.8984705209732056,-0.44562143087387085,1.6218866109848022,-0.31921517848968506,-0.9471229314804077,-0.4002978205680847,2.1406335830688477,0.09255033731460571,1.5445246696472168,1.5784963369369507,1.5596587657928467,0.2359863966703415,-0.9822236895561218,0.8265247941017151,-0.979512095451355,0.6894307732582092,1.2784743309020996,0.7781026363372803,1.3859587907791138,0.7261538505554199,-0.5525418519973755,1.0343875885009766,-0.5325790643692017,4.732871055603027,0.2827502191066742,1.6243504285812378,-0.23046070337295532,1.3468139171600342,0.35472622513771057,-0.8060641288757324,2.7978591918945312,-0.08689373731613159,-0.4501933455467224,0.5413159132003784,-0.2421606183052063,-0.6594637036323547,1.979539155960083,1.5854275226593018,-0.5365639925003052,3.249088764190674,3.7704031467437744,-0.9950028657913208,-0.6079277396202087,-0.9237059354782104,-0.39408600330352783
Dario Šarić,-0.6892223358154297,-0.3718082308769226,0.46898090839385986,1.1621969938278198,1.1756144762039185,-0.6082737445831299,0.6316080093383789,-0.033119142055511475,0.5244436860084534,2.417503833770752,-0.5283350944519043,1.9135600328445435,-0.18523526191711426,-0.6843962669372559,3.589069128036499,1.7812634706497192,-0.812264084815979,-0.07340413331985474,1.4124598503112793,1.5346462726593018,2.317340612411499,-0.4485318660736084,1.1444556713104248,0.2681541442871094,-0.49557071924209595,-0.9588589668273926,-0.862618088722229,-0.6945332288742065,-0.31241464614868164,0.3864816427230835,-0.20496368408203125,-0.8377315998077393,-0.565148115158081,1.4338788986206055,0.06485740095376968,-0.857958972454071,-0.31366002559661865,1.453842282295227,-0.31039440631866455,-0.9157902598381042,-0.30438846349716187,1.966118335723877,0.18614910542964935,1.4638257026672363,1.2256101369857788,1.3664785623550415,0.2979097068309784,-0.9684133529663086,0.871112585067749,-0.9554817080497742,0.49353617429733276,1.0660969018936157,0.7816776037216187,1.2060000896453857,0.7566677927970886,-0.6159447431564331,0.972951352596283,-0.5210541486740112,4.242550373077393,0.39972853660583496,1.6813668012619019,-0.0022851228713989258,1.4704442024230957,0.39722245931625366,-0.7877572774887085,2.0991950035095215,0.019417935982346535,-0.23155969381332397,0.5600906610488892,-0.022933781147003174,-0.5817445516586304,1.6425764560699463,1.5945183038711548,-0.5701842904090881,2.966663122177124,3.293705940246582,-0.9901994466781616,-0.5191590189933777,-0.8643603324890137,-0.5257515907287598
Alex Sarr,-0.2947498559951782,-0.3488430380821228,-0.037352919578552246,1.0882048606872559,1.2114700078964233,-0.8400049209594727,1.0189106464385986,-0.48917675018310547,1.279603362083435,1.527652382850647,-0.3615649342536926,1.4082984924316406,-0.25379061698913574,-0.6069931387901306,5.126711845397949,0.5309634804725647,-0.9310534000396729,-0.29818129539489746,0.6408624649047852,1.811637282371521,3.6640868186950684,-0.7506294250488281,0.32537639141082764,-0.5045077800750732,-0.5082502365112305,-0.9298731088638306,-0.9466575980186462,-0.36837947368621826,-0.5451114177703857,0.7251734733581543,-0.640566349029541,-0.6850453615188599,0.39261066913604736,1.7882176637649536,-0.411856472492218,-0.7351699471473694,0.12826867401599884,2.2349812984466553,-0.0031398534774780273,-0.9216653108596802,-0.32156991958618164,1.8600112199783325,0.10372960567474365,1.004491925239563,0.9961110949516296,0.9548816680908203,-0.2735893726348877,-0.9838099479675293,0.00575885409489274,-0.9890649318695068,0.5283336043357849,0.8912635445594788,-0.0693199634552002,0.3096727132797241,-0.06148308515548706,-0.5974222421646118,1.5531386137008667,-0.23185718059539795,3.636204719543457,0.3298695385456085,1.2961009740829468,-0.47794294357299805,0.9416099786758423,-0.49382537603378296,-0.3098292946815491,2.7932016849517822,-0.19809812307357788,-0.4551656246185303,0.3368506133556366,-0.04720485210418701,-0.8214423656463623,1.0768256187438965,0.29240864515304565,-0.28412139415740967,2.794844388961792,3.4295852184295654,-0.9918784499168396,-0.23805856704711914,-0.9409064054489136,-0.061582982540130615
Marcus Sasser,-0.6266268491744995,-0.38457173109054565,0.20614786446094513,1.2387192249298096,1.4531625509262085,-0.7158376574516296,0.9208511710166931,-0.2121717929840088,1.1064913272857666,2.6982533931732178,-0.5295505523681641,2.26021146774292,-0.21163898706436157,-0.7695417404174805,5.095211505889893,1.7313064336776733,-0.9138516783714294,-0.21236670017242432,1.643180251121521,2.1240415573120117,3.558671474456787,-0.6324823498725891,0.8682671189308167,-0.09024804830551147,-0.48715972900390625,-0.9766499400138855,-0.9360949993133545,-0.664342999458313,-0.4360591173171997,0.5291314721107483,-0.4653877019882202,-0.8591923117637634,-0.31813281774520874,1.8554973602294922,-0.15906888246536255,-0.8676166534423828,-0.22449159622192383,2.3285608291625977,-0.19981145858764648,-0.9472153186798096,-0.18055212497711182,2.344717264175415,-0.06609255075454712,1.509310007095337,1.3829896450042725,1.5030072927474976,0.21182507276535034,-0.9884027242660522,0.6754610538482666,-0.9884672164916992,0.741209089756012,1.3407007455825806,0.5046836137771606,1.1402745246887207,0.4618602395057678,-0.6525403261184692,1.363340973854065,-0.5091408491134644,4.864288330078125,0.3255043029785156,1.8845422267913818,-0.1869724988937378,1.390692114830017,-0.05568045377731323,-0.759232759475708,3.094698429107666,-0.08857810497283936,-0.3820088505744934,0.6254196166992188,-0.08270895481109619,-0.6883499026298523,1.8316619396209717,1.6202456951141357,-0.5410540103912354,3.3683319091796875,4.126187801361084,-0.9967936873435974,-0.49571192264556885,-0.9462751150131226,-0.39029133319854736
Baylor Scheierman,-0.8545114398002625,-0.4345957040786743,0.483187735080719,1.574029564857483,1.630793571472168,-0.7533702850341797,0.9330142736434937,-0.12435686588287354,0.8753098845481873,3.52994704246521,-0.6437118649482727,2.8552629947662354,-0.13407117128372192,-0.8357072472572327,5.8289008140563965,2.557713508605957,-0.9280040860176086,-0.03543519973754883,2.2694895267486572,2.235384225845337,3.65635347366333,-0.6702309846878052,1.6569828987121582,0.383355975151062,-0.5949681997299194,-0.9919891953468323,-0.9552966356277466,-0.8135405778884888,-0.5031027793884277,0.45447519421577454,-0.40868985652923584,-0.9310864210128784,-0.6010260581970215,2.1206212043762207,0.20687951147556305,-0.9380133152008057,-0.35815638303756714,2.43083119392395,-0.40810084342956543,-0.9737433195114136,-0.5100800395011902,2.6486124992370605,0.4592011570930481,2.2183377742767334,1.9688079357147217,2.1480700969696045,0.5438768863677979,-0.9942128658294678,1.35972261428833,-0.9918226003646851,0.9502174258232117,1.775610327720642,1.1534863710403442,1.4662221670150757,1.1152422428131104,-0.7466870546340942,1.3720186948776245,-0.6118995547294617,6.340869426727295,0.1620057076215744,2.6528570652008057,0.07998113334178925,1.98960542678833,0.5700107216835022,-0.8847394585609436,3.4691002368927,-0.003992199897766113,-0.31710588932037354,0.6643807888031006,-0.08272987604141235,-0.6848099231719971,2.7188196182250977,2.397040843963623,-0.6435202360153198,4.184152603149414,4.956892967224121,-0.9992833733558655,-0.6822753548622131,-0.9601123929023743,-0.5490528345108032
Dennis Schröder,-0.3854175806045532,-0.3856949806213379,-0.1136433482170105,0.9888834357261658,1.291326880455017,-0.8587351441383362,1.2826848030090332,-0.47744596004486084,1.6135287284851074,1.9058237075805664,-0.35290271043777466,1.7124756574630737,-0.24498915672302246,-0.6808730363845825,5.9723310470581055,0.663021981716156,-0.9482277035713196,-0.2869386672973633,0.9273308515548706,2.0018622875213623,4.293291091918945,-0.789628803730011,0.2571512758731842,-0.46226245164871216,-0.4877437353134155,-0.9535062313079834,-0.9596675038337708,-0.4620700478553772,-0.6045863032341003,0.9563705921173096,-0.6918131113052368,-0.7592581510543823,0.39400413632392883,2.1487996578216553,-0.3436344265937805,-0.7670005559921265,0.16633254289627075,2.699589490890503,-0.04800903797149658,-0.9372493028640747,-0.16587340831756592,2.103573799133301,-0.11284834146499634,0.9291127920150757,1.2078415155410767,1.0665709972381592,-0.2721225619316101,-0.9904739856719971,0.10117167979478836,-0.9930875897407532,0.7508847117424011,1.166907787322998,-0.15251237154006958,0.34007617831230164,-0.1041107177734375,-0.65455561876297,1.8233811855316162,-0.32552051544189453,4.364047527313232,0.2009524554014206,1.601143479347229,-0.5204588174819946,0.8838510513305664,-0.5012968182563782,-0.40188729763031006,3.4422078132629395,-0.3607344627380371,-0.42110222578048706,0.5397395491600037,-0.11687493324279785,-0.8278748989105225,1.118906021118164,0.517271876335144,-0.4054296612739563,3.1774563789367676,3.9865798950195312,-0.9961332082748413,-0.2776685953140259,-0.956750214099884,0.050985902547836304
Alperen Şengün,0.44448286294937134,-0.5754071474075317,0.038294218480587006,0.19366301596164703,0.4416274130344391,-0.7927339673042297,0.8106776475906372,-0.43226122856140137,1.2342840433120728,0.2760981023311615,0.1610282063484192,0.6634793877601624,-0.3221118450164795,-0.331950306892395,3.4064486026763916,-0.36998623609542847,-0.8426306247711182,-0.5981324315071106,-0.13819944858551025,1.6063660383224487,2.4348812103271484,-0.6012016534805298,-0.225205659866333,-0.5809860825538635,-0.11038756370544434,-0.5629135370254517,-0.8403064608573914,-0.24661648273468018,-0.6018534302711487,0.7704433798789978,-0.37351441383361816,-0.1423376202583313,0.7447206377983093,1.276896595954895,-0.44170260429382324,0.16088132560253143,0.4432137906551361,1.3936445713043213,0.22849664092063904,-0.7474789619445801,0.3156830072402954,1.078991413116455,-0.5632602572441101,-0.20041072368621826,0.3936344087123871,-0.26014554500579834,-0.6296469569206238,-0.9417709708213806,-0.5959336757659912,-0.9621830582618713,0.08547414839267731,0.11376204341650009,-0.7453975677490234,0.5980282425880432,-0.5297629833221436,-0.43363815546035767,1.4033828973770142,-0.3161083459854126,1.8690876960754395,0.2912091314792633,0.35547858476638794,-0.7135806083679199,-0.24882912635803223,-0.5616252422332764,0.04753344878554344,1.7860273122787476,-0.6204516291618347,-0.5333987474441528,1.2066314220428467,-0.14734351634979248,-0.6638104915618896,-0.5195823907852173,-0.5500460863113403,-0.10661923885345459,1.826697826385498,1.8073577880859375,-0.8692620992660522,-0.018934428691864014,-0.8289564251899719,0.1998213678598404
Brice Sensabaugh,-0.6384968757629395,-0.3987806439399719,0.05589275062084198,1.4089419841766357,1.563266396522522,-0.7938739061355591,1.0083348751068115,-0.3688851594924927,1.298799753189087,2.5931100845336914,-0.5127015113830566,2.144351005554199,-0.18028032779693604,-0.7788254022598267,5.940959930419922,1.3675661087036133,-0.9480153322219849,-0.23255527019500732,1.501505970954895,2.265495777130127,4.054769992828369,-0.7558093070983887,0.7753964066505432,-0.29146766662597656,-0.5619096159934998,-0.9798566699028015,-0.9663395881652832,-0.6045366525650024,-0.5413663387298584,0.518432080745697,-0.5954104661941528,-0.8533552885055542,0.014289172366261482,1.961279034614563,-0.3189593553543091,-0.8724572658538818,0.0012476282427087426,2.6149580478668213,-0.23464441299438477,-0.965995192527771,-0.39514219760894775,2.4172844886779785,0.18362607061862946,1.7626986503601074,1.5839964151382446,1.4846808910369873,0.13150645792484283,-0.9920489192008972,0.607067346572876,-0.9937922358512878,0.8331385850906372,1.411226511001587,0.5587635040283203,0.7805964946746826,0.3884487450122833,-0.6840060353279114,1.5098505020141602,-0.45531439781188965,5.035305023193359,0.23469851911067963,2.046337842941284,-0.28848332166671753,1.3983757495880127,-0.2651047110557556,-0.6676908135414124,3.366999864578247,0.0539938248693943,-0.456129252910614,0.3549808859825134,-0.052603185176849365,-0.801089346408844,2.1853623390197754,1.3652671575546265,-0.41036713123321533,3.3897337913513184,4.422050476074219,-0.9982577562332153,-0.4359058141708374,-0.9666478633880615,-0.214577317237854
Collin Sexton,0.05783582106232643,-0.39897751808166504,-0.195218026638031,0.753761351108551,1.1156245470046997,-0.8422364592552185,1.1710509061813354,-0.5641664266586304,1.6676791906356812,1.0614320039749146,-0.16649365425109863,1.053995132446289,-0.26162052154541016,-0.5092573165893555,5.2051520347595215,-0.06435602903366089,-0.9279802441596985,-0.4814303517341614,0.2926889955997467,1.8499559164047241,3.9573092460632324,-0.7721384763717651,-0.22367066144943237,-0.5606099367141724,-0.34095239639282227,-0.875468373298645,-0.9446801543235779,-0.17857331037521362,-0.6204946041107178,0.926587700843811,-0.6991481781005859,-0.534857988357544,0.7433370351791382,1.9080003499984741,-0.4644365906715393,-0.5628525018692017,0.3799095153808594,2.3353192806243896,0.11086104065179825,-0.8895589709281921,0.08873439580202103,1.6944752931594849,-0.2606431245803833,0.3587467670440674,0.8407463431358337,0.5075348615646362,-0.4830748438835144,-0.9803323745727539,-0.3153534531593323,-0.9883771538734436,0.5086045861244202,0.720340371131897,-0.5158339738845825,0.09119807183742523,-0.416481614112854,-0.5343010425567627,1.7161662578582764,-0.19395267963409424,3.1462013721466064,0.2940918803215027,0.9702188968658447,-0.6609023213386536,0.3853992521762848,-0.6333538889884949,0.14885230362415314,3.006195306777954,-0.46701788902282715,-0.4567124843597412,0.578483521938324,-0.13938629627227783,-0.8311200737953186,0.2767522633075714,-0.21393394470214844,-0.2482978105545044,2.5098726749420166,3.154107093811035,-0.9847244620323181,0.004989981651306152,-0.9331706762313843,0.3092631697654724
Landry Shamet,-0.7471952438354492,-0.42240774631500244,0.37183693051338196,1.5761853456497192,1.56529700756073,-0.7211936712265015,0.7582039833068848,-0.2174573540687561,1.0453708171844482,3.110320568084717,-0.6224325895309448,2.4503173828125,-0.2398117184638977,-0.8009073734283447,5.456844329833984,2.0522122383117676,-0.9218714237213135,-0.24316757917404175,1.8749582767486572,2.2037694454193115,3.515247344970703,-0.6459518074989319,1.3723771572113037,-0.055014073848724365,-0.5493507981300354,-0.9874836206436157,-0.9535322189331055,-0.7521584033966064,-0.4248886704444885,0.32864734530448914,-0.42845022678375244,-0.905247688293457,-0.4721706509590149,1.8715981245040894,-0.14727038145065308,-0.9171068072319031,-0.31614041328430176,2.335005760192871,-0.34282708168029785,-0.9708455204963684,-0.48523861169815063,2.4700205326080322,0.35829150676727295,2.002460479736328,1.6530654430389404,1.9041194915771484,0.41039401292800903,-0.9919313192367554,1.013059377670288,-0.9909951090812683,0.8347167372703552,1.4710078239440918,1.003841757774353,1.3168190717697144,0.805776059627533,-0.6881711483001709,1.3505637645721436,-0.6004330515861511,5.5432658195495605,0.35308369994163513,2.2194771766662598,-0.05597579479217529,1.794493317604065,0.2082354873418808,-0.8357927799224854,3.1709766387939453,0.0743960440158844,-0.4060365557670593,0.5313975811004639,-0.20083081722259521,-0.7331639528274536,2.4577202796936035,2.0016143321990967,-0.5031534433364868,3.7573275566101074,4.516600608825684,-0.9982877969741821,-0.6340024471282959,-0.9576911330223083,-0.43891745805740356
Terrence Shannon Jr.,-0.35192418098449707,-0.3848531246185303,0.42676734924316406,0.8697749376296997,0.9034804105758667,-0.36496299505233765,0.33636733889579773,0.033029429614543915,0.5940489768981934,1.7911391258239746,-0.44409841299057007,1.256298303604126,-0.2810991406440735,-0.5766654014587402,2.3361504077911377,1.1169008016586304,-0.6496454477310181,-0.3255869150161743,0.8799403309822083,1.3162537813186646,1.6763745546340942,-0.21172189712524414,0.595574140548706,0.005752071272581816,-0.2946420907974243,-0.88908851146698,-0.753873348236084,-0.58381187915802,-0.18739014863967896,0.2970743477344513,0.001717136474326253,-0.7092729806900024,-0.5304279327392578,1.0557140111923218,-0.2284802794456482,-0.7328615188598633,-0.26933467388153076,0.9570287466049194,-0.2566612958908081,-0.8595507740974426,-0.03152090311050415,1.595474123954773,-0.19432508945465088,0.8630341291427612,0.7021975517272949,0.7449944615364075,0.03754335269331932,-0.9095953702926636,0.4492248594760895,-0.8905254006385803,0.2594049572944641,0.5582684278488159,0.39205628633499146,1.201219916343689,0.3799683749675751,-0.4681812524795532,0.7708317637443542,-0.5495290160179138,2.916592597961426,0.6566851735115051,0.9371402859687805,-0.17847484350204468,0.9837070107460022,0.17677675187587738,-0.6783088445663452,1.3921160697937012,-0.06121087074279785,-0.3067702054977417,0.6501344442367554,-0.15780675411224365,-0.5315116047859192,0.8061345219612122,1.0778417587280273,-0.46459102630615234,2.1703169345855713,2.2975046634674072,-0.9379963874816895,-0.4132111668586731,-0.7637375593185425,-0.39812254905700684
Day'Ron Sharpe,0.005637312773615122,-0.37726539373397827,0.17913560569286346,0.5759533643722534,0.8705242276191711,-0.45581865310668945,0.214913010597229,-0.12313854694366455,0.4754791259765625,0.8670873641967773,-0.2550387978553772,0.689374566078186,-0.17645901441574097,-0.3734681010246277,1.904999017715454,0.45598793029785156,-0.5673397779464722,-0.47572916746139526,0.2818572223186493,1.2360897064208984,1.542905330657959,-0.3385300040245056,0.07603278011083603,-0.15163230895996094,-0.16331148147583008,-0.7369277477264404,-0.6368458867073059,-0.28036677837371826,-0.3261881470680237,0.23702985048294067,-0.2849431037902832,-0.36471331119537354,-0.09154963493347168,0.8013808727264404,-0.34493887424468994,-0.4031582474708557,-0.08020830154418945,0.7233379483222961,-0.09206622838973999,-0.6962041854858398,0.2558981478214264,1.1555333137512207,-0.3390157222747803,0.46692216396331787,0.503103494644165,0.20628735423088074,-0.32208895683288574,-0.8561517000198364,-0.22359710931777954,-0.8633425235748291,0.10175251215696335,0.1907605081796646,-0.2290959358215332,0.9053049087524414,-0.1683671474456787,-0.2552933692932129,0.6955424547195435,-0.29856693744659424,1.6916542053222656,0.3044971227645874,0.39182618260383606,-0.46401262283325195,0.47997748851776123,-0.2050243616104126,-0.3242673873901367,1.0692709684371948,-0.2793530225753784,-0.42254936695098877,0.576352059841156,0.0507163368165493,-0.511479377746582,0.059405528008937836,0.1474471092224121,-0.2652698755264282,1.4909191131591797,1.5938005447387695,-0.806428849697113,-0.1752820611000061,-0.6865010261535645,-0.24195414781570435
Shaedon Sharpe,-0.12977540493011475,-0.3819393515586853,-0.22155708074569702,1.0533764362335205,1.2960145473480225,-0.8848196864128113,1.224793791770935,-0.606172502040863,1.7439765930175781,1.3779820203781128,-0.3012896180152893,1.3971225023269653,-0.308834433555603,-0.6073617339134216,5.994874954223633,0.21884538233280182,-0.955904483795166,-0.3985649347305298,0.5338990092277527,2.054502248764038,4.432151794433594,-0.8156829476356506,0.006369516719132662,-0.6266545653343201,-0.4349246621131897,-0.93104487657547,-0.9609191417694092,-0.30229151248931885,-0.6160913705825806,0.8657252788543701,-0.7540313601493835,-0.6495672464370728,0.7642431855201721,2.0686023235321045,-0.47670984268188477,-0.6920427680015564,0.2746059000492096,2.6561388969421387,0.07266393303871155,-0.9344507455825806,-0.20063555240631104,1.8656980991363525,-0.05649769306182861,0.8003424406051636,1.037001371383667,0.991656482219696,-0.4328082203865051,-0.990620493888855,-0.2477480173110962,-0.9945287108421326,0.6223278641700745,0.9687469601631165,-0.36672961711883545,0.10629221796989441,-0.3055046796798706,-0.5978272557258606,1.8627560138702393,-0.1461883783340454,3.764378786087036,0.2018108069896698,1.331733226776123,-0.5989023447036743,0.7771802544593811,-0.6411701440811157,-0.048838913440704346,3.3974616527557373,-0.3935204744338989,-0.5076805949211121,0.48072096705436707,-0.10914307832717896,-0.8605582118034363,0.8251044750213623,0.031416893005371094,-0.1888267993927002,2.998429298400879,3.718536853790283,-0.993924081325531,-0.23067474365234375,-0.9583795666694641,0.18804898858070374
Jamal Shead,-0.49986183643341064,-0.3743562698364258,0.20852264761924744,1.0841281414031982,1.3253874778747559,-0.7039682865142822,0.8069055080413818,-0.10077506303787231,0.8847697377204895,2.351600408554077,-0.4877042770385742,1.9257575273513794,-0.2327284812927246,-0.7289419174194336,4.4960246086120605,1.4041600227355957,-0.8899326324462891,-0.06273424625396729,1.2454005479812622,1.6828525066375732,3.193624496459961,-0.6091020703315735,0.7623940110206604,-0.19437360763549805,-0.5572338700294495,-0.9574073553085327,-0.9210509657859802,-0.5790291428565979,-0.3804921507835388,0.5943462252616882,-0.43812429904937744,-0.8371935486793518,-0.2526249885559082,1.6096551418304443,-0.2686194181442261,-0.8149697780609131,-0.09284627437591553,2.1949241161346436,-0.17868906259536743,-0.9271588325500488,-0.1898161768913269,2.1396076679229736,0.045211367309093475,1.3803176879882812,1.053281307220459,1.2741014957427979,0.15922541916370392,-0.9815256595611572,0.5201622843742371,-0.9812372326850891,0.5903017520904541,1.0626083612442017,0.4781162142753601,0.8761536478996277,0.3205902576446533,-0.6508761644363403,1.3494426012039185,-0.4885445237159729,4.1967387199401855,0.45688045024871826,1.6775673627853394,-0.17091494798660278,1.431008219718933,-0.19893121719360352,-0.6846590042114258,2.5140888690948486,0.006101880222558975,-0.3292739987373352,0.4818444550037384,0.029470812529325485,-0.717068076133728,1.545449137687683,1.3340277671813965,-0.46679896116256714,3.032015323638916,3.6318068504333496,-0.9931877851486206,-0.38364648818969727,-0.9234045147895813,-0.3919479250907898
Ben Sheppard,-0.7383546829223633,-0.3868206739425659,0.3035765588283539,1.5254662036895752,1.487797498703003,-0.6791005730628967,0.6968772411346436,-0.25083720684051514,1.0481036901474,2.9879541397094727,-0.6191124320030212,2.2976584434509277,-0.19482064247131348,-0.7834267020225525,5.151471138000488,1.8585611581802368,-0.9097663760185242,-0.2685420513153076,1.839927315711975,2.113445281982422,3.3491709232330322,-0.6505546569824219,1.1753170490264893,-0.003718078136444092,-0.4749581813812256,-0.9840887784957886,-0.9406874775886536,-0.7207179665565491,-0.42419761419296265,0.28911131620407104,-0.430087685585022,-0.8765307664871216,-0.46561896800994873,1.7796344757080078,-0.1990138292312622,-0.9073643088340759,-0.3082675337791443,2.0717639923095703,-0.3685756325721741,-0.9684627056121826,-0.47037696838378906,2.337946653366089,0.29338550567626953,1.9213428497314453,1.6698143482208252,1.7545422315597534,0.38334131240844727,-0.9886694550514221,0.9622321128845215,-0.9878014922142029,0.7788969874382019,1.403732419013977,0.9790621399879456,1.2551826238632202,0.7410460114479065,-0.647584080696106,1.2112154960632324,-0.558464765548706,5.255639553070068,0.24601316452026367,2.111194610595703,-0.09053540229797363,1.6643588542938232,0.2640129029750824,-0.8125035762786865,3.051065444946289,0.0567312128841877,-0.4552697539329529,0.4453878402709961,-0.17103242874145508,-0.7238733768463135,2.399146795272827,1.8638226985931396,-0.4949360489845276,3.488950490951538,4.206338882446289,-0.9977563619613647,-0.613368570804596,-0.9501213431358337,-0.38329917192459106
Reed Sheppard,-0.7659613490104675,-0.38940924406051636,0.3733516037464142,1.3385839462280273,1.48890221118927,-0.7277151346206665,0.9181544780731201,0.05823393166065216,0.8425654172897339,3.2868905067443848,-0.5855504274368286,2.6462669372558594,-0.21250545978546143,-0.823601484298706,5.227302551269531,2.3198413848876953,-0.9216987490653992,0.2355220913887024,1.9876666069030762,1.9665515422821045,3.5524485111236572,-0.6052283048629761,1.367618203163147,0.20281383395195007,-0.6100202202796936,-0.9872216582298279,-0.9441133141517639,-0.7625937461853027,-0.36250370740890503,0.6521511077880859,-0.4393860101699829,-0.9264476299285889,-0.5314815044403076,1.9338114261627197,0.06750643998384476,-0.9133243560791016,-0.242509126663208,2.5747177600860596,-0.34446561336517334,-0.9634946584701538,-0.3318250775337219,2.5566253662109375,0.2541886866092682,2.001594066619873,1.5520446300506592,1.9420236349105835,0.45365580916404724,-0.9918038845062256,1.1551153659820557,-0.9882860779762268,0.8066227436065674,1.5804849863052368,1.0231808423995972,1.302625060081482,0.9007261991500854,-0.7606081962585449,1.3941688537597656,-0.590461015701294,5.725347518920898,0.2735658288002014,2.5191566944122314,0.21435633301734924,1.9279453754425049,0.2744351923465729,-0.8559549450874329,3.070596218109131,0.13009269535541534,-0.19089198112487793,0.616615891456604,0.05063924193382263,-0.6752622127532959,2.3997771739959717,2.247283935546875,-0.6073946356773376,3.8507723808288574,4.543290615081787,-0.9984872341156006,-0.6009915471076965,-0.9480729103088379,-0.5573422908782959
Pascal Siakam,0.21963025629520416,-0.438940167427063,-0.13070398569107056,0.8679486513137817,1.142566204071045,-0.850204586982727,1.0413326025009155,-0.5582431554794312,1.55467689037323,0.8477542400360107,-0.16829228401184082,0.9029397368431091,-0.30638933181762695,-0.4888973832130432,4.961458683013916,-0.14090639352798462,-0.9246037006378174,-0.5395769476890564,0.12947963178157806,1.928849697113037,3.7620019912719727,-0.7594791650772095,-0.23182940483093262,-0.6133750677108765,-0.3663761019706726,-0.8641819953918457,-0.9424426555633545,-0.12842655181884766,-0.6126246452331543,0.8240795135498047,-0.6866844892501831,-0.48608309030532837,0.8338850736618042,1.780747413635254,-0.5035731196403503,-0.5174486041069031,0.3263759911060333,2.1708626747131348,0.1192639023065567,-0.8856765627861023,0.06347450613975525,1.615423321723938,-0.267669677734375,0.36581864953041077,0.7721564769744873,0.44124993681907654,-0.5494698286056519,-0.9776366353034973,-0.4264727234840393,-0.9885856509208679,0.4259037971496582,0.5812795162200928,-0.5419574975967407,0.16521281003952026,-0.4319934844970703,-0.5046241283416748,1.6795483827590942,-0.13252902030944824,2.858680009841919,0.3936590850353241,0.7738297581672668,-0.6745421886444092,0.4115917980670929,-0.6640317440032959,0.22002539038658142,2.7724809646606445,-0.4139993190765381,-0.4969366788864136,0.5943560004234314,-0.10386621952056885,-0.8364883661270142,0.2003566175699234,-0.32095664739608765,-0.16489923000335693,2.4628729820251465,2.9921648502349854,-0.9774755835533142,-0.011377573013305664,-0.9300734996795654,0.2496369481086731
Anfernee Simons,-0.40638697147369385,-0.38421499729156494,-0.28174638748168945,1.1548973321914673,1.3686413764953613,-0.897081732749939,1.386074185371399,-0.6247581243515015,1.8625608682632446,1.7364003658294678,-0.28124213218688965,1.6691313982009888,-0.26708340644836426,-0.6787023544311523,6.677066326141357,0.4031497836112976,-0.9690435528755188,-0.25291144847869873,0.8327162265777588,2.137075185775757,4.826177597045898,-0.8500461578369141,0.1488543301820755,-0.5679317712783813,-0.4754353165626526,-0.9575183987617493,-0.9734193086624146,-0.38611912727355957,-0.6453936696052551,0.9245851039886475,-0.7955959439277649,-0.7530934810638428,0.7931734323501587,2.2597246170043945,-0.4076749086380005,-0.7814352512359619,0.4402707815170288,3.0314691066741943,-0.06793862581253052,-0.9563586711883545,-0.296328067779541,2.067469835281372,0.13618449866771698,1.1266536712646484,1.3720017671585083,1.2522752285003662,-0.33211177587509155,-0.9941698908805847,-0.012514233589172363,-0.9960985779762268,0.7859082818031311,1.3054929971694946,-0.17898458242416382,-0.02530151605606079,-0.1609916090965271,-0.6789007186889648,1.9164830446243286,-0.20451295375823975,4.459682941436768,-0.022425353527069092,1.8536869287490845,-0.5499864816665649,0.9278541207313538,-0.608288586139679,-0.15583348274230957,3.7915732860565186,-0.31174635887145996,-0.4469022750854492,0.3805517554283142,-0.05231600999832153,-0.8783475756645203,1.402488112449646,0.3406643867492676,-0.1858680248260498,3.2375900745391846,4.186272621154785,-0.9976152777671814,-0.2581121325492859,-0.9686665534973145,0.2506271004676819
KJ Simpson,-0.4757099151611328,-0.34555113315582275,0.11351249366998672,0.9665577411651611,1.2569092512130737,-0.7573386430740356,0.9249643683433533,-0.2119988203048706,0.9386798739433289,2.1265742778778076,-0.4239739775657654,1.8404676914215088,-0.23825716972351074,-0.6986768841743469,4.624619960784912,1.232130527496338,-0.9005537033081055,0.009828534908592701,1.1139841079711914,1.630989670753479,3.368616819381714,-0.6514469385147095,0.5828741192817688,-0.22783690690994263,-0.5190029144287109,-0.9450545310974121,-0.9179236888885498,-0.5194622278213501,-0.45596426725387573,0.7284135222434998,-0.5318857431411743,-0.8040593862533569,-0.11100780963897705,1.7176685333251953,-0.24801510572433472,-0.7794846296310425,0.03025328926742077,2.2380259037017822,-0.1167253851890564,-0.9152321815490723,-0.19595354795455933,2.0277347564697266,0.07309602200984955,1.2050917148590088,0.9931548237800598,1.2057596445083618,0.03511172905564308,-0.9819185733795166,0.3654597997665405,-0.9825693964958191,0.5637696981430054,1.0473712682724,0.24810680747032166,0.6600379347801208,0.20499123632907867,-0.643406867980957,1.4311184883117676,-0.39190399646759033,4.030862808227539,0.29728272557258606,1.655981421470642,-0.23261785507202148,1.3047631978988647,-0.2648271322250366,-0.6092277765274048,2.607311248779297,-0.14874041080474854,-0.34346091747283936,0.5108672380447388,0.09542424976825714,-0.7303749918937683,1.305600643157959,1.0398602485656738,-0.4517313241958618,2.934272289276123,3.506091356277466,-0.9928737878799438,-0.33797895908355713,-0.9231128692626953,-0.33009588718414307
Marcus Smart,-0.6149815320968628,-0.3538597822189331,0.052343133836984634,1.1630967855453491,1.3604402542114258,-0.8079633116722107,1.091063141822815,-0.4132208824157715,1.3592216968536377,2.376132011413574,-0.45287764072418213,1.9977643489837646,-0.14237123727798462,-0.7310712337493896,5.755681037902832,1.157527208328247,-0.9312227368354797,-0.318506121635437,1.4021220207214355,2.0589945316314697,3.867455244064331,-0.7603821158409119,0.6165668368339539,-0.2398630976676941,-0.49289602041244507,-0.9714159369468689,-0.9536028504371643,-0.5697745084762573,-0.610781729221344,0.6796133518218994,-0.6006613969802856,-0.8000704050064087,-0.00704038143157959,2.073105812072754,-0.2543962001800537,-0.8396834135055542,-0.09543073177337646,2.405205249786377,-0.17006105184555054,-0.9467166066169739,-0.37623751163482666,2.2261600494384766,0.053351301699876785,1.2981419563293457,1.5129247903823853,1.2486519813537598,-0.010801374912261963,-0.9893501996994019,0.47516053915023804,-0.9912419319152832,0.8577055335044861,1.3385041952133179,0.2632182240486145,0.6833545565605164,0.27537989616394043,-0.6372140645980835,1.5121283531188965,-0.41423583030700684,4.787550449371338,0.1038108617067337,1.7117747068405151,-0.42726433277130127,1.0764684677124023,-0.22665119171142578,-0.6397820115089417,3.3681986331939697,-0.2550385594367981,-0.463320791721344,0.44831907749176025,-0.1332533359527588,-0.7894140481948853,1.7077902555465698,0.9750092029571533,-0.48223215341567993,3.2106990814208984,4.116790771484375,-0.9973763823509216,-0.407543420791626,-0.9560046792030334,-0.08966737985610962
Jalen Smith,-0.563295841217041,-0.39824724197387695,0.059437938034534454,1.2481894493103027,1.420971393585205,-0.7334480881690979,0.7655803561210632,-0.3505505323410034,1.0847455263137817,2.166299343109131,-0.5286313891410828,1.7712299823760986,-0.14729899168014526,-0.6776081919670105,4.95418643951416,1.1962080001831055,-0.8977662324905396,-0.38982146978378296,1.1981232166290283,1.9522145986557007,3.3062267303466797,-0.6968100070953369,0.6622315049171448,-0.25050830841064453,-0.4732980728149414,-0.9587516784667969,-0.9310149550437927,-0.552028238773346,-0.49359971284866333,0.3622854948043823,-0.5026557445526123,-0.7531280517578125,-0.07828211784362793,1.6638721227645874,-0.33508044481277466,-0.8223010301589966,-0.19964516162872314,1.8935726881027222,-0.183651864528656,-0.9336579442024231,-0.31864869594573975,2.0396323204040527,0.04394425451755524,1.3688005208969116,1.3431718349456787,1.1934691667556763,0.06204016134142876,-0.9825316071510315,0.35289567708969116,-0.9860737323760986,0.6373013854026794,1.072821855545044,0.40407419204711914,0.8072307109832764,0.18535225093364716,-0.5355333089828491,1.3319429159164429,-0.38700711727142334,4.130064010620117,0.3061060607433319,1.4746928215026855,-0.38654184341430664,1.1724389791488647,-0.17309123277664185,-0.6157546043395996,2.800630807876587,-0.14060568809509277,-0.5108822584152222,0.3393925726413727,-0.08959156274795532,-0.7480394244194031,1.580181360244751,1.036361813545227,-0.41977858543395996,3.003946304321289,3.70683217048645,-0.9939836263656616,-0.41700488328933716,-0.9393699765205383,-0.24527430534362793
Jabari Smith Jr.,-0.39357107877731323,-0.3921278119087219,-0.05545246601104736,1.1321028470993042,1.3548574447631836,-0.8253982067108154,1.0804944038391113,-0.43029189109802246,1.458001971244812,1.9610505104064941,-0.4428249001502991,1.6871142387390137,-0.22836589813232422,-0.6875332593917847,5.638261318206787,0.7557648420333862,-0.9404522776603699,-0.32961833477020264,0.9539494514465332,2.0467312335968018,3.967946767807007,-0.7608992457389832,0.37623128294944763,-0.4619286060333252,-0.51594477891922,-0.9561396241188049,-0.9568068385124207,-0.47278547286987305,-0.5551594495773315,0.7256782054901123,-0.6196840405464172,-0.750702977180481,0.28397583961486816,1.9213776588439941,-0.40479594469070435,-0.7823459506034851,0.02001413330435753,2.4172096252441406,-0.07531523704528809,-0.9427173137664795,-0.2674764394760132,2.1141867637634277,-0.08077418804168701,1.143824815750122,1.2108694314956665,1.0519053936004639,-0.18276333808898926,-0.987994909286499,0.15409962832927704,-0.9920200109481812,0.7032962441444397,1.0877704620361328,0.062221042811870575,0.49316269159317017,-0.029858291149139404,-0.6188173294067383,1.6541848182678223,-0.3398853540420532,4.217418193817139,0.3444817364215851,1.5000228881835938,-0.46596813201904297,0.9904229640960693,-0.45657020807266235,-0.46744996309280396,3.171583890914917,-0.20885223150253296,-0.47607386112213135,0.4013442099094391,-0.120391845703125,-0.8163794279098511,1.3450511693954468,0.66407710313797,-0.39187026023864746,3.08711838722229,3.906405448913574,-0.9954737424850464,-0.3158538341522217,-0.9555984139442444,-0.05939751863479614
Nick Smith Jr.,-0.5886988639831543,-0.3405926823616028,0.08046555519104004,1.3213448524475098,1.521017074584961,-0.8036816120147705,1.0017991065979004,-0.29818886518478394,1.1531155109405518,2.640007495880127,-0.5182735919952393,2.191632032394409,-0.2510486841201782,-0.7740118503570557,5.661634922027588,1.4993280172348022,-0.9460470080375671,0.014143671840429306,1.4257307052612305,2.0213723182678223,4.080047607421875,-0.736032247543335,0.8395873308181763,-0.3160734176635742,-0.5888643264770508,-0.9778514504432678,-0.9605966210365295,-0.5922027826309204,-0.4586747884750366,0.6951708197593689,-0.6362674236297607,-0.8740397691726685,-0.04481315612792969,1.9617775678634644,-0.31613004207611084,-0.8678085803985596,0.03708209842443466,2.803468704223633,-0.21360445022583008,-0.9613608121871948,-0.33463621139526367,2.40423321723938,0.27209118008613586,1.751241683959961,1.3535021543502808,1.647111415863037,0.13044887781143188,-0.9925205707550049,0.6248555183410645,-0.9932291507720947,0.6993025541305542,1.3464293479919434,0.5977355241775513,0.7667249441146851,0.3629617393016815,-0.718413233757019,1.5765565633773804,-0.45413631200790405,4.977942943572998,0.26204878091812134,2.1768910884857178,-0.16991007328033447,1.6555432081222534,-0.2985628843307495,-0.6748921871185303,3.179898262023926,0.04384278878569603,-0.36932945251464844,0.3776050806045532,0.06654229015111923,-0.7979127764701843,2.047879219055176,1.4292670488357544,-0.4154806137084961,3.508328914642334,4.309080600738525,-0.9979615211486816,-0.4412207007408142,-0.9605122208595276,-0.33312731981277466
Tyler Smith,-0.7990610599517822,-0.46768462657928467,0.46500295400619507,1.3691414594650269,1.364345908164978,-0.5825456380844116,0.6471778750419617,-0.03671449422836304,0.7901410460472107,3.056077480316162,-0.5999804735183716,2.325747013092041,-0.17060893774032593,-0.7596797943115234,4.37778377532959,2.2819862365722656,-0.8483173847198486,-0.19604909420013428,1.8741375207901,1.984194278717041,2.7200074195861816,-0.4643357992172241,1.4261038303375244,0.48122280836105347,-0.47042208909988403,-0.9828870296478271,-0.9141575694084167,-0.7917214632034302,-0.3509991765022278,0.3084185719490051,-0.19302314519882202,-0.8946000933647156,-0.6431065201759338,1.7143092155456543,0.1908944696187973,-0.9167259931564331,-0.4063287377357483,1.7485796213150024,-0.39975112676620483,-0.9525164365768433,-0.3349073529243469,2.310619354248047,0.15869249403476715,1.8111484050750732,1.6474648714065552,1.6894325017929077,0.4476219415664673,-0.9831085205078125,1.1887691020965576,-0.9735695719718933,0.6891211867332458,1.4567601680755615,1.0355576276779175,1.5350514650344849,0.956619143486023,-0.6572147607803345,1.0117244720458984,-0.6344714164733887,5.269339561462402,0.3754816949367523,2.09173846244812,0.032495103776454926,1.585176706314087,0.655205488204956,-0.8591182231903076,2.6832187175750732,0.03190969303250313,-0.2278611660003662,0.6576563715934753,-0.14273011684417725,-0.5829015970230103,2.15761137008667,2.200162172317505,-0.6275492906570435,3.578730583190918,4.073088645935059,-0.9961241483688354,-0.6396485567092896,-0.9112621545791626,-0.5504370927810669
Jeremy Sochan,0.2251725196838379,-0.4115651845932007,0.030149923637509346,0.535040557384491,0.9439024329185486,-0.6111119389533997,0.36748212575912476,-0.2387295961380005,0.7235682606697083,0.6980990171432495,-0.26237308979034424,0.6659688353538513,-0.2043311595916748,-0.3897141218185425,2.6454977989196777,0.15163226425647736,-0.726750910282135,-0.479253351688385,0.058286428451538086,1.3890843391418457,2.088416814804077,-0.49316859245300293,-0.06163382530212402,-0.3764607310295105,-0.27727222442626953,-0.7259407043457031,-0.7727693915367126,-0.16340088844299316,-0.4201921820640564,0.3551967144012451,-0.3679707646369934,-0.29521191120147705,0.24861830472946167,0.926665186882019,-0.4600762724876404,-0.2685180902481079,0.024390948936343193,1.0441244840621948,0.09263439476490021,-0.7436644434928894,0.15785770118236542,1.2033281326293945,-0.3664364218711853,0.44272908568382263,0.4010127782821655,0.09323318302631378,-0.4087579846382141,-0.9003822803497314,-0.3909292221069336,-0.9296082854270935,0.17662286758422852,0.165569007396698,-0.3868800401687622,0.6613572835922241,-0.3539023995399475,-0.28922295570373535,0.9603391885757446,-0.20749467611312866,1.7013899087905884,0.39690497517585754,0.3403674066066742,-0.5381354689598083,0.40410590171813965,-0.43362653255462646,-0.1394769549369812,1.3757824897766113,-0.3338680863380432,-0.4913313388824463,0.5221377611160278,0.03416083753108978,-0.6263366937637329,-0.06728601455688477,-0.1187664270401001,-0.20606505870819092,1.6277824640274048,1.874674916267395,-0.8617916107177734,-0.0961490273475647,-0.7959042191505432,-0.1586235761642456
Cam Spencer,-0.7462054491043091,-0.46441650390625,0.39317166805267334,1.3707488775253296,1.485873818397522,-0.7113542556762695,1.0285929441452026,-0.13260692358016968,1.136735439300537,3.1608529090881348,-0.6416543126106262,2.5114035606384277,-0.19417542219161987,-0.7975447773933411,5.478867530822754,2.015143394470215,-0.9185987710952759,-0.20526444911956787,1.8545787334442139,2.1902971267700195,3.5306622982025146,-0.625742495059967,1.2726222276687622,0.09437665343284607,-0.5468099117279053,-0.9841234683990479,-0.9470046162605286,-0.7783769369125366,-0.42808282375335693,0.5471159219741821,-0.24741196632385254,-0.897948682308197,-0.5482374429702759,1.9712467193603516,-0.0031054019927978516,-0.911852240562439,-0.34575438499450684,2.1797358989715576,-0.34812289476394653,-0.9646140336990356,-0.3180832862854004,2.6308512687683105,-0.019177615642547607,1.698420763015747,1.6357471942901611,1.6135667562484741,0.45421600341796875,-0.990260660648346,1.0655516386032104,-0.988924503326416,0.8290609121322632,1.5050654411315918,0.8634743690490723,1.290376901626587,0.6795522570610046,-0.6898559331893921,1.4813425540924072,-0.6417128443717957,5.608067512512207,0.5371103286743164,2.162316083908081,-0.1423017382621765,1.5257567167282104,0.29531359672546387,-0.8361871838569641,3.2475204467773438,-0.06815510988235474,-0.3685627579689026,0.6587557196617126,-0.2596202492713928,-0.6936413645744324,2.1361215114593506,2.0313029289245605,-0.656780481338501,3.822429656982422,4.5747175216674805,-0.9983086585998535,-0.594508171081543,-0.9510080218315125,-0.44421303272247314
Pat Spencer,-0.5613269209861755,-0.3337489366531372,0.5590446591377258,0.8895054459571838,0.8742915391921997,-0.29568004608154297,0.3865378499031067,0.1352996975183487,0.3550756573677063,2.123682975769043,-0.4792780876159668,1.5981106758117676,-0.21716201305389404,-0.6050053834915161,2.1579439640045166,1.5432744026184082,-0.5804857015609741,-0.13347893953323364,1.2126495838165283,1.0652318000793457,1.3851522207260132,-0.14129507541656494,0.9685505628585815,0.32483604550361633,-0.3408015966415405,-0.9095258116722107,-0.6849474906921387,-0.6641461849212646,-0.10173708200454712,0.25885286927223206,0.10090261697769165,-0.7918205261230469,-0.646926760673523,1.0295898914337158,0.023172732442617416,-0.8073419332504272,-0.3316677212715149,0.9514935612678528,-0.3449815511703491,-0.8454216718673706,-0.08484059572219849,1.7047611474990845,-0.02651524543762207,1.0486106872558594,0.9057918190956116,1.0187674760818481,0.3465218245983124,-0.913232147693634,0.7897050380706787,-0.8506026864051819,0.27535971999168396,0.7794775366783142,0.7057836055755615,1.2145041227340698,0.6442344784736633,-0.5235841274261475,0.6098122596740723,-0.6127716898918152,3.280916690826416,0.517906904220581,1.2204639911651611,-0.005440711975097656,1.2276108264923096,0.46498870849609375,-0.7616777420043945,1.2971935272216797,0.0539088137447834,-0.153794527053833,0.5681324005126953,-0.10393482446670532,-0.464846134185791,1.2089662551879883,1.49442720413208,-0.5361005663871765,2.356541156768799,2.4104063510894775,-0.9554672241210938,-0.4601477384567261,-0.6779063940048218,-0.47975510358810425
Jaden Springer,-0.7034763097763062,-0.45435672998428345,0.5291905403137207,1.1744699478149414,1.2014518976211548,-0.6000239253044128,0.8455326557159424,0.05014285445213318,0.9373525381088257,2.9585866928100586,-0.5564833283424377,2.299828290939331,-0.24903017282485962,-0.7869151830673218,4.321462631225586,2.023991823196411,-0.8310219049453735,-0.20525968074798584,1.8203682899475098,1.8577606678009033,2.7248575687408447,-0.4490744471549988,1.1685220003128052,0.2729472517967224,-0.44709354639053345,-0.9755984544754028,-0.8892905116081238,-0.787246823310852,-0.4012455344200134,0.5256760716438293,-0.0671464204788208,-0.8820343613624573,-0.6607347130775452,1.8241348266601562,0.15416616201400757,-0.891586422920227,-0.42148667573928833,1.7438496351242065,-0.3624227046966553,-0.9388893842697144,-0.2606559991836548,2.3217086791992188,-0.151924729347229,1.332970380783081,1.3874139785766602,1.4623875617980957,0.3093971610069275,-0.9803273677825928,1.02455735206604,-0.9703647494316101,0.7897008657455444,1.3853200674057007,0.7379578948020935,1.4807093143463135,0.8440242409706116,-0.6516705751419067,1.2135206460952759,-0.6599525809288025,5.013938903808594,0.5344762206077576,1.7468111515045166,-0.11094135046005249,1.3872101306915283,0.4958983361721039,-0.8541061878204346,2.7085142135620117,-0.15672802925109863,-0.2688872814178467,0.9017034769058228,-0.2456427812576294,-0.585678219795227,1.6886528730392456,1.95249605178833,-0.675351083278656,3.4514589309692383,3.9105308055877686,-0.9947195649147034,-0.6166567802429199,-0.9026086926460266,-0.4913266897201538
Isaiah Stewart,-0.10344499349594116,-0.42639321088790894,0.30779749155044556,0.6368081569671631,0.8659572601318359,-0.36347663402557373,0.31857916712760925,-0.006113409996032715,0.5239139795303345,1.1714808940887451,-0.3243180513381958,0.8797754049301147,-0.21595066785812378,-0.430401086807251,1.9473581314086914,0.6972662210464478,-0.5465316772460938,-0.4576418995857239,0.4499390125274658,1.1964671611785889,1.4336092472076416,-0.2110583782196045,0.2539447546005249,-0.09333598613739014,-0.22843807935714722,-0.7612498998641968,-0.6566249132156372,-0.44654518365859985,-0.22861731052398682,0.23386900126934052,-0.024067997932434082,-0.5207803845405579,-0.34289705753326416,0.8433138132095337,-0.2859107255935669,-0.5409923791885376,-0.15593171119689941,0.66786789894104,-0.18806862831115723,-0.7366329431533813,0.28252360224723816,1.3568724393844604,-0.3562914729118347,0.44886091351509094,0.5260764956474304,0.30990472435951233,-0.14659273624420166,-0.8589029908180237,0.03249409422278404,-0.8421721458435059,0.14550305902957916,0.27249670028686523,-0.05453336238861084,0.9663464426994324,-0.006821155548095703,-0.3308388590812683,0.7838912010192871,-0.4663656949996948,2.020184278488159,0.6145740151405334,0.5080330967903137,-0.3798558712005615,0.5908077359199524,-0.07903432846069336,-0.47683602571487427,1.1057559251785278,-0.19215047359466553,-0.34486693143844604,0.6682546734809875,-0.10574114322662354,-0.502933144569397,0.19017143547534943,0.5582820773124695,-0.381791889667511,1.7067232131958008,1.8347266912460327,-0.8386521339416504,-0.2328014373779297,-0.672676682472229,-0.2964363098144531
Julian Strawther,-0.5704872012138367,-0.3842007517814636,0.11721432954072952,1.3059996366500854,1.4794251918792725,-0.7830143570899963,0.9767450094223022,-0.3535778522491455,1.2005945444107056,2.4116363525390625,-0.542875349521637,2.033243417739868,-0.18109667301177979,-0.7358659505844116,5.503378391265869,1.3013794422149658,-0.9322630763053894,-0.29512929916381836,1.3398224115371704,2.107809543609619,3.745027780532837,-0.7250032424926758,0.777198076248169,-0.30717605352401733,-0.550614595413208,-0.971174418926239,-0.9528923034667969,-0.582082986831665,-0.5070955753326416,0.5340280532836914,-0.5177792310714722,-0.8169355392456055,-0.07618248462677002,1.8458755016326904,-0.32383590936660767,-0.8475425243377686,-0.14927399158477783,2.307892084121704,-0.1472523808479309,-0.9510090947151184,-0.3483060598373413,2.2955431938171387,0.07571804523468018,1.4909770488739014,1.3687479496002197,1.328245997428894,0.1296040415763855,-0.989022433757782,0.483795166015625,-0.9916040897369385,0.7284911870956421,1.2114627361297607,0.42822346091270447,0.8024439215660095,0.2585529386997223,-0.6281164884567261,1.5022333860397339,-0.4332132339477539,4.641371726989746,0.38485103845596313,1.7249526977539062,-0.3382319211959839,1.3082244396209717,-0.25221526622772217,-0.6599682569503784,3.1336047649383545,-0.08138984441757202,-0.4768356680870056,0.39062514901161194,-0.11633634567260742,-0.7759955525398254,1.8057401180267334,1.1850471496582031,-0.47081828117370605,3.2751450538635254,4.1160054206848145,-0.9971169829368591,-0.4169408082962036,-0.9565380215644836,-0.26627492904663086
Jalen Suggs,-0.3633374571800232,-0.3976571559906006,-0.21565961837768555,1.10854971408844,1.3704829216003418,-0.8895800113677979,1.39220130443573,-0.5740466117858887,1.8108642101287842,1.8114509582519531,-0.33092421293258667,1.714377999305725,-0.2538453936576843,-0.6864135265350342,6.515833377838135,0.4893435537815094,-0.9641139507293701,-0.3135051727294922,0.88248211145401,2.1506590843200684,4.704573154449463,-0.83330899477005,0.14062799513339996,-0.5484552383422852,-0.48435360193252563,-0.9567017555236816,-0.9694827198982239,-0.4217725992202759,-0.6425623893737793,0.9771242737770081,-0.753315269947052,-0.7429196238517761,0.6371468901634216,2.2632644176483154,-0.4063328504562378,-0.7697403430938721,0.28396785259246826,2.877629041671753,-0.026728391647338867,-0.9507241249084473,-0.22501981258392334,2.126793384552002,-0.05011469125747681,0.980964720249176,1.301703929901123,1.146216630935669,-0.34224653244018555,-0.9932950139045715,-0.010376155376434326,-0.9956725835800171,0.7789079546928406,1.2311354875564575,-0.22830402851104736,0.15524214506149292,-0.1721157431602478,-0.664120078086853,1.9706482887268066,-0.2293156385421753,4.464214324951172,0.13241149485111237,1.6893199682235718,-0.5606687664985657,0.89255291223526,-0.5762193202972412,-0.2676488161087036,3.7562575340270996,-0.36562395095825195,-0.4664226770401001,0.5021609663963318,-0.09273397922515869,-0.8634158968925476,1.2103134393692017,0.3776509761810303,-0.3302415609359741,3.292851448059082,4.176200866699219,-0.9973326325416565,-0.26165127754211426,-0.9670562744140625,0.15317296981811523
Cole Swider,-0.8605290651321411,-0.3984176516532898,0.49418991804122925,1.7730268239974976,1.7587095499038696,-0.8206644058227539,0.7992027401924133,-0.2640571594238281,1.0348222255706787,3.6820027828216553,-0.6611840724945068,3.06786847114563,-0.15218454599380493,-0.8522562980651855,6.686549663543701,2.586606025695801,-0.9537186622619629,-0.05972421169281006,2.3346614837646484,2.23580265045166,4.097958564758301,-0.7478303909301758,1.9744608402252197,0.10524796694517136,-0.6924133896827698,-0.9951851963996887,-0.9782556891441345,-0.7901936769485474,-0.5263919234275818,0.3693164587020874,-0.5592089295387268,-0.9516998529434204,-0.49414175748825073,2.137274742126465,-0.022921085357666016,-0.9440311193466187,-0.31963926553726196,3.107283115386963,-0.2914118766784668,-0.9830955862998962,-0.7000139355659485,2.636327028274536,1.046069622039795,2.6152052879333496,1.9669189453125,2.5504825115203857,0.7057169675827026,-0.9971728324890137,1.3334616422653198,-0.9963740706443787,1.107282280921936,1.8481758832931519,1.2409733533859253,1.256414532661438,1.110219955444336,-0.7797511219978333,1.4438555240631104,-0.5978932976722717,6.832372188568115,0.06656236946582794,2.832604169845581,0.1710478663444519,2.359239339828491,0.2681470811367035,-0.8926989436149597,3.8170297145843506,0.15446244180202484,-0.3689481019973755,0.3997456133365631,-0.1599683165550232,-0.8020688891410828,3.268435478210449,2.42146897315979,-0.45460110902786255,4.472122669219971,5.385726451873779,-0.9996658563613892,-0.7105754613876343,-0.9764922261238098,-0.4862908124923706
Jayson Tatum,-0.12899625301361084,-0.4613679051399231,-0.35538017749786377,1.0634127855300903,1.2108632326126099,-0.9341444969177246,1.6582893133163452,-0.750975489616394,2.3051114082336426,1.0870805978775024,-0.13169771432876587,1.3964778184890747,-0.34283316135406494,-0.6122998595237732,7.185719966888428,-0.22841191291809082,-0.9776651859283447,-0.4612365961074829,0.4283834993839264,2.335254669189453,5.154086112976074,-0.8814314603805542,-0.23172467947006226,-0.703661322593689,-0.35310351848602295,-0.9272606372833252,-0.9770599007606506,-0.2505221366882324,-0.7268686294555664,1.0421900749206543,-0.8168374300003052,-0.596534252166748,1.2547736167907715,2.4414634704589844,-0.4366954565048218,-0.674075722694397,0.540058434009552,2.9890358448028564,0.08704881370067596,-0.948495090007782,-0.22871410846710205,1.8747756481170654,-0.11968421936035156,0.5275397300720215,1.2748886346817017,0.9112992882728577,-0.5263739824295044,-0.9943298697471619,-0.42167162895202637,-0.9974203109741211,0.7777180075645447,1.2284657955169678,-0.5838190317153931,-0.3514251112937927,-0.4498351812362671,-0.6216882467269897,2.130539894104004,-0.018506765365600586,4.032378673553467,-0.03280526399612427,1.441516399383545,-0.7077990770339966,0.3986407518386841,-0.7236080765724182,0.3808807134628296,4.125154972076416,-0.5075598955154419,-0.5413644313812256,0.5475761294364929,-0.21127527952194214,-0.9025646448135376,0.8068493008613586,-0.30195730924606323,-0.08243262767791748,3.1475167274475098,4.031350135803223,-0.9966240525245667,-0.18459457159042358,-0.9717414379119873,0.6312352418899536
Garrett Temple,-0.7461047172546387,-0.4221245050430298,0.5483492016792297,1.0898696184158325,1.1104140281677246,-0.5417166948318481,0.6816931366920471,0.2407098412513733,0.60716313123703,2.924365520477295,-0.5922809839248657,2.2009782791137695,-0.22364115715026855,-0.7512509226799011,3.6293487548828125,2.1514463424682617,-0.798459529876709,0.15670093894004822,1.7169746160507202,1.5490036010742188,2.3284752368927,-0.3468472957611084,1.3343429565429688,0.5223312973976135,-0.483768105506897,-0.9714787602424622,-0.8458417057991028,-0.7831702828407288,-0.22539746761322021,0.5400615930557251,-0.02697044610977173,-0.8897440433502197,-0.7027488946914673,1.5487650632858276,0.2987686097621918,-0.8889695405960083,-0.41841834783554077,1.536086916923523,-0.40791046619415283,-0.9304565191268921,-0.23068946599960327,2.1378397941589355,-0.006005525588989258,1.5357285737991333,1.310010552406311,1.5187546014785767,0.4503393769264221,-0.9713192582130432,1.1428033113479614,-0.9483715295791626,0.6038125157356262,1.291583776473999,1.001806378364563,1.4396154880523682,0.9303208589553833,-0.6659197807312012,1.0060679912567139,-0.6301732063293457,4.834251880645752,0.4491257667541504,1.9720640182495117,0.1963426023721695,1.584356665611267,0.6653198599815369,-0.8606317043304443,2.232233762741089,0.003975519444793463,-0.09206271171569824,0.7297995090484619,-0.08558744192123413,-0.4931012988090515,1.7869316339492798,2.1186139583587646,-0.6816811561584473,3.3279786109924316,3.5654022693634033,-0.9926785826683044,-0.6242690682411194,-0.853492021560669,-0.5934528112411499
Dalen Terry,-0.5903952121734619,-0.39318299293518066,0.3010878562927246,0.9136487245559692,1.0461280345916748,-0.5110378861427307,0.46930408477783203,-0.03590559959411621,0.5971632599830627,1.9946376085281372,-0.4443075656890869,1.4480918645858765,-0.13279515504837036,-0.6012551784515381,3.1143367290496826,1.3407480716705322,-0.7256834506988525,-0.2738705277442932,1.090457558631897,1.4236838817596436,2.046823501586914,-0.4240509271621704,0.7463980317115784,0.244484081864357,-0.38937222957611084,-0.9294387102127075,-0.8310929536819458,-0.5975984334945679,-0.3599405288696289,0.33564329147338867,-0.2221747636795044,-0.7406755685806274,-0.4565650224685669,1.281190276145935,-0.08122855424880981,-0.7806168794631958,-0.2587677836418152,1.1924481391906738,-0.26747196912765503,-0.872785210609436,-0.1600412130355835,1.6663888692855835,-0.04228830337524414,1.1122592687606812,1.0749492645263672,0.9186131358146667,0.08434673398733139,-0.9425175786018372,0.5761978030204773,-0.9287046194076538,0.4427802264690399,0.8273447751998901,0.49001431465148926,1.0913277864456177,0.4674372971057892,-0.5111603736877441,0.8462333679199219,-0.4697248935699463,3.5106093883514404,0.3461858630180359,1.2538831233978271,-0.20739507675170898,1.0554208755493164,0.28338441252708435,-0.6944178938865662,1.8371481895446777,-0.12576258182525635,-0.26700645685195923,0.5266852378845215,-0.031114637851715088,-0.5541693568229675,1.1527293920516968,1.1783949136734009,-0.5177721977233887,2.4586009979248047,2.7918756008148193,-0.9747982025146484,-0.417682409286499,-0.8249521851539612,-0.40610241889953613
Daniel Theis,-0.4459605813026428,-0.3664112091064453,0.34631553292274475,0.9493767619132996,1.0130324363708496,-0.5008447766304016,0.5255392789840698,-0.11072814464569092,0.7252559065818787,1.9000924825668335,-0.4742695689201355,1.4833617210388184,-0.21020156145095825,-0.5844475626945496,2.897702932357788,1.264283299446106,-0.730199933052063,-0.37225013971328735,1.0366822481155396,1.5597548484802246,1.9891223907470703,-0.3384459614753723,0.6485650539398193,0.018126768991351128,-0.28037065267562866,-0.9171990156173706,-0.7778375148773193,-0.6086695790290833,-0.26251351833343506,0.3061094284057617,-0.1325216293334961,-0.6930826902389526,-0.4728350043296814,1.224504828453064,-0.1524134874343872,-0.7670223712921143,-0.3595525026321411,1.0056184530258179,-0.25647735595703125,-0.8661434054374695,-0.033601224422454834,1.7636452913284302,-0.26419728994369507,0.8944593667984009,0.9664254188537598,0.8548658490180969,0.03565534949302673,-0.939318060874939,0.455941379070282,-0.927780270576477,0.34352371096611023,0.7520527243614197,0.3445395827293396,1.1747456789016724,0.3396737277507782,-0.4482465982437134,0.8731054067611694,-0.49735528230667114,3.2501397132873535,0.4880351424217224,1.0257512331008911,-0.24669873714447021,0.9204052686691284,0.1739329695701599,-0.6849963068962097,1.8246012926101685,-0.14253580570220947,-0.3424152731895447,0.6235843300819397,-0.16274797916412354,-0.5435702204704285,0.977821946144104,1.0993983745574951,-0.5290749073028564,2.427046775817871,2.669330358505249,-0.9638890624046326,-0.45466524362564087,-0.8038956522941589,-0.38892126083374023
Cam Thomas,-0.0941551923751831,-0.42485857009887695,-0.3075639009475708,0.9489338994026184,1.175864338874817,-0.9213554859161377,1.6070764064788818,-0.7250232696533203,2.2421512603759766,1.1273795366287231,-0.1912996768951416,1.3313809633255005,-0.3148764371871948,-0.5631148815155029,6.810809135437012,-0.206274151802063,-0.9722538590431213,-0.4860385060310364,0.38999488949775696,2.274932861328125,4.964108467102051,-0.863603413105011,-0.22011762857437134,-0.6650165915489197,-0.3372536301612854,-0.9227710366249084,-0.973381519317627,-0.234458327293396,-0.707374095916748,1.101706862449646,-0.7922279238700867,-0.5738694071769714,1.1044707298278809,2.3646209239959717,-0.43396592140197754,-0.6507172584533691,0.441998690366745,2.8299427032470703,0.13928622007369995,-0.9402783513069153,-0.15285450220108032,1.8731114864349365,-0.2006676197052002,0.4217434525489807,1.1749399900436401,0.7637743949890137,-0.5160666704177856,-0.9925212264060974,-0.37630027532577515,-0.9965633153915405,0.7236427068710327,1.0918296575546265,-0.5862071514129639,-0.24447619915008545,-0.4697467088699341,-0.5952466726303101,2.0689537525177,-0.062037765979766846,3.956174612045288,0.06709650903940201,1.3252367973327637,-0.7078812122344971,0.3202548921108246,-0.7023393511772156,0.2816842496395111,3.977738857269287,-0.5390558242797852,-0.5233901739120483,0.5676800608634949,-0.2601768970489502,-0.8896039128303528,0.6261540055274963,-0.3150045871734619,-0.21494042873382568,3.0408201217651367,3.867241859436035,-0.9957354068756104,-0.1447160243988037,-0.9664992690086365,0.5886001586914062
Amen Thompson,0.4260627329349518,-0.4840506315231323,0.007751776836812496,0.3619835674762726,0.8058791756629944,-0.675091028213501,0.4996032416820526,-0.2966940402984619,1.0078059434890747,0.5462670922279358,-0.06771260499954224,0.5943132042884827,-0.2531799077987671,-0.4207363724708557,3.0609371662139893,-0.13246721029281616,-0.7677174210548401,-0.5933363437652588,0.008584546856582165,1.5302236080169678,2.3795547485351562,-0.5762521028518677,-0.2582017779350281,-0.503896951675415,-0.17584502696990967,-0.694011926651001,-0.799202561378479,-0.1782655119895935,-0.566468358039856,0.5360902547836304,-0.432256281375885,-0.2198135256767273,0.48189878463745117,1.1640260219573975,-0.47925013303756714,-0.04587972164154053,0.17726431787014008,1.2700865268707275,0.15733878314495087,-0.7519054412841797,0.24898581206798553,1.1990363597869873,-0.5032998919487,0.1272708773612976,0.40053591132164,-0.14071416854858398,-0.5717618465423584,-0.9239123463630676,-0.490337073802948,-0.9499900937080383,0.22577226161956787,0.18778935074806213,-0.6059955358505249,0.7351235151290894,-0.4453946352005005,-0.3075599670410156,1.174372673034668,-0.290124773979187,1.7651655673980713,0.2804185450077057,0.25423532724380493,-0.660544753074646,0.0673610046505928,-0.5146133303642273,-0.05349242687225342,1.6409417390823364,-0.5145049095153809,-0.5492891073226929,0.8788061738014221,-0.028499066829681396,-0.6506827473640442,-0.35620129108428955,-0.37940818071365356,-0.1226075291633606,1.6760514974594116,1.8789751529693604,-0.8588870167732239,-0.0536653995513916,-0.8199974298477173,0.03939494490623474
Ausar Thompson,0.26062771677970886,-0.4725375771522522,0.11824321746826172,0.2936650216579437,0.7352921366691589,-0.5267906785011292,0.2373957484960556,-0.12013977766036987,0.49421924352645874,0.5479846000671387,-0.1163821816444397,0.5719244480133057,-0.2125980257987976,-0.4116470217704773,1.9933793544769287,0.13917066156864166,-0.5980634689331055,-0.4762561321258545,0.011322759091854095,1.2263225317001343,1.604516625404358,-0.4043232202529907,-0.04982262849807739,-0.299858033657074,-0.17642980813980103,-0.6264765858650208,-0.6527239084243774,-0.25879430770874023,-0.46174269914627075,0.3399481773376465,-0.2308809757232666,-0.25944817066192627,0.17177464067935944,0.8006150126457214,-0.39444422721862793,-0.06287598609924316,0.1310831606388092,0.8506988286972046,0.053853556513786316,-0.664280116558075,0.23699922859668732,1.0797407627105713,-0.44211357831954956,0.31113728880882263,0.30989304184913635,-0.13819777965545654,-0.4846803545951843,-0.8575286865234375,-0.39971911907196045,-0.8831514120101929,0.08286211639642715,0.10394827276468277,-0.4483909010887146,0.8789907097816467,-0.33731842041015625,-0.28163397312164307,0.8320371508598328,-0.33656466007232666,1.3764615058898926,0.2755417227745056,0.25463998317718506,-0.5719549655914307,0.233626127243042,-0.3068687319755554,-0.21518421173095703,0.9402539134025574,-0.4222084879875183,-0.4779062271118164,0.7630026936531067,0.1185159906744957,-0.5080196261405945,-0.307986855506897,-0.17727673053741455,-0.15439742803573608,1.414555549621582,1.4519903659820557,-0.7316333055496216,-0.0927649736404419,-0.6984066963195801,-0.21147578954696655
Klay Thompson,-0.6555418968200684,-0.40499424934387207,0.00344222504645586,1.5118948221206665,1.6040949821472168,-0.8618441224098206,1.1726436614990234,-0.4404926896095276,1.4054811000823975,2.561372756958008,-0.502946138381958,2.1855177879333496,-0.2358642816543579,-0.7917068004608154,6.589145660400391,1.2783548831939697,-0.9688071608543396,-0.0628480315208435,1.401637077331543,2.3482625484466553,4.538694381713867,-0.8062515258789062,0.8206015825271606,-0.4047524333000183,-0.6280799508094788,-0.9831326007843018,-0.9785810112953186,-0.60458904504776,-0.5667396783828735,0.6588573455810547,-0.6840178966522217,-0.8745207190513611,0.21436576545238495,2.1265554428100586,-0.324638307094574,-0.8833187222480774,0.1833062767982483,2.9863052368164062,-0.24274784326553345,-0.9758418798446655,-0.4892882704734802,2.4862546920776367,0.38748979568481445,1.9649485349655151,1.6393229961395264,1.647289514541626,0.05151613801717758,-0.995093822479248,0.5986834168434143,-0.9964209794998169,0.855674147605896,1.5161179304122925,0.5849762558937073,0.5614567995071411,0.4153640866279602,-0.7468504905700684,1.7080347537994385,-0.4053179621696472,5.355441093444824,0.1795518398284912,2.3502941131591797,-0.2502089738845825,1.5388990640640259,-0.37551748752593994,-0.62176913022995,3.603062868118286,0.1421450823545456,-0.435064435005188,0.28588682413101196,0.009790629148483276,-0.8475252389907837,2.3675079345703125,1.2850290536880493,-0.3392483592033386,3.637223720550537,4.7302775382995605,-0.9990099668502808,-0.4497150182723999,-0.9759420156478882,-0.19310593605041504
JT Thor,-0.593388020992279,-0.4160143733024597,0.4082547724246979,1.0101318359375,1.0903048515319824,-0.5925149321556091,0.6887122392654419,-0.02293485403060913,0.8815468549728394,2.402216672897339,-0.49841952323913574,1.869598388671875,-0.2125798463821411,-0.7012695074081421,3.738544464111328,1.6077286005020142,-0.7995801568031311,-0.27988922595977783,1.3908857107162476,1.7493200302124023,2.447342872619629,-0.4207349419593811,0.8911822438240051,0.1615506261587143,-0.39968687295913696,-0.9584968686103821,-0.8632413744926453,-0.6939656734466553,-0.3806207776069641,0.4896318018436432,-0.1596463918685913,-0.8085575103759766,-0.5376850366592407,1.5732077360153198,0.0030215519946068525,-0.8305132389068604,-0.39748042821884155,1.4960606098175049,-0.26617467403411865,-0.9081993699073792,-0.1797468066215515,2.0142974853515625,-0.21912938356399536,1.1111812591552734,1.1804394721984863,1.1063106060028076,0.09945626556873322,-0.9674831032752991,0.683847963809967,-0.9586777687072754,0.6065405607223511,1.085273265838623,0.46150389313697815,1.2995258569717407,0.5662873983383179,-0.5739642381668091,1.046409249305725,-0.5624082088470459,4.19586181640625,0.4678429067134857,1.3598763942718506,-0.19691359996795654,1.101496934890747,0.2738989591598511,-0.780977725982666,2.3438994884490967,-0.16852372884750366,-0.2782745361328125,0.7492331862449646,-0.1809321641921997,-0.5791811943054199,1.3091922998428345,1.444242238998413,-0.6161644458770752,2.9751853942871094,3.351144790649414,-0.9870258569717407,-0.5349631309509277,-0.8703077435493469,-0.43631190061569214
Drew Timme,-0.17991960048675537,-0.26949983835220337,0.03416094183921814,1.1521875858306885,1.2250590324401855,-0.7818646430969238,0.6614274978637695,-0.4747292399406433,1.0504875183105469,1.3407403230667114,-0.3900245428085327,1.2213436365127563,-0.2577608823776245,-0.522679328918457,4.185848236083984,0.5467711687088013,-0.8912122249603271,-0.4239576458930969,0.5974428653717041,1.7271032333374023,3.0883827209472656,-0.6847103834152222,0.31008660793304443,-0.4933828115463257,-0.4066653847694397,-0.9151813387870789,-0.9035206437110901,-0.274519681930542,-0.4500200152397156,0.4445927143096924,-0.6328939199447632,-0.6013370752334595,0.31575605273246765,1.4333491325378418,-0.46503913402557373,-0.6970641613006592,-0.05931735038757324,1.7858302593231201,0.009801563806831837,-0.897335410118103,-0.268541157245636,1.6061655282974243,0.10061062127351761,0.985252320766449,0.8845435380935669,0.9631213545799255,-0.2782224416732788,-0.9740868806838989,-0.12751394510269165,-0.981769323348999,0.37874889373779297,0.6329243779182434,-0.04299771785736084,0.547807514667511,-0.0775335431098938,-0.46281367540359497,1.2502219676971436,-0.14337623119354248,3.0354361534118652,0.25814393162727356,0.9830052256584167,-0.4619101285934448,0.9908014535903931,-0.47650009393692017,-0.3373127579689026,2.354231357574463,-0.17815780639648438,-0.5102516412734985,0.29853686690330505,-0.027639687061309814,-0.7815070748329163,0.9826026558876038,0.2077673077583313,-0.17241781949996948,2.4286985397338867,2.862949848175049,-0.9812959432601929,-0.27517056465148926,-0.9122986793518066,-0.12936025857925415
Obi Toppin,-0.443129301071167,-0.41030943393707275,0.02900824323296547,1.2422082424163818,1.433955192565918,-0.7348666191101074,0.7266438007354736,-0.38717830181121826,1.1230374574661255,1.9351814985275269,-0.48305755853652954,1.6110965013504028,-0.17905408143997192,-0.6687688231468201,4.841610431671143,0.9923498034477234,-0.90251225233078,-0.44017672538757324,1.0060473680496216,2.0471763610839844,3.3589491844177246,-0.694029688835144,0.48575130105018616,-0.3503759503364563,-0.4656969904899597,-0.9517761468887329,-0.9376553893089294,-0.47871291637420654,-0.5078044533729553,0.333773672580719,-0.5238279104232788,-0.7156611680984497,0.09306734055280685,1.61655592918396,-0.42003464698791504,-0.7867113947868347,-0.10998642444610596,1.9377254247665405,-0.11813199520111084,-0.9325284957885742,-0.2821168303489685,2.0008769035339355,-0.00794297456741333,1.32100248336792,1.2125740051269531,1.0557109117507935,-0.08959871530532837,-0.9815018773078918,0.19993431866168976,-0.987053632736206,0.5715112090110779,0.9704340696334839,0.21561364829540253,0.7811332941055298,0.07979961484670639,-0.5280635952949524,1.2885987758636475,-0.3523198366165161,3.82848858833313,0.38641899824142456,1.322786808013916,-0.4278368353843689,1.0933403968811035,-0.316569447517395,-0.5172218084335327,2.7201457023620605,-0.09813547134399414,-0.5203055143356323,0.3592376410961151,-0.048624515533447266,-0.7656271457672119,1.42612886428833,0.8538467884063721,-0.34745609760284424,2.862964391708374,3.591935157775879,-0.992007851600647,-0.3584681749343872,-0.940740704536438,-0.21359097957611084
Karl-Anthony Towns,0.41763606667518616,-0.49662357568740845,-0.19877642393112183,0.7828153967857361,0.8667072057723999,-0.871165931224823,1.1555696725845337,-0.6661863327026367,1.7361376285552979,0.4207376539707184,-0.09958600997924805,0.6925831437110901,-0.3412232995033264,-0.38459765911102295,4.913946151733398,-0.4350314736366272,-0.9315695762634277,-0.618255615234375,-0.10970813035964966,1.9197931289672852,3.6453335285186768,-0.7882192730903625,-0.38840407133102417,-0.6767090559005737,-0.200503408908844,-0.769273579120636,-0.9382270574569702,0.009580068290233612,-0.6184604167938232,0.8306280970573425,-0.672797441482544,-0.22407972812652588,1.1123594045639038,1.7610212564468384,-0.5091674327850342,-0.380110502243042,0.36118027567863464,1.899379849433899,0.10564052313566208,-0.8619388937950134,0.2189880907535553,1.375516414642334,-0.3979858160018921,-0.04781961441040039,0.7640888690948486,0.165176123380661,-0.5944823026657104,-0.9694557189941406,-0.5811469554901123,-0.9884868860244751,0.2674061059951782,0.5168280005455017,-0.6692496538162231,-0.13893520832061768,-0.5866010189056396,-0.43911290168762207,1.621193289756775,-0.008394896984100342,2.4612045288085938,0.30424782633781433,0.5927993655204773,-0.7319740653038025,0.05249662324786186,-0.6841918230056763,0.5999633073806763,2.7401161193847656,-0.47812938690185547,-0.552227795124054,0.6062330603599548,-0.1724259853363037,-0.8447266817092896,-0.03494560718536377,-0.5234088897705078,-0.06456142663955688,2.3119893074035645,2.6058876514434814,-0.9632418155670166,0.021148324012756348,-0.9181122183799744,0.5200992822647095
Gary Trent Jr.,-0.7049152851104736,-0.4172372817993164,0.02987988293170929,1.4054287672042847,1.6072441339492798,-0.8403288125991821,1.172049880027771,-0.38598567247390747,1.4498720169067383,2.8059473037719727,-0.5295389890670776,2.341263771057129,-0.16004562377929688,-0.8016014695167542,6.671005725860596,1.4442646503448486,-0.9615091681480408,-0.17221784591674805,1.6313226222991943,2.335693836212158,4.45868444442749,-0.8004080057144165,0.8854311108589172,-0.2770312428474426,-0.6063173413276672,-0.9854813814163208,-0.9755735397338867,-0.6485762596130371,-0.5953697562217712,0.652947723865509,-0.6434473395347595,-0.879520058631897,0.03632434457540512,2.192035436630249,-0.26233017444610596,-0.8874911069869995,0.009289567358791828,2.9189491271972656,-0.2599022388458252,-0.9731317162513733,-0.4514108896255493,2.5383143424987793,0.24350230395793915,1.8567118644714355,1.768045425415039,1.620421051979065,0.15765239298343658,-0.9949285387992859,0.6950727701187134,-0.9958993792533875,0.9891525506973267,1.5971373319625854,0.5888698101043701,0.7041966319084167,0.42790549993515015,-0.7296570539474487,1.6964638233184814,-0.473575234413147,5.614113807678223,0.11345261335372925,2.3090403079986572,-0.2974660396575928,1.4517263174057007,-0.26224231719970703,-0.6995875835418701,3.7657124996185303,-0.03535592555999756,-0.4417608380317688,0.3712520897388458,-0.0906115174293518,-0.8249633312225342,2.3537089824676514,1.4499977827072144,-0.44861680269241333,3.7146153450012207,4.860577583312988,-0.9991163611412048,-0.4850037693977356,-0.9747722148895264,-0.1702609658241272
Myles Turner,-0.3396263122558594,-0.4055432081222534,-0.12335008382797241,1.221573829650879,1.3429324626922607,-0.867060661315918,1.2172032594680786,-0.5965696573257446,1.740800380706787,1.632432460784912,-0.4144694209098816,1.5359078645706177,-0.21114742755889893,-0.6385517120361328,6.086758613586426,0.376832515001297,-0.9551465511322021,-0.5012761950492859,0.7661354541778564,2.288984537124634,4.195953845977783,-0.8072995543479919,0.24545419216156006,-0.556866466999054,-0.4784489870071411,-0.9524619579315186,-0.9659940600395203,-0.4127545952796936,-0.620651364326477,0.6810249090194702,-0.657065212726593,-0.6571682691574097,0.5427448749542236,2.006786584854126,-0.4432736039161682,-0.7669814229011536,0.028848610818386078,2.3539397716522217,0.009469547308981419,-0.9470906853675842,-0.33032071590423584,2.05854868888855,-0.12285006046295166,1.0084922313690186,1.3123812675476074,0.8963871002197266,-0.304898738861084,-0.9897070527076721,-0.044435322284698486,-0.9943557381629944,0.7330530285835266,1.0757927894592285,-0.1882563829421997,0.31559136509895325,-0.15706682205200195,-0.5770044326782227,1.6903557777404785,-0.24499666690826416,4.1124587059021,0.31440767645835876,1.2898366451263428,-0.5941921472549438,0.6792107224464417,-0.5443868041038513,-0.2864142060279846,3.46633243560791,-0.2779660224914551,-0.5497862696647644,0.3583844006061554,-0.23820459842681885,-0.8496997356414795,1.2473328113555908,0.24814945459365845,-0.333224892616272,3.0316267013549805,3.9568755626678467,-0.9959575533866882,-0.28577953577041626,-0.9631884694099426,0.15944597125053406
Hunter Tyson,-0.7461766004562378,-0.4192274808883667,0.5105077028274536,1.332924246788025,1.2656272649765015,-0.6331389546394348,0.7932489514350891,-0.0032426118850708008,0.9652775526046753,3.138176202774048,-0.6305962800979614,2.451470375061035,-0.2532418370246887,-0.7942298650741577,4.624279975891113,2.145237445831299,-0.8749517202377319,-0.11479198932647705,1.9248912334442139,1.9043689966201782,2.91153883934021,-0.4932348132133484,1.403410792350769,0.21273423731327057,-0.48963332176208496,-0.9824917912483215,-0.9080097675323486,-0.801222026348114,-0.2901232838630676,0.44759905338287354,-0.14555150270462036,-0.9015196561813354,-0.6668791770935059,1.766464352607727,0.11586516350507736,-0.9122741222381592,-0.45204663276672363,1.8973227739334106,-0.3803575038909912,-0.9573748707771301,-0.3561445474624634,2.347290277481079,0.03491855412721634,1.678917646408081,1.489161491394043,1.747717261314392,0.4807462990283966,-0.985517144203186,1.1430338621139526,-0.9778424501419067,0.7936190366744995,1.4450353384017944,0.9951885342597961,1.4828815460205078,0.9245404005050659,-0.6816914081573486,1.1934019327163696,-0.6526931524276733,5.357951641082764,0.4592249095439911,2.051591396331787,0.07717885076999664,1.6169109344482422,0.506686806678772,-0.8711815476417542,2.834035873413086,-0.011687219142913818,-0.29464125633239746,0.7184469699859619,-0.2705804109573364,-0.6111886501312256,2.1036248207092285,2.1604714393615723,-0.63681960105896,3.642603635787964,4.133674144744873,-0.9968010783195496,-0.6715341806411743,-0.9225545525550842,-0.5156162977218628
Jaylon Tyson,-0.6123726963996887,-0.36061209440231323,0.35823071002960205,0.9775955677032471,1.0460489988327026,-0.4281603693962097,0.39586472511291504,0.045075248926877975,0.6153420209884644,2.312910795211792,-0.4847027063369751,1.6786580085754395,-0.20466768741607666,-0.6583249568939209,3.0311806201934814,1.5972164869308472,-0.7161990404129028,-0.1826912760734558,1.3464268445968628,1.4027349948883057,2.043398380279541,-0.35449278354644775,0.8787202835083008,0.2691308557987213,-0.33788037300109863,-0.9445403218269348,-0.8062080144882202,-0.65053391456604,-0.247563898563385,0.3154992163181305,-0.21314847469329834,-0.8049418330192566,-0.5529845952987671,1.2821098566055298,-0.05494934320449829,-0.8239901661872864,-0.3040369749069214,1.347745656967163,-0.3258782625198364,-0.8924638032913208,-0.1489933729171753,1.7602404356002808,-0.002459406852722168,1.2435063123703003,1.0866609811782837,1.183815360069275,0.2455652356147766,-0.9499662518501282,0.7170875072479248,-0.9270911812782288,0.46039438247680664,0.945932924747467,0.6924616694450378,1.2417892217636108,0.5894079804420471,-0.5387403964996338,0.7900975942611694,-0.5539484620094299,3.7556424140930176,0.31901779770851135,1.442959189414978,-0.05849069356918335,1.2515316009521484,0.3623504340648651,-0.7648798227310181,1.8560832738876343,-0.04817229509353638,-0.2599654197692871,0.5575316548347473,-0.06764465570449829,-0.5311356782913208,1.3990050554275513,1.5096319913864136,-0.5014708042144775,2.594888687133789,2.8578085899353027,-0.9778947830200195,-0.5033519268035889,-0.8235082626342773,-0.4347842335700989
Jonas Valančiūnas,0.23189455270767212,-0.4746097922325134,0.2679317891597748,0.4180286228656769,0.9854431748390198,-0.5442400574684143,0.4949551522731781,-0.04332625865936279,0.5164105892181396,0.787003755569458,-0.16111302375793457,0.810710608959198,-0.1625770926475525,-0.4624609351158142,2.2849109172821045,0.3399586081504822,-0.6660804748535156,-0.5170459747314453,0.17628730833530426,1.4807761907577515,1.9431722164154053,-0.36961764097213745,-0.05759376287460327,-0.2129279375076294,-0.23786044120788574,-0.7114478945732117,-0.7145501971244812,-0.29951047897338867,-0.4243364930152893,0.4379875659942627,-0.2143852710723877,-0.41149723529815674,0.03533564880490303,0.9168940782546997,-0.3351699113845825,-0.20270460844039917,0.15029044449329376,1.0198488235473633,-0.0007992982864379883,-0.6788313388824463,0.624559223651886,1.442014217376709,-0.531775712966919,0.2754873037338257,0.4113101065158844,-0.07805335521697998,-0.4152740240097046,-0.8875309228897095,-0.3250969648361206,-0.9059653878211975,0.10455799847841263,0.17135636508464813,-0.49607306718826294,0.987427830696106,-0.3460403084754944,-0.36200714111328125,0.9634730219841003,-0.3891584873199463,1.8267395496368408,0.45499685406684875,0.4091043472290039,-0.5687000751495361,0.28594404458999634,-0.35436898469924927,-0.22734731435775757,1.2658168077468872,-0.38314288854599,-0.4218204617500305,0.9196176528930664,0.04877964034676552,-0.5014181137084961,-0.27141010761260986,0.036835670471191406,-0.36201298236846924,1.6134616136550903,1.8688390254974365,-0.8381981253623962,-0.004952073097229004,-0.738271951675415,-0.2270403504371643
Fred VanVleet,-0.6302089095115662,-0.4134926199913025,-0.13666433095932007,1.2282716035842896,1.4743725061416626,-0.8944073915481567,1.4236198663711548,-0.52773517370224,1.7375786304473877,2.3918421268463135,-0.40358608961105347,2.1723060607910156,-0.23967325687408447,-0.7694193124771118,7.133859634399414,0.9976782202720642,-0.9708136916160583,-0.10206407308578491,1.317822813987732,2.212247133255005,4.902987957000732,-0.8452045321464539,0.5873546600341797,-0.4338826537132263,-0.5684933066368103,-0.9776679277420044,-0.9777916073799133,-0.575717031955719,-0.6593661308288574,0.9234549403190613,-0.7498692274093628,-0.8545360565185547,0.39751553535461426,2.416783094406128,-0.26518702507019043,-0.851979672908783,0.27651023864746094,3.223057508468628,-0.17032074928283691,-0.9682578444480896,-0.4309934973716736,2.363778829574585,0.27046170830726624,1.4896900653839111,1.612162709236145,1.552331566810608,-0.0827862024307251,-0.996002733707428,0.37565094232559204,-0.9968404173851013,0.9955156445503235,1.5997226238250732,0.1624927818775177,0.2360052466392517,0.16356447339057922,-0.739267110824585,1.9502650499343872,-0.38274604082107544,5.379965782165527,-0.043929100036621094,2.2596969604492188,-0.4328829050064087,1.2346811294555664,-0.4627421498298645,-0.5333510637283325,4.017077445983887,-0.26434218883514404,-0.43052709102630615,0.44728291034698486,-0.09031391143798828,-0.864944577217102,1.9066392183303833,0.93097323179245,-0.350716769695282,3.6796960830688477,4.763385772705078,-0.9990236163139343,-0.4227607846260071,-0.9756148457527161,0.07030487060546875
Devin Vassell,-0.374057412147522,-0.3829951286315918,-0.1265321969985962,1.256575107574463,1.4015530347824097,-0.8670684099197388,1.122332215309143,-0.522781252861023,1.5664165019989014,1.8737621307373047,-0.40164780616760254,1.6707847118377686,-0.2964637279510498,-0.6913881301879883,6.032617092132568,0.6802027225494385,-0.95889812707901,-0.2542523145675659,0.8493890762329102,2.1349353790283203,4.3677568435668945,-0.7984439134597778,0.39861294627189636,-0.5492925047874451,-0.5348111391067505,-0.9626156687736511,-0.969249427318573,-0.432873010635376,-0.5587279796600342,0.7740960717201233,-0.7264235019683838,-0.7819629311561584,0.5362235307693481,2.0203723907470703,-0.4295961260795593,-0.7992624044418335,0.21277424693107605,2.8122785091400146,-0.06476885080337524,-0.9554705619812012,-0.3302472233772278,2.0955214500427246,0.15165793895721436,1.3222500085830688,1.2233422994613647,1.2815006971359253,-0.26203441619873047,-0.9922915697097778,0.09610830992460251,-0.9949843287467957,0.6771144270896912,1.156920075416565,0.04960520565509796,0.32907241582870483,-0.037108421325683594,-0.6671677827835083,1.7364792823791504,-0.28018563985824585,4.340933322906494,0.24600912630558014,1.7320053577423096,-0.4558145999908447,1.1472363471984863,-0.5559118390083313,-0.3581669330596924,3.3472869396209717,-0.14437901973724365,-0.4424892067909241,0.34443557262420654,-0.04990184307098389,-0.8533846139907837,1.4982064962387085,0.5857721567153931,-0.23647010326385498,3.2468268871307373,4.057980060577393,-0.9966538548469543,-0.3277146816253662,-0.9641215205192566,-0.024485111236572266
Gabe Vincent,-0.805420994758606,-0.395252525806427,0.29677456617355347,1.6615033149719238,1.679173469543457,-0.7652294635772705,0.8396208882331848,-0.2641535997390747,1.0280238389968872,3.328688621520996,-0.6186589598655701,2.685960531234741,-0.1655280590057373,-0.8309458494186401,6.025120735168457,2.214695930480957,-0.9411342144012451,-0.12327766418457031,2.1058690547943115,2.2662062644958496,3.8764100074768066,-0.7220346331596375,1.4365596771240234,0.010488507337868214,-0.5861988067626953,-0.990973174571991,-0.9641439318656921,-0.7508271932601929,-0.4965423345565796,0.3416295647621155,-0.5406049489974976,-0.9191405177116394,-0.4121708869934082,2.018906354904175,-0.12422448396682739,-0.9293786883354187,-0.2358253002166748,2.636077404022217,-0.3748815059661865,-0.9767601490020752,-0.5547202825546265,2.588205337524414,0.572213888168335,2.282813549041748,1.8965388536453247,2.1227986812591553,0.4918987452983856,-0.9946873188018799,1.123623251914978,-0.9940012097358704,0.9327573776245117,1.6855435371398926,1.1164952516555786,1.2070943117141724,0.9004238247871399,-0.7267957925796509,1.3969162702560425,-0.56687331199646,5.97501277923584,0.10423281788825989,2.5527615547180176,0.004538864828646183,1.9730159044265747,0.22262506186962128,-0.8406957983970642,3.4798598289489746,0.13985280692577362,-0.4205007553100586,0.4240359663963318,-0.06917846202850342,-0.7628160119056702,2.865783214569092,2.1387712955474854,-0.4792841672897339,3.9342281818389893,4.855370044708252,-0.999199628829956,-0.6365968585014343,-0.968410074710846,-0.4311619997024536
Nikola Vučević,0.05692462995648384,-0.38212841749191284,-0.07335406541824341,1.0792382955551147,1.2772120237350464,-0.8075916767120361,0.849786639213562,-0.5163367986679077,1.2654073238372803,1.0758341550827026,-0.3031642436981201,1.0256562232971191,-0.28082120418548584,-0.5072389841079712,4.5771403312683105,0.16827155649662018,-0.91881263256073,-0.4623047113418579,0.2655874788761139,1.8377947807312012,3.5167620182037354,-0.7263523936271667,0.04162167012691498,-0.5805686712265015,-0.44858473539352417,-0.8883568644523621,-0.938548743724823,-0.179989755153656,-0.48534756898880005,0.5850300788879395,-0.6548537015914917,-0.5861155986785889,0.6303619742393494,1.51981520652771,-0.5266643762588501,-0.6360136866569519,0.2899166941642761,2.0953099727630615,0.05573444068431854,-0.9035965204238892,-0.03804302215576172,1.6936860084533691,-0.03780096769332886,0.829359769821167,0.7823501825332642,0.7161318063735962,-0.39239656925201416,-0.9772939682006836,-0.25179970264434814,-0.9865550398826599,0.31733718514442444,0.5648481249809265,-0.27607977390289307,0.308561235666275,-0.3004918098449707,-0.5201981067657471,1.4800068140029907,-0.1834072470664978,2.8905885219573975,0.4895753860473633,0.995628833770752,-0.5653125047683716,0.8028449416160583,-0.618118166923523,0.03048175945878029,2.476799249649048,-0.17401504516601562,-0.47594916820526123,0.3601279854774475,-0.0194893479347229,-0.8231885433197021,0.6774240732192993,0.009040236473083496,-0.09613287448883057,2.4533591270446777,2.9951069355010986,-0.980902910232544,-0.04611271619796753,-0.9263038039207458,0.007051587104797363
Tristan Vukcevic,-0.44516831636428833,-0.3554757833480835,0.0963769182562828,1.232156753540039,1.3657232522964478,-0.7654293179512024,0.9063681960105896,-0.41512948274612427,1.2345579862594604,1.9752291440963745,-0.49243223667144775,1.7011207342147827,-0.15669339895248413,-0.6549623012542725,4.9160637855529785,1.0086097717285156,-0.9122762680053711,-0.47806769609451294,1.096326231956482,2.1649863719940186,3.4051718711853027,-0.6899954080581665,0.5236672163009644,-0.3312227725982666,-0.45494818687438965,-0.958847165107727,-0.9357004761695862,-0.5036634206771851,-0.4974084496498108,0.47930315136909485,-0.5084660053253174,-0.706804633140564,0.028366265818476677,1.71736741065979,-0.34997594356536865,-0.8036202788352966,-0.24466979503631592,1.9137285947799683,-0.057662785053253174,-0.9278205037117004,-0.2084065079689026,2.086289882659912,-0.1878143548965454,1.1514546871185303,1.2656265497207642,0.9983171820640564,-0.11411762237548828,-0.9824270009994507,0.24144524335861206,-0.9877755641937256,0.6080977916717529,0.9993320107460022,0.12711752951145172,0.8817368745803833,0.10982318222522736,-0.5315786600112915,1.3245964050292969,-0.334476113319397,4.0230231285095215,0.3947691321372986,1.2418279647827148,-0.45422154664993286,0.9155073165893555,-0.30005836486816406,-0.5751080513000488,2.9252307415008545,-0.16574329137802124,-0.5033814907073975,0.4222814738750458,-0.158294677734375,-0.7467957735061646,1.3703560829162598,0.7681885957717896,-0.4730069637298584,2.921383857727051,3.6602461338043213,-0.9935113191604614,-0.35717183351516724,-0.9418327808380127,-0.20820742845535278
Dean Wade,-0.829207718372345,-0.47044068574905396,0.34324371814727783,1.6881263256072998,1.6410527229309082,-0.7607929110527039,0.8489657640457153,-0.27438080310821533,1.1032439470291138,3.310821294784546,-0.6239581108093262,2.667553186416626,-0.13941586017608643,-0.8317068815231323,6.168059349060059,2.179745674133301,-0.9347876310348511,-0.28169870376586914,2.1519298553466797,2.301896095275879,3.7009024620056152,-0.7212646007537842,1.5079737901687622,0.05801262706518173,-0.5676946043968201,-0.9909613132476807,-0.9634928703308105,-0.7882328629493713,-0.5425653457641602,0.24489901959896088,-0.4520244002342224,-0.9142199754714966,-0.46660321950912476,2.0274410247802734,-0.05755352973937988,-0.9313669204711914,-0.3120152950286865,2.387493133544922,-0.41079676151275635,-0.9771268963813782,-0.5949417948722839,2.5317533016204834,0.5157517194747925,2.181293487548828,2.022975206375122,2.0571529865264893,0.49017319083213806,-0.9942514896392822,1.1465831995010376,-0.993401050567627,1.0468536615371704,1.7037670612335205,1.1075069904327393,1.249569296836853,0.966556191444397,-0.707970380783081,1.4324579238891602,-0.594902753829956,6.063910961151123,0.13830113410949707,2.440800666809082,-0.09349024295806885,1.83000648021698,0.3714976906776428,-0.8550044298171997,3.559414863586426,0.043534014374017715,-0.4550899863243103,0.51953125,-0.2085508108139038,-0.754879355430603,2.819521188735962,2.134631872177124,-0.5084730982780457,3.9791736602783203,4.925675868988037,-0.9991875886917114,-0.6714088916778564,-0.968152642250061,-0.3928736448287964
Franz Wagner,0.39292460680007935,-0.41572511196136475,-0.19178301095962524,0.8268775343894958,1.0289005041122437,-0.8927517533302307,1.3125196695327759,-0.6918891668319702,1.7825626134872437,0.5880012512207031,-0.0985558032989502,0.9494143724441528,-0.3757782578468323,-0.45111507177352905,5.345892906188965,-0.3488010764122009,-0.9486238360404968,-0.5402446985244751,0.019949207082390785,1.9257842302322388,4.1507391929626465,-0.8080529570579529,-0.38931429386138916,-0.6946130394935608,-0.22682273387908936,-0.8109458684921265,-0.9434709548950195,-0.025917649269104004,-0.6364914774894714,0.9454882144927979,-0.7402918338775635,-0.3826991319656372,1.0895650386810303,1.945655345916748,-0.5075111389160156,-0.4347906708717346,0.48933395743370056,2.2718260288238525,0.15421612560749054,-0.8876253962516785,0.15743044018745422,1.5571458339691162,-0.27694833278656006,0.06009063497185707,0.7339545488357544,0.4819316267967224,-0.5810855031013489,-0.9812154769897461,-0.5382609367370605,-0.9920279383659363,0.33815380930900574,0.6303440928459167,-0.6738911867141724,-0.18725669384002686,-0.564520537853241,-0.5053874850273132,1.8237897157669067,0.016970816999673843,2.7854115962982178,0.22087040543556213,0.8451942205429077,-0.7114126682281494,0.29870501160621643,-0.7155797481536865,0.5446414351463318,3.0567264556884766,-0.5208843946456909,-0.5525697469711304,0.6699514389038086,-0.14086496829986572,-0.8633294105529785,0.03154265508055687,-0.4735255837440491,-0.041588425636291504,2.5000157356262207,2.8934457302093506,-0.979082465171814,0.002072453498840332,-0.9342086911201477,0.49671629071235657
Moritz Wagner,-0.01376044750213623,-0.44889795780181885,-0.06895977258682251,0.6580633521080017,1.0878283977508545,-0.7179763317108154,0.7185404896736145,-0.39522576332092285,1.0805995464324951,0.8017596006393433,-0.2520463466644287,0.7063189148902893,-0.1221616268157959,-0.38737916946411133,3.802410840988159,0.04443085566163063,-0.8110584020614624,-0.5828173160552979,0.15406569838523865,1.6227954626083374,2.712620973587036,-0.6571300625801086,-0.16008472442626953,-0.37629222869873047,-0.34151601791381836,-0.7907113432884216,-0.878484845161438,-0.1697840690612793,-0.5868223905563354,0.4750392436981201,-0.4743637442588806,-0.28151798248291016,0.41725704073905945,1.3591352701187134,-0.4325793981552124,-0.4155321717262268,0.049595803022384644,1.2543030977249146,0.07008007913827896,-0.7918009161949158,0.08833368122577667,1.3692026138305664,-0.356891393661499,0.3257775604724884,0.7432272434234619,0.10730564594268799,-0.43255430459976196,-0.9383748769760132,-0.3508012890815735,-0.9628573656082153,0.39644286036491394,0.38114768266677856,-0.4458177089691162,0.41081154346466064,-0.36628830432891846,-0.3076266646385193,1.2657839059829712,-0.15033507347106934,2.276550769805908,0.4201486110687256,0.40800055861473083,-0.6505833864212036,0.26619189977645874,-0.4707564115524292,0.01432428602129221,2.0970945358276367,-0.4394388794898987,-0.5020886659622192,0.520301878452301,-0.0778992772102356,-0.7199709415435791,0.009486044757068157,-0.2085270881652832,-0.33981311321258545,1.9336109161376953,2.466022491455078,-0.9455941915512085,0.0028771664947271347,-0.8697079420089722,0.059118784964084625
Jabari Walker,-0.41177403926849365,-0.38889026641845703,0.2459578812122345,0.8525493144989014,0.9580533504486084,-0.4627664089202881,0.38364842534065247,-0.09044283628463745,0.726225733757019,1.6739176511764526,-0.405221164226532,1.1696710586547852,-0.1877327561378479,-0.5462113618850708,2.7990808486938477,0.9847925901412964,-0.6743220686912537,-0.42091459035873413,0.8647288084030151,1.4115931987762451,1.8860180377960205,-0.39101123809814453,0.4903023838996887,0.02045532688498497,-0.2933720350265503,-0.8979701995849609,-0.7922539114952087,-0.527370035648346,-0.330830454826355,0.27805227041244507,-0.2126781940460205,-0.649193286895752,-0.3770340085029602,1.1634200811386108,-0.2199709415435791,-0.7208039164543152,-0.2792506217956543,1.0367153882980347,-0.21815049648284912,-0.8412938117980957,-0.045594215393066406,1.500133991241455,-0.22475969791412354,0.8223507404327393,0.8922651410102844,0.6817124485969543,-0.06778234243392944,-0.92215895652771,0.29392457008361816,-0.9145165681838989,0.3978539705276489,0.6373859643936157,0.27549129724502563,1.0598846673965454,0.2618269622325897,-0.4111793041229248,0.810355007648468,-0.4569319486618042,2.9303650856018066,0.427888959646225,0.8476275205612183,-0.3377094864845276,0.7926620841026306,0.08496121317148209,-0.6194294095039368,1.6699846982955933,-0.17844176292419434,-0.3510745167732239,0.5384299755096436,-0.12925726175308228,-0.5606903433799744,0.8050658106803894,0.8434616923332214,-0.44720613956451416,2.148724317550659,2.435051918029785,-0.9495119452476501,-0.3711516857147217,-0.8013968467712402,-0.3027161955833435
Jarace Walker,-0.6181166172027588,-0.39202791452407837,0.26782798767089844,1.284865379333496,1.3628785610198975,-0.6946309804916382,0.7479477524757385,-0.23194420337677002,1.0671937465667725,2.586165428161621,-0.5548768639564514,2.0737032890319824,-0.2207789421081543,-0.7392665147781372,4.835284233093262,1.5833051204681396,-0.8922900557518005,-0.3084138035774231,1.4896444082260132,1.9586306810379028,3.193282127380371,-0.6157942414283752,0.9864823818206787,-0.14898544549942017,-0.4977390766143799,-0.9730333089828491,-0.9310923218727112,-0.66611248254776,-0.41017693281173706,0.39851897954940796,-0.39759916067123413,-0.8446661829948425,-0.36937952041625977,1.71407949924469,-0.22410869598388672,-0.8673058152198792,-0.29657185077667236,2.0809214115142822,-0.2362549901008606,-0.945952832698822,-0.33792436122894287,2.2121148109436035,0.0749388039112091,1.5139081478118896,1.3465694189071655,1.4362298250198364,0.2341303825378418,-0.9851721525192261,0.6680532097816467,-0.9846855998039246,0.7074838876724243,1.2233632802963257,0.6215317249298096,1.104413628578186,0.48217299580574036,-0.619538426399231,1.2526451349258423,-0.5493820905685425,4.645634174346924,0.4070184826850891,1.6842716932296753,-0.22651618719100952,1.36943519115448,-0.008802831172943115,-0.7567034959793091,2.8125393390655518,-0.042291462421417236,-0.418374240398407,0.4874129891395569,-0.19134795665740967,-0.7168698310852051,1.83395516872406,1.495548963546753,-0.4803425669670105,3.259713888168335,3.9192440509796143,-0.9952731132507324,-0.5268425345420837,-0.9367512464523315,-0.35140514373779297
Lonnie Walker IV,-0.6026886701583862,-0.39014172554016113,-0.016592562198638916,1.391661286354065,1.5331748723983765,-0.8573362827301025,1.1544818878173828,-0.47587889432907104,1.4587105512619019,2.3661937713623047,-0.4985021948814392,2.0989954471588135,-0.23173993825912476,-0.7552396059036255,6.369259357452393,1.1633795499801636,-0.9615296125411987,-0.1960623860359192,1.3047112226486206,2.252537727355957,4.384410381317139,-0.7987027168273926,0.7455882430076599,-0.41702163219451904,-0.5745658874511719,-0.9774771332740784,-0.9705840349197388,-0.5766981840133667,-0.5636565089225769,0.6415714621543884,-0.674393355846405,-0.8404421806335449,0.2097264528274536,2.073882579803467,-0.3202822208404541,-0.8577778339385986,0.054648179560899734,2.787259340286255,-0.15628790855407715,-0.9664661288261414,-0.4330054521560669,2.310511827468872,0.25688624382019043,1.667134165763855,1.5070687532424927,1.5556225776672363,0.010472400113940239,-0.9941590428352356,0.42138737440109253,-0.9956021904945374,0.8396793007850647,1.398834228515625,0.3607083857059479,0.5460007786750793,0.2614405155181885,-0.6953096389770508,1.6859620809555054,-0.36582231521606445,5.034731388092041,0.16137315332889557,2.065298318862915,-0.3421236276626587,1.377148985862732,-0.39494872093200684,-0.595623254776001,3.580919027328491,-0.08528202772140503,-0.4660731554031372,0.36459577083587646,-0.08215057849884033,-0.8323583006858826,2.004446506500244,1.0819422006607056,-0.3567168712615967,3.518313407897949,4.491546154022217,-0.9984880685806274,-0.45498138666152954,-0.9704546332359314,-0.1547755002975464
Cason Wallace,-0.4328768849372864,-0.3227008581161499,0.15036973357200623,1.1787831783294678,1.2856464385986328,-0.6155186295509338,0.44863688945770264,-0.20669257640838623,0.7367876768112183,1.9925947189331055,-0.4651578664779663,1.5151910781860352,-0.2312908172607422,-0.6522144675254822,3.7089333534240723,1.190111756324768,-0.8458983898162842,-0.24321824312210083,1.0178873538970947,1.6114933490753174,2.7389214038848877,-0.5648285150527954,0.6079452037811279,-0.2344328761100769,-0.4510524868965149,-0.942302405834198,-0.8961632251739502,-0.48139917850494385,-0.31184279918670654,0.2973412275314331,-0.4876096844673157,-0.7648769617080688,-0.17161023616790771,1.3185831308364868,-0.39200955629348755,-0.7916070818901062,-0.07161003351211548,1.7878386974334717,-0.21278005838394165,-0.918432354927063,-0.22499924898147583,1.830053687095642,0.17628076672554016,1.4331985712051392,0.9953754544258118,1.1940268278121948,0.027593806385993958,-0.96920245885849,0.3933219611644745,-0.970691442489624,0.3757585287094116,0.8218112587928772,0.5235942006111145,0.9210020899772644,0.28438422083854675,-0.5576081275939941,1.0168792009353638,-0.40538376569747925,3.49800443649292,0.3685026466846466,1.4289599657058716,-0.19246399402618408,1.3770108222961426,-0.1795186996459961,-0.5940569043159485,2.04587721824646,0.11209328472614288,-0.39941173791885376,0.30491432547569275,0.09318439662456512,-0.7079259157180786,1.4859468936920166,1.1006742715835571,-0.27811455726623535,2.5908799171447754,3.046553373336792,-0.9841107726097107,-0.3677774667739868,-0.8990415930747986,-0.3550844192504883
Keaton Wallace,-0.670093834400177,-0.39532315731048584,0.27611127495765686,1.2435517311096191,1.4854930639266968,-0.6878695487976074,0.8495932817459106,0.013248546980321407,0.8814536929130554,3.01712703704834,-0.5593706369400024,2.4121644496917725,-0.24399495124816895,-0.7995012402534485,4.923188209533691,2.010547637939453,-0.9068136811256409,0.11944841593503952,1.7276653051376343,1.8940883874893188,3.475614309310913,-0.6004438996315002,1.0763834714889526,0.02330448292195797,-0.5631242990493774,-0.9795048832893372,-0.9334324598312378,-0.7021122574806213,-0.3502795100212097,0.6121044158935547,-0.4542314410209656,-0.9040494561195374,-0.4306795597076416,1.8241585493087769,-0.12103497982025146,-0.8886725306510925,-0.16133356094360352,2.4970650672912598,-0.3288390636444092,-0.9532665014266968,-0.2028815746307373,2.501703977584839,0.11351185292005539,1.7790753841400146,1.377432942390442,1.6961565017700195,0.3664311468601227,-0.9891772270202637,0.8997980952262878,-0.9862912893295288,0.6850938200950623,1.4248969554901123,0.8487600684165955,1.1579588651657104,0.5943374633789062,-0.716269850730896,1.3739256858825684,-0.5974155068397522,5.104267120361328,0.3617890775203705,2.234260082244873,0.0240996852517128,1.762831687927246,0.04392813891172409,-0.7984670400619507,2.835362195968628,0.10417122393846512,-0.2698475122451782,0.5562727451324463,0.07124584168195724,-0.6999425888061523,2.0974113941192627,1.9841417074203491,-0.5471335053443909,3.5726165771484375,4.218039035797119,-0.9970798492431641,-0.5224438309669495,-0.9383590221405029,-0.4883560538291931
Ja'Kobe Walter,-0.4927147626876831,-0.3592536449432373,0.07703312486410141,1.0757182836532593,1.2725353240966797,-0.7477893829345703,0.8412845134735107,-0.2985554337501526,1.143505573272705,2.1147878170013428,-0.4903116226196289,1.7038660049438477,-0.1797875165939331,-0.6825580596923828,4.885619163513184,1.0147409439086914,-0.9039768576622009,-0.26400578022003174,1.090571641921997,1.816972255706787,3.36681866645813,-0.693244218826294,0.5850855708122253,-0.27244293689727783,-0.5121358633041382,-0.9540892243385315,-0.9352777600288391,-0.5028828382492065,-0.4856799840927124,0.5840060710906982,-0.507427453994751,-0.7668405175209045,-0.05173760652542114,1.6881968975067139,-0.3345109820365906,-0.795086145401001,-0.11655092239379883,2.1035006046295166,-0.12114107608795166,-0.9297794699668884,-0.30122506618499756,2.005905866622925,0.008170189335942268,1.2645395994186401,1.1626062393188477,1.0558902025222778,0.033040523529052734,-0.9808819890022278,0.33422616124153137,-0.9847928285598755,0.6564845442771912,1.03670334815979,0.30665332078933716,0.6902768611907959,0.1464974284172058,-0.590049147605896,1.3331724405288696,-0.39914536476135254,4.096439838409424,0.3277755379676819,1.468890905380249,-0.35526812076568604,1.0989630222320557,-0.27369147539138794,-0.5950227379798889,2.7399349212646484,-0.12388467788696289,-0.44928717613220215,0.32571402192115784,-0.090964674949646,-0.7584242820739746,1.4651683568954468,0.9076460599899292,-0.43205660581588745,2.8814637660980225,3.5930261611938477,-0.9936546087265015,-0.358934223651886,-0.9368891716003418,-0.19551324844360352
Kel'el Ware,-0.08250546455383301,-0.38770216703414917,0.16605249047279358,0.8622239828109741,1.1007416248321533,-0.5779852867126465,0.3430838882923126,-0.1889629364013672,0.5978082418441772,1.220270037651062,-0.3445410132408142,1.0881985425949097,-0.23845916986465454,-0.4985921382904053,2.735711097717285,0.7948920726776123,-0.7529025077819824,-0.39926886558532715,0.44899535179138184,1.4739941358566284,2.10012149810791,-0.40504395961761475,0.2945527732372284,-0.32271528244018555,-0.33122438192367554,-0.8409155607223511,-0.7983035445213318,-0.37725865840911865,-0.27878546714782715,0.19526895880699158,-0.35626477003097534,-0.564184308052063,-0.050647616386413574,0.9911176562309265,-0.40881097316741943,-0.5811117887496948,-0.07102751731872559,1.1776331663131714,-0.12355560064315796,-0.8241510391235352,0.04611852765083313,1.5284478664398193,-0.15459448099136353,0.8733953833580017,0.6242718696594238,0.6456053853034973,-0.22238552570343018,-0.9350458383560181,-0.05796003341674805,-0.9372884035110474,0.14056243002414703,0.4232114255428314,-0.05608493089675903,0.8408430218696594,-0.050207555294036865,-0.42141222953796387,0.8917942047119141,-0.3540598154067993,2.3126535415649414,0.4628582000732422,0.7853708267211914,-0.3295426368713379,0.8834506273269653,-0.3147241473197937,-0.3876422643661499,1.4499496221542358,-0.04776710271835327,-0.4191586971282959,0.4903770983219147,0.07544266432523727,-0.6419524550437927,0.5889326930046082,0.5578925609588623,-0.20235443115234375,2.063443422317505,2.3281772136688232,-0.919173538684845,-0.29318755865097046,-0.8073916435241699,-0.3231157064437866
P.J. Washington,-0.07653176784515381,-0.36962056159973145,-0.1265677809715271,0.8431527018547058,1.063717007637024,-0.8097805380821228,0.9707942605018616,-0.5042479038238525,1.4149190187454224,1.1300265789031982,-0.2339438796043396,1.0138435363769531,-0.2276850938796997,-0.5196908116340637,4.730989933013916,0.07064425200223923,-0.9042439460754395,-0.4603005647659302,0.38568949699401855,1.7260271310806274,3.4406237602233887,-0.7398334741592407,-0.07511454820632935,-0.5110459327697754,-0.38658469915390015,-0.8817218542098999,-0.930723249912262,-0.22384583950042725,-0.5896179676055908,0.7365356087684631,-0.6337370872497559,-0.5211409330368042,0.5414788126945496,1.7118582725524902,-0.45362168550491333,-0.606465220451355,0.1938823014497757,1.9798928499221802,0.045201484113931656,-0.8844664096832275,-0.13918936252593994,1.6074529886245728,-0.17481881380081177,0.5503920316696167,0.8740183711051941,0.5173243880271912,-0.4169309735298157,-0.9722828269004822,-0.2265934944152832,-0.9827985167503357,0.5186832547187805,0.6919713616371155,-0.3473912477493286,0.22284267842769623,-0.267112135887146,-0.5026684403419495,1.4824657440185547,-0.19135022163391113,3.0178308486938477,0.29731789231300354,0.8678114414215088,-0.6037095189094543,0.4836677312850952,-0.5443562269210815,-0.06053227186203003,2.6478323936462402,-0.35685038566589355,-0.4759283661842346,0.4221050441265106,-0.11563944816589355,-0.8080686926841736,0.5323147177696228,-0.11817634105682373,-0.25603652000427246,2.3351895809173584,2.966038227081299,-0.981463611125946,-0.0843743085861206,-0.9222122430801392,0.18391308188438416
TyTy Washington Jr.,-0.7156424522399902,-0.46106624603271484,0.6434542536735535,1.2956644296646118,1.177804946899414,-0.6413170099258423,0.8499674797058105,0.1893874555826187,0.7782482504844666,3.089909315109253,-0.5521743893623352,2.5525460243225098,-0.34816545248031616,-0.8152577877044678,4.20707368850708,2.3721024990081787,-0.8677322268486023,0.20567765831947327,1.9287842512130737,1.8171144723892212,2.721980094909668,-0.3345067501068115,1.4691849946975708,0.2539708912372589,-0.5253984928131104,-0.9801334738731384,-0.8958845734596252,-0.8107134699821472,-0.2452390193939209,0.6412172913551331,-0.04762375354766846,-0.9261584281921387,-0.6795632839202881,1.7375894784927368,0.29878026247024536,-0.9102123975753784,-0.3769349455833435,2.0587685108184814,-0.3237839937210083,-0.9466226696968079,-0.31208479404449463,2.380969762802124,0.08250248432159424,1.55290949344635,1.219754934310913,1.8081780672073364,0.46599239110946655,-0.9846463203430176,1.125334620475769,-0.9747071266174316,0.7111897468566895,1.4576051235198975,0.9209696054458618,1.4748555421829224,1.0560338497161865,-0.7226132750511169,1.2725534439086914,-0.6636643409729004,5.209529399871826,0.6474689245223999,2.068307638168335,0.2854333817958832,1.7491774559020996,0.479744017124176,-0.8847638964653015,2.600984811782837,0.13099820911884308,-0.08343303203582764,0.9435518383979797,-0.1500830054283142,-0.5676908493041992,1.9769304990768433,2.267634630203247,-0.658271074295044,3.6808366775512695,3.98315167427063,-0.9958587884902954,-0.64387047290802,-0.9054590463638306,-0.6138464212417603
Lindy Waters III,-0.8537607192993164,-0.43436896800994873,0.4115501046180725,1.6458463668823242,1.7180312871932983,-0.768220067024231,0.8905094265937805,-0.1713564395904541,0.944236695766449,3.6105153560638428,-0.6529329419136047,2.913386344909668,-0.13420897722244263,-0.8442312479019165,6.197768688201904,2.5228989124298096,-0.9419482350349426,0.005525088869035244,2.257951498031616,2.2488389015197754,3.911747455596924,-0.7109943628311157,1.6858599185943604,0.24575932323932648,-0.6300203800201416,-0.9928059577941895,-0.9675445556640625,-0.7976289987564087,-0.502091646194458,0.42195627093315125,-0.4800679087638855,-0.9387269616127014,-0.5339881181716919,2.1144182682037354,0.04499506577849388,-0.94056236743927,-0.2648162841796875,2.717291831970215,-0.4058700203895569,-0.9791562557220459,-0.5695985555648804,2.7324132919311523,0.6605145931243896,2.419863224029541,1.992468237876892,2.2413759231567383,0.6360952258110046,-0.9954943060874939,1.3446917533874512,-0.9941136240959167,0.9592070579528809,1.8129234313964844,1.2431515455245972,1.3022381067276,1.0359272956848145,-0.7615435719490051,1.430806040763855,-0.6231272220611572,6.464879035949707,0.14387109875679016,2.806720018386841,0.11193851381540298,2.120192766189575,0.4205690026283264,-0.875447154045105,3.558861017227173,0.12769444286823273,-0.3590834140777588,0.4903825521469116,-0.06457769870758057,-0.7499452829360962,2.9817774295806885,2.4328269958496094,-0.5636817216873169,4.249155044555664,5.131498336791992,-0.9994617700576782,-0.670264482498169,-0.9688159823417664,-0.5046511888504028
Trendon Watford,-0.07597517967224121,-0.41878432035446167,0.06772172451019287,0.5899505615234375,1.0323668718338013,-0.68800288438797,0.7767358422279358,-0.22196489572525024,0.9330559372901917,1.1717724800109863,-0.22324049472808838,0.9833822250366211,-0.16302162408828735,-0.5081794261932373,3.585951328277588,0.3674558103084564,-0.7996031641960144,-0.42448318004608154,0.41049668192863464,1.456996202468872,2.6645710468292236,-0.595969557762146,-0.03476309776306152,-0.2711000442504883,-0.3912203311920166,-0.8280340433120728,-0.8635748028755188,-0.28120309114456177,-0.5340695381164551,0.6695890426635742,-0.434226930141449,-0.5288844704627991,0.156560018658638,1.4176067113876343,-0.35553669929504395,-0.5012418031692505,0.10955984145402908,1.5115941762924194,-0.012041449546813965,-0.7975339293479919,0.18597231805324554,1.5628259181976318,-0.33906638622283936,0.3981226682662964,0.685768187046051,0.27254852652549744,-0.34760934114456177,-0.9425517320632935,-0.15420955419540405,-0.9547542929649353,0.4047294557094574,0.4980514943599701,-0.34615248441696167,0.5444589853286743,-0.2230895757675171,-0.4612293243408203,1.2763402462005615,-0.3074723482131958,2.6212737560272217,0.43954911828041077,0.6934289336204529,-0.553438127040863,0.50299072265625,-0.40601491928100586,-0.25356805324554443,2.011420965194702,-0.36587727069854736,-0.38582611083984375,0.63453608751297,0.007109100930392742,-0.694132924079895,0.17816120386123657,0.13329225778579712,-0.4164605140686035,2.0686798095703125,2.540613889694214,-0.9554634094238281,-0.014669537544250488,-0.853374719619751,-0.08939623832702637
Peyton Watson,-0.22331452369689941,-0.3954848647117615,0.14962932467460632,0.7822667360305786,1.0234466791152954,-0.633935809135437,0.5873366594314575,-0.21151649951934814,0.9020792245864868,1.454888939857483,-0.3822382092475891,1.1503595113754272,-0.1925773024559021,-0.5543810129165649,3.45552396774292,0.6805763840675354,-0.7950179576873779,-0.4222349524497986,0.6099274158477783,1.588296890258789,2.44834566116333,-0.5247121453285217,0.27873626351356506,-0.25163328647613525,-0.3799477815628052,-0.8831706643104553,-0.8653027415275574,-0.4115905165672302,-0.4491194486618042,0.4458426535129547,-0.31362688541412354,-0.5829716324806213,-0.10254418849945068,1.3163022994995117,-0.3538318872451782,-0.6286564469337463,-0.1581096649169922,1.3419550657272339,-0.05803322792053223,-0.8523010611534119,-0.10439366102218628,1.6129671335220337,-0.25658202171325684,0.7371159791946411,0.7608129978179932,0.4968976676464081,-0.21251386404037476,-0.9437745213508606,0.04519400745630264,-0.9550565481185913,0.40843117237091064,0.5894576907157898,-0.07899171113967896,0.7919101119041443,-0.018448173999786377,-0.44577932357788086,1.0508273839950562,-0.3698209524154663,2.876086711883545,0.49824973940849304,0.7704670429229736,-0.42928946018218994,0.6778101921081543,-0.25120794773101807,-0.4661713242530823,1.943781852722168,-0.23033195734024048,-0.4299357533454895,0.5138972997665405,-0.10205733776092529,-0.6644513010978699,0.612188994884491,0.4825485944747925,-0.42130202054977417,2.2169647216796875,2.663722038269043,-0.9622547626495361,-0.27549290657043457,-0.8647165298461914,-0.20927530527114868
Jaylen Wells,-0.5326236486434937,-0.3753969669342041,0.04090980440378189,1.2926071882247925,1.4296954870224,-0.8061920404434204,1.0200607776641846,-0.4265691041946411,1.4153627157211304,2.3126606941223145,-0.512378454208374,1.9556814432144165,-0.20369386672973633,-0.7406444549560547,5.786325454711914,1.0442460775375366,-0.9421625137329102,-0.34226906299591064,1.29831063747406,2.178879737854004,3.943483591079712,-0.7578300833702087,0.5911976099014282,-0.3925188183784485,-0.5157697200775146,-0.9707979559898376,-0.9582982659339905,-0.5504647493362427,-0.5598361492156982,0.5691677927970886,-0.5742612481117249,-0.7930853366851807,0.057412344962358475,1.9378330707550049,-0.37987667322158813,-0.8342924118041992,-0.10480785369873047,2.3899736404418945,-0.13957881927490234,-0.9573023319244385,-0.40006887912750244,2.241995334625244,0.036409176886081696,1.4269269704818726,1.4069477319717407,1.2564551830291748,0.00745797622948885,-0.9897781610488892,0.37346410751342773,-0.9929006695747375,0.8062781095504761,1.245639681816101,0.2983161509037018,0.6906888484954834,0.19964469969272614,-0.6273690462112427,1.5295212268829346,-0.40113985538482666,4.641664981842041,0.280355304479599,1.6667203903198242,-0.39663755893707275,1.1611380577087402,-0.33466821908950806,-0.6130815744400024,3.3134796619415283,-0.12772703170776367,-0.5249233841896057,0.3793085217475891,-0.16201579570770264,-0.8067247867584229,1.788346767425537,0.9876648187637329,-0.4161531925201416,3.204000234603882,4.126760482788086,-0.9972824454307556,-0.4231630563735962,-0.9622094035148621,-0.11494636535644531
Victor Wembanyama,-0.13326501846313477,-0.4304494857788086,-0.2912799119949341,1.2229467630386353,1.3829176425933838,-0.9192991256713867,1.438823938369751,-0.6938304305076599,2.0456621646881104,1.257799744606018,-0.31239044666290283,1.3948127031326294,-0.30380409955978394,-0.6117801666259766,6.820338726043701,-0.04239016771316528,-0.9746146202087402,-0.45500725507736206,0.41678714752197266,2.352731943130493,4.926235198974609,-0.8620042204856873,-0.033003389835357666,-0.6972360610961914,-0.4860460162162781,-0.9412707686424255,-0.9770970344543457,-0.287797212600708,-0.6590654850006104,0.8931464552879333,-0.7831898927688599,-0.6281566619873047,1.0396628379821777,2.209594964981079,-0.5124441385269165,-0.7158918380737305,0.36871597170829773,2.839885711669922,0.09965938329696655,-0.9546152949333191,-0.2914133071899414,1.991859793663025,-0.04842740297317505,0.8994931578636169,1.2065259218215942,0.9640432596206665,-0.4802793264389038,-0.993953287601471,-0.3099358081817627,-0.9971014857292175,0.6901010870933533,1.073702096939087,-0.42232388257980347,-0.1082499623298645,-0.36296558380126953,-0.6255435347557068,2.0324409008026123,-0.0752190351486206,4.0138020515441895,0.24699874222278595,1.414998173713684,-0.6537929773330688,0.659426748752594,-0.7085233926773071,0.17902123928070068,3.8064374923706055,-0.35044461488723755,-0.5494982600212097,0.38463616371154785,-0.17226219177246094,-0.89737468957901,0.9935147762298584,-0.1413365602493286,-0.13318967819213867,3.1948444843292236,4.101127624511719,-0.9966292381286621,-0.20639663934707642,-0.9722802042961121,0.3340294659137726
Blake Wesley,-0.5019389390945435,-0.42983365058898926,0.35379233956336975,0.7963024377822876,0.9127030372619629,-0.4817665219306946,0.4564720392227173,0.08251195400953293,0.6609709858894348,1.9238221645355225,-0.44749897718429565,1.41508150100708,-0.22666972875595093,-0.6024512648582458,2.87115216255188,1.2798757553100586,-0.6765689849853516,-0.23773670196533203,0.9949647784233093,1.3111803531646729,1.8479739427566528,-0.318631649017334,0.7482500672340393,0.15644648671150208,-0.36703765392303467,-0.9097548723220825,-0.7795906662940979,-0.6247096061706543,-0.2838934659957886,0.38704484701156616,-0.07311248779296875,-0.7460353374481201,-0.5099759101867676,1.2037113904953003,-0.03828388452529907,-0.7512433528900146,-0.3208009600639343,1.1247093677520752,-0.2507036328315735,-0.8475862741470337,-0.09710532426834106,1.5877588987350464,-0.18520903587341309,0.8951703310012817,0.860414445400238,0.8405675292015076,0.09974105656147003,-0.9320903420448303,0.44944870471954346,-0.9097139239311218,0.45832833647727966,0.7676163911819458,0.40219685435295105,1.0865957736968994,0.3987843692302704,-0.4886057376861572,0.8902868628501892,-0.5289995670318604,3.2816004753112793,0.4833097457885742,1.0702815055847168,-0.19616371393203735,0.9667750000953674,0.22333934903144836,-0.712518572807312,1.6778947114944458,-0.1677262783050537,-0.2523540258407593,0.6425725817680359,-0.14153242111206055,-0.5188944935798645,0.8894445896148682,1.153024435043335,-0.5249075889587402,2.4162168502807617,2.6211490631103516,-0.9599195122718811,-0.46098625659942627,-0.7863584756851196,-0.4072698950767517
Russell Westbrook,-0.15342772006988525,-0.3879014253616333,-0.0931323766708374,0.818959653377533,1.1040489673614502,-0.7993117570877075,0.8758516311645508,-0.44425755739212036,1.2545119524002075,1.1942417621612549,-0.24814677238464355,1.0581114292144775,-0.2316265106201172,-0.5303008556365967,4.577374458312988,0.2612383961677551,-0.8888059854507446,-0.41408395767211914,0.4341147243976593,1.6538469791412354,3.3370914459228516,-0.7225655317306519,0.00889746192842722,-0.45104050636291504,-0.40292149782180786,-0.8844631910324097,-0.9209915399551392,-0.25800228118896484,-0.5845616459846497,0.7069449424743652,-0.6334295868873596,-0.5671364068984985,0.4606766998767853,1.6783219575881958,-0.41032421588897705,-0.6044787764549255,0.16821517050266266,1.9738609790802002,0.02731219492852688,-0.8734905123710632,-0.12490648031234741,1.5529859066009521,-0.11667758226394653,0.6194299459457397,0.8517806529998779,0.6192862391471863,-0.39726030826568604,-0.9718931317329407,-0.21684306859970093,-0.9810702204704285,0.5102177858352661,0.6932364702224731,-0.3124266266822815,0.3098037838935852,-0.22780966758728027,-0.5028597712516785,1.4590702056884766,-0.18871402740478516,3.0356736183166504,0.25182825326919556,0.9318442940711975,-0.573785662651062,0.6311641335487366,-0.5065221786499023,-0.15239042043685913,2.540806770324707,-0.3740823268890381,-0.4527994990348816,0.4781809449195862,-0.03306007385253906,-0.7863092422485352,0.5094746947288513,0.002507328987121582,-0.26510298252105713,2.395925521850586,2.9416441917419434,-0.979820966720581,-0.13825613260269165,-0.9145090579986572,0.05904120206832886
Coby White,-0.2649097442626953,-0.4248403310775757,-0.3060728907585144,1.0344088077545166,1.309232473373413,-0.8946312665939331,1.416298270225525,-0.6399095058441162,2.020153760910034,1.4394052028656006,-0.2768971920013428,1.4206465482711792,-0.2435789704322815,-0.6265638470649719,6.654903411865234,0.0006739731761626899,-0.965502917766571,-0.4243135452270508,0.6067887544631958,2.132047653198242,4.727113246917725,-0.8547993898391724,-0.09159183502197266,-0.6116804480552673,-0.44317710399627686,-0.9367879629135132,-0.9710032343864441,-0.3158973455429077,-0.6743210554122925,0.9208871722221375,-0.7640213966369629,-0.6477195620536804,0.8767162561416626,2.1963918209075928,-0.46621227264404297,-0.7072305679321289,0.3942943811416626,2.751490831375122,0.008928892202675343,-0.9471638202667236,-0.2335241436958313,1.9466931819915771,-0.11238968372344971,0.7898358702659607,1.2780152559280396,0.8759804964065552,-0.39976662397384644,-0.9918875694274902,-0.22116947174072266,-0.9954785704612732,0.8114482760429382,1.1276921033859253,-0.3688308596611023,-0.1166420578956604,-0.3375915288925171,-0.612913966178894,1.9781635999679565,-0.16998034715652466,4.0820512771606445,0.10118374973535538,1.4617217779159546,-0.6476132273674011,0.573482871055603,-0.6501976251602173,0.02879059500992298,3.7663917541503906,-0.4164338707923889,-0.5266674757003784,0.40845632553100586,-0.18988800048828125,-0.8815720081329346,0.9988217353820801,-0.013466894626617432,-0.21062982082366943,3.000181198120117,3.984893798828125,-0.9963659048080444,-0.16911709308624268,-0.9669010639190674,0.4366021156311035
Dariq Whitehead,-0.8649945855140686,-0.4699004888534546,0.4080270230770111,1.4017972946166992,1.6382791996002197,-0.7634430527687073,0.939950704574585,0.020452382043004036,0.7995691895484924,3.4969749450683594,-0.5862245559692383,2.753492593765259,-0.05653125047683716,-0.8478854894638062,6.147555828094482,2.386263370513916,-0.934457004070282,0.15213601291179657,2.143951654434204,2.049769163131714,3.777595281600952,-0.709962010383606,1.605021357536316,0.3865569531917572,-0.6940149664878845,-0.9912697076797485,-0.9698951244354248,-0.7959635853767395,-0.5634853839874268,0.4963359236717224,-0.43568384647369385,-0.9413129091262817,-0.5181372165679932,2.096893072128296,0.1538436859846115,-0.926154375076294,-0.10763686895370483,2.761120557785034,-0.4353386163711548,-0.9747897386550903,-0.5481033325195312,2.661639928817749,0.6368167996406555,2.373403310775757,1.9881657361984253,1.9876946210861206,0.5968225002288818,-0.9941223859786987,1.4039713144302368,-0.9918216466903687,1.065466284751892,1.7975776195526123,1.2085039615631104,1.1715633869171143,1.0985647439956665,-0.7939447164535522,1.4397473335266113,-0.6415960192680359,6.397563934326172,0.09078790992498398,2.8408079147338867,0.12467753142118454,1.9783496856689453,0.42106279730796814,-0.8651777505874634,3.3668057918548584,0.13962353765964508,-0.2274213433265686,0.5067082643508911,0.01813080720603466,-0.7287896275520325,2.858132839202881,2.3903446197509766,-0.5726911425590515,4.007706642150879,5.095668792724609,-0.9993733763694763,-0.6130832433700562,-0.9653533697128296,-0.47761398553848267
Derrick White,-0.6512101292610168,-0.45979923009872437,-0.16918563842773438,1.4839016199111938,1.6246436834335327,-0.8862724304199219,1.3554283380508423,-0.5868316888809204,1.822806715965271,2.40376615524292,-0.45280277729034424,2.1674230098724365,-0.1733652949333191,-0.7857955694198608,7.438648700714111,0.8963971138000488,-0.9736905694007874,-0.34055930376052856,1.4140970706939697,2.4616966247558594,4.908812522888184,-0.8644209504127502,0.5810420513153076,-0.49466806650161743,-0.5590966939926147,-0.9806274771690369,-0.9814637899398804,-0.5766206383705139,-0.6842658519744873,0.6258974075317383,-0.7265598773956299,-0.8339982032775879,0.5001168251037598,2.320784330368042,-0.379180371761322,-0.8678262829780579,0.23851223289966583,3.028486490249634,-0.22668468952178955,-0.9758864045143127,-0.5093427300453186,2.4359099864959717,0.2875126004219055,1.656359314918518,1.8539286851882935,1.5244351625442505,-0.02479320764541626,-0.9962109923362732,0.3577711284160614,-0.9975464344024658,1.0689637660980225,1.6127874851226807,0.2723596394062042,0.24911858141422272,0.16848458349704742,-0.7002450227737427,1.9263172149658203,-0.38035231828689575,5.374054908752441,0.008049048483371735,2.166294574737549,-0.5016158819198608,1.1913715600967407,-0.4660240411758423,-0.5092713832855225,4.1592488288879395,-0.15662509202957153,-0.5526522397994995,0.3266637325286865,-0.16359937191009521,-0.8796201348304749,2.2344107627868652,0.9490533471107483,-0.27277910709381104,3.6264829635620117,4.915048122406006,-0.999244749546051,-0.41982972621917725,-0.9811957478523254,0.18187296390533447
Cam Whitmore,-0.4530370831489563,-0.3427627682685852,0.044470179826021194,1.0982112884521484,1.2987799644470215,-0.7489743232727051,0.8098371028900146,-0.32462751865386963,1.0993361473083496,2.0237882137298584,-0.4534991383552551,1.7188588380813599,-0.20295840501785278,-0.682684063911438,4.751648426055908,1.0781399011611938,-0.9049828052520752,-0.2670403718948364,1.0813696384429932,1.8593201637268066,3.377612829208374,-0.6773741841316223,0.5372617244720459,-0.3119935989379883,-0.48024189472198486,-0.9525443911552429,-0.9288492798805237,-0.4952715039253235,-0.4558819532394409,0.5142303109169006,-0.5507511496543884,-0.758552074432373,0.006713051348924637,1.6577738523483276,-0.34103208780288696,-0.7860046625137329,-0.0911899209022522,2.1325268745422363,-0.10556918382644653,-0.9255110025405884,-0.23705071210861206,1.9696331024169922,-0.0035695433616638184,1.2818682193756104,1.12174391746521,1.151140570640564,-0.04058635234832764,-0.9820888042449951,0.2805982530117035,-0.984972357749939,0.5996167063713074,1.028870701789856,0.23094239830970764,0.7421972155570984,0.15759392082691193,-0.5929443836212158,1.2896010875701904,-0.3600388765335083,3.955864191055298,0.2655393183231354,1.4770971536636353,-0.3227494955062866,1.136522889137268,-0.3088544011116028,-0.5713354349136353,2.7099084854125977,-0.10479617118835449,-0.4403700828552246,0.3863593339920044,-0.020967721939086914,-0.7443968653678894,1.420478343963623,0.9259858727455139,-0.374414324760437,2.8644914627075195,3.5508503913879395,-0.9925113320350647,-0.37807297706604004,-0.9344804883003235,-0.24067658185958862
Aaron Wiggins,-0.35687804222106934,-0.3367745280265808,-0.02477848529815674,1.201561450958252,1.3451343774795532,-0.7455532550811768,0.7092435956001282,-0.39969080686569214,1.1203538179397583,1.7685099840164185,-0.44265979528427124,1.445381760597229,-0.2188892364501953,-0.6380183696746826,4.6316423416137695,0.7814092636108398,-0.9082213640213013,-0.34950631856918335,0.870028555393219,1.8597378730773926,3.3776161670684814,-0.7029781341552734,0.38680002093315125,-0.4115371108055115,-0.46673083305358887,-0.9435778856277466,-0.9333178997039795,-0.3892212510108948,-0.44474929571151733,0.4235484302043915,-0.6037395000457764,-0.7117573022842407,0.21269622445106506,1.5324170589447021,-0.45248347520828247,-0.7663394808769226,0.01927064172923565,2.058499336242676,-0.09843564033508301,-0.9298379421234131,-0.2374821901321411,1.8369473218917847,0.07306453585624695,1.2968380451202393,1.0778099298477173,1.0825217962265015,-0.13459765911102295,-0.9797188639640808,0.13282540440559387,-0.9854874014854431,0.5067322850227356,0.8642222285270691,0.22209542989730835,0.6348055005073547,0.0414692759513855,-0.550769031047821,1.2761468887329102,-0.2772167921066284,3.5979301929473877,0.30655452609062195,1.364557147026062,-0.38777482509613037,1.1347432136535645,-0.4076440930366516,-0.43933749198913574,2.5858070850372314,-0.044918179512023926,-0.478745698928833,0.26668813824653625,0.009191533550620079,-0.7769820690155029,1.3823609352111816,0.694858729839325,-0.24335896968841553,2.66519832611084,3.326840877532959,-0.9904735088348389,-0.29384708404541016,-0.9351080656051636,-0.17145246267318726
Andrew Wiggins,-0.14741218090057373,-0.4004976153373718,-0.21542346477508545,0.9393733143806458,1.1670688390731812,-0.8715864419937134,1.2423981428146362,-0.6083604097366333,1.774735689163208,1.2309385538101196,-0.24661314487457275,1.2035808563232422,-0.24583351612091064,-0.5654979348182678,5.828552722930908,-0.0400509238243103,-0.9456636309623718,-0.4685673117637634,0.4356500208377838,1.9447509050369263,4.150265216827393,-0.8157540559768677,-0.08872056007385254,-0.5919095277786255,-0.42390507459640503,-0.9108368158340454,-0.9590271711349487,-0.259701132774353,-0.6538035869598389,0.8637373447418213,-0.7111339569091797,-0.5759274363517761,0.7575109004974365,2.0215723514556885,-0.46662086248397827,-0.6606748104095459,0.2968209385871887,2.4206018447875977,0.049703314900398254,-0.9213178157806396,-0.22133958339691162,1.7976701259613037,-0.1280655860900879,0.6130933165550232,1.076000690460205,0.660662055015564,-0.43084174394607544,-0.9859956502914429,-0.249611496925354,-0.9920852184295654,0.6623515486717224,0.9232744574546814,-0.40005338191986084,-0.011538207530975342,-0.33403605222702026,-0.5636492967605591,1.7642463445663452,-0.19645541906356812,3.550577163696289,0.22672593593597412,1.1045268774032593,-0.6566994786262512,0.4697926938533783,-0.6224560737609863,0.05087945982813835,3.2568862438201904,-0.40499430894851685,-0.5136346220970154,0.40167057514190674,-0.18578743934631348,-0.8618414402008057,0.7153182029724121,-0.1599583625793457,-0.22146308422088623,2.713575839996338,3.5130228996276855,-0.9920205473899841,-0.11311697959899902,-0.9509806632995605,0.36299291253089905
Brandon Williams,-0.30373644828796387,-0.36380481719970703,0.051083698868751526,0.8141102194786072,1.1748855113983154,-0.6385302543640137,0.7017040848731995,-0.23444044589996338,1.0959841012954712,1.706764578819275,-0.3888493776321411,1.3661805391311646,-0.13984203338623047,-0.5893118381500244,3.9262235164642334,0.793900728225708,-0.8225120306015015,-0.47538381814956665,0.9166595935821533,1.7475409507751465,2.8387413024902344,-0.5963202714920044,0.19422563910484314,-0.1879744529724121,-0.3316335678100586,-0.917568564414978,-0.870436429977417,-0.41399848461151123,-0.4622182250022888,0.5002105832099915,-0.4551703929901123,-0.6277452707290649,-0.045473694801330566,1.4733275175094604,-0.3328969478607178,-0.6813890933990479,-0.18784940242767334,1.6167042255401611,-0.060241520404815674,-0.8609699010848999,0.1497679501771927,1.7338117361068726,-0.37996262311935425,0.7252942323684692,0.983218252658844,0.6418688297271729,-0.17223191261291504,-0.9604770541191101,0.03614385426044464,-0.9671037793159485,0.5566057562828064,0.7514867782592773,-0.09524518251419067,0.8816274404525757,-0.07579624652862549,-0.4383244514465332,1.1560194492340088,-0.35221242904663086,3.26645565032959,0.3001585304737091,0.9154693484306335,-0.48366934061050415,0.6548444032669067,-0.2903841733932495,-0.522971510887146,2.4098269939422607,-0.3193587064743042,-0.45600736141204834,0.5570870041847229,-0.10724145174026489,-0.658021092414856,0.749195396900177,0.6041579246520996,-0.4597906470298767,2.3580005168914795,2.949453353881836,-0.9777207374572754,-0.2503039836883545,-0.8909857273101807,-0.14058488607406616
Cody Williams,-0.6573004722595215,-0.37375253438949585,0.36319708824157715,1.1706537008285522,1.2625813484191895,-0.6865060329437256,0.7580665349960327,-0.07674753665924072,0.8215562701225281,2.693966865539551,-0.5380057096481323,2.1067802906036377,-0.21353328227996826,-0.761254608631134,4.536278247833252,1.6985293626785278,-0.8762142658233643,-0.04078197479248047,1.5419262647628784,1.693493366241455,3.033874273300171,-0.5907831192016602,1.014721155166626,0.038121070712804794,-0.5400103330612183,-0.970405101776123,-0.9209715127944946,-0.6730726957321167,-0.4432557225227356,0.5785364508628845,-0.34914833307266235,-0.863148033618927,-0.47223132848739624,1.7494207620620728,-0.13590604066848755,-0.8629799485206604,-0.2312326431274414,2.057831287384033,-0.2739293575286865,-0.9425198435783386,-0.4002128839492798,2.1918442249298096,0.2224244922399521,1.5391401052474976,1.2657735347747803,1.435681700706482,0.25941532850265503,-0.9819608330726624,0.8297079205513,-0.9794500470161438,0.6673364639282227,1.2343182563781738,0.7122136354446411,1.0763100385665894,0.6393738389015198,-0.6693493127822876,1.2367467880249023,-0.5474127531051636,4.714707851409912,0.3903803527355194,1.8277841806411743,-0.08717918395996094,1.5514075756072998,0.1703442484140396,-0.7794281244277954,2.5957741737365723,-0.02298027276992798,-0.33184993267059326,0.5328236222267151,-0.034631550312042236,-0.6990888118743896,1.818657398223877,1.5919849872589111,-0.5491465330123901,3.249593734741211,3.7723636627197266,-0.9954250454902649,-0.5120974779129028,-0.9237446188926697,-0.43613457679748535
Grant Williams,-0.6240116357803345,-0.4473465085029602,0.0312848836183548,1.291150450706482,1.5012946128845215,-0.8281552791595459,1.1683555841445923,-0.4469361901283264,1.415155053138733,2.293771505355835,-0.5040624141693115,1.9707525968551636,-0.10724771022796631,-0.7306432723999023,6.133147716522217,1.0890700817108154,-0.9452395439147949,-0.40143078565597534,1.292331576347351,2.3166043758392334,4.026437759399414,-0.7819164991378784,0.6277056336402893,-0.2892596125602722,-0.5468487739562988,-0.9720990061759949,-0.9656336903572083,-0.5816056728363037,-0.6359266042709351,0.5963244438171387,-0.5492177605628967,-0.7823755145072937,0.10326765477657318,2.061022996902466,-0.28451675176620483,-0.8418937921524048,-0.09124279022216797,2.303457260131836,-0.14997708797454834,-0.954847514629364,-0.39402514696121216,2.337655544281006,-0.013914108276367188,1.3883094787597656,1.5976991653442383,1.132169246673584,-0.020167112350463867,-0.9904999136924744,0.4104830026626587,-0.9937306642532349,0.8588459491729736,1.326704502105713,0.23201677203178406,0.6476179957389832,0.1947854459285736,-0.6232849955558777,1.6288152933120728,-0.3869096040725708,4.833828926086426,0.2976188063621521,1.684511423110962,-0.48063212633132935,1.0135761499404907,-0.2676352262496948,-0.5974754095077515,3.492323637008667,-0.2045385241508484,-0.514896035194397,0.4204258918762207,-0.15531492233276367,-0.804349422454834,1.7394459247589111,0.9477250576019287,-0.5090255737304688,3.334182024002075,4.361014366149902,-0.9979478120803833,-0.38068026304244995,-0.9653008580207825,-0.11638343334197998
Jalen Williams,0.22476033866405487,-0.4240785241127014,-0.19876015186309814,0.8296946883201599,1.1187067031860352,-0.8801427483558655,1.2268638610839844,-0.6012597680091858,1.7248332500457764,0.8824313879013062,-0.14367449283599854,1.036611795425415,-0.3351810574531555,-0.5086557865142822,5.390624046325684,-0.15193521976470947,-0.9442639350891113,-0.47563791275024414,0.14831557869911194,1.9504146575927734,4.129947662353516,-0.7882774472236633,-0.2434234619140625,-0.6461498737335205,-0.35567909479141235,-0.87335205078125,-0.9492517709732056,-0.15067976713180542,-0.6115108728408813,0.9616233110427856,-0.7362475395202637,-0.5277774333953857,0.9410592913627625,1.9318393468856812,-0.47839289903640747,-0.5278862118721008,0.4013846218585968,2.4398605823516846,0.12555676698684692,-0.8966020345687866,0.10768800973892212,1.6699308156967163,-0.2718876004219055,0.3360898792743683,0.7968617677688599,0.5771303772926331,-0.5545694828033447,-0.984106183052063,-0.4330494999885559,-0.9914937615394592,0.46405553817749023,0.7047623991966248,-0.5770488381385803,0.006248664576560259,-0.4658658504486084,-0.5576869249343872,1.822852611541748,-0.10546243190765381,3.0902154445648193,0.27649182081222534,0.9815261363983154,-0.6669144630432129,0.4262044429779053,-0.695241391658783,0.281238853931427,3.0571703910827637,-0.45468610525131226,-0.46916890144348145,0.6253165006637573,-0.11202466487884521,-0.8502088785171509,0.22886109352111816,-0.31310558319091797,-0.15164655447006226,2.6451752185821533,3.1921863555908203,-0.9838213324546814,-0.05704766511917114,-0.938248872756958,0.3109186291694641
Jaylin Williams,-0.778057336807251,-0.43660831451416016,0.2598833739757538,1.4985439777374268,1.5978771448135376,-0.7516756057739258,0.8962743878364563,-0.22664564847946167,1.0774322748184204,3.1198463439941406,-0.6090382933616638,2.5080726146698,-0.13287639617919922,-0.8032354116439819,5.810912132263184,2.0218281745910645,-0.9299704432487488,-0.20546162128448486,1.9043676853179932,2.1970338821411133,3.698613405227661,-0.7009763717651367,1.297264814376831,0.031094148755073547,-0.5768141746520996,-0.9872049689292908,-0.957710325717926,-0.7459403276443481,-0.48688095808029175,0.3965108096599579,-0.46516716480255127,-0.8986321687698364,-0.40840643644332886,1.9654784202575684,-0.10129755735397339,-0.9142463207244873,-0.2720106840133667,2.4028944969177246,-0.3540152907371521,-0.9687873721122742,-0.4518722891807556,2.52913498878479,0.2998890280723572,1.994897723197937,1.8085517883300781,1.8225280046463013,0.4130799174308777,-0.9927196502685547,1.007619023323059,-0.991811990737915,0.8941304087638855,1.5760095119476318,0.9455279111862183,1.1586802005767822,0.7367034554481506,-0.6997610330581665,1.427327036857605,-0.5728168487548828,5.664412498474121,0.23171459138393402,2.301664113998413,-0.12369877099990845,1.6893316507339478,0.19811013340950012,-0.8175710439682007,3.3499062061309814,0.031859878450632095,-0.40285730361938477,0.4647979140281677,-0.12594646215438843,-0.7417937517166138,2.482837200164795,1.9714202880859375,-0.5373131036758423,3.808807134628296,4.695766448974609,-0.9987208247184753,-0.5977268218994141,-0.9608139395713806,-0.4113187789916992
Kenrich Williams,-0.6123088598251343,-0.397769570350647,0.26840734481811523,1.275922417640686,1.3650031089782715,-0.6558498740196228,0.6294805407524109,-0.14767813682556152,0.8046239614486694,2.3921029567718506,-0.5069938898086548,1.8591876029968262,-0.22043174505233765,-0.7137132883071899,4.279794692993164,1.5661994218826294,-0.8676836490631104,-0.2310265302658081,1.354535460472107,1.8127562999725342,2.9120101928710938,-0.5741888880729675,0.8978930711746216,-0.057034432888031006,-0.5053672790527344,-0.9660637974739075,-0.9174103140830994,-0.6362612843513489,-0.37472397089004517,0.3644689917564392,-0.4203678369522095,-0.8359895944595337,-0.34874939918518066,1.5630329847335815,-0.20597708225250244,-0.8552031517028809,-0.19461196660995483,1.9176504611968994,-0.27157294750213623,-0.9354329705238342,-0.2650933265686035,2.0730338096618652,0.13569332659244537,1.5478233098983765,1.268370509147644,1.3830351829528809,0.14528219401836395,-0.9794012308120728,0.6488004326820374,-0.9778723120689392,0.5691613554954529,1.1008915901184082,0.6762744188308716,1.1161777973175049,0.5333394408226013,-0.6195740699768066,1.1536407470703125,-0.500163197517395,4.285881519317627,0.4002603590488434,1.6858175992965698,-0.16628485918045044,1.4420349597930908,0.03521636873483658,-0.7261587381362915,2.4284839630126953,0.06340084969997406,-0.35024625062942505,0.474846750497818,-0.009126722812652588,-0.687832236289978,1.7307379245758057,1.4565389156341553,-0.4473215937614441,3.047088623046875,3.5998334884643555,-0.9925510287284851,-0.46698564291000366,-0.9188522100448608,-0.42116957902908325
Patrick Williams,-0.5786421298980713,-0.3683834671974182,0.09342825412750244,1.1936144828796387,1.3867343664169312,-0.7826240062713623,0.8953745365142822,-0.2952480912208557,1.128212332725525,2.3341753482818604,-0.502739667892456,1.930482029914856,-0.19190096855163574,-0.7267221212387085,5.329686164855957,1.239163875579834,-0.9249191880226135,-0.1665053367614746,1.254625678062439,1.8887161016464233,3.6334590911865234,-0.7209365367889404,0.7558242082595825,-0.27052921056747437,-0.5680543184280396,-0.9673828482627869,-0.94968181848526,-0.5591398477554321,-0.4972776174545288,0.5893707871437073,-0.5589156746864319,-0.8237367868423462,-0.061635613441467285,1.801463007926941,-0.30290883779525757,-0.8317648768424988,-0.07260662317276001,2.3802647590637207,-0.16093820333480835,-0.9460521340370178,-0.37657374143600464,2.144361734390259,0.18419963121414185,1.5191125869750977,1.2918784618377686,1.3240180015563965,0.10254469513893127,-0.9875310659408569,0.4600405991077423,-0.9893495440483093,0.7301507592201233,1.195556402206421,0.45067834854125977,0.7025023102760315,0.2861526906490326,-0.6526185274124146,1.4310353994369507,-0.4192136526107788,4.542724132537842,0.2621287405490875,1.7736523151397705,-0.2786402702331543,1.3333897590637207,-0.2630389332771301,-0.6478544473648071,2.9438748359680176,-0.053477585315704346,-0.43227463960647583,0.32822901010513306,-0.041121721267700195,-0.7793773412704468,1.7660126686096191,1.1264634132385254,-0.41008853912353516,3.1664280891418457,3.957146644592285,-0.9963741898536682,-0.4163596034049988,-0.9503782987594604,-0.24968743324279785
Robert Williams,0.29937323927879333,-0.412908136844635,0.18375730514526367,0.29209718108177185,0.506441056728363,-0.0629647970199585,-0.02410358190536499,0.11827562004327774,0.35310089588165283,0.6948071122169495,-0.22978830337524414,0.44429513812065125,-0.23587918281555176,-0.31470227241516113,0.5575153231620789,0.2204674333333969,-0.2248687744140625,-0.44843536615371704,0.13085705041885376,0.9061486721038818,0.693577229976654,0.17486992478370667,0.1041577011346817,-0.16508400440216064,0.057152219116687775,-0.5765618085861206,-0.29596060514450073,-0.46292924880981445,0.047361671924591064,0.01639709807932377,0.09239216148853302,-0.29225218296051025,-0.3083743453025818,0.336908757686615,-0.36015456914901733,-0.20800763368606567,-0.05590921640396118,0.22704869508743286,-0.08599400520324707,-0.6288120150566101,0.48664718866348267,1.0012398958206177,-0.586883544921875,0.4700187146663666,0.1709901988506317,-0.11946600675582886,-0.4118548035621643,-0.6761865615844727,-0.28665053844451904,-0.5770833492279053,-0.1302950382232666,-0.08031678199768066,-0.147077739238739,1.1609073877334595,-0.08379042148590088,-0.3077576756477356,0.3455717861652374,-0.44667619466781616,1.033124327659607,0.36965447664260864,0.22931316494941711,-0.3406296968460083,0.3828965723514557,0.21159879863262177,-0.3790380358695984,0.15763863921165466,-0.29077017307281494,-0.36222124099731445,0.7324909567832947,-0.07449007034301758,-0.2836291790008545,-0.18232417106628418,0.21510496735572815,-0.30004221200942993,1.180772066116333,1.0277125835418701,-0.30031538009643555,-0.26986241340637207,-0.3655657172203064,-0.3630433678627014
Vince Williams Jr.,-0.6174647808074951,-0.34640294313430786,0.1987328827381134,1.371299147605896,1.438926339149475,-0.7261133193969727,0.7745222449302673,-0.31223630905151367,1.0513739585876465,2.581374406814575,-0.567927360534668,2.0945475101470947,-0.20356738567352295,-0.7419867515563965,5.037106037139893,1.527610421180725,-0.9077306389808655,-0.27380478382110596,1.5151463747024536,1.9551125764846802,3.4036033153533936,-0.6805949807167053,0.911631166934967,-0.20858216285705566,-0.4945148825645447,-0.9732319712638855,-0.9349340200424194,-0.6184219121932983,-0.4484744668006897,0.4165176749229431,-0.4966352581977844,-0.8335142135620117,-0.27216362953186035,1.7557599544525146,-0.2977544069290161,-0.8696392774581909,-0.24133658409118652,2.146458625793457,-0.22871863842010498,-0.950532078742981,-0.3965030908584595,2.2188735008239746,0.2140856236219406,1.5886762142181396,1.3879718780517578,1.5245192050933838,0.2343599647283554,-0.9870861768722534,0.6199924349784851,-0.9881384372711182,0.6797027587890625,1.2314306497573853,0.6455910801887512,0.9730710387229919,0.4188728928565979,-0.6076431274414062,1.3127613067626953,-0.475070595741272,4.6342668533325195,0.3105807304382324,1.759101390838623,-0.2483232617378235,1.4956883192062378,-0.06924599409103394,-0.724885106086731,2.920023202896118,-0.0402301549911499,-0.4770464301109314,0.37857404351234436,-0.10175299644470215,-0.7515093684196472,1.956734299659729,1.4002217054367065,-0.44998008012771606,3.2662532329559326,3.919907331466675,-0.9964406490325928,-0.4978203773498535,-0.9450135231018066,-0.32836270332336426
Zion Williamson,0.5825830698013306,-0.6289105415344238,0.06510483473539352,-0.30641114711761475,-0.33020472526550293,-0.8228240013122559,0.79213947057724,-0.389793336391449,1.1057714223861694,0.04134303703904152,0.43106353282928467,0.9179384708404541,-0.5265288352966309,-0.13393056392669678,2.7619383335113525,-0.543563723564148,-0.8000133037567139,-0.6118884086608887,-0.37214070558547974,1.2286587953567505,1.7869547605514526,-0.4270920753479004,-0.33717870712280273,-0.4889506697654724,-0.01122593879699707,-0.11486923694610596,-0.8323601484298706,-0.3499757647514343,-0.5908570289611816,0.5775166153907776,-0.072579026222229,0.024708028882741928,0.8925309181213379,1.0769877433776855,-0.5832005739212036,0.7279344797134399,0.7663988471031189,1.2214308977127075,0.432127445936203,-0.6815129518508911,0.14912842214107513,0.5055887699127197,-0.7063945531845093,-0.28679215908050537,-0.07901370525360107,-0.4319238066673279,-0.45491713285446167,-0.9421421885490417,-0.6402161717414856,-0.9295901656150818,0.0007505581015720963,-0.09307563304901123,-0.8444948196411133,1.109596848487854,-0.6674844026565552,-0.4570884704589844,1.270611047744751,-0.3635066747665405,1.695014476776123,0.16696466505527496,0.18797335028648376,-0.7759790420532227,-0.5931661128997803,-0.5750412940979004,-0.16568630933761597,1.2146778106689453,-0.711152195930481,-0.5036036968231201,1.728837251663208,-0.21096402406692505,-0.4976515769958496,-0.6994025111198425,-0.500700831413269,-0.16397297382354736,1.2963615655899048,1.4300947189331055,-0.7401851415634155,0.2317773997783661,-0.755909264087677,0.13715574145317078
Ziaire Williams,-0.5146248936653137,-0.3846713900566101,0.00482530752196908,1.148249864578247,1.3503317832946777,-0.7965452671051025,0.9723844528198242,-0.3887615203857422,1.3324224948883057,2.134091377258301,-0.4969470500946045,1.7740540504455566,-0.16435396671295166,-0.7078113555908203,5.5189528465271,0.9031360745429993,-0.9299664497375488,-0.3250693678855896,1.1269843578338623,2.009472131729126,3.7220449447631836,-0.7510062456130981,0.5234914422035217,-0.3574632406234741,-0.5188899040222168,-0.9609892964363098,-0.9504572749137878,-0.517314612865448,-0.565942645072937,0.5712385773658752,-0.5505830645561218,-0.7524693012237549,0.0739392563700676,1.8375091552734375,-0.37348246574401855,-0.7965012788772583,-0.10066795349121094,2.1789722442626953,-0.13923227787017822,-0.9465456008911133,-0.39086300134658813,2.0928008556365967,-0.004331469535827637,1.3201700448989868,1.330602765083313,1.0773810148239136,-0.03661155700683594,-0.9861429333686829,0.30370014905929565,-0.9900977611541748,0.7796717882156372,1.1359059810638428,0.24063575267791748,0.5994455218315125,0.12941381335258484,-0.6027801036834717,1.4793524742126465,-0.3667478561401367,4.35331392288208,0.2525864839553833,1.543306827545166,-0.41237396001815796,1.056480884552002,-0.32092446088790894,-0.5674050450325012,3.098349094390869,-0.1814669370651245,-0.5091507434844971,0.3426101803779602,-0.1353752613067627,-0.7942565679550171,1.5809286832809448,0.8424531817436218,-0.4264969825744629,3.0190367698669434,3.904820203781128,-0.9959886074066162,-0.39609211683273315,-0.9533708691596985,-0.1011858582496643
Jalen Wilson,-0.5953871011734009,-0.3763119578361511,0.03749345242977142,1.200537085533142,1.3955965042114258,-0.8070196509361267,1.0577349662780762,-0.42020606994628906,1.3243367671966553,2.249667167663574,-0.4903196096420288,1.8756579160690308,-0.12012028694152832,-0.7106198072433472,5.709709167480469,1.017781138420105,-0.9322922825813293,-0.34815824031829834,1.2639386653900146,2.050807476043701,3.798187732696533,-0.7673256397247314,0.5865540504455566,-0.2785625457763672,-0.523569643497467,-0.966887891292572,-0.9546439051628113,-0.5436202883720398,-0.6043367385864258,0.6094631552696228,-0.5671566724777222,-0.7707765698432922,0.033232636749744415,1.9603286981582642,-0.31374257802963257,-0.8262066841125488,-0.0998145341873169,2.2231504917144775,-0.15756869316101074,-0.9479634165763855,-0.40186643600463867,2.1832640171051025,0.05551646277308464,1.3301177024841309,1.4810230731964111,1.1396119594573975,-0.002960383892059326,-0.987771213054657,0.41293391585350037,-0.9910097718238831,0.813899576663971,1.2334944009780884,0.2813083827495575,0.6192159652709961,0.20618507266044617,-0.6121238470077515,1.516281247138977,-0.37467074394226074,4.608859062194824,0.20479944348335266,1.6258965730667114,-0.44230836629867554,1.065433144569397,-0.2510760426521301,-0.5998518466949463,3.2594237327575684,-0.21829736232757568,-0.49965065717697144,0.36009472608566284,-0.13390487432479858,-0.7975027561187744,1.6800684928894043,0.8889254927635193,-0.4741160273551941,3.1280078887939453,4.044660568237305,-0.9971103072166443,-0.3769562840461731,-0.9561074376106262,-0.09786868095397949
Isaiah Wong,-0.5222347378730774,-0.3830493688583374,0.21476133167743683,0.792454183101654,1.1408392190933228,-0.676384687423706,0.86199951171875,-0.041717708110809326,0.9612535238265991,2.2377994060516357,-0.4342665672302246,1.8090697526931763,-0.15598124265670776,-0.682947039604187,4.225967884063721,1.3258635997772217,-0.8510133028030396,-0.148684561252594,1.1919608116149902,1.672776460647583,2.9231576919555664,-0.5599097609519958,0.6877299547195435,0.04437422752380371,-0.49535930156707764,-0.9498425126075745,-0.9015732407569885,-0.5641238689422607,-0.44595855474472046,0.7194876670837402,-0.36406409740448,-0.8010967969894409,-0.2832319736480713,1.636309027671814,-0.09472209215164185,-0.7765243053436279,-0.20245546102523804,1.9850572347640991,-0.11844831705093384,-0.887725830078125,-0.06063050031661987,2.028379440307617,-0.22042721509933472,1.0291880369186401,1.0585154294967651,0.9199893474578857,0.09247899800539017,-0.9727885127067566,0.45833030343055725,-0.9712962508201599,0.6602699756622314,1.0479577779769897,0.23404183983802795,0.9083979725837708,0.2341635525226593,-0.6021897792816162,1.2213674783706665,-0.4911750555038452,4.070247173309326,0.3605067729949951,1.4132496118545532,-0.28448235988616943,0.9877691268920898,-0.11884069442749023,-0.6935336589813232,2.5014734268188477,-0.20295804738998413,-0.25818175077438354,0.5744907855987549,-0.06646198034286499,-0.6440153121948242,1.1932182312011719,1.1287709474563599,-0.583127498626709,2.82863450050354,3.432990550994873,-0.9899305105209351,-0.3483484983444214,-0.8979976177215576,-0.32741469144821167
Delon Wright,-0.751376748085022,-0.32627636194229126,0.3702712655067444,1.2623333930969238,1.1971356868743896,-0.6266074180603027,0.5811346173286438,-0.09084969758987427,0.7237978577613831,2.7388670444488525,-0.5605961084365845,2.080904245376587,-0.14710938930511475,-0.7197930812835693,4.069329738616943,1.9307984113693237,-0.828822135925293,-0.12646949291229248,1.731990933418274,1.6447041034698486,2.5466883182525635,-0.5343513488769531,1.2406784296035767,0.3273504972457886,-0.4533543586730957,-0.9759842753410339,-0.879579484462738,-0.7109557390213013,-0.3528243899345398,0.3763950765132904,-0.3674747943878174,-0.8559468984603882,-0.5582019090652466,1.591652512550354,0.08026675879955292,-0.8906438946723938,-0.4150676131248474,1.6624195575714111,-0.3398348093032837,-0.9328447580337524,-0.4038809537887573,1.967366099357605,0.24755920469760895,1.6222925186157227,1.488481044769287,1.6148890256881714,0.347359836101532,-0.9774236679077148,0.9478238821029663,-0.9667673707008362,0.6910501718521118,1.28182852268219,0.94771808385849,1.2803246974945068,0.8473008275032043,-0.6090030670166016,0.9502558708190918,-0.5052394270896912,4.729628086090088,0.11808410286903381,1.8246783018112183,-0.005442440509796143,1.5239413976669312,0.4850158095359802,-0.8278985023498535,2.4939582347869873,-0.033566832542419434,-0.28380173444747925,0.4560897648334503,-0.0756676197052002,-0.6034531593322754,2.0210373401641846,1.7231626510620117,-0.5646150708198547,3.159773111343384,3.5657167434692383,-0.9943906664848328,-0.5981340408325195,-0.8951224684715271,-0.479539692401886
Guerschon Yabusele,-0.43752795457839966,-0.40518081188201904,-0.0002027750015258789,1.1391135454177856,1.3518096208572388,-0.7691876888275146,0.8304266333580017,-0.3985729217529297,1.1468161344528198,1.762837290763855,-0.4464564919471741,1.480371356010437,-0.15238487720489502,-0.6343175768852234,4.914930820465088,0.8062890768051147,-0.9049519896507263,-0.4264238476753235,0.871220588684082,1.9576374292373657,3.354261636734009,-0.7169005870819092,0.43610209226608276,-0.35267168283462524,-0.4949427843093872,-0.9439281821250916,-0.9385697841644287,-0.44836413860321045,-0.5419307947158813,0.4384516775608063,-0.5384688377380371,-0.6836758255958557,0.17900042235851288,1.6468249559402466,-0.38336777687072754,-0.7601944208145142,-0.0830649733543396,1.9047702550888062,-0.08654642105102539,-0.9214702844619751,-0.28139543533325195,1.907219409942627,-0.04403012990951538,1.1745299100875854,1.1948798894882202,0.9148851633071899,-0.1547350287437439,-0.9798214435577393,0.137038454413414,-0.9861383438110352,0.6113078594207764,0.9269161224365234,0.11915308982133865,0.6346069574356079,0.03770146891474724,-0.5314470529556274,1.3547173738479614,-0.30025577545166016,3.739976644515991,0.3462722599506378,1.2470840215682983,-0.47159087657928467,0.9420243501663208,-0.34727752208709717,-0.4632432460784912,2.726100444793701,-0.1753382682800293,-0.4922495484352112,0.34505411982536316,-0.06762754917144775,-0.7679578065872192,1.2608290910720825,0.6296164989471436,-0.37712734937667847,2.764094352722168,3.524317979812622,-0.9915929436683655,-0.30412256717681885,-0.9380697011947632,-0.15690302848815918
Trae Young,-0.19855499267578125,-0.4498664140701294,-0.34468334913253784,0.8448069095611572,1.1330217123031616,-0.9306964874267578,1.7967674732208252,-0.7383238673210144,2.4422531127929688,1.2471240758895874,-0.11154484748840332,1.481188416481018,-0.30679118633270264,-0.5907580256462097,7.339176177978516,-0.18000578880310059,-0.9766590595245361,-0.46104055643081665,0.512298583984375,2.2810916900634766,5.266714572906494,-0.8809847235679626,-0.2458282709121704,-0.6578644514083862,-0.3255801200866699,-0.9262710809707642,-0.9768295288085938,-0.27997255325317383,-0.7507052421569824,1.226948618888855,-0.8082587718963623,-0.6118083000183105,1.1473499536514282,2.5774223804473877,-0.36634260416030884,-0.6521294116973877,0.5207087397575378,3.0440962314605713,0.13588038086891174,-0.943159282207489,-0.17073434591293335,1.950323224067688,-0.20505094528198242,0.32541292905807495,1.2745155096054077,0.792998731136322,-0.49151211977005005,-0.9944313168525696,-0.34951305389404297,-0.9972344636917114,0.8587496876716614,1.2763030529022217,-0.6375324726104736,-0.3515651822090149,-0.4781666398048401,-0.6195958256721497,2.2095601558685303,-0.1120038628578186,4.291365146636963,-0.07464927434921265,1.492905616760254,-0.7183452844619751,0.23401667177677155,-0.708188533782959,0.26073768734931946,4.321079730987549,-0.6039847135543823,-0.5105491280555725,0.6761265993118286,-0.28576982021331787,-0.8958390355110168,0.6490778923034668,-0.29730433225631714,-0.24113082885742188,3.171100616455078,4.100118160247803,-0.9971486926078796,-0.15014910697937012,-0.9699752926826477,0.7158656120300293
