Player,dim_0,dim_1,dim_2,dim_3,dim_4,dim_5,dim_6,dim_7,dim_8,dim_9,dim_10,dim_11
Precious Achiuwa,0.04706230014562607,-0.013351395726203918,-0.003079386195167899,-3.695697523653507e-05,3.9060263633728027,4.917657852172852,3.348478078842163,4.640088081359863,0.6404728293418884,-0.025123288854956627,0.5635632872581482,0.7076851725578308
Bam Adebayo,-0.0020751631818711758,-0.009078159928321838,0.5136187672615051,3.134834051132202,1.2001277208328247,6.186275482177734,7.622042179107666,6.472880840301514,0.4711911976337433,-0.06491386890411377,-0.0013728622579947114,0.4544714391231537
Ochai Agbaji,0.4590223431587219,-0.006542447488754988,-0.006526936311274767,1.106397032737732,3.625173807144165,3.4848320484161377,7.9977216720581055,5.254520416259766,0.4625226855278015,-0.05378561466932297,1.0133848190307617,-0.002970932051539421
Santi Aldama,-0.0027486116159707308,-0.014014293439686298,0.14211755990982056,3.1223654747009277,3.472320795059204,5.343571662902832,9.740777015686035,6.205491065979004,1.0378906726837158,-0.07254192233085632,0.7218950390815735,0.312290757894516
Nickeil Alexander-Walker,0.37841933965682983,-0.009728189557790756,0.8084383010864258,2.68546724319458,4.01221227645874,3.184171199798584,10.394462585449219,4.809657096862793,0.05854864418506622,-0.07157126814126968,0.3716634511947632,0.10360365360975266
Trey Alexander,-0.0010466651292517781,0.01285790465772152,1.0248159170150757,1.0123991966247559,4.1646647453308105,1.0432602167129517,8.77930736541748,0.314138263463974,0.513687252998352,-0.04090680927038193,0.9004340171813965,0.08750095963478088
Grayson Allen,0.7002572417259216,-0.018931236118078232,0.855355978012085,2.77636981010437,4.536441326141357,4.45503044128418,12.061009407043457,4.731154918670654,0.26736360788345337,-0.07356152683496475,0.20873720943927765,-0.00040704000275582075
Jose Alvarado,0.9698489904403687,-0.014814878813922405,0.04821479320526123,3.952929735183716,3.901155948638916,4.320509910583496,10.660476684570312,3.3283932209014893,0.47307273745536804,-0.05789893865585327,0.1939443200826645,0.3147716820240021
Kyle Anderson,0.1076616421341896,-0.0175233855843544,0.3827453851699829,2.957468032836914,4.722339153289795,5.311026096343994,5.997791767120361,4.403019428253174,0.1574699729681015,-0.048060279339551926,0.5399020910263062,0.1183805987238884
Giannis Antetokounmpo,0.09518377482891083,-0.01093784999102354,0.2654338479042053,5.889439582824707,-0.001693011145107448,11.966492652893066,5.977787494659424,7.409787654876709,-0.007608729414641857,-0.05335631221532822,-0.005200814921408892,0.8132675290107727
Cole Anthony,-0.0031430386006832123,-0.01036790944635868,0.7980915904045105,3.234055280685425,2.8408710956573486,5.100792407989502,9.2746000289917,3.5870065689086914,0.09229730069637299,-0.0643494725227356,-0.004018759820610285,-0.00018344889394938946
OG Anunoby,0.5092542767524719,-0.0074293059296905994,-0.002571821678429842,1.6334595680236816,2.042598009109497,4.981741428375244,8.809038162231445,6.03798770904541,-0.0009702224051579833,-0.06191662326455116,0.28996530175209045,-0.006958823651075363
Deni Avdija,-0.002274629194289446,-0.010714514181017876,1.3343278169631958,3.5325722694396973,1.4760433435440063,6.063636779785156,8.492042541503906,5.35084342956543,-0.0016427994705736637,-0.06716146320104599,-0.001646971213631332,0.2199079841375351
Deandre Ayton,-7.497004844481125e-05,-0.016334284096956253,0.10010253638029099,0.7875488996505737,2.867614269256592,6.720788478851318,5.361173629760742,5.4912896156311035,1.7777951955795288,-0.032860904932022095,0.5678281188011169,1.1434377431869507
Marcus Bagley,-0.0010532781016081572,-0.031559012830257416,1.2734675407409668,0.391041100025177,6.282200813293457,4.6417741775512695,7.039681911468506,3.713839054107666,1.3366087675094604,-0.03437449783086777,0.6845981478691101,0.18320412933826447
LaMelo Ball,-0.0003120066539850086,-0.012372808530926704,0.5780565142631531,4.7296833992004395,1.0393412113189697,7.418017864227295,11.551517486572266,3.7490673065185547,0.2747126817703247,-0.07102798670530319,-0.004103205632418394,0.06409859657287598
Lonzo Ball,0.37978729605674744,-0.030837904661893845,0.7616522312164307,3.9882822036743164,7.178061485290527,3.1127376556396484,12.89280891418457,4.898198127746582,0.7825047373771667,-0.08622314035892487,-0.00524894567206502,0.031131183728575706
Mo Bamba,-0.012722608633339405,-0.029417911544442177,1.7793034315109253,1.0466008186340332,6.631483554840088,5.268492221832275,6.922764778137207,4.530704498291016,0.7152246832847595,-0.05667177587747574,0.5068758130073547,-0.0008902797708287835
Paolo Banchero,-0.0032796727027744055,-0.010746165178716183,1.1205049753189087,3.457155704498291,0.12095994502305984,7.889638423919678,9.407499313354492,4.601856708526611,-0.001764031476341188,-0.06662654131650925,-0.0012156348675489426,0.04726837947964668
Desmond Bane,-0.0013396735303103924,-0.00712305074557662,0.47950103878974915,4.779218673706055,1.8081016540527344,5.87479829788208,9.557855606079102,5.220670700073242,0.1699768304824829,-0.06777820736169815,0.5401291251182556,0.19640372693538666
Dalano Banton,0.4417255222797394,-0.009788919240236282,0.42809751629829407,2.214451551437378,2.27496600151062,4.817051410675049,8.844419479370117,3.2179789543151855,0.28370293974876404,-0.05381717160344124,-0.0038510244339704514,-0.002605260582640767
Dominick Barlow,0.46555283665657043,-0.021525787189602852,0.7455238103866577,0.020678266882896423,4.759731292724609,6.314070224761963,5.229004383087158,4.0643086433410645,0.11837447434663773,-0.026659684255719185,1.260711431503296,0.06928285956382751
Scottie Barnes,-0.0016301297582685947,-0.009962434880435467,0.6033197045326233,3.52821946144104,0.9721105098724365,6.025226593017578,8.285784721374512,5.406685829162598,0.5818158984184265,-0.06484220921993256,-0.006453682202845812,0.28490912914276123
RJ Barrett,0.012818492017686367,-0.0028013524133712053,0.4031508266925812,2.5579776763916016,-0.0008097092504613101,6.200597286224365,7.585150718688965,4.0162858963012695,0.06190432980656624,-0.0532548651099205,0.0632973313331604,0.5783307552337646
Jamison Battle,0.14164215326309204,-0.013624820858240128,0.29454684257507324,1.383338451385498,5.63627815246582,3.1281962394714355,11.995962142944336,4.945210933685303,0.7947231531143188,-0.07182761281728745,1.3556997776031494,0.35589927434921265
Nicolas Batum,0.3884901702404022,-0.025957638397812843,1.1293009519577026,3.2954041957855225,8.681596755981445,1.6554774045944214,12.087116241455078,6.413183689117432,0.5745005011558533,-0.08610035479068756,0.49519458413124084,-0.0005444668349809945
Damion Baugh,0.26673802733421326,-0.007817363366484642,0.6879616379737854,1.9307639598846436,3.8912734985351562,2.2081148624420166,7.268768310546875,0.8078883290290833,1.0998239517211914,-0.031861625611782074,0.18760718405246735,0.6650119423866272
Bradley Beal,0.808436930179596,-0.009833425283432007,0.03643349930644035,2.2697315216064453,2.019977331161499,5.621487617492676,9.645509719848633,4.055235385894775,0.26945018768310547,-0.05404295027256012,0.3004729747772217,-0.0009706475539132953
Malik Beasley,0.7196958065032959,-0.006506956648081541,-0.00234047113917768,2.4806387424468994,3.256706714630127,4.729434967041016,13.121018409729004,5.269322395324707,0.236463263630867,-0.07888984680175781,1.0212934017181396,-0.00762552535161376
MarJon Beauchamp,-0.008451402187347412,-0.011995178647339344,1.5760489702224731,1.375986933708191,3.5067899227142334,5.744955539703369,9.220187187194824,1.83555269241333,0.7900888919830322,-0.05405465513467789,0.3097345530986786,0.44988688826560974
Reece Beekman,1.3367034196853638,-0.008032644167542458,0.3423255383968353,2.6080095767974854,4.760720252990723,2.35054087638855,3.667189836502075,1.486288070678711,-0.008613656274974346,-0.02156560681760311,0.5858357548713684,-0.0022223107516765594
Goga Bitadze,0.03403428941965103,-0.020420368760824203,0.5156275033950806,1.9812946319580078,3.6867377758026123,6.680898666381836,2.809715509414673,6.487675189971924,0.24918729066848755,-0.028963124379515648,-0.003793637966737151,0.4673137664794922
Anthony Black,0.5486581325531006,-0.007742948364466429,0.48523351550102234,1.8020046949386597,2.579143524169922,3.878117561340332,6.987015724182129,3.6177690029144287,-0.003788038156926632,-0.05143114924430847,-0.006083438638597727,-0.004750432446599007
Bogdan Bogdanović,0.30762311816215515,-0.009524661116302013,0.43484440445899963,2.703530788421631,4.40452241897583,3.7799365520477295,10.807724952697754,3.150970458984375,0.026259323582053185,-0.06558998674154282,0.5778365731239319,0.13462917506694794
Bol Bol,-0.0033503123559057713,-0.03321274369955063,1.0774403810501099,1.7732999324798584,4.38313627243042,7.331779956817627,10.622161865234375,5.123538017272949,1.7750688791275024,-0.06149658188223839,1.0243310928344727,0.44691792130470276
Devin Booker,1.0439404249191284,-0.006660851184278727,0.8341272473335266,3.841423273086548,-0.0010232406202703714,7.216099739074707,11.048821449279785,4.451160430908203,0.004891705699265003,-0.061101123690605164,0.40986397862434387,0.2911902964115143
Brandon Boston Jr.,0.5477311015129089,-0.010450492613017559,-0.0023566866293549538,1.577166199684143,3.141547441482544,4.874451637268066,8.799423217773438,3.261432647705078,0.041386909782886505,-0.05396705120801926,0.09386745095252991,-0.0031978690531104803
Chris Boucher,-0.002576033119112253,-0.02682880125939846,0.609142005443573,1.2300735712051392,4.596160411834717,8.163743019104004,9.022994995117188,4.769382476806641,0.4996969997882843,-0.05678064376115799,0.9936426877975464,-0.004380580969154835
Malaki Branham,0.3329277038574219,-0.0030636226292699575,0.3160971403121948,1.6586267948150635,2.63042950630188,5.410927772521973,9.239747047424316,1.7043132781982422,0.509516716003418,-0.04565563425421715,0.8043017387390137,0.014140842482447624
Christian Braun,0.9188007712364197,-0.0037534316070377827,-0.0015761354006826878,1.7235107421875,1.641336441040039,5.162418365478516,6.7063703536987305,5.924233913421631,-0.002290772506967187,-0.045900873839855194,0.9391857981681824,0.12930311262607574
Mikal Bridges,1.1214687824249268,-0.0006194970919750631,-0.002809284022077918,2.3202970027923584,1.480017066001892,4.1993727684021,9.615931510925293,5.273769855499268,0.6907923817634583,-0.054904598742723465,1.0180401802062988,0.027481233701109886
Miles Bridges,-0.005158202722668648,-0.008312569931149483,0.8132655620574951,2.607306480407715,0.4439312517642975,6.250627040863037,9.482605934143066,5.53639030456543,0.41660773754119873,-0.06888998299837112,0.1654094010591507,0.4588339924812317
Malcolm Brogdon,0.908441960811615,-0.014244313351809978,1.6584951877593994,3.2684478759765625,1.7320626974105835,6.686997890472412,7.261358737945557,2.2174758911132812,-0.0015223295195028186,-0.033205341547727585,0.8902708888053894,1.1679579019546509
Dillon Brooks,0.2590297758579254,-0.0007228882168419659,-0.0005064915167167783,1.2525537014007568,3.0091209411621094,3.157566547393799,10.494410514831543,4.936927318572998,-0.003837482538074255,-0.07192080467939377,0.810603678226471,-0.0041188341565430164
Keion Brooks Jr.,0.2978067100048065,-0.025164198130369186,0.8842059373855591,0.4073030352592468,4.511008262634277,5.72870397567749,7.501927852630615,3.098317861557007,0.2580747902393341,-0.03695303946733475,0.852595865726471,-0.0031627726275473833
Bruce Brown,0.3697137236595154,-0.008315819315612316,0.3077567219734192,1.0940649509429932,3.0073435306549072,3.97648286819458,6.380584239959717,3.091102361679077,0.03315461054444313,-0.03921906277537346,0.6662728190422058,0.525294840335846
Jaylen Brown,0.22096650302410126,-0.0071192034520208836,0.3609619736671448,2.609797239303589,0.39665213227272034,6.755183696746826,8.997943878173828,4.512928009033203,0.10036342591047287,-0.06000299006700516,0.11261793971061707,0.1140139102935791
Jalen Brunson,1.3229641914367676,-0.005679565016180277,0.9171489477157593,5.876123905181885,0.2219773232936859,8.387982368469238,9.91784381866455,3.938624620437622,-0.008038301020860672,-0.05151959881186485,1.3427939414978027,0.1707172691822052
Thomas Bryant,-0.001774457166902721,-0.026633018627762794,0.7551727294921875,1.4117810726165771,4.690514087677002,6.401587963104248,8.861839294433594,5.725142955780029,0.9416288137435913,-0.06131987273693085,0.7190948128700256,0.03504691645503044
Kobe Bufkin,0.1918616145849228,-0.01982036978006363,2.2350592613220215,2.3847129344940186,4.095264434814453,5.031978130340576,7.70016622543335,0.6685369610786438,-2.5327994080726057e-05,-0.03657545894384384,0.5119657516479492,0.4160271883010864
Alec Burks,0.4000576138496399,-0.021681729704141617,0.8540971279144287,3.3384718894958496,5.694622993469238,3.838829517364502,12.219335556030273,4.610019683837891,-0.00044615293154492974,-0.07901037484407425,1.0205707550048828,0.2787790894508362
Jared Butler,0.9890488386154175,-0.009884029626846313,0.2123233526945114,3.73130202293396,2.2073581218719482,6.053046703338623,8.301694869995117,2.537362575531006,0.3037201762199402,-0.039308737963438034,0.37741291522979736,0.3488829731941223
Jimmy Butler,1.7260348796844482,-0.017038311809301376,0.6910656094551086,4.519375801086426,1.2398828268051147,8.12700080871582,6.277169704437256,5.740942478179932,-0.007250205148011446,-0.04299774393439293,0.5991252064704895,0.08221819996833801
Matas Buzelis,-0.0019658931996673346,-0.012317361310124397,0.6774379014968872,0.05128253623843193,2.699603319168091,4.26566219329834,8.546663284301758,5.2767205238342285,0.31386125087738037,-0.059002410620450974,0.3032194972038269,-0.0020642222370952368
Jamal Cain,0.3059966266155243,-0.01767919212579727,0.7532303333282471,0.7171761393547058,5.1013383865356445,5.062612533569336,8.527324676513672,2.668689489364624,0.0800076574087143,-0.04660792648792267,0.323341429233551,-0.00654006190598011
Kentavious Caldwell-Pope,1.0350521802902222,-0.009986011311411858,0.21935857832431793,2.094815254211426,4.761701583862305,1.8851768970489502,11.052892684936523,5.451699256896973,-0.005260109901428223,-0.07847800105810165,0.37894320487976074,-0.004721066448837519
Toumani Camara,0.27272215485572815,-0.009531397372484207,0.0509544275701046,1.6372429132461548,3.7331631183624268,3.2497446537017822,8.357568740844727,6.01699161529541,0.4090498089790344,-0.06341731548309326,0.00960932020097971,-0.0040312232449650764
Bub Carrington,0.4009198248386383,-0.007240877486765385,0.23406831920146942,1.5136343240737915,3.0455524921417236,1.8951013088226318,11.389573097229004,4.462778091430664,0.5664469599723816,-0.07456277310848236,-0.0005904231802560389,1.0174624919891357
Devin Carter,-0.00021347211441025138,-0.015457013621926308,0.6075124740600586,1.6196280717849731,5.176554203033447,4.451295852661133,8.370173454284668,2.3662428855895996,-0.0006986050866544247,-0.05563292279839516,-0.0014976265374571085,-0.002959268633276224
Jevon Carter,0.5092343688011169,-0.018625104799866676,-0.002472144551575184,2.9791603088378906,5.491795063018799,4.549727439880371,11.867071151733398,2.784830331802368,0.9429354667663574,-0.06153269112110138,1.0162461996078491,0.2061404436826706
Wendell Carter Jr.,-0.002815385116264224,-0.01424997765570879,1.0412253141403198,0.9191223382949829,3.1845176219940186,4.28676176071167,7.114593982696533,5.72357702255249,-0.0007078336784616113,-0.06376160681247711,-0.0028239779639989138,0.4617736041545868
Alex Caruso,0.3111940026283264,-0.024878421798348427,-0.0027945521287620068,4.230562686920166,6.7482523918151855,5.28833532333374,8.354308128356934,4.800976276397705,-0.0035648185294121504,-0.06621900945901871,0.22999508678913116,-0.00822801049798727
Stephon Castle,0.8541819453239441,-0.003471803618595004,0.34298592805862427,1.0777217149734497,0.08831028640270233,5.160056114196777,8.342917442321777,3.6235709190368652,0.07492019236087799,-0.05048850551247597,-0.005762083921581507,0.21975214779376984
Julian Champagnie,0.19564108550548553,-0.014822483994066715,0.452152281999588,1.468711256980896,4.119990348815918,3.4307894706726074,11.77214241027832,5.739772319793701,0.5854384303092957,-0.07848455011844635,0.2733670771121979,0.19697779417037964
Max Christie,0.7020763158798218,-0.008378173224627972,0.6355029940605164,1.2062983512878418,3.126826763153076,2.715369939804077,10.205166816711426,4.925251007080078,-0.002110227709636092,-0.06847155094146729,0.1732492595911026,0.08566408604383469
Jaylen Clark,1.2870213985443115,-0.013046379201114178,-7.457197352778167e-05,2.1690335273742676,6.433467864990234,4.604119777679443,6.920928478240967,3.1739444732666016,-0.015724966302514076,-0.04666933789849281,1.1285107135772705,-0.011936960741877556
Jordan Clarkson,0.6666325330734253,-0.01105425227433443,0.808171808719635,2.6347527503967285,1.5839279890060425,5.999221324920654,10.450409889221191,2.4886465072631836,0.368564248085022,-0.05354814976453781,0.14207078516483307,0.19616688787937164
Nic Claxton,-0.00024284464598167688,-0.012303099036216736,-0.0007206111331470311,0.9561108350753784,2.820413827896118,5.589688301086426,3.233440399169922,5.949508190155029,0.5204535722732544,-0.030463963747024536,-0.001525523723103106,0.8562824726104736
Donovan Clingan,-0.004375256597995758,-0.022243646904826164,1.381380558013916,0.5106315612792969,4.161304473876953,6.212321758270264,3.2925050258636475,6.039536952972412,0.9434207081794739,-0.030571630224585533,0.056643951684236526,0.4196822941303253
Noah Clowney,-0.003091913415119052,-0.01337383221834898,1.2746323347091675,0.1375618726015091,4.101363658905029,2.9715678691864014,11.293057441711426,4.387264251708984,-0.0007171979523263872,-0.07442076504230499,-0.0007414219435304403,-0.001146376016549766
Amir Coffey,0.9661973118782043,-0.0019593574106693268,0.3765599727630615,0.9569171071052551,3.1877214908599854,3.6279101371765137,9.763748168945312,4.507607460021973,-0.009079793468117714,-0.06377659738063812,1.1306500434875488,-0.003759797429665923
Isaiah Collier,1.0990246534347534,-0.0037218155339360237,0.5011229515075684,1.7977359294891357,1.1399204730987549,2.6931378841400146,7.162982940673828,2.7878005504608154,0.3793726861476898,-0.04265303164720535,-0.007068490609526634,0.910784125328064
John Collins,-0.0005386847187764943,-0.01909138448536396,0.7151375412940979,1.4177039861679077,1.811051845550537,7.732053756713867,7.183816909790039,5.013408184051514,0.7925150990486145,-0.048112109303474426,-0.0004006941453553736,-0.0020989226177334785
Zach Collins,-0.0020315523725003004,-0.01842266321182251,1.1849305629730225,2.1446402072906494,3.8207995891571045,5.761094570159912,6.834534645080566,4.899889945983887,0.45796099305152893,-0.052811287343502045,0.06970779597759247,0.5090842843055725
Mike Conley,0.9366083741188049,-0.014091516844928265,0.922060489654541,5.183149337768555,4.928616523742676,3.041057586669922,11.394928932189941,5.1419358253479,-0.004456117283552885,-0.07713186740875244,0.44609594345092773,0.5420862436294556
Pat Connaughton,0.20672297477722168,-0.015445954166352749,0.9165283441543579,1.8595479726791382,4.366947650909424,4.506145000457764,7.872923374176025,3.403799295425415,0.4984701871871948,-0.04667031764984131,1.1653258800506592,0.711951494216919
Bilal Coulibaly,0.7317213416099548,-0.009165666066110134,0.4460180699825287,0.5095240473747253,2.047898530960083,3.3175084590911865,8.047723770141602,4.356245994567871,0.3483259081840515,-0.05328449606895447,-0.005992885213345289,0.07262987643480301
Ricky Council IV,0.43162479996681213,-0.007135074120014906,0.8369812965393066,0.32169830799102783,1.898608922958374,4.2453718185424805,9.444271087646484,3.887493133544922,0.1250065416097641,-0.05810507759451866,0.1303459107875824,0.4978695511817932
Torrey Craig,-0.0010547168785706162,-0.03257011994719505,1.375102162361145,1.5984662771224976,7.709577560424805,4.5894246101379395,10.707893371582031,4.889612197875977,1.1060717105865479,-0.06718125194311142,0.6260484457015991,0.317057728767395
Cade Cunningham,0.08041524142026901,-0.003209801157936454,0.5062920451164246,5.029393672943115,-0.0030119142029434443,7.316174507141113,8.745513916015625,4.9825263023376465,0.3866618871688843,-0.06086362153291702,-0.003951095975935459,0.02152177132666111
Seth Curry,0.668712854385376,-0.00803450122475624,0.12690994143486023,2.3720924854278564,4.383570194244385,4.06986665725708,11.169051170349121,3.963470935821533,0.32265523076057434,-0.06194363906979561,1.6429123878479004,0.11805235594511032
Stephen Curry,0.0926777794957161,-0.013845168985426426,1.208159327507019,6.997610092163086,1.6728235483169556,7.195645332336426,13.226361274719238,5.89354133605957,0.21577200293540955,-0.08557983487844467,0.6196200847625732,-0.0005160269793123007
Pacome Dadiet,-0.0010324436007067561,-0.021822916343808174,1.7664203643798828,1.216439127922058,6.341894149780273,2.5005595684051514,9.72564697265625,1.793475866317749,0.558322548866272,-0.04918506368994713,0.7471861243247986,-0.0009895822731778026
Dyson Daniels,0.3762948215007782,-0.0061683040112257,-0.011591617949306965,3.411378860473633,3.20975923538208,4.435362339019775,6.232162952423096,5.6046271324157715,0.5645955204963684,-0.05383222550153732,-0.0011468678712844849,-0.00487696286290884
Tristan Da Silva,0.28808897733688354,-0.004383507184684277,0.3816682696342468,0.8728628754615784,3.1280517578125,2.472079038619995,9.079946517944336,4.98286247253418,0.36688584089279175,-0.06265776604413986,0.7217068672180176,0.41289615631103516
Anthony Davis,-0.004228072240948677,-0.02516758441925049,0.8007282614707947,3.4568581581115723,1.8303714990615845,10.384557723999023,7.480130195617676,6.644350051879883,0.4977339208126068,-0.058584265410900116,-0.005191681906580925,0.46122339367866516
JD Davison,-0.0004741230222862214,-0.00872544851154089,1.0135467052459717,2.440411329269409,3.6982994079589844,2.5557212829589844,9.776430130004883,0.33760252594947815,1.4852124452590942,-0.04938553273677826,-0.006607970222830772,0.1787784844636917
Johnny Davis,0.24969267845153809,-0.015767809003591537,-0.002055616118013859,0.8319506645202637,5.7726664543151855,4.514461517333984,6.541616439819336,2.356834650039673,0.18407993018627167,-0.03774593397974968,0.6027743220329285,-0.009927680715918541
RayJ Dennis,-0.0035633184015750885,-0.0371612124145031,-0.001014994690194726,4.623791217803955,8.406534194946289,5.7831268310546875,10.968096733093262,1.5355224609375,1.1219661235809326,-0.06401566416025162,-0.006156697869300842,-0.008353889919817448
DeMar DeRozan,1.040956735610962,-0.006472918204963207,0.9659275412559509,3.1611695289611816,0.6876364350318909,6.561172962188721,10.17397403717041,4.603373050689697,-0.0054230839014053345,-0.058620307594537735,0.9534462690353394,0.33877089619636536
Gradey Dick,0.5832554697990417,-0.005320853088051081,0.40176162123680115,0.7444308996200562,1.813673973083496,3.757150650024414,10.161369323730469,3.8479068279266357,-0.0031494982540607452,-0.06346113979816437,0.1820036917924881,-0.000158440598170273
Ousmane Dieng,-0.0014961393317207694,-0.019113168120384216,0.06010140851140022,1.7981003522872925,5.9862751960754395,4.109024524688721,9.072624206542969,3.7989988327026367,0.732801616191864,-0.06318749487400055,0.34028807282447815,-0.002709242282435298
Rob Dillingham,0.6578863263130188,0.2182156890630722,-0.008539298549294472,2.652397871017456,2.9689016342163086,3.9747207164764404,7.990061283111572,1.2543818950653076,1.3901585340499878,-0.03611205518245697,0.46823862195014954,-0.00036193232517689466
Spencer Dinwiddie,1.1604487895965576,-0.007070835214108229,0.7049433588981628,3.182849645614624,2.361689805984497,4.0728631019592285,9.751898765563965,3.865206003189087,-0.007750286720693111,-0.06016790121793747,0.40227609872817993,0.33759617805480957
Donte DiVincenzo,0.11252958327531815,-0.016992824152112007,0.15567269921302795,4.352386474609375,5.221864223480225,4.069380283355713,12.140679359436035,4.980032920837402,0.528198778629303,-0.08275493234395981,0.07745982706546783,-0.0005448514712043107
Luka Dončić,-0.005028237123042345,-0.021836349740624428,1.025811791419983,6.916354179382324,1.9659842252731323,9.014227867126465,11.395824432373047,5.003085136413574,-0.0015111826360225677,-0.08078136295080185,0.18448776006698608,0.009266924113035202
Luguentz Dort,0.274362713098526,-0.01503205019980669,0.02786654233932495,2.1696202754974365,5.764249801635742,2.4077963829040527,11.248546600341797,6.347743034362793,0.5263091325759888,-0.07979042083024979,0.5588923692703247,-0.00428732531145215
Ayo Dosunmu,0.9626664519309998,-0.008398924954235554,0.13107435405254364,2.376826524734497,2.857024908065796,4.183603286743164,7.578594207763672,3.887181043624878,-0.0005599057185463607,-0.044825877994298935,0.6818963289260864,0.39893171191215515
Jeff Dowtin Jr.,1.2402021884918213,-0.017443418502807617,-0.00011645277845673263,3.06209135055542,4.05630350112915,6.673230171203613,8.06773567199707,2.935807228088379,0.03617767244577408,-0.03580198809504509,1.4317302703857422,0.11445855349302292
Andre Drummond,-0.0010153483599424362,-0.015606888569891453,0.7035154700279236,0.18540333211421967,2.6816282272338867,6.609854221343994,3.127016305923462,3.9432973861694336,0.5504692792892456,-0.01988908275961876,-0.002024383284151554,0.6259163022041321
Alex Ducas,0.35495525598526,-0.026961550116539,1.0051994323730469,2.4964473247528076,8.792896270751953,3.5089099407196045,10.30716323852539,3.207864999771118,0.8105404376983643,-0.05956866219639778,1.2313146591186523,-0.0009513720870018005
Kris Dunn,0.12063626199960709,-0.01104005891829729,-0.009217300452291965,3.5192267894744873,6.10408878326416,2.0531771183013916,8.486953735351562,5.3595075607299805,0.40879350900650024,-0.07150544971227646,0.3410554826259613,-0.0046952213160693645
Ryan Dunn,-0.0007909396081231534,-0.0127292824909091,-0.004185954574495554,-0.004572539124637842,4.330088138580322,3.4114623069763184,9.429865837097168,5.181145191192627,1.2269957065582275,-0.06029747426509857,0.3956319987773895,-0.0032631903886795044
Kevin Durant,0.110697440803051,-0.014661832712590694,1.003346562385559,3.8456921577453613,0.5330341458320618,7.76862907409668,10.650513648986816,5.7036943435668945,0.3930901288986206,-0.06915085017681122,0.25879067182540894,-0.0006610188283957541
Tari Eason,-0.0035386926028877497,-0.019166946411132812,-0.006266987882554531,2.5338351726531982,4.397425174713135,6.860103607177734,6.728662490844727,5.717881202697754,0.2432725429534912,-0.05719013884663582,0.10238934308290482,-0.009059031493961811
Zach Edey,-0.0019419038435444236,-0.01723455637693405,0.8060548901557922,0.09162184596061707,2.9626340866088867,6.8565216064453125,3.8219804763793945,6.02130126953125,0.9433321952819824,-0.0302591435611248,0.18837954103946686,0.60086989402771
Anthony Edwards,-0.0022616011556237936,-0.0059113274328410625,0.9071097373962402,4.808430194854736,0.1750521957874298,6.856596946716309,11.652923583984375,6.228771209716797,-0.0008968419278971851,-0.08173688501119614,0.12137369066476822,-0.007034750655293465
Justin Edwards,0.735352098941803,-0.012386718764901161,-0.0013657319359481335,0.8374858498573303,3.910604476928711,3.9015347957611084,9.427349090576172,3.916078805923462,0.8662381768226624,-0.05036626756191254,0.45752647519111633,-0.001264993567019701
Kessler Edwards,0.20630216598510742,-0.0176619291305542,0.35153305530548096,1.3915414810180664,5.4785847663879395,3.30108380317688,6.8438591957092285,4.934968948364258,0.46455708146095276,-0.047130730003118515,0.9767526388168335,0.32647085189819336
Keon Ellis,0.6829215288162231,-0.01959657482802868,0.4234560430049896,3.1637279987335205,6.1859450340271,3.427830219268799,11.327306747436523,6.417351722717285,0.11349031329154968,-0.08085189759731293,-0.000562177796382457,-0.011523234657943249
Joel Embiid,0.20775264501571655,-0.03255617246031761,2.074787139892578,3.744339942932129,1.82097327709198,10.442317962646484,8.992688179016113,3.741870641708374,0.40813395380973816,-0.05112734064459801,-0.0030481007415801287,0.5351475477218628
Tosan Evbuomwan,0.13382917642593384,-0.014977612532675266,0.9321131110191345,1.3165334463119507,4.100698947906494,5.146872520446777,6.781525611877441,2.0966782569885254,-0.00041723198955878615,-0.03963284566998482,0.46289876103401184,0.05514521896839142
Dante Exum,1.1432424783706665,-0.014806334860622883,0.3919459879398346,2.806260585784912,3.058006763458252,5.559290885925293,7.942816257476807,2.164898633956909,-0.0009983065538108349,-0.03579265624284744,0.7121666073799133,0.0308633241802454
Kyle Filipowski,-0.00432503642514348,-0.01183320116251707,0.5412020683288574,1.3459453582763672,2.8113200664520264,5.139424800872803,8.080690383911133,5.146353721618652,0.7104294896125793,-0.06310312449932098,-0.0003958430315833539,0.5134574174880981
Dorian Finney-Smith,0.6388772130012512,-0.013773886486887932,0.19919762015342712,1.6140875816345215,5.660538196563721,2.0910966396331787,10.830180168151855,5.820680618286133,0.6336572170257568,-0.0732044205069542,0.6020752787590027,-0.002016141777858138
Adam Flagler,-0.002680265810340643,-0.005267167463898659,-0.0032859724014997482,0.48722973465919495,6.712040424346924,1.2310818433761597,11.828845024108887,1.5502485036849976,1.529098391532898,-0.05419404059648514,0.8437468409538269,-0.0028989058919250965
Simone Fontecchio,0.05219511315226555,-0.01097288727760315,0.9167734384536743,0.8416935205459595,4.860678195953369,3.4355084896087646,10.049161911010742,3.7085843086242676,0.0878693014383316,-0.0663929134607315,0.49126988649368286,-4.1697487176861614e-05
De'Aaron Fox,0.6490607857704163,-0.00868302397429943,0.24730771780014038,3.3804051876068115,0.5744421482086182,6.8784871101379395,9.577099800109863,4.238032341003418,0.15819105505943298,-0.057561833411455154,0.048398081213235855,0.064173124730587
Markelle Fultz,0.6900733113288879,-0.00701715936884284,-0.008597725071012974,2.3485264778137207,4.745038032531738,3.5464234352111816,6.403469085693359,1.1369187831878662,2.1892876625061035,-0.02224252000451088,0.688066840171814,0.19452817738056183
Darius Garland,1.0156822204589844,-0.006340439897030592,0.3556262254714966,5.890406131744385,1.0626744031906128,6.969801425933838,10.851556777954102,4.488716125488281,0.05037938803434372,-0.06085272505879402,0.843689501285553,0.05302903428673744
Keyonte George,0.7150437235832214,-0.005287358537316322,0.974308967590332,2.4509117603302,0.7120028138160706,4.371252536773682,11.385467529296875,3.5687594413757324,0.06516511738300323,-0.06675784289836884,-0.000819110544398427,0.730993390083313
Kyshawn George,0.037567805498838425,-0.015416363254189491,0.731169581413269,1.1979960203170776,4.513768672943115,2.072178363800049,10.961694717407227,4.531319618225098,0.24528802931308746,-0.0747896060347557,-0.006763833109289408,0.2345331907272339
Paul George,-0.0006726579740643501,-0.016085732728242874,-0.00026036272174678743,3.107391119003296,3.1526694297790527,4.994684219360352,10.85848331451416,3.937378168106079,0.6530858278274536,-0.0707152858376503,-0.004219553899019957,0.0732535868883133
Taj Gibson,0.0091065289452672,-0.016818545758724213,1.4265966415405273,0.034732919186353683,4.210597038269043,3.9340479373931885,2.093371629714966,3.315204620361328,1.2054431438446045,-0.008065648376941681,0.6174304485321045,0.8875769376754761
Josh Giddey,-0.0013482071226462722,-0.013357349671423435,1.129435420036316,4.872894287109375,2.013463020324707,5.524713516235352,7.953566074371338,5.649283409118652,0.6670723557472229,-0.06322606652975082,-0.001592925749719143,0.7903811931610107
Shai Gilgeous-Alexander,0.45522409677505493,-0.00901680625975132,-0.0003730544412974268,8.485271453857422,0.7023749947547913,11.487096786499023,9.477307319641113,7.446688652038574,-0.009558651596307755,-0.07124116271734238,0.8872194886207581,-0.012520845979452133
Anthony Gill,0.7479447722434998,-0.006108442787081003,1.5912330150604248,0.6852380633354187,4.2294487953186035,4.392213821411133,6.428234100341797,2.3513073921203613,-0.007428841199725866,-0.032791007310152054,1.603668212890625,0.25903502106666565
Collin Gillespie,0.5923896431922913,-0.029838280752301216,0.3293696343898773,4.518463611602783,5.882325649261475,6.061338901519775,10.602910995483398,3.9920620918273926,0.8454120755195618,-0.06158507987856865,0.649349570274353,0.467233806848526
Jordan Goodwin,0.18509984016418457,-0.024815592914819717,0.22230969369411469,2.8782360553741455,6.700225353240967,4.03187894821167,8.307731628417969,3.629117250442505,1.276922583580017,-0.04932309687137604,0.6019049286842346,-0.00023424728715326637
Aaron Gordon,0.9006754159927368,-0.009676019661128521,0.8327463269233704,2.084813117980957,1.1845201253890991,6.14976167678833,8.0396146774292,5.259562969207764,0.23381851613521576,-0.0494137704372406,0.7463208436965942,0.5228478908538818
Eric Gordon,1.7127662897109985,-0.016786549240350723,1.140030860900879,2.9468722343444824,5.073688983917236,3.231907606124878,11.528974533081055,3.577584981918335,-0.0014900288078933954,-0.059801939874887466,0.7148523330688477,0.15122221410274506
Jazian Gortman,0.09696486592292786,-0.007886671461164951,0.5823256373405457,1.5112043619155884,4.703070163726807,3.495279312133789,8.644221305847168,-0.0032420738134533167,0.6223497986793518,-0.036655228585004807,-3.1165276595856994e-05,-0.010791263543069363
Jerami Grant,0.4689382016658783,-0.011866046115756035,1.0067875385284424,1.2318788766860962,2.6709601879119873,3.5762197971343994,9.781341552734375,4.231584548950195,-0.00800231471657753,-0.06352386623620987,0.04294295608997345,-0.004247741773724556
A.J. Green,0.6712338924407959,-0.01537736039608717,0.7125210165977478,2.778843402862549,7.240604400634766,1.8671928644180298,13.582334518432617,4.8165059089660645,-0.0003266076964791864,-0.08400353044271469,1.2243015766143799,0.4519708752632141
Draymond Green,-0.0027302326634526253,-0.018711578100919724,1.1331260204315186,3.784010410308838,4.267155170440674,2.7416186332702637,8.416915893554688,5.442811965942383,0.133525550365448,-0.07638542354106903,-0.00976425688713789,0.2042945772409439
Javonte Green,0.4899364113807678,-0.014964645728468895,0.3290552496910095,0.7546330094337463,5.133090972900391,3.0873892307281494,7.834493160247803,5.000913143157959,-0.0019979625940322876,-0.055965621024370193,0.1977778524160385,-0.002952100010588765
Jalen Green,-0.0003013167006429285,0.03211447596549988,0.3482849597930908,2.592323064804077,0.09173596650362015,5.076157093048096,10.973264694213867,5.021510124206543,-0.0005416409694589674,-0.07508534938097,0.08621084690093994,-0.002573086181655526
Jeff Green,0.34167224168777466,-0.019367048516869545,0.9797957539558411,1.770308017730713,5.319304466247559,5.263240814208984,10.761673927307129,4.333850860595703,-0.00121302530169487,-0.06774585694074631,1.4406514167785645,-0.00048525529564358294
Josh Green,1.1835333108901978,-0.008788024075329304,0.03452571481466293,0.6763876080513,4.602550983428955,1.4155375957489014,9.473090171813965,4.598860740661621,-0.0013538566417992115,-0.06231077387928963,0.23651166260242462,-0.0038541394751518965
Quentin Grimes,0.28486984968185425,-0.009835153818130493,0.352990984916687,2.7192611694335938,1.9106945991516113,5.4965105056762695,10.418702125549316,4.881103038787842,0.3193703591823578,-0.06828872859477997,-0.00010177493095397949,0.05339586362242699
Mouhamed Gueye,-0.0014587100595235825,-0.028161970898509026,0.5584524869918823,0.8621050119400024,5.520499229431152,5.159633159637451,7.430459499359131,5.195619106292725,0.29017752408981323,-0.055746451020240784,-0.0011019259691238403,-0.0012849137419834733
Rui Hachimura,0.5034881234169006,-0.008877666667103767,0.03394612297415733,0.6700804233551025,2.757007360458374,4.377692699432373,8.628828048706055,5.752124309539795,0.1797490119934082,-0.0583469420671463,1.0798053741455078,-1.7477008441346698e-05
Tyrese Haliburton,0.9278234839439392,-0.01666921190917492,0.5278451442718506,6.857074737548828,2.523277759552002,6.667222023010254,12.559266090393066,6.938457489013672,0.5062823295593262,-0.07910667359828949,0.5135369896888733,-0.002232980215921998
Tim Hardaway Jr.,0.9071866869926453,-0.0034336941316723824,0.9276372194290161,1.6872336864471436,2.954253911972046,2.2915422916412354,12.484224319458008,5.136936664581299,-0.008691245689988136,-0.08011376857757568,1.0770070552825928,0.3099114000797272
James Harden,-0.000479721900774166,-0.012103230692446232,1.6986079216003418,6.5810651779174805,1.1721588373184204,6.368943214416504,11.29632568359375,5.569814682006836,-0.0026664845645427704,-0.08225635439157486,-0.0038999426178634167,-0.001034635934047401
Jaden Hardy,0.3681688606739044,-0.00013602626859210432,0.06334009021520615,1.0404292345046997,1.9381773471832275,4.439035415649414,9.834989547729492,1.83461332321167,0.06927347928285599,-0.05259202420711517,0.011303989216685295,-0.003321402706205845
Gary Harris,1.1505200862884521,-0.019309941679239273,0.6540664434432983,2.073148727416992,8.096515655517578,1.13010835647583,10.913152694702148,4.269052505493164,0.4758876860141754,-0.06685087829828262,0.9630697965621948,-0.0061494470573961735
Tobias Harris,0.0009521758183836937,-0.00611000694334507,0.10315239429473877,1.5938698053359985,2.403548002243042,4.119183540344238,8.220983505249023,5.810054302215576,-0.00023911130847409368,-0.06454114615917206,0.4036540687084198,0.20923209190368652
Josh Hart,-0.0015493629034608603,-0.0063327900134027,0.8068622350692749,4.575124263763428,2.762470245361328,4.270747184753418,7.098820686340332,6.465768337249756,0.16217003762722015,-0.06500443816184998,0.5114103555679321,0.5757917761802673
Sam Hauser,0.260578989982605,-0.017580384388566017,0.049536410719156265,2.9994308948516846,6.885846138000488,3.1978209018707275,13.474416732788086,6.248626708984375,0.7889516949653625,-0.08511275053024292,1.8807952404022217,0.41117197275161743
Jordan Hawkins,0.4766707420349121,-0.011104105040431023,0.5371427536010742,-0.0004687848559115082,2.661330461502075,3.4881579875946045,11.84886360168457,3.560394763946533,0.6039037108421326,-0.06369686126708984,0.29965993762016296,0.12918370962142944
Killian Hayes,1.182795763015747,-0.03176643326878548,2.1571404933929443,3.8198604583740234,5.656266212463379,4.958119869232178,8.836441040039062,2.2201828956604004,0.23849572241306305,-0.039518725126981735,0.3197702467441559,0.7073981761932373
Scoot Henderson,0.7745991349220276,-0.005853364244103432,0.48670774698257446,2.5169501304626465,2.0180420875549316,4.516168594360352,9.011313438415527,2.8498241901397705,-0.00014046486467123032,-0.055018648505210876,-0.00571752293035388,0.012251443229615688
Tyler Herro,0.21693310141563416,-0.0048592532984912395,0.6881283521652222,5.042844295501709,0.42680028080940247,6.591599941253662,11.44575023651123,5.630246639251709,0.2313820868730545,-0.07487853616476059,0.9063735604286194,0.35874781012535095
Buddy Hield,-0.0003450276853982359,-0.009746222756803036,-0.0016724216984584928,2.167703151702881,4.005599498748779,3.679947853088379,12.149550437927246,4.9515790939331055,0.7476462125778198,-0.07851220667362213,0.3571898937225342,-0.0009852797957137227
Haywood Highsmith,0.5322294235229492,-0.011678267270326614,0.1327284872531891,1.4552950859069824,5.415744304656982,1.997577428817749,9.303691864013672,5.649729251861572,0.32781025767326355,-0.06631562113761902,0.32983627915382385,-0.00047237484250217676
Aaron Holiday,0.5479474067687988,-0.014026056975126266,0.9195924997329712,3.4103963375091553,5.287570953369141,4.167749404907227,12.0173921585083,3.5454673767089844,0.003001166507601738,-0.07094603776931763,0.7457342147827148,-0.0002457325754221529
Jrue Holiday,0.46532338857650757,-0.010871712118387222,0.48695987462997437,3.8318545818328857,3.978909492492676,3.5845630168914795,9.68592357635498,5.140026092529297,0.2891101837158203,-0.06540562957525253,0.900562584400177,0.4843353033065796
Ron Holland,0.02523968741297722,-0.0037408871576189995,0.14539211988449097,0.5834594964981079,3.232588768005371,4.285139560699463,6.883255958557129,3.328352212905884,-0.004110484849661589,-0.05161423981189728,0.13489288091659546,-0.003069664118811488
Chet Holmgren,-0.007764347828924656,-0.030158763751387596,1.4525357484817505,2.034249782562256,3.6794140338897705,7.417701721191406,7.671506404876709,5.548133850097656,0.40835660696029663,-0.060596857219934464,-0.0006528866942971945,-0.0020452176686376333
Jalen Hood-Schifino,0.8528246879577637,-0.014481536112725735,1.7905055284500122,1.9030033349990845,4.140220642089844,3.4012911319732666,9.256607055664062,0.8999103307723999,0.2321552187204361,-0.034549783915281296,0.8239888548851013,0.34298720955848694
Al Horford,-0.004207469057291746,-0.020189855247735977,0.935897946357727,2.845176935195923,5.53244686126709,2.9277656078338623,11.2244291305542,6.706228256225586,0.986189067363739,-0.08290090411901474,0.8252444267272949,0.7752110958099365
Talen Horton-Tucker,0.5625286102294922,-0.00851448718458414,0.5555874109268188,1.5107158422470093,2.8452768325805664,6.09710693359375,7.610530376434326,2.3909289836883545,-0.0036306472029536963,-0.04150047525763512,0.5582917928695679,0.05759977921843529
Caleb Houstan,0.9398166537284851,-0.017682675272226334,0.9034450650215149,2.434112548828125,7.44036340713501,2.3097715377807617,12.506856918334961,4.577261447906494,-0.001972091617062688,-0.07523267716169357,1.4679229259490967,-0.0002708946412894875
Jett Howard,0.03944287821650505,-0.0059088305570185184,0.5346735715866089,0.8101603388786316,5.1469807624816895,2.6015539169311523,11.724260330200195,2.5906476974487305,0.7891929745674133,-0.06550469994544983,0.5261847376823425,-0.003266212297603488
Kevin Huerter,0.3741128146648407,-0.01045623142272234,-0.003891524625942111,2.0654940605163574,4.257865905761719,3.127963066101074,11.195881843566895,4.674820423126221,0.6461072564125061,-0.07104145735502243,0.44336169958114624,0.0569123849272728
Jay Huff,-0.0032865728717297316,-0.02794705517590046,1.0990002155303955,2.006683826446533,5.271548748016357,7.216914176940918,10.778857231140137,5.718332290649414,0.5216888785362244,-0.07142848521471024,0.44525477290153503,-0.008102203719317913
De'Andre Hunter,0.3143819570541382,-0.010617127642035484,0.5476967096328735,1.7347525358200073,2.5110771656036377,6.310775279998779,10.446111679077148,4.481937408447266,-0.0067854952067136765,-0.06772056967020035,0.679474949836731,-0.005839402321726084
Bones Hyland,0.29892879724502563,-0.03176330402493477,0.5221168398857117,4.413271903991699,6.207070350646973,7.057661533355713,12.682991027832031,1.914155125617981,-0.001177374622784555,-0.07456999272108078,-0.009110117331147194,-0.013696105219423771
Brandon Ingram,0.11342547088861465,-0.017782310023903847,0.7861971259117126,2.704336643218994,1.6819512844085693,6.739495277404785,10.05752182006836,2.7857439517974854,1.308807134628296,-0.05123837664723396,-0.0025380216538906097,0.5704309344291687
Kyrie Irving,0.6021883487701416,-0.011919604614377022,0.4904903769493103,4.689209938049316,1.5881115198135376,7.573439598083496,9.896700859069824,4.42289400100708,0.04501044750213623,-0.055581312626600266,1.0558388233184814,-0.0011704283533617854
Jonathan Isaac,-0.0048568337224423885,-0.03344125673174858,0.7154675722122192,1.1125093698501587,6.520240306854248,6.348262310028076,7.688705921173096,5.560822486877441,0.4077260196208954,-0.06219855695962906,-0.0017195865511894226,-0.009055519476532936
Jaden Ivey,0.6227604746818542,-0.010706033557653427,0.8081493377685547,2.5180492401123047,1.416603922843933,5.841241359710693,8.701706886291504,3.1111390590667725,0.3591044843196869,-0.04827360436320305,-0.0009120951872318983,-0.00045520177809521556
Andre Jackson Jr.,0.44460248947143555,-0.008319863118231297,0.06105480715632439,0.9207431077957153,4.500236511230469,1.6762937307357788,6.6868720054626465,4.7665696144104,1.0758845806121826,-0.050265833735466,0.057952042669057846,0.19183754920959473
GG Jackson II,-0.002338165184482932,-0.008906022645533085,0.7152979969978333,0.08166828751564026,2.8486106395721436,3.881899118423462,8.570830345153809,2.523637533187866,0.849048912525177,-0.04755948856472969,0.30929335951805115,-0.0004968177527189255
Jaren Jackson Jr.,-0.0021625845693051815,-0.013330562971532345,0.4612615704536438,2.5897152423858643,1.7392241954803467,7.441202163696289,8.609291076660156,5.502604961395264,-0.0019157364731654525,-0.06285198777914047,-0.0013214159989729524,-0.008500107564032078
Quenton Jackson,1.1823781728744507,-0.016515295952558517,0.22768060863018036,2.6024010181427,3.969931125640869,6.0502028465271,6.1648640632629395,2.761986017227173,-0.0073853423818945885,-0.03499125316739082,0.43128255009651184,-0.0032086779829114676
Reggie Jackson,0.3889884054660797,-0.011891469359397888,-0.0010097273625433445,2.6188228130340576,5.612087726593018,3.656282901763916,10.123907089233398,1.9680652618408203,0.840571939945221,-0.0499795563519001,0.7360490560531616,-0.0001461050851503387
Bronny James,0.41837766766548157,-0.00958094373345375,0.8325647115707397,1.7336549758911133,3.9688382148742676,2.8574016094207764,9.092811584472656,0.8826905488967896,0.576657235622406,-0.043027959764003754,-0.002882876433432102,-0.0036906073801219463
LeBron James,-0.001825764775276184,-0.00708962045609951,0.6683173775672913,5.720130443572998,0.10767597705125809,7.6964006423950195,9.400002479553223,6.300482273101807,0.7647352814674377,-0.07024737447500229,0.15361438691616058,0.30101555585861206
Jaime Jaquez Jr.,0.292240709066391,-0.008272609673440456,0.5155746340751648,2.3208887577056885,2.198498249053955,5.065421104431152,6.046177864074707,3.9091007709503174,0.2619249224662781,-0.044698264449834824,0.14116722345352173,0.38680246472358704
DaQuan Jeffries,0.36178693175315857,-0.010794495232403278,0.3061072826385498,0.1656365543603897,4.661354064941406,2.0654213428497314,9.20351505279541,4.345229148864746,0.5101779699325562,-0.056534383445978165,0.6215802431106567,-0.0023260226007550955
Ty Jerome,0.9030694961547852,-0.015984337776899338,0.0037676552310585976,5.839475631713867,3.5794947147369385,8.340642929077148,9.52891731262207,3.617202043533325,-0.0009561706683598459,-0.05663307011127472,1.2221758365631104,-0.003065921599045396
Isaiah Joe,0.4723053574562073,-0.014959161169826984,0.2541498839855194,3.1332011222839355,5.340745449066162,4.087757587432861,13.484196662902832,5.87000036239624,0.23861326277256012,-0.08609819412231445,1.0579125881195068,-0.0011875903001055121
Cameron Johnson,0.518612265586853,-0.013667668215930462,0.9007468819618225,3.627824068069458,2.00797700881958,6.343177318572998,11.247727394104004,5.649778366088867,-0.0008144623134285212,-0.07319753617048264,0.31443700194358826,-0.001118851243518293
Jalen Johnson,-0.0030398638918995857,-0.01621060259640217,0.2806704342365265,2.623737096786499,2.078073740005493,6.148265838623047,6.533045291900635,4.9698166847229,0.7835237979888916,-0.052864644676446915,-0.00027517127455212176,0.32800355553627014
Keldon Johnson,0.2550967037677765,-0.008642803877592087,0.2082556039094925,0.7920447587966919,2.532104730606079,6.785143852233887,7.13047456741333,3.588202714920044,0.20131531357765198,-0.03985986486077309,1.1308720111846924,0.1397322416305542
Keon Johnson,-0.001594692119397223,-0.005691111087799072,-0.001237511052750051,0.7247466444969177,2.3581769466400146,3.1979808807373047,9.442002296447754,4.188982963562012,0.07350003719329834,-0.06895744800567627,-0.006541912909597158,-0.0013435143046081066
Nikola Jokić,-0.001807351945899427,-0.012726712971925735,0.5760095119476318,9.575849533081055,1.3305847644805908,11.272035598754883,8.452183723449707,8.769403457641602,0.4608787000179291,-0.0735837072134018,0.6468265056610107,-0.0008526646415702999
Colby Jones,0.49815893173217773,-0.020879952237010002,0.615772545337677,1.8068073987960815,5.945364952087402,4.383033752441406,7.640819072723389,2.974205732345581,0.4904618561267853,-0.04572438448667526,0.3320394456386566,-0.0015234655002132058
Derrick Jones Jr.,0.5624396204948425,-0.0049569932743906975,-0.007886524312198162,0.42482680082321167,2.9522387981414795,4.453123569488525,6.942708492279053,5.599705219268799,-0.0005720156477764249,-0.052875470370054245,0.6146724820137024,-0.00924358144402504
Dillon Jones,-0.0013389370869845152,-0.009517566300928593,1.201951026916504,2.2018210887908936,5.234369277954102,2.240541696548462,7.520280361175537,2.8517005443573,0.2358633279800415,-0.053985241800546646,0.6450243592262268,0.7489708662033081
Herbert Jones,1.006232738494873,-0.018869753926992416,0.32797104120254517,1.8866939544677734,4.6570563316345215,3.5676417350769043,7.33034086227417,2.990565061569214,-5.591033914242871e-05,-0.042234864085912704,0.07830566167831421,-0.0017259223386645317
Kai Jones,0.7079930305480957,-0.023009641095995903,-0.002868376672267914,1.2065232992172241,4.578493595123291,8.33760929107666,2.445523262023926,5.1839375495910645,0.5036258697509766,-0.010348215699195862,0.7321605086326599,0.2885782718658447
Spencer Jones,0.35634925961494446,-0.01596853695809841,1.5161023139953613,0.33065688610076904,6.587977886199951,1.7334699630737305,7.230552673339844,1.3896799087524414,1.1411975622177124,-0.03136201202869415,0.44283121824264526,-0.008367741480469704
Tre Jones,1.5593971014022827,-0.016588538885116577,0.6491689085960388,4.111775875091553,3.8013687133789062,5.864956378936768,5.196618556976318,3.7306649684906006,-0.003935673274099827,-0.030377311632037163,1.1814136505126953,0.6819377541542053
Tyus Jones,1.3595455884933472,-0.009348364546895027,0.03735363483428955,4.771875858306885,3.5575664043426514,3.842294931411743,11.370462417602539,4.880597114562988,0.9524397253990173,-0.0606912262737751,1.2270400524139404,1.0041751861572266
Cory Joseph,0.5665722489356995,-0.01657816581428051,0.5286214351654053,3.730593681335449,6.600358486175537,2.7880666255950928,11.252573013305664,4.2039947509765625,0.03944925218820572,-0.07431866973638535,0.6746717095375061,0.24672572314739227
Nikola Jović,0.19650055468082428,-0.0151907904073596,0.7158327698707581,3.0546278953552246,3.92104434967041,4.708980083465576,9.593745231628418,4.125811576843262,-0.001345737953670323,-0.06522782891988754,0.4454454481601715,0.18104973435401917
Johnny Juzang,0.2222103476524353,-0.010744024068117142,-0.00031312741339206696,1.4853376150131226,4.4821553230285645,3.979670763015747,11.453089714050293,4.3313398361206055,0.29364654421806335,-0.06828293949365616,0.9629384875297546,-0.0004648964386433363
Luke Kennard,0.8821011185646057,-0.01199350692331791,0.5261378884315491,4.351676940917969,4.729482650756836,3.746610641479492,11.331311225891113,4.790114402770996,0.6397159695625305,-0.0705917701125145,1.0236470699310303,0.6726626753807068
Walker Kessler,-0.00131097377743572,-0.020534133538603783,0.7115923166275024,0.9414405226707458,3.1296017169952393,7.250254154205322,2.892416000366211,6.765383243560791,1.138189673423767,-0.018340429291129112,0.2274542599916458,0.8377605080604553
Corey Kispert,0.7020174264907837,-0.007238899357616901,0.5646171569824219,0.8406280875205994,3.8456859588623047,4.380918979644775,10.437813758850098,3.0883195400238037,0.2674362361431122,-0.0531512014567852,1.2024009227752686,0.3412778675556183
Maxi Kleber,0.5488395690917969,-0.01822482794523239,1.8660176992416382,1.1835769414901733,6.584235191345215,0.5647461414337158,7.932882308959961,4.0854010581970215,0.15402249991893768,-0.05662526935338974,0.7309808135032654,0.47234439849853516
Bobi Klintman,0.4166017174720764,-0.040953151881694794,0.7960955500602722,3.903367519378662,8.831308364868164,6.959834575653076,8.884283065795898,2.3797607421875,0.4209151566028595,-0.0489739365875721,0.5534494519233704,-0.0034296889789402485
Dalton Knecht,0.23750382661819458,-0.005718327593058348,0.06902862340211868,0.5576168894767761,2.999654531478882,4.366509914398193,11.338674545288086,5.179714202880859,0.18796734511852264,-0.07149332016706467,1.1534359455108643,0.09274551272392273
Kevin Knox,0.13483087718486786,-0.033961400389671326,1.3110995292663574,1.5676229000091553,5.087540149688721,8.357505798339844,7.630146026611328,2.3912150859832764,1.2813159227371216,-0.030628632754087448,1.0700569152832031,-0.00504260091111064
Tyler Kolek,1.1899267435073853,-0.020716018974781036,1.000192642211914,3.743776798248291,5.910162448883057,3.5796866416931152,9.1170072555542,1.8447023630142212,0.4380454123020172,-0.04877627268433571,0.02177206054329872,-0.00017712202679831535
Vit Krejci,0.544059157371521,-0.019334906712174416,0.6463503241539001,3.225919723510742,5.771605014801025,3.3227555751800537,11.218132019042969,5.422226428985596,0.44199827313423157,-0.07587675750255585,0.16549743711948395,0.16905036568641663
Jonathan Kuminga,0.09520973265171051,-0.008986921980977058,0.6062162518501282,1.1375764608383179,1.2467564344406128,6.749064922332764,7.229079723358154,3.5367043018341064,-0.0034726846497505903,-0.048558302223682404,0.04936502128839493,-0.002547978889197111
Kyle Kuzma,-0.001088369870558381,-0.0019530249992385507,0.5403136014938354,-0.0005526287714019418,0.3768744170665741,3.7602169513702393,8.734447479248047,3.584216594696045,0.42072319984436035,-0.05589931458234787,0.050868481397628784,0.8047283291816711
Jock Landale,0.307264506816864,-0.01843382976949215,0.8274349570274353,1.5376471281051636,4.1384735107421875,6.658119201660156,5.201202869415283,4.008322238922119,0.6252154111862183,-0.03333764895796776,0.8894672989845276,0.20798684656620026
Jake LaRavia,0.34470823407173157,-0.01605653390288353,0.8130844831466675,2.4741451740264893,5.239192008972168,4.325568199157715,7.912688255310059,3.9915807247161865,0.2968549132347107,-0.0582893006503582,-0.0019809831865131855,-0.0034422720782458782
Zach LaVine,0.5816590189933777,-0.0013094155583530664,0.16762010753154755,3.004962682723999,-0.00024845232837833464,6.006510257720947,10.995726585388184,5.131475448608398,0.2042531967163086,-0.0673811286687851,0.6163846254348755,0.05052044615149498
Damion Lee,0.1679709255695343,-0.00870427954941988,0.9859486222267151,2.0374207496643066,2.7927658557891846,5.966931343078613,10.090051651000977,0.6082979440689087,0.13571713864803314,-0.047694046050310135,0.7860458493232727,0.4012095332145691
Alex Len,0.34011200070381165,-0.021180544048547745,1.732568621635437,1.4091593027114868,5.648695945739746,3.24888277053833,3.3645951747894287,4.1268310546875,0.900072455406189,-0.023056967183947563,0.3518594205379486,0.3461061418056488
Kawhi Leonard,0.21698933839797974,-0.018763594329357147,-0.0024876638781279325,3.3695921897888184,2.064640522003174,8.027613639831543,9.379077911376953,4.811235427856445,0.5251153707504272,-0.06047613546252251,0.4813574254512787,-0.001385259092785418
Caris LeVert,0.6951215863227844,-0.012681669555604458,0.26400458812713623,2.7257323265075684,3.135000467300415,5.574700832366943,8.836970329284668,4.233131408691406,-0.0009712834726087749,-0.05578700825572014,0.4013168513774872,-0.0026629227213561535
Maxwell Lewis,0.023422110825777054,-0.014026595279574394,0.1886666715145111,0.7495525479316711,5.130921363830566,4.05047607421875,7.578199863433838,2.625274658203125,1.1054695844650269,-0.03669242560863495,1.0258219242095947,-0.001385538256727159
Damian Lillard,0.6607818007469177,-0.014452713541686535,1.1791476011276245,5.855755805969238,1.4051694869995117,7.542773723602295,12.276007652282715,5.236234664916992,-0.0033478005789220333,-0.07732962816953659,0.6001016497612,0.22588573396205902
Kevon Looney,-0.0005537454853765666,-0.01974746398627758,1.0513254404067993,1.4603221416473389,4.532349109649658,6.224092483520508,2.2950775623321533,5.02593469619751,0.38075733184814453,-0.0222336258739233,0.18090514838695526,1.2389906644821167
Brook Lopez,0.12478785961866379,-0.013782081194221973,1.030887246131897,1.8455647230148315,3.6000421047210693,4.272039413452148,9.952557563781738,6.989625453948975,0.5631663799285889,-0.06967584788799286,0.5988153219223022,-0.0008673921111039817
Kevin Love,-0.010462790727615356,-0.03364823758602142,1.080926775932312,3.0457441806793213,5.652923583984375,6.433981895446777,9.907575607299805,3.335867166519165,0.7548757195472717,-0.06916029751300812,-0.0010390097741037607,0.3841743469238281
Kyle Lowry,1.1574839353561401,-0.028568953275680542,1.7250993251800537,4.2060346603393555,7.874316692352295,2.002629041671753,11.97746753692627,4.350620746612549,-0.005583412479609251,-0.07968998700380325,-0.0007327399798668921,0.47003230452537537
Trey Lyles,-0.0008720872574485838,-0.01929616928100586,0.6889467835426331,1.326166033744812,5.277032375335693,3.72999906539917,10.16181468963623,5.475842475891113,0.6534982919692993,-0.07378031313419342,0.42099234461784363,0.3047518730163574
Terance Mann,0.6951961517333984,-0.00646540941670537,-0.0027256356552243233,1.2784641981124878,3.7701609134674072,3.872976541519165,7.884282112121582,4.524415969848633,0.30362945795059204,-0.05194678530097008,0.7397639751434326,-0.0017767203971743584
Tre Mann,0.5235990881919861,-0.013370562344789505,0.5111320614814758,2.2580981254577637,3.069204807281494,6.518344879150391,8.020241737365723,0.7938287258148193,0.8553885817527771,-0.025336770340800285,0.9748235940933228,-0.0003092307015322149
Lauri Markkanen,0.16643384099006653,-0.013510883785784245,0.8494802713394165,0.9012892246246338,1.6796373128890991,5.8817596435546875,11.309649467468262,5.347517967224121,0.3155142366886139,-0.07033304125070572,0.4256748557090759,-0.00045118454727344215
Naji Marshall,0.6026607751846313,-0.0064106229692697525,0.03921956196427345,2.2407283782958984,1.8933364152908325,5.264725208282471,7.6201372146606445,4.4972920417785645,0.4181922674179077,-0.05050531402230263,0.6065556406974792,0.42043113708496094
Caleb Martin,0.7003575563430786,-0.012659317813813686,0.6807452440261841,1.1910587549209595,3.867704391479492,2.8886587619781494,7.414586067199707,3.7529759407043457,0.1150810718536377,-0.04775858297944069,0.12865731120109558,0.08142652362585068
Cody Martin,-0.00031464212224818766,-0.018189802765846252,0.2956700921058655,1.7667815685272217,5.165465354919434,3.473505735397339,8.451804161071777,4.370893478393555,0.4290008842945099,-0.061686914414167404,-0.0010378320002928376,-0.0010939626954495907
Jaylen Martin,0.2829016149044037,-0.009064247831702232,0.43208950757980347,0.8778887987136841,4.396813869476318,3.9316022396087646,6.951934337615967,1.6470844745635986,1.1210654973983765,-0.02960706688463688,1.128244161605835,0.5772568583488464
Tyrese Martin,0.09451926499605179,-0.008855571039021015,0.4274943470954895,1.7351093292236328,3.6630027294158936,3.3540496826171875,10.732836723327637,4.056859016418457,1.016916275024414,-0.06655559688806534,0.4091791808605194,0.5662127137184143
Garrison Mathews,0.8881414532661438,-0.025021351873874664,1.785405158996582,2.68517804145813,6.424931526184082,3.732079029083252,12.84614086151123,3.8717730045318604,-0.007983424700796604,-0.07704813778400421,0.28410211205482483,-0.0011852247407659888
Bennedict Mathurin,0.4037169814109802,-0.00489188265055418,0.9919900894165039,0.5376386642456055,0.7275001406669617,5.108049392700195,8.665846824645996,4.264339447021484,-0.0038198791444301605,-0.05593385919928551,0.21833467483520508,0.2822238802909851
Karlo Matković,-0.001036902773194015,-0.019733978435397148,0.6404128074645996,0.527502179145813,4.158463954925537,6.161508083343506,5.494503498077393,4.651241779327393,1.037683129310608,-0.033326808363199234,0.4431585669517517,0.22698010504245758
Tyrese Maxey,1.0265662670135498,-0.010374261066317558,-0.0007036736351437867,4.092140197753906,0.7604689598083496,7.504201889038086,10.216791152954102,4.059190273284912,-0.003972009755671024,-0.05656680464744568,0.40386006236076355,-0.005007967818528414
Miles McBride,0.8021101951599121,-0.01096086110919714,-0.0035942180547863245,2.807705879211426,4.723310470581055,3.8336305618286133,10.711605072021484,4.561612606048584,0.14290641248226166,-0.06765731424093246,0.6404154300689697,-0.0031874412670731544
Jared McCain,1.0106366872787476,-0.011155154556035995,0.5184221267700195,2.8538403511047363,2.414655923843384,6.505926609039307,9.975733757019043,2.4073619842529297,0.08031126856803894,-0.047504667192697525,1.0990221500396729,-0.0003553438582457602
CJ McCollum,0.6114509701728821,-0.008455287665128708,0.14798904955387115,2.3652920722961426,1.0680572986602783,6.143214225769043,10.620325088500977,3.6129837036132812,0.5039810538291931,-0.05327257886528969,0.728410005569458,0.28122127056121826
T.J. McConnell,1.3261829614639282,-0.014083953574299812,-0.0011423265095800161,4.706974983215332,3.2114524841308594,7.431149482727051,5.4495391845703125,2.9354517459869385,0.9811625480651855,-0.0251556858420372,0.7295547127723694,0.5667313933372498
Jaden McDaniels,0.010776919312775135,-0.006914618890732527,-0.003682564478367567,1.628662347793579,3.4016060829162598,3.6468141078948975,7.700677871704102,6.039664268493652,0.16532090306282043,-0.0632275640964508,0.18478085100650787,-0.0017803044756874442
Doug McDermott,1.2490692138671875,-0.015008514747023582,0.5238410830497742,1.2391645908355713,6.8472676277160645,3.22823166847229,13.592245101928711,3.9652106761932373,0.4214805066585541,-0.06539558619260788,1.9841020107269287,-0.00621725944802165
Jordan McLaughlin,1.44352388381958,-0.022465215995907784,0.9779025316238403,4.195858955383301,6.3885321617126465,4.263223648071289,10.644542694091797,2.50338077545166,0.15709611773490906,-0.05891008302569389,0.5044213533401489,0.09711343795061111
Sam Merrill,0.5534440279006958,-0.018988702446222305,0.6756598949432373,3.619307279586792,7.376045227050781,2.8542213439941406,12.809711456298828,4.784608840942383,0.018994860351085663,-0.08031127601861954,0.9344450235366821,-0.001382012153044343
Vasilije Micić,0.468483030796051,0.15075156092643738,1.1425729990005493,2.1650476455688477,2.0442395210266113,1.6649123430252075,9.991958618164062,1.7606377601623535,0.797673761844635,-0.05067099630832672,0.2914521098136902,0.9639010429382324
Khris Middleton,0.284900426864624,-0.019536642357707024,0.6766197681427002,4.264188289642334,3.4610564708709717,6.25581169128418,10.223299980163574,3.439898729324341,0.007292118854820728,-0.06463945657014847,0.28128695487976074,0.4731665849685669
Brandon Miller,-0.0004375831049401313,-0.017211943864822388,0.6356686353683472,2.1713593006134033,2.6210596561431885,5.370036602020264,11.773194313049316,3.7974092960357666,0.6455926299095154,-0.07001686841249466,-0.004547841846942902,-0.001764036831445992
Patty Mills,1.1151673793792725,-0.018214888870716095,1.2151477336883545,3.0651307106018066,6.815278053283691,2.836487054824829,12.625017166137695,2.1846883296966553,0.10971494764089584,-0.0663725882768631,0.3138286769390106,-0.006085330620408058
Shake Milton,0.7450157999992371,-0.007228522095829248,0.6572749018669128,2.7390940189361572,3.985511302947998,4.475711822509766,8.09490966796875,2.470421075820923,-0.00021793301857542247,-0.045722465962171555,1.0267753601074219,0.35007432103157043
Ajay Mitchell,0.739445686340332,-0.007324572652578354,0.14830747246742249,2.763378858566284,4.7868218421936035,4.915909290313721,6.4970526695251465,1.9844132661819458,-0.003945621661841869,-0.03648021072149277,1.2232487201690674,0.02624889649450779
Davion Mitchell,1.2986750602722168,-0.003805771702900529,0.5336458683013916,3.4672205448150635,3.7147295475006104,2.424903631210327,8.045321464538574,3.3863587379455566,-0.002234098734334111,-0.047334928065538406,0.4781823456287384,0.5584148168563843
Donovan Mitchell,0.24714240431785583,-0.009837637655436993,0.3617423474788666,4.835984230041504,0.9119573831558228,7.615227699279785,11.452589988708496,5.354321479797363,-0.0014993258519098163,-0.07419005781412125,0.46151840686798096,-0.0035808247048407793
Evan Mobley,-0.003968047443777323,-0.01308366283774376,0.20166295766830444,3.1020615100860596,1.4665725231170654,8.04019832611084,6.595625400543213,7.108774662017822,0.4334051311016083,-0.05654558166861534,-0.0016181831015273929,0.08615211397409439
Jonathan Mogbo,0.17498886585235596,-0.01239725761115551,0.2609318494796753,1.0099307298660278,3.490832805633545,3.725149631500244,4.676775932312012,4.643150329589844,0.3886968493461609,-0.04218246787786484,-0.002634941367432475,0.29782360792160034
Malik Monk,0.5168951749801636,-0.008455166593194008,0.29414618015289307,2.7188074588775635,1.3402984142303467,5.153310775756836,10.300688743591309,4.303526401519775,0.4078057110309601,-0.06318965554237366,-0.0027590382378548384,0.18884271383285522
Moses Moody,0.6147902011871338,-0.009230043739080429,0.47106868028640747,1.4843388795852661,3.429474353790283,3.9291112422943115,10.37261962890625,4.973705768585205,-0.003572426037862897,-0.06743444502353668,0.4035789668560028,-0.004917957354336977
Wendell Moore Jr.,0.5057611465454102,-0.01320708729326725,0.37089449167251587,1.7471030950546265,4.706496715545654,4.036767482757568,5.972837448120117,2.877690076828003,0.7320120334625244,-0.03369031846523285,0.7862740755081177,0.34522539377212524
Ja Morant,0.8208761215209961,-0.007497549057006836,0.43511492013931274,4.179590225219727,-0.0011551512870937586,7.557742118835449,8.646109580993652,3.5053799152374268,-0.0013474258594214916,-0.052199676632881165,-0.002897662343457341,0.018307581543922424
Markieff Morris,-0.004425158258527517,-0.011939769610762596,1.4390718936920166,1.5302683115005493,4.682777404785156,2.180293560028076,10.945062637329102,1.492936134338379,0.9351270198822021,-0.055460523813962936,0.6644406914710999,0.7780285477638245
Monte Morris,0.7597026228904724,-0.014084381982684135,0.44460856914520264,3.0118629932403564,4.44821834564209,5.3235931396484375,9.306957244873047,2.3046875,0.20156708359718323,-0.04797651991248131,1.3778510093688965,0.4387837052345276
Trey Murphy III,0.49923038482666016,-0.015061628073453903,0.5943946242332458,2.2705318927764893,1.5541423559188843,6.302903652191162,10.95263385772705,5.3620381355285645,0.2035733014345169,-0.06758885085582733,0.05167221277952194,-0.001134039368480444
Dejounte Murray,0.0767567902803421,-0.017676355317234993,0.32391467690467834,3.4113821983337402,1.9485200643539429,5.778200626373291,9.06521987915039,2.807990550994873,0.48137250542640686,-0.05728404223918915,-0.006537365727126598,0.6734904646873474
Jamal Murray,0.9536937475204468,-0.008842544630169868,0.18008624017238617,3.781372547149658,1.2144157886505127,6.240356922149658,10.322444915771484,4.755990028381348,0.19346235692501068,-0.05852241441607475,0.524465799331665,0.0648774653673172
Keegan Murray,-0.0010424242354929447,-0.011916072107851505,-0.0006104640779085457,0.2730939984321594,4.015711307525635,3.1856298446655273,10.411999702453613,6.550652027130127,1.0297244787216187,-0.07178407907485962,0.6719046831130981,0.15774181485176086
Svi Mykhailiuk,0.53084397315979,-0.009558702819049358,0.5948277115821838,1.8483515977859497,3.4736812114715576,3.1260831356048584,11.795856475830078,3.3027706146240234,1.1603078842163086,-0.06294842809438705,0.21524743735790253,0.3199866712093353
Larry Nance Jr.,0.038495346903800964,-0.029238594695925713,-0.0033935578539967537,2.183770179748535,6.152586936950684,6.079493045806885,8.516365051269531,4.590555667877197,1.2636269330978394,-0.053167399019002914,0.91146320104599,-0.0001638819376239553
Andrew Nembhard,0.9454877972602844,-0.006733911111950874,0.7145245671272278,3.425671339035034,2.8919413089752197,3.3023765087127686,8.696126937866211,3.6287834644317627,-0.0032225155737251043,-0.05667395144701004,0.23390279710292816,0.7370308637619019
Aaron Nesmith,0.3596659302711487,-0.014885672368109226,0.47286397218704224,1.5099968910217285,3.7000842094421387,5.278210639953613,9.602943420410156,4.873030185699463,-0.002282375004142523,-0.060589030385017395,0.8653966784477234,-0.00038519283407367766
Georges Niang,-0.0017210415098816156,-0.007523590698838234,0.5471464991569519,2.0092241764068604,4.579505443572998,3.855695962905884,10.714118003845215,3.669844388961792,0.27939024567604065,-0.06373968720436096,1.2716972827911377,0.44897589087486267
Zeke Nnaji,0.6622947454452515,-0.021460313349962234,0.40223196148872375,0.30616143345832825,5.893933296203613,4.614316940307617,5.985428333282471,4.607702732086182,0.017468804493546486,-0.039456382393836975,0.744210958480835,-0.008319323882460594
Jaylen Nowell,0.24668672680854797,-0.012669977732002735,1.7274154424667358,1.0136895179748535,3.5303118228912354,3.7832047939300537,8.083891868591309,0.5504524111747742,1.039762020111084,-0.025478683412075043,1.248734951019287,0.6180891394615173
Jusuf Nurkić,-0.009377704001963139,-0.01741698943078518,1.4290119409561157,1.6858832836151123,2.874164342880249,5.4128923416137695,6.48187255859375,4.586733818054199,0.5918804407119751,-0.055711738765239716,-0.006602189503610134,0.6588537096977234
Josh Okogie,0.484811007976532,-0.025582091882824898,0.26652881503105164,2.014648199081421,4.81648063659668,6.629271030426025,7.584785461425781,4.0947699546813965,-0.002828262746334076,-0.05259083956480026,-0.0013531401054933667,-0.010774429887533188
Onyeka Okongwu,0.059218231588602066,-0.01265716552734375,0.2680327296257019,1.5592072010040283,2.4723916053771973,6.723665237426758,5.297040939331055,6.173633098602295,0.3225492537021637,-0.04249757528305054,0.3617774546146393,0.6611053347587585
Isaac Okoro,0.7804545760154724,-0.009854188188910484,0.3280591070652008,1.487316370010376,4.841588497161865,3.088857650756836,8.432306289672852,4.736823558807373,-0.0032143115531653166,-0.055901434272527695,0.7987387776374817,-0.0033461328130215406
Kelly Olynyk,0.16042011976242065,-0.01690055988729,1.3820255994796753,2.7818686962127686,3.249932050704956,5.513030529022217,6.783023834228516,3.6706087589263916,0.028634993359446526,-0.04726536199450493,-0.0027186076622456312,0.510068416595459
Royce O'Neale,-0.0022583166137337685,-0.018711082637310028,0.09874231368303299,3.1466009616851807,6.234801769256592,3.0351006984710693,12.411223411560059,5.883030891418457,1.1874792575836182,-0.08269907534122467,0.4219498038291931,0.45588842034339905
Kelly Oubre Jr.,0.3979782164096832,-0.0076524317264556885,-0.003323059529066086,0.2809373438358307,2.2444651126861572,4.846452236175537,7.014141082763672,4.661079406738281,-0.0009605209925211966,-0.0483284518122673,0.20441097021102905,-0.002102278172969818
Chris Paul,0.726155698299408,-0.017036058008670807,0.7830497622489929,5.949104309082031,4.92378568649292,3.3042516708374023,12.43458366394043,5.473867893218994,0.4221091568470001,-0.08168016374111176,0.2580525279045105,0.9516316652297974
Cameron Payne,0.5331476330757141,-0.010882852599024773,0.09952981024980545,3.9766764640808105,4.210407733917236,4.906092643737793,10.484455108642578,3.042116165161133,-0.0009019730496220291,-0.05998249724507332,0.5697844624519348,0.02335362136363983
Elfrid Payton,1.3327069282531738,-0.021050726994872093,0.8117890357971191,3.2527365684509277,4.018274307250977,2.0137393474578857,3.7772860527038574,1.9227339029312134,2.5909323692321777,-0.010488305240869522,-0.001910024438984692,1.2018213272094727
Julian Phillips,0.7164251804351807,-0.00911795999854803,0.324832022190094,-0.001683213864453137,4.664708614349365,3.437526226043701,8.06445598602295,4.61661958694458,-0.003413906553760171,-0.0529734343290329,0.6861715316772461,-0.005632317624986172
Jalen Pickett,0.9221819043159485,-0.013160641305148602,0.05836404860019684,3.61637544631958,5.788241386413574,3.0246505737304688,10.65176773071289,3.5660624504089355,1.253757119178772,-0.055534057319164276,1.2693030834197998,0.588760256767273
Scotty Pippen Jr.,0.4344477355480194,-0.01018316950649023,0.22696374356746674,4.094851970672607,3.154646396636963,5.214081764221191,7.467708110809326,4.408895969390869,-0.0021023449953645468,-0.05784033238887787,-0.0036327585112303495,-0.0027175575960427523
Brandin Podziemski,-0.0008100764825940132,-0.011976259760558605,0.327288955450058,3.997769355773926,3.9636552333831787,4.41010046005249,10.260758399963379,4.612522125244141,0.3770446479320526,-0.07059992849826813,0.8918968439102173,0.6762644648551941
Jakob Poeltl,0.35842952132225037,-0.01591751165688038,0.4753047823905945,2.352902889251709,2.83046293258667,7.442329406738281,3.3231139183044434,5.745881080627441,0.7357001900672913,-0.023633964359760284,-0.00131604028865695,1.2152937650680542
Jordan Poole,0.651574432849884,-0.009814541786909103,0.5453155040740967,3.492467164993286,1.1746522188186646,6.068843841552734,12.171520233154297,4.068474769592285,-7.970289880177006e-05,-0.07058502733707428,-0.0052769067697227,-0.003890506224706769
Craig Porter Jr.,0.9538956880569458,-0.014248250052332878,0.7636612057685852,3.0593020915985107,4.221251964569092,4.758790969848633,6.9521565437316895,3.201154947280884,0.6155215501785278,-0.04056941717863083,0.3489333391189575,0.09156081825494766
Kevin Porter Jr.,0.0041127884760499,-0.007915566675364971,-0.0005603607860393822,2.88285493850708,2.2788963317871094,5.899211883544922,8.241048812866211,3.366316318511963,0.20630881190299988,-0.06048266589641571,-0.003842720063403249,-0.0004433629219420254
Michael Porter Jr.,0.013861562125384808,-0.009051615372300148,0.4060589373111725,1.3228918313980103,1.6845766305923462,5.437004089355469,10.546045303344727,6.33650541305542,0.8147872686386108,-0.06898859143257141,0.763873279094696,0.43326523900032043
Bobby Portis,-0.007716070860624313,-0.019717207178473473,0.42069241404533386,2.158518075942993,3.531040906906128,6.906110763549805,8.629989624023438,4.56978702545166,1.1972004175186157,-0.05690203607082367,0.8622275590896606,0.7859524488449097
Kristaps Porziņģis,-0.005043513607233763,-0.029761936515569687,1.1380780935287476,2.893214464187622,3.1773269176483154,8.727435111999512,10.312578201293945,6.306870937347412,0.04172758385539055,-0.07480738312005997,0.10330203920602798,-0.004125863313674927
Quinten Post,-0.00537326792255044,-0.022276395931839943,0.5678949356079102,2.1287286281585693,5.164443016052246,4.9700236320495605,10.916074752807617,4.8779120445251465,1.0230885744094849,-0.07280439138412476,0.4504895508289337,0.3109394311904907
Micah Potter,0.08368294686079025,-0.02267068810760975,1.5749231576919556,0.9945671558380127,6.311975479125977,1.728900671005249,10.319241523742676,5.291444778442383,1.2910583019256592,-0.06915882229804993,0.4908354580402374,0.43646442890167236
Norman Powell,0.7377586960792542,-0.005101278889924288,0.06782820075750351,2.9246795177459717,1.1452463865280151,6.605193614959717,10.205183982849121,4.523909568786621,-0.007896844297647476,-0.06385437399148941,0.9725823402404785,-0.00806846097111702
Taurean Prince,0.5399635434150696,-0.009169184602797031,0.06256360560655594,2.1724915504455566,4.7156572341918945,1.6443911790847778,10.51984977722168,5.507431983947754,0.1386765092611313,-0.07515987008810043,0.6464856266975403,0.347316712141037
Payton Pritchard,0.25451207160949707,-0.01412141788750887,0.44523900747299194,5.535899639129639,5.355935573577881,5.755565643310547,12.83923625946045,5.453135013580322,0.7660946846008301,-0.07709309458732605,1.6913433074951172,0.04326718673110008
Olivier-Maxence Prosper,0.559929609298706,-0.014105376787483692,0.5332416892051697,0.9615918397903442,3.6252636909484863,4.959769248962402,5.946884632110596,3.553541421890259,-0.002090137219056487,-0.03908756002783775,0.748647928237915,0.06009143590927124
Trevelin Queen,0.5538566708564758,-0.020540723577141762,-0.0013006917433813214,2.284472942352295,5.96432638168335,4.52960729598999,8.641640663146973,3.040609359741211,0.31264954805374146,-0.05525363236665726,-0.0023255341220647097,-0.013673663139343262
Immanuel Quickley,0.7068732380867004,-0.016316113993525505,1.0830998420715332,4.488259792327881,2.1494319438934326,6.654896259307861,11.018919944763184,3.571418523788452,-0.00281103840097785,-0.0639556273818016,0.5979243516921997,0.6498384475708008
Lester Quiñones,0.4231930673122406,-0.009143313392996788,1.4443018436431885,1.8242892026901245,3.2472360134124756,4.631841659545898,8.680229187011719,0.3404425382614136,0.530979573726654,-0.02887081354856491,0.8119578957557678,0.42944973707199097
Julius Randle,0.08173376321792603,-0.004949949681758881,1.2034767866134644,2.993482828140259,0.46754658222198486,6.096048355102539,8.400734901428223,5.25261926651001,0.1392933875322342,-0.06241252273321152,0.0834612026810646,0.5649447441101074
Duop Reath,0.138592928647995,-0.02291877381503582,1.043764591217041,1.4802803993225098,5.999695777893066,5.635428428649902,9.902798652648926,3.9164907932281494,0.8938443660736084,-0.05518204718828201,0.7492338418960571,-0.0019880570471286774
Austin Reaves,0.6257813572883606,-0.008714583702385426,1.074187159538269,4.6460957527160645,1.4931551218032837,5.978062152862549,11.184898376464844,5.276949405670166,-0.0025565943215042353,-0.07234157621860504,0.3751288950443268,0.22479674220085144
Cam Reddish,1.0702029466629028,-0.017130296677350998,0.5016492605209351,1.1229960918426514,6.799386978149414,1.8449859619140625,7.3276166915893555,4.00008487701416,-0.004720254335552454,-0.04892190173268318,0.6169846057891846,-0.009818319231271744
Paul Reed,-0.00047063507372513413,-0.03214283287525177,0.04380970448255539,2.767899751663208,6.527158737182617,7.995450496673584,4.66898250579834,3.8770699501037598,0.06102544814348221,-0.04282548651099205,-0.005317349918186665,-0.012603097595274448
Antonio Reeves,1.022985577583313,-0.007273404393345118,0.08101509511470795,1.3531243801116943,3.2817025184631348,4.590829372406006,9.913386344909668,2.9270594120025635,0.511385977268219,-0.04669535160064697,1.0656061172485352,-0.001978369662538171
Jared Rhoden,0.5404894948005676,-0.023243498057127,0.5923085808753967,1.9039554595947266,4.204469680786133,7.625181674957275,7.199256896972656,2.6089043617248535,-0.0035208803601562977,-0.03582693263888359,0.9458153247833252,-0.0027832016348838806
Josh Richardson,1.182108998298645,-0.02102692797780037,0.9826338887214661,2.0664615631103516,7.613097667694092,1.3374626636505127,8.99494743347168,0.7875968217849731,0.6103070974349976,-0.0429769791662693,0.321075439453125,-0.010650944896042347
Zaccharie Risacher,0.5008026361465454,-0.005627811886370182,-0.0005936617380939424,-0.004499985370784998,1.441265344619751,4.382163047790527,8.705347061157227,4.593916893005371,0.4342253506183624,-0.052205927670001984,0.3238607943058014,-0.0023061223328113556
Duncan Robinson,0.6184716820716858,-0.004799105226993561,0.17000636458396912,2.562708854675293,3.3725745677948,3.3229002952575684,12.32654857635498,4.612381935119629,0.2678702771663666,-0.07344827800989151,0.7032748460769653,0.4290579557418823
Jeremiah Robinson-Earl,0.24392247200012207,-0.015018331818282604,0.4432995319366455,1.2880970239639282,4.070888996124268,4.2764668464660645,8.280364036560059,4.572901248931885,1.1177210807800293,-0.051846086978912354,0.8760438561439514,0.8099048137664795
Orlando Robinson,-0.0010814815759658813,-0.013861955143511295,1.2936670780181885,0.8209015130996704,3.0600056648254395,5.054376602172852,5.654351234436035,3.4948832988739014,0.5999339818954468,-0.03909705951809883,0.17128106951713562,0.5651233196258545
Ryan Rollins,0.47409936785697937,-0.014142017811536789,-0.0008330402197316289,2.900696277618408,4.152957439422607,4.840163230895996,8.483745574951172,3.804501533508301,0.24335186183452606,-0.05463182181119919,0.04040110856294632,-0.002212212886661291
Terry Rozier,0.23786401748657227,-0.005354258697479963,0.6348710656166077,1.8414669036865234,2.3879425525665283,3.364225387573242,9.563641548156738,3.3943018913269043,0.11688897758722305,-0.05794388800859451,0.827372133731842,0.8229281902313232
D'Angelo Russell,0.48773282766342163,-0.01247445959597826,0.8567528128623962,4.185084342956543,2.703333616256714,4.720610618591309,11.215047836303711,3.3427820205688477,-0.0013435169821605086,-0.06700937449932098,-0.0008866926655173302,0.33826249837875366
Matt Ryan,-0.005386898294091225,-0.004941985476762056,0.4254322946071625,1.1945173740386963,3.7495808601379395,2.9402403831481934,10.915911674499512,0.5648021697998047,0.6472042202949524,-0.04691476374864578,1.3652470111846924,0.049068961292505264
Domantas Sabonis,-0.0032520247623324394,-0.004114124923944473,1.099647879600525,4.438485145568848,0.8723759651184082,7.802853584289551,5.854465961456299,6.894502639770508,0.7137860059738159,-0.05510539561510086,0.3743409514427185,0.9168728590011597
Tidjane Salaün,-0.00278534647077322,-0.012692812830209732,1.4535627365112305,0.36634859442710876,4.179774761199951,1.9567060470581055,9.9376859664917,4.105088233947754,0.2138889729976654,-0.0703384205698967,0.028459874913096428,0.42044690251350403
Gui Santos,0.15049415826797485,-0.020366890355944633,1.0467113256454468,2.2363107204437256,5.903256416320801,3.817650556564331,8.832694053649902,4.1397576332092285,0.7879419326782227,-0.06264269351959229,0.17672091722488403,0.10423281043767929
Dario Šarić,-0.0023278328590095043,-0.014558452181518078,1.4590269327163696,2.1939735412597656,5.005861282348633,2.51631760597229,7.320226192474365,1.9155024290084839,0.9255995750427246,-0.04403892904520035,0.3551828861236572,0.6592071652412415
Alex Sarr,-0.005380343180149794,-0.016156865283846855,0.7220338582992554,0.06714273244142532,2.050976037979126,4.461850643157959,8.997774124145508,5.005004405975342,1.1748100519180298,-0.062370963394641876,-0.00517441937699914,0.3518422842025757
Marcus Sasser,1.0528424978256226,-0.011011184193193913,0.11881469935178757,3.9766056537628174,4.420991897583008,5.4717817306518555,10.048497200012207,2.239152669906616,0.16496463119983673,-0.05249638110399246,0.7916127443313599,-0.0015207246178761125
Baylor Scheierman,0.2125232070684433,-0.0242947768419981,0.7835204601287842,3.1260933876037598,7.361870288848877,3.201322317123413,11.59848403930664,3.5047926902770996,0.6808052062988281,-0.07202677428722382,0.6226488947868347,0.016405170783400536
Dennis Schröder,0.8151107430458069,-0.0044646961614489555,0.8315585255622864,3.5358879566192627,1.947231411933899,4.191263198852539,10.213128089904785,3.0758275985717773,-0.0058990055695176125,-0.0604419931769371,0.22785308957099915,0.6713759303092957
Alperen Şengün,-0.0017813470913097262,-0.005312484223395586,0.7612204551696777,3.890414237976074,0.6329105496406555,7.631575584411621,5.201801300048828,6.105813503265381,0.05834117904305458,-0.05137404426932335,-0.005734049715101719,0.4656016230583191
Brice Sensabaugh,0.24395418167114258,-0.008475948125123978,0.1589048206806183,2.2736763954162598,3.0974271297454834,4.6591620445251465,11.570242881774902,4.139914035797119,0.8549149036407471,-0.06779893487691879,0.4389977753162384,0.10301057994365692
Collin Sexton,1.3126847743988037,-0.002070519607514143,0.5905835032463074,3.028670310974121,0.008275909349322319,6.596957683563232,8.860512733459473,3.0985171794891357,-0.00011375762551324442,-0.04189874976873398,0.5750046372413635,0.1248176097869873
Landry Shamet,0.9115004539489746,-0.008008421398699284,-0.0036067881155759096,1.444314956665039,5.935492992401123,3.5630440711975098,10.873312950134277,3.0409493446350098,0.19727763533592224,-0.05900589004158974,1.5720398426055908,-0.006018499378114939
Terrence Shannon Jr.,0.46212783455848694,-0.007250857073813677,0.49270179867744446,1.485004186630249,3.3891773223876953,5.085389137268066,5.607627868652344,2.424412965774536,-0.0009308648877777159,-0.030392173677682877,1.3255324363708496,0.4656040072441101
Day'Ron Sharpe,0.07264585047960281,-0.024396779015660286,0.6230576038360596,1.8570221662521362,4.155009746551514,8.32226848602295,3.7100250720977783,4.324919700622559,1.08744478225708,-0.024455539882183075,-0.0014359186170622706,0.3087981343269348
Shaedon Sharpe,0.32490915060043335,-0.0015424061566591263,0.1286420226097107,1.4319038391113281,0.5483685731887817,5.25362491607666,10.350532531738281,4.558015823364258,0.30177217721939087,-0.06548614054918289,0.2476300746202469,0.052439529448747635
Jamal Shead,1.1566649675369263,-0.0013799582375213504,-0.00028340937569737434,2.3958091735839844,2.900609254837036,3.0321221351623535,8.856002807617188,2.5704100131988525,0.34934017062187195,-0.04875975847244263,-0.0020359805785119534,0.32354220747947693
Ben Sheppard,0.437573105096817,-0.013675730675458908,0.4089944064617157,1.9423333406448364,6.449491500854492,2.109745502471924,10.106762886047363,4.735809803009033,0.018036052584648132,-0.06752601265907288,1.0827324390411377,0.3253641426563263
Reed Sheppard,0.03958762064576149,-0.01532893069088459,-0.0011501461267471313,2.918410062789917,6.053229331970215,2.9224164485931396,10.69713020324707,3.116950273513794,0.746061384677887,-0.06714604049921036,-0.000988662475720048,-0.0054654874838888645
Pascal Siakam,0.12874183058738708,-0.0073790173046290874,0.3747672140598297,2.782562255859375,1.0743064880371094,6.811233043670654,8.509733200073242,5.920019149780273,0.24170073866844177,-0.05899332836270332,0.6829899549484253,0.31766021251678467
Anfernee Simons,0.9259052872657776,-0.000553231337107718,0.08893655985593796,3.25761342048645,0.9086579084396362,5.001628398895264,11.699609756469727,4.309931755065918,-0.00011691144754877314,-0.06731470674276352,0.4801711142063141,-0.00011173523671459407
KJ Simpson,0.5277005434036255,-0.005488111171871424,0.4748372435569763,1.625599980354309,3.0403177738189697,2.6492979526519775,8.514948844909668,2.308103084564209,0.5885096192359924,-0.046445220708847046,-0.00127477350179106,0.24745281040668488
Marcus Smart,0.8440354466438293,-0.018143780529499054,0.6634906530380249,3.555835008621216,4.28628396987915,4.606069564819336,9.93118667602539,2.328712224960327,0.04504024609923363,-0.05584196373820305,-0.0010875731240957975,-0.0030892533250153065
Jalen Smith,-0.009324911050498486,-0.02722025290131569,1.5031169652938843,1.5311554670333862,4.4106855392456055,7.360927104949951,9.40843391418457,5.419493675231934,0.9298146367073059,-0.06510674208402634,0.5770270824432373,0.5841072201728821
Jabari Smith Jr.,-0.004594269208610058,-0.011961124837398529,1.3000743389129639,0.7063657641410828,3.3881938457489014,4.003807544708252,9.820914268493652,5.815521240234375,0.03238914906978607,-0.07288528978824615,0.6944931745529175,0.19001531600952148
Nick Smith Jr.,0.44618111848831177,0.17024698853492737,0.3983762860298157,1.3356150388717651,1.9029862880706787,2.481121063232422,11.353133201599121,2.9262826442718506,0.5985369682312012,-0.05971687287092209,0.7572534680366516,0.85588538646698
Tyler Smith,-0.0026484723202884197,-0.03020455688238144,1.2136958837509155,1.386599063873291,5.483502388000488,7.115558624267578,9.955636978149414,2.902372360229492,1.2148022651672363,-0.04940773546695709,0.6785579919815063,-0.005901906173676252
Jeremy Sochan,0.41581204533576965,-0.010691015049815178,0.19398947060108185,0.921734631061554,1.9664188623428345,6.061363697052002,4.802618980407715,4.628520965576172,0.5986807942390442,-0.03227328136563301,0.18327420949935913,0.4561421871185303
Cam Spencer,1.1692060232162476,-0.02406749129295349,1.2139036655426025,3.691606044769287,6.263362884521484,5.679600238800049,10.730599403381348,2.9298577308654785,-0.00409444747492671,-0.05848277732729912,1.2052345275878906,0.38260218501091003
Pat Spencer,0.2776922881603241,-0.011812799610197544,-0.0014125896850600839,2.9699349403381348,4.354589939117432,5.364985466003418,5.216055393218994,1.5984019041061401,0.8169863820075989,-0.03264155611395836,0.2357690930366516,0.05613727495074272
Jaden Springer,0.44006818532943726,-0.01677411049604416,0.945594310760498,2.294490098953247,6.033543109893799,3.9063429832458496,8.741354942321777,2.9424216747283936,-0.0063486951403319836,-0.061497244983911514,-0.0019950796850025654,-0.004244102165102959
Isaiah Stewart,-0.000706494611222297,-0.016681935638189316,1.5679287910461426,1.4553167819976807,4.747644424438477,4.7771687507629395,3.7597222328186035,5.296828269958496,0.4327723979949951,-0.03514182195067406,0.5116019248962402,0.4506117105484009
Julian Strawther,0.549761176109314,-0.00585526879876852,0.27932319045066833,0.6808101534843445,3.6538853645324707,3.552121639251709,10.06973648071289,2.95038104057312,-0.004079825710505247,-0.05727933347225189,0.4733094573020935,-0.001797263277694583
Jalen Suggs,-0.002206675708293915,-0.017289556562900543,0.7975641489028931,3.231044054031372,3.052295207977295,5.32366943359375,10.555930137634277,3.40814471244812,0.01713648810982704,-0.07052119821310043,-0.008987873792648315,-0.004344450309872627
Cole Swider,-0.0010168225271627307,-0.022585522383451462,0.22233210504055023,0.5742889046669006,8.224468231201172,2.605804204940796,12.551641464233398,2.302504539489746,1.8913583755493164,-0.057808347046375275,1.5245420932769775,-0.007363039068877697
Jayson Tatum,-0.008758950978517532,-0.00914770271629095,0.901768684387207,5.301351070404053,0.6045680046081543,7.3522138595581055,11.622589111328125,6.593410491943359,-1.9594631339714397e-06,-0.09008023887872696,0.13070130348205566,-0.0016356036067008972
Garrett Temple,0.5645865201950073,-0.01731662079691887,0.7529695630073547,3.1919474601745605,6.728494167327881,3.0936765670776367,7.490891456604004,1.480028510093689,-0.005183633882552385,-0.047669146209955215,0.12377636879682541,-0.004550563637167215
Dalen Terry,0.7730739712715149,-0.005698428489267826,0.2528466582298279,1.0816994905471802,3.7935991287231445,3.2120306491851807,6.456073760986328,3.1067302227020264,-0.002683048602193594,-0.04146704077720642,0.053842298686504364,-0.004110745619982481
Daniel Theis,0.16495098173618317,-0.021958082914352417,1.513762354850769,1.3549448251724243,4.986538887023926,3.991483211517334,5.882390022277832,4.381289482116699,0.39606401324272156,-0.04133110120892525,0.42392584681510925,0.8113278150558472
Cam Thomas,0.9243863821029663,-0.013546453788876534,1.3083943128585815,3.5750508308410645,0.6256999373435974,7.9614152908325195,10.784749031066895,2.2441306114196777,-0.0024730563163757324,-0.04908602684736252,1.0634961128234863,0.37068772315979004
Amen Thompson,0.09446495026350021,-0.010796585120260715,0.14483202993869781,3.371367931365967,2.454247236251831,6.063727855682373,4.748859405517578,6.493492126464844,0.08615203946828842,-0.04968922585248947,-0.0025896686129271984,-0.001579886768013239
Ausar Thompson,0.41117408871650696,-0.012474383227527142,-0.0064727989956736565,2.044255256652832,2.688323974609375,6.1799774169921875,3.3381075859069824,5.100094318389893,-0.0021479406859725714,-0.035015761852264404,-0.0055580162443220615,-0.005006670020520687
Klay Thompson,0.27851754426956177,-0.010363725945353508,0.2363438606262207,2.4234066009521484,2.9156012535095215,3.8433988094329834,12.663230895996094,4.992349624633789,0.9618821740150452,-0.0741954892873764,0.9306807518005371,0.3873451352119446
JT Thor,0.5508164167404175,-0.025348832830786705,1.8100955486297607,-9.754450002219528e-05,5.9919843673706055,4.538235664367676,7.214606285095215,2.8936026096343994,0.552328884601593,-0.03241587057709694,0.8615526556968689,-0.005902678705751896
Drew Timme,-0.0036867696326225996,-0.01510002464056015,0.9974139332771301,0.5329107642173767,3.317497730255127,5.151028633117676,7.033646106719971,1.6044716835021973,1.4427058696746826,-0.030075229704380035,1.2336885929107666,0.9565404057502747
Obi Toppin,-0.0010011771228164434,-0.013673783279955387,0.1857534497976303,2.1766154766082764,3.1868505477905273,6.460474014282227,9.405921936035156,5.4462971687316895,0.44763046503067017,-0.06477503478527069,0.6748195886611938,-0.0006600378546863794
Karl-Anthony Towns,-0.0055852471850812435,-0.01088416576385498,0.8068104386329651,3.231442928314209,0.7993404269218445,8.741070747375488,7.750058650970459,6.6635942459106445,0.5170133709907532,-0.06121520325541496,0.07731941342353821,0.36043623089790344
Gary Trent Jr.,0.7766139507293701,-0.008373860269784927,-0.0005425999406725168,2.2529499530792236,4.907016754150391,3.78375244140625,12.02568244934082,4.0989837646484375,-0.006183716468513012,-0.0719129666686058,1.3626949787139893,-0.003725647460669279
Myles Turner,-0.005050920881330967,-0.020639974623918533,1.3141173124313354,1.451354742050171,3.0937929153442383,5.341921806335449,10.13072395324707,6.490683555603027,0.4002092182636261,-0.07641507685184479,-0.0014491970650851727,-0.0014045506250113249
Hunter Tyson,-0.0005393516039475799,-0.012791935354471207,1.1983705759048462,0.44214844703674316,5.217586994171143,3.26629376411438,9.836525917053223,3.5364115238189697,0.3710227906703949,-0.06096908077597618,0.39704373478889465,0.12629558145999908
Jaylon Tyson,-9.959125236491673e-06,-0.0076332977041602135,0.4247059226036072,1.57318913936615,3.980245590209961,4.181442737579346,6.936551570892334,2.922818899154663,0.6219847202301025,-0.04468471556901932,0.6341431736946106,0.1923845261335373
Jonas Valančiūnas,-0.0008119961712509394,-0.012480487115681171,0.9849392771720886,1.9385143518447876,1.875119924545288,8.19129753112793,4.988925457000732,5.212704181671143,0.9017468094825745,-0.03519034758210182,-0.001689411699771881,1.4301867485046387
Fred VanVleet,0.41773077845573425,-0.012034652754664421,0.590004563331604,4.682690620422363,4.266848564147949,3.35603666305542,11.895499229431152,4.584494590759277,-0.004971722140908241,-0.08045459538698196,0.35493889451026917,0.026551641523838043
Devin Vassell,0.4270501732826233,-0.010266312398016453,-0.005113125778734684,1.8039556741714478,2.307736873626709,4.751471519470215,10.876029968261719,4.829696178436279,0.5461137890815735,-0.06771759688854218,0.29131022095680237,-0.0011157906847074628
Gabe Vincent,1.195846676826477,-0.009780578315258026,-0.0023232162930071354,2.0404915809631348,6.394546031951904,1.4475053548812866,11.547513961791992,3.671211004257202,0.1497763991355896,-0.06587743014097214,1.118009328842163,-0.005635300651192665
Nikola Vučević,-0.00435111066326499,-0.012907680124044418,0.5185847878456116,3.621004343032837,2.2490813732147217,6.879136562347412,8.316450119018555,6.341917037963867,1.1335667371749878,-0.060475144535303116,1.0191338062286377,0.9159613847732544
Tristan Vukcevic,-0.004834551364183426,-0.027547048404812813,1.3494760990142822,1.605991005897522,3.698195457458496,7.946657180786133,9.120625495910645,3.4808154106140137,0.8918612003326416,-0.05375885218381882,0.1416187733411789,0.07075445353984833
Dean Wade,0.07890364527702332,-0.021318206563591957,0.6907148361206055,2.361513137817383,7.489566326141357,1.7012888193130493,11.697757720947266,6.407447338104248,0.4945817291736603,-0.08801396936178207,0.5438787341117859,0.29339179396629333
Franz Wagner,0.10720193386077881,-0.005617693066596985,0.1611340045928955,3.806974411010742,0.39693111181259155,7.602504730224609,8.561447143554688,4.854010105133057,-0.0030264356173574924,-0.06063511222600937,0.29570910334587097,-0.0014671949902549386
Moritz Wagner,0.16145344078540802,-0.02417510747909546,0.629898190498352,2.641965627670288,3.1453542709350586,10.407828330993652,6.0636773109436035,3.523054599761963,-0.0008963841246441007,-0.037863023579120636,0.2786718010902405,-0.006134668365120888
Jabari Walker,-0.0025694426149129868,-0.013728678226470947,0.2685798108577728,1.1210887432098389,4.316577434539795,6.311384677886963,5.705136775970459,3.7355008125305176,-0.0014722219202667475,-0.044120218604803085,0.7621060013771057,-0.0015787972370162606
Jarace Walker,-0.0022679788526147604,-0.013518444262444973,0.07179220765829086,1.9893779754638672,4.585830211639404,3.7228925228118896,9.378049850463867,4.374375820159912,0.4392127990722656,-0.07095823436975479,-0.003478783881291747,-0.0009687456185929477
Lonnie Walker IV,0.30681782960891724,-0.01820984296500683,0.6772744655609131,2.1153552532196045,3.344691276550293,5.253987789154053,11.60513973236084,2.982851982116699,0.8390103578567505,-0.05853089317679405,0.6700282692909241,0.5066114664077759
Cason Wallace,0.692741334438324,-0.008967679925262928,-0.009662965312600136,2.7256534099578857,5.072944641113281,2.8344056606292725,7.433423042297363,5.621099472045898,0.3499053418636322,-0.05838552489876747,0.7157825231552124,-0.007503560744225979
Keaton Wallace,0.6492450833320618,-0.012840911746025085,-0.0008877873187884688,3.2323434352874756,5.41046667098999,2.9660863876342773,9.863360404968262,2.8859171867370605,0.8417385220527649,-0.0569777749478817,-0.00011205337796127424,-0.0013225349830463529
Ja'Kobe Walter,0.5225462913513184,-0.008002596907317638,0.21764159202575684,1.0236362218856812,3.2993853092193604,3.7467422485351562,8.850226402282715,3.6382405757904053,0.09638752043247223,-0.05549637973308563,0.265855610370636,-0.0015528040239587426
Kel'el Ware,-0.0057368893176317215,-0.01620379462838173,-0.00178033288102597,0.49943211674690247,3.526374578475952,6.123958587646484,5.732511520385742,6.4362969398498535,1.2464474439620972,-0.047908440232276917,0.5536630749702454,0.4301742613315582
P.J. Washington,-0.0031078543979674578,-0.013934807851910591,0.6997324228286743,1.2080564498901367,2.358982801437378,4.68562650680542,7.6437835693359375,5.064929962158203,0.2637128531932831,-0.05921800062060356,-0.0016761563019827008,0.1713165044784546
TyTy Washington Jr.,0.5444217324256897,-0.007291943766176701,0.7949196696281433,1.6359772682189941,4.447469234466553,2.8670005798339844,9.451022148132324,0.44429439306259155,1.1851478815078735,-0.0372241772711277,1.2796800136566162,0.8171999454498291
Lindy Waters III,0.04298103228211403,-0.015952883288264275,0.026182694360613823,1.872485637664795,6.6717209815979,2.029367685317993,12.319117546081543,4.528018951416016,0.8107945322990417,-0.07947459816932678,0.5816413164138794,-0.0016148851718753576
Trendon Watford,0.25596708059310913,-0.006035809405148029,1.0559824705123901,1.5860555171966553,1.685747504234314,5.449192523956299,6.142477035522461,2.2729713916778564,-0.0009934105910360813,-0.035666149109601974,-0.0006620901403948665,0.45178934931755066
Peyton Watson,0.5556500554084778,-0.01265249028801918,0.607776403427124,0.29527536034584045,3.512660264968872,3.6825335025787354,6.294304847717285,5.0694122314453125,-0.0029935967177152634,-0.04443221911787987,0.32944709062576294,-0.0025428058579564095
Jaylen Wells,0.668426513671875,-0.002738124458119273,0.4749371111392975,1.025368094444275,2.7664387226104736,2.7843639850616455,10.704000473022461,5.133561611175537,-0.000756297551561147,-0.07095535099506378,0.7135308384895325,0.28331732749938965
Victor Wembanyama,-0.01661740057170391,-0.03397735580801964,1.3034729957580566,4.28108549118042,3.385688066482544,8.693110466003418,10.935855865478516,7.213782787322998,1.436902642250061,-0.08825752139091492,-0.005625996273010969,-0.0031525837257504463
Blake Wesley,1.4770163297653198,-0.005832600872963667,0.231063112616539,1.9525986909866333,3.3167035579681396,3.760763168334961,5.897034168243408,1.6622403860092163,0.0799214094877243,-0.030300619080662727,-0.00032290982198901474,-0.0017430256120860577
Russell Westbrook,0.33427342772483826,-0.009809557348489761,0.4124969244003296,2.7618408203125,1.479508399963379,4.802661418914795,7.7310919761657715,3.938758373260498,0.6894164085388184,-0.053023092448711395,-0.009612335823476315,0.24013733863830566
Coby White,0.7621133923530579,-0.004284226335585117,0.6499797105789185,3.0107669830322266,0.9178938865661621,5.348553657531738,10.964089393615723,4.28782844543457,-0.0037935669533908367,-0.06550123542547226,0.3968958854675293,0.4125664234161377
Dariq Whitehead,0.20586204528808594,-0.017331795766949654,0.36302947998046875,1.8005316257476807,6.450814723968506,3.7470719814300537,12.161179542541504,2.231990098953247,1.2726848125457764,-0.05723606422543526,0.7553853988647461,-0.0046854205429553986
Derrick White,0.053402129560709,-0.015559418126940727,1.1781638860702515,5.0883941650390625,3.735558032989502,4.444875717163086,12.970759391784668,6.861414432525635,0.49240726232528687,-0.08894867449998856,0.2513407766819,0.019749365746974945
Cam Whitmore,-0.0004949106369167566,-0.013636121526360512,-0.0016616345383226871,1.3786205053329468,2.9703028202056885,6.475044250488281,9.188514709472656,3.9453585147857666,0.5941252708435059,-0.05728208273649216,0.547257125377655,-0.005229692906141281
Aaron Wiggins,0.2923601269721985,-0.00833684392273426,-0.0037460317835211754,2.437401294708252,2.8048551082611084,5.535965919494629,9.06023120880127,5.279679298400879,0.6006565690040588,-0.05869101360440254,1.1378886699676514,-0.00017840594227891415
Andrew Wiggins,0.43548810482025146,-0.011781402863562107,0.6469563841819763,2.0683770179748535,1.5260025262832642,5.954354763031006,9.490808486938477,5.191309928894043,0.16326379776000977,-0.06172795221209526,0.19944189488887787,-0.004125422332435846
Brandon Williams,1.1988343000411987,-0.02012523077428341,0.5104103684425354,3.8807077407836914,3.242311716079712,8.010351181030273,7.402438163757324,2.350161075592041,-0.0018315818160772324,-0.03651837632060051,0.5891709327697754,0.10174696147441864
Cody Williams,0.7683733105659485,-0.005496617406606674,0.8265977501869202,0.15505075454711914,4.194815635681152,0.09171779453754425,8.998886108398438,3.2674388885498047,-7.002785423537716e-05,-0.05147148668766022,0.5740981101989746,-0.0008880096720531583
Grant Williams,0.20633144676685333,-0.027931800112128258,1.8158619403839111,2.4446938037872314,5.849166393280029,4.064977169036865,9.87631607055664,3.5969462394714355,0.04367900267243385,-0.06136729568243027,-0.001543507445603609,-0.0001867871469585225
Jalen Williams,0.18539783358573914,-0.009048163890838623,0.021507013589143753,4.422271251678467,1.212549090385437,7.0754313468933105,8.905485153198242,5.8131818771362305,-0.0005573930102400482,-0.06701219081878662,-0.00011736548913177103,-0.004017573781311512
Jaylin Williams,-0.009318273514509201,-0.03339499980211258,1.528456449508667,4.138308525085449,7.300021648406982,4.644697189331055,10.969208717346191,6.358682632446289,1.0323114395141602,-0.09082555770874023,0.010891301557421684,0.8227503299713135
Kenrich Williams,-0.0013644697610288858,-0.011946333572268486,-0.00104758411180228,2.5234837532043457,5.0839009284973145,4.525669574737549,8.78819751739502,4.73413610458374,0.5258582830429077,-0.06300480663776398,0.8708043694496155,0.14836536347866058
Patrick Williams,0.27375656366348267,-0.008891086094081402,0.42959389090538025,0.8418127298355103,3.199486017227173,2.24079966545105,9.862422943115234,4.398125648498535,0.5674713253974915,-0.065253846347332,-0.00017109363398049027,0.3041481673717499
Robert Williams,0.48763054609298706,-0.03639505058526993,0.3826298117637634,1.6429206132888794,6.062440872192383,7.80762243270874,1.79484224319458,5.0378546714782715,1.042168378829956,-0.006429187022149563,0.3099810779094696,0.6658185720443726
Vince Williams Jr.,-0.0017747554229572415,-0.014079555869102478,1.2084475755691528,2.234820604324341,4.679728984832764,2.981642246246338,9.425573348999023,2.9566683769226074,0.7487118244171143,-0.05864882469177246,0.3398396372795105,0.6162176132202148
Zion Williamson,1.3101187944412231,-0.023535942658782005,-0.0024394236970692873,4.035337448120117,0.9182409048080444,11.938801765441895,4.145145893096924,4.578129291534424,-0.0016327115008607507,-0.02079467661678791,-0.009046503342688084,0.7910120487213135
Ziaire Williams,-0.0011837967904284596,-0.013047652319073677,0.4368754029273987,0.695862352848053,3.4351704120635986,3.7745070457458496,9.719623565673828,5.0179266929626465,-0.001217076787725091,-0.07098967581987381,-0.0025756072718650103,-0.0008892093319445848
Jalen Wilson,0.5115371942520142,-0.004453732166439295,1.190841794013977,1.5357457399368286,3.220186948776245,2.904829502105713,10.005300521850586,3.5099668502807617,-0.006347728427499533,-0.06180987134575844,0.904439389705658,0.6787725687026978
Isaiah Wong,0.8542707562446594,-0.008845922537147999,0.7508352398872375,1.8445333242416382,3.36373233795166,5.321387767791748,7.746454238891602,0.6150479912757874,0.08708663284778595,-0.035055823624134064,0.5206888318061829,-0.004075004253536463
Delon Wright,1.386012077331543,-0.022856172174215317,0.6474562287330627,3.3411271572113037,6.5825018882751465,2.211354970932007,8.043477058410645,3.3900299072265625,0.44093215465545654,-0.048891790211200714,0.5919979214668274,-0.003272679168730974
Guerschon Yabusele,0.33718299865722656,-0.012903515249490738,0.5823605060577393,1.410072922706604,2.9479568004608154,4.814485549926758,8.95864486694336,5.537980556488037,0.6481783390045166,-0.05985713750123978,0.20862700045108795,0.3303339183330536
Trae Young,1.4550542831420898,-0.007760926149785519,1.3198645114898682,5.655820369720459,-0.001054671360179782,6.446027755737305,11.484940528869629,3.312894105911255,-0.0009544614003971219,-0.058719225227832794,0.13643783330917358,0.6210147738456726
