Rk,Player,Age,Team,Pos,G,GS,MP,FG,FGA,FG%,3P,3PA,3P%,2P,2PA,2P%,eFG%,FT,FTA,FT%,ORB,DRB,TRB,AST,STL,BLK,TOV,PF,PTS,Awards,Player-additional,PER,TS%,3PAr,FTr,ORB%,DRB%,TRB%,AST%,STL%,BLK%,TOV%,USG%,OWS,DWS,WS,WS/48,OBPM,DBPM,BPM,VORP
1,Bradley Beal,25,WAS,SG,82,82,3028,9.1,19.1,0.475,2.5,7.1,0.351,6.6,12.0,0.548,0.54,4.3,5.3,0.808,1.1,3.8,4.9,5.3,1.4,0.7,2.7,2.7,25.0,AS,bealbr01,20.8,0.581,0.37,0.278,3.1,11.7,7.4,24.1,1.9,1.6,11.0,28.4,5.9,1.7,7.6,0.12,3.8,-0.8,2.9,3.7
2,James Harden,29,HOU,PG,78,78,2867,10.6,24.0,0.442,4.7,12.9,0.368,5.8,11.1,0.528,0.541,9.5,10.8,0.879,0.8,5.7,6.5,7.4,2.0,0.7,4.9,3.1,35.4,MVP-2ASNBA1,hardeja01,30.6,0.616,0.539,0.449,2.5,17.8,10.0,39.5,2.7,1.7,14.5,40.5,11.4,3.8,15.2,0.254,9.4,1.6,11.0,9.3
3,Kemba Walker,28,CHO,PG,82,82,2863,9.2,21.2,0.434,3.3,9.2,0.356,5.9,12.0,0.494,0.511,4.8,5.7,0.844,0.7,3.9,4.5,6.1,1.3,0.4,2.7,1.6,26.4,ASNBA3,walkeke02,21.7,0.558,0.434,0.267,1.9,11.9,6.8,29.4,1.7,1.0,10.1,31.5,5.5,1.9,7.4,0.123,5.2,-1.0,4.2,4.4
4,Tobias Harris,26,2TM,PF,82,82,2847,7.7,15.9,0.487,2.0,5.0,0.397,5.8,10.9,0.528,0.549,3.4,3.9,0.866,0.9,7.3,8.2,2.9,0.6,0.5,1.9,2.3,20.8,,harrito02,17.2,0.592,0.313,0.245,2.6,20.8,12.0,12.5,0.8,1.0,9.8,22.8,4.5,2.6,7.1,0.12,2.1,-0.5,1.6,2.6
4,Tobias Harris,26,LAC,PF,55,55,1903,8.0,16.2,0.496,2.1,4.9,0.434,5.9,11.3,0.523,0.561,3.6,4.1,0.877,0.7,7.5,8.2,2.8,0.8,0.5,2.1,2.3,21.8,,harrito02,18.2,0.605,0.302,0.256,2.1,21.3,12.0,12.5,1.0,1.0,10.3,23.5,3.2,1.8,5.0,0.127,2.7,-0.2,2.4,2.1
4,Tobias Harris,26,PHI,PF,27,27,944,7.1,15.2,0.469,1.7,5.1,0.326,5.5,10.1,0.542,0.524,2.8,3.4,0.841,1.2,6.9,8.1,3.0,0.4,0.5,1.6,2.3,18.8,,harrito02,15.3,0.562,0.338,0.221,3.7,19.7,11.9,12.6,0.6,1.1,8.8,21.3,1.2,0.9,2.1,0.105,0.9,-1.0,-0.1,0.5
5,Paul George,28,OKC,SF,77,77,2841,9.0,20.5,0.438,3.7,9.6,0.386,5.3,10.9,0.484,0.529,5.7,6.8,0.839,1.3,6.6,8.0,4.0,2.2,0.4,2.6,2.7,27.4,MVP-3DPOY-3ASNBA1DEF1,georgpa01,23.3,0.583,0.469,0.335,3.7,19.6,11.4,17.7,2.8,1.0,10.0,29.5,7.0,4.9,11.9,0.201,5.6,1.6,7.2,6.6
6,Damian Lillard,28,POR,PG,80,80,2838,8.6,19.4,0.444,3.0,8.2,0.369,5.6,11.3,0.499,0.522,5.9,6.5,0.912,0.9,3.8,4.7,7.0,1.1,0.4,2.7,1.9,26.2,MVP-6ASNBA2,lillada01,23.7,0.588,0.419,0.335,2.6,11.1,7.0,30.6,1.5,1.0,10.8,29.3,9.7,2.4,12.1,0.205,6.6,-0.3,6.4,6.0
7,P.J. Tucker,33,HOU,PF,82,82,2802,2.7,6.7,0.396,1.9,5.0,0.377,0.8,1.7,0.449,0.535,0.5,0.8,0.695,1.6,4.6,6.2,1.2,1.7,0.5,0.8,3.2,7.7,,tuckepj01,9.2,0.547,0.74,0.113,4.7,14.4,9.5,4.6,2.3,1.2,10.3,9.5,2.0,3.0,5.0,0.086,-1.6,1.0,-0.6,1.0
8,Kevin Durant,30,GSW,SF,78,78,2702,9.6,18.4,0.521,1.8,5.2,0.353,7.8,13.3,0.587,0.571,6.0,6.7,0.885,0.4,6.2,6.6,6.1,0.8,1.1,3.0,2.1,27.0,MVP-8ASNBA2,duranke01,24.2,0.631,0.281,0.366,1.4,17.5,9.8,26.2,1.0,2.6,12.3,29.0,8.6,2.9,11.5,0.204,5.4,0.1,5.5,5.1
9,Ben Simmons,22,PHI,PG,79,79,2700,7.2,12.8,0.563,0.0,0.1,0.0,7.2,12.7,0.566,0.563,3.4,5.7,0.6,2.3,7.0,9.3,8.1,1.5,0.8,3.7,2.8,17.8,AS,simmobe01,20.0,0.582,0.006,0.446,6.9,20.0,13.7,34.2,2.0,1.8,19.3,22.1,4.6,3.6,8.2,0.146,2.2,1.3,3.6,3.8
10,DeMar DeRozan,29,SAS,SG,77,77,2688,8.5,17.6,0.481,0.1,0.6,0.156,8.4,17.0,0.492,0.483,4.9,5.9,0.83,0.7,5.5,6.2,6.4,1.2,0.5,2.7,2.4,21.9,,derozde01,19.6,0.542,0.034,0.336,2.2,16.4,9.4,27.6,1.6,1.1,11.7,27.9,3.6,2.6,6.3,0.112,1.0,0.1,1.1,2.2
11,LaMarcus Aldridge,33,SAS,C,81,81,2687,9.2,17.7,0.519,0.1,0.6,0.238,9.0,17.1,0.528,0.522,4.7,5.5,0.847,3.4,6.6,10.0,2.6,0.6,1.4,1.9,2.4,23.1,AS,aldrila01,22.9,0.576,0.032,0.312,10.3,19.8,15.1,11.6,0.8,3.4,8.8,26.9,6.4,2.9,9.3,0.167,2.4,-0.6,1.8,2.6
12,Steven Adams,25,OKC,C,80,80,2669,6.5,10.9,0.595,0.0,0.0,0.0,6.5,10.9,0.596,0.595,2.0,3.9,0.5,5.3,5.0,10.3,1.7,1.6,1.0,1.8,2.8,14.9,,adamsst01,18.5,0.591,0.002,0.361,14.7,14.8,14.7,6.6,2.0,2.4,12.6,16.4,5.1,4.0,9.1,0.163,0.7,0.4,1.1,2.1
13,Klay Thompson,28,GSW,SG,78,78,2652,8.9,19.0,0.467,3.3,8.1,0.402,5.6,10.9,0.516,0.553,1.8,2.1,0.816,0.5,3.6,4.1,2.5,1.1,0.6,1.6,2.1,22.8,ASDEF2,thompkl01,16.6,0.571,0.427,0.113,1.6,10.1,6.0,10.5,1.5,1.5,7.2,25.6,2.9,2.3,5.3,0.095,1.1,-1.4,-0.3,1.2
14,Andre Drummond,25,DET,C,79,79,2647,7.6,14.3,0.533,0.1,0.5,0.132,7.6,13.8,0.548,0.536,3.3,5.6,0.59,5.8,11.0,16.8,1.5,1.8,1.9,2.4,3.7,18.6,,drumman01,23.4,0.555,0.036,0.392,16.8,34.7,25.4,7.2,2.5,4.4,12.4,22.9,4.1,5.9,10.0,0.181,1.3,0.8,2.1,2.7
15,Aaron Gordon,23,ORL,PF,78,78,2633,6.4,14.3,0.449,1.7,4.7,0.349,4.8,9.6,0.499,0.507,2.5,3.5,0.731,1.8,6.1,7.8,4.0,0.8,0.8,2.2,2.4,17.0,,gordoaa01,15.1,0.538,0.332,0.242,5.2,18.4,11.7,16.6,1.1,1.8,12.3,21.8,1.8,3.3,5.1,0.093,0.3,0.3,0.6,1.7
16,Russell Westbrook,30,OKC,PG,73,73,2630,8.6,20.2,0.428,1.6,5.6,0.29,7.0,14.5,0.481,0.468,4.1,6.2,0.656,1.5,9.6,11.0,10.7,1.9,0.5,4.4,3.4,22.9,MVP-10ASNBA3,westbru01,21.1,0.501,0.279,0.306,4.1,28.3,15.8,46.5,2.5,1.1,16.3,30.9,1.8,5.0,6.8,0.124,2.8,2.4,5.2,4.7
17,Blake Griffin,29,DET,PF,75,75,2622,8.5,18.4,0.462,2.6,7.2,0.362,5.9,11.2,0.525,0.532,5.7,7.6,0.753,1.4,6.4,7.8,5.5,0.7,0.4,3.5,2.7,25.3,ASNBA3,griffbl01,21.0,0.581,0.389,0.41,4.0,20.1,11.8,27.1,1.0,0.9,13.8,30.2,5.1,2.9,8.0,0.147,4.9,0.2,5.1,4.7
18,Buddy Hield,26,SAC,SG,82,82,2615,8.6,18.7,0.458,3.8,9.0,0.427,4.7,9.8,0.487,0.56,2.4,2.7,0.886,1.5,4.2,5.7,2.8,0.8,0.5,2.0,2.8,23.3,,hieldbu01,17.5,0.587,0.479,0.142,4.1,12.4,8.1,11.9,1.0,1.1,9.2,25.1,4.3,1.6,5.9,0.108,3.5,-1.4,2.1,2.7
19,Jerami Grant,24,OKC,PF,80,77,2612,5.6,11.3,0.497,1.6,4.0,0.392,4.1,7.3,0.555,0.567,2.2,3.0,0.71,1.3,4.4,5.7,1.1,0.8,1.4,0.9,2.9,15.0,,grantje01,13.8,0.592,0.356,0.269,3.7,13.1,8.2,4.2,1.1,3.2,6.8,15.4,4.0,3.3,7.3,0.134,-0.4,0.6,0.2,1.5
20,Justin Holiday,29,2TM,SG,82,77,2607,4.1,10.7,0.386,2.2,6.4,0.348,1.9,4.3,0.442,0.49,1.3,1.5,0.896,0.6,3.8,4.5,2.0,1.7,0.5,1.4,2.3,11.8,,holidju01,10.0,0.52,0.598,0.136,1.9,11.9,6.8,8.1,2.3,1.2,11.2,15.7,-0.4,2.5,2.1,0.038,-2.3,0.5,-1.8,0.1
20,Justin Holiday,29,CHI,SG,38,38,1325,4.1,10.7,0.383,2.6,7.3,0.359,1.5,3.4,0.435,0.506,1.1,1.2,0.891,0.5,4.1,4.6,2.3,1.8,0.6,1.3,2.1,12.0,,holidju01,11.0,0.531,0.685,0.117,1.5,12.4,6.9,9.1,2.5,1.4,10.2,15.2,0.2,1.1,1.3,0.047,-1.3,1.1,-0.3,0.6
20,Justin Holiday,29,MEM,SG,44,39,1282,4.2,10.8,0.389,1.8,5.5,0.333,2.4,5.3,0.447,0.474,1.5,1.7,0.9,0.8,3.6,4.3,1.7,1.5,0.4,1.6,2.4,11.7,,holidju01,8.9,0.509,0.509,0.157,2.3,11.3,6.7,7.1,2.1,1.1,12.2,16.3,-0.6,1.4,0.8,0.029,-3.3,-0.1,-3.4,-0.5
21,Collin Sexton,20,CLE,PG,82,72,2605,7.2,16.7,0.43,1.6,4.1,0.402,5.5,12.6,0.44,0.48,3.0,3.5,0.839,0.8,2.5,3.3,3.4,0.6,0.1,2.6,2.6,18.9,ROY-5,sextoco01,12.0,0.52,0.245,0.211,2.3,8.0,5.0,15.3,0.8,0.2,12.3,25.2,-0.1,-0.5,-0.6,-0.011,-1.4,-3.3,-4.7,-1.8
22,Donovan Mitchell,22,UTA,SG,77,77,2598,9.2,21.2,0.432,2.6,7.2,0.362,6.6,14.0,0.468,0.493,4.4,5.5,0.806,0.8,3.6,4.4,4.5,1.5,0.4,3.0,2.9,25.3,,mitchdo01,17.2,0.537,0.339,0.259,2.5,10.5,6.6,21.2,2.0,0.9,11.3,31.6,1.3,3.7,5.0,0.092,1.2,0.1,1.3,2.2
23,Rudy Gobert,26,UTA,C,81,80,2577,6.6,9.9,0.669,0.0,0.0,,6.6,9.9,0.669,0.669,4.6,7.3,0.636,4.3,10.2,14.5,2.2,0.9,2.6,1.8,3.2,17.9,MVP-11DPOY-1NBA3DEF1,goberru01,24.6,0.682,0.0,0.733,13.2,30.2,21.9,9.6,1.2,5.8,12.1,17.8,8.7,5.7,14.4,0.268,3.0,2.5,5.4,4.8
24,Bojan Bogdanović,29,IND,SF,81,81,2573,7.3,14.7,0.497,2.3,5.4,0.425,5.0,9.3,0.538,0.575,3.4,4.3,0.807,0.5,4.2,4.7,2.3,1.0,0.0,1.9,1.9,20.3,,bogdabo02,16.1,0.613,0.367,0.29,1.5,12.7,7.2,9.5,1.3,0.0,10.2,22.4,3.9,2.8,6.8,0.126,1.3,-0.6,0.7,1.7
25,Joe Ingles,31,UTA,PF,82,82,2568,5.0,11.2,0.448,2.6,6.8,0.391,2.4,4.5,0.533,0.565,1.2,1.7,0.707,0.5,4.1,4.6,6.6,1.4,0.3,2.7,2.5,13.9,,inglejo01,13.4,0.581,0.602,0.153,1.5,12.2,7.0,26.1,1.8,0.6,18.4,17.5,2.5,3.6,6.0,0.113,0.3,1.1,1.4,2.2
26,Evan Fournier,26,ORL,SG,81,81,2553,6.6,15.1,0.438,2.2,6.3,0.34,4.4,8.7,0.509,0.509,1.9,2.4,0.806,0.5,3.1,3.6,4.2,1.0,0.2,2.2,3.2,17.3,,fournev01,12.3,0.536,0.421,0.159,1.6,9.4,5.4,17.6,1.4,0.4,11.9,22.1,0.8,2.5,3.2,0.061,-1.8,-0.6,-2.4,-0.3
27,Pascal Siakam,24,TOR,PF,80,79,2548,7.3,13.4,0.549,1.1,3.0,0.369,6.2,10.3,0.602,0.591,3.3,4.3,0.785,1.8,6.0,7.8,3.5,1.0,0.7,2.2,3.4,19.1,MIP-1,siakapa01,18.7,0.628,0.226,0.32,5.4,17.5,11.6,14.6,1.4,1.7,12.5,20.8,5.7,3.6,9.3,0.175,1.6,0.8,2.4,2.8
28,De'Aaron Fox,21,SAC,PG,81,81,2546,7.1,15.6,0.458,1.2,3.3,0.371,5.9,12.3,0.482,0.497,4.3,5.9,0.727,0.6,3.7,4.3,8.3,1.9,0.6,3.2,2.9,19.8,,foxde01,18.1,0.544,0.211,0.378,1.7,10.8,6.2,33.2,2.4,1.5,15.0,24.5,3.2,2.5,5.6,0.106,1.3,0.2,1.5,2.3
29,Karl-Anthony Towns,23,MIN,C,77,77,2545,9.6,18.6,0.518,2.0,5.0,0.4,7.6,13.6,0.562,0.572,5.3,6.4,0.836,3.7,9.8,13.5,3.7,0.9,1.8,3.4,4.1,26.6,AS,townska01,26.3,0.622,0.27,0.342,10.9,29.3,20.0,17.2,1.3,4.2,13.7,28.9,7.2,3.2,10.4,0.197,5.4,0.6,6.0,5.1
30,Andrew Wiggins,23,MIN,SF,73,73,2543,7.0,17.1,0.412,1.7,4.9,0.339,5.4,12.2,0.441,0.461,2.9,4.2,0.699,1.2,3.8,5.0,2.6,1.0,0.7,2.0,2.2,18.7,,wiggian01,12.4,0.493,0.288,0.245,3.5,11.4,7.4,10.9,1.3,1.6,9.3,24.4,-0.6,1.3,0.6,0.012,-1.2,-1.8,-3.0,-0.6
31,Josh Richardson,25,MIA,SG,73,73,2539,6.0,14.5,0.412,2.3,6.5,0.357,3.7,8.0,0.458,0.492,2.8,3.3,0.861,0.8,3.0,3.7,4.2,1.1,0.5,1.6,2.8,17.1,,richajo01,14.0,0.536,0.448,0.225,2.3,8.8,5.5,17.9,1.5,1.2,9.1,20.9,3.0,2.6,5.6,0.106,0.1,0.2,0.3,1.5
32,Harrison Barnes,26,2TM,PF,77,77,2533,6.1,14.6,0.42,2.5,6.3,0.395,3.7,8.3,0.439,0.504,3.3,4.0,0.824,0.8,4.3,5.1,1.6,0.7,0.2,1.4,1.7,18.0,,barneha02,12.8,0.55,0.429,0.271,2.4,12.7,7.5,6.7,0.9,0.4,7.9,20.9,2.0,1.6,3.6,0.068,-0.2,-1.2,-1.4,0.4
32,Harrison Barnes,26,DAL,PF,49,49,1584,6.6,16.3,0.404,2.7,7.1,0.389,3.8,9.2,0.416,0.489,3.7,4.5,0.833,0.8,3.9,4.7,1.4,0.7,0.2,1.5,1.8,19.7,,barneha02,13.1,0.538,0.434,0.276,2.4,11.5,7.0,6.3,1.0,0.6,7.8,23.7,0.8,1.1,1.9,0.059,0.0,-1.2,-1.2,0.3
32,Harrison Barnes,26,SAC,SF,28,28,949,5.3,11.8,0.455,2.0,4.9,0.408,3.3,6.8,0.489,0.54,2.4,3.0,0.8,0.8,5.0,5.8,2.0,0.6,0.1,1.1,1.6,15.1,,barneha02,12.3,0.578,0.419,0.258,2.2,14.8,8.4,7.5,0.8,0.2,8.0,16.3,1.1,0.5,1.7,0.084,-0.5,-1.2,-1.7,0.1
33,Nikola Vučević,28,ORL,C,80,80,2510,10.1,19.4,0.518,1.2,3.3,0.364,8.8,16.1,0.549,0.549,2.6,3.3,0.789,3.2,10.6,13.8,4.4,1.2,1.3,2.3,2.3,23.9,AS,vucevni01,25.5,0.573,0.171,0.168,9.4,31.9,20.5,21.9,1.6,3.0,9.9,28.0,5.4,4.7,10.1,0.193,5.0,1.7,6.6,5.5
34,Nikola Jokić,23,DEN,C,80,80,2504,8.9,17.3,0.511,1.2,3.9,0.307,7.7,13.5,0.569,0.545,4.2,5.1,0.821,3.3,9.2,12.4,8.3,1.6,0.8,3.6,3.3,23.1,MVP-4ASNBA1,jokicni01,26.3,0.589,0.224,0.292,9.8,27.6,18.7,37.0,2.1,1.9,15.4,27.4,7.5,4.3,11.8,0.226,6.2,2.9,9.1,7.0
35,Trae Young,20,ATL,PG,81,81,2503,7.6,18.1,0.418,2.2,6.9,0.324,5.3,11.1,0.477,0.48,4.9,6.0,0.829,0.9,3.4,4.3,9.4,1.0,0.2,4.4,2.0,22.3,ROY-2,youngtr01,17.0,0.539,0.384,0.33,2.6,10.2,6.3,40.5,1.3,0.5,17.6,28.4,2.5,0.7,3.3,0.062,2.3,-2.8,-0.6,0.9
36,Thaddeus Young,30,IND,PF,81,81,2489,6.4,12.2,0.527,0.7,2.1,0.349,5.7,10.1,0.564,0.557,1.3,2.0,0.644,2.8,4.8,7.6,3.0,1.8,0.5,1.8,2.8,14.8,,youngth01,16.2,0.569,0.174,0.161,8.7,14.4,11.7,12.0,2.4,1.3,12.0,18.0,3.0,3.9,6.9,0.133,0.4,1.1,1.5,2.2
37,Jayson Tatum,20,BOS,SF,79,79,2455,6.8,15.2,0.45,1.7,4.6,0.373,5.1,10.6,0.483,0.506,2.9,3.3,0.855,1.0,6.0,7.0,2.5,1.2,0.8,1.8,2.5,18.2,,tatumja01,15.1,0.547,0.3,0.22,3.0,17.7,10.4,10.0,1.6,2.1,9.7,22.1,1.6,3.4,5.0,0.097,-0.4,0.2,-0.2,1.1
38,D'Angelo Russell,22,BRK,PG,81,81,2448,9.7,22.3,0.434,3.4,9.3,0.369,6.2,13.0,0.482,0.512,2.4,3.0,0.78,0.8,3.9,4.6,8.3,1.5,0.3,3.7,2.1,25.2,AS,russeda01,19.4,0.533,0.419,0.135,2.3,11.2,6.8,41.3,1.9,0.6,13.6,31.9,2.4,2.6,5.0,0.097,4.0,-0.6,3.4,3.4
39,Jamal Murray,21,DEN,PG,75,74,2447,7.5,17.3,0.437,2.2,6.1,0.367,5.3,11.2,0.476,0.502,2.8,3.3,0.848,1.0,3.7,4.7,5.3,1.0,0.4,2.3,2.3,20.1,,murraja01,16.0,0.538,0.353,0.19,2.9,11.2,7.0,22.4,1.3,1.0,11.1,24.9,2.8,2.3,5.1,0.1,1.4,-0.8,0.6,1.6
40,Cedi Osman,23,CLE,SF,76,75,2444,5.3,12.4,0.427,1.9,5.5,0.348,3.4,6.9,0.489,0.504,2.1,2.7,0.779,0.7,4.6,5.3,2.9,0.9,0.2,1.7,2.9,14.6,,osmande01,11.5,0.536,0.443,0.214,2.0,14.8,8.1,12.1,1.2,0.4,11.0,18.6,1.2,0.2,1.5,0.029,-1.4,-1.8,-3.2,-0.8
41,Marc Gasol,34,2TM,C,79,72,2436,5.8,12.9,0.448,1.5,4.0,0.363,4.3,8.8,0.487,0.505,2.8,3.7,0.759,1.2,8.1,9.3,5.2,1.2,1.3,2.3,3.2,15.8,,gasolma01,16.7,0.546,0.314,0.291,3.6,25.1,14.3,22.2,1.7,3.2,13.6,20.7,2.0,4.0,6.0,0.118,0.8,2.3,3.1,3.1
41,Marc Gasol,34,MEM,C,53,53,1788,6.1,13.8,0.444,1.5,4.4,0.344,4.6,9.3,0.491,0.499,3.1,4.0,0.756,1.1,8.0,9.2,5.0,1.2,1.3,2.4,3.0,16.8,,gasolma01,16.9,0.541,0.324,0.294,3.5,25.5,14.3,22.6,1.7,3.3,13.4,22.3,1.0,2.8,3.9,0.104,1.1,2.1,3.2,2.3
41,Marc Gasol,34,TOR,C,26,19,648,4.8,10.4,0.465,1.3,2.9,0.442,3.6,7.5,0.474,0.527,2.2,2.9,0.769,1.3,8.2,9.6,5.6,1.3,1.3,2.0,3.9,13.2,,gasolma01,16.0,0.565,0.278,0.278,4.1,24.0,14.3,21.2,1.8,2.9,14.6,16.3,0.9,1.2,2.1,0.157,0.1,2.8,2.9,0.8
42,Mikal Bridges,22,PHO,SF,82,56,2417,3.6,8.4,0.43,1.6,4.7,0.335,2.0,3.7,0.548,0.523,1.4,1.8,0.805,0.8,3.1,3.9,2.6,1.9,0.6,1.0,3.0,10.2,,bridgmi01,10.8,0.556,0.556,0.21,2.5,9.7,6.0,9.8,2.5,1.3,10.2,12.2,1.7,1.2,2.9,0.058,-2.0,0.4,-1.6,0.3
43,Jrue Holiday,28,NOP,SG,67,67,2402,8.2,17.4,0.472,1.8,5.4,0.325,6.4,11.9,0.539,0.523,3.1,4.1,0.768,1.1,3.9,5.0,7.8,1.6,0.8,3.1,2.2,21.3,DEF2,holidjr01,19.4,0.555,0.313,0.234,3.3,11.0,7.2,31.8,2.1,1.8,14.1,25.4,3.5,1.9,5.4,0.108,3.1,-0.1,3.0,3.1
44,Khris Middleton,27,MIL,SF,77,77,2393,7.6,17.3,0.441,2.7,7.1,0.378,4.9,10.1,0.485,0.519,3.2,3.9,0.837,0.8,6.2,6.9,5.0,1.2,0.1,2.6,2.6,21.2,AS,middlkh01,16.5,0.558,0.413,0.225,2.3,16.5,9.8,20.1,1.6,0.2,12.1,25.1,2.5,3.6,6.1,0.123,0.7,0.1,0.8,1.7
45,JJ Redick,34,PHI,SG,76,63,2379,6.8,15.5,0.44,3.6,9.2,0.397,3.2,6.4,0.502,0.557,3.5,3.9,0.894,0.3,2.5,2.8,3.1,0.5,0.3,1.5,2.0,20.8,,redicjj01,15.1,0.602,0.589,0.248,0.9,7.2,4.1,12.9,0.6,0.6,8.1,21.9,4.6,1.2,5.9,0.118,2.2,-2.0,0.2,1.3
46,CJ McCollum,27,POR,SG,70,70,2375,8.7,18.8,0.459,2.5,6.7,0.375,6.1,12.1,0.506,0.527,2.4,2.9,0.828,0.9,3.3,4.3,3.1,0.8,0.4,1.6,2.6,22.3,,mccolcj01,17.0,0.553,0.358,0.154,2.9,9.7,6.3,13.8,1.1,0.9,7.4,25.5,4.0,1.7,5.6,0.114,2.1,-1.0,1.0,1.8
47,Giannis Antetokounmpo,24,MIL,PF,72,72,2358,11.0,19.0,0.578,0.8,3.1,0.256,10.2,15.9,0.641,0.599,7.6,10.5,0.729,2.4,11.3,13.7,6.5,1.4,1.7,4.1,3.5,30.4,MVP-1DPOY-2ASNBA1DEF1,antetgi01,30.9,0.644,0.163,0.55,7.3,30.0,19.3,30.3,1.8,3.9,14.8,32.3,8.9,5.5,14.4,0.292,6.3,4.1,10.4,7.4
48,Nicolas Batum,30,CHO,SF,75,72,2354,3.9,8.6,0.45,1.8,4.6,0.389,2.1,4.0,0.519,0.553,1.2,1.4,0.865,1.1,4.9,6.0,3.8,1.1,0.7,1.8,2.1,10.7,,batumni01,11.9,0.581,0.53,0.158,3.2,14.9,8.9,14.5,1.5,1.6,16.3,13.2,2.0,1.7,3.7,0.076,-0.7,0.4,-0.3,1.0
49,Trevor Ariza,33,2TM,SF,69,69,2349,4.5,11.3,0.399,2.2,6.7,0.334,2.3,4.6,0.493,0.498,2.0,2.5,0.793,0.8,4.9,5.7,3.9,1.4,0.3,1.6,2.0,13.2,,arizatr01,12.1,0.534,0.59,0.223,2.3,15.2,8.6,14.8,1.8,0.7,11.6,16.6,1.3,1.2,2.5,0.052,-0.7,-0.6,-1.3,0.4
49,Trevor Ariza,33,PHO,SF,26,26,884,3.5,9.2,0.379,2.0,5.7,0.36,1.5,3.6,0.409,0.489,1.5,1.8,0.837,0.7,5.3,5.9,3.5,1.5,0.3,1.6,1.8,10.5,,arizatr01,10.5,0.525,0.612,0.189,2.0,16.4,9.1,13.5,2.1,0.8,13.7,13.8,0.2,0.5,0.6,0.035,-1.1,0.0,-1.1,0.2
49,Trevor Ariza,33,WAS,SF,43,43,1465,5.1,12.5,0.409,2.3,7.2,0.322,2.8,5.3,0.528,0.502,2.3,3.0,0.777,0.8,4.7,5.6,4.1,1.3,0.3,1.6,2.1,14.9,,arizatr01,13.0,0.538,0.58,0.238,2.5,14.5,8.4,15.5,1.7,0.7,10.6,18.2,1.1,0.8,1.9,0.062,-0.5,-0.9,-1.4,0.2
50,Mike Conley,31,MEM,PG,70,70,2342,7.5,17.2,0.438,2.4,6.5,0.364,5.1,10.7,0.483,0.507,5.3,6.2,0.845,0.6,3.1,3.7,6.9,1.4,0.3,2.0,1.9,22.7,,conlemi01,21.4,0.569,0.38,0.363,1.9,9.7,5.7,33.4,2.0,0.9,9.1,27.3,5.7,2.3,8.0,0.164,4.6,0.1,4.7,3.9
51,Stephen Curry,30,GSW,PG,69,69,2331,9.8,20.7,0.472,5.5,12.5,0.437,4.3,8.2,0.525,0.604,4.1,4.4,0.916,0.7,5.0,5.7,5.6,1.4,0.4,3.0,2.6,29.1,MVP-5ASNBA1,curryst01,24.4,0.641,0.604,0.214,2.2,14.2,8.4,24.2,1.9,0.9,11.6,30.4,7.2,2.5,9.7,0.199,7.1,-0.5,6.6,5.1
52,Brook Lopez,30,MIL,C,81,81,2322,5.5,12.2,0.452,2.9,7.9,0.365,2.6,4.2,0.613,0.571,1.7,2.1,0.842,0.5,5.6,6.1,1.5,0.8,2.8,1.3,2.9,15.6,,lopezbr01,14.6,0.597,0.651,0.169,1.5,15.0,8.7,5.7,1.0,6.5,8.9,16.7,2.3,4.3,6.7,0.138,0.4,1.8,2.2,2.4
53,Luka Dončić,19,DAL,SG,72,72,2318,7.9,18.4,0.427,2.6,8.0,0.327,5.2,10.4,0.503,0.497,5.4,7.5,0.713,1.3,7.4,8.7,6.7,1.2,0.4,3.8,2.1,23.7,ROY-1,doncilu01,19.6,0.545,0.433,0.409,4.0,21.9,13.0,31.6,1.6,0.9,15.0,30.5,2.1,2.8,4.9,0.101,3.6,0.3,3.9,3.4
54,Dennis Schröder,25,OKC,PG,79,14,2314,7.1,17.2,0.414,1.9,5.7,0.341,5.2,11.5,0.45,0.47,2.9,3.5,0.819,0.6,3.8,4.4,5.0,1.0,0.2,2.7,2.9,19.0,6MOY-8,schrode01,12.7,0.508,0.33,0.206,1.6,11.3,6.3,20.4,1.3,0.4,12.5,24.2,0.4,2.4,2.9,0.06,-1.3,-0.7,-2.0,0.0
55,Kyle Kuzma,23,LAL,PF,70,68,2314,7.7,16.9,0.456,2.0,6.6,0.303,5.7,10.3,0.553,0.515,2.9,3.9,0.752,0.9,5.0,5.9,2.8,0.6,0.4,2.1,2.6,20.3,,kuzmaky01,14.0,0.546,0.388,0.23,2.7,14.1,8.5,11.5,0.8,0.9,10.0,23.8,1.2,1.9,3.1,0.065,-0.2,-1.2,-1.4,0.4
56,Bryn Forbes,25,SAS,SG,82,81,2293,5.7,12.4,0.456,2.8,6.5,0.426,2.9,5.9,0.489,0.568,1.1,1.2,0.885,0.3,3.5,3.8,2.7,0.7,0.1,1.3,2.5,15.2,,forbebr01,12.0,0.586,0.522,0.099,0.9,10.4,5.7,10.6,1.0,0.1,8.8,17.4,2.5,1.3,3.8,0.079,-0.3,-0.9,-1.2,0.5
57,Joe Harris,27,BRK,SG,76,76,2293,5.9,11.7,0.5,2.9,6.1,0.474,3.0,5.7,0.528,0.622,1.7,2.1,0.827,0.8,3.8,4.6,2.8,0.6,0.3,1.9,2.9,16.3,,harrijo01,13.5,0.645,0.516,0.178,2.4,10.9,6.7,11.9,0.8,0.6,13.0,17.0,3.8,1.7,5.5,0.116,0.8,-0.3,0.5,1.4
58,Al-Farouq Aminu,28,POR,PF,81,81,2292,4.0,9.3,0.433,1.5,4.4,0.343,2.5,4.9,0.514,0.514,2.4,2.7,0.867,1.8,7.8,9.6,1.6,1.1,0.5,1.1,2.2,11.9,,aminual01,13.2,0.568,0.472,0.292,5.3,22.6,14.2,6.0,1.4,1.2,9.7,13.7,3.0,2.8,5.8,0.121,0.1,0.6,0.7,1.5
59,Reggie Jackson,28,DET,PG,82,82,2289,6.9,16.5,0.421,2.7,7.4,0.369,4.2,9.1,0.464,0.504,3.2,3.7,0.864,0.7,2.7,3.4,5.4,0.9,0.1,2.3,3.3,19.8,,jacksre01,15.2,0.547,0.45,0.225,2.1,8.5,5.2,24.7,1.2,0.3,11.4,24.5,3.1,1.9,5.0,0.105,1.3,-0.9,0.4,1.4
60,Eric Bledsoe,29,MIL,PG,78,78,2272,7.4,15.4,0.484,2.0,6.0,0.329,5.5,9.4,0.582,0.548,2.8,3.7,0.75,1.3,4.4,5.7,6.8,1.8,0.5,2.6,2.5,19.7,DEF1,bledser01,19.3,0.577,0.388,0.243,3.9,11.8,8.1,27.4,2.4,1.1,13.3,22.9,4.4,3.7,8.2,0.173,1.9,1.2,3.1,2.9
61,D.J. Augustin,31,ORL,PG,81,81,2269,5.0,10.7,0.47,2.1,4.9,0.421,3.0,5.8,0.511,0.566,2.9,3.3,0.866,0.7,2.6,3.2,6.8,0.8,0.1,2.0,1.8,15.0,,augusdj01,15.7,0.616,0.459,0.309,1.9,7.8,4.8,26.9,1.1,0.1,14.3,17.2,5.0,1.9,6.9,0.146,1.1,-0.7,0.5,1.4
62,Jeremy Lamb,26,CHO,SG,79,55,2250,6.9,15.7,0.44,1.8,5.3,0.348,5.1,10.4,0.487,0.499,3.7,4.2,0.888,1.0,5.9,6.9,2.8,1.4,0.5,1.3,2.2,19.3,,lambje01,17.3,0.552,0.337,0.266,3.1,18.1,10.4,11.9,1.9,1.2,6.8,22.5,3.3,2.0,5.3,0.113,1.2,0.0,1.2,1.8
63,Clint Capela,24,HOU,C,67,67,2249,7.6,11.7,0.648,0.0,0.0,,7.6,11.7,0.648,0.648,2.7,4.2,0.636,4.8,8.8,13.6,1.5,0.7,1.6,1.5,2.7,17.8,,capelca01,23.8,0.658,0.0,0.357,14.4,27.6,20.8,7.1,1.0,3.9,10.0,18.2,7.8,3.0,10.8,0.23,3.3,-0.3,3.0,2.8
64,Devin Booker,22,PHO,SG,64,64,2242,9.4,20.2,0.467,2.2,6.6,0.326,7.2,13.5,0.536,0.521,6.3,7.3,0.866,0.6,3.6,4.3,7.0,0.9,0.2,4.2,3.2,27.3,,bookede01,20.2,0.584,0.33,0.362,1.9,11.3,6.5,34.1,1.2,0.5,15.4,32.9,3.3,0.3,3.5,0.076,3.3,-2.3,1.0,1.7
65,Julius Randle,24,NOP,PF,73,49,2232,9.2,17.6,0.524,1.1,3.1,0.344,8.1,14.4,0.564,0.555,5.7,7.9,0.731,2.6,7.6,10.2,3.7,0.8,0.7,3.4,4.0,25.2,,randlju01,20.9,0.6,0.179,0.447,7.6,21.6,14.7,15.8,1.1,1.6,13.8,27.8,4.2,1.9,6.1,0.131,2.1,-0.6,1.5,2.0
66,Danny Green,31,TOR,SG,80,80,2216,4.8,10.2,0.465,3.2,7.1,0.455,1.5,3.2,0.487,0.622,0.6,0.7,0.841,1.0,4.2,5.1,2.0,1.2,0.9,1.2,2.8,13.3,,greenda02,13.0,0.632,0.69,0.07,3.0,12.2,7.7,7.7,1.6,2.0,10.4,14.1,3.0,2.9,5.9,0.128,1.1,0.8,2.0,2.2
67,Jordan Clarkson,26,CLE,SG,81,0,2214,8.6,19.2,0.448,2.3,7.2,0.324,6.3,12.0,0.524,0.509,2.6,3.1,0.844,1.3,3.1,4.4,3.2,0.9,0.2,2.2,1.8,22.2,,clarkjo01,16.8,0.539,0.377,0.163,3.9,9.9,6.8,15.6,1.3,0.5,9.6,27.6,1.9,-0.1,1.8,0.039,2.1,-2.6,-0.5,0.8
68,Kyrie Irving,26,BOS,PG,67,67,2214,9.8,20.2,0.487,2.8,7.1,0.401,7.0,13.1,0.533,0.557,3.5,4.0,0.873,1.2,4.3,5.4,7.5,1.7,0.6,2.8,2.7,26.0,ASNBA2,irvinky01,24.3,0.592,0.35,0.197,3.4,12.7,8.1,35.0,2.2,1.4,11.3,29.6,6.2,2.9,9.1,0.197,6.0,1.1,7.2,5.1
69,Willie Cauley-Stein,25,SAC,C,81,81,2213,6.7,12.1,0.556,0.0,0.0,0.5,6.7,12.0,0.556,0.557,2.3,4.1,0.551,2.9,8.1,11.0,3.2,1.6,0.8,1.4,3.7,15.7,,caulewi01,18.0,0.566,0.003,0.343,8.2,23.7,15.8,12.3,2.0,2.0,9.0,17.5,3.8,2.9,6.7,0.146,0.2,1.1,1.2,1.8
70,Kyle Lowry,32,TOR,PG,65,65,2213,4.9,12.0,0.411,2.6,7.4,0.347,2.4,4.7,0.514,0.518,2.6,3.2,0.83,0.7,4.4,5.1,9.2,1.5,0.5,3.0,2.7,15.1,AS,lowryky01,16.5,0.562,0.613,0.263,2.1,12.9,7.6,34.8,2.0,1.2,18.1,19.6,3.6,3.0,6.6,0.144,1.7,0.6,2.3,2.4
71,Marcus Smart,24,BOS,SG,80,60,2200,3.9,9.3,0.422,2.1,5.7,0.364,1.8,3.6,0.511,0.533,1.7,2.1,0.806,0.9,2.9,3.8,5.3,2.3,0.5,2.0,3.3,11.6,DPOY-8DEF1,smartma01,13.1,0.568,0.61,0.228,2.8,8.6,5.7,19.1,3.1,1.1,16.5,14.6,2.2,3.1,5.3,0.116,-1.2,2.0,0.8,1.5
72,Jimmy Butler,29,2TM,SG,65,65,2185,6.9,14.9,0.462,1.1,3.2,0.347,5.8,11.7,0.494,0.499,5.1,6.0,0.855,2.0,3.6,5.6,4.3,2.0,0.6,1.6,1.8,20.0,,butleji01,20.2,0.571,0.213,0.404,6.0,10.5,8.3,18.0,2.7,1.4,8.2,22.3,5.4,2.5,7.9,0.173,2.8,0.9,3.7,3.2
72,Jimmy Butler,29,MIN,SG,10,10,361,7.4,15.7,0.471,1.7,4.5,0.378,5.7,11.2,0.509,0.525,4.8,6.1,0.787,1.6,3.6,5.2,4.3,2.4,1.0,1.4,1.8,21.2,,butleji01,22.3,0.579,0.287,0.389,4.7,10.8,7.7,18.2,3.2,2.4,7.1,23.0,1.0,0.4,1.3,0.176,4.7,2.2,6.9,0.8
72,Jimmy Butler,29,PHI,SF,55,55,1824,6.8,14.7,0.461,1.0,2.9,0.338,5.8,11.8,0.491,0.494,5.2,6.0,0.868,2.1,3.7,5.7,4.3,2.0,0.6,1.6,1.8,19.8,,butleji01,19.8,0.569,0.198,0.407,6.3,10.4,8.4,18.0,2.6,1.2,8.4,22.1,4.4,2.1,6.6,0.172,2.4,0.7,3.1,2.4
73,Deandre Ayton,20,PHO,C,71,70,2183,8.4,14.3,0.585,0.0,0.1,0.0,8.4,14.3,0.588,0.585,2.3,3.1,0.746,3.7,8.3,12.0,2.1,1.0,1.1,2.1,3.4,19.1,ROY-3,aytonde01,20.5,0.608,0.005,0.217,11.1,26.1,18.5,9.6,1.3,2.6,11.7,21.2,4.1,1.7,5.8,0.128,1.3,-1.1,0.2,1.2
74,Shai Gilgeous-Alexander,20,LAC,PG,82,73,2174,5.6,11.9,0.476,0.8,2.3,0.367,4.8,9.6,0.503,0.512,2.6,3.2,0.8,0.9,2.9,3.8,4.5,1.6,0.7,2.3,2.9,14.7,ROY-6,gilgesh01,13.4,0.554,0.194,0.272,2.9,8.3,5.7,17.8,2.1,1.6,15.0,18.3,1.5,1.9,3.3,0.074,-0.9,0.4,-0.5,0.8
75,Zach LaVine,23,CHI,SG,63,62,2171,8.8,18.8,0.467,2.0,5.3,0.374,6.8,13.5,0.504,0.52,5.2,6.2,0.832,0.7,4.2,4.9,4.7,1.0,0.4,3.6,2.3,24.7,,lavinza01,18.7,0.574,0.283,0.33,2.0,12.9,7.4,22.6,1.3,1.0,14.2,30.5,1.7,1.1,2.8,0.062,2.4,-1.6,0.8,1.5
76,Jae Crowder,28,UTA,SF,80,11,2166,5.3,13.2,0.399,2.9,8.7,0.331,2.4,4.6,0.527,0.508,2.4,3.3,0.721,1.0,5.4,6.4,2.2,1.1,0.5,1.4,2.8,15.8,6MOY-11,crowdja01,12.1,0.538,0.655,0.247,3.1,15.9,9.6,8.9,1.4,1.1,8.8,19.1,1.3,3.1,4.4,0.097,-0.3,0.6,0.3,1.2
77,Tomáš Satoranský,27,WAS,PG,80,54,2164,4.3,8.8,0.485,1.1,2.7,0.395,3.2,6.1,0.524,0.545,2.2,2.7,0.819,1.4,3.3,4.6,6.6,1.4,0.2,2.0,2.9,11.8,,satorto01,14.1,0.59,0.306,0.302,4.0,10.0,7.0,24.6,1.8,0.5,16.7,14.1,3.8,0.9,4.7,0.104,-0.4,-0.3,-0.7,0.7
78,Montrezl Harrell,25,LAC,C,82,5,2158,9.1,14.8,0.615,0.1,0.3,0.176,9.1,14.5,0.623,0.617,4.4,6.9,0.643,3.1,5.9,8.9,2.7,1.2,1.8,2.2,4.3,22.7,6MOY-3,harremo01,23.4,0.636,0.019,0.466,9.3,16.7,13.1,12.5,1.6,4.0,11.0,23.5,6.1,2.6,8.7,0.193,2.6,0.7,3.3,2.9
79,Kevin Knox,19,NYK,PF,75,57,2158,5.6,15.2,0.37,2.1,6.1,0.343,3.6,9.2,0.387,0.438,2.7,3.8,0.717,1.0,4.6,5.6,1.4,0.7,0.4,1.9,2.9,16.1,,knoxke01,8.7,0.475,0.398,0.247,2.9,13.6,8.1,6.0,1.0,0.9,10.1,22.3,-2.2,0.9,-1.3,-0.03,-3.4,-2.3,-5.7,-2.0
80,Eric Gordon,30,HOU,SG,68,53,2158,6.4,15.6,0.409,3.6,10.0,0.36,2.8,5.6,0.497,0.525,2.0,2.5,0.783,0.3,2.2,2.5,2.2,0.7,0.5,1.5,2.4,18.4,,gordoer01,12.2,0.549,0.64,0.162,0.9,6.9,3.8,9.4,0.9,1.1,8.2,22.0,1.7,1.0,2.6,0.059,0.5,-1.8,-1.3,0.4
81,Joel Embiid,24,PHI,C,64,64,2154,9.7,20.0,0.484,1.3,4.4,0.3,8.4,15.6,0.535,0.517,8.7,10.8,0.804,2.7,11.9,14.6,3.9,0.8,2.0,3.8,3.5,29.4,MVP-7DPOY-4ASNBA2DEF2,embiijo01,26.1,0.593,0.219,0.541,8.1,34.0,21.4,18.4,1.0,4.4,13.2,33.3,4.9,3.8,8.7,0.194,4.0,0.9,4.9,3.8
82,Terrence Ross,27,ORL,SG,81,0,2150,7.4,17.2,0.428,3.6,9.5,0.383,3.7,7.7,0.484,0.534,2.1,2.4,0.875,0.5,4.2,4.7,2.3,1.2,0.5,1.5,2.0,20.5,6MOY-5,rosste01,15.4,0.561,0.551,0.14,1.3,12.8,7.0,9.9,1.6,1.1,7.6,23.9,1.7,2.6,4.3,0.095,1.1,-0.3,0.8,1.5
83,Darren Collison,31,IND,PG,76,76,2143,5.2,11.1,0.467,1.3,3.3,0.407,3.8,7.8,0.492,0.527,2.7,3.2,0.832,0.6,3.3,3.9,7.7,1.8,0.2,2.1,2.3,14.3,,collida01,16.7,0.574,0.294,0.288,1.9,9.9,6.0,29.9,2.5,0.4,14.4,17.7,3.9,2.9,6.8,0.153,0.8,1.0,1.8,2.1
84,Patrick Beverley,30,LAC,PG,78,49,2137,3.3,8.0,0.407,1.9,4.8,0.397,1.4,3.3,0.421,0.524,1.6,2.1,0.78,1.3,5.3,6.5,5.1,1.1,0.7,1.4,4.5,10.0,DPOY-9,beverpa01,11.8,0.561,0.591,0.258,3.9,15.0,9.6,18.4,1.5,1.6,13.8,12.2,2.8,2.0,4.8,0.108,-0.3,1.2,0.9,1.5
85,Marvin Williams,32,CHO,PF,75,75,2133,4.6,11.0,0.422,2.4,6.4,0.366,2.3,4.6,0.5,0.529,1.1,1.5,0.767,1.3,5.6,6.9,1.6,1.2,1.0,0.8,2.6,12.8,,willima02,12.6,0.548,0.586,0.132,3.8,17.1,10.3,6.1,1.6,2.5,6.4,14.9,1.9,1.9,3.8,0.086,-0.4,0.2,-0.3,0.9
86,Myles Turner,22,IND,C,74,74,2119,6.5,13.3,0.487,1.3,3.3,0.388,5.2,9.9,0.521,0.536,2.5,3.4,0.736,1.7,7.3,9.0,2.0,1.0,3.4,1.7,3.3,16.7,DPOY-5,turnemy01,18.0,0.567,0.251,0.258,5.4,22.0,13.9,8.0,1.4,8.4,10.3,20.0,1.9,4.4,6.3,0.144,0.0,2.4,2.5,2.4
87,Jeff Green,32,WAS,PF,77,44,2097,5.6,11.8,0.475,1.9,5.5,0.347,3.7,6.3,0.586,0.555,3.1,3.5,0.888,1.0,4.3,5.3,2.4,0.7,0.7,1.7,2.7,16.2,,greenje02,13.6,0.608,0.466,0.3,2.9,13.3,8.0,9.2,1.0,1.6,11.5,17.8,2.8,0.8,3.6,0.083,0.0,-1.4,-1.4,0.3
88,Jarrett Allen,20,BRK,C,80,80,2096,5.8,9.8,0.59,0.1,0.8,0.133,5.7,9.0,0.629,0.595,3.4,4.8,0.709,3.3,8.3,11.5,1.9,0.7,2.1,1.8,3.2,15.0,DPOY-9,allenja01,18.5,0.632,0.079,0.489,9.6,24.0,16.8,7.9,1.0,4.5,13.0,15.9,4.4,3.3,7.6,0.175,0.2,1.4,1.6,1.9
89,Marcus Morris,29,BOS,PF,75,53,2091,6.5,14.5,0.447,2.5,6.7,0.375,4.0,7.8,0.508,0.533,2.5,3.0,0.844,1.3,6.6,7.9,1.9,0.7,0.4,1.6,3.1,18.0,,morrima03,14.2,0.568,0.461,0.205,3.9,19.5,11.7,7.5,1.0,1.1,9.1,20.9,2.1,2.5,4.5,0.104,-0.2,-0.7,-0.9,0.6
90,Wesley Matthews,32,3TM,SF,69,68,2091,4.8,12.0,0.4,2.6,6.9,0.372,2.2,5.1,0.437,0.507,2.3,2.8,0.81,0.6,2.4,2.9,2.8,0.9,0.3,1.6,2.8,14.5,,matthwe02,10.3,0.546,0.577,0.234,1.7,7.1,4.4,11.1,1.3,0.7,10.6,17.8,1.1,1.5,2.7,0.062,-1.4,-0.5,-1.8,0.1
90,Wesley Matthews,32,DAL,SF,44,44,1312,5.3,12.9,0.414,2.7,7.2,0.38,2.6,5.7,0.456,0.52,2.4,3.0,0.791,0.5,2.3,2.8,2.7,0.9,0.3,1.6,2.8,15.8,,matthwe02,11.3,0.556,0.561,0.235,1.6,6.6,4.2,11.6,1.2,0.8,10.1,18.9,1.0,0.8,1.8,0.066,-0.8,-0.5,-1.3,0.2
90,Wesley Matthews,32,NYK,SG,2,1,54,2.7,12.7,0.211,1.3,6.7,0.2,1.3,6.0,0.222,0.263,2.7,3.3,0.8,0.7,1.3,2.0,3.3,0.7,0.7,1.3,1.3,9.3,,matthwe02,2.9,0.33,0.526,0.263,1.9,4.0,2.9,12.9,0.9,1.6,8.6,18.4,-0.1,0.0,-0.1,-0.115,-5.3,-1.3,-6.6,-0.1
90,Wesley Matthews,32,IND,SG,23,23,725,4.0,10.4,0.386,2.4,6.5,0.369,1.6,4.0,0.413,0.5,2.0,2.4,0.854,0.5,2.7,3.2,2.7,1.0,0.2,1.5,2.8,12.5,,matthwe02,9.2,0.543,0.619,0.229,1.7,8.1,5.0,10.1,1.3,0.5,11.8,15.8,0.3,0.7,1.0,0.067,-2.0,-0.4,-2.4,-0.1
91,Draymond Green,28,GSW,PF,66,66,2065,3.3,7.4,0.445,0.8,2.9,0.285,2.5,4.5,0.549,0.501,1.1,1.6,0.692,1.0,7.3,8.4,7.9,1.7,1.2,2.9,3.4,8.5,DPOY-6DEF2,greendr01,12.9,0.526,0.391,0.216,3.2,20.8,12.4,26.8,2.2,2.8,26.8,13.1,1.1,3.2,4.3,0.1,-1.3,2.7,1.4,1.8
92,Cory Joseph,27,IND,PG,82,9,2063,3.9,9.6,0.412,1.0,3.0,0.322,3.0,6.6,0.454,0.463,0.5,0.8,0.698,0.7,4.2,4.9,5.6,1.6,0.4,1.4,2.3,9.4,,josepco01,11.0,0.474,0.312,0.078,2.1,12.6,7.5,20.7,2.2,0.9,12.4,13.7,0.5,2.9,3.5,0.081,-2.1,1.7,-0.4,0.9
93,Danilo Gallinari,30,LAC,SF,68,68,2059,7.2,15.5,0.463,2.8,6.5,0.433,4.3,9.0,0.484,0.554,6.4,7.1,0.904,0.9,6.3,7.3,3.1,0.9,0.4,1.7,2.3,23.5,,gallida01,21.0,0.633,0.421,0.459,2.9,18.1,10.7,13.2,1.1,0.9,8.5,23.8,6.4,1.8,8.2,0.191,4.9,-0.5,4.3,3.3
94,Tim Hardaway Jr.,26,2TM,SG,65,63,2057,6.8,17.4,0.393,2.8,8.3,0.34,4.0,9.0,0.442,0.474,4.1,4.8,0.841,0.6,3.3,3.9,2.8,0.9,0.1,1.8,2.5,20.5,,hardati02,13.6,0.527,0.48,0.278,1.7,9.8,5.7,12.8,1.3,0.3,8.6,25.4,1.0,0.9,1.8,0.043,-0.1,-2.0,-2.0,0.0
94,Tim Hardaway Jr.,26,NYK,SG,46,46,1499,6.8,17.4,0.388,2.8,8.1,0.347,4.0,9.3,0.424,0.469,4.8,5.6,0.854,0.6,3.2,3.9,2.9,1.0,0.1,1.9,2.5,21.1,,hardati02,14.4,0.531,0.464,0.321,1.8,9.6,5.6,13.5,1.4,0.3,8.9,25.9,1.0,0.5,1.5,0.048,0.4,-1.9,-1.6,0.2
94,Tim Hardaway Jr.,26,DAL,SG,19,17,558,7.0,17.2,0.404,2.9,9.0,0.321,4.1,8.2,0.496,0.489,2.1,2.8,0.767,0.5,3.5,3.9,2.4,0.8,0.1,1.5,2.3,19.0,,hardati02,11.6,0.514,0.524,0.161,1.4,10.3,5.9,10.9,1.0,0.3,7.7,23.9,0.0,0.4,0.4,0.03,-1.2,-2.0,-3.2,-0.2
95,Kevin Huerter,20,ATL,SG,75,59,2048,4.8,11.5,0.419,2.4,6.2,0.385,2.4,5.3,0.457,0.522,0.7,1.0,0.732,1.1,3.3,4.3,3.8,1.1,0.4,1.9,2.7,12.8,,huertke01,10.1,0.533,0.537,0.085,3.0,9.7,6.3,14.5,1.5,1.1,13.8,15.7,0.7,0.7,1.5,0.034,-1.6,-0.8,-2.4,-0.2
96,DeAndre Jordan,30,2TM,C,69,69,2047,5.0,7.8,0.641,0.0,0.0,,5.0,7.8,0.641,0.641,3.3,4.6,0.705,4.0,11.9,15.9,2.7,0.7,1.3,2.7,2.9,13.3,,jordade01,19.0,0.674,0.0,0.592,11.7,35.2,23.5,11.6,1.0,3.0,21.4,15.0,4.0,3.1,7.1,0.167,0.8,1.3,2.1,2.1
96,DeAndre Jordan,30,DAL,C,50,50,1554,4.8,7.5,0.644,0.0,0.0,,4.8,7.5,0.644,0.644,3.1,4.6,0.682,3.7,12.2,15.9,2.3,0.8,1.2,2.6,2.9,12.8,,jordade01,18.0,0.672,0.0,0.613,11.2,35.9,23.6,9.5,1.0,2.9,21.3,14.4,2.7,2.5,5.3,0.162,0.4,1.3,1.7,1.4
96,DeAndre Jordan,30,NYK,C,19,19,493,5.7,9.0,0.634,0.0,0.0,,5.7,9.0,0.634,0.634,3.7,4.8,0.773,4.7,11.1,15.8,4.2,0.7,1.5,3.1,3.1,15.1,,jordade01,22.1,0.681,0.0,0.537,13.3,33.0,22.9,18.2,0.9,3.4,21.6,16.8,1.3,0.6,1.9,0.181,2.2,1.3,3.4,0.7
97,Kawhi Leonard,27,TOR,SF,60,60,2040,9.9,19.9,0.496,2.0,5.3,0.371,7.9,14.6,0.542,0.546,6.4,7.5,0.854,1.4,6.4,7.7,3.5,1.9,0.4,2.1,1.5,28.2,MVP-9DPOY-6ASNBA2DEF2,leonaka01,25.8,0.606,0.267,0.377,4.2,18.6,11.6,16.4,2.5,1.0,8.4,30.3,6.1,3.4,9.5,0.224,6.1,1.1,7.2,4.7
98,Garrett Temple,32,2TM,SG,75,55,2040,3.7,8.7,0.422,1.6,4.7,0.341,2.1,4.0,0.515,0.513,1.4,1.9,0.748,0.5,3.3,3.8,1.9,1.3,0.5,1.2,3.6,10.3,,templga01,8.5,0.543,0.535,0.217,1.5,10.2,5.8,7.4,1.8,1.4,11.5,13.2,0.3,2.0,2.2,0.052,-3.3,0.5,-2.8,-0.4
98,Garrett Temple,32,MEM,SG,49,49,1530,3.9,9.1,0.429,1.7,4.9,0.352,2.2,4.2,0.52,0.525,1.3,1.8,0.75,0.4,3.2,3.6,1.6,1.2,0.6,1.3,3.2,10.9,,templga01,8.6,0.551,0.543,0.196,1.3,10.0,5.6,6.7,1.6,1.5,11.4,13.9,0.1,1.5,1.6,0.05,-3.1,0.4,-2.7,-0.3
98,Garrett Temple,32,LAC,SG,26,6,510,3.0,7.5,0.396,1.1,3.8,0.296,1.8,3.7,0.5,0.472,1.6,2.2,0.742,0.7,3.8,4.5,2.6,1.8,0.4,1.1,4.9,8.7,,templga01,8.0,0.514,0.509,0.292,2.1,10.9,6.7,9.4,2.4,0.8,11.8,11.2,0.2,0.5,0.6,0.061,-4.1,1.0,-3.1,-0.1
99,Kentavious Caldwell-Pope,25,LAL,SG,82,23,2035,5.7,13.4,0.43,2.7,7.7,0.347,3.1,5.7,0.542,0.53,2.4,2.8,0.867,0.8,3.4,4.2,1.9,1.3,0.2,1.1,2.4,16.6,,caldwke01,12.9,0.568,0.575,0.209,2.5,9.4,6.0,7.5,1.7,0.5,7.3,18.1,2.3,1.8,4.0,0.095,-0.3,-0.1,-0.5,0.8
100,Austin Rivers,26,2TM,SG,76,15,2028,4.1,10.2,0.406,1.8,5.8,0.318,2.3,4.3,0.522,0.497,0.9,1.7,0.526,0.4,2.4,2.9,3.0,0.8,0.4,1.2,3.7,11.0,,riverau01,7.7,0.503,0.572,0.166,1.3,7.5,4.4,11.5,1.1,1.0,10.0,14.5,0.4,0.8,1.2,0.028,-3.3,-1.0,-4.3,-1.1
100,Austin Rivers,26,WAS,SG,29,2,683,4.0,10.2,0.392,1.7,5.6,0.311,2.3,4.6,0.489,0.477,1.3,2.4,0.543,0.5,3.2,3.7,3.1,0.9,0.5,1.9,3.8,11.1,,riverau01,6.8,0.49,0.546,0.237,1.6,9.8,5.6,11.2,1.2,1.2,14.4,15.5,-0.4,0.2,-0.2,-0.014,-4.1,-1.2,-5.3,-0.6
100,Austin Rivers,26,HOU,SG,47,13,1345,4.2,10.1,0.413,1.9,5.9,0.321,2.3,4.2,0.541,0.507,0.7,1.3,0.51,0.4,2.0,2.4,2.9,0.8,0.3,0.9,3.6,10.9,,riverau01,8.2,0.511,0.585,0.13,1.2,6.4,3.7,11.7,1.1,0.8,7.4,13.9,0.8,0.6,1.4,0.05,-2.9,-0.9,-3.8,-0.6
101,Dario Šarić,24,2TM,PF,81,41,2023,5.4,12.4,0.437,2.1,5.7,0.365,3.3,6.6,0.499,0.522,2.3,2.7,0.88,2.2,5.9,8.1,2.3,0.8,0.2,1.7,3.2,15.3,,saricda01,13.1,0.563,0.464,0.216,6.6,17.5,12.1,8.8,1.1,0.4,11.3,17.8,2.3,1.2,3.5,0.084,-0.3,-1.3,-1.6,0.2
101,Dario Šarić,24,PHI,PF,13,13,396,4.4,12.0,0.364,1.9,6.4,0.3,2.5,5.6,0.435,0.443,2.5,2.7,0.9,1.9,5.9,7.8,2.4,0.4,0.3,2.3,3.5,13.1,,saricda01,8.1,0.496,0.53,0.227,5.8,16.9,11.5,8.9,0.5,0.6,14.7,18.0,-0.1,0.3,0.2,0.023,-3.2,-1.5,-4.7,-0.3
101,Dario Šarić,24,MIN,PF,68,28,1627,5.7,12.5,0.454,2.1,5.6,0.383,3.5,6.9,0.511,0.54,2.3,2.7,0.875,2.3,5.9,8.2,2.2,0.9,0.1,1.6,3.2,15.8,,saricda01,14.3,0.579,0.449,0.213,6.8,17.7,12.2,8.8,1.2,0.3,10.5,17.8,2.4,0.9,3.3,0.099,0.4,-1.3,-0.8,0.5
102,Serge Ibaka,29,TOR,C,74,51,2010,8.3,15.7,0.529,0.9,3.0,0.29,7.4,12.7,0.586,0.557,2.4,3.2,0.763,2.8,8.0,10.8,1.8,0.5,1.8,2.0,3.8,19.9,,ibakase01,18.7,0.582,0.193,0.202,8.6,23.2,16.1,7.7,0.7,4.3,10.7,22.9,2.8,3.3,6.1,0.146,0.2,0.1,0.2,1.2
103,Damyean Dotson,24,NYK,SG,73,40,2004,5.2,12.5,0.415,2.3,6.1,0.368,2.9,6.4,0.461,0.506,1.3,1.8,0.745,0.6,4.1,4.7,2.4,1.0,0.2,1.3,2.4,14.0,,dotsoda01,10.8,0.526,0.49,0.14,1.7,12.2,6.8,10.4,1.4,0.4,8.7,17.3,0.7,0.9,1.5,0.037,-1.7,-0.8,-2.6,-0.3
104,Jonathan Isaac,21,ORL,PF,75,64,1996,4.7,11.0,0.429,1.6,4.8,0.323,3.2,6.2,0.51,0.499,2.0,2.4,0.815,1.8,5.6,7.4,1.4,1.1,1.8,1.4,2.6,13.0,,isaacjo01,13.0,0.537,0.435,0.221,5.2,17.0,11.0,5.7,1.4,4.1,10.1,16.3,0.9,3.1,4.0,0.096,-1.4,1.0,-0.4,0.8
105,Lou Williams,32,LAC,SG,75,1,1993,8.7,20.6,0.425,1.9,5.3,0.361,6.8,15.3,0.447,0.471,7.7,8.8,0.876,0.7,3.3,4.0,7.3,1.0,0.2,3.3,1.4,27.1,6MOY-1,willilo02,21.2,0.554,0.256,0.426,2.2,9.4,5.9,33.0,1.3,0.4,11.8,32.4,3.9,1.2,5.1,0.123,4.3,-2.1,2.2,2.1
106,Josh Jackson,21,PHO,SG,79,29,1988,6.3,15.2,0.413,1.3,4.1,0.324,5.0,11.2,0.445,0.456,2.6,3.9,0.671,1.2,5.1,6.3,3.3,1.3,1.0,3.1,3.8,16.5,,jacksjo02,10.6,0.487,0.268,0.253,3.6,15.9,9.7,14.1,1.8,2.3,15.6,23.9,-2.8,1.1,-1.7,-0.04,-3.3,-1.2,-4.6,-1.3
107,Dorian Finney-Smith,25,DAL,SF,81,26,1985,4.1,9.6,0.432,1.4,4.6,0.311,2.7,5.0,0.544,0.507,1.3,1.9,0.709,2.5,4.6,7.1,1.7,1.3,0.7,1.3,3.4,11.0,,finnedo01,11.0,0.53,0.481,0.195,7.5,13.4,10.5,6.9,1.7,1.5,11.4,14.0,1.2,2.0,3.3,0.079,-1.8,0.4,-1.4,0.3
108,Jusuf Nurkić,24,POR,C,72,72,1974,7.7,15.1,0.508,0.1,0.5,0.103,7.6,14.5,0.523,0.51,5.1,6.7,0.773,4.4,9.2,13.6,4.2,1.3,1.9,3.1,4.6,20.5,,nurkiju01,23.4,0.57,0.035,0.442,13.4,26.7,20.2,17.9,1.7,4.2,14.6,24.7,4.4,3.3,7.8,0.189,2.1,1.7,3.7,2.8
109,Al Horford,32,BOS,C,68,68,1973,7.1,13.2,0.535,1.3,3.7,0.36,5.7,9.5,0.604,0.586,1.4,1.7,0.821,2.2,6.2,8.4,5.2,1.1,1.6,1.9,2.3,16.9,,horfoal01,20.2,0.605,0.281,0.131,6.5,18.3,12.4,21.2,1.4,3.9,11.8,18.9,4.5,2.9,7.5,0.181,3.3,1.9,5.1,3.6
110,Monte Morris,23,DEN,PG,82,6,1970,6.3,12.8,0.493,1.7,4.1,0.414,4.6,8.7,0.531,0.56,1.2,1.5,0.802,0.6,2.9,3.5,5.4,1.3,0.1,1.0,1.9,15.6,6MOY-9,morrimo01,16.2,0.577,0.323,0.115,1.9,8.8,5.3,21.7,1.8,0.2,6.6,17.1,4.4,1.8,6.2,0.151,1.1,0.3,1.5,1.7
111,Ryan Arcidiacono,24,CHI,PG,81,32,1961,3.4,7.7,0.447,1.5,4.0,0.373,1.9,3.7,0.527,0.544,1.6,1.9,0.873,0.5,3.5,4.0,4.9,1.2,0.1,1.2,3.1,10.0,,arcidry01,11.6,0.588,0.519,0.244,1.5,10.8,6.1,18.9,1.6,0.2,12.0,11.7,2.8,0.9,3.7,0.09,-2.0,0.1,-1.9,0.1
112,Justise Winslow,22,MIA,SF,66,52,1959,6.0,13.8,0.433,1.8,4.7,0.375,4.2,9.1,0.462,0.497,1.6,2.5,0.628,1.2,5.4,6.5,5.2,1.3,0.3,2.6,3.3,15.3,,winslju01,12.8,0.513,0.342,0.183,3.4,15.9,9.6,21.9,1.8,0.9,14.9,20.8,0.2,2.6,2.8,0.067,-1.3,0.6,-0.6,0.7
113,Bogdan Bogdanović,26,SAC,SG,70,17,1947,6.7,16.0,0.418,2.5,6.9,0.36,4.2,9.1,0.462,0.496,2.5,3.0,0.827,0.7,3.8,4.5,4.9,1.3,0.3,2.2,2.6,18.3,,bogdabo01,14.1,0.53,0.431,0.188,2.1,11.0,6.4,19.3,1.7,0.7,11.1,22.3,1.3,1.4,2.7,0.067,-0.1,-0.6,-0.6,0.7
114,LeBron James,34,LAL,SF,55,55,1937,10.4,20.4,0.51,2.1,6.1,0.339,8.3,14.3,0.582,0.56,5.2,7.8,0.665,1.1,7.6,8.6,8.4,1.3,0.6,3.7,1.7,28.0,MVP-11ASNBA3,jamesle01,25.6,0.588,0.299,0.382,3.1,21.3,12.4,39.4,1.7,1.4,13.3,31.6,4.7,2.6,7.2,0.179,6.4,1.7,8.0,4.9
115,Kelly Oubre Jr.,23,2TM,SF,69,19,1935,7.0,15.7,0.445,2.0,6.3,0.32,5.0,9.4,0.53,0.51,3.5,4.5,0.775,1.3,4.7,6.0,1.6,1.6,1.1,1.9,3.4,19.5,,oubreke01,15.2,0.551,0.401,0.29,4.0,14.6,9.2,6.8,2.1,2.5,9.8,23.2,0.9,1.3,2.2,0.054,-0.3,-0.9,-1.2,0.4
115,Kelly Oubre Jr.,23,WAS,SF,29,7,755,6.3,14.5,0.433,2.0,6.3,0.311,4.3,8.2,0.526,0.5,3.2,4.1,0.8,1.1,5.0,6.2,1.0,1.3,1.0,1.4,3.4,17.8,,oubreke01,13.3,0.545,0.433,0.279,3.4,15.3,9.3,3.8,1.7,2.2,8.1,20.9,0.3,0.5,0.8,0.053,-1.4,-1.2,-2.6,-0.1
115,Kelly Oubre Jr.,23,PHO,SF,40,12,1180,7.4,16.4,0.453,2.0,6.3,0.325,5.4,10.1,0.532,0.515,3.7,4.9,0.761,1.4,4.5,6.0,2.0,1.7,1.2,2.2,3.4,20.6,,oubreke01,16.4,0.555,0.384,0.296,4.3,14.2,9.2,8.7,2.3,2.8,10.7,24.7,0.5,0.8,1.3,0.054,0.4,-0.8,-0.4,0.5
116,DeAndre' Bembry,24,ATL,SG,82,15,1931,5.1,11.5,0.446,0.9,3.2,0.289,4.2,8.3,0.508,0.487,1.6,2.5,0.64,1.0,5.7,6.7,3.8,2.0,0.8,2.6,3.5,12.8,,bembrde01,10.8,0.508,0.281,0.221,2.9,16.9,9.7,14.7,2.5,1.8,17.4,17.2,-0.9,1.7,0.9,0.022,-3.3,0.8,-2.4,-0.2
117,Terrance Ferguson,20,OKC,SG,74,74,1931,3.4,8.0,0.429,2.0,5.4,0.366,1.5,2.6,0.56,0.552,0.7,1.0,0.725,0.6,2.0,2.6,1.3,0.7,0.3,0.9,4.3,9.6,,fergute01,6.4,0.566,0.673,0.118,1.7,6.0,3.8,4.8,1.0,0.7,9.4,10.6,1.2,1.6,2.8,0.07,-3.9,0.1,-3.8,-0.9
118,Spencer Dinwiddie,25,BRK,PG,68,4,1914,6.9,15.6,0.442,2.3,7.0,0.335,4.6,8.6,0.528,0.517,5.4,6.7,0.806,0.5,2.6,3.1,5.8,0.8,0.3,2.9,3.5,21.5,6MOY-4,dinwisp01,16.3,0.58,0.447,0.43,1.4,7.6,4.6,25.6,1.0,0.7,13.4,24.9,3.5,1.4,4.8,0.121,1.4,-0.8,0.6,1.3
119,Bam Adebayo,21,MIA,C,82,28,1913,5.3,9.1,0.576,0.1,0.3,0.2,5.2,8.9,0.588,0.579,3.1,4.3,0.735,3.1,8.1,11.2,3.5,1.3,1.2,2.3,3.8,13.7,,adebaba01,17.9,0.623,0.031,0.465,9.2,24.0,16.6,14.2,1.8,3.0,17.1,15.8,3.4,3.4,6.8,0.171,-0.4,2.2,1.8,1.8
120,Jaylen Brown,22,BOS,SG,74,25,1913,6.9,14.9,0.465,1.8,5.2,0.344,5.1,9.7,0.529,0.525,2.5,3.8,0.658,1.2,4.7,5.9,1.9,1.3,0.6,1.9,3.5,18.1,,brownja02,13.5,0.547,0.348,0.255,3.6,13.9,8.7,7.7,1.7,1.5,10.1,22.1,0.7,2.4,3.0,0.076,-1.6,-0.4,-2.1,0.0
121,Patty Mills,30,SAS,PG,82,1,1908,5.3,12.5,0.425,3.0,7.6,0.394,2.3,4.9,0.475,0.545,1.7,1.9,0.854,0.5,3.0,3.4,4.6,0.9,0.2,1.8,2.4,15.3,,millspa02,13.2,0.572,0.609,0.155,1.4,8.9,5.2,17.6,1.3,0.4,11.6,18.5,2.2,1.2,3.5,0.087,0.4,-0.8,-0.3,0.8
122,Avery Bradley,28,2TM,SG,63,63,1905,4.7,11.5,0.408,1.6,4.6,0.351,3.1,6.9,0.446,0.479,0.8,0.9,0.86,0.8,2.5,3.3,2.9,0.8,0.3,1.7,3.2,11.8,,bradlav01,7.6,0.496,0.403,0.082,2.5,7.3,4.9,11.8,1.0,0.7,12.4,16.2,-0.6,1.0,0.3,0.009,-2.8,-0.9,-3.7,-0.8
122,Avery Bradley,28,LAC,SG,49,49,1463,4.0,10.3,0.383,1.4,4.2,0.337,2.5,6.1,0.415,0.452,0.5,0.6,0.8,0.9,2.4,3.2,2.4,0.7,0.4,1.5,3.3,9.8,,bradlav01,5.5,0.464,0.41,0.06,2.6,6.7,4.7,8.8,0.9,0.9,12.4,14.2,-1.0,0.6,-0.3,-0.011,-3.7,-0.9,-4.6,-1.0
122,Avery Bradley,28,MEM,SG,14,14,442,7.1,15.3,0.463,2.3,5.9,0.384,4.8,9.4,0.513,0.537,1.9,2.0,0.92,0.7,2.9,3.6,4.6,1.1,0.0,2.3,2.8,18.3,,bradlav01,14.5,0.565,0.388,0.133,2.0,9.3,5.6,21.6,1.6,0.0,12.3,22.9,0.3,0.4,0.7,0.074,0.1,-1.0,-0.9,0.1
123,Ricky Rubio,28,UTA,PG,68,67,1899,5.6,13.8,0.404,1.5,4.8,0.311,4.1,9.0,0.454,0.458,3.7,4.3,0.855,0.6,4.0,4.6,7.9,1.7,0.2,3.4,3.4,16.4,,rubiori01,14.0,0.52,0.348,0.312,1.9,11.8,6.9,32.1,2.3,0.4,17.8,22.7,0.9,2.8,3.7,0.095,-1.0,0.8,-0.2,0.9
124,Paul Millsap,33,DEN,PF,70,65,1895,6.1,12.6,0.484,1.1,3.0,0.365,5.0,9.6,0.522,0.528,3.4,4.7,0.727,2.9,6.7,9.6,2.7,1.6,1.0,1.8,3.5,16.8,,millspa01,17.9,0.57,0.239,0.374,8.7,20.2,14.4,10.6,2.2,2.5,10.9,19.6,3.2,2.9,6.1,0.155,0.7,1.0,1.7,1.8
125,Rodney Hood,26,2TM,SG,72,49,1893,5.6,12.8,0.435,1.6,4.5,0.356,4.0,8.3,0.478,0.498,2.6,2.9,0.884,0.5,2.5,3.0,2.4,1.1,0.2,1.0,2.8,15.3,,hoodro01,12.3,0.545,0.352,0.231,1.4,7.9,4.6,10.0,1.5,0.5,6.9,18.1,2.1,0.5,2.6,0.065,-1.2,-0.8,-2.0,0.0
125,Rodney Hood,26,CLE,SG,45,45,1234,5.7,13.2,0.427,1.6,4.4,0.362,4.1,8.8,0.46,0.488,3.0,3.3,0.912,0.5,2.7,3.3,2.7,1.1,0.1,1.1,2.9,16.0,,hoodro01,13.0,0.542,0.335,0.251,1.6,8.8,5.0,11.5,1.5,0.4,6.7,19.1,1.5,0.0,1.5,0.059,-1.0,-1.1,-2.1,0.0
125,Rodney Hood,26,POR,SG,27,4,659,5.4,11.9,0.452,1.6,4.6,0.345,3.8,7.3,0.519,0.518,1.8,2.2,0.805,0.4,2.1,2.5,1.9,1.1,0.4,1.0,2.5,14.1,,hoodro01,10.9,0.549,0.387,0.189,1.2,6.0,3.6,7.1,1.5,0.9,7.5,16.3,0.6,0.5,1.1,0.077,-1.7,-0.3,-2.0,0.0
126,Dwyane Wade,37,MIA,SG,72,2,1885,7.9,18.3,0.433,1.6,5.0,0.33,6.3,13.3,0.472,0.478,3.2,4.4,0.708,1.3,4.1,5.4,5.7,1.1,0.7,3.2,2.3,20.7,6MOY-7AS,wadedw01,15.8,0.51,0.272,0.243,3.9,12.2,8.0,26.5,1.5,1.8,13.5,27.9,0.1,2.3,2.4,0.061,0.8,-0.2,0.6,1.2
127,Malik Beasley,22,DEN,SG,81,18,1879,6.7,14.1,0.474,3.1,7.8,0.402,3.6,6.4,0.56,0.584,1.1,1.3,0.848,0.7,3.2,3.8,1.9,1.1,0.2,1.1,2.2,17.6,6MOY-11,beaslma01,14.2,0.599,0.55,0.09,2.0,9.5,5.8,7.5,1.4,0.5,6.7,18.7,2.9,1.6,4.5,0.115,0.8,-0.7,0.1,1.0
128,Reggie Bullock,27,2TM,SG,63,60,1879,4.7,11.4,0.412,2.8,7.5,0.377,1.9,3.9,0.483,0.537,1.4,1.6,0.859,0.4,2.9,3.3,2.5,0.8,0.2,1.2,2.1,13.6,,bullore01,10.5,0.563,0.662,0.143,1.2,8.8,4.9,10.1,1.0,0.5,9.3,15.8,1.6,1.4,3.1,0.078,-0.7,-0.4,-1.1,0.4
128,Reggie Bullock,27,DET,SG,44,44,1355,4.8,11.7,0.413,3.0,7.8,0.388,1.8,3.9,0.463,0.542,1.5,1.7,0.875,0.5,2.7,3.3,2.9,0.6,0.1,1.4,2.1,14.2,,bullore01,11.0,0.569,0.667,0.145,1.6,8.6,5.0,12.0,0.9,0.3,10.3,16.7,1.4,1.0,2.4,0.084,-0.1,-0.5,-0.6,0.5
128,Reggie Bullock,27,LAL,SG,19,16,524,4.3,10.5,0.412,2.3,6.8,0.343,2.0,3.7,0.537,0.523,1.2,1.4,0.81,0.1,3.3,3.4,1.4,1.1,0.5,0.8,2.1,12.2,,bullore01,9.1,0.545,0.647,0.137,0.4,9.3,4.9,5.0,1.4,1.1,6.3,13.7,0.2,0.4,0.7,0.061,-2.1,-0.1,-2.2,0.0
129,Gordon Hayward,28,BOS,PF,72,18,1863,5.7,12.3,0.466,1.5,4.5,0.333,4.2,7.8,0.542,0.527,3.0,3.6,0.834,1.0,5.2,6.2,4.7,1.2,0.4,2.0,2.0,15.9,,haywago01,15.6,0.575,0.364,0.294,2.9,15.5,9.2,18.4,1.6,1.1,12.8,19.0,2.6,2.3,4.9,0.126,0.4,0.4,0.8,1.3
130,Chris Paul,33,HOU,PG,58,58,1857,5.9,14.0,0.419,2.5,6.9,0.358,3.4,7.1,0.479,0.508,3.4,3.9,0.862,0.7,4.4,5.1,9.2,2.2,0.3,2.9,2.8,17.6,,paulch01,19.7,0.56,0.493,0.282,2.1,13.9,7.9,39.3,3.0,0.8,15.8,22.5,4.4,2.2,6.6,0.172,2.7,1.1,3.9,2.8
131,Anthony Davis,25,NOP,C,56,56,1850,10.3,20.0,0.517,0.9,2.8,0.331,9.4,17.1,0.547,0.54,6.7,8.4,0.794,3.4,9.7,13.1,4.2,1.7,2.6,2.2,2.6,28.3,AS,davisan02,30.3,0.597,0.141,0.422,9.9,27.5,18.8,19.0,2.2,6.0,8.4,29.5,6.4,3.1,9.5,0.247,7.1,2.3,9.4,5.3
132,Rudy Gay,32,SAS,PF,69,51,1842,7.3,14.6,0.504,1.4,3.6,0.402,5.9,11.0,0.537,0.554,2.3,2.9,0.816,1.2,8.0,9.2,3.6,1.1,0.7,2.2,3.1,18.5,,gayru01,17.5,0.583,0.247,0.197,3.8,23.9,13.9,14.7,1.4,1.6,12.3,22.1,2.2,2.2,4.4,0.115,0.8,0.6,1.4,1.6
133,Domantas Sabonis,22,IND,C,74,5,1838,8.1,13.7,0.59,0.2,0.3,0.529,7.9,13.4,0.592,0.596,4.1,5.7,0.715,3.6,9.9,13.5,4.2,0.9,0.6,3.1,4.7,20.4,6MOY-2,sabondo01,21.9,0.63,0.024,0.416,11.5,29.8,20.8,18.2,1.3,1.5,16.2,23.5,4.3,3.3,7.6,0.197,1.9,1.3,3.1,2.4
134,Malcolm Brogdon,26,MIL,SG,64,64,1832,7.4,14.7,0.505,2.0,4.8,0.426,5.4,9.9,0.544,0.575,2.8,3.0,0.928,1.3,4.4,5.7,4.0,0.9,0.3,1.8,2.0,19.7,,brogdma01,17.8,0.614,0.326,0.203,3.8,11.7,8.0,16.2,1.2,0.6,10.0,20.7,4.2,2.3,6.5,0.171,2.0,0.1,2.2,1.9
135,John Collins,21,ATL,PF,61,59,1829,9.2,16.4,0.56,1.1,3.1,0.348,8.1,13.2,0.609,0.593,4.0,5.2,0.763,4.3,7.4,11.7,2.4,0.4,0.8,2.4,3.9,23.4,,collijo01,21.8,0.627,0.19,0.32,12.3,22.1,17.1,11.0,0.6,1.8,11.2,23.7,5.0,1.0,6.0,0.158,2.8,-1.9,0.9,1.3
136,Marco Belinelli,32,SAS,SG,79,1,1815,5.7,13.7,0.413,2.9,7.8,0.372,2.7,5.9,0.468,0.52,2.2,2.5,0.903,0.3,3.6,3.9,2.6,0.7,0.2,1.4,2.4,16.4,,belinma01,11.9,0.557,0.572,0.18,1.0,10.8,5.9,10.1,0.9,0.4,8.8,19.8,1.4,1.1,2.5,0.065,-0.5,-1.2,-1.7,0.1
137,Kelly Olynyk,27,MIA,PF,79,36,1812,5.2,11.2,0.463,2.2,6.3,0.354,2.9,4.9,0.604,0.563,3.0,3.7,0.822,1.4,6.0,7.5,2.8,1.1,0.7,2.3,3.6,15.6,,olynyke01,14.4,0.61,0.566,0.328,4.2,17.8,11.0,11.4,1.4,1.8,15.0,18.0,2.3,2.5,4.7,0.126,-0.2,0.9,0.7,1.2
138,Landry Shamet,21,2TM,SG,79,27,1802,4.8,11.1,0.431,3.3,7.9,0.422,1.5,3.2,0.453,0.581,1.5,1.9,0.806,0.4,2.3,2.7,2.3,0.7,0.2,0.9,3.1,14.4,,shamela01,11.0,0.604,0.711,0.167,1.3,6.4,3.9,9.0,1.0,0.4,7.0,15.0,2.7,0.9,3.6,0.095,-0.3,-1.3,-1.6,0.2
138,Landry Shamet,21,PHI,SG,54,4,1108,5.0,11.3,0.441,3.2,8.0,0.404,1.8,3.3,0.529,0.584,1.4,1.8,0.815,0.5,2.1,2.5,1.9,0.8,0.3,0.8,3.4,14.6,,shamela01,10.7,0.606,0.706,0.156,1.4,5.9,3.7,7.4,1.0,0.6,6.6,15.0,1.6,0.6,2.2,0.096,-0.7,-1.1,-1.9,0.0
138,Landry Shamet,21,LAC,SG,25,23,694,4.5,10.9,0.414,3.5,7.8,0.45,1.0,3.1,0.322,0.576,1.6,2.0,0.795,0.4,2.5,2.9,3.0,0.7,0.1,1.0,2.5,14.2,,shamela01,11.3,0.601,0.719,0.186,1.1,7.3,4.3,11.5,0.9,0.2,7.7,15.0,1.1,0.3,1.4,0.094,0.4,-1.6,-1.2,0.1
139,Larry Nance Jr.,26,CLE,C,67,30,1795,5.0,9.6,0.52,0.7,2.0,0.337,4.3,7.6,0.567,0.554,1.9,2.7,0.716,3.4,7.7,11.1,4.3,2.0,0.8,1.9,3.9,12.6,,nancela02,18.6,0.583,0.205,0.28,10.0,24.9,17.1,17.8,2.8,1.9,15.3,15.5,3.3,1.6,4.9,0.131,1.0,1.4,2.4,2.0
140,Terry Rozier,24,BOS,PG,79,14,1791,5.2,13.4,0.387,2.4,6.8,0.353,2.8,6.6,0.422,0.477,1.5,1.9,0.785,0.6,5.5,6.2,4.6,1.4,0.4,1.4,2.0,14.2,,roziete01,12.9,0.501,0.506,0.14,1.9,16.4,9.1,17.7,1.8,1.0,8.8,18.6,0.9,2.3,3.2,0.086,-0.7,0.5,-0.2,0.8
141,Nemanja Bjelica,30,SAC,PF,77,70,1788,5.7,11.9,0.479,2.1,5.2,0.401,3.6,6.8,0.539,0.566,1.4,1.9,0.761,2.5,6.4,8.9,3.0,1.1,1.1,1.7,4.0,14.9,,bjeline01,15.4,0.585,0.433,0.155,7.0,18.8,12.8,11.1,1.4,2.7,11.5,16.5,2.7,1.9,4.5,0.122,0.4,0.5,0.9,1.3
142,Derrick Favors,27,UTA,C,76,70,1766,7.4,12.6,0.586,0.3,1.6,0.218,7.1,11.0,0.64,0.6,3.1,4.6,0.675,4.2,7.2,11.4,1.8,1.1,2.2,1.7,3.3,18.3,,favorde01,21.8,0.624,0.126,0.368,12.9,21.3,17.2,8.0,1.5,4.8,10.5,19.4,4.4,3.5,7.9,0.215,1.8,1.5,3.3,2.4
143,Fred VanVleet,24,TOR,PG,64,28,1760,5.0,12.3,0.41,2.3,6.1,0.378,2.7,6.2,0.441,0.503,2.0,2.4,0.843,0.4,3.0,3.4,6.3,1.2,0.4,1.7,2.3,14.3,,vanvlfr01,13.7,0.539,0.493,0.192,1.3,8.7,5.1,23.9,1.6,0.9,11.2,17.9,2.4,1.9,4.3,0.117,0.4,0.1,0.5,1.1
144,Brandon Ingram,21,LAL,SF,52,52,1760,7.4,14.9,0.497,0.6,1.9,0.33,6.8,13.0,0.521,0.518,4.0,5.9,0.675,0.8,4.6,5.5,3.2,0.6,0.6,2.6,3.0,19.4,,ingrabr01,13.4,0.555,0.129,0.396,2.5,13.0,7.8,12.9,0.7,1.4,13.1,23.2,0.6,1.4,2.0,0.055,-1.3,-0.7,-2.0,0.0
145,Josh Okogie,20,MIN,SG,74,52,1757,4.0,10.4,0.386,1.2,4.4,0.279,2.8,6.0,0.464,0.445,2.4,3.3,0.728,0.8,3.6,4.5,1.9,1.8,0.7,1.3,3.4,11.7,ROY-8,okogijo01,9.4,0.492,0.423,0.319,2.5,10.9,6.6,6.9,2.4,1.6,9.8,15.4,-0.1,1.4,1.2,0.034,-3.5,0.4,-3.1,-0.5
146,Darius Miller,28,NOP,SF,69,15,1757,3.9,9.9,0.39,2.7,7.5,0.365,1.1,2.5,0.467,0.528,1.1,1.5,0.789,0.3,2.3,2.6,3.0,0.8,0.5,1.2,3.4,11.6,,milleda01,8.4,0.55,0.752,0.147,0.8,6.6,3.8,10.4,1.1,1.1,10.3,13.4,1.1,0.6,1.6,0.045,-2.1,-0.8,-2.9,-0.4
147,Langston Galloway,27,DET,SG,80,4,1745,4.7,12.1,0.388,2.8,7.8,0.355,1.9,4.3,0.449,0.503,1.7,2.0,0.844,1.0,2.5,3.5,1.8,0.8,0.2,0.5,2.8,13.9,,gallola01,10.7,0.534,0.647,0.164,3.0,7.9,5.4,7.3,1.0,0.4,3.7,16.1,2.1,1.3,3.4,0.094,-0.9,-0.6,-1.5,0.2
148,Mason Plumlee,28,DEN,C,82,17,1731,5.4,9.2,0.593,0.0,0.2,0.2,5.4,9.0,0.602,0.595,2.3,4.1,0.561,3.4,7.5,10.9,5.1,1.4,1.6,2.6,5.2,13.2,,plumlma01,17.8,0.602,0.023,0.448,10.3,22.5,16.4,19.5,1.9,3.9,19.2,16.2,2.9,2.9,5.8,0.16,-0.5,2.6,2.1,1.8
149,Derrick White,24,SAS,PG,67,55,1728,5.4,11.3,0.479,1.0,3.0,0.338,4.4,8.4,0.529,0.523,2.0,2.6,0.772,0.7,4.4,5.1,5.5,1.4,1.0,2.0,3.0,13.8,,whitede01,14.8,0.555,0.262,0.227,2.2,13.3,7.8,21.0,1.9,2.3,14.0,17.7,1.7,1.9,3.6,0.101,-0.4,1.3,0.9,1.3
150,Jabari Parker,23,2TM,PF,64,17,1724,7.7,15.6,0.493,1.3,4.1,0.313,6.4,11.6,0.556,0.533,2.7,3.8,0.712,1.6,7.1,8.8,3.2,1.0,0.6,3.2,3.0,19.4,,parkeja01,15.5,0.56,0.26,0.246,4.9,21.8,13.3,14.1,1.3,1.5,15.4,24.6,0.1,1.3,1.4,0.039,-0.7,-0.9,-1.5,0.2
150,Jabari Parker,23,CHI,PF,39,17,1042,7.6,16.0,0.474,1.3,3.9,0.325,6.3,12.1,0.523,0.514,2.7,3.7,0.731,1.4,6.9,8.3,2.9,0.8,0.5,2.9,3.0,19.2,,parkeja01,14.6,0.543,0.246,0.233,4.2,21.1,12.6,13.2,1.1,1.2,14.1,25.0,-0.2,0.7,0.5,0.024,-1.1,-1.1,-2.1,0.0
150,Jabari Parker,23,WAS,PF,25,0,682,7.9,15.0,0.523,1.3,4.3,0.296,6.6,10.8,0.613,0.565,2.7,4.0,0.684,2.0,7.5,9.5,3.6,1.2,0.8,3.5,3.1,19.7,,parkeja01,17.0,0.587,0.284,0.267,5.9,23.0,14.3,15.4,1.6,2.0,17.4,24.0,0.3,0.6,0.9,0.063,0.0,-0.6,-0.6,0.2
151,Noah Vonleh,23,NYK,PF,68,57,1722,4.3,9.2,0.47,1.0,2.9,0.336,3.4,6.3,0.531,0.523,2.3,3.3,0.712,2.4,8.7,11.0,2.7,1.0,1.1,1.8,3.6,11.9,,vonleno01,13.9,0.561,0.311,0.355,6.7,25.8,16.0,11.1,1.3,2.5,14.7,14.8,1.5,1.7,3.2,0.09,-1.2,0.5,-0.7,0.6
152,Josh Hart,23,LAL,SG,67,22,1715,4.0,9.7,0.407,1.9,5.8,0.336,2.0,4.0,0.511,0.506,1.2,1.7,0.688,0.7,4.5,5.2,2.0,1.3,0.8,1.2,3.1,11.0,,hartjo01,9.3,0.526,0.591,0.172,2.2,12.6,7.5,7.0,1.7,1.9,10.4,13.5,0.2,1.9,2.1,0.059,-2.3,1.0,-1.3,0.3
153,DeMarre Carroll,32,BRK,PF,67,8,1703,4.8,12.2,0.395,2.2,6.6,0.342,2.6,5.6,0.457,0.487,3.9,5.1,0.76,1.4,5.9,7.4,1.8,0.7,0.2,1.5,2.4,15.7,,carrode01,12.1,0.546,0.539,0.421,4.2,17.3,10.8,7.2,0.9,0.5,9.7,18.6,1.5,1.6,3.1,0.088,-0.9,-0.6,-1.5,0.2
154,Delon Wright,26,2TM,PG,75,13,1699,5.1,11.8,0.434,1.1,3.6,0.298,4.1,8.3,0.492,0.478,2.5,3.2,0.793,1.4,4.2,5.6,5.3,1.9,0.6,1.6,2.2,13.8,,wrighde01,15.5,0.523,0.301,0.269,4.4,12.8,8.6,21.6,2.5,1.6,11.0,18.1,1.9,2.4,4.3,0.121,0.1,1.4,1.5,1.5
154,Delon Wright,26,TOR,PG,49,2,897,5.1,11.8,0.433,1.2,3.6,0.333,3.9,8.1,0.478,0.485,2.1,2.4,0.869,1.6,3.5,5.0,4.4,1.8,0.6,1.5,2.1,13.5,,wrighde01,14.5,0.527,0.307,0.208,4.8,10.1,7.5,16.8,2.5,1.4,10.4,17.1,1.0,1.3,2.3,0.123,0.1,1.6,1.7,0.8
154,Delon Wright,26,MEM,PG,26,11,802,5.2,11.9,0.434,0.9,3.5,0.256,4.3,8.4,0.508,0.472,3.0,4.0,0.742,1.3,5.0,6.3,6.2,1.9,0.7,1.8,2.2,14.2,,wrighde01,16.6,0.519,0.294,0.336,4.0,15.9,9.9,26.9,2.6,1.8,11.6,19.2,0.9,1.1,2.0,0.119,0.0,1.2,1.2,0.6
155,Miles Bridges,20,CHO,SF,80,25,1696,5.0,10.8,0.464,1.4,4.2,0.325,3.7,6.6,0.553,0.527,1.2,1.6,0.753,1.4,5.4,6.9,2.0,1.2,1.0,1.1,2.4,12.7,,bridgmi02,13.1,0.548,0.391,0.151,4.2,16.6,10.3,8.1,1.6,2.5,8.4,15.1,1.4,1.5,2.9,0.083,-0.9,0.1,-0.8,0.5
156,Taj Gibson,33,MIN,PF,70,57,1686,6.5,11.5,0.566,0.2,0.7,0.324,6.3,10.7,0.583,0.576,2.9,3.8,0.757,3.7,6.1,9.8,1.8,1.1,0.8,1.6,4.0,16.1,,gibsota01,17.8,0.612,0.063,0.33,10.8,18.3,14.5,7.3,1.5,2.0,10.6,17.2,3.7,1.4,5.1,0.144,0.3,-0.4,-0.1,0.8
157,Otto Porter Jr.,25,2TM,SF,56,43,1683,6.4,13.8,0.465,2.2,5.5,0.406,4.2,8.3,0.504,0.546,1.7,2.1,0.813,1.2,5.6,6.7,2.6,1.8,0.7,1.4,2.3,16.7,,porteot01,15.9,0.569,0.398,0.149,3.4,17.0,10.1,10.6,2.3,1.6,8.7,19.1,1.8,1.5,3.2,0.093,0.8,0.1,0.9,1.2
157,Otto Porter Jr.,25,WAS,SF,41,28,1191,6.1,13.4,0.457,2.0,5.3,0.369,4.1,8.0,0.515,0.531,1.5,1.9,0.766,1.2,5.8,7.0,2.4,1.9,0.7,1.2,2.4,15.7,,porteot01,15.0,0.551,0.398,0.145,3.6,17.7,10.5,9.6,2.5,1.6,7.8,18.2,1.0,1.1,2.1,0.085,0.0,0.3,0.3,0.7
157,Otto Porter Jr.,25,CHI,SF,15,15,492,7.1,14.7,0.483,2.9,5.9,0.488,4.2,8.9,0.479,0.58,2.1,2.3,0.906,1.0,5.0,6.1,2.9,1.3,0.7,1.8,2.1,19.2,,porteot01,18.0,0.609,0.398,0.159,3.1,15.4,9.2,13.0,1.8,1.6,10.4,21.3,0.8,0.4,1.1,0.112,2.6,-0.4,2.2,0.5
158,Lauri Markkanen,21,CHI,PF,52,51,1682,7.3,17.0,0.43,2.6,7.1,0.361,4.8,9.9,0.479,0.506,3.6,4.2,0.872,1.6,8.5,10.1,1.6,0.8,0.7,1.8,2.6,20.8,,markkla01,17.1,0.553,0.418,0.245,4.7,25.9,15.2,7.2,1.1,1.7,8.8,25.1,1.3,1.5,2.7,0.078,1.4,-1.5,-0.2,0.7
159,Hassan Whiteside,29,MIA,C,72,53,1674,8.3,14.6,0.571,0.0,0.3,0.125,8.3,14.3,0.581,0.572,2.3,5.2,0.449,5.5,12.0,17.6,1.2,1.0,2.9,2.1,4.1,19.1,,whiteha01,23.5,0.564,0.024,0.357,16.3,35.6,25.9,5.6,1.3,7.3,11.0,22.6,2.3,4.0,6.3,0.18,1.1,1.2,2.3,1.8
160,Royce O'Neale,25,UTA,SF,82,16,1671,3.5,7.4,0.475,1.5,3.8,0.386,2.0,3.6,0.569,0.574,0.7,0.9,0.762,0.5,5.7,6.1,2.7,1.2,0.5,1.5,3.7,9.2,,onealro01,9.0,0.589,0.513,0.122,1.5,16.7,9.2,10.0,1.5,1.1,16.2,11.0,0.7,2.5,3.3,0.094,-2.6,2.1,-0.5,0.6
161,JaVale McGee,31,LAL,C,75,62,1671,8.6,13.8,0.624,0.0,0.3,0.083,8.6,13.6,0.634,0.625,2.1,3.3,0.632,4.2,8.0,12.2,1.1,1.0,3.2,2.3,4.5,19.3,,mcgeeja01,21.8,0.634,0.019,0.237,12.3,22.5,17.5,4.8,1.3,7.3,13.2,20.2,3.0,2.9,5.9,0.171,0.3,1.2,1.4,1.4
162,Dwight Powell,27,DAL,C,77,22,1662,6.3,10.5,0.597,0.8,2.8,0.307,5.4,7.8,0.699,0.637,4.2,5.5,0.772,3.0,5.9,8.9,2.4,1.0,1.1,1.5,4.4,17.7,,poweldw01,20.4,0.682,0.261,0.523,9.1,17.3,13.2,10.7,1.3,2.6,10.1,17.2,5.6,1.9,7.5,0.215,2.0,0.9,2.9,2.1
163,Kent Bazemore,29,ATL,SG,67,35,1643,6.1,15.1,0.402,2.1,6.6,0.32,4.0,8.6,0.465,0.472,2.8,3.8,0.726,0.8,4.9,5.7,3.3,2.0,0.9,2.7,3.7,17.1,,bazemke01,11.9,0.507,0.434,0.253,2.3,14.6,8.3,13.5,2.5,2.2,13.6,22.0,-0.7,1.4,0.7,0.021,-2.5,0.2,-2.3,-0.1
164,Enes Freedom,26,2TM,C,67,31,1640,8.2,15.0,0.549,0.2,0.7,0.294,8.0,14.2,0.562,0.556,3.4,4.3,0.787,5.6,8.8,14.5,2.5,0.7,0.6,2.6,3.7,20.1,,kanteen01,22.3,0.594,0.05,0.288,16.4,26.1,21.1,12.1,0.9,1.3,13.3,23.1,3.9,1.6,5.4,0.159,2.5,-1.5,1.0,1.2
164,Enes Freedom,26,NYK,C,44,23,1128,8.0,14.9,0.536,0.2,0.7,0.318,7.8,14.2,0.547,0.544,3.4,4.1,0.814,5.5,9.3,14.7,2.7,0.6,0.5,2.5,3.4,19.6,,kanteen01,21.8,0.585,0.047,0.276,15.5,27.5,21.4,13.1,0.8,1.3,13.1,22.9,2.4,0.9,3.4,0.143,2.5,-1.6,0.9,0.8
164,Enes Freedom,26,POR,C,23,8,512,8.7,15.1,0.577,0.2,0.8,0.25,8.5,14.3,0.596,0.584,3.5,4.8,0.735,6.0,7.9,13.9,2.3,1.0,0.6,2.7,4.3,21.2,,kanteen01,23.5,0.614,0.056,0.316,18.3,22.8,20.6,9.9,1.3,1.4,13.7,23.4,1.5,0.6,2.1,0.196,2.6,-1.3,1.3,0.4
165,Gary Harris,24,DEN,SG,57,48,1639,5.9,14.0,0.424,1.8,5.3,0.339,4.1,8.7,0.476,0.488,2.5,3.2,0.799,0.9,2.6,3.5,2.8,1.2,0.4,1.5,2.5,16.2,,harriga01,12.2,0.526,0.38,0.226,2.7,7.9,5.3,11.0,1.6,1.0,8.9,20.0,1.1,1.5,2.6,0.076,-1.2,-0.4,-1.6,0.2
166,Dāvis Bertāns,26,SAS,PF,76,12,1632,4.5,10.0,0.45,3.2,7.5,0.429,1.3,2.5,0.513,0.61,1.2,1.3,0.883,0.5,5.3,5.8,2.2,0.8,0.7,0.9,2.9,13.4,6MOY-11,bertada01,13.0,0.632,0.746,0.132,1.6,16.0,8.8,8.2,1.0,1.7,8.2,14.1,2.6,1.5,4.0,0.118,1.1,0.2,1.3,1.4
167,Justin Jackson,23,2TM,SF,81,14,1614,4.8,10.8,0.447,1.9,5.5,0.355,2.9,5.4,0.542,0.537,1.4,1.8,0.785,1.0,3.7,4.7,2.1,0.7,0.3,0.6,2.2,13.0,,jacksju01,11.3,0.561,0.505,0.163,2.8,11.0,6.9,8.1,0.9,0.7,5.3,14.3,2.0,0.9,2.9,0.086,-0.8,-0.8,-1.6,0.2
167,Justin Jackson,23,SAC,SF,52,3,1083,4.2,9.8,0.424,1.8,5.3,0.346,2.3,4.5,0.515,0.517,1.4,1.7,0.82,0.8,4.0,4.9,2.3,0.8,0.4,0.7,2.2,11.5,,jacksju01,10.1,0.546,0.539,0.169,2.3,11.8,6.9,8.0,1.0,1.0,6.5,12.9,1.0,0.6,1.6,0.072,-1.3,-0.5,-1.9,0.0
167,Justin Jackson,23,DAL,SF,29,11,531,6.2,12.9,0.484,2.2,5.8,0.372,4.1,7.1,0.577,0.568,1.4,2.0,0.724,1.3,3.2,4.5,1.9,0.6,0.1,0.5,2.2,16.1,,jacksju01,13.9,0.584,0.453,0.153,3.9,9.4,6.7,8.4,0.8,0.2,3.3,17.0,1.0,0.3,1.3,0.114,0.4,-1.4,-1.0,0.1
168,Dewayne Dedmon,29,ATL,C,64,52,1609,5.8,11.8,0.492,1.9,4.9,0.382,3.9,6.9,0.57,0.571,2.1,2.5,0.814,2.3,8.4,10.7,2.0,1.5,1.6,1.9,4.8,15.5,,dedmode01,16.0,0.602,0.413,0.215,6.7,25.0,15.7,8.1,2.0,3.8,12.7,16.7,2.1,1.9,4.0,0.119,-0.3,0.8,0.5,1.0
169,Emmanuel Mudiay,22,NYK,PG,59,42,1607,7.4,16.6,0.446,1.5,4.7,0.329,5.8,11.9,0.492,0.493,3.2,4.2,0.774,0.7,3.7,4.4,5.1,1.0,0.4,3.1,2.3,19.6,,mudiaem01,14.6,0.531,0.284,0.251,2.1,10.9,6.4,24.2,1.3,1.0,14.6,25.6,0.1,0.7,0.8,0.023,-0.2,-1.8,-2.0,0.0
170,Robin Lopez,30,CHI,C,74,36,1606,6.8,12.0,0.568,0.2,0.7,0.226,6.7,11.3,0.589,0.575,2.0,2.8,0.724,3.1,3.3,6.4,2.0,0.2,1.7,2.2,2.8,15.8,,lopezro01,15.9,0.598,0.058,0.23,9.4,10.0,9.7,8.8,0.3,4.2,14.0,18.6,2.0,0.7,2.7,0.081,-0.6,-1.4,-1.9,0.0
171,Evan Turner,30,POR,PG,73,2,1605,4.6,9.9,0.46,0.2,1.2,0.212,4.3,8.8,0.494,0.473,1.7,2.4,0.708,0.8,6.5,7.4,6.3,0.7,0.4,2.6,2.5,11.1,,turneev01,11.6,0.504,0.117,0.239,2.5,18.9,10.9,23.6,1.0,0.9,18.9,15.9,0.5,1.5,2.0,0.06,-1.8,0.5,-1.3,0.3
172,Jalen Brunson,22,DAL,PG,73,38,1591,6.0,12.8,0.467,1.4,4.1,0.348,4.5,8.7,0.523,0.523,2.0,2.7,0.725,0.6,3.3,3.8,5.2,0.8,0.1,2.0,2.9,15.3,,brunsja01,12.8,0.549,0.32,0.212,1.7,9.6,5.7,22.6,1.1,0.2,12.5,19.1,1.5,1.0,2.6,0.077,-1.2,-0.5,-1.7,0.1
173,Andre Iguodala,35,GSW,SF,68,13,1578,3.4,6.9,0.5,1.1,3.3,0.333,2.3,3.6,0.652,0.579,0.9,1.5,0.582,1.1,4.7,5.7,4.9,1.4,1.2,1.2,2.2,8.9,6MOY-10,iguodan01,13.1,0.587,0.477,0.222,3.4,13.2,8.5,16.8,1.8,2.7,13.6,10.4,2.4,1.8,4.2,0.129,0.1,1.7,1.8,1.5
174,Marvin Bagley III,19,SAC,PF,62,4,1567,8.2,16.2,0.504,0.7,2.2,0.313,7.5,14.0,0.534,0.525,4.2,6.0,0.691,3.7,7.1,10.8,1.4,0.8,1.4,2.3,2.8,21.2,ROY-7,baglema01,18.9,0.562,0.136,0.371,10.4,20.8,15.5,5.9,1.0,3.2,10.7,24.2,2.0,1.6,3.6,0.11,0.5,-1.5,-1.0,0.4
175,Tyus Jones,22,MIN,PG,68,23,1560,4.3,10.3,0.415,0.9,2.9,0.317,3.3,7.4,0.453,0.46,1.3,1.6,0.841,0.5,2.6,3.1,7.5,1.9,0.1,1.1,1.8,10.8,,jonesty01,13.7,0.491,0.283,0.155,1.6,7.7,4.6,28.3,2.5,0.3,9.0,14.1,2.1,0.9,3.0,0.091,-0.9,0.3,-0.6,0.6
176,Taurean Prince,24,ATL,SF,55,47,1552,6.1,13.8,0.441,2.9,7.3,0.39,3.2,6.5,0.498,0.545,2.2,2.7,0.819,0.5,4.1,4.6,2.7,1.2,0.4,2.3,3.3,17.2,,princta02,11.9,0.575,0.53,0.195,1.5,12.3,6.7,11.1,1.6,1.1,13.4,19.5,0.8,0.7,1.5,0.047,-1.0,-1.0,-2.0,0.0
177,Rodney McGruder,27,MIA,SG,66,45,1550,4.3,10.7,0.403,1.8,5.2,0.351,2.5,5.5,0.453,0.489,1.2,1.7,0.722,1.4,4.1,5.5,2.6,0.8,0.3,1.5,2.7,11.7,,mcgruro01,9.4,0.51,0.488,0.156,4.1,12.2,8.2,10.3,1.1,0.7,11.5,15.4,0.4,1.6,1.9,0.059,-2.2,-0.1,-2.3,-0.1
178,Alex Len,25,ATL,C,77,31,1544,7.5,15.1,0.494,1.7,4.8,0.363,5.7,10.4,0.554,0.551,3.3,5.0,0.648,3.7,6.2,9.9,2.0,0.6,1.6,2.3,4.7,19.9,,lenal01,17.2,0.575,0.315,0.333,10.5,18.5,14.4,8.6,0.8,3.9,11.5,22.1,2.2,1.0,3.2,0.1,0.0,-1.3,-1.2,0.3
179,Tyler Johnson,26,2TM,PG,57,22,1529,5.1,12.4,0.413,2.1,6.1,0.346,3.0,6.3,0.477,0.498,2.2,3.0,0.748,0.8,3.3,4.1,3.9,1.3,0.6,1.8,2.3,14.6,,johnsty01,12.4,0.532,0.494,0.241,2.4,9.8,6.1,15.9,1.7,1.6,11.7,18.5,0.9,1.4,2.3,0.071,-0.7,0.3,-0.4,0.6
179,Tyler Johnson,26,MIA,PG,44,10,1123,5.5,12.9,0.426,2.3,6.5,0.353,3.2,6.3,0.503,0.516,2.0,2.8,0.693,0.6,3.3,3.9,3.6,1.3,0.7,2.0,2.3,15.2,,johnsty01,12.3,0.54,0.509,0.219,1.8,9.7,5.7,14.9,1.7,1.7,12.5,19.2,0.5,1.3,1.8,0.075,-0.7,0.6,-0.1,0.5
179,Tyler Johnson,26,PHO,PG,13,12,406,4.1,11.1,0.368,1.6,5.0,0.321,2.5,6.1,0.406,0.44,3.0,3.5,0.872,1.3,3.3,4.6,4.8,1.2,0.5,1.2,2.2,12.8,,johnsty01,12.8,0.506,0.448,0.312,4.0,10.3,7.1,18.6,1.6,1.2,9.0,16.5,0.4,0.1,0.5,0.06,-0.5,-0.6,-1.0,0.1
180,Jaren Jackson Jr.,19,MEM,PF,58,56,1515,7.1,14.0,0.506,1.2,3.4,0.359,5.9,10.6,0.553,0.549,3.6,4.7,0.766,1.7,4.7,6.5,1.5,1.2,1.9,2.3,5.2,19.0,ROY-4,jacksja02,16.4,0.591,0.241,0.334,5.3,15.0,10.1,7.2,1.7,5.1,12.7,22.8,1.2,2.2,3.3,0.105,-1.2,1.0,-0.3,0.7
181,Dennis Smith Jr.,21,2TM,PG,53,50,1508,6.6,15.5,0.428,1.6,5.0,0.322,5.0,10.6,0.477,0.479,2.4,3.7,0.635,0.8,2.9,3.7,6.0,1.6,0.5,3.7,3.1,17.2,,smithde03,12.3,0.502,0.32,0.24,2.2,8.7,5.5,27.3,2.1,1.1,17.6,24.8,-1.2,1.2,0.0,0.001,-1.6,-0.4,-1.9,0.0
181,Dennis Smith Jr.,21,DAL,PG,32,32,908,6.2,14.2,0.44,1.7,5.0,0.344,4.5,9.2,0.491,0.5,2.3,3.3,0.695,0.7,3.1,3.8,5.5,1.6,0.4,4.0,3.3,16.4,,smithde03,11.5,0.527,0.35,0.23,2.1,9.3,5.7,24.1,2.1,1.0,20.3,23.3,-0.7,0.9,0.2,0.01,-2.1,0.0,-2.1,0.0
181,Dennis Smith Jr.,21,NYK,PG,21,18,600,7.3,17.6,0.413,1.4,5.0,0.289,5.8,12.6,0.462,0.454,2.5,4.4,0.568,0.8,2.6,3.5,6.8,1.6,0.5,3.2,2.8,18.5,,smithde03,13.5,0.473,0.283,0.253,2.4,7.9,5.1,32.2,2.2,1.3,14.2,27.0,-0.5,0.3,-0.2,-0.014,-0.8,-0.9,-1.7,0.0
182,Torrey Craig,28,DEN,SF,75,37,1503,3.8,8.7,0.442,1.5,4.5,0.324,2.4,4.2,0.569,0.526,1.2,1.7,0.7,2.1,4.2,6.3,1.7,0.9,1.1,1.1,4.2,10.3,,craigto01,10.4,0.547,0.519,0.193,6.4,12.6,9.5,6.3,1.2,2.7,10.1,12.4,1.4,1.7,3.0,0.096,-2.0,0.2,-1.9,0.0
183,Maxi Kleber,27,DAL,PF,71,18,1502,4.2,9.3,0.453,1.8,5.2,0.353,2.3,4.0,0.583,0.553,1.4,1.8,0.784,2.2,5.7,7.9,1.7,0.9,1.9,1.3,3.4,11.6,,klebima01,13.1,0.579,0.565,0.192,6.5,16.9,11.7,6.8,1.2,4.4,11.4,13.5,1.6,1.8,3.5,0.111,-0.8,1.2,0.4,0.9
184,Thomas Bryant,21,WAS,C,72,53,1496,7.4,12.1,0.616,0.8,2.4,0.333,6.6,9.7,0.685,0.648,2.6,3.3,0.781,2.7,8.2,10.9,2.2,0.6,1.6,1.4,3.0,18.2,,bryanth01,21.0,0.674,0.197,0.273,8.1,25.1,16.5,9.3,0.8,3.8,9.6,17.6,4.3,1.3,5.6,0.178,2.3,-0.3,2.0,1.5
185,Kevon Looney,22,GSW,C,80,24,1481,5.3,8.4,0.625,0.0,0.2,0.1,5.3,8.2,0.641,0.627,1.6,2.6,0.619,4.7,5.4,10.1,3.0,1.1,1.3,1.2,5.1,12.2,,looneke01,17.3,0.636,0.029,0.303,14.6,15.4,15.0,10.9,1.5,3.0,11.5,12.8,4.2,1.8,6.0,0.194,0.1,0.4,0.5,0.9
186,Iman Shumpert,28,2TM,SG,62,41,1481,4.1,10.8,0.374,2.3,6.6,0.348,1.8,4.2,0.416,0.481,0.9,1.1,0.8,0.7,3.8,4.4,2.7,1.4,0.6,1.2,3.1,11.3,,shumpim01,9.1,0.499,0.612,0.101,1.9,11.4,6.5,9.9,1.9,1.4,9.7,14.5,0.1,1.2,1.4,0.045,-2.4,0.5,-1.9,0.0
186,Iman Shumpert,28,SAC,SG,42,40,1099,4.4,11.4,0.382,2.4,6.6,0.366,1.9,4.8,0.404,0.489,1.1,1.3,0.829,0.6,3.6,4.2,3.0,1.5,0.7,1.2,3.0,12.3,,shumpim01,10.1,0.511,0.58,0.118,1.7,10.6,6.0,10.7,2.0,1.6,9.4,15.2,0.3,0.9,1.2,0.054,-1.9,0.6,-1.3,0.2
186,Iman Shumpert,28,HOU,SG,20,1,382,3.2,9.2,0.347,2.0,6.7,0.296,1.2,2.5,0.481,0.454,0.2,0.4,0.5,0.8,4.3,5.1,2.0,1.1,0.4,1.1,3.3,8.6,,shumpim01,6.3,0.456,0.724,0.041,2.3,13.6,7.8,7.6,1.5,0.9,10.7,12.7,-0.2,0.3,0.2,0.019,-4.0,0.2,-3.7,-0.2
187,Gerald Green,33,HOU,SG,73,0,1473,5.6,14.1,0.4,3.8,10.8,0.354,1.8,3.3,0.547,0.535,1.4,1.7,0.838,0.7,3.7,4.4,1.0,0.8,0.7,1.3,3.1,16.5,,greenge01,11.4,0.555,0.763,0.118,2.2,11.7,6.8,4.1,1.1,1.6,8.3,19.5,0.9,1.0,1.9,0.061,-0.2,-1.5,-1.7,0.1
188,T.J. McConnell,26,PHI,PG,76,3,1470,5.4,10.3,0.525,0.3,1.0,0.333,5.0,9.2,0.546,0.542,0.7,0.9,0.784,0.7,3.6,4.3,6.3,1.9,0.4,2.2,2.6,11.8,,mccontj01,13.4,0.555,0.1,0.088,2.1,10.2,6.3,24.7,2.5,0.9,17.3,15.0,1.2,1.7,2.9,0.094,-1.8,0.9,-0.9,0.4
189,E'Twaun Moore,29,NOP,SG,53,36,1463,6.3,13.1,0.481,1.9,4.3,0.432,4.4,8.8,0.506,0.553,1.1,1.5,0.763,0.9,2.3,3.1,2.5,1.0,0.2,1.5,2.8,15.6,,mooreet01,11.5,0.567,0.331,0.111,2.5,6.4,4.5,9.5,1.3,0.4,9.6,17.3,1.2,0.5,1.7,0.055,-1.2,-1.1,-2.3,-0.1
190,Allonzo Trier,23,NYK,SG,64,3,1459,5.7,12.8,0.448,1.3,3.3,0.394,4.4,9.5,0.466,0.498,4.4,5.5,0.803,0.8,4.1,4.9,2.9,0.7,0.3,2.9,2.9,17.1,,trieral01,12.2,0.564,0.255,0.431,2.2,12.2,7.1,12.9,0.9,0.8,15.8,21.5,0.4,0.5,0.9,0.03,-1.6,-1.5,-3.1,-0.4
191,Bruce Brown,22,DET,SG,74,56,1449,3.1,7.8,0.398,0.6,2.3,0.258,2.5,5.5,0.457,0.436,1.1,1.5,0.75,1.2,3.4,4.6,2.3,1.0,0.9,1.1,4.4,7.9,,brownbr01,6.9,0.469,0.296,0.191,3.5,10.7,7.0,8.8,1.4,2.1,11.9,11.5,-0.1,1.6,1.5,0.048,-4.4,1.0,-3.3,-0.5
192,Ed Davis,29,BRK,C,81,1,1446,4.6,7.5,0.616,0.0,0.0,0.0,4.6,7.5,0.62,0.616,2.5,4.0,0.617,5.4,11.9,17.3,1.5,0.9,0.8,1.6,5.6,11.8,6MOY-11,davised01,17.3,0.632,0.007,0.536,15.8,34.6,25.2,6.0,1.2,1.8,14.6,12.7,3.3,2.5,5.7,0.191,-0.6,0.7,0.0,0.7
193,Wayne Selden,24,2TM,SG,75,13,1439,4.9,12.1,0.406,1.4,4.4,0.316,3.5,7.7,0.456,0.463,1.7,2.3,0.728,0.9,3.6,4.5,2.7,0.8,0.3,2.0,3.3,12.9,,seldewa01,8.3,0.491,0.36,0.19,2.8,11.0,6.9,11.3,1.1,0.8,13.1,18.4,-1.0,0.8,-0.3,-0.009,-3.8,-1.6,-5.4,-1.2
193,Wayne Selden,24,MEM,SG,32,0,455,5.1,12.7,0.404,1.6,5.0,0.317,3.6,7.8,0.459,0.466,1.7,2.3,0.759,1.3,2.2,3.5,2.8,0.8,0.5,1.8,3.8,13.6,,seldewa01,8.8,0.495,0.391,0.18,3.9,7.0,5.4,12.4,1.1,1.2,11.7,19.3,-0.2,0.3,0.1,0.014,-3.3,-1.1,-4.4,-0.3
193,Wayne Selden,24,CHI,SG,43,13,984,4.8,11.8,0.407,1.3,4.1,0.315,3.5,7.7,0.455,0.461,1.6,2.3,0.714,0.8,4.2,5.0,2.7,0.8,0.3,2.0,3.0,12.5,,seldewa01,8.1,0.489,0.345,0.196,2.3,12.8,7.5,10.8,1.1,0.6,13.8,18.0,-0.8,0.4,-0.4,-0.019,-4.0,-1.8,-5.9,-1.0
194,Luke Kennard,22,DET,SG,63,10,1437,5.7,13.0,0.438,2.7,6.7,0.394,3.1,6.3,0.486,0.54,1.3,1.5,0.836,0.3,4.3,4.6,2.9,0.7,0.3,1.4,2.3,15.4,,kennalu01,11.9,0.56,0.517,0.117,0.9,13.5,7.0,12.3,0.9,0.6,9.4,18.1,1.3,1.3,2.5,0.085,-0.4,-0.6,-1.1,0.3
195,Jeremy Lin,30,2TM,PG,74,4,1436,6.0,13.6,0.44,1.4,4.7,0.294,4.6,8.9,0.517,0.491,4.4,5.3,0.838,0.6,3.9,4.5,5.8,1.2,0.3,3.1,3.6,17.7,,linje01,13.5,0.558,0.346,0.388,1.6,11.7,6.6,23.4,1.5,0.8,16.4,21.8,1.2,0.9,2.1,0.07,-1.4,-0.9,-2.2,-0.1
195,Jeremy Lin,30,ATL,PG,51,1,1003,6.5,13.9,0.466,1.6,4.7,0.333,4.9,9.1,0.535,0.523,5.1,6.0,0.845,0.6,3.7,4.3,6.5,1.4,0.3,3.5,3.4,19.6,,linje01,15.9,0.594,0.342,0.435,1.6,11.0,6.2,26.7,1.8,0.6,17.6,22.6,1.5,0.4,1.9,0.092,0.3,-1.0,-0.6,0.3
195,Jeremy Lin,30,TOR,PG,23,3,433,4.8,12.9,0.374,0.9,4.6,0.2,3.9,8.3,0.47,0.41,2.8,3.5,0.81,0.5,4.5,5.0,4.2,0.7,0.5,2.2,4.0,13.4,,linje01,8.2,0.464,0.355,0.271,1.5,13.1,7.5,15.7,1.0,1.1,13.0,19.8,-0.3,0.5,0.2,0.02,-5.4,-0.6,-6.0,-0.4
196,Shaquille Harrison,25,CHI,SG,73,11,1430,4.6,10.7,0.432,0.6,2.2,0.27,4.0,8.5,0.475,0.46,2.1,3.1,0.667,0.8,4.8,5.6,3.5,2.2,0.8,1.5,3.1,11.9,,harrish01,12.4,0.494,0.209,0.289,2.5,14.5,8.4,14.1,3.0,1.8,11.1,16.5,-0.1,1.6,1.4,0.048,-2.8,1.5,-1.3,0.2
197,Lonzo Ball,21,LAL,PG,47,45,1423,4.7,11.5,0.406,1.9,5.8,0.329,2.8,5.8,0.482,0.488,0.5,1.2,0.417,1.4,5.0,6.3,6.5,1.7,0.5,2.6,2.9,11.8,,balllo01,11.7,0.487,0.5,0.105,4.0,14.0,9.1,23.8,2.3,1.1,17.8,16.9,-0.2,1.7,1.6,0.052,-1.6,1.3,-0.3,0.6
198,Maurice Harkless,25,POR,SF,60,53,1415,4.8,9.9,0.487,0.8,3.1,0.275,4.0,6.8,0.582,0.53,1.2,1.9,0.671,2.0,4.9,6.8,1.9,1.7,1.3,1.1,4.1,11.7,,harklma01,13.2,0.547,0.309,0.188,5.9,14.1,10.1,7.1,2.3,3.0,9.7,13.9,1.5,1.9,3.4,0.114,-1.0,1.7,0.7,1.0
199,Tyreke Evans,29,IND,SG,69,18,1402,6.6,16.9,0.389,2.0,5.5,0.356,4.6,11.4,0.405,0.448,3.0,4.1,0.719,0.8,4.3,5.2,4.3,1.5,0.5,3.0,3.0,18.1,,evansty01,11.5,0.483,0.327,0.242,2.7,13.0,7.9,17.5,2.0,1.1,13.9,26.4,-1.7,2.0,0.3,0.01,-2.4,-0.3,-2.7,-0.2
200,Seth Curry,28,POR,SG,74,2,1399,5.5,12.0,0.456,2.9,6.5,0.45,2.5,5.5,0.463,0.577,1.1,1.3,0.846,0.7,2.4,3.1,1.7,0.9,0.3,1.6,2.5,15.0,,curryse01,11.4,0.595,0.54,0.112,2.1,6.9,4.6,6.5,1.2,0.7,11.1,16.6,1.5,0.9,2.4,0.082,-0.4,-0.7,-1.0,0.3
201,Mike Scott,30,2TM,PF,79,3,1395,4.3,10.8,0.4,2.6,6.5,0.401,1.7,4.3,0.399,0.52,0.6,0.9,0.667,1.1,6.0,7.1,1.7,0.7,0.3,1.1,4.0,11.8,,scottmi01,8.6,0.528,0.6,0.079,3.4,17.2,10.5,6.4,0.9,0.7,9.2,14.4,0.4,1.2,1.6,0.053,-1.9,-0.7,-2.5,-0.2
201,Mike Scott,30,LAC,PF,52,0,748,4.4,11.1,0.4,2.5,6.4,0.391,1.9,4.7,0.412,0.513,0.6,0.9,0.667,1.2,7.2,8.4,2.1,0.8,0.4,1.3,4.2,11.9,,scottmi01,9.4,0.521,0.578,0.078,3.5,20.6,12.3,8.1,1.1,0.8,10.2,14.9,0.1,0.7,0.9,0.055,-1.5,0.0,-1.5,0.1
201,Mike Scott,30,PHI,PF,27,3,647,4.2,10.6,0.4,2.7,6.6,0.412,1.5,4.0,0.38,0.529,0.6,0.8,0.667,1.1,4.6,5.7,1.2,0.5,0.3,0.9,3.8,11.7,,scottmi01,7.7,0.537,0.626,0.079,3.2,13.2,8.3,4.6,0.7,0.6,8.0,13.8,0.2,0.5,0.7,0.052,-2.3,-1.4,-3.7,-0.3
202,Derrick Rose,30,MIN,PG,51,13,1392,9.4,19.5,0.482,1.4,3.8,0.37,8.0,15.7,0.509,0.518,3.5,4.1,0.856,0.9,2.8,3.6,5.7,0.8,0.3,2.1,1.5,23.7,6MOY-6,rosede01,19.5,0.557,0.194,0.212,2.5,8.3,5.4,26.4,1.1,0.7,9.1,27.3,2.6,0.3,3.0,0.102,3.2,-1.7,1.4,1.2
203,Kris Dunn,24,CHI,PG,46,44,1389,5.6,13.1,0.425,0.9,2.5,0.354,4.7,10.6,0.441,0.458,1.4,1.8,0.797,0.5,4.4,4.8,7.2,1.8,0.5,2.7,4.3,13.5,,dunnkr01,12.4,0.484,0.19,0.136,1.5,13.3,7.3,30.0,2.4,1.3,16.2,20.1,-0.5,1.2,0.6,0.022,-2.8,0.2,-2.7,-0.2
204,Alec Burks,27,3TM,SG,64,24,1375,5.0,12.4,0.405,1.6,4.4,0.363,3.4,8.0,0.428,0.469,3.0,3.7,0.823,0.8,5.4,6.2,3.4,1.0,0.5,1.7,2.4,14.7,,burksal01,12.7,0.523,0.354,0.297,2.3,17.0,9.4,13.7,1.4,1.3,10.8,19.0,0.7,0.8,1.5,0.052,-0.6,-0.7,-1.2,0.3
204,Alec Burks,27,UTA,SG,17,0,269,6.3,15.3,0.412,2.1,5.8,0.372,4.1,9.5,0.437,0.482,4.4,5.1,0.868,0.3,3.3,3.6,2.7,0.8,0.5,2.0,2.9,19.1,,burksal01,12.4,0.547,0.377,0.333,0.8,9.9,5.4,11.2,1.1,1.2,10.3,23.2,0.2,0.3,0.5,0.084,-0.4,-0.2,-0.6,0.1
204,Alec Burks,27,CLE,SG,34,24,979,5.0,12.5,0.4,1.7,4.4,0.378,3.3,8.1,0.412,0.466,2.9,3.6,0.806,1.0,5.9,6.8,3.6,0.9,0.6,1.7,2.3,14.6,,burksal01,13.2,0.517,0.35,0.288,2.8,19.0,10.6,15.0,1.3,1.4,10.7,19.2,0.6,0.3,0.9,0.042,-0.2,-1.2,-1.4,0.1
204,Alec Burks,27,SAC,SG,13,0,127,2.6,5.7,0.45,0.0,1.7,0.0,2.6,4.0,0.643,0.45,1.1,1.4,0.8,0.6,5.7,6.2,2.8,2.3,0.3,1.1,2.0,6.2,,burksal01,9.0,0.495,0.3,0.25,1.6,16.6,8.9,9.5,2.9,0.7,15.3,8.5,0.0,0.2,0.2,0.062,-3.9,2.8,-1.1,0.0
205,JaMychal Green,28,2TM,PF,65,6,1371,6.0,12.5,0.483,1.9,4.6,0.403,4.2,7.9,0.53,0.558,2.1,2.7,0.792,2.7,8.0,10.7,1.3,1.2,0.9,2.3,5.1,16.0,,greenja01,14.7,0.587,0.37,0.212,8.3,24.3,16.4,5.8,1.6,2.3,14.3,19.4,0.9,1.9,2.9,0.101,-1.3,-0.4,-1.7,0.1
205,JaMychal Green,28,MEM,PF,41,4,900,6.0,12.5,0.484,1.5,3.8,0.396,4.5,8.6,0.523,0.545,2.5,3.2,0.788,2.9,7.2,10.1,1.4,1.3,1.0,2.6,4.9,16.1,,greenja01,14.9,0.58,0.308,0.256,8.8,22.8,15.7,6.5,1.8,2.7,15.6,20.4,0.4,1.4,1.8,0.094,-1.8,0.0,-1.8,0.1
205,JaMychal Green,28,LAC,PF,24,2,471,6.0,12.5,0.482,2.5,6.1,0.413,3.5,6.4,0.548,0.582,1.3,1.6,0.81,2.4,9.6,12.0,1.1,0.9,0.6,1.8,5.4,15.9,,greenja01,14.3,0.6,0.488,0.128,7.4,27.3,17.7,4.3,1.2,1.3,11.7,17.6,0.5,0.6,1.1,0.113,-0.3,-1.2,-1.5,0.1
206,Rajon Rondo,32,LAL,PG,46,29,1369,4.6,11.4,0.405,1.3,3.7,0.359,3.3,7.6,0.428,0.464,0.6,0.9,0.639,0.9,5.5,6.4,9.7,1.5,0.2,3.3,2.6,11.1,,rondora01,12.1,0.473,0.329,0.083,2.6,15.5,9.2,35.5,1.9,0.4,22.1,17.4,-0.2,1.5,1.3,0.047,-1.7,0.2,-1.5,0.2
207,Mitchell Robinson,20,NYK,C,66,19,1360,5.3,7.7,0.694,0.0,0.0,,5.3,7.7,0.694,0.694,2.1,3.6,0.6,4.7,6.5,11.2,1.0,1.4,4.3,0.9,5.7,12.8,ROY-8,robinmi01,22.0,0.692,0.0,0.464,13.3,19.4,16.3,4.2,1.8,10.0,9.1,12.1,4.0,2.2,6.1,0.217,0.1,2.4,2.5,1.6
208,T.J. Warren,25,PHO,SF,43,36,1360,7.9,16.2,0.486,2.0,4.8,0.428,5.8,11.4,0.51,0.549,2.7,3.3,0.815,0.8,3.8,4.6,1.7,1.4,0.8,1.4,3.2,20.4,,warretj01,16.3,0.58,0.295,0.203,2.5,11.8,7.1,7.7,1.8,1.8,7.2,22.7,1.6,0.5,2.1,0.074,0.9,-1.1,-0.2,0.6
209,Juancho Hernangómez,23,DEN,PF,70,25,1358,3.7,8.3,0.439,1.7,4.8,0.365,1.9,3.5,0.541,0.545,1.7,2.3,0.767,1.7,5.3,7.0,1.5,0.7,0.6,1.0,2.5,10.8,,hernaju01,11.0,0.58,0.576,0.274,5.1,16.1,10.6,5.3,1.0,1.6,9.5,12.2,1.6,1.4,3.0,0.105,-0.9,-0.2,-1.1,0.3
210,Zach Collins,21,POR,C,77,0,1356,5.0,10.6,0.473,1.1,3.2,0.331,4.0,7.4,0.534,0.523,2.5,3.3,0.746,2.9,5.7,8.6,1.9,0.7,1.8,2.0,4.6,13.6,,colliza01,13.5,0.562,0.303,0.315,8.8,16.5,12.7,7.1,0.9,3.9,14.5,16.6,1.4,1.5,2.9,0.104,-1.5,0.3,-1.2,0.3
211,OG Anunoby,21,TOR,SF,67,6,1352,4.9,10.8,0.453,1.8,5.4,0.332,3.1,5.4,0.574,0.536,1.0,1.7,0.581,1.5,3.7,5.2,1.3,1.2,0.6,1.5,3.7,12.5,,anunoog01,9.8,0.544,0.5,0.153,4.8,10.8,7.9,4.7,1.6,1.3,11.3,15.5,0.3,1.7,2.0,0.07,-2.4,0.1,-2.4,-0.1
212,Doug McDermott,27,IND,SF,77,1,1340,5.6,11.3,0.491,2.3,5.5,0.408,3.3,5.8,0.569,0.59,1.8,2.1,0.835,0.5,2.5,2.9,1.8,0.5,0.2,1.1,2.8,15.2,,mcderdo01,11.6,0.617,0.488,0.187,1.4,7.5,4.5,7.1,0.7,0.5,8.4,16.3,1.8,1.1,2.9,0.103,-0.5,-0.9,-1.4,0.2
213,Kyle Korver,37,2TM,SG,70,0,1334,5.4,13.0,0.416,3.7,9.4,0.397,1.7,3.6,0.467,0.559,1.6,2.0,0.822,0.2,4.1,4.4,2.2,0.7,0.3,1.6,2.9,16.2,,korveky01,11.2,0.582,0.72,0.151,0.7,12.4,6.6,8.9,0.9,0.7,10.3,18.5,1.0,1.3,2.3,0.082,-0.2,-0.3,-0.5,0.5
213,Kyle Korver,37,CLE,PF,16,0,251,5.0,10.9,0.461,3.6,7.7,0.463,1.4,3.2,0.455,0.625,1.9,2.3,0.813,0.0,4.2,4.2,2.4,0.4,0.3,2.4,3.2,15.5,,korveky01,11.3,0.65,0.711,0.211,0.0,13.4,6.4,10.1,0.6,0.7,17.0,17.4,0.2,0.0,0.2,0.043,0.6,-1.3,-0.7,0.1
213,Kyle Korver,37,UTA,SG,54,0,1083,5.5,13.5,0.408,3.8,9.8,0.384,1.8,3.8,0.469,0.547,1.6,1.9,0.825,0.3,4.1,4.4,2.1,0.7,0.3,1.4,2.8,16.4,,korveky01,11.2,0.569,0.722,0.14,0.9,12.2,6.7,8.6,1.0,0.7,8.9,18.7,0.8,1.3,2.0,0.091,-0.4,0.0,-0.4,0.4
214,Vince Carter,42,ATL,PF,76,9,1330,5.3,12.7,0.419,3.3,8.6,0.389,2.0,4.1,0.48,0.55,1.3,1.8,0.712,0.8,4.4,5.3,2.4,1.2,0.7,1.3,3.8,15.2,,cartevi01,11.8,0.565,0.675,0.141,2.4,13.2,7.7,9.3,1.5,1.8,8.8,16.7,1.2,0.7,1.9,0.07,-0.4,-0.3,-0.7,0.5
215,Jake Layman,24,POR,SF,71,33,1327,5.9,11.5,0.509,1.6,4.9,0.326,4.3,6.6,0.646,0.579,1.4,1.9,0.704,1.5,4.4,5.9,1.4,0.8,0.8,1.2,3.1,14.7,,laymaja01,13.5,0.594,0.427,0.167,4.6,12.6,8.7,5.6,1.1,1.8,9.2,15.9,1.9,1.2,3.1,0.111,-0.1,-0.3,-0.5,0.5
216,Mike Muscala,27,2TM,PF,64,10,1306,4.0,10.0,0.402,2.5,7.1,0.348,1.5,2.9,0.533,0.525,1.9,2.3,0.824,1.6,5.2,6.7,2.1,0.6,1.0,1.3,3.6,12.4,,muscami01,10.8,0.564,0.709,0.235,4.7,14.7,9.8,7.7,0.8,2.3,10.8,14.3,1.2,1.2,2.5,0.091,-0.8,-0.3,-1.1,0.3
216,Mike Muscala,27,PHI,PF,47,6,1041,3.8,9.6,0.392,2.4,6.9,0.342,1.4,2.7,0.519,0.514,2.2,2.7,0.818,1.8,5.2,6.9,2.1,0.6,0.9,1.5,3.9,12.1,,muscami01,10.4,0.56,0.716,0.277,5.3,14.7,10.2,7.9,0.8,2.0,12.1,14.3,0.9,1.0,1.9,0.087,-1.1,-0.4,-1.5,0.1
216,Mike Muscala,27,LAL,PF,17,4,265,4.9,11.3,0.434,2.9,7.7,0.368,2.0,3.5,0.577,0.56,1.0,1.1,0.875,0.8,5.2,6.0,1.9,0.5,1.5,0.7,2.4,13.6,,muscami01,12.5,0.578,0.687,0.096,2.4,14.5,8.6,7.1,0.7,3.4,5.5,14.3,0.3,0.3,0.6,0.107,0.3,0.4,0.7,0.2
217,Tony Snell,27,MIL,SF,74,12,1304,4.5,10.0,0.452,2.2,5.6,0.397,2.3,4.3,0.522,0.564,1.0,1.2,0.881,0.8,3.5,4.3,1.9,0.7,0.5,0.6,2.5,12.3,,snellto01,10.7,0.585,0.565,0.116,2.4,9.4,6.1,6.7,0.9,1.2,5.7,12.9,1.6,1.6,3.2,0.117,-1.0,0.3,-0.7,0.4
218,George Hill,32,2TM,PG,60,13,1302,4.7,10.4,0.452,1.3,4.2,0.314,3.4,6.2,0.547,0.516,1.9,2.4,0.824,1.1,3.0,4.1,3.7,1.4,0.2,1.4,2.8,12.7,,hillge01,12.1,0.554,0.407,0.226,3.2,8.3,5.9,14.0,1.9,0.5,11.0,15.1,1.5,1.3,2.8,0.103,-1.9,0.5,-1.4,0.2
218,George Hill,32,CLE,PG,13,13,344,5.8,11.2,0.514,1.4,2.9,0.464,4.4,8.3,0.532,0.575,1.8,2.1,0.85,1.3,1.6,2.8,3.8,1.3,0.1,2.1,3.7,14.7,,hillge01,13.5,0.604,0.262,0.187,3.7,5.1,4.4,16.2,1.7,0.3,14.7,17.3,0.5,0.0,0.5,0.066,-0.7,-1.2,-2.0,0.0
218,George Hill,32,MIL,PG,47,0,958,4.3,10.1,0.428,1.3,4.7,0.28,3.0,5.4,0.556,0.493,2.0,2.4,0.815,1.0,3.5,4.5,3.7,1.5,0.3,1.2,2.5,11.9,,hillge01,11.6,0.534,0.465,0.242,3.0,9.4,6.4,13.3,1.9,0.6,9.4,14.4,1.0,1.4,2.3,0.117,-2.3,1.1,-1.2,0.2
219,Bobby Portis,23,2TM,PF,50,28,1299,7.7,17.4,0.444,2.1,5.3,0.393,5.7,12.1,0.467,0.504,2.1,2.7,0.794,3.0,8.1,11.2,2.0,1.0,0.6,2.1,4.0,19.7,,portibo01,16.1,0.529,0.304,0.154,9.0,24.9,16.8,8.8,1.3,1.3,9.9,24.6,0.5,1.1,1.6,0.06,-0.2,-2.3,-2.4,-0.1
219,Bobby Portis,23,CHI,PF,22,6,531,8.3,18.4,0.45,1.8,4.9,0.375,6.4,13.5,0.477,0.5,2.6,3.4,0.78,3.1,7.8,10.9,2.0,0.7,0.5,2.0,4.1,21.0,,portibo01,17.2,0.529,0.266,0.185,9.3,23.8,16.5,9.2,1.0,1.3,9.0,26.5,0.3,0.4,0.7,0.062,0.5,-2.4,-1.9,0.0
219,Bobby Portis,23,WAS,PF,28,22,768,7.4,16.7,0.44,2.3,5.6,0.403,5.1,11.2,0.458,0.507,1.8,2.2,0.809,3.0,8.4,11.3,2.0,1.1,0.6,2.1,3.9,18.7,,portibo01,15.3,0.53,0.333,0.132,8.8,25.7,17.1,8.4,1.5,1.3,10.6,23.3,0.2,0.7,0.9,0.058,-0.6,-2.2,-2.8,-0.2
220,Wayne Ellington,31,2TM,SG,53,38,1297,5.1,12.7,0.403,3.8,10.3,0.371,1.3,2.4,0.541,0.554,1.1,1.4,0.796,0.4,2.6,3.0,2.0,1.5,0.2,1.1,2.6,15.1,,ellinwa01,11.8,0.569,0.814,0.107,1.1,7.9,4.5,8.3,2.0,0.4,7.7,17.2,1.3,1.4,2.6,0.097,-0.3,0.3,0.0,0.7
220,Wayne Ellington,31,MIA,SG,25,12,533,4.7,12.4,0.375,3.8,10.5,0.368,0.8,2.0,0.414,0.53,0.9,1.1,0.875,0.4,2.8,3.2,2.0,1.6,0.2,0.9,2.7,14.1,,ellinwa01,10.8,0.547,0.842,0.087,1.2,8.2,4.7,7.8,2.2,0.5,6.8,16.5,0.4,0.6,1.0,0.091,-0.7,0.9,0.2,0.3
220,Wayne Ellington,31,DET,SG,28,26,764,5.4,12.9,0.421,3.8,10.2,0.373,1.6,2.6,0.607,0.57,1.2,1.6,0.758,0.4,2.5,2.8,2.0,1.4,0.1,1.2,2.5,15.8,,ellinwa01,12.5,0.584,0.795,0.121,1.1,7.7,4.3,8.6,1.9,0.3,8.3,17.7,0.9,0.7,1.6,0.102,0.0,-0.1,-0.1,0.4
221,Rodions Kurucs,20,BRK,SF,63,46,1294,5.6,12.5,0.45,1.6,5.1,0.315,4.0,7.4,0.543,0.514,2.0,2.6,0.783,1.6,5.3,6.8,1.4,1.1,0.7,2.1,4.1,14.9,,kurucro01,11.0,0.545,0.41,0.205,4.6,15.4,10.0,6.0,1.5,1.5,13.6,18.4,0.1,1.5,1.6,0.059,-2.9,0.3,-2.6,-0.2
222,Kyle Anderson,25,MEM,SF,43,40,1281,4.2,7.8,0.543,0.3,1.0,0.265,4.0,6.8,0.583,0.56,1.0,1.8,0.578,1.3,5.7,7.1,3.6,1.5,1.0,1.6,3.1,9.7,,anderky01,12.8,0.569,0.123,0.232,4.1,18.1,11.0,15.0,2.1,2.7,16.0,12.6,0.8,1.8,2.7,0.1,-1.6,2.4,0.8,0.9
223,Jakob Poeltl,23,SAS,C,77,24,1273,5.3,8.2,0.645,0.0,0.0,,5.3,8.2,0.645,0.645,1.4,2.6,0.533,5.0,6.6,11.6,2.6,0.8,1.9,1.4,3.5,12.0,,poeltja01,19.4,0.64,0.0,0.317,15.4,19.7,17.6,10.0,1.1,4.5,12.7,13.1,3.5,1.6,5.1,0.193,1.3,0.7,2.0,1.3
224,Markieff Morris,29,2TM,PF,58,16,1270,5.8,13.7,0.421,1.9,5.8,0.335,3.9,8.0,0.484,0.492,2.0,2.6,0.772,1.7,5.8,7.5,2.2,1.0,0.6,1.5,5.0,15.5,,morrima02,11.7,0.521,0.419,0.19,5.0,17.5,11.1,8.8,1.3,1.5,9.3,19.1,0.6,1.1,1.6,0.061,-2.1,-0.6,-2.7,-0.2
224,Markieff Morris,29,WAS,PF,34,15,883,5.8,13.4,0.436,2.0,5.9,0.333,3.9,7.5,0.516,0.509,2.3,3.0,0.781,1.7,5.4,7.1,2.4,1.0,0.8,1.9,4.8,15.9,,morrima02,12.3,0.543,0.439,0.223,5.0,16.6,10.7,9.6,1.3,1.9,11.5,19.5,0.4,0.5,0.9,0.051,-1.8,-0.9,-2.7,-0.2
224,Markieff Morris,29,OKC,PF,24,1,387,5.7,14.5,0.391,1.9,5.5,0.339,3.8,9.0,0.423,0.455,1.3,1.8,0.737,1.9,6.6,8.5,1.8,1.0,0.2,0.7,5.4,14.5,,morrima02,10.4,0.475,0.378,0.122,5.2,19.6,12.1,6.8,1.3,0.4,4.1,18.0,0.2,0.5,0.7,0.083,-2.8,0.1,-2.8,-0.1
225,Jeff Teague,30,MIN,PG,42,41,1264,5.0,11.8,0.423,1.0,3.0,0.333,4.0,8.9,0.453,0.465,3.5,4.4,0.804,0.5,2.6,3.0,9.8,1.2,0.5,2.8,2.6,14.5,,teaguje01,15.4,0.528,0.252,0.368,1.3,7.7,4.5,37.6,1.6,1.2,16.7,19.3,1.7,0.5,2.2,0.085,0.8,-1.2,-0.4,0.5
226,Pat Connaughton,26,MIL,SG,61,2,1261,4.7,10.0,0.466,1.9,5.7,0.33,2.8,4.3,0.647,0.56,0.8,1.1,0.725,1.7,5.6,7.4,3.5,0.9,0.7,0.9,2.3,12.0,,connapa01,13.6,0.573,0.571,0.114,5.2,15.0,10.4,12.6,1.2,1.7,8.2,13.3,2.0,1.9,3.9,0.149,0.3,0.8,1.2,1.0
227,Malik Monk,20,CHO,SG,73,0,1258,6.5,16.8,0.387,3.1,9.4,0.33,3.4,7.3,0.461,0.48,2.6,2.9,0.882,0.5,3.5,3.9,3.3,1.1,0.5,2.5,3.0,18.7,,monkma01,11.8,0.518,0.563,0.174,1.3,10.6,5.9,14.3,1.4,1.3,12.0,24.6,-0.4,0.7,0.3,0.012,-1.3,-1.7,-3.0,-0.3
228,Ish Smith,30,DET,PG,56,0,1251,5.9,14.1,0.419,1.3,3.9,0.326,4.6,10.2,0.455,0.464,1.4,1.8,0.758,0.7,3.5,4.2,5.8,0.8,0.3,1.8,3.1,14.4,,smithis01,11.8,0.485,0.276,0.127,1.9,11.1,6.3,25.4,1.1,0.7,10.6,19.9,0.5,1.1,1.7,0.064,-1.6,-0.3,-2.0,0.0
229,Elfrid Payton,24,NOP,PG,42,42,1250,5.2,11.9,0.434,1.0,3.0,0.314,4.2,8.8,0.476,0.475,1.6,2.1,0.743,1.4,4.9,6.3,9.2,1.3,0.5,3.2,2.3,12.8,,paytoel01,14.0,0.502,0.255,0.18,4.1,14.0,9.1,33.5,1.6,1.1,20.1,18.3,0.6,0.9,1.5,0.058,-0.7,-0.7,-1.4,0.2
230,Shelvin Mack,28,2TM,PG,57,3,1246,4.7,11.6,0.404,1.3,3.8,0.354,3.4,7.9,0.429,0.462,1.7,2.4,0.69,0.5,2.5,3.0,5.3,1.4,0.1,1.9,2.4,12.4,,macksh01,10.4,0.489,0.323,0.208,1.6,7.9,4.7,22.6,1.9,0.3,13.0,18.1,-0.2,1.1,0.9,0.034,-2.7,-0.4,-3.0,-0.3
230,Shelvin Mack,28,MEM,PG,53,3,1204,4.8,11.6,0.414,1.4,3.8,0.359,3.4,7.8,0.441,0.473,1.6,2.2,0.707,0.5,2.5,3.0,5.4,1.3,0.1,1.9,2.4,12.6,,macksh01,11.0,0.499,0.329,0.193,1.6,8.0,4.8,23.3,1.9,0.3,12.8,18.0,0.1,1.0,1.1,0.045,-2.3,-0.3,-2.5,-0.1
230,Shelvin Mack,28,CHO,PG,4,0,42,1.7,12.0,0.143,0.0,1.7,0.0,1.7,10.3,0.167,0.143,4.3,7.7,0.556,0.0,1.7,1.7,0.9,1.7,0.0,3.4,2.6,7.7,,macksh01,-6.6,0.251,0.143,0.643,0.0,5.2,2.6,3.0,2.3,0.0,18.2,22.5,-0.3,0.0,-0.3,-0.304,-14.0,-3.9,-17.9,-0.2
231,Nikola Mirotić,27,2TM,PF,46,25,1245,6.9,15.7,0.439,3.4,9.2,0.365,3.5,6.5,0.545,0.546,3.0,3.6,0.847,1.7,8.1,9.8,1.6,0.9,1.0,1.4,3.1,20.2,,mirotni01,17.2,0.584,0.587,0.229,5.1,22.6,14.0,6.2,1.2,2.2,7.4,21.4,2.0,1.4,3.5,0.133,2.1,-0.6,1.5,1.1
231,Nikola Mirotić,27,NOP,PF,32,22,925,7.1,15.8,0.447,3.3,9.0,0.368,3.8,6.8,0.551,0.552,3.3,3.9,0.842,1.8,8.5,10.3,1.4,0.8,1.0,1.4,3.3,20.8,,mirotni01,17.5,0.591,0.568,0.248,5.2,24.1,14.8,5.3,1.1,2.2,7.6,21.7,1.6,0.9,2.5,0.129,2.3,-0.9,1.4,0.8
231,Nikola Mirotić,27,MIL,PF,14,3,320,6.3,15.2,0.415,3.5,9.8,0.356,2.8,5.4,0.521,0.53,2.3,2.6,0.87,1.6,6.9,8.4,2.3,1.1,1.0,1.2,2.4,18.3,,mirotni01,16.2,0.562,0.644,0.17,4.7,18.3,11.9,8.6,1.5,2.4,7.0,20.4,0.4,0.6,1.0,0.147,1.6,0.4,2.0,0.3
232,Cody Zeller,26,CHO,C,49,47,1243,5.5,10.0,0.551,0.2,0.6,0.273,5.3,9.4,0.57,0.559,3.2,4.1,0.787,3.2,6.5,9.6,3.0,1.1,1.2,1.8,4.7,14.4,,zelleco01,17.2,0.611,0.064,0.409,9.4,19.7,14.5,12.1,1.5,2.9,13.2,16.3,2.6,1.2,3.9,0.15,-0.6,0.7,0.1,0.7
233,Rondae Hollis-Jefferson,24,BRK,SF,59,21,1234,5.8,14.2,0.411,0.3,1.4,0.184,5.6,12.8,0.436,0.42,3.4,5.3,0.645,2.4,6.6,9.0,2.8,1.3,0.8,2.0,3.1,15.4,,holliro01,12.5,0.464,0.101,0.376,7.1,19.2,13.2,11.7,1.7,1.7,10.7,21.6,-0.5,1.7,1.2,0.047,-3.0,0.4,-2.6,-0.2
234,Wes Iwundu,24,ORL,SF,68,13,1233,3.3,8.0,0.412,0.8,2.3,0.367,2.5,5.7,0.431,0.465,2.5,3.0,0.816,1.1,4.3,5.4,2.1,0.8,0.6,1.3,3.6,9.9,,iwundwe01,8.7,0.531,0.288,0.376,3.2,13.0,8.0,7.9,1.1,1.5,12.1,12.8,0.5,1.4,1.9,0.073,-3.8,0.6,-3.2,-0.4
235,Ersan İlyasova,31,MIL,PF,67,7,1231,4.9,11.1,0.438,1.7,4.7,0.363,3.2,6.5,0.493,0.514,1.8,2.2,0.824,2.7,6.1,8.8,1.5,0.9,0.6,1.4,5.0,13.2,,ilyaser01,11.6,0.548,0.42,0.194,8.2,16.2,12.5,5.5,1.2,1.4,10.4,15.7,1.2,1.9,3.0,0.119,-2.4,0.1,-2.3,-0.1
236,James Ennis III,28,2TM,SF,58,27,1230,4.0,8.6,0.469,1.6,4.6,0.353,2.4,4.0,0.601,0.563,1.7,2.4,0.716,1.8,3.6,5.3,1.2,1.2,0.7,1.0,4.4,11.4,,ennisja01,11.0,0.59,0.531,0.276,5.3,10.9,8.1,4.7,1.6,1.6,9.3,12.7,1.6,1.0,2.6,0.103,-1.4,-0.2,-1.5,0.1
236,James Ennis III,28,HOU,SF,40,25,949,3.9,8.0,0.493,1.7,4.6,0.367,2.3,3.5,0.659,0.597,1.6,2.2,0.724,1.4,3.0,4.4,1.0,1.4,0.6,0.9,4.2,11.2,,ennisja01,11.3,0.622,0.569,0.275,4.2,9.5,6.8,4.1,2.0,1.4,8.9,11.9,1.4,0.8,2.2,0.112,-1.0,0.1,-0.9,0.3
236,James Ennis III,28,PHI,SF,18,2,281,4.4,10.6,0.41,1.4,4.6,0.306,2.9,6.0,0.489,0.476,2.0,2.9,0.696,2.9,5.4,8.3,1.8,0.4,0.9,1.4,5.0,12.2,,ennisja01,9.9,0.51,0.434,0.277,8.9,15.4,12.2,6.7,0.5,2.0,10.6,15.5,0.2,0.2,0.4,0.071,-2.6,-1.1,-3.7,-0.1
237,Jared Dudley,33,BRK,PF,59,25,1220,3.0,7.1,0.423,1.6,4.5,0.351,1.4,2.6,0.545,0.533,0.9,1.4,0.696,1.0,3.6,4.6,2.4,1.1,0.5,1.3,3.9,8.5,,dudleja01,7.8,0.554,0.632,0.192,2.9,10.4,6.7,9.2,1.4,1.0,14.2,10.4,0.6,1.2,1.8,0.07,-2.9,1.1,-1.8,0.1
238,Jonas Jerebko,31,GSW,PF,73,6,1218,4.8,10.5,0.459,2.0,5.6,0.367,2.8,4.9,0.563,0.556,1.9,2.4,0.8,2.1,6.4,8.5,2.8,0.8,0.5,1.3,4.0,13.6,,jerebjo01,13.5,0.588,0.53,0.225,6.6,18.1,12.6,10.1,1.1,1.2,9.9,15.2,2.1,1.2,3.3,0.13,-0.3,-0.4,-0.7,0.4
239,Jamal Crawford,38,PHO,SG,64,0,1211,5.2,13.0,0.397,2.0,6.0,0.332,3.2,7.0,0.453,0.474,2.8,3.3,0.845,0.2,2.3,2.5,6.8,1.0,0.4,2.9,2.2,15.1,,crawfja01,11.7,0.522,0.461,0.251,0.7,7.2,3.9,27.7,1.3,0.8,16.9,20.8,0.1,0.0,0.2,0.006,-1.1,-2.8,-3.9,-0.6
240,Stanley Johnson,22,2TM,SF,66,7,1208,5.1,13.1,0.389,1.8,6.4,0.288,3.2,6.7,0.484,0.459,1.5,1.9,0.781,1.0,5.5,6.5,2.6,1.8,0.4,2.4,3.4,13.5,,johnsst04,9.6,0.485,0.489,0.145,3.0,16.9,9.7,10.6,2.4,1.0,14.7,19.4,-1.1,1.6,0.5,0.021,-3.1,0.9,-2.2,0.0
240,Stanley Johnson,22,DET,SF,48,7,961,5.0,13.1,0.381,1.9,6.8,0.282,3.1,6.3,0.488,0.454,1.5,1.9,0.804,0.9,5.6,6.6,2.2,1.8,0.5,2.1,3.4,13.4,,johnsst04,9.8,0.482,0.519,0.146,2.7,17.7,9.9,9.4,2.5,1.1,12.9,19.1,-0.7,1.4,0.7,0.034,-2.9,1.3,-1.6,0.1
240,Stanley Johnson,22,NOP,SF,18,0,247,5.5,13.3,0.418,1.6,5.0,0.324,3.9,8.3,0.474,0.478,1.3,1.9,0.692,1.3,4.8,6.1,4.1,1.7,0.1,3.8,3.2,14.0,,johnsst04,8.9,0.496,0.374,0.143,3.8,13.7,8.8,15.1,2.3,0.3,21.2,20.4,-0.3,0.2,-0.1,-0.028,-3.9,-0.5,-4.5,-0.2
241,Mario Hezonja,23,NYK,SF,58,24,1206,5.7,13.9,0.412,1.3,4.5,0.276,4.4,9.3,0.478,0.457,2.6,3.4,0.763,0.8,6.3,7.1,2.6,1.7,0.2,2.6,3.3,15.3,,hezonma01,10.8,0.497,0.328,0.246,2.4,18.7,10.4,11.5,2.3,0.6,14.6,21.3,-1.1,1.1,-0.1,-0.003,-3.5,-0.3,-3.8,-0.5
242,Robert Covington,28,2TM,SF,35,35,1203,4.7,10.8,0.431,2.5,6.7,0.378,2.1,4.1,0.518,0.548,2.0,2.7,0.764,0.8,4.9,5.8,1.4,2.2,1.4,1.4,3.8,13.9,,covinro01,13.3,0.58,0.622,0.246,2.5,14.6,8.5,5.2,2.9,3.2,10.5,15.6,0.9,1.6,2.5,0.1,-0.5,2.1,1.6,1.1
242,Robert Covington,28,PHI,SF,13,13,440,4.1,9.6,0.427,2.5,6.3,0.39,1.6,3.3,0.5,0.556,1.4,1.9,0.739,0.6,4.9,5.5,1.1,2.0,1.9,1.8,3.7,12.0,,covinro01,11.0,0.578,0.658,0.197,1.7,14.0,8.1,4.3,2.6,4.1,14.8,14.2,0.0,0.7,0.7,0.077,-1.7,2.2,0.5,0.3
242,Robert Covington,28,MIN,SF,22,22,763,5.0,11.6,0.433,2.6,7.0,0.372,2.4,4.6,0.526,0.545,2.4,3.1,0.773,1.0,5.0,5.9,1.5,2.4,1.1,1.2,3.8,15.0,,covinro01,14.7,0.58,0.604,0.269,2.9,14.9,8.8,5.8,3.1,2.7,8.4,16.5,0.9,0.9,1.8,0.114,0.1,2.1,2.2,0.8
243,Tristan Thompson,27,CLE,C,43,40,1198,6.0,11.4,0.529,0.0,0.0,,6.0,11.4,0.529,0.529,2.0,3.2,0.642,5.2,8.0,13.2,2.6,0.8,0.5,1.8,2.7,14.1,,thomptr01,18.4,0.551,0.0,0.279,15.4,25.7,20.3,11.2,1.2,1.2,12.1,17.7,2.1,0.5,2.6,0.105,1.4,-1.9,-0.5,0.4
244,Will Barton,28,DEN,SF,43,38,1189,5.6,13.9,0.402,2.0,5.9,0.342,3.6,8.0,0.447,0.475,1.7,2.2,0.77,1.0,5.1,6.0,3.8,0.5,0.7,2.0,2.5,15.0,,bartowi01,11.0,0.501,0.426,0.161,2.9,15.3,9.1,14.6,0.7,1.6,11.7,20.0,0.1,1.1,1.2,0.049,-1.1,-0.8,-1.8,0.0
245,Richaun Holmes,25,PHO,C,70,4,1184,6.8,11.1,0.608,0.0,0.0,,6.8,11.1,0.608,0.608,3.9,5.3,0.731,3.5,6.6,10.1,1.8,1.3,2.4,1.6,5.9,17.4,,holmeri01,20.7,0.647,0.0,0.479,10.6,20.5,15.5,7.9,1.7,5.6,10.5,17.9,3.1,1.1,4.3,0.173,0.1,0.5,0.6,0.8
246,Michael Kidd-Gilchrist,25,CHO,PF,64,3,1179,4.8,10.1,0.476,0.5,1.4,0.34,4.3,8.7,0.498,0.5,2.9,3.8,0.772,2.7,4.8,7.5,1.9,1.0,1.2,1.3,4.8,13.0,,kiddgmi01,13.3,0.553,0.142,0.37,7.9,14.8,11.3,7.4,1.3,2.9,10.0,15.7,1.5,1.0,2.5,0.1,-2.3,-0.1,-2.4,-0.1
247,Wilson Chandler,31,2TM,SF,51,33,1177,3.5,8.4,0.418,1.8,4.8,0.373,1.7,3.5,0.478,0.526,0.6,0.8,0.72,1.5,5.1,6.6,2.5,0.8,0.6,1.4,3.8,9.3,,chandwi01,8.5,0.537,0.579,0.092,4.4,14.6,9.7,9.1,1.0,1.4,13.9,11.8,0.5,1.0,1.5,0.062,-2.3,-0.5,-2.8,-0.2
247,Wilson Chandler,31,PHI,PF,36,32,951,3.4,7.8,0.44,1.7,4.5,0.39,1.7,3.4,0.506,0.551,0.5,0.7,0.722,1.7,4.7,6.4,2.7,0.8,0.7,1.5,3.6,9.1,,chandwi01,9.1,0.561,0.57,0.087,5.0,13.4,9.4,9.9,1.1,1.5,15.4,11.2,0.6,0.9,1.5,0.074,-1.8,-0.2,-2.0,0.0
247,Wilson Chandler,31,LAC,SF,15,1,226,3.7,10.5,0.348,2.1,6.4,0.325,1.6,4.1,0.385,0.447,0.8,1.1,0.714,0.6,6.8,7.5,1.6,0.5,0.5,1.1,4.6,10.2,,chandwi01,5.8,0.463,0.606,0.106,1.9,19.5,11.0,5.9,0.6,1.1,9.2,14.2,-0.1,0.2,0.0,0.009,-4.5,-1.6,-6.1,-0.2
248,Frank Jackson,20,NOP,PG,61,16,1169,6.0,13.8,0.434,1.6,5.2,0.314,4.3,8.6,0.507,0.493,1.7,2.2,0.74,0.8,3.4,4.1,2.1,0.8,0.1,1.5,2.8,15.2,,jacksfr01,9.4,0.517,0.378,0.163,2.2,9.5,5.9,8.0,1.0,0.1,9.1,18.5,0.1,0.4,0.4,0.018,-2.9,-1.7,-4.6,-0.8
249,James Johnson,31,MIA,PF,55,33,1164,5.1,11.7,0.433,1.5,4.6,0.336,3.5,7.1,0.496,0.499,1.5,2.2,0.714,0.7,4.8,5.4,4.2,1.1,0.8,2.3,3.5,13.2,,johnsja01,10.9,0.522,0.393,0.185,2.0,14.1,8.0,17.0,1.5,2.1,15.3,17.8,0.0,1.5,1.5,0.062,-2.4,1.1,-1.2,0.2
250,Derrick Jones Jr.,21,MIA,SF,60,14,1153,5.0,10.1,0.494,0.9,2.8,0.308,4.1,7.3,0.567,0.537,2.3,3.8,0.607,3.0,4.5,7.5,1.2,1.4,1.3,1.3,3.8,13.2,,jonesde02,14.0,0.559,0.281,0.377,8.8,13.3,11.1,4.7,1.9,3.3,10.2,15.6,1.2,1.7,2.9,0.121,-1.5,1.0,-0.5,0.4
251,Victor Oladipo,26,IND,SG,36,36,1147,7.8,18.5,0.423,2.3,6.8,0.343,5.5,11.7,0.47,0.486,3.2,4.4,0.73,0.7,5.7,6.3,5.8,1.9,0.3,2.6,2.3,21.2,AS,oladivi01,17.6,0.519,0.367,0.24,2.1,17.1,9.8,25.2,2.6,0.9,11.2,27.9,0.4,1.9,2.3,0.097,1.8,1.2,2.9,1.4
252,Dion Waiters,27,MIA,SG,44,28,1138,6.3,15.1,0.414,3.4,9.1,0.377,2.8,6.0,0.471,0.528,0.7,1.4,0.5,0.2,3.4,3.7,3.8,0.9,0.3,2.0,2.3,16.7,,waitedi01,11.4,0.53,0.605,0.092,0.7,10.2,5.4,16.4,1.2,0.7,11.4,21.1,0.1,1.1,1.2,0.052,-0.5,-0.6,-1.1,0.3
253,Allen Crabbe,26,BRK,SG,43,20,1133,4.4,11.9,0.367,3.1,8.2,0.378,1.2,3.6,0.342,0.499,1.3,1.8,0.732,0.5,4.2,4.7,1.5,0.7,0.4,1.5,3.2,13.1,,crabbal01,7.7,0.519,0.694,0.15,1.5,12.2,6.9,5.8,1.0,0.9,10.4,16.4,-0.2,1.0,0.8,0.035,-2.4,-0.4,-2.8,-0.2
254,Norman Powell,25,TOR,SG,60,3,1126,6.2,12.8,0.483,2.2,5.4,0.4,4.0,7.4,0.543,0.568,2.0,2.4,0.827,0.5,3.9,4.4,2.9,1.2,0.4,2.1,3.1,16.5,,powelno01,13.3,0.596,0.425,0.188,1.6,11.5,6.7,11.6,1.7,1.0,13.1,19.0,1.0,1.4,2.4,0.102,-0.9,0.2,-0.7,0.4
255,Trey Burke,26,2TM,PG,58,8,1125,7.6,17.5,0.431,1.8,5.1,0.352,5.8,12.4,0.463,0.482,3.3,4.0,0.831,0.9,2.3,3.2,5.1,1.1,0.2,1.6,1.9,20.2,,burketr01,16.5,0.524,0.29,0.226,2.6,6.7,4.6,24.1,1.4,0.5,7.5,24.8,1.4,0.5,1.9,0.081,1.5,-1.4,0.1,0.6
255,Trey Burke,26,NYK,PG,33,7,689,7.7,18.7,0.413,1.6,4.5,0.349,6.2,14.2,0.434,0.455,3.2,3.9,0.827,0.8,2.5,3.2,4.9,1.1,0.3,1.5,1.7,20.3,,burketr01,15.6,0.496,0.24,0.209,2.2,7.3,4.7,23.6,1.5,0.6,6.9,26.1,0.4,0.2,0.6,0.044,0.9,-1.5,-0.6,0.2
255,Trey Burke,26,DAL,PG,25,1,436,7.3,15.7,0.463,2.1,6.0,0.356,5.1,9.7,0.53,0.532,3.4,4.0,0.837,1.1,2.0,3.1,5.4,1.0,0.2,1.7,2.1,20.1,,burketr01,17.9,0.574,0.384,0.258,3.2,5.9,4.5,24.7,1.3,0.4,8.6,22.8,1.0,0.3,1.3,0.14,2.3,-1.2,1.2,0.3
256,Lance Stephenson,28,LAL,SG,68,3,1123,5.9,13.8,0.426,2.3,6.3,0.371,3.6,7.5,0.472,0.51,1.6,2.3,0.685,1.0,5.9,6.9,4.5,1.3,0.2,2.8,3.6,15.7,,stephla01,11.8,0.529,0.456,0.169,3.0,16.5,9.9,17.3,1.7,0.5,15.6,20.3,-0.1,1.2,1.1,0.049,-1.6,0.1,-1.5,0.1
257,Trey Lyles,23,DEN,PF,64,2,1120,6.7,15.9,0.418,1.6,6.4,0.255,5.0,9.5,0.529,0.47,2.6,3.7,0.698,1.4,6.5,7.9,2.8,1.0,0.7,2.2,3.0,17.6,,lylestr01,12.7,0.5,0.404,0.234,4.2,19.6,11.9,11.3,1.3,1.8,11.1,23.4,-0.2,1.4,1.2,0.05,-1.8,-0.7,-2.4,-0.1
258,Tim Frazier,28,2TM,PG,59,19,1120,3.7,8.4,0.444,1.2,3.2,0.366,2.5,5.1,0.494,0.515,1.3,1.7,0.759,1.3,4.1,5.4,8.0,1.0,0.2,2.4,3.6,10.0,,fraziti01,11.7,0.544,0.387,0.207,3.9,11.5,7.7,27.6,1.2,0.4,21.1,13.3,1.3,0.7,2.0,0.084,-1.4,-0.4,-1.8,0.1
258,Tim Frazier,28,NOP,PG,47,17,909,3.5,7.7,0.451,1.1,3.0,0.351,2.4,4.7,0.517,0.521,1.3,1.6,0.78,1.3,4.2,5.4,8.2,1.0,0.2,2.4,3.7,9.3,,fraziti01,11.6,0.552,0.395,0.21,3.7,11.8,7.8,28.0,1.3,0.4,22.0,12.3,1.1,0.4,1.5,0.081,-1.2,-0.2,-1.3,0.2
258,Tim Frazier,28,MIL,PG,12,2,211,4.8,11.3,0.424,1.7,4.1,0.417,3.1,7.2,0.429,0.5,1.5,2.2,0.692,1.5,3.8,5.3,7.2,0.9,0.2,2.7,3.2,12.8,,fraziti01,11.8,0.523,0.364,0.197,4.6,10.0,7.5,26.0,1.1,0.4,18.2,17.4,0.2,0.3,0.4,0.097,-2.4,-1.2,-3.6,-0.1
259,Wendell Carter Jr.,19,CHI,C,44,44,1110,5.8,12.0,0.485,0.2,1.0,0.188,5.6,11.0,0.513,0.493,2.9,3.6,0.795,2.8,7.1,10.0,2.5,0.8,1.9,2.1,4.9,14.8,,cartewe01,15.2,0.541,0.086,0.302,8.4,21.8,15.0,10.7,1.1,4.5,13.4,19.1,0.7,1.2,1.9,0.08,-2.2,0.6,-1.6,0.1
260,John Wall,28,WAS,PG,32,32,1104,8.0,18.0,0.444,1.7,5.5,0.302,6.3,12.5,0.507,0.49,4.0,5.7,0.697,0.5,3.3,3.8,9.1,1.6,0.9,3.9,2.3,21.6,,walljo01,18.0,0.527,0.306,0.317,1.5,10.1,5.7,39.2,2.1,2.2,16.1,28.8,0.5,0.7,1.2,0.051,2.2,-1.4,0.9,0.8
261,Jonas Valančiūnas,26,2TM,C,49,27,1091,9.9,17.8,0.559,0.5,1.6,0.292,9.5,16.2,0.586,0.572,4.9,6.1,0.795,3.5,10.3,13.8,2.3,0.6,1.7,3.0,4.8,25.2,,valanjo01,24.4,0.616,0.089,0.344,10.7,31.4,21.1,12.0,0.8,4.4,12.7,28.5,2.2,1.9,4.2,0.183,2.2,0.4,2.7,1.3
261,Jonas Valančiūnas,26,TOR,C,30,10,564,9.5,16.5,0.575,0.6,1.9,0.3,8.9,14.6,0.611,0.593,4.9,6.0,0.819,3.4,10.3,13.8,1.9,0.8,1.5,2.5,5.2,24.5,,valanjo01,24.4,0.639,0.116,0.363,10.6,30.2,20.6,8.5,1.1,3.4,11.5,25.9,1.6,1.1,2.6,0.224,2.3,0.8,3.2,0.7
261,Jonas Valančiūnas,26,MEM,C,19,17,527,10.4,19.1,0.545,0.3,1.2,0.278,10.0,17.8,0.563,0.554,4.8,6.2,0.769,3.6,10.3,13.9,2.8,0.4,2.0,3.5,4.4,25.9,,valanjo01,24.4,0.594,0.065,0.326,10.9,32.7,21.6,15.7,0.6,5.4,13.8,31.4,0.7,0.9,1.5,0.14,2.1,0.0,2.1,0.5
262,Ante Žižić,22,CLE,C,59,25,1082,6.1,11.0,0.553,0.0,0.0,,6.1,11.0,0.553,0.553,3.1,4.4,0.705,3.6,7.1,10.6,1.8,0.4,0.7,2.0,3.8,15.3,,zizican01,16.2,0.59,0.0,0.399,10.6,22.8,16.4,7.7,0.6,1.8,13.6,18.2,1.7,0.3,2.0,0.087,-1.1,-2.1,-3.2,-0.3
263,Anthony Tolliver,33,MIN,PF,65,0,1079,3.3,8.6,0.382,2.7,7.2,0.377,0.6,1.5,0.409,0.539,1.6,2.0,0.783,0.5,5.4,5.9,1.5,0.6,0.7,1.2,3.0,10.9,,tollian01,8.6,0.571,0.83,0.232,1.5,16.2,8.8,5.5,0.8,1.7,11.2,12.5,0.6,0.5,1.2,0.052,-1.7,-0.7,-2.4,-0.1
264,Kenrich Williams,24,NOP,SF,46,29,1079,3.6,9.3,0.384,1.7,5.2,0.333,1.8,4.1,0.447,0.477,0.4,0.6,0.684,1.8,5.5,7.3,2.8,1.5,0.6,1.2,3.2,9.3,,willike04,9.7,0.485,0.559,0.068,5.4,15.5,10.5,9.5,1.9,1.4,11.1,12.3,0.3,0.9,1.2,0.053,-2.3,0.4,-1.9,0.0
265,Devin Harris,35,DAL,PG,68,2,1071,4.4,11.7,0.38,2.1,6.7,0.31,2.4,4.9,0.476,0.47,3.4,4.5,0.761,0.4,3.4,3.8,4.1,1.2,0.5,1.9,4.5,14.4,,harride01,10.7,0.527,0.576,0.386,1.2,9.9,5.6,16.7,1.6,1.3,12.1,18.5,0.6,0.9,1.5,0.068,-2.6,0.4,-2.2,-0.1
266,Yogi Ferrell,25,SAC,PG,71,3,1067,5.2,11.9,0.435,1.8,5.0,0.362,3.3,6.8,0.488,0.511,2.0,2.3,0.896,0.4,3.2,3.7,4.6,1.2,0.1,1.3,2.2,14.2,,ferreyo01,12.7,0.55,0.423,0.19,1.2,9.5,5.3,17.0,1.6,0.3,9.5,16.3,1.3,0.6,1.9,0.087,-1.0,-0.4,-1.4,0.2
267,Jonathon Simmons,29,2TM,SF,56,9,1064,4.5,11.8,0.38,0.9,3.5,0.269,3.6,8.3,0.427,0.42,2.4,3.3,0.742,0.9,3.3,4.3,4.3,1.0,0.5,2.3,3.0,12.4,,simmojo02,8.5,0.466,0.297,0.277,2.7,10.0,6.3,16.7,1.3,1.2,14.8,18.7,-0.8,1.1,0.3,0.013,-3.9,-0.3,-4.2,-0.6
267,Jonathon Simmons,29,ORL,SG,41,9,845,4.4,12.2,0.364,0.8,3.5,0.229,3.6,8.6,0.419,0.397,2.4,3.1,0.778,1.0,3.3,4.3,4.0,0.8,0.6,2.4,2.9,12.1,,simmojo02,7.4,0.445,0.29,0.252,2.9,9.9,6.3,15.7,1.0,1.4,15.0,19.3,-1.0,0.8,-0.2,-0.01,-4.6,-0.5,-5.2,-0.7
267,Jonathon Simmons,29,PHI,SF,15,0,219,4.8,10.5,0.453,1.5,3.5,0.429,3.3,7.1,0.465,0.523,2.6,4.1,0.64,0.7,3.6,4.3,5.4,1.8,0.2,2.0,3.5,13.6,,simmojo02,12.9,0.553,0.328,0.391,2.0,10.3,6.3,20.7,2.4,0.4,13.8,16.7,0.2,0.2,0.5,0.101,-1.3,0.5,-0.8,0.1
268,Caris LeVert,24,BRK,SF,40,25,1063,7.0,16.4,0.429,1.6,5.2,0.312,5.4,11.1,0.483,0.478,2.9,4.2,0.691,1.2,3.9,5.1,5.3,1.4,0.5,2.3,2.6,18.5,,leverca01,14.9,0.509,0.319,0.255,3.5,11.4,7.5,23.2,1.9,1.0,11.4,24.0,0.5,1.2,1.7,0.077,-0.3,0.5,0.2,0.6
269,Quinn Cook,25,GSW,PG,74,10,1059,6.9,14.9,0.465,2.8,6.8,0.405,4.2,8.1,0.515,0.557,0.7,0.9,0.769,0.7,4.6,5.3,3.9,0.7,0.1,1.7,3.1,17.3,,cookqu01,13.1,0.565,0.456,0.059,2.3,13.0,7.9,15.2,0.9,0.2,10.0,20.2,1.0,0.8,1.8,0.082,-0.5,-1.6,-2.1,0.0
270,Nerlens Noel,24,OKC,C,77,2,1055,5.5,9.4,0.587,0.0,0.0,,5.5,9.4,0.587,0.587,1.8,2.7,0.684,4.3,6.8,11.1,1.5,2.3,3.3,1.6,5.7,12.9,,noelne01,19.3,0.608,0.0,0.286,12.1,20.0,15.9,5.9,2.9,7.7,13.4,13.8,1.9,2.5,4.3,0.198,-1.2,3.3,2.1,1.1
271,Ivica Zubac,21,2TM,C,59,37,1040,7.3,13.1,0.559,0.0,0.0,,7.3,13.1,0.559,0.559,3.5,4.4,0.802,4.0,8.6,12.5,2.2,0.5,1.8,2.4,4.7,18.2,,zubaciv01,18.9,0.604,0.0,0.332,11.9,24.2,18.2,9.1,0.6,4.0,13.9,20.3,1.9,1.3,3.2,0.148,-0.2,-0.2,-0.5,0.4
271,Ivica Zubac,21,LAL,C,33,12,516,7.8,13.5,0.58,0.0,0.0,,7.8,13.5,0.58,0.58,4.0,4.6,0.864,3.8,7.5,11.3,1.7,0.3,1.9,2.3,5.1,19.6,,zubaciv01,19.5,0.633,0.0,0.342,11.0,21.2,16.2,7.3,0.4,4.3,12.9,20.5,1.1,0.6,1.8,0.165,-0.3,0.1,-0.2,0.2
271,Ivica Zubac,21,LAC,C,26,25,524,6.9,12.8,0.538,0.0,0.0,,6.9,12.8,0.538,0.538,3.0,4.1,0.733,4.2,9.5,13.7,2.6,0.7,1.6,2.5,4.4,16.8,,zubaciv01,18.3,0.574,0.0,0.323,12.7,27.2,20.2,10.9,0.9,3.6,14.8,20.1,0.7,0.7,1.4,0.132,-0.2,-0.5,-0.7,0.2
272,Sterling Brown,23,MIL,SG,58,7,1034,5.0,10.9,0.465,1.8,5.1,0.361,3.2,5.7,0.558,0.55,1.0,1.5,0.69,1.0,5.4,6.4,2.9,0.9,0.3,1.6,3.1,13.0,,brownst02,10.9,0.563,0.471,0.135,3.0,14.4,9.0,10.7,1.1,0.7,12.2,15.2,0.7,1.4,2.1,0.098,-1.8,0.3,-1.5,0.1
273,Gorgui Dieng,29,MIN,C,76,2,1031,6.6,13.2,0.501,0.7,2.0,0.339,5.9,11.2,0.53,0.527,3.1,3.7,0.83,2.8,8.0,10.9,2.5,1.7,1.4,2.0,4.7,16.9,,dienggo01,18.1,0.572,0.149,0.281,8.3,24.1,16.1,10.3,2.2,3.4,11.9,19.6,1.5,1.3,2.8,0.132,-0.3,0.9,0.6,0.7
274,Nik Stauskas,25,2TM,SG,68,0,1015,4.8,12.0,0.402,2.5,6.7,0.372,2.3,5.3,0.44,0.506,2.0,2.3,0.891,0.6,3.9,4.5,2.9,0.7,0.2,1.8,1.8,14.2,,stausni01,10.9,0.545,0.556,0.189,1.9,11.7,6.8,11.1,1.0,0.6,12.2,17.6,0.6,0.5,1.1,0.052,-0.7,-1.2,-1.9,0.0
274,Nik Stauskas,25,POR,SG,44,0,673,5.1,12.2,0.419,2.3,6.7,0.344,2.8,5.6,0.51,0.513,1.7,1.9,0.889,0.5,3.7,4.3,3.3,0.7,0.2,2.1,1.7,14.3,,stausni01,10.8,0.545,0.546,0.157,1.6,10.8,6.3,12.6,1.0,0.5,14.0,17.9,0.3,0.4,0.8,0.055,-0.9,-0.8,-1.6,0.1
274,Nik Stauskas,25,CLE,SG,24,0,342,4.2,11.5,0.367,2.8,6.6,0.429,1.4,4.8,0.283,0.491,2.6,2.9,0.893,0.8,4.1,4.9,2.0,0.7,0.3,1.2,2.0,13.9,,stausni01,11.3,0.544,0.578,0.257,2.5,13.2,7.6,8.0,1.0,0.8,8.3,16.9,0.3,0.0,0.3,0.046,-0.5,-2.1,-2.5,0.0
275,Alfonzo McKinnie,26,GSW,SF,72,5,1003,4.8,9.9,0.487,1.5,4.2,0.356,3.3,5.6,0.586,0.564,1.0,1.7,0.563,2.9,6.0,8.9,1.1,0.6,0.5,1.1,4.8,12.1,,mckinal01,11.2,0.569,0.429,0.175,9.0,16.9,13.1,4.0,0.9,1.3,9.2,13.9,1.2,0.9,2.1,0.1,-2.2,-1.3,-3.5,-0.4
276,Tony Parker,36,CHO,PG,56,0,1003,7.6,16.6,0.46,0.5,1.8,0.255,7.2,14.8,0.485,0.474,3.3,4.5,0.734,0.5,2.5,3.0,7.4,0.8,0.3,2.7,1.9,19.0,,parketo01,15.3,0.512,0.11,0.268,1.5,7.6,4.5,33.3,1.0,0.6,12.7,25.5,0.6,0.3,0.9,0.044,-0.3,-2.3,-2.6,-0.1
277,Goran Dragić,32,MIA,PG,36,22,991,6.5,15.7,0.413,2.1,6.0,0.348,4.4,9.8,0.454,0.479,2.9,3.7,0.782,0.7,3.3,4.0,6.3,1.1,0.2,2.6,2.9,17.9,,dragigo01,13.9,0.517,0.379,0.233,2.1,9.8,6.0,27.3,1.5,0.5,12.9,23.7,0.6,1.0,1.6,0.079,-0.5,-0.6,-1.1,0.2
278,David Nwaba,26,CLE,SF,51,14,984,4.6,9.6,0.481,0.9,2.7,0.32,3.7,6.8,0.545,0.527,2.1,3.1,0.682,1.5,4.5,6.0,2.0,1.3,0.6,1.1,3.9,12.2,,nwabada01,12.5,0.558,0.286,0.324,4.4,14.4,9.2,8.1,1.8,1.5,8.8,14.6,1.1,0.3,1.4,0.069,-1.8,-0.3,-2.1,0.0
279,De'Anthony Melton,20,PHO,PG,50,31,984,3.7,9.4,0.391,1.1,3.5,0.305,2.6,5.9,0.441,0.447,0.8,1.0,0.75,0.9,4.0,4.9,5.8,2.5,0.8,2.7,4.1,9.1,,meltode01,9.9,0.466,0.371,0.109,2.8,12.5,7.5,22.3,3.3,1.9,21.8,15.0,-0.8,0.8,0.0,0.002,-3.8,1.1,-2.7,-0.2
280,Shabazz Napier,27,BRK,PG,56,2,983,6.2,15.9,0.389,2.8,8.3,0.333,3.4,7.6,0.449,0.476,4.2,5.1,0.833,0.7,3.0,3.7,5.2,1.5,0.6,2.4,2.5,19.4,,napiesh01,15.3,0.534,0.524,0.317,1.9,8.7,5.3,22.2,2.0,1.3,11.7,24.0,1.0,1.0,2.0,0.098,0.9,0.6,1.5,0.9
281,Danuel House Jr.,25,HOU,SF,39,13,979,4.3,9.3,0.468,2.7,6.5,0.416,1.6,2.7,0.595,0.615,2.1,2.6,0.789,0.9,4.2,5.1,1.5,0.8,0.4,1.3,2.9,13.5,,houseda01,12.2,0.646,0.706,0.282,2.8,13.3,7.9,5.9,1.1,1.0,11.0,14.1,1.6,0.7,2.3,0.113,0.1,-0.5,-0.5,0.4
282,Ian Clark,27,NOP,SG,60,6,973,5.6,14.2,0.394,2.4,7.5,0.327,3.1,6.7,0.47,0.48,1.2,1.4,0.892,0.5,2.8,3.3,3.5,0.8,0.3,2.1,3.5,14.8,,clarkia01,8.3,0.502,0.527,0.097,1.4,8.0,4.7,12.9,1.1,0.7,12.7,19.3,-0.4,0.3,-0.1,-0.003,-3.3,-1.8,-5.1,-0.8
283,Thon Maker,21,2TM,PF,64,5,972,4.0,9.9,0.407,1.8,5.7,0.32,2.2,4.3,0.522,0.498,2.1,3.1,0.667,1.5,6.0,7.5,1.7,0.8,1.9,1.2,3.9,12.0,,makerth01,11.3,0.53,0.571,0.313,4.5,17.4,11.0,6.3,1.0,4.4,9.8,14.8,0.5,1.5,2.0,0.099,-2.2,1.0,-1.2,0.2
283,Thon Maker,21,MIL,C,35,0,409,5.2,11.8,0.44,2.3,6.9,0.333,2.9,4.9,0.589,0.537,1.8,3.3,0.541,1.5,7.0,8.4,1.6,0.9,1.6,0.8,4.8,14.4,,makerth01,12.9,0.546,0.582,0.276,4.5,18.5,11.9,5.8,1.1,3.7,5.7,16.3,0.4,0.7,1.1,0.132,-1.3,1.3,0.0,0.2
283,Thon Maker,21,DET,PF,29,5,563,3.2,8.6,0.373,1.5,4.8,0.307,1.7,3.8,0.458,0.459,2.3,3.0,0.766,1.5,5.2,6.8,1.7,0.7,2.1,1.5,3.2,10.2,,makerth01,10.2,0.514,0.56,0.351,4.5,16.5,10.3,6.7,1.0,5.0,13.4,13.7,0.1,0.8,0.9,0.075,-2.9,0.8,-2.1,0.0
284,Shaun Livingston,33,GSW,PG,64,0,967,4.1,7.8,0.519,0.0,0.1,0.0,4.1,7.7,0.524,0.519,1.5,1.9,0.784,1.6,2.8,4.4,4.2,1.2,1.0,1.4,2.8,9.6,,livinsh01,11.7,0.555,0.01,0.243,4.9,7.9,6.5,14.8,1.5,2.3,14.1,12.0,1.2,0.9,2.0,0.101,-1.7,0.7,-1.0,0.2
285,Elie Okobo,21,PHO,PG,53,16,958,4.3,10.9,0.393,1.5,5.0,0.295,2.8,5.9,0.475,0.46,1.4,1.8,0.787,0.5,3.2,3.7,4.8,1.2,0.3,2.6,4.1,11.4,,okoboel01,7.6,0.489,0.455,0.162,1.4,10.1,5.7,18.7,1.6,0.6,18.2,17.0,-0.7,0.2,-0.5,-0.027,-4.2,-1.5,-5.7,-0.9
286,Jerian Grant,26,ORL,PG,60,1,939,3.5,8.4,0.418,1.5,4.2,0.364,2.0,4.2,0.473,0.509,1.0,1.5,0.65,0.7,3.0,3.8,6.0,1.7,0.2,2.0,3.0,9.6,,grantje02,10.8,0.526,0.5,0.182,2.1,9.1,5.6,22.4,2.3,0.5,17.7,13.4,0.5,1.1,1.7,0.085,-2.9,1.3,-1.6,0.1
287,Jahlil Okafor,23,NOP,C,59,24,935,8.2,13.9,0.586,0.0,0.2,0.2,8.1,13.7,0.591,0.587,2.3,3.4,0.663,3.2,7.5,10.7,1.5,0.6,1.5,2.0,3.7,18.6,,okafoja01,17.9,0.603,0.014,0.246,9.2,21.4,15.4,6.3,0.7,3.5,11.5,19.9,1.4,0.8,2.2,0.115,-0.6,-0.9,-1.5,0.1
288,Dante Cunningham,31,SAS,PF,64,21,928,2.9,6.1,0.475,1.2,2.5,0.462,1.7,3.6,0.484,0.57,0.5,0.7,0.778,1.9,5.4,7.3,1.9,1.0,0.5,0.9,2.8,7.5,,cunnida01,10.2,0.585,0.411,0.114,5.7,16.3,11.0,6.8,1.4,1.2,11.7,8.9,1.0,0.9,1.9,0.097,-1.3,0.6,-0.6,0.3
289,Daniel Theis,26,BOS,C,66,2,908,5.8,10.5,0.549,1.0,2.7,0.388,4.8,7.9,0.603,0.598,2.2,3.0,0.737,3.4,5.5,8.9,2.7,0.8,1.7,1.3,6.4,14.8,,theisda01,17.0,0.624,0.252,0.286,10.2,16.2,13.2,10.5,1.1,4.1,9.9,15.8,2.3,1.3,3.5,0.188,-0.8,0.9,0.0,0.5
290,Frank Ntilikina,20,NYK,PG,43,16,904,3.8,11.2,0.337,1.3,4.6,0.287,2.5,6.7,0.371,0.395,0.9,1.2,0.767,0.5,3.0,3.5,4.8,1.2,0.6,2.2,4.1,9.8,,ntilila01,6.0,0.417,0.408,0.106,1.4,8.9,5.0,19.5,1.6,1.3,15.9,16.6,-1.3,0.4,-0.8,-0.045,-5.2,-0.8,-6.0,-0.9
291,Cheick Diallo,22,NOP,PF,64,1,896,6.8,10.9,0.62,0.0,0.2,0.25,6.7,10.7,0.625,0.622,2.0,2.7,0.746,3.0,10.3,13.3,1.3,1.2,1.3,2.0,4.5,15.5,,diallch01,17.5,0.644,0.015,0.247,8.8,29.3,19.2,5.1,1.5,3.0,14.0,16.0,1.4,1.2,2.6,0.14,-1.1,0.1,-0.9,0.2
292,Chandler Hutchison,22,CHI,SF,44,14,895,3.9,8.4,0.459,0.6,2.0,0.28,3.3,6.4,0.516,0.493,0.9,1.5,0.605,1.2,6.2,7.4,1.4,0.9,0.2,1.0,2.4,9.2,,hutchch01,8.8,0.507,0.239,0.182,3.7,18.9,11.2,5.3,1.2,0.6,10.0,12.2,0.0,0.6,0.6,0.03,-3.4,-0.5,-3.9,-0.4
293,D.J. Wilson,22,MIL,PF,48,3,882,4.2,10.2,0.414,1.9,5.2,0.362,2.4,5.1,0.468,0.506,1.1,1.9,0.553,1.8,7.2,9.1,2.1,0.7,0.8,1.3,3.5,11.4,,wilsodj01,10.3,0.515,0.506,0.187,5.5,19.2,12.8,7.6,0.9,1.9,10.5,14.4,0.3,1.4,1.7,0.093,-2.4,0.2,-2.2,0.0
294,Zaza Pachulia,34,DET,C,68,3,878,3.5,7.9,0.44,0.0,0.2,0.0,3.5,7.7,0.45,0.44,4.0,5.1,0.782,4.1,6.8,10.9,3.7,1.3,0.7,2.3,6.2,10.9,,pachuza01,13.7,0.539,0.021,0.642,11.9,21.5,16.5,14.7,1.7,1.6,18.7,15.0,1.1,1.3,2.3,0.128,-2.8,1.6,-1.2,0.2
295,Meyers Leonard,26,POR,C,61,2,878,5.4,9.9,0.545,2.1,4.6,0.45,3.4,5.4,0.626,0.649,1.8,2.1,0.843,2.0,7.5,9.6,3.1,0.5,0.4,1.8,4.3,14.6,,leoname01,15.8,0.675,0.459,0.211,6.1,21.8,14.2,11.8,0.7,0.8,14.0,14.8,2.1,0.9,3.0,0.164,1.5,0.3,1.8,0.8
296,Solomon Hill,27,NOP,SF,44,15,878,2.8,7.3,0.382,1.3,4.1,0.317,1.5,3.2,0.468,0.472,0.9,1.3,0.719,1.4,4.1,5.5,2.3,0.9,0.4,1.3,3.3,7.8,,hillso01,6.8,0.497,0.567,0.18,4.1,11.5,7.8,7.6,1.2,0.9,13.9,10.4,0.1,0.4,0.5,0.029,-3.1,-0.4,-3.6,-0.3
297,Tyson Chandler,36,2TM,C,55,6,875,2.5,4.1,0.616,0.0,0.0,0.0,2.5,4.0,0.622,0.616,2.1,3.6,0.586,3.8,8.8,12.6,1.5,0.9,0.9,1.7,4.5,7.1,,chandty01,11.2,0.63,0.01,0.879,11.1,25.3,18.3,5.3,1.1,2.2,23.4,8.5,0.9,1.2,2.1,0.114,-2.9,0.8,-2.1,0.0
297,Tyson Chandler,36,PHO,C,7,0,89,3.2,4.9,0.667,0.0,0.0,,3.2,4.9,0.667,0.667,4.0,7.3,0.556,2.8,12.9,15.8,2.4,0.8,0.4,2.8,8.5,10.5,,chandty01,11.5,0.653,0.0,1.5,8.6,40.5,24.3,9.1,1.1,0.9,26.0,13.0,0.1,0.1,0.2,0.092,-4.8,0.2,-4.6,-0.1
297,Tyson Chandler,36,LAL,C,48,6,786,2.4,4.0,0.609,0.0,0.0,0.0,2.4,3.9,0.616,0.609,1.9,3.2,0.594,3.9,8.4,12.3,1.4,0.9,1.0,1.6,4.1,6.7,,chandty01,11.2,0.626,0.011,0.793,11.4,23.6,17.6,4.8,1.1,2.3,23.0,8.0,0.9,1.1,1.9,0.117,-2.7,0.9,-1.8,0.0
298,Patrick Patterson,29,OKC,PF,63,5,861,3.4,9.2,0.374,1.9,5.7,0.336,1.5,3.4,0.439,0.479,0.8,1.3,0.633,1.8,4.4,6.1,1.3,0.7,0.5,0.9,1.9,9.6,,pattepa01,8.1,0.493,0.626,0.137,4.9,13.0,8.8,4.6,0.9,1.3,8.7,12.0,0.2,0.9,1.1,0.064,-2.0,-0.4,-2.5,-0.1
299,C.J. Miles,31,2TM,SF,53,1,856,4.7,13.1,0.36,2.8,8.5,0.33,1.9,4.5,0.417,0.468,2.0,2.4,0.828,0.5,3.4,4.0,1.5,1.1,0.6,1.3,3.3,14.3,,milescj01,9.0,0.504,0.653,0.186,1.7,10.3,6.1,6.0,1.5,1.5,8.2,18.6,-0.2,0.9,0.7,0.041,-2.4,-0.5,-2.9,-0.2
299,C.J. Miles,31,TOR,SF,40,1,562,4.5,13.2,0.34,2.8,8.8,0.314,1.7,4.4,0.391,0.444,2.2,2.8,0.795,0.8,3.6,4.4,1.4,1.2,0.6,1.3,4.0,14.0,,milescj01,8.0,0.484,0.665,0.214,2.4,10.5,6.5,5.2,1.5,1.5,8.5,18.8,-0.3,0.7,0.4,0.035,-3.2,-0.4,-3.6,-0.2
299,C.J. Miles,31,MEM,SF,13,0,294,5.1,12.9,0.4,2.9,8.1,0.364,2.2,4.8,0.462,0.514,1.6,1.7,0.929,0.1,3.2,3.3,1.7,1.0,0.6,1.1,2.1,14.8,,milescj01,10.8,0.544,0.629,0.133,0.4,10.1,5.2,7.4,1.4,1.6,7.5,18.3,0.1,0.3,0.3,0.054,-0.8,-0.8,-1.5,0.0
300,Antonio Blakeney,22,CHI,SG,57,3,829,7.2,17.2,0.419,1.6,4.0,0.396,5.6,13.2,0.426,0.465,2.2,3.3,0.658,0.3,4.3,4.6,1.8,0.5,0.4,1.5,1.8,18.2,,blakean01,10.6,0.487,0.23,0.192,0.9,13.1,6.9,8.2,0.7,0.9,7.5,24.5,-0.8,0.3,-0.5,-0.03,-2.4,-2.7,-5.2,-0.7
301,Dragan Bender,21,PHO,PF,46,27,826,3.8,8.6,0.447,1.0,4.4,0.218,2.9,4.2,0.688,0.503,1.4,2.4,0.593,1.5,6.5,8.0,2.4,0.8,1.0,1.6,3.9,10.0,,bendedr01,9.5,0.521,0.513,0.274,4.5,20.3,12.3,9.4,1.0,2.2,14.4,13.4,0.0,0.4,0.5,0.027,-3.4,-0.8,-4.1,-0.5
302,Aron Baynes,32,BOS,C,51,18,821,4.6,9.8,0.471,0.9,2.7,0.344,3.7,7.1,0.519,0.518,2.3,2.7,0.855,3.9,6.7,10.5,2.5,0.5,1.5,1.8,5.5,12.5,,baynear01,14.0,0.567,0.274,0.278,11.4,19.8,15.6,9.3,0.7,3.7,13.8,15.2,1.3,1.1,2.4,0.139,-1.8,0.3,-1.5,0.1
303,Harry Giles,20,SAC,PF,58,0,820,7.7,15.3,0.503,0.0,0.3,0.0,7.7,15.0,0.512,0.503,2.5,4.0,0.637,2.9,6.8,9.7,3.7,1.4,1.0,3.2,6.6,17.9,,gilesha01,14.4,0.526,0.017,0.261,8.1,20.1,14.0,15.2,1.8,2.3,15.8,23.2,0.0,1.0,1.0,0.056,-3.4,0.4,-3.0,-0.2
304,Willy Hernangómez,24,CHO,C,58,3,812,6.8,13.1,0.519,0.7,1.7,0.385,6.1,11.3,0.539,0.544,4.4,6.4,0.694,5.2,8.6,13.8,2.7,0.7,0.9,2.6,4.3,18.7,,hernawi01,20.4,0.587,0.132,0.488,15.3,26.3,20.7,11.5,1.0,2.1,13.9,22.1,1.8,0.8,2.6,0.153,1.1,-1.1,-0.1,0.4
305,Matthew Dellavedova,28,2TM,PG,48,0,812,4.3,10.7,0.405,2.0,5.8,0.338,2.4,5.0,0.482,0.496,1.9,2.3,0.808,0.3,3.1,3.4,8.0,0.6,0.1,3.0,3.3,12.5,,dellama01,11.1,0.532,0.537,0.215,0.8,9.9,5.2,31.9,0.8,0.2,20.4,17.9,0.5,0.0,0.5,0.028,-1.7,-2.8,-4.4,-0.5
305,Matthew Dellavedova,28,MIL,PG,12,0,97,2.2,7.1,0.316,1.5,4.1,0.364,0.7,3.0,0.25,0.421,1.5,1.5,1.0,0.0,3.7,3.7,10.8,0.7,0.0,4.1,3.3,7.4,,dellama01,7.5,0.482,0.579,0.211,0.0,9.9,5.2,35.7,1.0,0.0,34.6,13.7,0.0,0.1,0.1,0.043,-3.5,-0.6,-4.1,-0.1
305,Matthew Dellavedova,28,CLE,PG,36,0,715,4.6,11.2,0.413,2.0,6.0,0.336,2.6,5.2,0.5,0.502,1.9,2.4,0.792,0.3,3.1,3.4,7.7,0.6,0.1,2.9,3.3,13.2,,dellama01,11.5,0.537,0.534,0.215,0.9,9.9,5.2,31.3,0.8,0.2,18.9,18.4,0.5,-0.1,0.4,0.026,-1.4,-3.0,-4.5,-0.4
306,Omari Spellman,21,ATL,PF,46,11,805,4.4,10.9,0.402,2.0,5.7,0.344,2.4,5.2,0.466,0.492,1.4,2.0,0.711,3.2,5.5,8.7,2.1,1.2,1.1,1.4,3.0,12.2,,spellom01,12.4,0.516,0.525,0.184,9.2,16.3,12.7,8.0,1.5,2.7,10.5,14.9,0.6,0.5,1.2,0.07,-0.5,-0.7,-1.2,0.2
307,Bruno Caboclo,23,MEM,PF,34,19,800,4.3,10.1,0.427,2.2,5.9,0.369,2.2,4.3,0.505,0.533,1.9,2.3,0.84,1.9,5.2,7.1,2.3,0.6,1.5,1.7,3.6,12.7,,cabocbr01,12.4,0.571,0.578,0.222,5.8,16.5,11.1,9.4,0.9,3.9,13.3,15.9,0.6,0.9,1.5,0.09,-1.1,0.1,-1.1,0.2
308,Dirk Nowitzki,40,DAL,PF,51,20,795,6.1,17.0,0.359,2.9,9.3,0.312,3.2,7.7,0.415,0.444,1.8,2.3,0.78,0.2,6.9,7.2,1.6,0.4,0.8,0.8,3.4,16.9,AS,nowitdi01,9.6,0.469,0.545,0.133,0.7,20.5,10.6,6.9,0.5,1.9,4.3,22.5,-0.5,0.8,0.3,0.016,-2.7,-1.2,-3.9,-0.4
309,Jordan Bell,24,GSW,C,68,3,788,4.5,8.8,0.516,0.0,0.1,0.0,4.5,8.7,0.521,0.516,1.1,1.9,0.61,2.5,5.9,8.4,3.5,0.9,2.3,1.9,3.7,10.2,,belljo01,12.9,0.531,0.01,0.214,7.8,16.7,12.5,12.3,1.2,5.4,16.7,13.7,0.5,1.1,1.6,0.096,-2.2,1.3,-0.9,0.2
310,Sam Dekker,24,2TM,PF,47,5,788,5.5,11.7,0.469,0.9,2.8,0.306,4.6,8.9,0.521,0.506,1.3,2.1,0.609,2.4,4.3,6.8,2.1,1.7,0.3,1.1,2.1,13.1,,dekkesa01,13.3,0.519,0.242,0.18,7.2,13.5,10.2,8.3,2.3,0.7,8.0,16.2,0.6,0.5,1.0,0.064,-1.0,-0.7,-1.8,0.1
310,Sam Dekker,24,CLE,PF,9,5,169,4.7,10.2,0.458,1.1,2.8,0.385,3.6,7.5,0.486,0.51,1.7,2.1,0.8,1.9,5.1,7.0,1.9,2.3,0.0,1.1,2.8,12.1,,dekkesa01,14.0,0.544,0.271,0.208,5.7,16.5,10.8,7.9,3.2,0.0,8.7,14.9,0.2,0.1,0.3,0.08,-0.9,-0.1,-1.1,0.0
310,Sam Dekker,24,WAS,PF,38,0,619,5.7,12.1,0.471,0.8,2.8,0.286,4.9,9.2,0.528,0.505,1.2,2.1,0.556,2.6,4.1,6.7,2.2,1.6,0.4,1.1,2.0,13.4,,dekkesa01,13.2,0.514,0.236,0.173,7.6,12.6,10.1,8.4,2.1,1.0,7.8,16.6,0.4,0.4,0.8,0.059,-1.0,-0.9,-1.9,0.0
311,Luke Kornet,23,NYK,C,46,18,784,4.9,13.0,0.378,3.2,8.9,0.363,1.7,4.1,0.411,0.502,1.7,2.1,0.826,1.3,4.9,6.2,2.5,1.2,1.9,1.1,1.9,14.8,,kornelu01,14.8,0.531,0.682,0.163,3.6,14.6,9.0,10.5,1.7,4.5,7.6,17.9,0.6,0.7,1.4,0.083,1.4,0.7,2.0,0.8
312,Bismack Biyombo,26,CHO,C,54,32,783,4.1,7.2,0.571,0.0,0.0,,4.1,7.2,0.571,0.571,2.7,4.2,0.637,3.7,7.6,11.4,1.5,0.5,1.9,1.6,4.7,10.9,,biyombi01,14.4,0.602,0.0,0.583,11.0,23.3,17.0,5.9,0.7,4.6,14.8,12.7,1.2,0.8,2.0,0.125,-2.4,0.0,-2.5,-0.1
313,Lance Thomas,30,NYK,PF,46,17,783,3.6,9.1,0.396,1.0,3.6,0.278,2.6,5.4,0.475,0.452,1.2,1.7,0.75,1.0,4.4,5.4,1.2,0.8,0.3,1.1,3.8,9.4,,thomala01,6.4,0.482,0.401,0.183,2.7,13.1,7.8,5.0,1.0,0.8,10.1,12.9,-0.3,0.3,0.1,0.004,-4.8,-0.9,-5.7,-0.7
314,DeMarcus Cousins,28,GSW,C,30,30,771,8.3,17.3,0.48,1.2,4.4,0.274,7.1,12.9,0.551,0.515,4.9,6.7,0.736,2.0,9.5,11.5,5.0,1.9,2.1,3.4,5.1,22.8,,couside01,21.4,0.562,0.256,0.388,6.2,27.0,17.1,20.4,2.5,4.8,14.2,28.1,0.9,1.5,2.4,0.151,0.4,2.6,3.0,1.0
315,Mo Bamba,20,ORL,C,47,1,766,5.5,11.4,0.481,1.0,3.3,0.3,4.5,8.1,0.555,0.525,1.7,3.0,0.587,3.0,7.9,11.0,1.8,0.6,3.0,2.0,4.8,13.7,,bambamo01,14.9,0.539,0.288,0.259,8.8,24.0,16.3,7.4,0.8,7.0,13.7,17.8,0.3,1.4,1.7,0.106,-2.8,1.4,-1.4,0.1
316,Troy Daniels,27,PHO,SG,51,1,760,5.4,13.0,0.411,3.5,9.2,0.381,1.8,3.8,0.481,0.545,0.9,1.1,0.783,0.6,2.8,3.5,1.2,1.2,0.2,1.3,3.7,15.1,,danietr01,9.8,0.558,0.705,0.084,1.9,8.9,5.3,5.0,1.6,0.5,8.7,17.6,0.2,0.1,0.3,0.02,-1.7,-2.0,-3.7,-0.3
317,Dwayne Bacon,23,CHO,SG,43,13,759,5.8,12.2,0.475,1.8,4.1,0.437,4.0,8.1,0.494,0.549,1.6,2.2,0.739,0.4,3.8,4.2,2.2,0.6,0.2,0.9,3.4,15.0,,bacondw01,11.7,0.57,0.339,0.179,1.1,11.7,6.3,9.2,0.8,0.6,6.1,16.8,0.9,0.3,1.2,0.073,-2.1,-1.6,-3.7,-0.3
318,Frank Kaminsky,25,CHO,C,47,0,755,6.6,14.2,0.463,2.4,6.6,0.36,4.2,7.6,0.553,0.547,3.8,5.1,0.738,1.9,5.9,7.8,3.0,0.6,0.6,2.0,3.2,19.3,,kaminfr01,16.8,0.587,0.466,0.359,5.5,18.1,11.7,12.9,0.8,1.4,10.6,22.1,1.3,0.5,1.8,0.114,1.4,-1.1,0.3,0.4
319,J.J. Barea,34,DAL,PG,38,0,752,7.7,18.4,0.418,1.8,6.1,0.297,5.9,12.3,0.479,0.468,2.6,3.7,0.705,0.6,3.9,4.5,10.1,1.1,0.0,3.4,2.4,19.9,,bareajo01,16.3,0.495,0.332,0.203,1.9,11.6,6.8,47.5,1.4,0.1,14.7,28.1,0.4,0.6,1.0,0.064,1.2,-1.8,-0.6,0.3
320,Marcin Gortat,34,LAC,C,47,43,751,4.7,8.9,0.532,0.0,0.0,,4.7,8.9,0.532,0.532,1.7,2.3,0.729,3.2,9.3,12.5,3.1,0.3,1.2,2.4,4.4,11.2,,gortama01,12.8,0.562,0.0,0.258,9.8,26.5,18.4,12.0,0.4,2.5,19.4,14.4,0.6,0.8,1.4,0.089,-1.7,0.4,-1.3,0.1
321,Cristiano Felício,26,CHI,C,60,0,746,4.6,8.6,0.531,0.0,0.2,0.0,4.6,8.4,0.543,0.531,2.4,3.5,0.685,3.8,6.7,10.5,1.8,0.5,0.3,1.6,3.3,11.6,,feliccr01,13.4,0.568,0.022,0.408,11.4,20.5,15.9,7.2,0.7,0.8,13.5,14.3,0.9,0.4,1.4,0.088,-2.0,-2.1,-4.1,-0.4
322,Chasson Randle,25,WAS,PG,49,2,743,4.4,10.5,0.419,2.2,5.6,0.4,2.2,4.9,0.441,0.525,2.1,3.0,0.694,0.5,2.2,2.7,4.7,1.2,0.1,2.1,4.4,13.1,,randlch01,9.9,0.555,0.53,0.286,1.4,6.8,4.1,17.5,1.6,0.3,15.0,16.4,0.4,0.2,0.6,0.041,-2.7,-1.3,-4.0,-0.4
323,Brandon Knight,27,2TM,PG,39,26,736,4.8,12.7,0.381,2.0,6.3,0.318,2.8,6.4,0.443,0.46,1.3,1.7,0.794,0.5,2.4,2.9,3.5,1.0,0.1,1.5,3.0,13.0,,knighbr03,8.9,0.484,0.496,0.131,1.4,7.7,4.4,14.4,1.4,0.2,9.8,18.1,-0.1,0.0,0.0,-0.002,-3.5,-2.0,-5.4,-0.6
323,Brandon Knight,27,HOU,PG,12,0,118,3.4,14.3,0.234,1.5,9.8,0.156,1.8,4.6,0.4,0.287,2.7,3.4,0.818,0.3,2.4,2.7,2.7,0.6,0.0,1.5,4.3,11.0,,knighbr03,0.8,0.347,0.681,0.234,0.9,7.7,4.2,10.6,0.8,0.0,8.8,20.9,-0.3,0.0,-0.3,-0.113,-9.5,-2.9,-12.4,-0.3
323,Brandon Knight,27,CLE,PG,27,26,618,5.1,12.4,0.413,2.1,5.7,0.371,3.0,6.8,0.448,0.498,1.0,1.3,0.783,0.5,2.4,2.9,3.6,1.1,0.1,1.5,2.8,13.4,,knighbr03,10.5,0.515,0.455,0.108,1.5,7.7,4.5,15.1,1.5,0.3,10.1,17.6,0.3,0.0,0.2,0.019,-2.3,-1.8,-4.1,-0.3
324,Troy Brown Jr.,19,WAS,SF,52,10,730,4.8,11.5,0.415,1.1,3.4,0.319,3.7,8.1,0.455,0.462,1.6,2.3,0.681,1.7,5.4,7.2,3.9,1.0,0.2,1.5,2.8,12.2,,browntr01,11.1,0.487,0.295,0.201,5.1,16.6,10.8,14.9,1.4,0.6,10.5,16.5,0.2,0.4,0.6,0.039,-1.7,-1.0,-2.7,-0.1
325,Kenneth Faried,29,2TM,C,37,13,728,7.7,13.1,0.589,0.4,1.2,0.32,7.3,11.9,0.617,0.604,3.2,4.9,0.646,4.8,7.6,12.4,1.0,0.8,1.1,1.6,4.1,19.0,,farieke01,21.6,0.622,0.094,0.374,14.4,23.4,18.8,4.6,1.1,2.7,9.7,20.3,2.1,0.9,2.9,0.193,1.3,-1.5,-0.2,0.3
325,Kenneth Faried,29,BRK,C,12,0,118,7.6,12.8,0.595,0.3,1.5,0.2,7.3,11.3,0.649,0.607,3.1,4.9,0.625,4.6,8.8,13.4,0.6,0.6,1.2,1.8,2.4,18.6,,farieke01,20.5,0.622,0.119,0.381,13.4,25.7,19.6,2.8,0.8,2.7,10.9,19.6,0.2,0.2,0.4,0.168,1.5,-1.1,0.4,0.1
325,Kenneth Faried,29,HOU,C,25,13,610,7.7,13.2,0.587,0.4,1.2,0.35,7.3,12.0,0.611,0.603,3.2,4.9,0.651,4.8,7.3,12.2,1.1,0.9,1.1,1.6,4.4,19.1,,farieke01,21.8,0.622,0.09,0.372,14.6,23.0,18.7,4.9,1.2,2.6,9.4,20.4,1.8,0.7,2.5,0.198,1.3,-1.6,-0.4,0.3
326,Ivan Rabb,21,MEM,PF,49,13,721,5.8,10.6,0.547,0.1,0.7,0.2,5.6,9.8,0.574,0.554,2.4,3.4,0.71,3.5,6.8,10.3,2.7,0.8,0.7,1.7,4.5,14.2,,rabbiv01,16.1,0.586,0.071,0.325,10.7,21.5,16.0,12.0,1.2,1.8,12.6,17.2,1.2,0.9,2.1,0.137,-1.1,-0.3,-1.4,0.1
327,Treveon Graham,25,BRK,SG,35,21,715,3.2,9.6,0.335,1.9,6.4,0.297,1.3,3.2,0.413,0.435,0.9,1.1,0.818,1.2,4.2,5.4,1.7,0.7,0.4,0.9,3.4,9.3,,grahatr01,6.1,0.458,0.67,0.115,3.4,12.3,7.9,6.5,0.9,0.8,7.8,12.8,-0.1,0.6,0.5,0.033,-3.7,0.0,-3.7,-0.3
328,Cameron Payne,24,2TM,PG,40,13,712,4.9,11.3,0.43,1.3,4.2,0.298,3.6,7.0,0.511,0.487,1.7,2.1,0.805,0.7,3.0,3.6,5.4,1.4,0.5,2.3,3.2,12.6,,payneca01,11.5,0.519,0.377,0.184,2.0,9.2,5.5,21.8,1.9,1.1,15.7,17.6,0.1,0.3,0.5,0.031,-2.3,-0.7,-3.0,-0.2
328,Cameron Payne,24,CHI,PG,31,12,536,4.6,11.3,0.411,1.1,4.0,0.271,3.6,7.3,0.486,0.458,1.5,1.7,0.88,0.7,2.9,3.6,5.6,1.3,0.4,2.3,3.3,11.8,,payneca01,10.3,0.492,0.351,0.149,2.0,8.8,5.4,22.4,1.8,1.0,16.0,17.4,-0.1,0.3,0.2,0.014,-3.1,-0.7,-3.8,-0.2
328,Cameron Payne,24,CLE,PG,9,1,176,5.5,11.3,0.491,1.8,5.1,0.36,3.7,6.1,0.6,0.573,2.3,3.3,0.688,0.6,3.3,3.9,4.7,1.6,0.6,2.3,3.1,15.1,,payneca01,15.3,0.596,0.455,0.291,1.8,10.6,6.0,20.0,2.3,1.5,15.1,18.1,0.2,0.1,0.3,0.082,0.1,-0.8,-0.7,0.1
329,Tyler Dorsey,22,2TM,SG,48,11,698,5.5,13.6,0.405,2.3,6.8,0.333,3.2,6.8,0.477,0.489,2.0,3.1,0.623,1.4,4.4,5.8,2.9,0.7,0.1,1.4,2.7,15.3,,dorsety01,11.2,0.509,0.5,0.231,4.2,13.7,8.9,12.4,1.0,0.3,8.5,19.7,0.2,0.4,0.6,0.043,-1.4,-2.1,-3.5,-0.3
329,Tyler Dorsey,22,ATL,SG,27,0,251,4.6,12.8,0.36,1.4,5.6,0.256,3.2,7.2,0.44,0.416,2.3,3.7,0.615,1.3,4.9,6.2,2.4,1.0,0.1,1.4,2.9,12.9,,dorsety01,7.8,0.448,0.438,0.292,3.7,14.6,9.0,9.3,1.3,0.3,9.1,17.9,-0.2,0.1,-0.1,-0.01,-3.4,-1.5,-4.9,-0.2
329,Tyler Dorsey,22,MEM,SG,21,11,447,6.0,14.1,0.429,2.7,7.5,0.366,3.3,6.6,0.5,0.526,1.8,2.8,0.629,1.4,4.2,5.6,3.1,0.6,0.1,1.4,2.7,16.6,,dorsety01,13.1,0.541,0.531,0.2,4.4,13.3,8.8,14.2,0.8,0.2,8.2,20.7,0.4,0.3,0.7,0.073,-0.3,-2.4,-2.7,-0.1
330,Abdel Nader,25,OKC,SF,61,1,694,4.7,11.2,0.423,1.7,5.2,0.32,3.1,6.0,0.513,0.498,1.4,1.9,0.75,0.7,5.3,6.0,1.0,1.0,0.6,1.3,3.5,12.5,,naderab01,8.8,0.522,0.465,0.167,2.0,15.7,8.6,3.8,1.3,1.5,10.1,15.1,0.0,0.9,0.9,0.062,-3.6,0.3,-3.2,-0.2
331,Joakim Noah,33,MEM,C,42,1,693,5.7,11.1,0.516,0.0,0.1,0.0,5.7,11.0,0.519,0.516,4.1,5.7,0.716,3.0,9.4,12.4,4.6,1.0,1.6,2.6,5.0,15.5,,noahjo01,18.6,0.571,0.005,0.512,9.2,29.6,19.3,20.6,1.4,4.2,16.1,20.0,1.0,1.2,2.2,0.15,-0.3,2.4,2.1,0.7
332,Boban Marjanović,30,2TM,C,58,12,681,8.5,13.7,0.615,0.2,0.5,0.4,8.2,13.2,0.624,0.623,5.2,6.9,0.748,4.6,9.4,14.0,2.9,0.8,1.4,3.1,4.8,22.3,,marjabo01,24.2,0.664,0.038,0.504,14.0,26.9,20.6,12.8,1.1,3.1,15.7,23.3,2.1,0.9,3.0,0.212,2.8,0.3,3.2,0.9
332,Boban Marjanović,30,LAC,C,36,9,376,8.1,13.4,0.607,0.0,0.2,0.0,8.1,13.2,0.616,0.607,6.9,9.1,0.758,5.3,9.3,14.6,2.1,1.1,1.6,3.5,5.5,23.2,,marjabo01,24.9,0.666,0.014,0.679,16.0,26.5,21.4,9.3,1.4,3.6,16.9,24.6,1.2,0.5,1.7,0.217,2.6,0.4,3.1,0.5
332,Boban Marjanović,30,PHI,C,22,3,305,8.9,14.2,0.625,0.5,0.9,0.5,8.4,13.2,0.634,0.642,3.1,4.2,0.722,3.8,9.6,13.3,3.8,0.6,1.2,2.6,3.9,21.2,,marjabo01,23.3,0.663,0.067,0.3,11.4,27.3,19.6,17.1,0.8,2.6,13.9,21.7,0.9,0.4,1.3,0.204,3.0,0.3,3.3,0.4
333,Furkan Korkmaz,21,PHI,SG,48,7,679,5.2,13.0,0.4,2.5,7.6,0.326,2.7,5.4,0.505,0.496,1.9,2.3,0.818,0.8,4.8,5.7,2.8,1.5,0.1,1.3,3.3,14.8,,korkmfu01,11.5,0.528,0.588,0.18,2.6,13.8,8.3,10.7,2.0,0.2,8.6,17.9,0.4,0.7,1.1,0.079,-1.6,-0.2,-1.8,0.0
334,Devonte' Graham,23,CHO,PG,46,3,676,3.9,11.5,0.343,1.8,6.4,0.281,2.1,5.1,0.421,0.421,1.9,2.4,0.761,0.5,2.8,3.4,6.4,1.2,0.1,1.6,2.6,11.6,,grahade01,10.3,0.459,0.56,0.213,1.6,8.6,5.0,24.8,1.7,0.3,11.3,17.0,0.2,0.3,0.5,0.035,-2.6,-1.3,-4.0,-0.3
335,Timothé Luwawu-Cabarrot,23,2TM,SF,50,7,669,4.4,11.7,0.376,1.9,6.2,0.31,2.5,5.5,0.451,0.459,1.7,2.2,0.756,0.6,4.6,5.2,1.4,1.0,0.4,1.1,3.9,12.4,,luwawti01,8.0,0.489,0.532,0.188,1.7,14.1,7.8,5.5,1.4,1.0,8.2,16.6,-0.3,0.5,0.2,0.015,-4.1,-1.1,-5.2,-0.5
335,Timothé Luwawu-Cabarrot,23,OKC,SF,21,1,123,3.8,12.6,0.302,1.5,6.4,0.227,2.3,6.1,0.381,0.36,1.2,1.8,0.667,1.2,4.1,5.3,1.2,1.2,0.3,1.5,4.1,10.2,,luwawti01,3.4,0.383,0.512,0.14,3.3,12.1,7.6,4.2,1.5,0.7,9.9,16.8,-0.2,0.1,-0.1,-0.033,-7.0,-0.1,-7.1,-0.2
335,Timothé Luwawu-Cabarrot,23,CHI,SF,29,6,546,4.5,11.5,0.394,2.0,6.2,0.33,2.5,5.3,0.469,0.483,1.8,2.3,0.771,0.5,4.7,5.2,1.5,1.0,0.5,1.1,3.9,12.9,,luwawti01,9.0,0.515,0.537,0.2,1.4,14.5,7.9,5.8,1.3,1.1,7.8,16.5,0.0,0.3,0.3,0.026,-3.4,-1.3,-4.7,-0.4
336,Dante Exum,23,UTA,PG,42,1,664,5.5,13.1,0.419,1.0,3.4,0.29,4.5,9.7,0.464,0.456,3.7,4.7,0.791,0.9,2.8,3.7,6.0,0.8,0.3,2.8,3.7,15.6,,exumda01,11.2,0.516,0.257,0.357,2.7,8.3,5.5,24.1,1.0,0.6,15.7,21.3,0.2,0.7,1.0,0.069,-2.0,-0.1,-2.1,0.0
337,Jerryd Bayless,30,MIN,PG,34,6,657,4.5,12.6,0.357,1.6,5.4,0.296,2.9,7.2,0.402,0.42,0.9,1.5,0.571,0.6,2.8,3.4,6.5,1.0,0.1,1.8,3.1,11.5,,bayleje01,8.5,0.431,0.426,0.122,1.8,8.4,5.0,24.6,1.3,0.3,11.7,17.6,-0.2,0.2,0.0,-0.003,-2.9,-1.7,-4.6,-0.4
338,Aaron Holiday,22,IND,PG,50,0,646,5.9,14.6,0.401,2.4,7.1,0.339,3.5,7.5,0.459,0.483,2.3,2.8,0.82,0.3,3.5,3.7,4.8,1.2,0.7,2.2,4.0,16.4,,holidaa01,11.9,0.518,0.485,0.191,0.9,10.4,5.8,19.3,1.6,1.8,12.3,21.9,0.1,0.8,0.9,0.065,-1.7,0.1,-1.6,0.1
339,Khem Birch,26,ORL,C,50,1,643,5.1,8.5,0.603,0.0,0.1,0.0,5.1,8.4,0.607,0.603,3.2,4.6,0.699,4.4,6.2,10.6,2.1,1.0,1.6,1.1,4.0,13.4,,birchkh01,19.2,0.64,0.007,0.55,13.0,18.8,15.8,8.5,1.4,3.8,9.6,14.1,1.8,1.0,2.8,0.212,0.1,1.0,1.2,0.5
340,Gary Clark,24,HOU,PF,51,2,641,2.8,8.5,0.331,2.3,7.8,0.297,0.5,0.7,0.692,0.467,0.4,0.4,1.0,1.3,5.2,6.5,1.0,1.1,1.5,0.4,2.6,8.3,,clarkga01,9.2,0.48,0.914,0.046,4.1,16.2,10.0,3.8,1.5,3.5,4.3,10.9,0.3,0.7,1.0,0.071,-1.1,0.4,-0.7,0.2
341,Jonah Bolden,23,PHI,PF,44,10,639,4.5,9.1,0.494,1.9,5.4,0.354,2.6,3.7,0.697,0.599,0.7,1.5,0.481,2.6,6.6,9.3,2.3,1.0,2.2,2.0,5.6,11.7,,boldejo01,12.7,0.595,0.593,0.167,8.0,19.0,13.7,8.5,1.3,4.8,17.2,13.8,0.5,0.9,1.4,0.106,-1.8,1.1,-0.7,0.2
342,José Calderón,37,DET,PG,49,0,632,2.6,6.8,0.375,0.8,3.2,0.246,1.8,3.6,0.492,0.433,0.5,0.6,0.818,0.6,2.8,3.4,6.6,0.9,0.2,2.0,3.6,6.4,,caldejo01,7.1,0.453,0.475,0.092,1.8,8.8,5.2,24.9,1.2,0.4,21.9,10.9,0.0,0.5,0.6,0.043,-4.2,0.3,-3.9,-0.3
343,Isaiah Canaan,27,3TM,PG,30,16,629,3.7,9.4,0.39,1.9,5.5,0.354,1.7,3.9,0.441,0.494,1.1,1.4,0.792,0.3,3.0,3.3,4.8,0.8,0.1,2.0,3.0,10.4,,canaais01,8.0,0.518,0.585,0.146,1.0,9.2,5.1,18.2,1.1,0.3,16.7,14.2,0.0,0.1,0.1,0.008,-2.7,-1.4,-4.1,-0.3
343,Isaiah Canaan,27,PHO,PG,19,15,503,3.7,9.2,0.395,1.8,5.2,0.347,1.9,4.1,0.456,0.492,1.1,1.4,0.75,0.4,3.1,3.5,4.4,0.9,0.0,2.1,3.3,10.2,,canaais01,7.3,0.515,0.558,0.155,1.1,9.8,5.4,17.0,1.1,0.0,17.4,14.2,-0.1,0.0,-0.1,-0.007,-3.3,-1.4,-4.6,-0.3
343,Isaiah Canaan,27,MIN,PG,7,1,95,4.2,11.0,0.379,2.7,7.2,0.368,1.5,3.8,0.4,0.5,1.5,1.5,1.0,0.0,1.9,1.9,7.2,0.8,0.4,1.5,1.5,12.5,,canaais01,12.3,0.536,0.655,0.138,0.0,5.7,2.8,26.9,1.0,0.9,11.5,15.4,0.1,0.0,0.2,0.079,0.7,-2.0,-1.3,0.0
343,Isaiah Canaan,27,MIL,PG,4,0,31,2.3,7.0,0.333,2.3,5.8,0.4,0.0,1.2,0.0,0.5,0.0,0.0,,1.2,3.5,4.6,3.5,0.0,1.2,2.3,2.3,7.0,,canaais01,5.2,0.5,0.833,0.0,3.5,9.3,6.6,11.6,0.0,2.7,25.0,10.8,0.0,0.0,0.0,0.03,-3.3,-0.7,-4.0,0.0
344,Tyrone Wallace,24,LAC,PG,62,0,628,5.3,12.4,0.424,0.2,1.1,0.211,5.0,11.4,0.444,0.433,1.7,3.3,0.526,1.1,4.6,5.8,2.4,1.2,0.4,2.1,4.8,12.5,,wallaty01,7.0,0.45,0.088,0.263,3.5,13.2,8.5,9.5,1.6,0.9,12.9,18.7,-0.8,0.5,-0.3,-0.023,-5.6,-0.8,-6.4,-0.7
345,Glenn Robinson III,25,DET,SF,47,18,610,4.4,10.4,0.42,1.1,3.7,0.29,3.3,6.7,0.491,0.472,1.9,2.4,0.8,1.0,3.2,4.2,1.2,0.8,0.5,1.1,2.7,11.7,,robingl02,8.7,0.511,0.352,0.227,2.9,10.0,6.4,5.1,1.1,1.1,8.5,15.0,0.1,0.6,0.7,0.054,-2.8,-0.1,-3.0,-0.2
346,Thabo Sefolosha,34,UTA,SF,50,2,609,4.2,8.8,0.477,2.0,4.6,0.436,2.2,4.2,0.521,0.591,0.8,1.3,0.636,0.5,6.8,7.3,1.6,2.5,0.3,1.5,2.4,11.2,,sefolth01,12.1,0.599,0.523,0.148,1.4,20.1,10.9,6.1,3.4,0.7,13.6,12.9,0.2,1.2,1.5,0.115,-1.6,3.1,1.5,0.5
347,Kevin Love,30,CLE,PF,22,21,598,6.6,17.0,0.385,3.2,8.8,0.361,3.4,8.2,0.412,0.479,6.2,6.9,0.904,2.0,12.4,14.4,2.9,0.4,0.3,2.5,3.3,22.5,,loveke01,19.5,0.561,0.519,0.403,5.9,40.0,22.2,12.8,0.5,0.7,11.2,27.4,1.0,0.4,1.3,0.106,3.3,-1.6,1.6,0.6
348,Semi Ojeleye,24,BOS,PF,56,3,594,4.1,9.6,0.424,1.7,5.4,0.315,2.4,4.2,0.565,0.513,1.5,2.4,0.615,1.5,3.8,5.2,1.4,0.6,0.2,1.2,2.6,11.3,,ojelese01,8.5,0.531,0.563,0.247,4.3,11.2,7.7,5.1,0.8,0.6,9.8,14.1,0.2,0.5,0.7,0.057,-2.8,-1.2,-4.0,-0.3
349,Álex Abrines,25,OKC,SG,31,2,588,3.4,9.6,0.357,2.5,7.8,0.323,0.9,1.8,0.5,0.487,0.7,0.8,0.923,0.3,2.6,2.9,1.2,1.0,0.4,0.9,3.2,10.1,,abrinal01,6.3,0.507,0.809,0.083,0.9,7.8,4.2,4.3,1.3,0.9,7.9,12.2,0.1,0.6,0.6,0.053,-3.7,0.4,-3.3,-0.2
350,Jevon Carter,23,MEM,PG,39,3,577,3.5,11.5,0.303,2.1,6.4,0.333,1.4,5.2,0.265,0.395,1.6,2.0,0.813,0.9,3.2,4.1,4.3,1.6,0.7,2.1,3.4,10.7,,carteje01,7.8,0.432,0.551,0.173,2.7,10.3,6.4,17.4,2.2,1.8,14.2,18.0,-0.7,0.7,0.0,-0.003,-4.1,0.1,-4.0,-0.3
351,Isaiah Briscoe,22,ORL,PG,39,0,559,3.5,8.9,0.399,0.7,2.2,0.324,2.8,6.7,0.423,0.438,1.0,1.7,0.577,0.3,4.4,4.8,5.6,0.7,0.1,2.0,4.3,8.8,,briscis01,6.7,0.455,0.246,0.188,0.9,13.4,7.1,21.0,1.0,0.3,17.2,14.1,-0.3,0.5,0.3,0.023,-5.4,0.4,-5.0,-0.4
352,Nenê,36,HOU,C,42,2,546,4.0,7.6,0.517,0.0,0.2,0.0,4.0,7.5,0.531,0.517,2.0,3.1,0.66,2.2,5.9,8.1,1.7,1.2,1.0,0.7,5.7,10.0,,hilarne01,11.9,0.552,0.026,0.405,6.7,18.4,12.5,6.8,1.6,2.3,7.4,11.7,0.8,0.6,1.4,0.123,-3.1,0.9,-2.2,0.0
353,Wesley Johnson,31,2TM,SF,38,13,534,3.0,8.6,0.352,1.7,5.1,0.329,1.3,3.5,0.385,0.449,0.9,1.3,0.684,0.8,4.0,4.9,1.6,0.9,0.8,1.2,4.2,8.6,,johnswe01,5.5,0.469,0.594,0.148,2.4,11.7,7.1,5.3,1.2,1.9,11.7,12.0,-0.3,0.3,0.0,0.001,-4.3,-0.5,-4.8,-0.4
353,Wesley Johnson,31,NOP,SF,26,13,377,3.3,8.4,0.398,1.8,4.8,0.38,1.5,3.6,0.421,0.506,0.6,0.9,0.667,1.0,4.2,5.2,1.5,1.1,0.7,1.1,4.3,9.1,,johnswe01,6.9,0.517,0.568,0.102,2.8,11.9,7.4,5.2,1.5,1.5,11.5,11.3,0.0,0.2,0.3,0.032,-3.4,0.3,-3.1,-0.1
353,Wesley Johnson,31,WAS,SF,12,0,157,2.3,9.2,0.25,1.4,6.0,0.231,0.9,3.2,0.286,0.325,1.6,2.3,0.7,0.5,3.7,4.1,1.6,0.5,1.1,1.4,4.1,7.6,,johnswe01,2.0,0.372,0.65,0.25,1.4,11.2,6.2,5.6,0.6,2.7,11.9,13.6,-0.3,0.0,-0.2,-0.075,-6.5,-2.4,-8.9,-0.3
354,Alex Caruso,24,LAL,PG,25,4,531,5.2,11.7,0.445,1.6,3.4,0.48,3.6,8.3,0.431,0.514,3.5,4.3,0.797,1.4,3.2,4.5,5.2,1.6,0.6,2.8,3.7,15.5,,carusal01,13.9,0.569,0.289,0.37,4.0,9.0,6.5,19.7,2.1,1.4,17.3,19.0,0.5,0.6,1.0,0.093,-1.0,0.7,-0.2,0.2
355,Amir Johnson,31,PHI,C,51,6,529,5.4,10.7,0.503,0.8,2.7,0.3,4.6,8.0,0.573,0.541,2.1,2.8,0.756,3.2,6.8,10.0,4.1,1.1,0.9,3.1,6.7,13.7,,johnsam01,13.1,0.574,0.255,0.261,9.7,19.5,14.7,16.0,1.4,1.9,20.5,17.4,0.4,0.7,1.1,0.098,-2.9,0.6,-2.3,0.0
356,Hamidou Diallo,20,OKC,SG,51,3,526,5.1,11.3,0.455,0.3,1.6,0.167,4.9,9.7,0.504,0.467,2.5,4.0,0.61,2.6,4.0,6.6,1.2,1.4,0.7,1.6,5.3,13.0,,diallha01,10.1,0.497,0.145,0.358,7.2,12.0,9.5,4.4,1.9,1.6,10.7,16.6,0.1,0.7,0.8,0.069,-4.4,0.2,-4.2,-0.3
357,T.J. Leaf,21,IND,PF,58,1,522,6.8,12.6,0.541,0.6,2.1,0.258,6.3,10.5,0.599,0.563,1.3,2.1,0.613,3.0,5.7,8.6,1.7,0.6,1.3,0.8,2.4,15.5,,leaftj01,16.9,0.572,0.169,0.169,9.3,17.1,13.3,6.9,0.8,3.2,5.8,17.5,0.9,0.7,1.6,0.148,0.3,-0.6,-0.3,0.2
358,Omri Casspi,30,MEM,SF,36,0,520,6.0,11.1,0.534,1.0,3.0,0.349,4.9,8.2,0.602,0.581,2.7,4.0,0.672,1.2,6.8,8.0,1.8,1.4,0.6,1.6,2.4,15.6,,casspom01,15.7,0.606,0.267,0.36,3.6,21.5,12.4,8.1,1.9,1.6,11.0,18.0,0.6,0.7,1.3,0.119,-0.3,0.7,0.4,0.3
359,Georges Niang,25,UTA,PF,59,0,516,6.0,12.6,0.475,3.0,7.3,0.41,3.0,5.3,0.566,0.594,1.4,1.7,0.833,0.8,5.3,6.1,2.4,0.7,0.4,1.6,4.0,16.4,,niangge01,13.0,0.613,0.58,0.133,2.4,15.7,9.1,10.1,0.9,0.9,10.7,17.8,0.7,0.7,1.3,0.123,-0.2,0.2,0.0,0.3
360,Keita Bates-Diop,23,MIN,SF,30,3,503,4.3,10.2,0.423,0.9,3.7,0.25,3.4,6.4,0.522,0.468,1.3,2.0,0.643,1.1,4.8,5.9,1.2,1.3,1.0,1.0,2.1,10.8,,bateske01,9.6,0.489,0.366,0.197,3.4,14.4,8.8,4.6,1.7,2.4,8.3,14.1,0.0,0.4,0.3,0.032,-2.8,-0.6,-3.4,-0.2
361,Kosta Koufos,29,SAC,C,42,1,502,5.2,11.0,0.477,0.0,0.0,,5.2,11.0,0.477,0.477,0.7,1.7,0.417,3.7,9.0,12.7,2.6,1.1,1.3,1.9,4.9,11.2,,koufoko01,12.3,0.477,0.0,0.157,10.4,26.3,18.2,9.5,1.4,3.1,14.2,15.7,0.0,0.7,0.7,0.063,-3.6,0.2,-3.4,-0.2
362,Marquese Chriss,21,2TM,PF,43,2,499,4.8,13.0,0.372,1.2,5.2,0.222,3.7,7.8,0.472,0.417,2.3,3.2,0.711,2.9,7.4,10.2,1.6,1.2,0.8,2.6,5.8,13.1,,chrisma01,9.2,0.455,0.4,0.25,8.6,23.6,15.8,6.5,1.7,1.9,15.3,20.6,-0.6,0.4,-0.2,-0.023,-5.7,-1.9,-7.5,-0.7
362,Marquese Chriss,21,HOU,PF,16,0,104,3.8,11.8,0.324,0.3,5.2,0.067,3.5,6.6,0.526,0.338,2.1,2.4,0.857,2.4,7.3,9.7,2.1,0.7,1.4,4.2,5.9,10.0,,chrisma01,3.4,0.391,0.441,0.206,7.3,22.8,14.9,8.2,0.9,3.3,24.4,20.5,-0.3,0.1,-0.2,-0.101,-9.6,-1.7,-11.2,-0.2
362,Marquese Chriss,21,CLE,PF,27,2,395,5.1,13.3,0.384,1.4,5.2,0.263,3.7,8.1,0.461,0.435,2.4,3.5,0.684,3.0,7.4,10.4,1.5,1.4,0.6,2.2,5.8,13.9,,chrisma01,10.7,0.47,0.39,0.26,8.9,23.8,16.0,6.1,1.9,1.5,12.9,20.7,-0.3,0.2,0.0,-0.003,-4.6,-1.9,-6.6,-0.5
363,Ian Mahinmi,32,WAS,C,34,6,498,3.4,7.5,0.452,0.2,1.2,0.188,3.2,6.4,0.5,0.466,3.0,4.4,0.689,3.5,5.8,9.3,1.8,1.8,1.2,1.5,6.1,10.0,,mahinia01,12.0,0.531,0.154,0.587,10.3,17.7,13.9,6.5,2.4,2.7,13.8,12.9,0.5,0.5,1.0,0.092,-3.5,0.6,-3.0,-0.1
364,Chandler Parsons,30,MEM,SF,25,3,496,4.9,13.2,0.374,2.1,6.8,0.309,2.8,6.4,0.443,0.453,1.6,1.8,0.88,0.3,4.8,5.1,3.1,1.4,0.4,2.3,3.3,13.6,,parsoch01,8.5,0.484,0.516,0.137,0.9,15.2,7.9,13.4,1.9,1.0,14.2,20.3,-0.6,0.6,0.0,-0.004,-3.9,-0.5,-4.4,-0.3
365,Corey Brewer,32,2TM,SF,31,3,492,3.9,9.0,0.431,1.0,3.2,0.318,2.9,5.8,0.494,0.488,2.3,3.1,0.721,1.9,3.7,5.6,2.9,2.3,0.5,1.4,4.6,11.0,,breweco01,11.6,0.532,0.358,0.35,5.4,10.7,8.0,10.2,3.0,1.2,11.8,13.6,0.4,0.6,1.0,0.095,-2.9,1.6,-1.3,0.1
365,Corey Brewer,32,PHI,SF,7,3,140,5.1,12.6,0.408,1.0,3.6,0.286,4.1,9.0,0.457,0.449,2.3,3.3,0.692,1.0,3.3,4.4,2.6,3.1,0.5,2.1,4.1,13.6,,breweco01,10.8,0.484,0.286,0.265,3.1,9.6,6.4,10.0,4.0,1.1,12.8,18.8,-0.1,0.2,0.1,0.044,-5.1,1.5,-3.6,-0.1
365,Corey Brewer,32,SAC,SF,24,0,352,3.4,7.6,0.446,1.0,3.1,0.333,2.4,4.5,0.523,0.514,2.3,3.1,0.733,2.3,3.8,6.0,3.0,2.0,0.5,1.1,4.8,10.0,,breweco01,12.0,0.562,0.405,0.405,6.3,11.1,8.6,10.3,2.6,1.2,11.2,11.5,0.5,0.4,0.8,0.115,-2.0,1.6,-0.4,0.1
366,Greg Monroe,28,3TM,C,43,2,480,6.9,14.2,0.487,0.1,0.4,0.2,6.8,13.8,0.495,0.489,3.4,5.4,0.625,5.0,7.9,12.9,1.8,1.0,0.6,2.4,5.0,17.2,,monrogr01,16.0,0.521,0.026,0.381,15.4,22.9,19.3,8.1,1.4,1.4,12.7,22.6,0.4,0.7,1.1,0.108,-2.0,-1.3,-3.2,-0.1
366,Greg Monroe,28,TOR,C,38,2,423,6.3,13.7,0.46,0.0,0.3,0.0,6.3,13.4,0.471,0.46,3.0,5.2,0.574,5.1,8.2,13.3,1.4,1.1,0.7,2.6,5.2,15.6,,monrogr01,13.5,0.487,0.025,0.379,15.7,23.8,19.9,5.4,1.5,1.6,14.2,22.2,-0.1,0.7,0.6,0.071,-3.5,-1.4,-5.0,-0.3
366,Greg Monroe,28,BOS,C,2,0,5,21.6,36.0,0.6,0.0,0.0,,21.6,36.0,0.6,0.6,0.0,0.0,,21.6,0.0,21.6,7.2,0.0,0.0,0.0,0.0,43.2,,monrogr01,60.2,0.6,0.0,0.0,63.9,0.0,32.0,73.4,0.0,0.0,0.0,43.1,0.1,0.0,0.1,0.534,28.0,-2.8,25.2,0.0
366,Greg Monroe,28,PHI,C,3,0,52,10.4,15.9,0.652,0.7,0.7,1.0,9.7,15.2,0.636,0.674,6.9,7.6,0.909,2.8,6.2,9.0,4.8,0.7,0.0,0.7,3.5,28.4,,monrogr01,31.7,0.736,0.043,0.478,8.4,17.8,13.2,23.5,0.9,0.0,3.5,23.2,0.4,0.0,0.4,0.37,7.8,0.4,8.2,0.1
367,Raul Neto,26,UTA,PG,37,1,474,5.6,12.2,0.46,1.5,4.6,0.333,4.1,7.7,0.535,0.522,2.1,2.5,0.848,0.5,4.3,4.7,7.1,1.1,0.3,2.7,3.7,14.9,,netora01,13.5,0.558,0.373,0.205,1.4,12.6,7.1,28.7,1.4,0.7,16.6,19.0,0.5,0.6,1.1,0.116,-1.1,0.8,-0.3,0.2
368,Justin Anderson,25,ATL,SF,48,4,463,5.0,12.2,0.408,1.9,6.0,0.312,3.1,6.2,0.5,0.484,2.0,2.7,0.743,1.9,4.7,6.5,1.8,1.7,1.0,1.8,3.7,13.8,,anderju01,11.2,0.516,0.49,0.223,5.3,13.9,9.5,6.9,2.2,2.4,11.8,17.2,0.1,0.4,0.4,0.043,-2.4,-0.3,-2.7,-0.1
369,Ryan Broekhoff,28,DAL,SG,42,0,453,4.5,10.0,0.452,3.0,7.4,0.409,1.5,2.6,0.576,0.603,1.2,1.5,0.789,0.6,4.4,5.0,1.7,0.5,0.3,1.3,2.8,13.3,,broekry01,10.7,0.621,0.738,0.151,1.9,12.9,7.4,7.2,0.6,0.8,10.6,14.3,0.5,0.3,0.8,0.086,-0.5,-0.5,-1.0,0.1
370,Moritz Wagner,21,LAL,C,43,5,446,5.7,13.8,0.415,1.8,6.2,0.286,4.0,7.6,0.521,0.48,3.5,4.3,0.811,1.4,5.5,6.9,1.9,0.9,1.0,3.1,4.6,16.7,,wagnemo01,10.1,0.533,0.45,0.31,4.0,15.4,9.8,7.4,1.1,2.4,16.7,21.7,-0.3,0.5,0.2,0.02,-3.9,-0.4,-4.3,-0.3
371,Svi Mykhailiuk,21,2TM,SF,42,0,440,3.8,11.5,0.329,2.4,7.3,0.326,1.4,4.2,0.333,0.432,1.0,1.6,0.6,0.7,2.2,2.9,3.0,1.1,0.1,1.7,2.0,10.9,,mykhasv01,6.0,0.447,0.636,0.143,2.2,6.2,4.2,10.9,1.5,0.2,12.4,16.0,-0.4,0.3,-0.1,-0.012,-3.9,-1.1,-5.0,-0.3
371,Svi Mykhailiuk,21,LAL,SF,39,0,420,3.8,11.3,0.333,2.3,7.3,0.318,1.5,4.0,0.362,0.436,1.0,1.7,0.6,0.7,2.2,2.9,2.8,1.1,0.1,1.7,2.1,10.9,,mykhasv01,5.8,0.451,0.644,0.152,2.0,6.3,4.2,10.1,1.4,0.2,12.4,15.9,-0.4,0.3,-0.1,-0.013,-4.1,-1.1,-5.2,-0.3
371,Svi Mykhailiuk,21,DET,SF,3,0,20,3.6,14.4,0.25,3.6,7.2,0.5,0.0,7.2,0.0,0.375,0.0,0.0,,1.8,1.8,3.6,7.2,1.8,0.0,1.8,0.0,10.8,,mykhasv01,9.8,0.375,0.5,0.0,5.3,5.7,5.5,28.5,2.5,0.0,11.1,19.4,0.0,0.0,0.0,0.016,0.6,-1.1,-0.5,0.0
372,Jaron Blossomgame,25,CLE,SF,27,4,439,3.9,8.7,0.443,0.8,3.2,0.256,3.0,5.5,0.552,0.491,0.8,1.1,0.769,2.1,5.9,8.0,1.1,0.6,0.7,0.9,1.6,9.3,,blossja01,10.2,0.51,0.368,0.123,6.3,19.1,12.4,4.2,0.8,1.6,9.0,12.2,0.2,0.1,0.3,0.03,-1.9,-1.8,-3.8,-0.2
373,Frank Mason III,24,SAC,PG,38,0,435,5.9,14.0,0.42,1.2,5.3,0.219,4.7,8.7,0.543,0.462,3.2,4.7,0.684,0.5,3.1,3.6,7.0,1.3,0.3,3.0,2.8,16.1,,masonfr01,12.4,0.502,0.379,0.337,1.4,9.0,5.1,26.3,1.7,0.8,15.6,21.8,0.0,0.3,0.3,0.033,-1.9,-1.3,-3.1,-0.1
374,Jaylen Adams,22,ATL,PG,34,1,428,3.2,9.3,0.345,2.1,6.2,0.338,1.1,3.0,0.361,0.459,0.6,0.8,0.778,0.9,4.1,5.0,5.5,1.2,0.4,2.4,3.8,9.1,,adamsja01,7.6,0.474,0.673,0.082,2.6,12.3,7.4,19.8,1.5,1.0,19.7,13.5,-0.1,0.2,0.1,0.011,-3.8,-0.5,-4.3,-0.2
375,Courtney Lee,33,2TM,SG,34,6,428,4.5,10.9,0.411,1.3,4.6,0.291,3.1,6.2,0.5,0.473,1.2,1.8,0.667,0.8,3.8,4.5,3.1,1.8,0.3,1.2,2.7,11.4,,leeco01,10.3,0.492,0.426,0.163,2.2,11.2,6.7,12.8,2.4,0.6,9.2,15.3,0.1,0.4,0.4,0.05,-3.4,0.8,-2.5,-0.1
375,Courtney Lee,33,NYK,SG,12,2,160,4.7,10.6,0.447,1.1,3.6,0.313,3.6,7.0,0.516,0.5,2.0,3.2,0.643,1.4,4.7,6.1,3.6,1.8,0.5,1.1,2.9,12.6,,leeco01,13.7,0.527,0.34,0.298,3.8,14.1,8.8,15.1,2.4,1.1,8.6,15.5,0.2,0.1,0.3,0.087,-1.8,1.1,-0.8,0.0
375,Courtney Lee,33,DAL,SG,22,4,268,4.3,11.0,0.39,1.5,5.2,0.282,2.8,5.8,0.488,0.457,0.7,0.9,0.714,0.4,3.2,3.6,2.8,1.7,0.1,1.2,2.6,10.7,,leeco01,8.3,0.47,0.476,0.085,1.2,9.5,5.4,11.4,2.4,0.3,9.6,15.1,-0.1,0.3,0.2,0.028,-4.3,0.7,-3.6,-0.1
376,Markelle Fultz,20,PHI,SG,19,15,427,5.5,13.1,0.419,0.3,1.2,0.286,5.1,11.9,0.433,0.432,1.8,3.1,0.568,2.2,3.7,5.9,5.0,1.4,0.4,2.1,4.4,13.1,,fultzma01,10.5,0.452,0.09,0.239,6.6,10.6,8.7,19.5,1.9,0.9,12.7,19.3,-0.1,0.4,0.3,0.035,-3.3,0.2,-3.1,-0.1
377,Grayson Allen,23,UTA,SG,38,2,416,5.8,15.4,0.376,2.8,8.6,0.323,3.0,6.8,0.443,0.466,3.9,5.2,0.75,0.3,1.7,2.0,2.2,0.5,0.5,2.9,4.1,18.3,,allengr01,7.5,0.516,0.556,0.337,0.8,5.1,3.0,8.9,0.7,1.1,13.9,24.4,-0.4,0.4,0.0,0.002,-4.2,-2.1,-6.3,-0.5
378,Kadeem Allen,26,NYK,PG,19,1,416,5.6,12.2,0.461,1.5,3.1,0.472,4.2,9.1,0.457,0.521,3.6,4.7,0.778,0.7,3.7,4.4,6.6,1.4,0.3,2.3,4.0,16.4,,allenka01,16.2,0.574,0.255,0.383,2.0,11.1,6.4,28.7,1.9,0.8,13.6,19.6,0.7,0.2,1.0,0.111,0.2,0.3,0.5,0.3
379,Donte DiVincenzo,22,MIL,SG,27,0,411,4.4,10.9,0.403,1.9,7.3,0.265,2.5,3.6,0.683,0.492,0.8,1.1,0.75,1.4,4.3,5.7,2.7,1.1,0.5,1.7,3.3,11.5,,divindo01,9.1,0.507,0.669,0.097,4.2,11.4,8.0,9.7,1.5,1.2,12.8,15.1,0.0,0.6,0.6,0.069,-2.8,0.6,-2.2,0.0
380,Damian Jones,23,GSW,C,24,22,410,4.7,6.5,0.716,0.0,0.0,,4.7,6.5,0.716,0.716,2.1,3.2,0.649,2.7,3.9,6.6,2.5,1.1,2.2,1.4,5.5,11.4,,jonesda03,15.3,0.72,0.0,0.5,8.4,11.0,9.8,8.7,1.4,5.1,15.1,11.1,1.0,0.5,1.5,0.173,-0.6,1.7,1.1,0.3
381,Jon Leuer,29,DET,PF,41,1,402,5.9,10.1,0.584,0.1,1.0,0.091,5.8,9.1,0.637,0.588,2.1,2.8,0.742,2.4,6.3,8.7,1.3,1.1,0.4,2.1,5.4,14.0,,leuerjo01,13.2,0.616,0.097,0.274,7.1,19.8,13.2,5.5,1.5,0.8,15.4,16.1,0.4,0.5,0.9,0.11,-2.8,0.4,-2.5,0.0
382,Salah Mejri,32,DAL,C,36,4,399,5.0,10.1,0.491,1.0,3.1,0.324,4.0,7.0,0.564,0.54,1.8,2.9,0.625,3.2,8.6,11.8,3.2,0.9,2.3,1.9,5.0,12.7,,mejrisa01,16.1,0.559,0.304,0.286,9.7,25.3,17.6,13.2,1.2,5.5,14.3,15.8,0.5,0.6,1.1,0.136,-1.1,1.9,0.8,0.3
383,Patrick McCaw,23,2TM,SG,29,1,397,2.4,5.7,0.413,0.8,2.5,0.321,1.5,3.2,0.486,0.484,1.2,1.4,0.867,0.6,3.7,4.4,2.6,2.1,0.2,1.5,3.4,6.7,,mccawpa01,7.5,0.532,0.444,0.238,2.0,10.9,6.5,9.2,2.8,0.4,19.6,9.4,0.0,0.5,0.5,0.065,-4.8,1.9,-3.0,-0.1
383,Patrick McCaw,23,CLE,SG,3,0,53,1.4,6.1,0.222,0.7,2.7,0.25,0.7,3.4,0.2,0.278,0.0,0.0,,0.0,2.0,2.0,1.4,1.4,0.0,2.0,0.7,3.4,,mccawpa01,-0.7,0.278,0.444,0.0,0.0,6.6,3.1,4.9,1.9,0.0,25.0,9.9,-0.2,0.0,-0.2,-0.137,-7.8,-3.2,-11.0,-0.1
383,Patrick McCaw,23,TOR,SG,26,1,344,2.5,5.7,0.444,0.8,2.5,0.333,1.7,3.1,0.533,0.519,1.4,1.6,0.867,0.7,4.0,4.7,2.8,2.2,0.2,1.5,3.9,7.2,,mccawpa01,8.7,0.569,0.444,0.278,2.3,11.6,7.1,9.8,2.9,0.5,18.8,9.3,0.2,0.5,0.7,0.096,-4.4,2.7,-1.7,0.0
384,Luol Deng,33,MIN,SF,22,2,392,5.4,10.8,0.5,1.3,4.0,0.318,4.1,6.8,0.608,0.559,2.3,3.2,0.714,1.8,4.9,6.7,1.7,1.4,0.7,1.3,2.2,14.4,,denglu01,14.6,0.588,0.373,0.297,5.4,14.6,10.0,6.5,1.8,1.7,9.5,15.8,0.5,0.3,0.8,0.101,0.2,-0.3,0.0,0.2
385,MarShon Brooks,30,MEM,SG,29,0,387,7.1,15.7,0.45,1.4,5.0,0.278,5.7,10.7,0.53,0.494,2.1,3.1,0.697,1.1,3.1,4.2,2.3,0.8,0.4,2.0,3.1,17.7,,brookma01,11.6,0.518,0.32,0.195,3.4,9.7,6.5,11.0,1.2,1.0,10.3,23.6,-0.2,0.3,0.1,0.018,-1.9,-1.1,-3.0,-0.1
386,Raymond Felton,34,OKC,PG,33,0,379,5.2,12.8,0.407,1.9,5.8,0.328,3.3,7.0,0.473,0.481,1.1,1.2,0.923,0.4,2.8,3.2,4.9,0.9,0.6,1.3,2.8,13.5,,feltora01,11.2,0.505,0.452,0.096,1.1,8.4,4.6,18.7,1.2,1.3,9.0,16.6,0.3,0.4,0.7,0.087,-1.7,0.4,-1.3,0.1
387,Damion Lee,26,GSW,SG,32,0,375,5.4,12.2,0.441,2.6,6.5,0.397,2.8,5.7,0.492,0.547,1.8,2.1,0.864,0.8,5.4,6.1,1.2,1.2,0.0,1.1,2.7,15.2,,leeda03,11.9,0.578,0.535,0.173,2.4,15.3,9.1,4.5,1.6,0.0,7.4,16.8,0.3,0.4,0.7,0.09,-1.2,-1.1,-2.2,0.0
388,Johnathan Williams,23,LAL,C,24,0,372,6.3,10.6,0.591,0.0,0.2,0.0,6.3,10.5,0.602,0.591,2.6,4.6,0.563,4.6,4.9,9.6,1.3,0.8,0.7,1.5,6.0,15.2,,willijo04,15.1,0.599,0.018,0.436,13.6,13.9,13.7,4.9,1.0,1.5,10.9,16.4,0.7,0.3,1.0,0.135,-2.0,-1.1,-3.2,-0.1
389,Michael Carter-Williams,27,2TM,PG,28,1,372,4.5,11.9,0.374,1.0,3.7,0.263,3.5,8.2,0.424,0.415,3.1,5.1,0.604,1.8,4.9,6.8,6.8,1.9,1.5,1.9,4.6,13.0,,cartemi01,14.7,0.458,0.309,0.431,5.4,15.0,10.1,26.5,2.6,3.4,12.0,19.4,0.2,0.6,0.8,0.099,-1.4,2.2,0.8,0.3
389,Michael Carter-Williams,27,HOU,PG,16,1,145,6.2,15.1,0.41,1.7,4.7,0.368,4.5,10.4,0.429,0.467,3.0,6.5,0.462,0.7,2.5,3.2,5.2,2.2,1.5,2.5,6.7,17.1,,cartemi01,12.7,0.476,0.311,0.426,2.2,7.8,5.0,22.7,3.0,3.5,12.1,24.7,0.0,0.2,0.1,0.044,-2.8,1.2,-1.6,0.0
389,Michael Carter-Williams,27,ORL,PG,12,0,227,3.3,9.8,0.339,0.5,3.0,0.158,2.9,6.8,0.419,0.363,3.2,4.3,0.741,2.5,6.5,9.0,7.8,1.7,1.4,1.6,3.3,10.3,,cartemi01,16.1,0.44,0.306,0.435,7.4,19.6,13.5,28.9,2.4,3.3,11.9,16.1,0.2,0.4,0.6,0.134,-0.5,2.9,2.4,0.3
390,Kyle O'Quinn,28,IND,C,45,3,371,6.7,13.2,0.507,0.1,1.2,0.083,6.6,12.0,0.548,0.511,1.6,2.0,0.81,2.8,8.7,11.5,5.4,0.9,2.4,3.0,6.6,15.1,,oquinky01,16.8,0.537,0.088,0.154,8.9,26.4,17.8,22.4,1.2,6.0,17.6,20.8,0.2,0.8,1.0,0.125,-2.5,3.0,0.4,0.2
391,Pau Gasol,38,2TM,C,30,6,360,4.2,9.4,0.447,0.6,1.3,0.462,3.6,8.1,0.444,0.479,2.8,4.0,0.7,2.2,11.5,13.7,5.2,0.5,1.5,1.6,2.9,11.8,,gasolpa01,16.7,0.529,0.138,0.426,6.7,34.2,20.6,19.1,0.7,3.5,12.5,15.6,0.5,0.5,1.1,0.142,1.0,2.1,3.1,0.5
391,Pau Gasol,38,SAS,C,27,6,330,4.5,9.6,0.466,0.5,1.1,0.5,3.9,8.5,0.462,0.494,2.9,4.1,0.711,2.4,11.5,13.9,5.5,0.5,1.5,1.5,3.1,12.4,,gasolpa01,18.0,0.544,0.114,0.432,7.3,34.4,21.0,20.2,0.7,3.6,11.8,15.8,0.6,0.5,1.1,0.16,1.6,2.3,3.9,0.5
391,Pau Gasol,38,MIL,C,3,0,30,1.2,7.2,0.167,1.2,3.6,0.333,0.0,3.6,0.0,0.25,1.2,2.4,0.5,0.0,12.0,12.0,2.4,0.0,1.2,2.4,1.2,4.8,,gasolpa01,1.7,0.291,0.5,0.333,0.0,31.9,16.9,7.7,0.0,2.8,22.5,12.4,-0.1,0.1,0.0,-0.063,-5.3,0.6,-4.7,0.0
392,Brad Wanamaker,29,BOS,PG,36,0,343,5.2,11.0,0.476,1.7,4.1,0.41,3.6,6.9,0.515,0.552,2.5,2.9,0.857,0.3,4.0,4.3,5.9,1.3,0.2,2.0,3.6,14.7,,wanambr01,14.3,0.597,0.371,0.267,0.9,11.8,6.4,22.5,1.7,0.5,13.9,17.1,0.6,0.4,1.0,0.134,-1.3,0.7,-0.7,0.1
393,Channing Frye,35,CLE,C,36,6,341,4.5,12.4,0.368,3.4,8.3,0.405,1.2,4.0,0.289,0.504,1.2,1.5,0.786,0.4,5.1,5.5,2.1,0.6,0.5,1.4,4.6,13.6,,fryech01,8.9,0.524,0.675,0.12,1.2,16.4,8.5,8.6,0.9,1.3,9.5,17.5,0.1,0.0,0.1,0.016,-1.7,-1.8,-3.5,-0.1
394,Jordan McRae,27,WAS,SG,27,0,333,6.6,14.1,0.469,1.1,3.8,0.286,5.5,10.3,0.537,0.508,3.0,3.8,0.8,0.6,3.7,4.3,3.2,1.4,0.8,1.6,2.8,17.3,,mcraejo01,14.3,0.55,0.269,0.269,1.9,11.3,6.5,13.2,1.8,1.8,9.4,20.4,0.3,0.2,0.5,0.066,-0.9,-0.8,-1.7,0.0
395,John Jenkins,27,2TM,SG,26,0,333,4.5,11.4,0.4,2.4,6.3,0.379,2.2,5.1,0.426,0.505,1.6,1.9,0.833,0.6,3.4,4.0,2.4,0.0,0.2,1.0,1.1,13.1,,jenkijo01,9.7,0.536,0.552,0.171,1.8,10.0,5.8,9.9,0.0,0.5,7.4,15.7,0.2,0.0,0.2,0.031,-1.0,-2.4,-3.4,-0.1
395,John Jenkins,27,WAS,SG,4,0,14,5.1,5.1,1.0,5.1,5.1,1.0,0.0,0.0,,1.5,0.0,0.0,,0.0,2.6,2.6,2.6,0.0,0.0,0.0,0.0,15.4,,jenkijo01,20.5,1.5,1.0,0.0,0.0,7.9,3.9,9.9,0.0,0.0,0.0,6.1,0.1,0.0,0.1,0.202,7.6,-1.0,6.6,0.0
395,John Jenkins,27,NYK,SG,22,0,319,4.5,11.6,0.388,2.3,6.3,0.357,2.3,5.3,0.426,0.485,1.7,2.0,0.833,0.7,3.4,4.1,2.4,0.0,0.2,1.0,1.1,13.0,,jenkijo01,9.3,0.518,0.544,0.175,1.9,10.1,5.9,9.9,0.0,0.5,7.5,16.1,0.2,0.0,0.2,0.024,-1.4,-2.5,-3.9,-0.2
396,Dillon Brooks,23,MEM,SF,18,0,330,5.3,13.3,0.402,1.6,4.4,0.375,3.7,8.9,0.415,0.463,2.4,3.3,0.733,1.0,2.4,3.4,1.7,1.1,0.4,2.1,5.5,14.7,,brookdi01,7.6,0.499,0.328,0.246,3.0,7.6,5.3,7.6,1.5,1.1,12.3,20.9,-0.3,0.3,0.0,-0.004,-5.0,-1.2,-6.3,-0.4
397,Jarell Martin,24,ORL,PF,42,1,328,4.7,11.4,0.413,2.2,6.3,0.351,2.5,5.2,0.489,0.51,1.0,1.2,0.818,1.2,6.8,8.0,2.0,0.3,0.9,1.2,5.6,12.6,,martija01,9.4,0.528,0.548,0.106,3.5,20.5,11.9,7.8,0.4,2.0,9.2,15.9,0.1,0.4,0.5,0.073,-3.7,-0.2,-3.9,-0.2
398,Ryan Anderson,30,2TM,PF,25,8,322,2.3,7.7,0.304,1.0,4.5,0.225,1.3,3.2,0.414,0.37,1.3,1.8,0.75,2.0,4.0,6.0,2.1,0.4,0.1,1.6,2.8,7.0,,anderry01,4.6,0.414,0.58,0.232,6.1,12.5,9.2,7.8,0.6,0.3,15.5,12.0,-0.3,0.0,-0.2,-0.035,-4.5,-1.9,-6.4,-0.4
398,Ryan Anderson,30,PHO,PF,15,8,278,2.5,7.8,0.317,0.9,4.4,0.206,1.6,3.4,0.462,0.375,1.4,1.8,0.786,1.8,4.0,5.8,2.2,0.4,0.1,1.6,3.0,7.3,,anderry01,4.6,0.423,0.567,0.233,5.5,12.5,9.0,8.1,0.5,0.3,15.4,12.1,-0.2,0.0,-0.2,-0.039,-4.5,-1.9,-6.3,-0.3
398,Ryan Anderson,30,MIA,PF,10,0,44,1.6,7.4,0.222,1.6,4.9,0.333,0.0,2.5,0.0,0.333,0.8,1.6,0.5,3.3,4.1,7.4,1.6,0.8,0.0,1.6,1.6,5.7,,anderry01,4.5,0.354,0.667,0.222,9.7,12.1,10.9,5.8,1.1,0.0,16.8,11.6,0.0,0.0,0.0,-0.009,-4.6,-1.9,-6.5,0.0
399,Ekpe Udoh,31,UTA,C,51,1,320,5.6,8.1,0.694,0.0,0.0,,5.6,8.1,0.694,0.694,2.1,3.4,0.633,3.0,7.1,10.1,3.2,1.1,3.5,1.5,4.1,13.4,,udohek01,20.9,0.698,0.0,0.417,9.3,20.9,15.2,12.8,1.5,7.7,13.2,13.1,0.9,0.7,1.6,0.238,0.8,3.9,4.7,0.5
400,Jerome Robinson,21,LAC,SG,33,0,320,5.0,12.4,0.4,2.0,6.4,0.316,2.9,6.0,0.491,0.482,0.7,1.0,0.667,0.3,4.3,4.6,2.1,1.2,0.3,1.5,5.2,12.6,,robinje01,7.2,0.491,0.518,0.082,1.0,12.2,6.8,8.3,1.6,0.7,10.2,16.7,-0.2,0.3,0.1,0.012,-4.2,-0.5,-4.7,-0.2
401,Sindarius Thornwell,24,LAC,SG,64,1,313,2.0,5.6,0.347,0.3,1.7,0.2,1.6,3.9,0.412,0.378,2.9,3.9,0.735,0.6,4.5,5.1,2.1,1.6,0.8,2.3,4.7,7.1,,thornsi01,5.2,0.485,0.306,0.694,1.7,12.8,7.5,7.2,2.1,1.8,23.8,11.3,-0.3,0.3,0.0,0.004,-5.8,1.0,-4.7,-0.2
402,Troy Williams,24,SAC,SF,21,0,312,5.1,11.3,0.449,1.6,5.1,0.318,3.5,6.2,0.556,0.52,1.0,1.7,0.6,1.4,5.4,6.8,1.3,1.2,0.9,1.0,4.3,12.8,,willitr02,10.5,0.531,0.449,0.153,3.9,15.9,9.7,4.7,1.5,2.2,7.9,15.0,0.1,0.3,0.4,0.064,-2.4,0.0,-2.4,0.0
403,Alex Poythress,25,ATL,PF,21,1,305,4.7,9.6,0.494,1.1,2.7,0.391,3.7,6.8,0.534,0.549,2.1,3.4,0.621,3.4,5.5,9.0,2.0,0.5,1.2,1.5,5.5,12.6,,poythal01,12.2,0.571,0.284,0.358,9.8,16.6,13.1,7.7,0.6,2.8,12.2,14.2,0.4,0.2,0.5,0.086,-2.5,-1.0,-3.5,-0.1
404,Carmelo Anthony,34,HOU,PF,10,2,294,6.0,14.8,0.405,2.6,7.8,0.328,3.4,7.0,0.491,0.492,1.8,2.7,0.682,1.1,5.5,6.6,0.6,0.5,0.9,1.0,3.9,16.4,,anthoca01,10.9,0.513,0.529,0.182,3.3,17.3,10.2,2.6,0.7,2.0,5.8,20.5,0.1,0.2,0.3,0.048,-1.3,-1.4,-2.7,-0.1
405,Quincy Pondexter,30,SAS,SF,53,0,292,3.6,7.2,0.5,0.7,2.2,0.333,2.8,4.9,0.575,0.552,4.2,5.2,0.81,1.0,4.7,5.7,3.0,1.4,0.1,1.6,3.0,12.1,,pondequ01,13.2,0.641,0.31,0.724,3.0,14.1,8.6,10.6,1.8,0.3,14.5,13.5,0.5,0.3,0.8,0.128,-1.6,0.7,-0.9,0.1
406,Robert Williams,21,BOS,C,32,2,283,4.6,6.5,0.706,0.0,0.0,,4.6,6.5,0.706,0.706,1.1,1.9,0.6,3.4,6.9,10.3,0.9,1.1,5.1,1.3,4.6,10.3,,williro04,18.8,0.703,0.0,0.294,10.2,20.4,15.3,3.3,1.5,12.5,14.8,10.3,0.5,0.6,1.2,0.201,-1.7,3.4,1.8,0.3
407,Michael Beasley,30,LAL,PF,26,2,277,9.7,19.9,0.49,0.4,2.2,0.176,9.4,17.7,0.529,0.5,3.6,5.1,0.718,1.7,6.1,7.8,3.2,1.2,1.3,3.5,5.5,23.5,,beaslmi01,15.9,0.532,0.111,0.255,4.9,17.2,11.2,14.8,1.5,3.0,13.7,29.5,-0.1,0.4,0.2,0.039,-1.9,0.5,-1.5,0.0
408,Shake Milton,22,PHI,SG,20,0,268,4.6,11.7,0.391,1.9,5.9,0.318,2.7,5.8,0.465,0.471,0.7,0.9,0.714,1.2,3.5,4.7,2.4,1.1,1.1,0.8,3.9,11.7,,miltosh01,9.3,0.483,0.506,0.08,3.7,10.0,6.9,9.2,1.4,2.3,6.2,15.0,0.1,0.3,0.3,0.059,-2.6,-0.6,-3.2,-0.1
409,Cameron Reynolds,23,MIN,SG,19,0,259,4.6,10.8,0.423,2.9,7.1,0.412,1.7,3.8,0.444,0.558,1.1,1.3,0.889,0.6,3.8,4.3,1.8,0.8,0.3,0.7,3.6,13.2,,reynoca01,10.4,0.58,0.654,0.115,1.6,11.3,6.4,6.8,1.1,0.7,5.7,14.1,0.3,0.1,0.4,0.078,-1.3,-1.2,-2.5,0.0
410,Henry Ellenson,22,2TM,PF,19,0,259,5.4,13.2,0.411,2.4,5.3,0.447,3.1,7.9,0.386,0.5,2.6,3.5,0.76,0.7,8.5,9.2,2.2,1.0,0.3,1.3,3.8,15.8,,ellenhe01,13.1,0.538,0.4,0.263,2.0,25.5,13.4,9.6,1.3,0.7,7.8,19.0,0.2,0.2,0.4,0.077,-1.0,-0.5,-1.5,0.0
410,Henry Ellenson,22,DET,PF,2,0,25,5.8,14.4,0.4,2.9,5.8,0.5,2.9,8.6,0.333,0.5,2.9,2.9,1.0,0.0,13.0,13.0,1.4,0.0,0.0,0.0,2.9,17.3,,ellenhe01,14.8,0.551,0.4,0.2,0.0,40.9,19.7,6.2,0.0,0.0,0.0,18.8,0.0,0.0,0.1,0.149,2.1,0.2,2.2,0.0
410,Henry Ellenson,22,NYK,PF,17,0,234,5.4,13.1,0.412,2.3,5.2,0.441,3.1,7.8,0.392,0.5,2.6,3.5,0.739,0.8,8.0,8.8,2.3,1.1,0.3,1.4,3.8,15.7,,ellenhe01,12.9,0.536,0.4,0.271,2.2,23.8,12.7,10.0,1.4,0.7,8.6,19.0,0.1,0.2,0.3,0.07,-1.4,-0.5,-1.9,0.0
411,Julian Washburn,27,MEM,SF,18,3,254,2.3,6.8,0.333,0.7,3.4,0.208,1.6,3.4,0.458,0.385,0.4,0.6,0.75,1.1,4.7,5.8,2.0,1.8,0.3,1.0,2.3,5.7,,washbju01,6.5,0.402,0.5,0.083,3.5,14.8,9.1,7.7,2.5,0.7,12.3,10.0,-0.2,0.3,0.1,0.023,-5.1,0.5,-4.6,-0.2
412,Guerschon Yabusele,23,BOS,PF,41,1,251,5.0,11.0,0.455,1.3,4.0,0.321,3.7,7.0,0.531,0.513,2.2,3.2,0.682,3.3,4.3,7.6,2.2,1.1,1.0,2.2,4.6,13.5,,yabusgu01,12.4,0.542,0.364,0.286,9.8,12.8,11.3,8.2,1.5,2.5,14.8,17.5,0.2,0.3,0.5,0.09,-2.5,-0.2,-2.7,0.0
413,Christian Wood,23,2TM,PF,21,2,251,8.7,16.8,0.521,1.3,3.7,0.346,7.5,13.1,0.571,0.56,5.9,8.0,0.732,2.4,9.5,11.9,1.1,1.0,1.4,2.4,2.4,24.7,,woodch01,21.9,0.607,0.222,0.479,7.2,26.5,17.0,4.8,1.3,3.2,10.7,26.1,0.4,0.3,0.8,0.151,1.4,-1.0,0.4,0.1
413,Christian Wood,23,MIL,PF,13,0,62,7.0,14.5,0.48,1.7,2.9,0.6,5.2,11.6,0.45,0.54,5.8,8.7,0.667,2.3,9.3,11.6,1.2,0.0,0.0,1.7,1.7,21.5,,woodch01,17.1,0.585,0.2,0.6,7.0,24.7,16.4,4.6,0.0,0.0,8.7,23.4,0.1,0.1,0.2,0.146,0.3,-1.5,-1.3,0.0
413,Christian Wood,23,NOP,PF,8,2,189,9.3,17.5,0.533,1.1,4.0,0.286,8.2,13.5,0.606,0.565,5.9,7.8,0.756,2.5,9.5,12.0,1.1,1.3,1.9,2.7,2.7,25.7,,woodch01,23.4,0.613,0.228,0.446,7.2,27.0,17.3,4.9,1.7,4.3,11.3,26.9,0.3,0.3,0.6,0.152,1.7,-0.8,0.9,0.1
414,Deonte Burton,25,OKC,SG,32,0,240,5.0,12.3,0.402,1.2,4.1,0.296,3.8,8.2,0.455,0.451,1.2,1.8,0.667,0.6,3.6,4.2,1.4,0.9,1.2,1.4,4.6,12.3,,burtode02,7.0,0.47,0.329,0.146,1.7,10.7,6.0,5.0,1.2,2.8,9.3,16.3,-0.2,0.3,0.1,0.027,-4.9,0.6,-4.3,-0.1
415,Dwight Howard,33,WAS,C,9,9,230,6.7,10.8,0.623,0.0,0.0,,6.7,10.8,0.623,0.623,4.5,7.5,0.604,3.8,9.2,13.0,0.6,1.1,0.6,2.5,5.3,18.0,,howardw01,17.4,0.638,0.0,0.696,11.1,28.3,19.6,2.6,1.4,1.5,15.1,19.6,0.4,0.2,0.6,0.124,-1.3,-1.7,-3.0,-0.1
416,J.R. Smith,33,CLE,SG,11,4,222,4.4,12.8,0.342,1.9,6.3,0.308,2.4,6.5,0.375,0.418,1.3,1.6,0.8,0.0,2.9,2.9,3.4,1.8,0.5,1.8,3.1,12.0,,smithjr01,7.8,0.444,0.494,0.127,0.0,9.4,4.5,13.8,2.5,1.2,11.7,18.6,-0.3,0.1,-0.2,-0.038,-3.7,0.5,-3.2,-0.1
417,Isaiah Hartenstein,20,HOU,PF,28,0,221,3.3,6.7,0.488,0.3,1.0,0.333,2.9,5.7,0.514,0.512,1.8,2.3,0.786,3.4,4.2,7.7,2.4,1.1,2.0,2.1,9.1,8.6,,harteis01,10.0,0.562,0.146,0.341,10.3,13.3,11.8,9.4,1.6,4.6,21.6,11.8,0.2,0.3,0.5,0.101,-5.1,1.2,-3.9,-0.1
418,Jalen Jones,25,CLE,SF,16,0,214,4.4,10.4,0.419,1.7,4.7,0.357,2.7,5.7,0.471,0.5,3.2,4.5,0.704,1.9,3.9,5.7,1.2,1.5,0.3,1.3,4.5,13.6,,jonesja04,11.7,0.548,0.452,0.435,5.5,12.5,8.8,4.8,2.1,0.8,9.8,16.7,0.2,0.1,0.3,0.056,-2.3,-1.9,-4.2,-0.1
419,Brandon Sampson,21,CHI,SG,14,2,214,4.7,10.1,0.467,1.9,4.9,0.379,2.9,5.2,0.548,0.558,0.7,1.0,0.667,0.5,2.2,2.7,1.7,1.3,0.5,2.0,3.2,11.9,,sampsbr01,8.5,0.567,0.483,0.1,1.5,6.7,4.1,6.8,1.8,1.2,16.1,15.2,-0.1,0.1,0.0,0.01,-3.9,-0.9,-4.7,-0.1
420,Lorenzo Brown,28,TOR,PG,26,0,212,3.9,12.1,0.324,1.0,4.8,0.214,2.9,7.3,0.395,0.366,0.5,0.5,1.0,0.8,4.4,5.3,4.8,2.0,0.8,2.7,3.7,9.3,,brownlo01,6.3,0.38,0.394,0.042,2.6,12.9,7.9,17.3,2.7,2.0,18.1,17.9,-0.5,0.3,-0.1,-0.027,-5.4,1.9,-3.5,-0.1
421,Theo Pinson,23,BRK,SG,18,0,211,4.3,12.5,0.342,2.0,7.8,0.261,2.2,4.6,0.481,0.425,3.2,3.8,0.864,0.7,5.5,6.1,3.6,1.0,0.0,3.1,2.6,13.8,,pinsoth01,8.1,0.49,0.63,0.301,2.0,15.9,9.0,14.1,1.4,0.0,17.9,20.0,-0.2,0.2,0.0,0.004,-3.6,0.4,-3.2,-0.1
422,Edmond Sumner,23,IND,PG,23,2,210,3.8,11.0,0.344,1.2,4.6,0.259,2.6,6.3,0.405,0.398,2.6,4.1,0.625,1.5,2.6,4.1,1.7,2.1,0.9,1.7,4.5,11.3,,sumneed01,7.6,0.443,0.422,0.375,4.9,7.8,6.3,6.3,2.8,2.1,11.8,17.6,-0.2,0.3,0.1,0.02,-5.8,0.5,-5.3,-0.2
423,Jacob Evans,21,GSW,SG,30,1,204,3.2,9.4,0.34,0.7,2.6,0.267,2.5,6.7,0.368,0.377,0.0,0.2,0.0,1.1,3.4,4.4,4.1,0.9,0.5,1.9,4.9,7.1,,evansja02,3.5,0.374,0.283,0.019,3.3,9.5,6.5,13.7,1.2,1.2,17.1,13.5,-0.3,0.2,-0.1,-0.03,-6.9,-1.2,-8.2,-0.3
424,Daniel Hamilton,23,ATL,SG,19,3,204,4.1,10.6,0.383,1.4,4.1,0.348,2.6,6.5,0.405,0.45,0.5,1.1,0.5,1.8,6.5,8.3,3.9,1.1,0.2,2.8,3.4,10.1,,hamilda02,7.1,0.455,0.383,0.1,5.0,19.5,12.1,14.5,1.4,0.4,20.3,15.7,-0.2,0.1,-0.1,-0.024,-3.6,-0.5,-4.1,-0.1
425,Khyri Thomas,22,DET,SG,26,0,195,4.1,12.7,0.319,1.8,6.5,0.286,2.2,6.3,0.353,0.391,1.3,2.0,0.636,0.7,3.0,3.7,1.5,1.3,0.9,0.7,4.1,11.3,,thomakh01,6.2,0.413,0.507,0.159,2.2,9.3,5.6,6.0,1.8,2.2,5.1,17.2,-0.2,0.2,0.0,0.005,-4.9,-0.1,-5.0,-0.2
426,Deng Adel,21,CLE,SF,19,3,194,2.0,6.7,0.306,1.1,4.3,0.261,0.9,2.4,0.385,0.389,0.7,0.7,1.0,0.6,3.0,3.5,0.9,0.2,0.7,1.1,2.4,5.9,,adelde01,2.7,0.424,0.639,0.111,1.6,9.6,5.4,3.4,0.3,1.8,13.7,9.9,-0.2,0.0,-0.2,-0.054,-5.9,-1.6,-7.5,-0.3
427,Jason Smith,32,3TM,C,20,1,190,4.0,11.2,0.356,1.7,4.9,0.346,2.3,6.3,0.364,0.432,2.7,3.0,0.875,3.0,6.8,9.9,2.7,0.6,1.3,2.5,5.7,12.3,,smithja02,9.8,0.492,0.441,0.271,9.0,20.2,14.6,9.7,0.7,3.1,16.4,17.5,0.0,0.2,0.2,0.038,-3.7,-1.0,-4.7,-0.1
427,Jason Smith,32,WAS,C,12,1,130,4.2,10.2,0.405,1.1,2.8,0.4,3.0,7.5,0.407,0.459,2.8,3.3,0.833,3.0,7.2,10.2,3.3,0.3,1.4,1.9,5.8,12.2,,smithja02,11.7,0.52,0.27,0.324,9.0,22.1,15.4,12.3,0.4,3.2,14.2,16.1,0.1,0.1,0.2,0.07,-2.7,-0.7,-3.4,0.0
427,Jason Smith,32,MIL,PF,6,0,40,3.6,11.7,0.308,2.7,8.1,0.333,0.9,3.6,0.25,0.423,1.8,1.8,1.0,2.7,7.2,9.9,0.9,1.8,1.8,4.5,5.4,11.7,,smithja02,6.3,0.468,0.692,0.154,8.1,19.2,14.0,3.1,2.3,4.2,26.5,19.8,-0.1,0.1,0.0,-0.02,-6.8,-0.1,-6.9,-0.1
427,Jason Smith,32,NOP,C,2,0,20,3.6,16.2,0.222,3.6,12.6,0.286,0.0,3.6,0.0,0.333,3.6,3.6,1.0,3.6,3.6,7.2,1.8,0.0,0.0,1.8,5.4,14.4,,smithja02,4.6,0.405,0.778,0.222,10.5,10.2,10.4,6.2,0.0,0.0,9.2,22.3,0.0,0.0,0.0,-0.049,-4.4,-4.4,-8.8,0.0
428,John Henson,28,MIL,C,14,0,188,5.9,12.8,0.463,2.1,5.9,0.355,3.8,6.9,0.556,0.545,1.1,1.9,0.6,3.1,10.5,13.6,2.7,1.3,2.1,2.3,3.1,15.1,,hensojo01,17.1,0.553,0.463,0.149,9.2,28.0,19.2,10.1,1.7,4.9,14.4,18.6,0.1,0.4,0.6,0.146,0.4,2.1,2.5,0.2
429,Andrew Harrison,24,3TM,PG,17,0,187,3.1,10.2,0.302,1.0,4.8,0.2,2.1,5.4,0.393,0.349,3.3,3.5,0.944,1.2,2.7,3.9,4.6,0.8,0.4,2.3,6.5,10.4,,harrian01,5.8,0.443,0.472,0.34,3.4,8.5,5.8,17.1,1.1,0.9,16.5,16.8,-0.1,0.0,-0.1,-0.027,-5.8,-1.2,-7.1,-0.2
429,Andrew Harrison,24,MEM,PG,1,0,5,7.2,14.4,0.5,0.0,7.2,0.0,7.2,7.2,1.0,0.5,0.0,0.0,,0.0,0.0,0.0,0.0,0.0,0.0,0.0,7.2,14.4,,harrian01,4.6,0.5,0.5,0.0,0.0,0.0,0.0,0.0,0.0,0.0,0.0,17.9,0.0,0.0,0.0,-0.013,-11.2,-4.2,-15.4,0.0
429,Andrew Harrison,24,CLE,PG,10,0,144,3.0,9.7,0.308,0.7,3.5,0.214,2.3,6.2,0.36,0.346,4.0,4.0,1.0,1.0,2.8,3.7,4.2,1.0,0.5,2.5,6.5,10.7,,harrian01,6.6,0.467,0.359,0.41,3.0,8.9,5.8,16.3,1.4,1.2,17.8,17.0,-0.1,0.0,-0.1,-0.022,-5.6,-0.6,-6.2,-0.2
429,Andrew Harrison,24,NOP,PG,6,0,38,2.8,11.4,0.25,1.9,9.5,0.2,0.9,1.9,0.5,0.333,0.9,1.9,0.5,1.9,2.8,4.7,6.6,0.0,0.0,1.9,6.6,8.5,,harrian01,3.1,0.349,0.833,0.167,5.5,8.1,6.8,22.3,0.0,0.0,13.4,16.1,0.0,0.0,0.0,-0.051,-6.0,-3.2,-9.2,-0.1
430,Isaiah Thomas,29,DEN,SG,12,0,181,6.8,19.7,0.343,2.4,8.6,0.279,4.4,11.1,0.393,0.404,3.4,5.4,0.63,1.0,1.6,2.6,4.6,1.0,0.2,3.6,3.4,19.3,,thomais02,7.0,0.437,0.434,0.273,3.0,4.8,3.9,18.6,1.4,0.5,14.0,30.4,-0.4,0.1,-0.3,-0.077,-4.0,-2.5,-6.5,-0.2
431,Caleb Swanigan,21,2TM,PF,21,0,178,3.6,10.7,0.34,0.2,1.4,0.143,3.4,9.3,0.37,0.349,1.2,1.8,0.667,3.4,9.5,12.9,2.2,1.2,0.2,3.6,5.7,8.7,,swanica01,4.7,0.377,0.132,0.17,10.2,27.6,19.1,8.0,1.6,0.5,24.0,17.7,-0.5,0.2,-0.2,-0.06,-7.1,0.0,-7.2,-0.2
431,Caleb Swanigan,21,POR,PF,18,0,145,3.5,10.9,0.318,0.2,1.2,0.2,3.2,9.7,0.333,0.33,1.5,1.7,0.857,3.2,9.7,12.9,1.7,1.0,0.0,4.0,5.5,8.7,,swanica01,3.1,0.372,0.114,0.159,9.8,28.0,19.1,6.2,1.3,0.0,25.4,18.4,-0.4,0.2,-0.3,-0.086,-7.9,-0.3,-8.2,-0.2
431,Caleb Swanigan,21,SAC,PF,3,0,33,4.4,9.8,0.444,0.0,2.2,0.0,4.4,7.6,0.571,0.444,0.0,2.2,0.0,4.4,8.7,13.1,4.4,2.2,1.1,2.2,6.5,8.7,,swanica01,11.7,0.405,0.222,0.222,12.2,25.6,18.7,15.6,2.8,2.6,16.8,14.9,0.0,0.1,0.0,0.053,-3.8,1.1,-2.7,0.0
432,Skal Labissière,22,2TM,PF,22,1,176,5.3,10.0,0.531,1.2,2.7,0.462,4.1,7.4,0.556,0.592,1.8,3.5,0.529,1.8,7.0,8.8,2.3,1.0,1.2,2.3,5.9,13.7,,labissk01,12.6,0.593,0.265,0.347,5.4,20.3,12.8,8.6,1.4,2.8,16.3,16.0,0.1,0.2,0.3,0.089,-2.9,-0.1,-3.0,0.0
432,Skal Labissière,22,SAC,PF,13,0,113,4.1,9.6,0.433,1.3,3.5,0.364,2.9,6.1,0.474,0.5,1.9,3.5,0.545,1.3,6.4,7.6,1.9,0.6,1.0,2.2,6.7,11.5,,labissk01,7.0,0.517,0.367,0.367,3.6,18.7,10.9,6.8,0.8,2.3,16.7,15.3,-0.1,0.1,0.0,0.018,-5.6,-0.8,-6.4,-0.1
432,Skal Labissière,22,POR,PF,9,1,63,7.4,10.9,0.684,1.1,1.1,1.0,6.3,9.7,0.647,0.737,1.7,3.4,0.5,2.9,8.0,10.9,2.9,1.7,1.7,2.3,4.6,17.7,,labissk01,22.6,0.716,0.105,0.316,8.7,23.2,16.1,11.9,2.3,3.8,15.6,17.2,0.2,0.1,0.3,0.216,1.7,1.2,3.0,0.1
433,Yuta Watanabe,24,MEM,SF,15,0,174,3.1,10.6,0.294,0.4,3.3,0.125,2.7,7.2,0.371,0.314,1.4,2.1,0.7,0.8,5.6,6.4,1.7,0.8,0.2,1.2,2.3,8.1,,watanyu01,3.3,0.352,0.314,0.196,2.5,17.7,10.0,6.6,1.1,0.5,9.8,15.8,-0.4,0.2,-0.2,-0.065,-7.0,-2.1,-9.1,-0.3
434,Miles Plumlee,30,ATL,C,18,0,173,6.7,10.0,0.667,0.0,0.0,,6.7,10.0,0.667,0.667,3.3,6.2,0.533,3.3,4.8,8.1,3.5,1.2,0.8,2.1,2.9,16.6,,plumlmi01,18.9,0.654,0.0,0.625,9.5,14.3,11.8,14.7,1.6,2.0,14.0,16.7,0.4,0.1,0.5,0.145,1.6,0.0,1.6,0.2
435,Dairis Bertāns,29,NOP,SG,12,0,167,2.6,10.1,0.255,2.2,7.3,0.294,0.4,2.8,0.154,0.362,0.0,0.0,,0.4,1.5,1.9,2.2,0.2,0.0,0.4,1.5,7.3,,bertada02,2.0,0.362,0.723,0.0,1.3,4.3,2.8,7.2,0.3,0.0,4.1,12.0,-0.2,0.0,-0.2,-0.054,-5.6,-3.2,-8.8,-0.3
436,Walt Lemon Jr.,26,CHI,PG,6,3,167,8.2,18.8,0.437,0.4,1.1,0.4,7.8,17.7,0.439,0.448,1.7,2.4,0.727,0.9,5.0,5.8,6.5,2.4,0.2,2.2,3.0,18.5,,lemonwa01,16.3,0.468,0.057,0.126,2.6,15.1,8.8,30.3,3.2,0.5,9.8,26.6,-0.1,0.2,0.1,0.026,-2.4,0.2,-2.2,0.0
437,Chris Boucher,26,TOR,PF,28,0,163,7.5,16.8,0.447,2.7,8.2,0.324,4.9,8.6,0.564,0.526,2.9,3.3,0.867,3.5,8.8,12.4,0.4,1.3,5.3,1.5,6.8,20.5,,bouchch01,22.2,0.563,0.487,0.197,10.9,25.8,18.5,1.9,1.8,12.2,7.8,23.6,0.2,0.4,0.7,0.194,-0.2,2.8,2.6,0.2
438,Duncan Robinson,24,MIA,SF,15,1,161,4.0,10.3,0.391,2.2,7.8,0.286,1.8,2.5,0.727,0.5,0.9,1.3,0.667,0.4,3.8,4.2,1.1,1.1,0.0,0.9,2.5,11.2,,robindu01,7.6,0.514,0.761,0.13,1.3,11.2,6.3,4.4,1.5,0.0,7.6,14.0,0.0,0.2,0.2,0.051,-3.6,0.1,-3.5,-0.1
439,Ben McLemore,25,SAC,SG,19,0,158,5.7,14.6,0.391,3.9,9.3,0.415,1.8,5.2,0.348,0.523,1.8,2.7,0.667,0.7,3.2,3.9,0.9,1.4,0.7,1.1,5.0,17.1,,mclembe01,10.5,0.541,0.641,0.188,1.9,9.4,5.5,3.4,1.8,1.6,6.7,19.4,0.1,0.1,0.2,0.055,-2.1,-1.4,-3.5,-0.1
440,Johnathan Motley,23,LAC,PF,22,0,156,9.0,16.8,0.534,0.0,0.7,0.0,9.0,16.2,0.557,0.534,5.5,9.2,0.6,4.2,7.6,11.8,2.5,1.2,0.7,3.7,6.2,23.5,,motlejo01,18.9,0.563,0.041,0.548,12.6,21.7,17.3,11.7,1.5,1.5,15.0,28.8,0.1,0.2,0.3,0.092,-1.2,-0.7,-1.9,0.0
441,Ron Baker,25,2TM,SG,15,0,152,0.9,4.7,0.2,0.2,3.1,0.077,0.7,1.7,0.429,0.225,1.2,1.4,0.833,0.2,2.4,2.6,3.6,1.4,0.2,1.2,4.3,3.3,,bakerro01,2.5,0.309,0.65,0.3,0.7,7.1,3.8,12.8,1.9,0.6,18.1,7.8,-0.2,0.1,-0.1,-0.034,-7.7,0.7,-7.0,-0.2
441,Ron Baker,25,NYK,SG,11,0,107,1.3,5.4,0.25,0.3,3.0,0.111,1.0,2.4,0.429,0.281,1.7,2.0,0.833,0.3,2.0,2.4,4.4,1.7,0.0,1.0,5.4,4.7,,bakerro01,4.4,0.376,0.563,0.375,1.0,6.0,3.4,16.1,2.3,0.0,13.9,8.6,0.0,0.0,0.0,0.002,-7.7,1.1,-6.6,-0.1
441,Ron Baker,25,WAS,SG,4,0,45,0.0,3.2,0.0,0.0,3.2,0.0,0.0,0.0,,0.0,0.0,0.0,,0.0,3.2,3.2,1.6,0.8,0.8,1.6,1.6,0.0,,bakerro01,-2.0,0.0,1.0,0.0,0.0,9.8,4.8,5.1,1.1,1.9,33.3,5.7,-0.1,0.0,-0.1,-0.12,-7.9,0.0,-7.9,-0.1
442,Miloš Teodosić,31,LAC,PG,15,0,150,4.1,9.6,0.425,2.4,6.5,0.37,1.7,3.1,0.538,0.55,1.0,1.7,0.571,0.7,3.1,3.8,7.7,0.7,0.2,5.0,6.5,11.5,,teodomi01,6.5,0.557,0.675,0.175,2.2,8.9,5.7,28.8,0.9,0.5,32.8,18.0,-0.1,0.1,-0.1,-0.019,-3.8,-1.7,-5.4,-0.1
443,Ray Spalding,21,2TM,PF,14,3,148,6.1,11.4,0.532,0.0,0.7,0.0,6.1,10.7,0.568,0.532,1.0,2.9,0.333,3.6,8.0,11.7,1.2,2.2,1.9,2.2,5.6,13.1,,spaldra01,14.6,0.516,0.064,0.255,11.1,25.1,18.0,5.1,2.9,4.5,14.7,17.8,0.0,0.2,0.2,0.051,-4.3,-0.8,-5.1,-0.1
443,Ray Spalding,21,DAL,PF,1,0,1,0.0,0.0,,0.0,0.0,,0.0,0.0,,,0.0,0.0,,0.0,0.0,0.0,0.0,0.0,0.0,0.0,0.0,0.0,,spaldra01,0.0,,,,0.0,0.0,0.0,0.0,0.0,0.0,,0.0,0.0,0.0,0.0,0.0,-7.5,-5.0,-12.6,0.0
443,Ray Spalding,21,PHO,PF,13,3,147,6.1,11.5,0.532,0.0,0.7,0.0,6.1,10.8,0.568,0.532,1.0,2.9,0.333,3.7,8.1,11.8,1.2,2.2,2.0,2.2,5.6,13.2,,spaldra01,14.7,0.516,0.064,0.255,11.1,25.3,18.1,5.2,2.9,4.5,14.7,17.9,0.0,0.2,0.2,0.051,-4.3,-0.8,-5.1,-0.1
444,Chimezie Metu,21,SAS,PF,29,0,145,4.7,14.4,0.328,0.0,0.5,0.0,4.7,13.9,0.339,0.328,3.2,4.2,0.765,2.2,6.7,8.9,3.2,1.5,0.5,3.7,3.5,12.7,,metuch01,6.4,0.389,0.034,0.293,6.8,20.1,13.5,12.0,2.0,1.2,18.6,24.4,-0.5,0.2,-0.3,-0.099,-7.3,-1.4,-8.7,-0.2
445,Jemerrio Jones,23,LAL,SF,6,2,143,3.0,8.3,0.364,0.5,2.5,0.2,2.5,5.8,0.435,0.394,0.3,0.5,0.5,4.0,8.3,12.3,3.3,1.8,1.3,1.3,2.5,6.8,,jonesje01,12.1,0.398,0.303,0.061,11.8,23.4,17.7,11.4,2.3,2.9,12.9,11.3,0.0,0.2,0.2,0.084,-2.2,2.4,0.2,0.1
446,Anfernee Simons,19,POR,SG,20,1,141,7.1,16.1,0.444,2.6,7.4,0.345,4.6,8.7,0.529,0.524,2.3,4.1,0.563,0.8,2.6,3.3,3.3,0.3,0.0,2.8,2.3,19.1,,simonan01,11.1,0.535,0.46,0.254,2.3,7.4,4.9,13.7,0.3,0.0,13.6,24.3,0.0,0.0,0.1,0.02,-1.5,-3.7,-5.3,-0.1
447,Andrew Bogut,34,GSW,C,11,5,134,4.8,9.7,0.5,0.0,0.0,,4.8,9.7,0.5,0.5,0.8,0.8,1.0,3.2,11.6,14.8,3.0,0.8,2.1,2.1,5.9,10.5,,bogutan01,13.4,0.523,0.0,0.083,10.0,32.8,21.9,10.6,1.1,5.0,17.7,14.5,0.1,0.2,0.3,0.111,-3.7,0.8,-2.9,0.0
448,C.J. Williams,28,MIN,SG,15,0,128,4.8,9.8,0.486,1.4,4.5,0.313,3.4,5.3,0.632,0.557,0.0,0.3,0.0,0.3,2.0,2.3,3.4,1.7,0.0,1.4,4.5,11.0,,willicj01,8.8,0.55,0.457,0.029,0.8,5.9,3.3,12.9,2.2,0.0,12.4,13.3,0.1,0.1,0.1,0.042,-3.8,0.2,-3.7,-0.1
449,JaKarr Sampson,25,CHI,SF,4,0,127,8.2,15.3,0.537,1.4,4.0,0.357,6.8,11.3,0.6,0.583,4.8,6.0,0.81,1.4,7.7,9.1,1.1,1.1,0.9,1.1,2.3,22.7,,sampsja02,22.5,0.633,0.259,0.389,4.2,23.4,13.7,5.3,1.5,2.0,5.9,23.1,0.3,0.1,0.5,0.173,3.6,0.2,3.7,0.2
450,Quincy Acy,28,PHO,PF,10,0,123,1.2,5.3,0.222,0.6,4.4,0.133,0.6,0.9,0.667,0.278,2.0,2.9,0.7,0.9,6.4,7.3,2.3,0.3,1.2,1.2,7.0,5.0,,acyqu01,2.9,0.379,0.833,0.556,2.7,20.1,11.3,8.2,0.4,2.7,15.2,9.2,-0.1,0.0,-0.1,-0.022,-7.6,-0.5,-8.1,-0.2
451,Isaac Bonga,19,LAL,PG,22,0,120,1.5,9.9,0.152,0.0,2.4,0.0,1.5,7.5,0.2,0.152,2.7,4.5,0.6,2.7,4.8,7.5,4.5,2.7,1.2,1.8,2.7,5.7,,bongais01,6.0,0.24,0.242,0.455,7.9,13.5,10.8,14.9,3.5,2.7,13.2,15.7,-0.3,0.2,-0.1,-0.059,-7.0,2.2,-4.8,-0.1
452,Rawle Alkins,21,CHI,SG,10,1,120,3.9,11.7,0.333,0.9,3.6,0.25,3.0,8.1,0.37,0.372,2.4,3.6,0.667,3.3,4.5,7.8,3.9,0.3,0.0,2.4,2.1,11.1,,alkinra01,8.1,0.418,0.308,0.308,9.9,13.7,11.8,15.2,0.4,0.0,15.3,19.0,-0.1,0.0,-0.1,-0.042,-3.8,-3.5,-7.3,-0.2
453,Lonnie Walker IV,20,SAS,SG,17,0,118,4.9,14.0,0.348,1.5,4.0,0.385,3.4,10.1,0.333,0.402,2.4,3.1,0.8,0.0,5.2,5.2,2.7,2.1,0.9,1.2,2.1,13.7,,walkelo01,10.8,0.446,0.283,0.217,0.0,15.6,7.9,10.3,2.9,2.2,7.4,20.3,-0.1,0.2,0.0,0.019,-3.4,1.0,-2.4,0.0
454,Deyonta Davis,22,ATL,C,9,0,118,4.6,6.7,0.682,0.0,0.3,0.0,4.6,6.4,0.714,0.682,1.8,3.1,0.6,3.1,7.9,11.0,1.5,0.9,1.5,0.9,3.7,11.0,,davisde01,15.6,0.682,0.045,0.455,8.7,23.7,16.0,5.8,1.2,3.7,10.2,10.1,0.3,0.1,0.4,0.145,-1.5,-0.6,-2.0,0.0
455,Drew Eubanks,21,SAS,PF,23,0,113,4.8,8.3,0.577,0.0,0.0,,4.8,8.3,0.577,0.577,3.5,4.1,0.846,1.9,8.9,10.8,2.2,0.6,1.6,2.5,3.5,13.1,,eubandr01,15.1,0.646,0.0,0.5,5.8,26.8,16.4,8.3,0.9,3.7,20.1,15.5,0.1,0.2,0.3,0.12,-1.9,0.7,-1.3,0.0
456,Gary Trent Jr.,20,POR,SG,15,1,111,5.2,16.2,0.32,1.6,6.8,0.238,3.6,9.4,0.379,0.37,1.0,2.3,0.429,0.3,3.2,3.6,1.6,0.3,0.6,1.3,1.3,13.0,,trentga02,3.6,0.377,0.42,0.14,1.0,9.4,5.3,6.2,0.4,1.4,7.0,21.7,-0.3,0.1,-0.2,-0.092,-6.6,-4.2,-10.8,-0.2
457,Jared Terrell,23,MIN,SG,14,0,111,3.9,12.6,0.308,1.3,5.5,0.235,2.6,7.1,0.364,0.359,1.0,1.9,0.5,0.3,1.6,1.9,3.9,1.0,0.6,3.2,5.2,10.1,,terreja01,0.7,0.372,0.436,0.154,1.0,4.9,2.9,14.4,1.3,1.5,19.4,19.6,-0.4,0.0,-0.3,-0.14,-8.5,-2.3,-10.9,-0.2
458,Zhaire Smith,19,PHI,SG,6,2,111,4.5,11.0,0.412,1.9,5.2,0.375,2.6,5.8,0.444,0.5,1.9,2.6,0.75,1.0,3.2,4.2,3.2,0.6,0.6,1.9,2.6,13.0,,smithzh01,9.5,0.533,0.471,0.235,2.9,9.3,6.2,12.3,0.9,1.4,13.8,16.4,0.0,0.1,0.1,0.048,-2.8,-2.2,-5.0,-0.1
459,Jodie Meeks,31,TOR,SG,8,0,104,7.3,13.5,0.538,2.8,6.2,0.444,4.5,7.3,0.619,0.641,0.3,0.3,1.0,0.3,3.8,4.2,2.8,0.3,0.3,0.7,1.7,17.7,,meeksjo01,16.0,0.647,0.462,0.026,1.1,11.1,6.2,11.5,0.5,0.8,4.8,17.1,0.2,0.1,0.3,0.153,1.4,-0.8,0.5,0.1
460,Malachi Richardson,23,TOR,SG,22,0,103,3.1,10.1,0.31,2.8,8.7,0.32,0.3,1.4,0.25,0.448,1.4,1.7,0.8,0.7,3.8,4.5,0.0,0.3,0.0,2.8,4.5,10.5,,richama01,0.9,0.481,0.862,0.172,2.2,11.2,6.8,0.0,0.5,0.0,20.4,16.4,-0.2,0.1,-0.1,-0.06,-6.6,-2.1,-8.8,-0.2
461,James Nunnally,28,2TM,SF,15,0,102,4.2,12.0,0.353,2.8,8.8,0.32,1.4,3.2,0.444,0.471,1.4,1.4,1.0,0.0,1.8,1.8,2.5,0.4,0.0,0.4,3.5,12.7,,nunnaja01,7.3,0.503,0.735,0.118,0.0,5.3,2.6,9.5,0.5,0.0,2.7,15.3,0.1,0.0,0.1,0.035,-1.9,-2.9,-4.8,-0.1
461,James Nunnally,28,MIN,SF,13,0,64,5.1,11.8,0.429,2.8,7.3,0.385,2.3,4.5,0.5,0.548,2.3,2.3,1.0,0.0,2.3,2.3,2.8,0.6,0.0,0.6,2.3,15.2,,nunnaja01,12.1,0.593,0.619,0.19,0.0,6.8,3.3,10.9,0.7,0.0,4.2,15.6,0.1,0.0,0.1,0.097,1.4,-1.3,0.1,0.0
461,James Nunnally,28,HOU,SF,2,0,38,2.8,12.3,0.231,2.8,11.4,0.25,0.0,0.9,0.0,0.346,0.0,0.0,,0.0,0.9,0.9,1.9,0.0,0.0,0.0,5.7,8.5,,nunnaja01,-0.8,0.346,0.923,0.0,0.0,3.0,1.5,7.2,0.0,0.0,0.0,14.8,-0.1,0.0,-0.1,-0.068,-7.5,-5.5,-13.0,-0.1
462,Bonzie Colson,23,MIL,SF,8,2,98,4.8,14.3,0.333,1.8,7.7,0.238,2.9,6.6,0.444,0.397,2.9,3.3,0.889,2.9,8.1,11.0,1.1,1.8,0.4,1.1,1.1,14.3,,colsobo01,12.9,0.454,0.538,0.231,8.8,21.5,15.5,4.0,2.4,0.9,6.5,19.6,0.0,0.2,0.2,0.085,-2.6,-0.8,-3.5,0.0
463,Devin Robinson,23,WAS,SF,7,0,95,7.2,12.1,0.594,0.0,0.8,0.0,7.2,11.4,0.633,0.594,3.4,5.3,0.643,2.3,5.3,7.6,2.3,1.5,2.3,0.8,4.2,17.8,,robinde01,20.6,0.616,0.063,0.438,6.7,16.2,11.4,9.5,2.0,5.3,5.0,17.9,0.2,0.1,0.3,0.175,0.8,1.1,1.9,0.1
464,Tyler Lydon,22,DEN,PF,25,0,94,3.4,6.9,0.5,1.5,3.8,0.4,1.9,3.1,0.625,0.611,0.4,1.1,0.333,2.7,4.2,6.9,2.3,0.8,0.0,1.5,3.8,8.8,,lydonty01,9.3,0.595,0.556,0.167,8.0,12.7,10.4,8.2,1.0,0.0,17.2,10.6,0.1,0.1,0.2,0.086,-2.8,-1.4,-4.2,-0.1
465,Wade Baldwin,22,POR,PG,16,0,94,3.8,12.6,0.303,0.8,3.4,0.222,3.1,9.2,0.333,0.333,3.1,4.2,0.727,0.8,5.0,5.7,4.6,0.4,0.8,5.4,4.2,11.5,,baldwwa01,1.3,0.396,0.273,0.333,2.3,14.4,8.5,16.6,0.5,1.7,27.0,23.3,-0.4,0.1,-0.3,-0.153,-8.4,-1.9,-10.3,-0.2
466,Tyler Zeller,29,2TM,C,6,1,93,6.2,11.6,0.533,0.0,0.4,0.0,6.2,11.2,0.552,0.533,5.4,7.0,0.778,4.3,5.0,9.3,1.5,0.4,1.2,1.5,7.7,17.8,,zellety01,17.3,0.607,0.033,0.6,12.9,15.7,14.2,6.7,0.5,3.1,9.5,20.1,0.2,0.1,0.3,0.167,-3.1,-1.9,-5.0,-0.1
466,Tyler Zeller,29,ATL,C,2,0,11,0.0,6.5,0.0,0.0,3.3,0.0,0.0,3.3,0.0,0.0,0.0,0.0,,6.5,13.1,19.6,3.3,0.0,0.0,0.0,13.1,0.0,,zellety01,1.5,0.0,0.5,0.0,18.7,39.1,28.7,10.6,0.0,0.0,0.0,7.4,0.0,0.0,0.0,-0.013,-8.7,-1.6,-10.2,0.0
466,Tyler Zeller,29,MEM,C,4,1,82,7.0,12.3,0.571,0.0,0.0,,7.0,12.3,0.571,0.571,6.1,7.9,0.778,4.0,4.0,7.9,1.3,0.4,1.3,1.8,7.0,20.2,,zellety01,19.4,0.64,0.0,0.643,12.1,12.5,12.3,6.2,0.6,3.5,10.0,21.8,0.2,0.1,0.3,0.191,-2.3,-1.9,-4.3,0.0
467,Daryl Macon,23,DAL,SG,8,0,90,4.0,10.8,0.37,2.0,4.4,0.455,2.0,6.4,0.313,0.463,1.6,2.8,0.571,0.8,4.0,4.8,2.8,0.4,0.0,2.4,3.2,11.6,,maconda01,5.5,0.482,0.407,0.259,2.4,11.8,7.1,11.2,0.5,0.0,16.6,17.2,-0.1,0.0,0.0,-0.022,-5.3,-2.6,-7.9,-0.1
468,Naz Mitrou-Long,25,UTA,SG,14,0,84,2.6,8.6,0.3,0.9,4.7,0.182,1.7,3.9,0.444,0.35,0.9,0.9,1.0,0.4,2.1,2.6,6.4,0.4,0.4,3.4,4.3,6.9,,mitrona01,2.2,0.383,0.55,0.1,1.3,6.3,3.9,23.3,0.6,0.9,27.7,14.7,-0.2,0.1,-0.1,-0.046,-7.1,-1.6,-8.7,-0.1
469,Udonis Haslem,38,MIA,C,10,1,74,5.4,16.1,0.333,0.0,5.8,0.0,5.4,10.2,0.524,0.333,1.5,1.9,0.75,1.5,11.7,13.1,1.0,0.0,0.0,1.5,4.4,12.2,,hasleud01,3.6,0.36,0.364,0.121,4.3,34.5,19.4,4.0,0.0,0.0,7.9,21.9,-0.2,0.1,-0.1,-0.075,-8.4,-2.4,-10.9,-0.2
470,Jarred Vanderbilt,19,DEN,PF,17,0,69,4.7,9.9,0.474,0.0,0.5,0.0,4.7,9.4,0.5,0.474,3.1,5.2,0.6,3.7,8.3,12.0,1.6,3.1,0.5,4.2,4.2,12.5,,vandeja01,12.4,0.513,0.053,0.526,10.9,25.2,18.0,5.9,4.3,1.3,25.5,19.4,-0.1,0.1,0.1,0.037,-5.2,1.0,-4.2,0.0
471,Amile Jefferson,25,ORL,PF,12,0,68,5.3,8.5,0.625,0.0,0.0,,5.3,8.5,0.625,0.625,3.7,4.2,0.875,3.2,7.9,11.1,1.6,1.6,1.6,0.5,4.2,14.3,,jeffeam01,21.1,0.692,0.0,0.5,9.3,24.0,16.5,6.4,2.2,3.7,4.9,13.1,0.2,0.1,0.4,0.258,0.5,2.0,2.5,0.1
472,Marcus Derrickson,22,GSW,PF,11,0,67,8.6,17.7,0.485,5.4,10.7,0.5,3.2,7.0,0.462,0.636,2.1,2.7,0.8,4.3,2.7,7.0,0.5,0.0,0.5,1.6,4.8,24.7,,derrima01,19.4,0.653,0.606,0.152,13.3,7.6,10.4,2.2,0.0,1.3,7.9,24.4,0.2,0.0,0.2,0.155,2.6,-5.3,-2.7,0.0
473,Malcolm Miller,25,TOR,SF,10,0,67,5.9,14.0,0.423,5.4,11.3,0.476,0.5,2.7,0.2,0.615,1.6,2.1,0.75,0.5,2.1,2.7,0.5,0.5,0.5,0.5,2.7,18.8,,millema01,13.7,0.63,0.808,0.154,1.7,6.3,4.0,2.1,0.7,1.2,3.5,18.5,0.1,0.1,0.2,0.13,1.2,-1.6,-0.5,0.0
474,Jimmer Fredette,29,PHO,SG,6,0,65,4.4,16.1,0.276,0.0,7.2,0.0,4.4,8.9,0.5,0.276,3.3,3.3,1.0,0.6,3.3,3.9,4.4,1.7,0.0,2.8,2.8,12.2,,fredeji01,3.6,0.348,0.448,0.207,1.7,10.4,6.0,17.5,2.2,0.0,13.6,24.2,-0.2,0.0,-0.2,-0.166,-8.4,-2.9,-11.3,-0.2
475,Jawun Evans,22,2TM,PG,8,0,65,1.7,7.8,0.214,0.0,1.7,0.0,1.7,6.1,0.273,0.214,0.0,0.0,,0.6,6.1,6.6,5.5,1.7,0.0,3.3,4.4,3.3,,evansja01,0.1,0.214,0.214,0.0,1.7,19.0,10.2,19.7,2.2,0.0,30.0,13.2,-0.2,0.0,-0.2,-0.151,-10.4,0.1,-10.3,-0.1
475,Jawun Evans,22,PHO,PG,7,0,64,1.7,7.3,0.231,0.0,1.1,0.0,1.7,6.2,0.273,0.231,0.0,0.0,,0.6,6.2,6.8,5.6,1.7,0.0,3.4,4.5,3.4,,evansja01,0.7,0.231,0.154,0.0,1.7,19.3,10.4,20.0,2.2,0.0,31.6,12.7,-0.2,0.0,-0.2,-0.139,-9.8,0.5,-9.2,-0.1
475,Jawun Evans,22,OKC,PG,1,0,1,0.0,36.0,0.0,0.0,36.0,0.0,0.0,0.0,,0.0,0.0,0.0,,0.0,0.0,0.0,0.0,0.0,0.0,0.0,0.0,0.0,,evansja01,-38.1,0.0,1.0,0.0,0.0,0.0,0.0,0.0,0.0,0.0,0.0,40.7,0.0,0.0,0.0,-0.946,-52.4,-29.1,-81.4,0.0
476,Alize Johnson,22,IND,PF,14,0,64,2.3,9.0,0.25,0.6,1.1,0.5,1.7,7.9,0.214,0.281,2.3,4.5,0.5,2.3,8.4,10.7,0.6,0.6,1.7,0.0,3.9,7.3,,johnsal02,6.3,0.333,0.125,0.5,7.1,25.5,16.5,2.0,0.8,4.2,0.0,13.3,-0.1,0.1,0.0,0.027,-5.7,-2.0,-7.7,-0.1
477,Billy Garrett,24,NYK,SG,4,0,63,6.3,15.4,0.407,0.0,4.6,0.0,6.3,10.9,0.579,0.407,2.3,2.3,1.0,0.0,1.7,1.7,4.0,0.6,0.6,1.1,1.7,14.9,,garrebi01,9.8,0.452,0.296,0.148,0.0,5.1,2.5,18.0,0.8,1.3,6.5,20.9,0.0,0.0,0.0,-0.019,-3.9,-1.7,-5.5,-0.1
478,Luc Mbah a Moute,32,LAC,PF,4,0,61,4.7,10.6,0.444,1.2,3.5,0.333,3.5,7.1,0.5,0.5,1.2,3.0,0.4,1.2,3.0,4.1,1.2,0.6,0.6,1.2,4.7,11.8,,mbahalu01,6.7,0.495,0.333,0.278,3.6,8.4,6.1,4.5,0.8,1.3,9.0,15.4,0.0,0.0,0.0,0.009,-2.9,0.0,-3.0,0.0
479,Brandon Goodwin,23,DEN,PG,16,0,57,3.8,14.5,0.261,1.3,3.8,0.333,2.5,10.7,0.235,0.304,5.7,6.9,0.818,0.6,1.3,1.9,8.8,0.0,0.0,1.9,4.4,14.5,,goodwbr01,8.3,0.413,0.261,0.478,1.9,3.8,2.8,32.1,0.0,0.0,9.7,23.1,0.0,0.0,0.0,0.021,-4.7,-4.8,-9.5,-0.1
480,Isaac Humphries,21,ATL,C,5,1,56,3.9,13.5,0.286,1.9,7.1,0.273,1.9,6.4,0.3,0.357,0.0,0.0,,2.6,4.5,7.1,0.0,0.6,0.0,0.0,4.5,9.6,,humphis01,3.4,0.357,0.524,0.0,7.4,13.4,10.3,0.0,0.8,0.0,0.0,15.2,-0.1,0.0,-0.1,-0.047,-6.2,-4.7,-11.0,-0.1
481,Jordan Loyd,25,TOR,PG,12,0,55,5.2,11.8,0.444,2.6,5.2,0.5,2.6,6.5,0.4,0.556,5.9,7.2,0.818,0.7,5.2,5.9,3.9,0.0,0.0,1.3,3.3,19.0,,loydjo01,16.3,0.635,0.444,0.611,2.0,15.3,8.8,15.1,0.0,0.0,8.1,19.4,0.2,0.0,0.2,0.19,0.0,-0.9,-1.0,0.0
482,PJ Dozier,22,BOS,SG,6,0,51,5.6,14.8,0.381,1.4,5.6,0.25,4.2,9.2,0.462,0.429,0.7,1.4,0.5,4.2,7.8,12.0,3.5,1.4,0.0,0.0,1.4,13.4,,doziepj01,16.0,0.434,0.381,0.095,12.5,23.1,17.8,13.7,1.9,0.0,0.0,18.5,0.1,0.1,0.1,0.125,-1.3,-0.6,-2.0,0.0
483,B.J. Johnson,23,2TM,SF,7,0,49,6.6,13.2,0.5,2.2,5.1,0.429,4.4,8.1,0.545,0.583,1.5,1.5,1.0,1.5,4.4,5.9,0.0,1.5,0.0,1.5,2.9,16.9,,johnsbj01,12.8,0.609,0.389,0.111,4.2,13.2,8.6,0.0,1.9,0.0,9.6,17.4,0.0,0.0,0.1,0.066,-2.3,-2.0,-4.3,0.0
483,B.J. Johnson,23,ATL,SF,6,0,43,6.7,13.4,0.5,2.5,5.0,0.5,4.2,8.4,0.5,0.594,1.7,1.7,1.0,1.7,5.0,6.7,0.0,1.7,0.0,1.7,2.5,17.6,,johnsbj01,14.0,0.622,0.375,0.125,4.8,15.0,9.8,0.0,2.1,0.0,10.6,17.9,0.0,0.0,0.1,0.076,-1.5,-1.4,-2.9,0.0
483,B.J. Johnson,23,SAC,SF,1,0,6,6.0,12.0,0.5,0.0,6.0,0.0,6.0,6.0,1.0,0.5,0.0,0.0,,0.0,0.0,0.0,0.0,0.0,0.0,0.0,6.0,12.0,,johnsbj01,3.7,0.5,0.5,0.0,0.0,0.0,0.0,0.0,0.0,0.0,0.0,13.8,0.0,0.0,0.0,-0.008,-8.4,-5.7,-14.1,0.0
484,Mitch Creek,26,2TM,SF,5,0,48,6.0,12.0,0.5,0.0,1.5,0.0,6.0,10.5,0.571,0.5,3.7,5.2,0.714,4.5,4.5,9.0,4.5,1.5,0.0,0.7,2.3,15.8,,creekmi01,20.2,0.55,0.125,0.438,13.2,13.1,13.2,18.6,2.0,0.0,5.0,17.6,0.1,0.0,0.2,0.196,2.4,1.1,3.5,0.1
484,Mitch Creek,26,BRK,SF,4,0,36,5.0,10.0,0.5,0.0,1.0,0.0,5.0,9.0,0.556,0.5,5.0,7.0,0.714,5.0,5.0,10.0,5.0,1.0,0.0,0.0,3.0,15.0,,creekmi01,21.5,0.573,0.1,0.7,14.6,14.5,14.6,20.2,1.3,0.0,0.0,15.3,0.2,0.0,0.2,0.258,3.7,2.0,5.7,0.1
484,Mitch Creek,26,MIN,SF,1,0,12,9.0,18.0,0.5,0.0,3.0,0.0,9.0,15.0,0.6,0.5,0.0,0.0,,3.0,3.0,6.0,3.0,3.0,0.0,3.0,0.0,18.0,,creekmi01,16.3,0.5,0.167,0.0,8.8,9.0,8.9,13.6,4.0,0.0,14.3,24.5,0.0,0.0,0.0,0.011,-1.7,-1.3,-3.0,0.0
485,Davon Reed,23,IND,SG,10,0,47,3.8,9.2,0.417,1.5,3.1,0.5,2.3,6.1,0.375,0.5,0.0,0.0,,1.5,3.1,4.6,2.3,0.8,0.0,0.8,2.3,9.2,,reedda01,8.1,0.5,0.333,0.0,4.8,9.2,7.1,8.5,1.0,0.0,7.7,12.1,0.0,0.0,0.1,0.064,-3.3,-2.2,-5.5,0.0
486,Melvin Frazier,22,ORL,SG,10,0,44,5.7,17.2,0.333,0.0,4.9,0.0,5.7,12.3,0.467,0.333,0.8,3.3,0.25,2.5,1.6,4.1,0.8,0.8,0.0,0.8,4.9,12.3,,frazime01,1.2,0.33,0.286,0.19,7.2,4.9,6.1,3.3,1.1,0.0,4.2,23.5,-0.2,0.0,-0.1,-0.133,-11.3,-3.2,-14.5,-0.1
487,Eric Moreland,27,2TM,PF,5,0,43,2.5,5.9,0.429,0.8,0.8,1.0,1.7,5.0,0.333,0.5,0.0,0.0,,3.3,13.4,16.7,3.3,0.8,0.8,4.2,7.5,5.9,,moreler01,6.7,0.5,0.143,0.0,10.3,39.6,25.2,11.8,1.1,1.9,41.7,12.0,-0.1,0.1,0.0,0.032,-6.7,2.0,-4.7,0.0
487,Eric Moreland,27,PHO,PF,1,0,5,0.0,0.0,,0.0,0.0,,0.0,0.0,,,0.0,0.0,,0.0,21.6,21.6,0.0,0.0,0.0,0.0,7.2,0.0,,moreler01,3.9,,,,0.0,67.5,33.2,0.0,0.0,0.0,,0.0,0.0,0.0,0.0,0.077,-6.3,0.2,-6.1,0.0
487,Eric Moreland,27,TOR,PF,4,0,38,2.8,6.6,0.429,0.9,0.9,1.0,1.9,5.7,0.333,0.5,0.0,0.0,,3.8,12.3,16.1,3.8,0.9,0.9,4.7,7.6,6.6,,moreler01,7.1,0.5,0.143,0.0,11.7,35.9,24.1,13.3,1.3,2.2,41.7,13.6,-0.1,0.1,0.0,0.026,-6.7,2.3,-4.5,0.0
488,Haywood Highsmith,22,PHI,SF,5,0,40,3.6,9.0,0.4,0.9,4.5,0.2,2.7,4.5,0.6,0.45,0.0,1.8,0.0,0.0,4.5,4.5,1.8,0.9,0.0,0.9,0.9,8.1,,highsha01,4.5,0.414,0.5,0.2,0.0,12.9,6.6,6.6,1.2,0.0,8.4,12.4,0.0,0.0,0.0,-0.023,-5.8,-2.4,-8.2,-0.1
489,Tyler Cavanaugh,24,UTA,PF,11,0,39,2.8,9.2,0.3,0.9,4.6,0.2,1.8,4.6,0.4,0.35,1.8,1.8,1.0,2.8,4.6,7.4,0.9,0.0,0.0,0.9,2.8,8.3,,cavanty01,5.0,0.414,0.5,0.2,8.5,13.6,11.1,3.4,0.0,0.0,8.4,13.0,0.0,0.0,0.0,0.026,-5.3,-3.1,-8.4,-0.1
490,Džanan Musa,19,BRK,SG,9,0,39,8.3,20.3,0.409,0.9,9.2,0.1,7.4,11.1,0.667,0.432,0.0,1.8,0.0,0.9,3.7,4.6,1.8,1.8,0.0,3.7,0.9,17.5,,musadz01,5.8,0.415,0.455,0.091,2.7,10.7,6.7,8.6,2.4,0.0,14.9,29.0,-0.2,0.0,-0.1,-0.152,-6.3,-0.9,-7.2,-0.1
491,Demetrius Jackson,24,PHI,PG,6,0,39,7.4,13.8,0.533,1.8,5.5,0.333,5.5,8.3,0.667,0.6,3.7,3.7,1.0,1.8,0.9,2.8,4.6,1.8,0.0,0.9,3.7,20.3,,jacksde01,21.0,0.656,0.4,0.267,5.6,2.6,4.1,19.6,2.4,0.0,5.6,19.1,0.2,0.0,0.2,0.231,3.6,0.9,4.5,0.1
492,Nick Young,33,DEN,SG,4,0,37,2.9,8.8,0.333,2.9,7.8,0.375,0.0,1.0,0.0,0.5,0.0,0.0,,0.0,1.0,1.0,1.9,0.0,1.0,1.9,3.9,8.8,,youngni01,2.3,0.5,0.889,0.0,0.0,2.9,1.5,6.8,0.0,2.4,18.2,12.7,0.0,0.0,0.0,-0.021,-4.3,-2.5,-6.9,0.0
493,Thomas Welsh,22,DEN,C,11,0,36,7.0,13.0,0.538,3.0,7.0,0.429,4.0,6.0,0.667,0.654,1.0,2.0,0.5,0.0,4.0,4.0,5.0,0.0,0.0,1.0,3.0,18.0,,welshth01,16.1,0.648,0.538,0.154,0.0,12.1,6.0,20.5,0.0,0.0,6.7,17.7,0.1,0.0,0.1,0.162,2.2,-1.1,1.2,0.0
494,Tony Bradley,21,UTA,C,3,0,36,8.0,16.0,0.5,0.0,0.0,,8.0,16.0,0.5,0.5,1.0,2.0,0.5,9.0,6.0,15.0,1.0,2.0,2.0,3.0,6.0,17.0,,bradlto01,19.6,0.504,0.0,0.125,27.6,17.7,22.6,4.5,2.7,4.4,15.1,23.6,0.0,0.1,0.1,0.13,-3.6,-2.4,-6.0,0.0
495,Chris Chiozza,23,HOU,PG,7,0,33,2.2,8.7,0.25,2.2,5.5,0.4,0.0,3.3,0.0,0.375,0.0,0.0,,1.1,3.3,4.4,4.4,1.1,1.1,1.1,2.2,6.5,,chiozch01,7.0,0.375,0.625,0.0,3.3,10.3,6.7,16.1,1.5,2.6,11.1,11.8,0.0,0.0,0.0,0.023,-2.7,1.4,-1.3,0.0
496,Isaiah Hicks,24,NYK,PF,3,0,32,4.5,9.0,0.5,0.0,0.0,,4.5,9.0,0.5,0.5,4.5,5.6,0.8,2.3,5.6,7.9,2.3,1.1,3.4,1.1,5.6,13.5,,hicksis01,17.4,0.588,0.0,0.625,6.4,16.7,11.4,9.4,1.5,7.9,8.9,15.0,0.1,0.0,0.1,0.153,-2.1,2.2,0.1,0.0
497,Jaylen Morris,23,MIL,SG,4,0,29,5.0,12.4,0.4,1.2,3.7,0.333,3.7,8.7,0.429,0.45,1.2,2.5,0.5,0.0,6.2,6.2,5.0,2.5,0.0,1.2,1.2,12.4,,morrija01,12.2,0.46,0.3,0.2,0.0,16.5,8.8,18.1,3.2,0.0,8.4,17.2,0.0,0.1,0.1,0.084,-3.7,3.3,-0.4,0.0
498,Alan Williams,26,BRK,PF,5,0,26,11.1,18.0,0.615,0.0,1.4,0.0,11.1,16.6,0.667,0.615,2.8,5.5,0.5,5.5,20.8,26.3,4.2,1.4,0.0,1.4,2.8,24.9,,willial03,32.9,0.61,0.077,0.308,16.2,60.3,38.4,22.3,1.8,0.0,6.3,25.5,0.1,0.1,0.2,0.312,7.6,4.2,11.8,0.1
499,Dusty Hannahs,25,MEM,SG,2,0,26,4.2,16.6,0.25,0.0,6.9,0.0,4.2,9.7,0.429,0.25,2.8,2.8,1.0,0.0,1.4,1.4,6.9,1.4,0.0,1.4,1.4,11.1,,hannadu01,4.5,0.311,0.417,0.167,0.0,4.4,2.2,28.8,1.9,0.0,7.2,23.9,-0.1,0.0,-0.1,-0.125,-6.5,-3.2,-9.7,-0.1
500,R.J. Hunter,25,BOS,SG,1,0,26,8.3,18.0,0.462,5.5,13.8,0.4,2.8,4.2,0.667,0.615,1.4,2.8,0.5,1.4,2.8,4.2,4.2,1.4,0.0,0.0,4.2,23.5,,hunterj01,21.5,0.612,0.769,0.154,4.1,8.2,6.2,18.0,1.9,0.0,0.0,23.0,0.1,0.0,0.1,0.226,3.2,0.4,3.6,0.0
501,Emanuel Terry,22,2TM,PF,3,0,23,6.3,11.0,0.571,0.0,0.0,,6.3,11.0,0.571,0.571,3.1,6.3,0.5,4.7,6.3,11.0,3.1,4.7,0.0,3.1,6.3,15.7,,terryem01,19.7,0.571,0.0,0.571,14.1,19.6,16.8,12.2,6.2,0.0,18.6,20.1,0.0,0.0,0.1,0.117,-0.2,2.4,2.3,0.0
501,Emanuel Terry,22,PHO,PF,2,0,20,7.2,10.8,0.667,0.0,0.0,,7.2,10.8,0.667,0.667,1.8,3.6,0.5,3.6,7.2,10.8,1.8,5.4,0.0,3.6,7.2,16.2,,terryem01,19.9,0.654,0.0,0.333,10.9,22.5,16.6,8.0,7.2,0.0,22.5,19.1,0.0,0.0,0.1,0.127,-1.1,3.4,2.3,0.0
501,Emanuel Terry,22,MIA,PF,1,0,3,0.0,12.0,0.0,0.0,0.0,,0.0,12.0,0.0,0.0,12.0,24.0,0.5,12.0,0.0,12.0,12.0,0.0,0.0,0.0,0.0,12.0,,terryem01,18.4,0.266,0.0,2.0,35.4,0.0,17.7,40.5,0.0,0.0,0.0,26.8,0.0,0.0,0.0,0.045,5.9,-3.9,2.1,0.0
502,DeVaughn Akoon-Purcell,25,DEN,SG,7,0,22,4.9,16.4,0.3,0.0,6.5,0.0,4.9,9.8,0.5,0.3,1.6,3.3,0.5,1.6,4.9,6.5,9.8,3.3,0.0,3.3,6.5,11.5,,akoonde01,8.2,0.322,0.4,0.2,4.9,14.8,9.8,37.1,4.5,0.0,15.5,25.0,-0.1,0.0,0.0,-0.051,-7.9,2.1,-5.8,0.0
503,Justin Patton,21,PHI,C,3,0,21,3.4,12.0,0.286,0.0,3.4,0.0,3.4,8.6,0.4,0.286,1.7,3.4,0.5,3.4,6.9,10.3,5.1,3.4,0.0,0.0,8.6,8.6,,pattoju01,10.5,0.317,0.286,0.286,10.4,19.6,15.1,18.7,4.5,0.0,0.0,15.7,0.0,0.0,0.0,0.079,-5.2,3.2,-2.0,0.0
504,Scott Machado,28,LAL,PG,4,0,19,7.6,11.4,0.667,1.9,1.9,1.0,5.7,9.5,0.6,0.75,1.9,1.9,1.0,0.0,0.0,0.0,5.7,1.9,0.0,0.0,3.8,18.9,,machasc01,22.2,0.776,0.167,0.167,0.0,0.0,0.0,23.5,2.4,0.0,0.0,14.0,0.1,0.0,0.1,0.281,2.9,2.7,5.5,0.0
505,J.P. Macura,23,CHO,SG,2,0,17,6.4,19.1,0.333,0.0,8.5,0.0,6.4,10.6,0.6,0.333,0.0,0.0,,0.0,6.4,6.4,4.2,0.0,0.0,0.0,0.0,12.7,,macurjp01,5.7,0.333,0.444,0.0,0.0,19.4,9.5,18.0,0.0,0.0,0.0,22.8,0.0,0.0,0.0,-0.11,-4.7,-2.9,-7.7,0.0
506,Troy Caupain,23,ORL,PG,4,0,16,9.0,18.0,0.5,4.5,6.8,0.667,4.5,11.3,0.4,0.625,0.0,0.0,,2.3,4.5,6.8,9.0,2.3,0.0,0.0,0.0,22.5,,caupatr01,30.7,0.625,0.375,0.0,6.6,13.6,10.0,42.5,3.1,0.0,0.0,21.8,0.1,0.0,0.1,0.347,9.6,3.7,13.3,0.1
507,Gary Payton II,26,WAS,PG,3,0,16,11.3,18.0,0.625,2.3,4.5,0.5,9.0,13.5,0.667,0.688,0.0,0.0,,2.3,2.3,4.5,9.0,6.8,2.3,2.3,4.5,24.8,,paytoga02,36.9,0.688,0.25,0.0,6.7,6.9,6.8,45.1,8.9,5.3,11.1,23.8,0.1,0.0,0.1,0.358,8.3,10.6,18.9,0.1
508,Vince Edwards,22,HOU,SF,2,0,16,2.3,9.0,0.25,2.3,9.0,0.25,0.0,0.0,,0.375,0.0,0.0,,2.3,2.3,4.5,0.0,0.0,0.0,0.0,0.0,6.8,,edwarvi01,3.8,0.375,1.0,0.0,6.8,7.1,6.9,0.0,0.0,0.0,0.0,10.9,0.0,0.0,0.0,-0.014,-1.6,-4.8,-6.4,0.0
509,Andre Ingram,33,LAL,SG,4,0,15,0.0,14.4,0.0,0.0,7.2,0.0,0.0,7.2,0.0,0.0,0.0,0.0,,2.4,2.4,4.8,0.0,2.4,0.0,2.4,0.0,0.0,,ingraan01,-11.9,0.0,0.5,0.0,7.0,6.7,6.9,0.0,3.1,0.0,14.3,19.3,-0.1,0.0,-0.1,-0.408,-14.8,-4.8,-19.6,-0.1
510,Ángel Delgado,24,LAC,C,2,0,15,2.4,12.0,0.2,0.0,0.0,,2.4,12.0,0.2,0.2,2.4,4.8,0.5,4.8,4.8,9.6,0.0,2.4,0.0,0.0,4.8,7.2,,delgaan01,4.3,0.255,0.0,0.4,14.6,13.7,14.1,0.0,3.1,0.0,0.0,16.5,0.0,0.0,0.0,-0.055,-7.0,-5.0,-12.0,0.0
511,Donatas Motiejūnas,28,SAS,PF,3,0,13,8.3,16.6,0.5,0.0,0.0,,8.3,16.6,0.5,0.5,0.0,5.5,0.0,5.5,2.8,8.3,2.8,0.0,2.8,8.3,16.6,16.6,,motiedo01,-0.5,0.436,0.0,0.333,16.9,8.3,12.6,11.9,0.0,6.5,30.4,33.5,-0.1,0.0,-0.1,-0.246,-19.4,-2.3,-21.7,-0.1
512,Yante Maten,22,MIA,PF,2,0,13,2.8,11.1,0.25,0.0,2.8,0.0,2.8,8.3,0.333,0.25,0.0,0.0,,2.8,5.5,8.3,0.0,2.8,0.0,0.0,0.0,5.5,,matenya01,5.7,0.25,0.25,0.0,8.2,16.4,12.3,0.0,3.8,0.0,0.0,13.2,0.0,0.0,0.0,-0.026,-7.5,-1.6,-9.1,0.0
513,Kostas Antetokounmpo,21,DAL,PF,2,0,11,0.0,9.8,0.0,0.0,0.0,,0.0,9.8,0.0,0.0,6.5,13.1,0.5,0.0,3.3,3.3,0.0,6.5,0.0,3.3,0.0,6.5,,antetko01,-0.9,0.21,0.0,1.333,0.0,9.7,4.9,0.0,8.8,0.0,17.4,22.5,-0.1,0.0,-0.1,-0.247,-12.6,-0.1,-12.7,0.0
514,Joe Chealey,23,CHO,PG,1,0,8,4.5,13.5,0.333,0.0,0.0,,4.5,13.5,0.333,0.333,0.0,0.0,,0.0,0.0,0.0,4.5,0.0,0.0,0.0,4.5,9.0,,chealjo01,2.0,0.333,0.0,0.0,0.0,0.0,0.0,17.7,0.0,0.0,0.0,16.2,0.0,0.0,0.0,-0.08,-8.5,-6.0,-14.6,0.0
515,Tahjere McCall,24,BRK,SG,1,0,8,9.0,13.5,0.667,0.0,4.5,0.0,9.0,9.0,1.0,0.667,0.0,4.5,0.0,0.0,4.5,4.5,0.0,0.0,0.0,0.0,9.0,18.0,,mccalta01,9.6,0.581,0.333,0.333,0.0,13.1,6.6,0.0,0.0,0.0,0.0,18.1,0.0,0.0,0.0,0.055,-6.0,-0.6,-6.6,0.0
516,D.J. Stephens,28,MEM,SG,1,0,7,5.1,10.3,0.5,0.0,0.0,,5.1,10.3,0.5,0.5,0.0,0.0,,0.0,0.0,0.0,0.0,5.1,0.0,5.1,0.0,10.3,,stephdj01,5.5,0.5,0.0,0.0,0.0,0.0,0.0,0.0,7.1,0.0,33.3,19.1,0.0,0.0,0.0,-0.119,-7.1,1.6,-5.5,0.0
517,Ike Anigbogu,20,IND,C,3,0,6,0.0,18.0,0.0,0.0,0.0,,0.0,18.0,0.0,0.0,0.0,0.0,,6.0,12.0,18.0,6.0,0.0,6.0,6.0,0.0,0.0,,anigbik01,-6.0,0.0,0.0,0.0,18.9,36.2,27.7,19.4,0.0,14.8,25.0,29.1,-0.1,0.0,-0.1,-0.48,-14.0,-2.3,-16.2,0.0
518,Trevon Duval,20,MIL,PG,3,0,6,12.0,18.0,0.667,6.0,6.0,1.0,6.0,12.0,0.5,0.833,0.0,0.0,,0.0,6.0,6.0,12.0,0.0,0.0,0.0,0.0,30.0,,duvaltr01,38.3,0.833,0.333,0.0,0.0,16.0,8.5,59.0,0.0,0.0,0.0,20.9,0.1,0.0,0.1,0.537,19.1,5.3,24.4,0.0
519,Okaro White,26,WAS,PF,3,0,6,0.0,12.0,0.0,0.0,12.0,0.0,0.0,0.0,,0.0,0.0,0.0,,6.0,6.0,12.0,0.0,0.0,0.0,0.0,0.0,0.0,,whiteok01,-4.5,0.0,1.0,0.0,17.8,18.4,18.1,0.0,0.0,0.0,0.0,14.1,0.0,0.0,0.0,-0.251,-9.0,-7.8,-16.8,0.0
520,George King,25,PHO,SF,1,0,6,0.0,0.0,,0.0,0.0,,0.0,0.0,,,0.0,0.0,,0.0,6.0,6.0,0.0,0.0,0.0,0.0,0.0,0.0,,kingge03,1.9,,,,0.0,18.8,9.2,0.0,0.0,0.0,,0.0,0.0,0.0,0.0,-0.001,-5.8,-2.1,-7.9,0.0
521,Kalin Lucas,29,DET,PG,1,0,6,0.0,6.0,0.0,0.0,6.0,0.0,0.0,0.0,,0.0,12.0,12.0,1.0,0.0,18.0,18.0,6.0,0.0,0.0,0.0,6.0,12.0,,lucaska01,16.6,0.532,1.0,2.0,0.0,56.7,27.3,20.8,0.0,0.0,0.0,13.5,0.0,0.0,0.0,0.238,-5.6,6.4,0.8,0.0
522,Terrence Jones,27,HOU,PF,2,0,5,7.2,28.8,0.25,0.0,14.4,0.0,7.2,14.4,0.5,0.25,0.0,7.2,0.0,0.0,28.8,28.8,0.0,0.0,0.0,7.2,7.2,14.4,,joneste01,-15.8,0.225,0.5,0.25,0.0,90.3,44.2,0.0,0.0,0.0,18.4,47.2,-0.1,0.0,-0.1,-0.661,-24.7,-6.4,-31.1,0.0
523,Zach Lofton,26,DET,SG,1,0,4,0.0,9.0,0.0,0.0,9.0,0.0,0.0,0.0,,0.0,0.0,0.0,,0.0,0.0,0.0,0.0,9.0,0.0,9.0,0.0,0.0,,loftoza01,-10.0,0.0,1.0,0.0,0.0,0.0,0.0,0.0,12.3,0.0,50.0,21.6,-0.1,0.0,0.0,-0.447,-17.4,6.0,-11.5,0.0
524,Jordan Sibert,26,ATL,SG,1,0,4,9.0,9.0,1.0,9.0,9.0,1.0,0.0,0.0,,1.5,0.0,0.0,,0.0,0.0,0.0,0.0,0.0,0.0,0.0,0.0,27.0,,siberjo01,29.7,1.5,1.0,0.0,0.0,0.0,0.0,0.0,0.0,0.0,0.0,10.2,0.0,0.0,0.0,0.183,13.7,2.2,16.0,0.0
525,Donte Grantham,23,OKC,SF,3,0,2,0.0,36.0,0.0,0.0,36.0,0.0,0.0,0.0,,0.0,0.0,0.0,,0.0,0.0,0.0,0.0,0.0,0.0,0.0,0.0,0.0,,grantdo01,-38.1,0.0,1.0,0.0,0.0,0.0,0.0,0.0,0.0,0.0,0.0,40.7,0.0,0.0,0.0,-0.946,-23.6,-14.0,-37.6,0.0
526,Kobi Simmons,21,CLE,PG,1,0,2,0.0,0.0,,0.0,0.0,,0.0,0.0,,,0.0,0.0,,0.0,0.0,0.0,0.0,0.0,0.0,0.0,0.0,0.0,,simmoko01,0.0,,,,0.0,0.0,0.0,0.0,0.0,0.0,,0.0,0.0,0.0,0.0,-0.033,-7.4,-3.2,-10.6,0.0
527,Tyler Davis,21,OKC,C,1,0,1,0.0,36.0,0.0,0.0,0.0,,0.0,36.0,0.0,0.0,0.0,0.0,,36.0,0.0,36.0,0.0,0.0,0.0,0.0,0.0,0.0,,davisty01,0.0,0.0,0.0,0.0,100.0,0.0,51.6,0.0,0.0,0.0,0.0,40.7,0.0,0.0,0.0,-0.471,-9.6,-31.1,-40.7,0.0
528,John Holland,30,CLE,SF,1,0,1,0.0,0.0,,0.0,0.0,,0.0,0.0,,,0.0,0.0,,0.0,0.0,0.0,0.0,0.0,0.0,0.0,0.0,0.0,,hollajo02,0.0,,,,0.0,0.0,0.0,0.0,0.0,0.0,,0.0,0.0,0.0,0.0,-0.032,-3.4,-1.6,-5.0,0.0
529,Zhou Qi,23,HOU,PF,1,0,1,36.0,36.0,1.0,0.0,0.0,,36.0,36.0,1.0,1.0,0.0,0.0,,0.0,0.0,0.0,0.0,0.0,0.0,0.0,0.0,72.0,,qizh01,80.4,1.0,0.0,0.0,0.0,0.0,0.0,0.0,0.0,0.0,0.0,43.4,0.0,0.0,0.0,1.261,40.1,11.9,52.0,0.0
530,Tyler Ulis,23,CHI,PG,1,0,1,0.0,0.0,,0.0,0.0,,0.0,0.0,,,0.0,0.0,,0.0,0.0,0.0,0.0,0.0,0.0,0.0,0.0,0.0,,ulisty01,0.0,,,,0.0,0.0,0.0,0.0,0.0,0.0,,0.0,0.0,0.0,0.0,-0.015,-7.7,-2.7,-10.4,0.0
