Rk,Player,Age,Team,Pos,G,GS,MP,FG,FGA,FG%,3P,3PA,3P%,2P,2PA,2P%,eFG%,FT,FTA,FT%,ORB,DRB,TRB,AST,STL,BLK,TOV,PF,PTS,Awards,Player-additional
1,Bradley Beal,25,WAS,SG,82,82,3028,9.1,19.1,.475,2.5,7.1,.351,6.6,12.0,.548,.540,4.3,5.3,.808,1.1,3.8,4.9,5.3,1.4,0.7,2.7,2.7,25.0,AS,bealbr01
2,James Harden,29,HOU,PG,78,78,2867,10.6,24.0,.442,4.7,12.9,.368,5.8,11.1,.528,.541,9.5,10.8,.879,0.8,5.7,6.5,7.4,2.0,0.7,4.9,3.1,35.4,MVP-2ASNBA1,hardeja01
3,Kemba Walker,28,CHO,PG,82,82,2863,9.2,21.2,.434,3.3,9.2,.356,5.9,12.0,.494,.511,4.8,5.7,.844,0.7,3.9,4.5,6.1,1.3,0.4,2.7,1.6,26.4,ASNBA3,walkeke02
4,Tobias Harris,26,2TM,PF,82,82,2847,7.7,15.9,.487,2.0,5.0,.397,5.8,10.9,.528,.549,3.4,3.9,.866,0.9,7.3,8.2,2.9,0.6,0.5,1.9,2.3,20.8,,harrito02
4,Tobias Harris,26,LAC,PF,55,55,1903,8.0,16.2,.496,2.1,4.9,.434,5.9,11.3,.523,.561,3.6,4.1,.877,0.7,7.5,8.2,2.8,0.8,0.5,2.1,2.3,21.8,,harrito02
4,Tobias Harris,26,PHI,PF,27,27,944,7.1,15.2,.469,1.7,5.1,.326,5.5,10.1,.542,.524,2.8,3.4,.841,1.2,6.9,8.1,3.0,0.4,0.5,1.6,2.3,18.8,,harrito02
5,Paul George,28,OKC,SF,77,77,2841,9.0,20.5,.438,3.7,9.6,.386,5.3,10.9,.484,.529,5.7,6.8,.839,1.3,6.6,8.0,4.0,2.2,0.4,2.6,2.7,27.4,MVP-3DPOY-3ASNBA1DEF1,georgpa01
6,Damian Lillard,28,POR,PG,80,80,2838,8.6,19.4,.444,3.0,8.2,.369,5.6,11.3,.499,.522,5.9,6.5,.912,0.9,3.8,4.7,7.0,1.1,0.4,2.7,1.9,26.2,MVP-6ASNBA2,lillada01
7,P.J. Tucker,33,HOU,PF,82,82,2802,2.7,6.7,.396,1.9,5.0,.377,0.8,1.7,.449,.535,0.5,0.8,.695,1.6,4.6,6.2,1.2,1.7,0.5,0.8,3.2,7.7,,tuckepj01
8,Kevin Durant,30,GSW,SF,78,78,2702,9.6,18.4,.521,1.8,5.2,.353,7.8,13.3,.587,.571,6.0,6.7,.885,0.4,6.2,6.6,6.1,0.8,1.1,3.0,2.1,27.0,MVP-8ASNBA2,duranke01
9,Ben Simmons,22,PHI,PG,79,79,2700,7.2,12.8,.563,0.0,0.1,.000,7.2,12.7,.566,.563,3.4,5.7,.600,2.3,7.0,9.3,8.1,1.5,0.8,3.7,2.8,17.8,AS,simmobe01
10,DeMar DeRozan,29,SAS,SG,77,77,2688,8.5,17.6,.481,0.1,0.6,.156,8.4,17.0,.492,.483,4.9,5.9,.830,0.7,5.5,6.2,6.4,1.2,0.5,2.7,2.4,21.9,,derozde01
11,LaMarcus Aldridge,33,SAS,C,81,81,2687,9.2,17.7,.519,0.1,0.6,.238,9.0,17.1,.528,.522,4.7,5.5,.847,3.4,6.6,10.0,2.6,0.6,1.4,1.9,2.4,23.1,AS,aldrila01
12,Steven Adams,25,OKC,C,80,80,2669,6.5,10.9,.595,0.0,0.0,.000,6.5,10.9,.596,.595,2.0,3.9,.500,5.3,5.0,10.3,1.7,1.6,1.0,1.8,2.8,14.9,,adamsst01
13,Klay Thompson,28,GSW,SG,78,78,2652,8.9,19.0,.467,3.3,8.1,.402,5.6,10.9,.516,.553,1.8,2.1,.816,0.5,3.6,4.1,2.5,1.1,0.6,1.6,2.1,22.8,ASDEF2,thompkl01
14,Andre Drummond,25,DET,C,79,79,2647,7.6,14.3,.533,0.1,0.5,.132,7.6,13.8,.548,.536,3.3,5.6,.590,5.8,11.0,16.8,1.5,1.8,1.9,2.4,3.7,18.6,,drumman01
15,Aaron Gordon,23,ORL,PF,78,78,2633,6.4,14.3,.449,1.7,4.7,.349,4.8,9.6,.499,.507,2.5,3.5,.731,1.8,6.1,7.8,4.0,0.8,0.8,2.2,2.4,17.0,,gordoaa01
16,Russell Westbrook,30,OKC,PG,73,73,2630,8.6,20.2,.428,1.6,5.6,.290,7.0,14.5,.481,.468,4.1,6.2,.656,1.5,9.6,11.0,10.7,1.9,0.5,4.4,3.4,22.9,MVP-10ASNBA3,westbru01
17,Blake Griffin,29,DET,PF,75,75,2622,8.5,18.4,.462,2.6,7.2,.362,5.9,11.2,.525,.532,5.7,7.6,.753,1.4,6.4,7.8,5.5,0.7,0.4,3.5,2.7,25.3,ASNBA3,griffbl01
18,Buddy Hield,26,SAC,SG,82,82,2615,8.6,18.7,.458,3.8,9.0,.427,4.7,9.8,.487,.560,2.4,2.7,.886,1.5,4.2,5.7,2.8,0.8,0.5,2.0,2.8,23.3,,hieldbu01
19,Jerami Grant,24,OKC,PF,80,77,2612,5.6,11.3,.497,1.6,4.0,.392,4.1,7.3,.555,.567,2.2,3.0,.710,1.3,4.4,5.7,1.1,0.8,1.4,0.9,2.9,15.0,,grantje01
20,Justin Holiday,29,2TM,SG,82,77,2607,4.1,10.7,.386,2.2,6.4,.348,1.9,4.3,.442,.490,1.3,1.5,.896,0.6,3.8,4.5,2.0,1.7,0.5,1.4,2.3,11.8,,holidju01
20,Justin Holiday,29,CHI,SG,38,38,1325,4.1,10.7,.383,2.6,7.3,.359,1.5,3.4,.435,.506,1.1,1.2,.891,0.5,4.1,4.6,2.3,1.8,0.6,1.3,2.1,12.0,,holidju01
20,Justin Holiday,29,MEM,SG,44,39,1282,4.2,10.8,.389,1.8,5.5,.333,2.4,5.3,.447,.474,1.5,1.7,.900,0.8,3.6,4.3,1.7,1.5,0.4,1.6,2.4,11.7,,holidju01
21,Collin Sexton,20,CLE,PG,82,72,2605,7.2,16.7,.430,1.6,4.1,.402,5.5,12.6,.440,.480,3.0,3.5,.839,0.8,2.5,3.3,3.4,0.6,0.1,2.6,2.6,18.9,ROY-5,sextoco01
22,Donovan Mitchell,22,UTA,SG,77,77,2598,9.2,21.2,.432,2.6,7.2,.362,6.6,14.0,.468,.493,4.4,5.5,.806,0.8,3.6,4.4,4.5,1.5,0.4,3.0,2.9,25.3,,mitchdo01
23,Rudy Gobert,26,UTA,C,81,80,2577,6.6,9.9,.669,0.0,0.0,,6.6,9.9,.669,.669,4.6,7.3,.636,4.3,10.2,14.5,2.2,0.9,2.6,1.8,3.2,17.9,MVP-11DPOY-1NBA3DEF1,goberru01
24,Bojan Bogdanović,29,IND,SF,81,81,2573,7.3,14.7,.497,2.3,5.4,.425,5.0,9.3,.538,.575,3.4,4.3,.807,0.5,4.2,4.7,2.3,1.0,0.0,1.9,1.9,20.3,,bogdabo02
25,Joe Ingles,31,UTA,PF,82,82,2568,5.0,11.2,.448,2.6,6.8,.391,2.4,4.5,.533,.565,1.2,1.7,.707,0.5,4.1,4.6,6.6,1.4,0.3,2.7,2.5,13.9,,inglejo01
26,Evan Fournier,26,ORL,SG,81,81,2553,6.6,15.1,.438,2.2,6.3,.340,4.4,8.7,.509,.509,1.9,2.4,.806,0.5,3.1,3.6,4.2,1.0,0.2,2.2,3.2,17.3,,fournev01
27,Pascal Siakam,24,TOR,PF,80,79,2548,7.3,13.4,.549,1.1,3.0,.369,6.2,10.3,.602,.591,3.3,4.3,.785,1.8,6.0,7.8,3.5,1.0,0.7,2.2,3.4,19.1,MIP-1,siakapa01
28,De'Aaron Fox,21,SAC,PG,81,81,2546,7.1,15.6,.458,1.2,3.3,.371,5.9,12.3,.482,.497,4.3,5.9,.727,0.6,3.7,4.3,8.3,1.9,0.6,3.2,2.9,19.8,,foxde01
29,Karl-Anthony Towns,23,MIN,C,77,77,2545,9.6,18.6,.518,2.0,5.0,.400,7.6,13.6,.562,.572,5.3,6.4,.836,3.7,9.8,13.5,3.7,0.9,1.8,3.4,4.1,26.6,AS,townska01
30,Andrew Wiggins,23,MIN,SF,73,73,2543,7.0,17.1,.412,1.7,4.9,.339,5.4,12.2,.441,.461,2.9,4.2,.699,1.2,3.8,5.0,2.6,1.0,0.7,2.0,2.2,18.7,,wiggian01
31,Josh Richardson,25,MIA,SG,73,73,2539,6.0,14.5,.412,2.3,6.5,.357,3.7,8.0,.458,.492,2.8,3.3,.861,0.8,3.0,3.7,4.2,1.1,0.5,1.6,2.8,17.1,,richajo01
32,Harrison Barnes,26,2TM,PF,77,77,2533,6.1,14.6,.420,2.5,6.3,.395,3.7,8.3,.439,.504,3.3,4.0,.824,0.8,4.3,5.1,1.6,0.7,0.2,1.4,1.7,18.0,,barneha02
32,Harrison Barnes,26,DAL,PF,49,49,1584,6.6,16.3,.404,2.7,7.1,.389,3.8,9.2,.416,.489,3.7,4.5,.833,0.8,3.9,4.7,1.4,0.7,0.2,1.5,1.8,19.7,,barneha02
32,Harrison Barnes,26,SAC,SF,28,28,949,5.3,11.8,.455,2.0,4.9,.408,3.3,6.8,.489,.540,2.4,3.0,.800,0.8,5.0,5.8,2.0,0.6,0.1,1.1,1.6,15.1,,barneha02
33,Nikola Vučević,28,ORL,C,80,80,2510,10.1,19.4,.518,1.2,3.3,.364,8.8,16.1,.549,.549,2.6,3.3,.789,3.2,10.6,13.8,4.4,1.2,1.3,2.3,2.3,23.9,AS,vucevni01
34,Nikola Jokić,23,DEN,C,80,80,2504,8.9,17.3,.511,1.2,3.9,.307,7.7,13.5,.569,.545,4.2,5.1,.821,3.3,9.2,12.4,8.3,1.6,0.8,3.6,3.3,23.1,MVP-4ASNBA1,jokicni01
35,Trae Young,20,ATL,PG,81,81,2503,7.6,18.1,.418,2.2,6.9,.324,5.3,11.1,.477,.480,4.9,6.0,.829,0.9,3.4,4.3,9.4,1.0,0.2,4.4,2.0,22.3,ROY-2,youngtr01
36,Thaddeus Young,30,IND,PF,81,81,2489,6.4,12.2,.527,0.7,2.1,.349,5.7,10.1,.564,.557,1.3,2.0,.644,2.8,4.8,7.6,3.0,1.8,0.5,1.8,2.8,14.8,,youngth01
37,Jayson Tatum,20,BOS,SF,79,79,2455,6.8,15.2,.450,1.7,4.6,.373,5.1,10.6,.483,.506,2.9,3.3,.855,1.0,6.0,7.0,2.5,1.2,0.8,1.8,2.5,18.2,,tatumja01
38,D'Angelo Russell,22,BRK,PG,81,81,2448,9.7,22.3,.434,3.4,9.3,.369,6.2,13.0,.482,.512,2.4,3.0,.780,0.8,3.9,4.6,8.3,1.5,0.3,3.7,2.1,25.2,AS,russeda01
39,Jamal Murray,21,DEN,PG,75,74,2447,7.5,17.3,.437,2.2,6.1,.367,5.3,11.2,.476,.502,2.8,3.3,.848,1.0,3.7,4.7,5.3,1.0,0.4,2.3,2.3,20.1,,murraja01
40,Cedi Osman,23,CLE,SF,76,75,2444,5.3,12.4,.427,1.9,5.5,.348,3.4,6.9,.489,.504,2.1,2.7,.779,0.7,4.6,5.3,2.9,0.9,0.2,1.7,2.9,14.6,,osmande01
41,Marc Gasol,34,2TM,C,79,72,2436,5.8,12.9,.448,1.5,4.0,.363,4.3,8.8,.487,.505,2.8,3.7,.759,1.2,8.1,9.3,5.2,1.2,1.3,2.3,3.2,15.8,,gasolma01
41,Marc Gasol,34,MEM,C,53,53,1788,6.1,13.8,.444,1.5,4.4,.344,4.6,9.3,.491,.499,3.1,4.0,.756,1.1,8.0,9.2,5.0,1.2,1.3,2.4,3.0,16.8,,gasolma01
41,Marc Gasol,34,TOR,C,26,19,648,4.8,10.4,.465,1.3,2.9,.442,3.6,7.5,.474,.527,2.2,2.9,.769,1.3,8.2,9.6,5.6,1.3,1.3,2.0,3.9,13.2,,gasolma01
42,Mikal Bridges,22,PHO,SF,82,56,2417,3.6,8.4,.430,1.6,4.7,.335,2.0,3.7,.548,.523,1.4,1.8,.805,0.8,3.1,3.9,2.6,1.9,0.6,1.0,3.0,10.2,,bridgmi01
43,Jrue Holiday,28,NOP,SG,67,67,2402,8.2,17.4,.472,1.8,5.4,.325,6.4,11.9,.539,.523,3.1,4.1,.768,1.1,3.9,5.0,7.8,1.6,0.8,3.1,2.2,21.3,DEF2,holidjr01
44,Khris Middleton,27,MIL,SF,77,77,2393,7.6,17.3,.441,2.7,7.1,.378,4.9,10.1,.485,.519,3.2,3.9,.837,0.8,6.2,6.9,5.0,1.2,0.1,2.6,2.6,21.2,AS,middlkh01
45,JJ Redick,34,PHI,SG,76,63,2379,6.8,15.5,.440,3.6,9.2,.397,3.2,6.4,.502,.557,3.5,3.9,.894,0.3,2.5,2.8,3.1,0.5,0.3,1.5,2.0,20.8,,redicjj01
46,CJ McCollum,27,POR,SG,70,70,2375,8.7,18.8,.459,2.5,6.7,.375,6.1,12.1,.506,.527,2.4,2.9,.828,0.9,3.3,4.3,3.1,0.8,0.4,1.6,2.6,22.3,,mccolcj01
47,Giannis Antetokounmpo,24,MIL,PF,72,72,2358,11.0,19.0,.578,0.8,3.1,.256,10.2,15.9,.641,.599,7.6,10.5,.729,2.4,11.3,13.7,6.5,1.4,1.7,4.1,3.5,30.4,MVP-1DPOY-2ASNBA1DEF1,antetgi01
48,Nicolas Batum,30,CHO,SF,75,72,2354,3.9,8.6,.450,1.8,4.6,.389,2.1,4.0,.519,.553,1.2,1.4,.865,1.1,4.9,6.0,3.8,1.1,0.7,1.8,2.1,10.7,,batumni01
49,Trevor Ariza,33,2TM,SF,69,69,2349,4.5,11.3,.399,2.2,6.7,.334,2.3,4.6,.493,.498,2.0,2.5,.793,0.8,4.9,5.7,3.9,1.4,0.3,1.6,2.0,13.2,,arizatr01
49,Trevor Ariza,33,PHO,SF,26,26,884,3.5,9.2,.379,2.0,5.7,.360,1.5,3.6,.409,.489,1.5,1.8,.837,0.7,5.3,5.9,3.5,1.5,0.3,1.6,1.8,10.5,,arizatr01
49,Trevor Ariza,33,WAS,SF,43,43,1465,5.1,12.5,.409,2.3,7.2,.322,2.8,5.3,.528,.502,2.3,3.0,.777,0.8,4.7,5.6,4.1,1.3,0.3,1.6,2.1,14.9,,arizatr01
50,Mike Conley,31,MEM,PG,70,70,2342,7.5,17.2,.438,2.4,6.5,.364,5.1,10.7,.483,.507,5.3,6.2,.845,0.6,3.1,3.7,6.9,1.4,0.3,2.0,1.9,22.7,,conlemi01
51,Stephen Curry,30,GSW,PG,69,69,2331,9.8,20.7,.472,5.5,12.5,.437,4.3,8.2,.525,.604,4.1,4.4,.916,0.7,5.0,5.7,5.6,1.4,0.4,3.0,2.6,29.1,MVP-5ASNBA1,curryst01
52,Brook Lopez,30,MIL,C,81,81,2322,5.5,12.2,.452,2.9,7.9,.365,2.6,4.2,.613,.571,1.7,2.1,.842,0.5,5.6,6.1,1.5,0.8,2.8,1.3,2.9,15.6,,lopezbr01
53,Luka Dončić,19,DAL,SG,72,72,2318,7.9,18.4,.427,2.6,8.0,.327,5.2,10.4,.503,.497,5.4,7.5,.713,1.3,7.4,8.7,6.7,1.2,0.4,3.8,2.1,23.7,ROY-1,doncilu01
54,Dennis Schröder,25,OKC,PG,79,14,2314,7.1,17.2,.414,1.9,5.7,.341,5.2,11.5,.450,.470,2.9,3.5,.819,0.6,3.8,4.4,5.0,1.0,0.2,2.7,2.9,19.0,6MOY-8,schrode01
55,Kyle Kuzma,23,LAL,PF,70,68,2314,7.7,16.9,.456,2.0,6.6,.303,5.7,10.3,.553,.515,2.9,3.9,.752,0.9,5.0,5.9,2.8,0.6,0.4,2.1,2.6,20.3,,kuzmaky01
56,Bryn Forbes,25,SAS,SG,82,81,2293,5.7,12.4,.456,2.8,6.5,.426,2.9,5.9,.489,.568,1.1,1.2,.885,0.3,3.5,3.8,2.7,0.7,0.1,1.3,2.5,15.2,,forbebr01
57,Joe Harris,27,BRK,SG,76,76,2293,5.9,11.7,.500,2.9,6.1,.474,3.0,5.7,.528,.622,1.7,2.1,.827,0.8,3.8,4.6,2.8,0.6,0.3,1.9,2.9,16.3,,harrijo01
58,Al-Farouq Aminu,28,POR,PF,81,81,2292,4.0,9.3,.433,1.5,4.4,.343,2.5,4.9,.514,.514,2.4,2.7,.867,1.8,7.8,9.6,1.6,1.1,0.5,1.1,2.2,11.9,,aminual01
59,Reggie Jackson,28,DET,PG,82,82,2289,6.9,16.5,.421,2.7,7.4,.369,4.2,9.1,.464,.504,3.2,3.7,.864,0.7,2.7,3.4,5.4,0.9,0.1,2.3,3.3,19.8,,jacksre01
60,Eric Bledsoe,29,MIL,PG,78,78,2272,7.4,15.4,.484,2.0,6.0,.329,5.5,9.4,.582,.548,2.8,3.7,.750,1.3,4.4,5.7,6.8,1.8,0.5,2.6,2.5,19.7,DEF1,bledser01
61,D.J. Augustin,31,ORL,PG,81,81,2269,5.0,10.7,.470,2.1,4.9,.421,3.0,5.8,.511,.566,2.9,3.3,.866,0.7,2.6,3.2,6.8,0.8,0.1,2.0,1.8,15.0,,augusdj01
62,Jeremy Lamb,26,CHO,SG,79,55,2250,6.9,15.7,.440,1.8,5.3,.348,5.1,10.4,.487,.499,3.7,4.2,.888,1.0,5.9,6.9,2.8,1.4,0.5,1.3,2.2,19.3,,lambje01
63,Clint Capela,24,HOU,C,67,67,2249,7.6,11.7,.648,0.0,0.0,,7.6,11.7,.648,.648,2.7,4.2,.636,4.8,8.8,13.6,1.5,0.7,1.6,1.5,2.7,17.8,,capelca01
64,Devin Booker,22,PHO,SG,64,64,2242,9.4,20.2,.467,2.2,6.6,.326,7.2,13.5,.536,.521,6.3,7.3,.866,0.6,3.6,4.3,7.0,0.9,0.2,4.2,3.2,27.3,,bookede01
65,Julius Randle,24,NOP,PF,73,49,2232,9.2,17.6,.524,1.1,3.1,.344,8.1,14.4,.564,.555,5.7,7.9,.731,2.6,7.6,10.2,3.7,0.8,0.7,3.4,4.0,25.2,,randlju01
66,Danny Green,31,TOR,SG,80,80,2216,4.8,10.2,.465,3.2,7.1,.455,1.5,3.2,.487,.622,0.6,0.7,.841,1.0,4.2,5.1,2.0,1.2,0.9,1.2,2.8,13.3,,greenda02
67,Jordan Clarkson,26,CLE,SG,81,0,2214,8.6,19.2,.448,2.3,7.2,.324,6.3,12.0,.524,.509,2.6,3.1,.844,1.3,3.1,4.4,3.2,0.9,0.2,2.2,1.8,22.2,,clarkjo01
68,Kyrie Irving,26,BOS,PG,67,67,2214,9.8,20.2,.487,2.8,7.1,.401,7.0,13.1,.533,.557,3.5,4.0,.873,1.2,4.3,5.4,7.5,1.7,0.6,2.8,2.7,26.0,ASNBA2,irvinky01
69,Willie Cauley-Stein,25,SAC,C,81,81,2213,6.7,12.1,.556,0.0,0.0,.500,6.7,12.0,.556,.557,2.3,4.1,.551,2.9,8.1,11.0,3.2,1.6,0.8,1.4,3.7,15.7,,caulewi01
70,Kyle Lowry,32,TOR,PG,65,65,2213,4.9,12.0,.411,2.6,7.4,.347,2.4,4.7,.514,.518,2.6,3.2,.830,0.7,4.4,5.1,9.2,1.5,0.5,3.0,2.7,15.1,AS,lowryky01
71,Marcus Smart,24,BOS,SG,80,60,2200,3.9,9.3,.422,2.1,5.7,.364,1.8,3.6,.511,.533,1.7,2.1,.806,0.9,2.9,3.8,5.3,2.3,0.5,2.0,3.3,11.6,DPOY-8DEF1,smartma01
72,Jimmy Butler,29,2TM,SG,65,65,2185,6.9,14.9,.462,1.1,3.2,.347,5.8,11.7,.494,.499,5.1,6.0,.855,2.0,3.6,5.6,4.3,2.0,0.6,1.6,1.8,20.0,,butleji01
72,Jimmy Butler,29,MIN,SG,10,10,361,7.4,15.7,.471,1.7,4.5,.378,5.7,11.2,.509,.525,4.8,6.1,.787,1.6,3.6,5.2,4.3,2.4,1.0,1.4,1.8,21.2,,butleji01
72,Jimmy Butler,29,PHI,SF,55,55,1824,6.8,14.7,.461,1.0,2.9,.338,5.8,11.8,.491,.494,5.2,6.0,.868,2.1,3.7,5.7,4.3,2.0,0.6,1.6,1.8,19.8,,butleji01
73,Deandre Ayton,20,PHO,C,71,70,2183,8.4,14.3,.585,0.0,0.1,.000,8.4,14.3,.588,.585,2.3,3.1,.746,3.7,8.3,12.0,2.1,1.0,1.1,2.1,3.4,19.1,ROY-3,aytonde01
74,Shai Gilgeous-Alexander,20,LAC,PG,82,73,2174,5.6,11.9,.476,0.8,2.3,.367,4.8,9.6,.503,.512,2.6,3.2,.800,0.9,2.9,3.8,4.5,1.6,0.7,2.3,2.9,14.7,ROY-6,gilgesh01
75,Zach LaVine,23,CHI,SG,63,62,2171,8.8,18.8,.467,2.0,5.3,.374,6.8,13.5,.504,.520,5.2,6.2,.832,0.7,4.2,4.9,4.7,1.0,0.4,3.6,2.3,24.7,,lavinza01
76,Jae Crowder,28,UTA,SF,80,11,2166,5.3,13.2,.399,2.9,8.7,.331,2.4,4.6,.527,.508,2.4,3.3,.721,1.0,5.4,6.4,2.2,1.1,0.5,1.4,2.8,15.8,6MOY-11,crowdja01
77,Tomáš Satoranský,27,WAS,PG,80,54,2164,4.3,8.8,.485,1.1,2.7,.395,3.2,6.1,.524,.545,2.2,2.7,.819,1.4,3.3,4.6,6.6,1.4,0.2,2.0,2.9,11.8,,satorto01
78,Montrezl Harrell,25,LAC,C,82,5,2158,9.1,14.8,.615,0.1,0.3,.176,9.1,14.5,.623,.617,4.4,6.9,.643,3.1,5.9,8.9,2.7,1.2,1.8,2.2,4.3,22.7,6MOY-3,harremo01
79,Kevin Knox,19,NYK,PF,75,57,2158,5.6,15.2,.370,2.1,6.1,.343,3.6,9.2,.387,.438,2.7,3.8,.717,1.0,4.6,5.6,1.4,0.7,0.4,1.9,2.9,16.1,,knoxke01
80,Eric Gordon,30,HOU,SG,68,53,2158,6.4,15.6,.409,3.6,10.0,.360,2.8,5.6,.497,.525,2.0,2.5,.783,0.3,2.2,2.5,2.2,0.7,0.5,1.5,2.4,18.4,,gordoer01
81,Joel Embiid,24,PHI,C,64,64,2154,9.7,20.0,.484,1.3,4.4,.300,8.4,15.6,.535,.517,8.7,10.8,.804,2.7,11.9,14.6,3.9,0.8,2.0,3.8,3.5,29.4,MVP-7DPOY-4ASNBA2DEF2,embiijo01
82,Terrence Ross,27,ORL,SG,81,0,2150,7.4,17.2,.428,3.6,9.5,.383,3.7,7.7,.484,.534,2.1,2.4,.875,0.5,4.2,4.7,2.3,1.2,0.5,1.5,2.0,20.5,6MOY-5,rosste01
83,Darren Collison,31,IND,PG,76,76,2143,5.2,11.1,.467,1.3,3.3,.407,3.8,7.8,.492,.527,2.7,3.2,.832,0.6,3.3,3.9,7.7,1.8,0.2,2.1,2.3,14.3,,collida01
84,Patrick Beverley,30,LAC,PG,78,49,2137,3.3,8.0,.407,1.9,4.8,.397,1.4,3.3,.421,.524,1.6,2.1,.780,1.3,5.3,6.5,5.1,1.1,0.7,1.4,4.5,10.0,DPOY-9,beverpa01
85,Marvin Williams,32,CHO,PF,75,75,2133,4.6,11.0,.422,2.4,6.4,.366,2.3,4.6,.500,.529,1.1,1.5,.767,1.3,5.6,6.9,1.6,1.2,1.0,0.8,2.6,12.8,,willima02
86,Myles Turner,22,IND,C,74,74,2119,6.5,13.3,.487,1.3,3.3,.388,5.2,9.9,.521,.536,2.5,3.4,.736,1.7,7.3,9.0,2.0,1.0,3.4,1.7,3.3,16.7,DPOY-5,turnemy01
87,Jeff Green,32,WAS,PF,77,44,2097,5.6,11.8,.475,1.9,5.5,.347,3.7,6.3,.586,.555,3.1,3.5,.888,1.0,4.3,5.3,2.4,0.7,0.7,1.7,2.7,16.2,,greenje02
88,Jarrett Allen,20,BRK,C,80,80,2096,5.8,9.8,.590,0.1,0.8,.133,5.7,9.0,.629,.595,3.4,4.8,.709,3.3,8.3,11.5,1.9,0.7,2.1,1.8,3.2,15.0,DPOY-9,allenja01
89,Marcus Morris,29,BOS,PF,75,53,2091,6.5,14.5,.447,2.5,6.7,.375,4.0,7.8,.508,.533,2.5,3.0,.844,1.3,6.6,7.9,1.9,0.7,0.4,1.6,3.1,18.0,,morrima03
90,Wesley Matthews,32,3TM,SF,69,68,2091,4.8,12.0,.400,2.6,6.9,.372,2.2,5.1,.437,.507,2.3,2.8,.810,0.6,2.4,2.9,2.8,0.9,0.3,1.6,2.8,14.5,,matthwe02
90,Wesley Matthews,32,DAL,SF,44,44,1312,5.3,12.9,.414,2.7,7.2,.380,2.6,5.7,.456,.520,2.4,3.0,.791,0.5,2.3,2.8,2.7,0.9,0.3,1.6,2.8,15.8,,matthwe02
90,Wesley Matthews,32,NYK,SG,2,1,54,2.7,12.7,.211,1.3,6.7,.200,1.3,6.0,.222,.263,2.7,3.3,.800,0.7,1.3,2.0,3.3,0.7,0.7,1.3,1.3,9.3,,matthwe02
90,Wesley Matthews,32,IND,SG,23,23,725,4.0,10.4,.386,2.4,6.5,.369,1.6,4.0,.413,.500,2.0,2.4,.854,0.5,2.7,3.2,2.7,1.0,0.2,1.5,2.8,12.5,,matthwe02
91,Draymond Green,28,GSW,PF,66,66,2065,3.3,7.4,.445,0.8,2.9,.285,2.5,4.5,.549,.501,1.1,1.6,.692,1.0,7.3,8.4,7.9,1.7,1.2,2.9,3.4,8.5,DPOY-6DEF2,greendr01
92,Cory Joseph,27,IND,PG,82,9,2063,3.9,9.6,.412,1.0,3.0,.322,3.0,6.6,.454,.463,0.5,0.8,.698,0.7,4.2,4.9,5.6,1.6,0.4,1.4,2.3,9.4,,josepco01
93,Danilo Gallinari,30,LAC,SF,68,68,2059,7.2,15.5,.463,2.8,6.5,.433,4.3,9.0,.484,.554,6.4,7.1,.904,0.9,6.3,7.3,3.1,0.9,0.4,1.7,2.3,23.5,,gallida01
94,Tim Hardaway Jr.,26,2TM,SG,65,63,2057,6.8,17.4,.393,2.8,8.3,.340,4.0,9.0,.442,.474,4.1,4.8,.841,0.6,3.3,3.9,2.8,0.9,0.1,1.8,2.5,20.5,,hardati02
94,Tim Hardaway Jr.,26,NYK,SG,46,46,1499,6.8,17.4,.388,2.8,8.1,.347,4.0,9.3,.424,.469,4.8,5.6,.854,0.6,3.2,3.9,2.9,1.0,0.1,1.9,2.5,21.1,,hardati02
94,Tim Hardaway Jr.,26,DAL,SG,19,17,558,7.0,17.2,.404,2.9,9.0,.321,4.1,8.2,.496,.489,2.1,2.8,.767,0.5,3.5,3.9,2.4,0.8,0.1,1.5,2.3,19.0,,hardati02
95,Kevin Huerter,20,ATL,SG,75,59,2048,4.8,11.5,.419,2.4,6.2,.385,2.4,5.3,.457,.522,0.7,1.0,.732,1.1,3.3,4.3,3.8,1.1,0.4,1.9,2.7,12.8,,huertke01
96,DeAndre Jordan,30,2TM,C,69,69,2047,5.0,7.8,.641,0.0,0.0,,5.0,7.8,.641,.641,3.3,4.6,.705,4.0,11.9,15.9,2.7,0.7,1.3,2.7,2.9,13.3,,jordade01
96,DeAndre Jordan,30,DAL,C,50,50,1554,4.8,7.5,.644,0.0,0.0,,4.8,7.5,.644,.644,3.1,4.6,.682,3.7,12.2,15.9,2.3,0.8,1.2,2.6,2.9,12.8,,jordade01
96,DeAndre Jordan,30,NYK,C,19,19,493,5.7,9.0,.634,0.0,0.0,,5.7,9.0,.634,.634,3.7,4.8,.773,4.7,11.1,15.8,4.2,0.7,1.5,3.1,3.1,15.1,,jordade01
97,Kawhi Leonard,27,TOR,SF,60,60,2040,9.9,19.9,.496,2.0,5.3,.371,7.9,14.6,.542,.546,6.4,7.5,.854,1.4,6.4,7.7,3.5,1.9,0.4,2.1,1.5,28.2,MVP-9DPOY-6ASNBA2DEF2,leonaka01
98,Garrett Temple,32,2TM,SG,75,55,2040,3.7,8.7,.422,1.6,4.7,.341,2.1,4.0,.515,.513,1.4,1.9,.748,0.5,3.3,3.8,1.9,1.3,0.5,1.2,3.6,10.3,,templga01
98,Garrett Temple,32,MEM,SG,49,49,1530,3.9,9.1,.429,1.7,4.9,.352,2.2,4.2,.520,.525,1.3,1.8,.750,0.4,3.2,3.6,1.6,1.2,0.6,1.3,3.2,10.9,,templga01
98,Garrett Temple,32,LAC,SG,26,6,510,3.0,7.5,.396,1.1,3.8,.296,1.8,3.7,.500,.472,1.6,2.2,.742,0.7,3.8,4.5,2.6,1.8,0.4,1.1,4.9,8.7,,templga01
99,Kentavious Caldwell-Pope,25,LAL,SG,82,23,2035,5.7,13.4,.430,2.7,7.7,.347,3.1,5.7,.542,.530,2.4,2.8,.867,0.8,3.4,4.2,1.9,1.3,0.2,1.1,2.4,16.6,,caldwke01
100,Austin Rivers,26,2TM,SG,76,15,2028,4.1,10.2,.406,1.8,5.8,.318,2.3,4.3,.522,.497,0.9,1.7,.526,0.4,2.4,2.9,3.0,0.8,0.4,1.2,3.7,11.0,,riverau01
100,Austin Rivers,26,WAS,SG,29,2,683,4.0,10.2,.392,1.7,5.6,.311,2.3,4.6,.489,.477,1.3,2.4,.543,0.5,3.2,3.7,3.1,0.9,0.5,1.9,3.8,11.1,,riverau01
100,Austin Rivers,26,HOU,SG,47,13,1345,4.2,10.1,.413,1.9,5.9,.321,2.3,4.2,.541,.507,0.7,1.3,.510,0.4,2.0,2.4,2.9,0.8,0.3,0.9,3.6,10.9,,riverau01
101,Dario Šarić,24,2TM,PF,81,41,2023,5.4,12.4,.437,2.1,5.7,.365,3.3,6.6,.499,.522,2.3,2.7,.880,2.2,5.9,8.1,2.3,0.8,0.2,1.7,3.2,15.3,,saricda01
101,Dario Šarić,24,PHI,PF,13,13,396,4.4,12.0,.364,1.9,6.4,.300,2.5,5.6,.435,.443,2.5,2.7,.900,1.9,5.9,7.8,2.4,0.4,0.3,2.3,3.5,13.1,,saricda01
101,Dario Šarić,24,MIN,PF,68,28,1627,5.7,12.5,.454,2.1,5.6,.383,3.5,6.9,.511,.540,2.3,2.7,.875,2.3,5.9,8.2,2.2,0.9,0.1,1.6,3.2,15.8,,saricda01
102,Serge Ibaka,29,TOR,C,74,51,2010,8.3,15.7,.529,0.9,3.0,.290,7.4,12.7,.586,.557,2.4,3.2,.763,2.8,8.0,10.8,1.8,0.5,1.8,2.0,3.8,19.9,,ibakase01
103,Damyean Dotson,24,NYK,SG,73,40,2004,5.2,12.5,.415,2.3,6.1,.368,2.9,6.4,.461,.506,1.3,1.8,.745,0.6,4.1,4.7,2.4,1.0,0.2,1.3,2.4,14.0,,dotsoda01
104,Jonathan Isaac,21,ORL,PF,75,64,1996,4.7,11.0,.429,1.6,4.8,.323,3.2,6.2,.510,.499,2.0,2.4,.815,1.8,5.6,7.4,1.4,1.1,1.8,1.4,2.6,13.0,,isaacjo01
105,Lou Williams,32,LAC,SG,75,1,1993,8.7,20.6,.425,1.9,5.3,.361,6.8,15.3,.447,.471,7.7,8.8,.876,0.7,3.3,4.0,7.3,1.0,0.2,3.3,1.4,27.1,6MOY-1,willilo02
106,Josh Jackson,21,PHO,SG,79,29,1988,6.3,15.2,.413,1.3,4.1,.324,5.0,11.2,.445,.456,2.6,3.9,.671,1.2,5.1,6.3,3.3,1.3,1.0,3.1,3.8,16.5,,jacksjo02
107,Dorian Finney-Smith,25,DAL,SF,81,26,1985,4.1,9.6,.432,1.4,4.6,.311,2.7,5.0,.544,.507,1.3,1.9,.709,2.5,4.6,7.1,1.7,1.3,0.7,1.3,3.4,11.0,,finnedo01
108,Jusuf Nurkić,24,POR,C,72,72,1974,7.7,15.1,.508,0.1,0.5,.103,7.6,14.5,.523,.510,5.1,6.7,.773,4.4,9.2,13.6,4.2,1.3,1.9,3.1,4.6,20.5,,nurkiju01
109,Al Horford,32,BOS,C,68,68,1973,7.1,13.2,.535,1.3,3.7,.360,5.7,9.5,.604,.586,1.4,1.7,.821,2.2,6.2,8.4,5.2,1.1,1.6,1.9,2.3,16.9,,horfoal01
110,Monte Morris,23,DEN,PG,82,6,1970,6.3,12.8,.493,1.7,4.1,.414,4.6,8.7,.531,.560,1.2,1.5,.802,0.6,2.9,3.5,5.4,1.3,0.1,1.0,1.9,15.6,6MOY-9,morrimo01
111,Ryan Arcidiacono,24,CHI,PG,81,32,1961,3.4,7.7,.447,1.5,4.0,.373,1.9,3.7,.527,.544,1.6,1.9,.873,0.5,3.5,4.0,4.9,1.2,0.1,1.2,3.1,10.0,,arcidry01
112,Justise Winslow,22,MIA,SF,66,52,1959,6.0,13.8,.433,1.8,4.7,.375,4.2,9.1,.462,.497,1.6,2.5,.628,1.2,5.4,6.5,5.2,1.3,0.3,2.6,3.3,15.3,,winslju01
113,Bogdan Bogdanović,26,SAC,SG,70,17,1947,6.7,16.0,.418,2.5,6.9,.360,4.2,9.1,.462,.496,2.5,3.0,.827,0.7,3.8,4.5,4.9,1.3,0.3,2.2,2.6,18.3,,bogdabo01
114,LeBron James,34,LAL,SF,55,55,1937,10.4,20.4,.510,2.1,6.1,.339,8.3,14.3,.582,.560,5.2,7.8,.665,1.1,7.6,8.6,8.4,1.3,0.6,3.7,1.7,28.0,MVP-11ASNBA3,jamesle01
115,Kelly Oubre Jr.,23,2TM,SF,69,19,1935,7.0,15.7,.445,2.0,6.3,.320,5.0,9.4,.530,.510,3.5,4.5,.775,1.3,4.7,6.0,1.6,1.6,1.1,1.9,3.4,19.5,,oubreke01
115,Kelly Oubre Jr.,23,WAS,SF,29,7,755,6.3,14.5,.433,2.0,6.3,.311,4.3,8.2,.526,.500,3.2,4.1,.800,1.1,5.0,6.2,1.0,1.3,1.0,1.4,3.4,17.8,,oubreke01
115,Kelly Oubre Jr.,23,PHO,SF,40,12,1180,7.4,16.4,.453,2.0,6.3,.325,5.4,10.1,.532,.515,3.7,4.9,.761,1.4,4.5,6.0,2.0,1.7,1.2,2.2,3.4,20.6,,oubreke01
116,DeAndre' Bembry,24,ATL,SG,82,15,1931,5.1,11.5,.446,0.9,3.2,.289,4.2,8.3,.508,.487,1.6,2.5,.640,1.0,5.7,6.7,3.8,2.0,0.8,2.6,3.5,12.8,,bembrde01
117,Terrance Ferguson,20,OKC,SG,74,74,1931,3.4,8.0,.429,2.0,5.4,.366,1.5,2.6,.560,.552,0.7,1.0,.725,0.6,2.0,2.6,1.3,0.7,0.3,0.9,4.3,9.6,,fergute01
118,Spencer Dinwiddie,25,BRK,PG,68,4,1914,6.9,15.6,.442,2.3,7.0,.335,4.6,8.6,.528,.517,5.4,6.7,.806,0.5,2.6,3.1,5.8,0.8,0.3,2.9,3.5,21.5,6MOY-4,dinwisp01
119,Bam Adebayo,21,MIA,C,82,28,1913,5.3,9.1,.576,0.1,0.3,.200,5.2,8.9,.588,.579,3.1,4.3,.735,3.1,8.1,11.2,3.5,1.3,1.2,2.3,3.8,13.7,,adebaba01
120,Jaylen Brown,22,BOS,SG,74,25,1913,6.9,14.9,.465,1.8,5.2,.344,5.1,9.7,.529,.525,2.5,3.8,.658,1.2,4.7,5.9,1.9,1.3,0.6,1.9,3.5,18.1,,brownja02
121,Patty Mills,30,SAS,PG,82,1,1908,5.3,12.5,.425,3.0,7.6,.394,2.3,4.9,.475,.545,1.7,1.9,.854,0.5,3.0,3.4,4.6,0.9,0.2,1.8,2.4,15.3,,millspa02
122,Avery Bradley,28,2TM,SG,63,63,1905,4.7,11.5,.408,1.6,4.6,.351,3.1,6.9,.446,.479,0.8,0.9,.860,0.8,2.5,3.3,2.9,0.8,0.3,1.7,3.2,11.8,,bradlav01
122,Avery Bradley,28,LAC,SG,49,49,1463,4.0,10.3,.383,1.4,4.2,.337,2.5,6.1,.415,.452,0.5,0.6,.800,0.9,2.4,3.2,2.4,0.7,0.4,1.5,3.3,9.8,,bradlav01
122,Avery Bradley,28,MEM,SG,14,14,442,7.1,15.3,.463,2.3,5.9,.384,4.8,9.4,.513,.537,1.9,2.0,.920,0.7,2.9,3.6,4.6,1.1,0.0,2.3,2.8,18.3,,bradlav01
123,Ricky Rubio,28,UTA,PG,68,67,1899,5.6,13.8,.404,1.5,4.8,.311,4.1,9.0,.454,.458,3.7,4.3,.855,0.6,4.0,4.6,7.9,1.7,0.2,3.4,3.4,16.4,,rubiori01
124,Paul Millsap,33,DEN,PF,70,65,1895,6.1,12.6,.484,1.1,3.0,.365,5.0,9.6,.522,.528,3.4,4.7,.727,2.9,6.7,9.6,2.7,1.6,1.0,1.8,3.5,16.8,,millspa01
125,Rodney Hood,26,2TM,SG,72,49,1893,5.6,12.8,.435,1.6,4.5,.356,4.0,8.3,.478,.498,2.6,2.9,.884,0.5,2.5,3.0,2.4,1.1,0.2,1.0,2.8,15.3,,hoodro01
125,Rodney Hood,26,CLE,SG,45,45,1234,5.7,13.2,.427,1.6,4.4,.362,4.1,8.8,.460,.488,3.0,3.3,.912,0.5,2.7,3.3,2.7,1.1,0.1,1.1,2.9,16.0,,hoodro01
125,Rodney Hood,26,POR,SG,27,4,659,5.4,11.9,.452,1.6,4.6,.345,3.8,7.3,.519,.518,1.8,2.2,.805,0.4,2.1,2.5,1.9,1.1,0.4,1.0,2.5,14.1,,hoodro01
126,Dwyane Wade,37,MIA,SG,72,2,1885,7.9,18.3,.433,1.6,5.0,.330,6.3,13.3,.472,.478,3.2,4.4,.708,1.3,4.1,5.4,5.7,1.1,0.7,3.2,2.3,20.7,6MOY-7AS,wadedw01
127,Malik Beasley,22,DEN,SG,81,18,1879,6.7,14.1,.474,3.1,7.8,.402,3.6,6.4,.560,.584,1.1,1.3,.848,0.7,3.2,3.8,1.9,1.1,0.2,1.1,2.2,17.6,6MOY-11,beaslma01
128,Reggie Bullock,27,2TM,SG,63,60,1879,4.7,11.4,.412,2.8,7.5,.377,1.9,3.9,.483,.537,1.4,1.6,.859,0.4,2.9,3.3,2.5,0.8,0.2,1.2,2.1,13.6,,bullore01
128,Reggie Bullock,27,DET,SG,44,44,1355,4.8,11.7,.413,3.0,7.8,.388,1.8,3.9,.463,.542,1.5,1.7,.875,0.5,2.7,3.3,2.9,0.6,0.1,1.4,2.1,14.2,,bullore01
128,Reggie Bullock,27,LAL,SG,19,16,524,4.3,10.5,.412,2.3,6.8,.343,2.0,3.7,.537,.523,1.2,1.4,.810,0.1,3.3,3.4,1.4,1.1,0.5,0.8,2.1,12.2,,bullore01
129,Gordon Hayward,28,BOS,PF,72,18,1863,5.7,12.3,.466,1.5,4.5,.333,4.2,7.8,.542,.527,3.0,3.6,.834,1.0,5.2,6.2,4.7,1.2,0.4,2.0,2.0,15.9,,haywago01
130,Chris Paul,33,HOU,PG,58,58,1857,5.9,14.0,.419,2.5,6.9,.358,3.4,7.1,.479,.508,3.4,3.9,.862,0.7,4.4,5.1,9.2,2.2,0.3,2.9,2.8,17.6,,paulch01
131,Anthony Davis,25,NOP,C,56,56,1850,10.3,20.0,.517,0.9,2.8,.331,9.4,17.1,.547,.540,6.7,8.4,.794,3.4,9.7,13.1,4.2,1.7,2.6,2.2,2.6,28.3,AS,davisan02
132,Rudy Gay,32,SAS,PF,69,51,1842,7.3,14.6,.504,1.4,3.6,.402,5.9,11.0,.537,.554,2.3,2.9,.816,1.2,8.0,9.2,3.6,1.1,0.7,2.2,3.1,18.5,,gayru01
133,Domantas Sabonis,22,IND,C,74,5,1838,8.1,13.7,.590,0.2,0.3,.529,7.9,13.4,.592,.596,4.1,5.7,.715,3.6,9.9,13.5,4.2,0.9,0.6,3.1,4.7,20.4,6MOY-2,sabondo01
134,Malcolm Brogdon,26,MIL,SG,64,64,1832,7.4,14.7,.505,2.0,4.8,.426,5.4,9.9,.544,.575,2.8,3.0,.928,1.3,4.4,5.7,4.0,0.9,0.3,1.8,2.0,19.7,,brogdma01
135,John Collins,21,ATL,PF,61,59,1829,9.2,16.4,.560,1.1,3.1,.348,8.1,13.2,.609,.593,4.0,5.2,.763,4.3,7.4,11.7,2.4,0.4,0.8,2.4,3.9,23.4,,collijo01
136,Marco Belinelli,32,SAS,SG,79,1,1815,5.7,13.7,.413,2.9,7.8,.372,2.7,5.9,.468,.520,2.2,2.5,.903,0.3,3.6,3.9,2.6,0.7,0.2,1.4,2.4,16.4,,belinma01
137,Kelly Olynyk,27,MIA,PF,79,36,1812,5.2,11.2,.463,2.2,6.3,.354,2.9,4.9,.604,.563,3.0,3.7,.822,1.4,6.0,7.5,2.8,1.1,0.7,2.3,3.6,15.6,,olynyke01
138,Landry Shamet,21,2TM,SG,79,27,1802,4.8,11.1,.431,3.3,7.9,.422,1.5,3.2,.453,.581,1.5,1.9,.806,0.4,2.3,2.7,2.3,0.7,0.2,0.9,3.1,14.4,,shamela01
138,Landry Shamet,21,PHI,SG,54,4,1108,5.0,11.3,.441,3.2,8.0,.404,1.8,3.3,.529,.584,1.4,1.8,.815,0.5,2.1,2.5,1.9,0.8,0.3,0.8,3.4,14.6,,shamela01
138,Landry Shamet,21,LAC,SG,25,23,694,4.5,10.9,.414,3.5,7.8,.450,1.0,3.1,.322,.576,1.6,2.0,.795,0.4,2.5,2.9,3.0,0.7,0.1,1.0,2.5,14.2,,shamela01
139,Larry Nance Jr.,26,CLE,C,67,30,1795,5.0,9.6,.520,0.7,2.0,.337,4.3,7.6,.567,.554,1.9,2.7,.716,3.4,7.7,11.1,4.3,2.0,0.8,1.9,3.9,12.6,,nancela02
140,Terry Rozier,24,BOS,PG,79,14,1791,5.2,13.4,.387,2.4,6.8,.353,2.8,6.6,.422,.477,1.5,1.9,.785,0.6,5.5,6.2,4.6,1.4,0.4,1.4,2.0,14.2,,roziete01
141,Nemanja Bjelica,30,SAC,PF,77,70,1788,5.7,11.9,.479,2.1,5.2,.401,3.6,6.8,.539,.566,1.4,1.9,.761,2.5,6.4,8.9,3.0,1.1,1.1,1.7,4.0,14.9,,bjeline01
142,Derrick Favors,27,UTA,C,76,70,1766,7.4,12.6,.586,0.3,1.6,.218,7.1,11.0,.640,.600,3.1,4.6,.675,4.2,7.2,11.4,1.8,1.1,2.2,1.7,3.3,18.3,,favorde01
143,Fred VanVleet,24,TOR,PG,64,28,1760,5.0,12.3,.410,2.3,6.1,.378,2.7,6.2,.441,.503,2.0,2.4,.843,0.4,3.0,3.4,6.3,1.2,0.4,1.7,2.3,14.3,,vanvlfr01
144,Brandon Ingram,21,LAL,SF,52,52,1760,7.4,14.9,.497,0.6,1.9,.330,6.8,13.0,.521,.518,4.0,5.9,.675,0.8,4.6,5.5,3.2,0.6,0.6,2.6,3.0,19.4,,ingrabr01
145,Josh Okogie,20,MIN,SG,74,52,1757,4.0,10.4,.386,1.2,4.4,.279,2.8,6.0,.464,.445,2.4,3.3,.728,0.8,3.6,4.5,1.9,1.8,0.7,1.3,3.4,11.7,ROY-8,okogijo01
146,Darius Miller,28,NOP,SF,69,15,1757,3.9,9.9,.390,2.7,7.5,.365,1.1,2.5,.467,.528,1.1,1.5,.789,0.3,2.3,2.6,3.0,0.8,0.5,1.2,3.4,11.6,,milleda01
147,Langston Galloway,27,DET,SG,80,4,1745,4.7,12.1,.388,2.8,7.8,.355,1.9,4.3,.449,.503,1.7,2.0,.844,1.0,2.5,3.5,1.8,0.8,0.2,0.5,2.8,13.9,,gallola01
148,Mason Plumlee,28,DEN,C,82,17,1731,5.4,9.2,.593,0.0,0.2,.200,5.4,9.0,.602,.595,2.3,4.1,.561,3.4,7.5,10.9,5.1,1.4,1.6,2.6,5.2,13.2,,plumlma01
149,Derrick White,24,SAS,PG,67,55,1728,5.4,11.3,.479,1.0,3.0,.338,4.4,8.4,.529,.523,2.0,2.6,.772,0.7,4.4,5.1,5.5,1.4,1.0,2.0,3.0,13.8,,whitede01
150,Jabari Parker,23,2TM,PF,64,17,1724,7.7,15.6,.493,1.3,4.1,.313,6.4,11.6,.556,.533,2.7,3.8,.712,1.6,7.1,8.8,3.2,1.0,0.6,3.2,3.0,19.4,,parkeja01
150,Jabari Parker,23,CHI,PF,39,17,1042,7.6,16.0,.474,1.3,3.9,.325,6.3,12.1,.523,.514,2.7,3.7,.731,1.4,6.9,8.3,2.9,0.8,0.5,2.9,3.0,19.2,,parkeja01
150,Jabari Parker,23,WAS,PF,25,0,682,7.9,15.0,.523,1.3,4.3,.296,6.6,10.8,.613,.565,2.7,4.0,.684,2.0,7.5,9.5,3.6,1.2,0.8,3.5,3.1,19.7,,parkeja01
151,Noah Vonleh,23,NYK,PF,68,57,1722,4.3,9.2,.470,1.0,2.9,.336,3.4,6.3,.531,.523,2.3,3.3,.712,2.4,8.7,11.0,2.7,1.0,1.1,1.8,3.6,11.9,,vonleno01
152,Josh Hart,23,LAL,SG,67,22,1715,4.0,9.7,.407,1.9,5.8,.336,2.0,4.0,.511,.506,1.2,1.7,.688,0.7,4.5,5.2,2.0,1.3,0.8,1.2,3.1,11.0,,hartjo01
153,DeMarre Carroll,32,BRK,PF,67,8,1703,4.8,12.2,.395,2.2,6.6,.342,2.6,5.6,.457,.487,3.9,5.1,.760,1.4,5.9,7.4,1.8,0.7,0.2,1.5,2.4,15.7,,carrode01
154,Delon Wright,26,2TM,PG,75,13,1699,5.1,11.8,.434,1.1,3.6,.298,4.1,8.3,.492,.478,2.5,3.2,.793,1.4,4.2,5.6,5.3,1.9,0.6,1.6,2.2,13.8,,wrighde01
154,Delon Wright,26,TOR,PG,49,2,897,5.1,11.8,.433,1.2,3.6,.333,3.9,8.1,.478,.485,2.1,2.4,.869,1.6,3.5,5.0,4.4,1.8,0.6,1.5,2.1,13.5,,wrighde01
154,Delon Wright,26,MEM,PG,26,11,802,5.2,11.9,.434,0.9,3.5,.256,4.3,8.4,.508,.472,3.0,4.0,.742,1.3,5.0,6.3,6.2,1.9,0.7,1.8,2.2,14.2,,wrighde01
155,Miles Bridges,20,CHO,SF,80,25,1696,5.0,10.8,.464,1.4,4.2,.325,3.7,6.6,.553,.527,1.2,1.6,.753,1.4,5.4,6.9,2.0,1.2,1.0,1.1,2.4,12.7,,bridgmi02
156,Taj Gibson,33,MIN,PF,70,57,1686,6.5,11.5,.566,0.2,0.7,.324,6.3,10.7,.583,.576,2.9,3.8,.757,3.7,6.1,9.8,1.8,1.1,0.8,1.6,4.0,16.1,,gibsota01
157,Otto Porter Jr.,25,2TM,SF,56,43,1683,6.4,13.8,.465,2.2,5.5,.406,4.2,8.3,.504,.546,1.7,2.1,.813,1.2,5.6,6.7,2.6,1.8,0.7,1.4,2.3,16.7,,porteot01
157,Otto Porter Jr.,25,WAS,SF,41,28,1191,6.1,13.4,.457,2.0,5.3,.369,4.1,8.0,.515,.531,1.5,1.9,.766,1.2,5.8,7.0,2.4,1.9,0.7,1.2,2.4,15.7,,porteot01
157,Otto Porter Jr.,25,CHI,SF,15,15,492,7.1,14.7,.483,2.9,5.9,.488,4.2,8.9,.479,.580,2.1,2.3,.906,1.0,5.0,6.1,2.9,1.3,0.7,1.8,2.1,19.2,,porteot01
158,Lauri Markkanen,21,CHI,PF,52,51,1682,7.3,17.0,.430,2.6,7.1,.361,4.8,9.9,.479,.506,3.6,4.2,.872,1.6,8.5,10.1,1.6,0.8,0.7,1.8,2.6,20.8,,markkla01
159,Hassan Whiteside,29,MIA,C,72,53,1674,8.3,14.6,.571,0.0,0.3,.125,8.3,14.3,.581,.572,2.3,5.2,.449,5.5,12.0,17.6,1.2,1.0,2.9,2.1,4.1,19.1,,whiteha01
160,Royce O'Neale,25,UTA,SF,82,16,1671,3.5,7.4,.475,1.5,3.8,.386,2.0,3.6,.569,.574,0.7,0.9,.762,0.5,5.7,6.1,2.7,1.2,0.5,1.5,3.7,9.2,,onealro01
161,JaVale McGee,31,LAL,C,75,62,1671,8.6,13.8,.624,0.0,0.3,.083,8.6,13.6,.634,.625,2.1,3.3,.632,4.2,8.0,12.2,1.1,1.0,3.2,2.3,4.5,19.3,,mcgeeja01
162,Dwight Powell,27,DAL,C,77,22,1662,6.3,10.5,.597,0.8,2.8,.307,5.4,7.8,.699,.637,4.2,5.5,.772,3.0,5.9,8.9,2.4,1.0,1.1,1.5,4.4,17.7,,poweldw01
163,Kent Bazemore,29,ATL,SG,67,35,1643,6.1,15.1,.402,2.1,6.6,.320,4.0,8.6,.465,.472,2.8,3.8,.726,0.8,4.9,5.7,3.3,2.0,0.9,2.7,3.7,17.1,,bazemke01
164,Enes Freedom,26,2TM,C,67,31,1640,8.2,15.0,.549,0.2,0.7,.294,8.0,14.2,.562,.556,3.4,4.3,.787,5.6,8.8,14.5,2.5,0.7,0.6,2.6,3.7,20.1,,kanteen01
164,Enes Freedom,26,NYK,C,44,23,1128,8.0,14.9,.536,0.2,0.7,.318,7.8,14.2,.547,.544,3.4,4.1,.814,5.5,9.3,14.7,2.7,0.6,0.5,2.5,3.4,19.6,,kanteen01
164,Enes Freedom,26,POR,C,23,8,512,8.7,15.1,.577,0.2,0.8,.250,8.5,14.3,.596,.584,3.5,4.8,.735,6.0,7.9,13.9,2.3,1.0,0.6,2.7,4.3,21.2,,kanteen01
165,Gary Harris,24,DEN,SG,57,48,1639,5.9,14.0,.424,1.8,5.3,.339,4.1,8.7,.476,.488,2.5,3.2,.799,0.9,2.6,3.5,2.8,1.2,0.4,1.5,2.5,16.2,,harriga01
166,Dāvis Bertāns,26,SAS,PF,76,12,1632,4.5,10.0,.450,3.2,7.5,.429,1.3,2.5,.513,.610,1.2,1.3,.883,0.5,5.3,5.8,2.2,0.8,0.7,0.9,2.9,13.4,6MOY-11,bertada01
167,Justin Jackson,23,2TM,SF,81,14,1614,4.8,10.8,.447,1.9,5.5,.355,2.9,5.4,.542,.537,1.4,1.8,.785,1.0,3.7,4.7,2.1,0.7,0.3,0.6,2.2,13.0,,jacksju01
167,Justin Jackson,23,SAC,SF,52,3,1083,4.2,9.8,.424,1.8,5.3,.346,2.3,4.5,.515,.517,1.4,1.7,.820,0.8,4.0,4.9,2.3,0.8,0.4,0.7,2.2,11.5,,jacksju01
167,Justin Jackson,23,DAL,SF,29,11,531,6.2,12.9,.484,2.2,5.8,.372,4.1,7.1,.577,.568,1.4,2.0,.724,1.3,3.2,4.5,1.9,0.6,0.1,0.5,2.2,16.1,,jacksju01
168,Dewayne Dedmon,29,ATL,C,64,52,1609,5.8,11.8,.492,1.9,4.9,.382,3.9,6.9,.570,.571,2.1,2.5,.814,2.3,8.4,10.7,2.0,1.5,1.6,1.9,4.8,15.5,,dedmode01
169,Emmanuel Mudiay,22,NYK,PG,59,42,1607,7.4,16.6,.446,1.5,4.7,.329,5.8,11.9,.492,.493,3.2,4.2,.774,0.7,3.7,4.4,5.1,1.0,0.4,3.1,2.3,19.6,,mudiaem01
170,Robin Lopez,30,CHI,C,74,36,1606,6.8,12.0,.568,0.2,0.7,.226,6.7,11.3,.589,.575,2.0,2.8,.724,3.1,3.3,6.4,2.0,0.2,1.7,2.2,2.8,15.8,,lopezro01
171,Evan Turner,30,POR,PG,73,2,1605,4.6,9.9,.460,0.2,1.2,.212,4.3,8.8,.494,.473,1.7,2.4,.708,0.8,6.5,7.4,6.3,0.7,0.4,2.6,2.5,11.1,,turneev01
172,Jalen Brunson,22,DAL,PG,73,38,1591,6.0,12.8,.467,1.4,4.1,.348,4.5,8.7,.523,.523,2.0,2.7,.725,0.6,3.3,3.8,5.2,0.8,0.1,2.0,2.9,15.3,,brunsja01
173,Andre Iguodala,35,GSW,SF,68,13,1578,3.4,6.9,.500,1.1,3.3,.333,2.3,3.6,.652,.579,0.9,1.5,.582,1.1,4.7,5.7,4.9,1.4,1.2,1.2,2.2,8.9,6MOY-10,iguodan01
174,Marvin Bagley III,19,SAC,PF,62,4,1567,8.2,16.2,.504,0.7,2.2,.313,7.5,14.0,.534,.525,4.2,6.0,.691,3.7,7.1,10.8,1.4,0.8,1.4,2.3,2.8,21.2,ROY-7,baglema01
175,Tyus Jones,22,MIN,PG,68,23,1560,4.3,10.3,.415,0.9,2.9,.317,3.3,7.4,.453,.460,1.3,1.6,.841,0.5,2.6,3.1,7.5,1.9,0.1,1.1,1.8,10.8,,jonesty01
176,Taurean Prince,24,ATL,SF,55,47,1552,6.1,13.8,.441,2.9,7.3,.390,3.2,6.5,.498,.545,2.2,2.7,.819,0.5,4.1,4.6,2.7,1.2,0.4,2.3,3.3,17.2,,princta02
177,Rodney McGruder,27,MIA,SG,66,45,1550,4.3,10.7,.403,1.8,5.2,.351,2.5,5.5,.453,.489,1.2,1.7,.722,1.4,4.1,5.5,2.6,0.8,0.3,1.5,2.7,11.7,,mcgruro01
178,Alex Len,25,ATL,C,77,31,1544,7.5,15.1,.494,1.7,4.8,.363,5.7,10.4,.554,.551,3.3,5.0,.648,3.7,6.2,9.9,2.0,0.6,1.6,2.3,4.7,19.9,,lenal01
179,Tyler Johnson,26,2TM,PG,57,22,1529,5.1,12.4,.413,2.1,6.1,.346,3.0,6.3,.477,.498,2.2,3.0,.748,0.8,3.3,4.1,3.9,1.3,0.6,1.8,2.3,14.6,,johnsty01
179,Tyler Johnson,26,MIA,PG,44,10,1123,5.5,12.9,.426,2.3,6.5,.353,3.2,6.3,.503,.516,2.0,2.8,.693,0.6,3.3,3.9,3.6,1.3,0.7,2.0,2.3,15.2,,johnsty01
179,Tyler Johnson,26,PHO,PG,13,12,406,4.1,11.1,.368,1.6,5.0,.321,2.5,6.1,.406,.440,3.0,3.5,.872,1.3,3.3,4.6,4.8,1.2,0.5,1.2,2.2,12.8,,johnsty01
180,Jaren Jackson Jr.,19,MEM,PF,58,56,1515,7.1,14.0,.506,1.2,3.4,.359,5.9,10.6,.553,.549,3.6,4.7,.766,1.7,4.7,6.5,1.5,1.2,1.9,2.3,5.2,19.0,ROY-4,jacksja02
181,Dennis Smith Jr.,21,2TM,PG,53,50,1508,6.6,15.5,.428,1.6,5.0,.322,5.0,10.6,.477,.479,2.4,3.7,.635,0.8,2.9,3.7,6.0,1.6,0.5,3.7,3.1,17.2,,smithde03
181,Dennis Smith Jr.,21,DAL,PG,32,32,908,6.2,14.2,.440,1.7,5.0,.344,4.5,9.2,.491,.500,2.3,3.3,.695,0.7,3.1,3.8,5.5,1.6,0.4,4.0,3.3,16.4,,smithde03
181,Dennis Smith Jr.,21,NYK,PG,21,18,600,7.3,17.6,.413,1.4,5.0,.289,5.8,12.6,.462,.454,2.5,4.4,.568,0.8,2.6,3.5,6.8,1.6,0.5,3.2,2.8,18.5,,smithde03
182,Torrey Craig,28,DEN,SF,75,37,1503,3.8,8.7,.442,1.5,4.5,.324,2.4,4.2,.569,.526,1.2,1.7,.700,2.1,4.2,6.3,1.7,0.9,1.1,1.1,4.2,10.3,,craigto01
183,Maxi Kleber,27,DAL,PF,71,18,1502,4.2,9.3,.453,1.8,5.2,.353,2.3,4.0,.583,.553,1.4,1.8,.784,2.2,5.7,7.9,1.7,0.9,1.9,1.3,3.4,11.6,,klebima01
184,Thomas Bryant,21,WAS,C,72,53,1496,7.4,12.1,.616,0.8,2.4,.333,6.6,9.7,.685,.648,2.6,3.3,.781,2.7,8.2,10.9,2.2,0.6,1.6,1.4,3.0,18.2,,bryanth01
185,Kevon Looney,22,GSW,C,80,24,1481,5.3,8.4,.625,0.0,0.2,.100,5.3,8.2,.641,.627,1.6,2.6,.619,4.7,5.4,10.1,3.0,1.1,1.3,1.2,5.1,12.2,,looneke01
186,Iman Shumpert,28,2TM,SG,62,41,1481,4.1,10.8,.374,2.3,6.6,.348,1.8,4.2,.416,.481,0.9,1.1,.800,0.7,3.8,4.4,2.7,1.4,0.6,1.2,3.1,11.3,,shumpim01
186,Iman Shumpert,28,SAC,SG,42,40,1099,4.4,11.4,.382,2.4,6.6,.366,1.9,4.8,.404,.489,1.1,1.3,.829,0.6,3.6,4.2,3.0,1.5,0.7,1.2,3.0,12.3,,shumpim01
186,Iman Shumpert,28,HOU,SG,20,1,382,3.2,9.2,.347,2.0,6.7,.296,1.2,2.5,.481,.454,0.2,0.4,.500,0.8,4.3,5.1,2.0,1.1,0.4,1.1,3.3,8.6,,shumpim01
187,Gerald Green,33,HOU,SG,73,0,1473,5.6,14.1,.400,3.8,10.8,.354,1.8,3.3,.547,.535,1.4,1.7,.838,0.7,3.7,4.4,1.0,0.8,0.7,1.3,3.1,16.5,,greenge01
188,T.J. McConnell,26,PHI,PG,76,3,1470,5.4,10.3,.525,0.3,1.0,.333,5.0,9.2,.546,.542,0.7,0.9,.784,0.7,3.6,4.3,6.3,1.9,0.4,2.2,2.6,11.8,,mccontj01
189,E'Twaun Moore,29,NOP,SG,53,36,1463,6.3,13.1,.481,1.9,4.3,.432,4.4,8.8,.506,.553,1.1,1.5,.763,0.9,2.3,3.1,2.5,1.0,0.2,1.5,2.8,15.6,,mooreet01
190,Allonzo Trier,23,NYK,SG,64,3,1459,5.7,12.8,.448,1.3,3.3,.394,4.4,9.5,.466,.498,4.4,5.5,.803,0.8,4.1,4.9,2.9,0.7,0.3,2.9,2.9,17.1,,trieral01
191,Bruce Brown,22,DET,SG,74,56,1449,3.1,7.8,.398,0.6,2.3,.258,2.5,5.5,.457,.436,1.1,1.5,.750,1.2,3.4,4.6,2.3,1.0,0.9,1.1,4.4,7.9,,brownbr01
192,Ed Davis,29,BRK,C,81,1,1446,4.6,7.5,.616,0.0,0.0,.000,4.6,7.5,.620,.616,2.5,4.0,.617,5.4,11.9,17.3,1.5,0.9,0.8,1.6,5.6,11.8,6MOY-11,davised01
193,Wayne Selden,24,2TM,SG,75,13,1439,4.9,12.1,.406,1.4,4.4,.316,3.5,7.7,.456,.463,1.7,2.3,.728,0.9,3.6,4.5,2.7,0.8,0.3,2.0,3.3,12.9,,seldewa01
193,Wayne Selden,24,MEM,SG,32,0,455,5.1,12.7,.404,1.6,5.0,.317,3.6,7.8,.459,.466,1.7,2.3,.759,1.3,2.2,3.5,2.8,0.8,0.5,1.8,3.8,13.6,,seldewa01
193,Wayne Selden,24,CHI,SG,43,13,984,4.8,11.8,.407,1.3,4.1,.315,3.5,7.7,.455,.461,1.6,2.3,.714,0.8,4.2,5.0,2.7,0.8,0.3,2.0,3.0,12.5,,seldewa01
194,Luke Kennard,22,DET,SG,63,10,1437,5.7,13.0,.438,2.7,6.7,.394,3.1,6.3,.486,.540,1.3,1.5,.836,0.3,4.3,4.6,2.9,0.7,0.3,1.4,2.3,15.4,,kennalu01
195,Jeremy Lin,30,2TM,PG,74,4,1436,6.0,13.6,.440,1.4,4.7,.294,4.6,8.9,.517,.491,4.4,5.3,.838,0.6,3.9,4.5,5.8,1.2,0.3,3.1,3.6,17.7,,linje01
195,Jeremy Lin,30,ATL,PG,51,1,1003,6.5,13.9,.466,1.6,4.7,.333,4.9,9.1,.535,.523,5.1,6.0,.845,0.6,3.7,4.3,6.5,1.4,0.3,3.5,3.4,19.6,,linje01
195,Jeremy Lin,30,TOR,PG,23,3,433,4.8,12.9,.374,0.9,4.6,.200,3.9,8.3,.470,.410,2.8,3.5,.810,0.5,4.5,5.0,4.2,0.7,0.5,2.2,4.0,13.4,,linje01
196,Shaquille Harrison,25,CHI,SG,73,11,1430,4.6,10.7,.432,0.6,2.2,.270,4.0,8.5,.475,.460,2.1,3.1,.667,0.8,4.8,5.6,3.5,2.2,0.8,1.5,3.1,11.9,,harrish01
197,Lonzo Ball,21,LAL,PG,47,45,1423,4.7,11.5,.406,1.9,5.8,.329,2.8,5.8,.482,.488,0.5,1.2,.417,1.4,5.0,6.3,6.5,1.7,0.5,2.6,2.9,11.8,,balllo01
198,Maurice Harkless,25,POR,SF,60,53,1415,4.8,9.9,.487,0.8,3.1,.275,4.0,6.8,.582,.530,1.2,1.9,.671,2.0,4.9,6.8,1.9,1.7,1.3,1.1,4.1,11.7,,harklma01
199,Tyreke Evans,29,IND,SG,69,18,1402,6.6,16.9,.389,2.0,5.5,.356,4.6,11.4,.405,.448,3.0,4.1,.719,0.8,4.3,5.2,4.3,1.5,0.5,3.0,3.0,18.1,,evansty01
200,Seth Curry,28,POR,SG,74,2,1399,5.5,12.0,.456,2.9,6.5,.450,2.5,5.5,.463,.577,1.1,1.3,.846,0.7,2.4,3.1,1.7,0.9,0.3,1.6,2.5,15.0,,curryse01
201,Mike Scott,30,2TM,PF,79,3,1395,4.3,10.8,.400,2.6,6.5,.401,1.7,4.3,.399,.520,0.6,0.9,.667,1.1,6.0,7.1,1.7,0.7,0.3,1.1,4.0,11.8,,scottmi01
201,Mike Scott,30,LAC,PF,52,0,748,4.4,11.1,.400,2.5,6.4,.391,1.9,4.7,.412,.513,0.6,0.9,.667,1.2,7.2,8.4,2.1,0.8,0.4,1.3,4.2,11.9,,scottmi01
201,Mike Scott,30,PHI,PF,27,3,647,4.2,10.6,.400,2.7,6.6,.412,1.5,4.0,.380,.529,0.6,0.8,.667,1.1,4.6,5.7,1.2,0.5,0.3,0.9,3.8,11.7,,scottmi01
202,Derrick Rose,30,MIN,PG,51,13,1392,9.4,19.5,.482,1.4,3.8,.370,8.0,15.7,.509,.518,3.5,4.1,.856,0.9,2.8,3.6,5.7,0.8,0.3,2.1,1.5,23.7,6MOY-6,rosede01
203,Kris Dunn,24,CHI,PG,46,44,1389,5.6,13.1,.425,0.9,2.5,.354,4.7,10.6,.441,.458,1.4,1.8,.797,0.5,4.4,4.8,7.2,1.8,0.5,2.7,4.3,13.5,,dunnkr01
204,Alec Burks,27,3TM,SG,64,24,1375,5.0,12.4,.405,1.6,4.4,.363,3.4,8.0,.428,.469,3.0,3.7,.823,0.8,5.4,6.2,3.4,1.0,0.5,1.7,2.4,14.7,,burksal01
204,Alec Burks,27,UTA,SG,17,0,269,6.3,15.3,.412,2.1,5.8,.372,4.1,9.5,.437,.482,4.4,5.1,.868,0.3,3.3,3.6,2.7,0.8,0.5,2.0,2.9,19.1,,burksal01
204,Alec Burks,27,CLE,SG,34,24,979,5.0,12.5,.400,1.7,4.4,.378,3.3,8.1,.412,.466,2.9,3.6,.806,1.0,5.9,6.8,3.6,0.9,0.6,1.7,2.3,14.6,,burksal01
204,Alec Burks,27,SAC,SG,13,0,127,2.6,5.7,.450,0.0,1.7,.000,2.6,4.0,.643,.450,1.1,1.4,.800,0.6,5.7,6.2,2.8,2.3,0.3,1.1,2.0,6.2,,burksal01
205,JaMychal Green,28,2TM,PF,65,6,1371,6.0,12.5,.483,1.9,4.6,.403,4.2,7.9,.530,.558,2.1,2.7,.792,2.7,8.0,10.7,1.3,1.2,0.9,2.3,5.1,16.0,,greenja01
205,JaMychal Green,28,MEM,PF,41,4,900,6.0,12.5,.484,1.5,3.8,.396,4.5,8.6,.523,.545,2.5,3.2,.788,2.9,7.2,10.1,1.4,1.3,1.0,2.6,4.9,16.1,,greenja01
205,JaMychal Green,28,LAC,PF,24,2,471,6.0,12.5,.482,2.5,6.1,.413,3.5,6.4,.548,.582,1.3,1.6,.810,2.4,9.6,12.0,1.1,0.9,0.6,1.8,5.4,15.9,,greenja01
206,Rajon Rondo,32,LAL,PG,46,29,1369,4.6,11.4,.405,1.3,3.7,.359,3.3,7.6,.428,.464,0.6,0.9,.639,0.9,5.5,6.4,9.7,1.5,0.2,3.3,2.6,11.1,,rondora01
207,Mitchell Robinson,20,NYK,C,66,19,1360,5.3,7.7,.694,0.0,0.0,,5.3,7.7,.694,.694,2.1,3.6,.600,4.7,6.5,11.2,1.0,1.4,4.3,0.9,5.7,12.8,ROY-8,robinmi01
208,T.J. Warren,25,PHO,SF,43,36,1360,7.9,16.2,.486,2.0,4.8,.428,5.8,11.4,.510,.549,2.7,3.3,.815,0.8,3.8,4.6,1.7,1.4,0.8,1.4,3.2,20.4,,warretj01
209,Juancho Hernangómez,23,DEN,PF,70,25,1358,3.7,8.3,.439,1.7,4.8,.365,1.9,3.5,.541,.545,1.7,2.3,.767,1.7,5.3,7.0,1.5,0.7,0.6,1.0,2.5,10.8,,hernaju01
210,Zach Collins,21,POR,C,77,0,1356,5.0,10.6,.473,1.1,3.2,.331,4.0,7.4,.534,.523,2.5,3.3,.746,2.9,5.7,8.6,1.9,0.7,1.8,2.0,4.6,13.6,,colliza01
211,OG Anunoby,21,TOR,SF,67,6,1352,4.9,10.8,.453,1.8,5.4,.332,3.1,5.4,.574,.536,1.0,1.7,.581,1.5,3.7,5.2,1.3,1.2,0.6,1.5,3.7,12.5,,anunoog01
212,Doug McDermott,27,IND,SF,77,1,1340,5.6,11.3,.491,2.3,5.5,.408,3.3,5.8,.569,.590,1.8,2.1,.835,0.5,2.5,2.9,1.8,0.5,0.2,1.1,2.8,15.2,,mcderdo01
213,Kyle Korver,37,2TM,SG,70,0,1334,5.4,13.0,.416,3.7,9.4,.397,1.7,3.6,.467,.559,1.6,2.0,.822,0.2,4.1,4.4,2.2,0.7,0.3,1.6,2.9,16.2,,korveky01
213,Kyle Korver,37,CLE,PF,16,0,251,5.0,10.9,.461,3.6,7.7,.463,1.4,3.2,.455,.625,1.9,2.3,.813,0.0,4.2,4.2,2.4,0.4,0.3,2.4,3.2,15.5,,korveky01
213,Kyle Korver,37,UTA,SG,54,0,1083,5.5,13.5,.408,3.8,9.8,.384,1.8,3.8,.469,.547,1.6,1.9,.825,0.3,4.1,4.4,2.1,0.7,0.3,1.4,2.8,16.4,,korveky01
214,Vince Carter,42,ATL,PF,76,9,1330,5.3,12.7,.419,3.3,8.6,.389,2.0,4.1,.480,.550,1.3,1.8,.712,0.8,4.4,5.3,2.4,1.2,0.7,1.3,3.8,15.2,,cartevi01
215,Jake Layman,24,POR,SF,71,33,1327,5.9,11.5,.509,1.6,4.9,.326,4.3,6.6,.646,.579,1.4,1.9,.704,1.5,4.4,5.9,1.4,0.8,0.8,1.2,3.1,14.7,,laymaja01
216,Mike Muscala,27,2TM,PF,64,10,1306,4.0,10.0,.402,2.5,7.1,.348,1.5,2.9,.533,.525,1.9,2.3,.824,1.6,5.2,6.7,2.1,0.6,1.0,1.3,3.6,12.4,,muscami01
216,Mike Muscala,27,PHI,PF,47,6,1041,3.8,9.6,.392,2.4,6.9,.342,1.4,2.7,.519,.514,2.2,2.7,.818,1.8,5.2,6.9,2.1,0.6,0.9,1.5,3.9,12.1,,muscami01
216,Mike Muscala,27,LAL,PF,17,4,265,4.9,11.3,.434,2.9,7.7,.368,2.0,3.5,.577,.560,1.0,1.1,.875,0.8,5.2,6.0,1.9,0.5,1.5,0.7,2.4,13.6,,muscami01
217,Tony Snell,27,MIL,SF,74,12,1304,4.5,10.0,.452,2.2,5.6,.397,2.3,4.3,.522,.564,1.0,1.2,.881,0.8,3.5,4.3,1.9,0.7,0.5,0.6,2.5,12.3,,snellto01
218,George Hill,32,2TM,PG,60,13,1302,4.7,10.4,.452,1.3,4.2,.314,3.4,6.2,.547,.516,1.9,2.4,.824,1.1,3.0,4.1,3.7,1.4,0.2,1.4,2.8,12.7,,hillge01
218,George Hill,32,CLE,PG,13,13,344,5.8,11.2,.514,1.4,2.9,.464,4.4,8.3,.532,.575,1.8,2.1,.850,1.3,1.6,2.8,3.8,1.3,0.1,2.1,3.7,14.7,,hillge01
218,George Hill,32,MIL,PG,47,0,958,4.3,10.1,.428,1.3,4.7,.280,3.0,5.4,.556,.493,2.0,2.4,.815,1.0,3.5,4.5,3.7,1.5,0.3,1.2,2.5,11.9,,hillge01
219,Bobby Portis,23,2TM,PF,50,28,1299,7.7,17.4,.444,2.1,5.3,.393,5.7,12.1,.467,.504,2.1,2.7,.794,3.0,8.1,11.2,2.0,1.0,0.6,2.1,4.0,19.7,,portibo01
219,Bobby Portis,23,CHI,PF,22,6,531,8.3,18.4,.450,1.8,4.9,.375,6.4,13.5,.477,.500,2.6,3.4,.780,3.1,7.8,10.9,2.0,0.7,0.5,2.0,4.1,21.0,,portibo01
219,Bobby Portis,23,WAS,PF,28,22,768,7.4,16.7,.440,2.3,5.6,.403,5.1,11.2,.458,.507,1.8,2.2,.809,3.0,8.4,11.3,2.0,1.1,0.6,2.1,3.9,18.7,,portibo01
220,Wayne Ellington,31,2TM,SG,53,38,1297,5.1,12.7,.403,3.8,10.3,.371,1.3,2.4,.541,.554,1.1,1.4,.796,0.4,2.6,3.0,2.0,1.5,0.2,1.1,2.6,15.1,,ellinwa01
220,Wayne Ellington,31,MIA,SG,25,12,533,4.7,12.4,.375,3.8,10.5,.368,0.8,2.0,.414,.530,0.9,1.1,.875,0.4,2.8,3.2,2.0,1.6,0.2,0.9,2.7,14.1,,ellinwa01
220,Wayne Ellington,31,DET,SG,28,26,764,5.4,12.9,.421,3.8,10.2,.373,1.6,2.6,.607,.570,1.2,1.6,.758,0.4,2.5,2.8,2.0,1.4,0.1,1.2,2.5,15.8,,ellinwa01
221,Rodions Kurucs,20,BRK,SF,63,46,1294,5.6,12.5,.450,1.6,5.1,.315,4.0,7.4,.543,.514,2.0,2.6,.783,1.6,5.3,6.8,1.4,1.1,0.7,2.1,4.1,14.9,,kurucro01
222,Kyle Anderson,25,MEM,SF,43,40,1281,4.2,7.8,.543,0.3,1.0,.265,4.0,6.8,.583,.560,1.0,1.8,.578,1.3,5.7,7.1,3.6,1.5,1.0,1.6,3.1,9.7,,anderky01
223,Jakob Poeltl,23,SAS,C,77,24,1273,5.3,8.2,.645,0.0,0.0,,5.3,8.2,.645,.645,1.4,2.6,.533,5.0,6.6,11.6,2.6,0.8,1.9,1.4,3.5,12.0,,poeltja01
224,Markieff Morris,29,2TM,PF,58,16,1270,5.8,13.7,.421,1.9,5.8,.335,3.9,8.0,.484,.492,2.0,2.6,.772,1.7,5.8,7.5,2.2,1.0,0.6,1.5,5.0,15.5,,morrima02
224,Markieff Morris,29,WAS,PF,34,15,883,5.8,13.4,.436,2.0,5.9,.333,3.9,7.5,.516,.509,2.3,3.0,.781,1.7,5.4,7.1,2.4,1.0,0.8,1.9,4.8,15.9,,morrima02
224,Markieff Morris,29,OKC,PF,24,1,387,5.7,14.5,.391,1.9,5.5,.339,3.8,9.0,.423,.455,1.3,1.8,.737,1.9,6.6,8.5,1.8,1.0,0.2,0.7,5.4,14.5,,morrima02
225,Jeff Teague,30,MIN,PG,42,41,1264,5.0,11.8,.423,1.0,3.0,.333,4.0,8.9,.453,.465,3.5,4.4,.804,0.5,2.6,3.0,9.8,1.2,0.5,2.8,2.6,14.5,,teaguje01
226,Pat Connaughton,26,MIL,SG,61,2,1261,4.7,10.0,.466,1.9,5.7,.330,2.8,4.3,.647,.560,0.8,1.1,.725,1.7,5.6,7.4,3.5,0.9,0.7,0.9,2.3,12.0,,connapa01
227,Malik Monk,20,CHO,SG,73,0,1258,6.5,16.8,.387,3.1,9.4,.330,3.4,7.3,.461,.480,2.6,2.9,.882,0.5,3.5,3.9,3.3,1.1,0.5,2.5,3.0,18.7,,monkma01
228,Ish Smith,30,DET,PG,56,0,1251,5.9,14.1,.419,1.3,3.9,.326,4.6,10.2,.455,.464,1.4,1.8,.758,0.7,3.5,4.2,5.8,0.8,0.3,1.8,3.1,14.4,,smithis01
229,Elfrid Payton,24,NOP,PG,42,42,1250,5.2,11.9,.434,1.0,3.0,.314,4.2,8.8,.476,.475,1.6,2.1,.743,1.4,4.9,6.3,9.2,1.3,0.5,3.2,2.3,12.8,,paytoel01
230,Shelvin Mack,28,2TM,PG,57,3,1246,4.7,11.6,.404,1.3,3.8,.354,3.4,7.9,.429,.462,1.7,2.4,.690,0.5,2.5,3.0,5.3,1.4,0.1,1.9,2.4,12.4,,macksh01
230,Shelvin Mack,28,MEM,PG,53,3,1204,4.8,11.6,.414,1.4,3.8,.359,3.4,7.8,.441,.473,1.6,2.2,.707,0.5,2.5,3.0,5.4,1.3,0.1,1.9,2.4,12.6,,macksh01
230,Shelvin Mack,28,CHO,PG,4,0,42,1.7,12.0,.143,0.0,1.7,.000,1.7,10.3,.167,.143,4.3,7.7,.556,0.0,1.7,1.7,0.9,1.7,0.0,3.4,2.6,7.7,,macksh01
231,Nikola Mirotić,27,2TM,PF,46,25,1245,6.9,15.7,.439,3.4,9.2,.365,3.5,6.5,.545,.546,3.0,3.6,.847,1.7,8.1,9.8,1.6,0.9,1.0,1.4,3.1,20.2,,mirotni01
231,Nikola Mirotić,27,NOP,PF,32,22,925,7.1,15.8,.447,3.3,9.0,.368,3.8,6.8,.551,.552,3.3,3.9,.842,1.8,8.5,10.3,1.4,0.8,1.0,1.4,3.3,20.8,,mirotni01
231,Nikola Mirotić,27,MIL,PF,14,3,320,6.3,15.2,.415,3.5,9.8,.356,2.8,5.4,.521,.530,2.3,2.6,.870,1.6,6.9,8.4,2.3,1.1,1.0,1.2,2.4,18.3,,mirotni01
232,Cody Zeller,26,CHO,C,49,47,1243,5.5,10.0,.551,0.2,0.6,.273,5.3,9.4,.570,.559,3.2,4.1,.787,3.2,6.5,9.6,3.0,1.1,1.2,1.8,4.7,14.4,,zelleco01
233,Rondae Hollis-Jefferson,24,BRK,SF,59,21,1234,5.8,14.2,.411,0.3,1.4,.184,5.6,12.8,.436,.420,3.4,5.3,.645,2.4,6.6,9.0,2.8,1.3,0.8,2.0,3.1,15.4,,holliro01
234,Wes Iwundu,24,ORL,SF,68,13,1233,3.3,8.0,.412,0.8,2.3,.367,2.5,5.7,.431,.465,2.5,3.0,.816,1.1,4.3,5.4,2.1,0.8,0.6,1.3,3.6,9.9,,iwundwe01
235,Ersan İlyasova,31,MIL,PF,67,7,1231,4.9,11.1,.438,1.7,4.7,.363,3.2,6.5,.493,.514,1.8,2.2,.824,2.7,6.1,8.8,1.5,0.9,0.6,1.4,5.0,13.2,,ilyaser01
236,James Ennis III,28,2TM,SF,58,27,1230,4.0,8.6,.469,1.6,4.6,.353,2.4,4.0,.601,.563,1.7,2.4,.716,1.8,3.6,5.3,1.2,1.2,0.7,1.0,4.4,11.4,,ennisja01
236,James Ennis III,28,HOU,SF,40,25,949,3.9,8.0,.493,1.7,4.6,.367,2.3,3.5,.659,.597,1.6,2.2,.724,1.4,3.0,4.4,1.0,1.4,0.6,0.9,4.2,11.2,,ennisja01
236,James Ennis III,28,PHI,SF,18,2,281,4.4,10.6,.410,1.4,4.6,.306,2.9,6.0,.489,.476,2.0,2.9,.696,2.9,5.4,8.3,1.8,0.4,0.9,1.4,5.0,12.2,,ennisja01
237,Jared Dudley,33,BRK,PF,59,25,1220,3.0,7.1,.423,1.6,4.5,.351,1.4,2.6,.545,.533,0.9,1.4,.696,1.0,3.6,4.6,2.4,1.1,0.5,1.3,3.9,8.5,,dudleja01
238,Jonas Jerebko,31,GSW,PF,73,6,1218,4.8,10.5,.459,2.0,5.6,.367,2.8,4.9,.563,.556,1.9,2.4,.800,2.1,6.4,8.5,2.8,0.8,0.5,1.3,4.0,13.6,,jerebjo01
239,Jamal Crawford,38,PHO,SG,64,0,1211,5.2,13.0,.397,2.0,6.0,.332,3.2,7.0,.453,.474,2.8,3.3,.845,0.2,2.3,2.5,6.8,1.0,0.4,2.9,2.2,15.1,,crawfja01
240,Stanley Johnson,22,2TM,SF,66,7,1208,5.1,13.1,.389,1.8,6.4,.288,3.2,6.7,.484,.459,1.5,1.9,.781,1.0,5.5,6.5,2.6,1.8,0.4,2.4,3.4,13.5,,johnsst04
240,Stanley Johnson,22,DET,SF,48,7,961,5.0,13.1,.381,1.9,6.8,.282,3.1,6.3,.488,.454,1.5,1.9,.804,0.9,5.6,6.6,2.2,1.8,0.5,2.1,3.4,13.4,,johnsst04
240,Stanley Johnson,22,NOP,SF,18,0,247,5.5,13.3,.418,1.6,5.0,.324,3.9,8.3,.474,.478,1.3,1.9,.692,1.3,4.8,6.1,4.1,1.7,0.1,3.8,3.2,14.0,,johnsst04
241,Mario Hezonja,23,NYK,SF,58,24,1206,5.7,13.9,.412,1.3,4.5,.276,4.4,9.3,.478,.457,2.6,3.4,.763,0.8,6.3,7.1,2.6,1.7,0.2,2.6,3.3,15.3,,hezonma01
242,Robert Covington,28,2TM,SF,35,35,1203,4.7,10.8,.431,2.5,6.7,.378,2.1,4.1,.518,.548,2.0,2.7,.764,0.8,4.9,5.8,1.4,2.2,1.4,1.4,3.8,13.9,,covinro01
242,Robert Covington,28,PHI,SF,13,13,440,4.1,9.6,.427,2.5,6.3,.390,1.6,3.3,.500,.556,1.4,1.9,.739,0.6,4.9,5.5,1.1,2.0,1.9,1.8,3.7,12.0,,covinro01
242,Robert Covington,28,MIN,SF,22,22,763,5.0,11.6,.433,2.6,7.0,.372,2.4,4.6,.526,.545,2.4,3.1,.773,1.0,5.0,5.9,1.5,2.4,1.1,1.2,3.8,15.0,,covinro01
243,Tristan Thompson,27,CLE,C,43,40,1198,6.0,11.4,.529,0.0,0.0,,6.0,11.4,.529,.529,2.0,3.2,.642,5.2,8.0,13.2,2.6,0.8,0.5,1.8,2.7,14.1,,thomptr01
244,Will Barton,28,DEN,SF,43,38,1189,5.6,13.9,.402,2.0,5.9,.342,3.6,8.0,.447,.475,1.7,2.2,.770,1.0,5.1,6.0,3.8,0.5,0.7,2.0,2.5,15.0,,bartowi01
245,Richaun Holmes,25,PHO,C,70,4,1184,6.8,11.1,.608,0.0,0.0,,6.8,11.1,.608,.608,3.9,5.3,.731,3.5,6.6,10.1,1.8,1.3,2.4,1.6,5.9,17.4,,holmeri01
246,Michael Kidd-Gilchrist,25,CHO,PF,64,3,1179,4.8,10.1,.476,0.5,1.4,.340,4.3,8.7,.498,.500,2.9,3.8,.772,2.7,4.8,7.5,1.9,1.0,1.2,1.3,4.8,13.0,,kiddgmi01
247,Wilson Chandler,31,2TM,SF,51,33,1177,3.5,8.4,.418,1.8,4.8,.373,1.7,3.5,.478,.526,0.6,0.8,.720,1.5,5.1,6.6,2.5,0.8,0.6,1.4,3.8,9.3,,chandwi01
247,Wilson Chandler,31,PHI,PF,36,32,951,3.4,7.8,.440,1.7,4.5,.390,1.7,3.4,.506,.551,0.5,0.7,.722,1.7,4.7,6.4,2.7,0.8,0.7,1.5,3.6,9.1,,chandwi01
247,Wilson Chandler,31,LAC,SF,15,1,226,3.7,10.5,.348,2.1,6.4,.325,1.6,4.1,.385,.447,0.8,1.1,.714,0.6,6.8,7.5,1.6,0.5,0.5,1.1,4.6,10.2,,chandwi01
248,Frank Jackson,20,NOP,PG,61,16,1169,6.0,13.8,.434,1.6,5.2,.314,4.3,8.6,.507,.493,1.7,2.2,.740,0.8,3.4,4.1,2.1,0.8,0.1,1.5,2.8,15.2,,jacksfr01
249,James Johnson,31,MIA,PF,55,33,1164,5.1,11.7,.433,1.5,4.6,.336,3.5,7.1,.496,.499,1.5,2.2,.714,0.7,4.8,5.4,4.2,1.1,0.8,2.3,3.5,13.2,,johnsja01
250,Derrick Jones Jr.,21,MIA,SF,60,14,1153,5.0,10.1,.494,0.9,2.8,.308,4.1,7.3,.567,.537,2.3,3.8,.607,3.0,4.5,7.5,1.2,1.4,1.3,1.3,3.8,13.2,,jonesde02
251,Victor Oladipo,26,IND,SG,36,36,1147,7.8,18.5,.423,2.3,6.8,.343,5.5,11.7,.470,.486,3.2,4.4,.730,0.7,5.7,6.3,5.8,1.9,0.3,2.6,2.3,21.2,AS,oladivi01
252,Dion Waiters,27,MIA,SG,44,28,1138,6.3,15.1,.414,3.4,9.1,.377,2.8,6.0,.471,.528,0.7,1.4,.500,0.2,3.4,3.7,3.8,0.9,0.3,2.0,2.3,16.7,,waitedi01
253,Allen Crabbe,26,BRK,SG,43,20,1133,4.4,11.9,.367,3.1,8.2,.378,1.2,3.6,.342,.499,1.3,1.8,.732,0.5,4.2,4.7,1.5,0.7,0.4,1.5,3.2,13.1,,crabbal01
254,Norman Powell,25,TOR,SG,60,3,1126,6.2,12.8,.483,2.2,5.4,.400,4.0,7.4,.543,.568,2.0,2.4,.827,0.5,3.9,4.4,2.9,1.2,0.4,2.1,3.1,16.5,,powelno01
255,Trey Burke,26,2TM,PG,58,8,1125,7.6,17.5,.431,1.8,5.1,.352,5.8,12.4,.463,.482,3.3,4.0,.831,0.9,2.3,3.2,5.1,1.1,0.2,1.6,1.9,20.2,,burketr01
255,Trey Burke,26,NYK,PG,33,7,689,7.7,18.7,.413,1.6,4.5,.349,6.2,14.2,.434,.455,3.2,3.9,.827,0.8,2.5,3.2,4.9,1.1,0.3,1.5,1.7,20.3,,burketr01
255,Trey Burke,26,DAL,PG,25,1,436,7.3,15.7,.463,2.1,6.0,.356,5.1,9.7,.530,.532,3.4,4.0,.837,1.1,2.0,3.1,5.4,1.0,0.2,1.7,2.1,20.1,,burketr01
256,Lance Stephenson,28,LAL,SG,68,3,1123,5.9,13.8,.426,2.3,6.3,.371,3.6,7.5,.472,.510,1.6,2.3,.685,1.0,5.9,6.9,4.5,1.3,0.2,2.8,3.6,15.7,,stephla01
257,Trey Lyles,23,DEN,PF,64,2,1120,6.7,15.9,.418,1.6,6.4,.255,5.0,9.5,.529,.470,2.6,3.7,.698,1.4,6.5,7.9,2.8,1.0,0.7,2.2,3.0,17.6,,lylestr01
258,Tim Frazier,28,2TM,PG,59,19,1120,3.7,8.4,.444,1.2,3.2,.366,2.5,5.1,.494,.515,1.3,1.7,.759,1.3,4.1,5.4,8.0,1.0,0.2,2.4,3.6,10.0,,fraziti01
258,Tim Frazier,28,NOP,PG,47,17,909,3.5,7.7,.451,1.1,3.0,.351,2.4,4.7,.517,.521,1.3,1.6,.780,1.3,4.2,5.4,8.2,1.0,0.2,2.4,3.7,9.3,,fraziti01
258,Tim Frazier,28,MIL,PG,12,2,211,4.8,11.3,.424,1.7,4.1,.417,3.1,7.2,.429,.500,1.5,2.2,.692,1.5,3.8,5.3,7.2,0.9,0.2,2.7,3.2,12.8,,fraziti01
259,Wendell Carter Jr.,19,CHI,C,44,44,1110,5.8,12.0,.485,0.2,1.0,.188,5.6,11.0,.513,.493,2.9,3.6,.795,2.8,7.1,10.0,2.5,0.8,1.9,2.1,4.9,14.8,,cartewe01
260,John Wall,28,WAS,PG,32,32,1104,8.0,18.0,.444,1.7,5.5,.302,6.3,12.5,.507,.490,4.0,5.7,.697,0.5,3.3,3.8,9.1,1.6,0.9,3.9,2.3,21.6,,walljo01
261,Jonas Valančiūnas,26,2TM,C,49,27,1091,9.9,17.8,.559,0.5,1.6,.292,9.5,16.2,.586,.572,4.9,6.1,.795,3.5,10.3,13.8,2.3,0.6,1.7,3.0,4.8,25.2,,valanjo01
261,Jonas Valančiūnas,26,TOR,C,30,10,564,9.5,16.5,.575,0.6,1.9,.300,8.9,14.6,.611,.593,4.9,6.0,.819,3.4,10.3,13.8,1.9,0.8,1.5,2.5,5.2,24.5,,valanjo01
261,Jonas Valančiūnas,26,MEM,C,19,17,527,10.4,19.1,.545,0.3,1.2,.278,10.0,17.8,.563,.554,4.8,6.2,.769,3.6,10.3,13.9,2.8,0.4,2.0,3.5,4.4,25.9,,valanjo01
262,Ante Žižić,22,CLE,C,59,25,1082,6.1,11.0,.553,0.0,0.0,,6.1,11.0,.553,.553,3.1,4.4,.705,3.6,7.1,10.6,1.8,0.4,0.7,2.0,3.8,15.3,,zizican01
263,Anthony Tolliver,33,MIN,PF,65,0,1079,3.3,8.6,.382,2.7,7.2,.377,0.6,1.5,.409,.539,1.6,2.0,.783,0.5,5.4,5.9,1.5,0.6,0.7,1.2,3.0,10.9,,tollian01
264,Kenrich Williams,24,NOP,SF,46,29,1079,3.6,9.3,.384,1.7,5.2,.333,1.8,4.1,.447,.477,0.4,0.6,.684,1.8,5.5,7.3,2.8,1.5,0.6,1.2,3.2,9.3,,willike04
265,Devin Harris,35,DAL,PG,68,2,1071,4.4,11.7,.380,2.1,6.7,.310,2.4,4.9,.476,.470,3.4,4.5,.761,0.4,3.4,3.8,4.1,1.2,0.5,1.9,4.5,14.4,,harride01
266,Yogi Ferrell,25,SAC,PG,71,3,1067,5.2,11.9,.435,1.8,5.0,.362,3.3,6.8,.488,.511,2.0,2.3,.896,0.4,3.2,3.7,4.6,1.2,0.1,1.3,2.2,14.2,,ferreyo01
267,Jonathon Simmons,29,2TM,SF,56,9,1064,4.5,11.8,.380,0.9,3.5,.269,3.6,8.3,.427,.420,2.4,3.3,.742,0.9,3.3,4.3,4.3,1.0,0.5,2.3,3.0,12.4,,simmojo02
267,Jonathon Simmons,29,ORL,SG,41,9,845,4.4,12.2,.364,0.8,3.5,.229,3.6,8.6,.419,.397,2.4,3.1,.778,1.0,3.3,4.3,4.0,0.8,0.6,2.4,2.9,12.1,,simmojo02
267,Jonathon Simmons,29,PHI,SF,15,0,219,4.8,10.5,.453,1.5,3.5,.429,3.3,7.1,.465,.523,2.6,4.1,.640,0.7,3.6,4.3,5.4,1.8,0.2,2.0,3.5,13.6,,simmojo02
268,Caris LeVert,24,BRK,SF,40,25,1063,7.0,16.4,.429,1.6,5.2,.312,5.4,11.1,.483,.478,2.9,4.2,.691,1.2,3.9,5.1,5.3,1.4,0.5,2.3,2.6,18.5,,leverca01
269,Quinn Cook,25,GSW,PG,74,10,1059,6.9,14.9,.465,2.8,6.8,.405,4.2,8.1,.515,.557,0.7,0.9,.769,0.7,4.6,5.3,3.9,0.7,0.1,1.7,3.1,17.3,,cookqu01
270,Nerlens Noel,24,OKC,C,77,2,1055,5.5,9.4,.587,0.0,0.0,,5.5,9.4,.587,.587,1.8,2.7,.684,4.3,6.8,11.1,1.5,2.3,3.3,1.6,5.7,12.9,,noelne01
271,Ivica Zubac,21,2TM,C,59,37,1040,7.3,13.1,.559,0.0,0.0,,7.3,13.1,.559,.559,3.5,4.4,.802,4.0,8.6,12.5,2.2,0.5,1.8,2.4,4.7,18.2,,zubaciv01
271,Ivica Zubac,21,LAL,C,33,12,516,7.8,13.5,.580,0.0,0.0,,7.8,13.5,.580,.580,4.0,4.6,.864,3.8,7.5,11.3,1.7,0.3,1.9,2.3,5.1,19.6,,zubaciv01
271,Ivica Zubac,21,LAC,C,26,25,524,6.9,12.8,.538,0.0,0.0,,6.9,12.8,.538,.538,3.0,4.1,.733,4.2,9.5,13.7,2.6,0.7,1.6,2.5,4.4,16.8,,zubaciv01
272,Sterling Brown,23,MIL,SG,58,7,1034,5.0,10.9,.465,1.8,5.1,.361,3.2,5.7,.558,.550,1.0,1.5,.690,1.0,5.4,6.4,2.9,0.9,0.3,1.6,3.1,13.0,,brownst02
273,Gorgui Dieng,29,MIN,C,76,2,1031,6.6,13.2,.501,0.7,2.0,.339,5.9,11.2,.530,.527,3.1,3.7,.830,2.8,8.0,10.9,2.5,1.7,1.4,2.0,4.7,16.9,,dienggo01
274,Nik Stauskas,25,2TM,SG,68,0,1015,4.8,12.0,.402,2.5,6.7,.372,2.3,5.3,.440,.506,2.0,2.3,.891,0.6,3.9,4.5,2.9,0.7,0.2,1.8,1.8,14.2,,stausni01
274,Nik Stauskas,25,POR,SG,44,0,673,5.1,12.2,.419,2.3,6.7,.344,2.8,5.6,.510,.513,1.7,1.9,.889,0.5,3.7,4.3,3.3,0.7,0.2,2.1,1.7,14.3,,stausni01
274,Nik Stauskas,25,CLE,SG,24,0,342,4.2,11.5,.367,2.8,6.6,.429,1.4,4.8,.283,.491,2.6,2.9,.893,0.8,4.1,4.9,2.0,0.7,0.3,1.2,2.0,13.9,,stausni01
275,Alfonzo McKinnie,26,GSW,SF,72,5,1003,4.8,9.9,.487,1.5,4.2,.356,3.3,5.6,.586,.564,1.0,1.7,.563,2.9,6.0,8.9,1.1,0.6,0.5,1.1,4.8,12.1,,mckinal01
276,Tony Parker,36,CHO,PG,56,0,1003,7.6,16.6,.460,0.5,1.8,.255,7.2,14.8,.485,.474,3.3,4.5,.734,0.5,2.5,3.0,7.4,0.8,0.3,2.7,1.9,19.0,,parketo01
277,Goran Dragić,32,MIA,PG,36,22,991,6.5,15.7,.413,2.1,6.0,.348,4.4,9.8,.454,.479,2.9,3.7,.782,0.7,3.3,4.0,6.3,1.1,0.2,2.6,2.9,17.9,,dragigo01
278,David Nwaba,26,CLE,SF,51,14,984,4.6,9.6,.481,0.9,2.7,.320,3.7,6.8,.545,.527,2.1,3.1,.682,1.5,4.5,6.0,2.0,1.3,0.6,1.1,3.9,12.2,,nwabada01
279,De'Anthony Melton,20,PHO,PG,50,31,984,3.7,9.4,.391,1.1,3.5,.305,2.6,5.9,.441,.447,0.8,1.0,.750,0.9,4.0,4.9,5.8,2.5,0.8,2.7,4.1,9.1,,meltode01
280,Shabazz Napier,27,BRK,PG,56,2,983,6.2,15.9,.389,2.8,8.3,.333,3.4,7.6,.449,.476,4.2,5.1,.833,0.7,3.0,3.7,5.2,1.5,0.6,2.4,2.5,19.4,,napiesh01
281,Danuel House Jr.,25,HOU,SF,39,13,979,4.3,9.3,.468,2.7,6.5,.416,1.6,2.7,.595,.615,2.1,2.6,.789,0.9,4.2,5.1,1.5,0.8,0.4,1.3,2.9,13.5,,houseda01
282,Ian Clark,27,NOP,SG,60,6,973,5.6,14.2,.394,2.4,7.5,.327,3.1,6.7,.470,.480,1.2,1.4,.892,0.5,2.8,3.3,3.5,0.8,0.3,2.1,3.5,14.8,,clarkia01
283,Thon Maker,21,2TM,PF,64,5,972,4.0,9.9,.407,1.8,5.7,.320,2.2,4.3,.522,.498,2.1,3.1,.667,1.5,6.0,7.5,1.7,0.8,1.9,1.2,3.9,12.0,,makerth01
283,Thon Maker,21,MIL,C,35,0,409,5.2,11.8,.440,2.3,6.9,.333,2.9,4.9,.589,.537,1.8,3.3,.541,1.5,7.0,8.4,1.6,0.9,1.6,0.8,4.8,14.4,,makerth01
283,Thon Maker,21,DET,PF,29,5,563,3.2,8.6,.373,1.5,4.8,.307,1.7,3.8,.458,.459,2.3,3.0,.766,1.5,5.2,6.8,1.7,0.7,2.1,1.5,3.2,10.2,,makerth01
284,Shaun Livingston,33,GSW,PG,64,0,967,4.1,7.8,.519,0.0,0.1,.000,4.1,7.7,.524,.519,1.5,1.9,.784,1.6,2.8,4.4,4.2,1.2,1.0,1.4,2.8,9.6,,livinsh01
285,Elie Okobo,21,PHO,PG,53,16,958,4.3,10.9,.393,1.5,5.0,.295,2.8,5.9,.475,.460,1.4,1.8,.787,0.5,3.2,3.7,4.8,1.2,0.3,2.6,4.1,11.4,,okoboel01
286,Jerian Grant,26,ORL,PG,60,1,939,3.5,8.4,.418,1.5,4.2,.364,2.0,4.2,.473,.509,1.0,1.5,.650,0.7,3.0,3.8,6.0,1.7,0.2,2.0,3.0,9.6,,grantje02
287,Jahlil Okafor,23,NOP,C,59,24,935,8.2,13.9,.586,0.0,0.2,.200,8.1,13.7,.591,.587,2.3,3.4,.663,3.2,7.5,10.7,1.5,0.6,1.5,2.0,3.7,18.6,,okafoja01
288,Dante Cunningham,31,SAS,PF,64,21,928,2.9,6.1,.475,1.2,2.5,.462,1.7,3.6,.484,.570,0.5,0.7,.778,1.9,5.4,7.3,1.9,1.0,0.5,0.9,2.8,7.5,,cunnida01
289,Daniel Theis,26,BOS,C,66,2,908,5.8,10.5,.549,1.0,2.7,.388,4.8,7.9,.603,.598,2.2,3.0,.737,3.4,5.5,8.9,2.7,0.8,1.7,1.3,6.4,14.8,,theisda01
290,Frank Ntilikina,20,NYK,PG,43,16,904,3.8,11.2,.337,1.3,4.6,.287,2.5,6.7,.371,.395,0.9,1.2,.767,0.5,3.0,3.5,4.8,1.2,0.6,2.2,4.1,9.8,,ntilila01
291,Cheick Diallo,22,NOP,PF,64,1,896,6.8,10.9,.620,0.0,0.2,.250,6.7,10.7,.625,.622,2.0,2.7,.746,3.0,10.3,13.3,1.3,1.2,1.3,2.0,4.5,15.5,,diallch01
292,Chandler Hutchison,22,CHI,SF,44,14,895,3.9,8.4,.459,0.6,2.0,.280,3.3,6.4,.516,.493,0.9,1.5,.605,1.2,6.2,7.4,1.4,0.9,0.2,1.0,2.4,9.2,,hutchch01
293,D.J. Wilson,22,MIL,PF,48,3,882,4.2,10.2,.414,1.9,5.2,.362,2.4,5.1,.468,.506,1.1,1.9,.553,1.8,7.2,9.1,2.1,0.7,0.8,1.3,3.5,11.4,,wilsodj01
294,Zaza Pachulia,34,DET,C,68,3,878,3.5,7.9,.440,0.0,0.2,.000,3.5,7.7,.450,.440,4.0,5.1,.782,4.1,6.8,10.9,3.7,1.3,0.7,2.3,6.2,10.9,,pachuza01
295,Meyers Leonard,26,POR,C,61,2,878,5.4,9.9,.545,2.1,4.6,.450,3.4,5.4,.626,.649,1.8,2.1,.843,2.0,7.5,9.6,3.1,0.5,0.4,1.8,4.3,14.6,,leoname01
296,Solomon Hill,27,NOP,SF,44,15,878,2.8,7.3,.382,1.3,4.1,.317,1.5,3.2,.468,.472,0.9,1.3,.719,1.4,4.1,5.5,2.3,0.9,0.4,1.3,3.3,7.8,,hillso01
297,Tyson Chandler,36,2TM,C,55,6,875,2.5,4.1,.616,0.0,0.0,.000,2.5,4.0,.622,.616,2.1,3.6,.586,3.8,8.8,12.6,1.5,0.9,0.9,1.7,4.5,7.1,,chandty01
297,Tyson Chandler,36,PHO,C,7,0,89,3.2,4.9,.667,0.0,0.0,,3.2,4.9,.667,.667,4.0,7.3,.556,2.8,12.9,15.8,2.4,0.8,0.4,2.8,8.5,10.5,,chandty01
297,Tyson Chandler,36,LAL,C,48,6,786,2.4,4.0,.609,0.0,0.0,.000,2.4,3.9,.616,.609,1.9,3.2,.594,3.9,8.4,12.3,1.4,0.9,1.0,1.6,4.1,6.7,,chandty01
298,Patrick Patterson,29,OKC,PF,63,5,861,3.4,9.2,.374,1.9,5.7,.336,1.5,3.4,.439,.479,0.8,1.3,.633,1.8,4.4,6.1,1.3,0.7,0.5,0.9,1.9,9.6,,pattepa01
299,C.J. Miles,31,2TM,SF,53,1,856,4.7,13.1,.360,2.8,8.5,.330,1.9,4.5,.417,.468,2.0,2.4,.828,0.5,3.4,4.0,1.5,1.1,0.6,1.3,3.3,14.3,,milescj01
299,C.J. Miles,31,TOR,SF,40,1,562,4.5,13.2,.340,2.8,8.8,.314,1.7,4.4,.391,.444,2.2,2.8,.795,0.8,3.6,4.4,1.4,1.2,0.6,1.3,4.0,14.0,,milescj01
299,C.J. Miles,31,MEM,SF,13,0,294,5.1,12.9,.400,2.9,8.1,.364,2.2,4.8,.462,.514,1.6,1.7,.929,0.1,3.2,3.3,1.7,1.0,0.6,1.1,2.1,14.8,,milescj01
300,Antonio Blakeney,22,CHI,SG,57,3,829,7.2,17.2,.419,1.6,4.0,.396,5.6,13.2,.426,.465,2.2,3.3,.658,0.3,4.3,4.6,1.8,0.5,0.4,1.5,1.8,18.2,,blakean01
301,Dragan Bender,21,PHO,PF,46,27,826,3.8,8.6,.447,1.0,4.4,.218,2.9,4.2,.688,.503,1.4,2.4,.593,1.5,6.5,8.0,2.4,0.8,1.0,1.6,3.9,10.0,,bendedr01
302,Aron Baynes,32,BOS,C,51,18,821,4.6,9.8,.471,0.9,2.7,.344,3.7,7.1,.519,.518,2.3,2.7,.855,3.9,6.7,10.5,2.5,0.5,1.5,1.8,5.5,12.5,,baynear01
303,Harry Giles,20,SAC,PF,58,0,820,7.7,15.3,.503,0.0,0.3,.000,7.7,15.0,.512,.503,2.5,4.0,.637,2.9,6.8,9.7,3.7,1.4,1.0,3.2,6.6,17.9,,gilesha01
304,Willy Hernangómez,24,CHO,C,58,3,812,6.8,13.1,.519,0.7,1.7,.385,6.1,11.3,.539,.544,4.4,6.4,.694,5.2,8.6,13.8,2.7,0.7,0.9,2.6,4.3,18.7,,hernawi01
305,Matthew Dellavedova,28,2TM,PG,48,0,812,4.3,10.7,.405,2.0,5.8,.338,2.4,5.0,.482,.496,1.9,2.3,.808,0.3,3.1,3.4,8.0,0.6,0.1,3.0,3.3,12.5,,dellama01
305,Matthew Dellavedova,28,MIL,PG,12,0,97,2.2,7.1,.316,1.5,4.1,.364,0.7,3.0,.250,.421,1.5,1.5,1.000,0.0,3.7,3.7,10.8,0.7,0.0,4.1,3.3,7.4,,dellama01
305,Matthew Dellavedova,28,CLE,PG,36,0,715,4.6,11.2,.413,2.0,6.0,.336,2.6,5.2,.500,.502,1.9,2.4,.792,0.3,3.1,3.4,7.7,0.6,0.1,2.9,3.3,13.2,,dellama01
306,Omari Spellman,21,ATL,PF,46,11,805,4.4,10.9,.402,2.0,5.7,.344,2.4,5.2,.466,.492,1.4,2.0,.711,3.2,5.5,8.7,2.1,1.2,1.1,1.4,3.0,12.2,,spellom01
307,Bruno Caboclo,23,MEM,PF,34,19,800,4.3,10.1,.427,2.2,5.9,.369,2.2,4.3,.505,.533,1.9,2.3,.840,1.9,5.2,7.1,2.3,0.6,1.5,1.7,3.6,12.7,,cabocbr01
308,Dirk Nowitzki,40,DAL,PF,51,20,795,6.1,17.0,.359,2.9,9.3,.312,3.2,7.7,.415,.444,1.8,2.3,.780,0.2,6.9,7.2,1.6,0.4,0.8,0.8,3.4,16.9,AS,nowitdi01
309,Jordan Bell,24,GSW,C,68,3,788,4.5,8.8,.516,0.0,0.1,.000,4.5,8.7,.521,.516,1.1,1.9,.610,2.5,5.9,8.4,3.5,0.9,2.3,1.9,3.7,10.2,,belljo01
310,Sam Dekker,24,2TM,PF,47,5,788,5.5,11.7,.469,0.9,2.8,.306,4.6,8.9,.521,.506,1.3,2.1,.609,2.4,4.3,6.8,2.1,1.7,0.3,1.1,2.1,13.1,,dekkesa01
310,Sam Dekker,24,CLE,PF,9,5,169,4.7,10.2,.458,1.1,2.8,.385,3.6,7.5,.486,.510,1.7,2.1,.800,1.9,5.1,7.0,1.9,2.3,0.0,1.1,2.8,12.1,,dekkesa01
310,Sam Dekker,24,WAS,PF,38,0,619,5.7,12.1,.471,0.8,2.8,.286,4.9,9.2,.528,.505,1.2,2.1,.556,2.6,4.1,6.7,2.2,1.6,0.4,1.1,2.0,13.4,,dekkesa01
311,Luke Kornet,23,NYK,C,46,18,784,4.9,13.0,.378,3.2,8.9,.363,1.7,4.1,.411,.502,1.7,2.1,.826,1.3,4.9,6.2,2.5,1.2,1.9,1.1,1.9,14.8,,kornelu01
312,Bismack Biyombo,26,CHO,C,54,32,783,4.1,7.2,.571,0.0,0.0,,4.1,7.2,.571,.571,2.7,4.2,.637,3.7,7.6,11.4,1.5,0.5,1.9,1.6,4.7,10.9,,biyombi01
313,Lance Thomas,30,NYK,PF,46,17,783,3.6,9.1,.396,1.0,3.6,.278,2.6,5.4,.475,.452,1.2,1.7,.750,1.0,4.4,5.4,1.2,0.8,0.3,1.1,3.8,9.4,,thomala01
314,DeMarcus Cousins,28,GSW,C,30,30,771,8.3,17.3,.480,1.2,4.4,.274,7.1,12.9,.551,.515,4.9,6.7,.736,2.0,9.5,11.5,5.0,1.9,2.1,3.4,5.1,22.8,,couside01
315,Mo Bamba,20,ORL,C,47,1,766,5.5,11.4,.481,1.0,3.3,.300,4.5,8.1,.555,.525,1.7,3.0,.587,3.0,7.9,11.0,1.8,0.6,3.0,2.0,4.8,13.7,,bambamo01
316,Troy Daniels,27,PHO,SG,51,1,760,5.4,13.0,.411,3.5,9.2,.381,1.8,3.8,.481,.545,0.9,1.1,.783,0.6,2.8,3.5,1.2,1.2,0.2,1.3,3.7,15.1,,danietr01
317,Dwayne Bacon,23,CHO,SG,43,13,759,5.8,12.2,.475,1.8,4.1,.437,4.0,8.1,.494,.549,1.6,2.2,.739,0.4,3.8,4.2,2.2,0.6,0.2,0.9,3.4,15.0,,bacondw01
318,Frank Kaminsky,25,CHO,C,47,0,755,6.6,14.2,.463,2.4,6.6,.360,4.2,7.6,.553,.547,3.8,5.1,.738,1.9,5.9,7.8,3.0,0.6,0.6,2.0,3.2,19.3,,kaminfr01
319,J.J. Barea,34,DAL,PG,38,0,752,7.7,18.4,.418,1.8,6.1,.297,5.9,12.3,.479,.468,2.6,3.7,.705,0.6,3.9,4.5,10.1,1.1,0.0,3.4,2.4,19.9,,bareajo01
320,Marcin Gortat,34,LAC,C,47,43,751,4.7,8.9,.532,0.0,0.0,,4.7,8.9,.532,.532,1.7,2.3,.729,3.2,9.3,12.5,3.1,0.3,1.2,2.4,4.4,11.2,,gortama01
321,Cristiano Felício,26,CHI,C,60,0,746,4.6,8.6,.531,0.0,0.2,.000,4.6,8.4,.543,.531,2.4,3.5,.685,3.8,6.7,10.5,1.8,0.5,0.3,1.6,3.3,11.6,,feliccr01
322,Chasson Randle,25,WAS,PG,49,2,743,4.4,10.5,.419,2.2,5.6,.400,2.2,4.9,.441,.525,2.1,3.0,.694,0.5,2.2,2.7,4.7,1.2,0.1,2.1,4.4,13.1,,randlch01
323,Brandon Knight,27,2TM,PG,39,26,736,4.8,12.7,.381,2.0,6.3,.318,2.8,6.4,.443,.460,1.3,1.7,.794,0.5,2.4,2.9,3.5,1.0,0.1,1.5,3.0,13.0,,knighbr03
323,Brandon Knight,27,HOU,PG,12,0,118,3.4,14.3,.234,1.5,9.8,.156,1.8,4.6,.400,.287,2.7,3.4,.818,0.3,2.4,2.7,2.7,0.6,0.0,1.5,4.3,11.0,,knighbr03
323,Brandon Knight,27,CLE,PG,27,26,618,5.1,12.4,.413,2.1,5.7,.371,3.0,6.8,.448,.498,1.0,1.3,.783,0.5,2.4,2.9,3.6,1.1,0.1,1.5,2.8,13.4,,knighbr03
324,Troy Brown Jr.,19,WAS,SF,52,10,730,4.8,11.5,.415,1.1,3.4,.319,3.7,8.1,.455,.462,1.6,2.3,.681,1.7,5.4,7.2,3.9,1.0,0.2,1.5,2.8,12.2,,browntr01
325,Kenneth Faried,29,2TM,C,37,13,728,7.7,13.1,.589,0.4,1.2,.320,7.3,11.9,.617,.604,3.2,4.9,.646,4.8,7.6,12.4,1.0,0.8,1.1,1.6,4.1,19.0,,farieke01
325,Kenneth Faried,29,BRK,C,12,0,118,7.6,12.8,.595,0.3,1.5,.200,7.3,11.3,.649,.607,3.1,4.9,.625,4.6,8.8,13.4,0.6,0.6,1.2,1.8,2.4,18.6,,farieke01
325,Kenneth Faried,29,HOU,C,25,13,610,7.7,13.2,.587,0.4,1.2,.350,7.3,12.0,.611,.603,3.2,4.9,.651,4.8,7.3,12.2,1.1,0.9,1.1,1.6,4.4,19.1,,farieke01
326,Ivan Rabb,21,MEM,PF,49,13,721,5.8,10.6,.547,0.1,0.7,.200,5.6,9.8,.574,.554,2.4,3.4,.710,3.5,6.8,10.3,2.7,0.8,0.7,1.7,4.5,14.2,,rabbiv01
327,Treveon Graham,25,BRK,SG,35,21,715,3.2,9.6,.335,1.9,6.4,.297,1.3,3.2,.413,.435,0.9,1.1,.818,1.2,4.2,5.4,1.7,0.7,0.4,0.9,3.4,9.3,,grahatr01
328,Cameron Payne,24,2TM,PG,40,13,712,4.9,11.3,.430,1.3,4.2,.298,3.6,7.0,.511,.487,1.7,2.1,.805,0.7,3.0,3.6,5.4,1.4,0.5,2.3,3.2,12.6,,payneca01
328,Cameron Payne,24,CHI,PG,31,12,536,4.6,11.3,.411,1.1,4.0,.271,3.6,7.3,.486,.458,1.5,1.7,.880,0.7,2.9,3.6,5.6,1.3,0.4,2.3,3.3,11.8,,payneca01
328,Cameron Payne,24,CLE,PG,9,1,176,5.5,11.3,.491,1.8,5.1,.360,3.7,6.1,.600,.573,2.3,3.3,.688,0.6,3.3,3.9,4.7,1.6,0.6,2.3,3.1,15.1,,payneca01
329,Tyler Dorsey,22,2TM,SG,48,11,698,5.5,13.6,.405,2.3,6.8,.333,3.2,6.8,.477,.489,2.0,3.1,.623,1.4,4.4,5.8,2.9,0.7,0.1,1.4,2.7,15.3,,dorsety01
329,Tyler Dorsey,22,ATL,SG,27,0,251,4.6,12.8,.360,1.4,5.6,.256,3.2,7.2,.440,.416,2.3,3.7,.615,1.3,4.9,6.2,2.4,1.0,0.1,1.4,2.9,12.9,,dorsety01
329,Tyler Dorsey,22,MEM,SG,21,11,447,6.0,14.1,.429,2.7,7.5,.366,3.3,6.6,.500,.526,1.8,2.8,.629,1.4,4.2,5.6,3.1,0.6,0.1,1.4,2.7,16.6,,dorsety01
330,Abdel Nader,25,OKC,SF,61,1,694,4.7,11.2,.423,1.7,5.2,.320,3.1,6.0,.513,.498,1.4,1.9,.750,0.7,5.3,6.0,1.0,1.0,0.6,1.3,3.5,12.5,,naderab01
331,Joakim Noah,33,MEM,C,42,1,693,5.7,11.1,.516,0.0,0.1,.000,5.7,11.0,.519,.516,4.1,5.7,.716,3.0,9.4,12.4,4.6,1.0,1.6,2.6,5.0,15.5,,noahjo01
332,Boban Marjanović,30,2TM,C,58,12,681,8.5,13.7,.615,0.2,0.5,.400,8.2,13.2,.624,.623,5.2,6.9,.748,4.6,9.4,14.0,2.9,0.8,1.4,3.1,4.8,22.3,,marjabo01
332,Boban Marjanović,30,LAC,C,36,9,376,8.1,13.4,.607,0.0,0.2,.000,8.1,13.2,.616,.607,6.9,9.1,.758,5.3,9.3,14.6,2.1,1.1,1.6,3.5,5.5,23.2,,marjabo01
332,Boban Marjanović,30,PHI,C,22,3,305,8.9,14.2,.625,0.5,0.9,.500,8.4,13.2,.634,.642,3.1,4.2,.722,3.8,9.6,13.3,3.8,0.6,1.2,2.6,3.9,21.2,,marjabo01
333,Furkan Korkmaz,21,PHI,SG,48,7,679,5.2,13.0,.400,2.5,7.6,.326,2.7,5.4,.505,.496,1.9,2.3,.818,0.8,4.8,5.7,2.8,1.5,0.1,1.3,3.3,14.8,,korkmfu01
334,Devonte' Graham,23,CHO,PG,46,3,676,3.9,11.5,.343,1.8,6.4,.281,2.1,5.1,.421,.421,1.9,2.4,.761,0.5,2.8,3.4,6.4,1.2,0.1,1.6,2.6,11.6,,grahade01
335,Timothé Luwawu-Cabarrot,23,2TM,SF,50,7,669,4.4,11.7,.376,1.9,6.2,.310,2.5,5.5,.451,.459,1.7,2.2,.756,0.6,4.6,5.2,1.4,1.0,0.4,1.1,3.9,12.4,,luwawti01
335,Timothé Luwawu-Cabarrot,23,OKC,SF,21,1,123,3.8,12.6,.302,1.5,6.4,.227,2.3,6.1,.381,.360,1.2,1.8,.667,1.2,4.1,5.3,1.2,1.2,0.3,1.5,4.1,10.2,,luwawti01
335,Timothé Luwawu-Cabarrot,23,CHI,SF,29,6,546,4.5,11.5,.394,2.0,6.2,.330,2.5,5.3,.469,.483,1.8,2.3,.771,0.5,4.7,5.2,1.5,1.0,0.5,1.1,3.9,12.9,,luwawti01
336,Dante Exum,23,UTA,PG,42,1,664,5.5,13.1,.419,1.0,3.4,.290,4.5,9.7,.464,.456,3.7,4.7,.791,0.9,2.8,3.7,6.0,0.8,0.3,2.8,3.7,15.6,,exumda01
337,Jerryd Bayless,30,MIN,PG,34,6,657,4.5,12.6,.357,1.6,5.4,.296,2.9,7.2,.402,.420,0.9,1.5,.571,0.6,2.8,3.4,6.5,1.0,0.1,1.8,3.1,11.5,,bayleje01
338,Aaron Holiday,22,IND,PG,50,0,646,5.9,14.6,.401,2.4,7.1,.339,3.5,7.5,.459,.483,2.3,2.8,.820,0.3,3.5,3.7,4.8,1.2,0.7,2.2,4.0,16.4,,holidaa01
339,Khem Birch,26,ORL,C,50,1,643,5.1,8.5,.603,0.0,0.1,.000,5.1,8.4,.607,.603,3.2,4.6,.699,4.4,6.2,10.6,2.1,1.0,1.6,1.1,4.0,13.4,,birchkh01
340,Gary Clark,24,HOU,PF,51,2,641,2.8,8.5,.331,2.3,7.8,.297,0.5,0.7,.692,.467,0.4,0.4,1.000,1.3,5.2,6.5,1.0,1.1,1.5,0.4,2.6,8.3,,clarkga01
341,Jonah Bolden,23,PHI,PF,44,10,639,4.5,9.1,.494,1.9,5.4,.354,2.6,3.7,.697,.599,0.7,1.5,.481,2.6,6.6,9.3,2.3,1.0,2.2,2.0,5.6,11.7,,boldejo01
342,José Calderón,37,DET,PG,49,0,632,2.6,6.8,.375,0.8,3.2,.246,1.8,3.6,.492,.433,0.5,0.6,.818,0.6,2.8,3.4,6.6,0.9,0.2,2.0,3.6,6.4,,caldejo01
343,Isaiah Canaan,27,3TM,PG,30,16,629,3.7,9.4,.390,1.9,5.5,.354,1.7,3.9,.441,.494,1.1,1.4,.792,0.3,3.0,3.3,4.8,0.8,0.1,2.0,3.0,10.4,,canaais01
343,Isaiah Canaan,27,PHO,PG,19,15,503,3.7,9.2,.395,1.8,5.2,.347,1.9,4.1,.456,.492,1.1,1.4,.750,0.4,3.1,3.5,4.4,0.9,0.0,2.1,3.3,10.2,,canaais01
343,Isaiah Canaan,27,MIN,PG,7,1,95,4.2,11.0,.379,2.7,7.2,.368,1.5,3.8,.400,.500,1.5,1.5,1.000,0.0,1.9,1.9,7.2,0.8,0.4,1.5,1.5,12.5,,canaais01
343,Isaiah Canaan,27,MIL,PG,4,0,31,2.3,7.0,.333,2.3,5.8,.400,0.0,1.2,.000,.500,0.0,0.0,,1.2,3.5,4.6,3.5,0.0,1.2,2.3,2.3,7.0,,canaais01
344,Tyrone Wallace,24,LAC,PG,62,0,628,5.3,12.4,.424,0.2,1.1,.211,5.0,11.4,.444,.433,1.7,3.3,.526,1.1,4.6,5.8,2.4,1.2,0.4,2.1,4.8,12.5,,wallaty01
345,Glenn Robinson III,25,DET,SF,47,18,610,4.4,10.4,.420,1.1,3.7,.290,3.3,6.7,.491,.472,1.9,2.4,.800,1.0,3.2,4.2,1.2,0.8,0.5,1.1,2.7,11.7,,robingl02
346,Thabo Sefolosha,34,UTA,SF,50,2,609,4.2,8.8,.477,2.0,4.6,.436,2.2,4.2,.521,.591,0.8,1.3,.636,0.5,6.8,7.3,1.6,2.5,0.3,1.5,2.4,11.2,,sefolth01
347,Kevin Love,30,CLE,PF,22,21,598,6.6,17.0,.385,3.2,8.8,.361,3.4,8.2,.412,.479,6.2,6.9,.904,2.0,12.4,14.4,2.9,0.4,0.3,2.5,3.3,22.5,,loveke01
348,Semi Ojeleye,24,BOS,PF,56,3,594,4.1,9.6,.424,1.7,5.4,.315,2.4,4.2,.565,.513,1.5,2.4,.615,1.5,3.8,5.2,1.4,0.6,0.2,1.2,2.6,11.3,,ojelese01
349,Álex Abrines,25,OKC,SG,31,2,588,3.4,9.6,.357,2.5,7.8,.323,0.9,1.8,.500,.487,0.7,0.8,.923,0.3,2.6,2.9,1.2,1.0,0.4,0.9,3.2,10.1,,abrinal01
350,Jevon Carter,23,MEM,PG,39,3,577,3.5,11.5,.303,2.1,6.4,.333,1.4,5.2,.265,.395,1.6,2.0,.813,0.9,3.2,4.1,4.3,1.6,0.7,2.1,3.4,10.7,,carteje01
351,Isaiah Briscoe,22,ORL,PG,39,0,559,3.5,8.9,.399,0.7,2.2,.324,2.8,6.7,.423,.438,1.0,1.7,.577,0.3,4.4,4.8,5.6,0.7,0.1,2.0,4.3,8.8,,briscis01
352,Nenê,36,HOU,C,42,2,546,4.0,7.6,.517,0.0,0.2,.000,4.0,7.5,.531,.517,2.0,3.1,.660,2.2,5.9,8.1,1.7,1.2,1.0,0.7,5.7,10.0,,hilarne01
353,Wesley Johnson,31,2TM,SF,38,13,534,3.0,8.6,.352,1.7,5.1,.329,1.3,3.5,.385,.449,0.9,1.3,.684,0.8,4.0,4.9,1.6,0.9,0.8,1.2,4.2,8.6,,johnswe01
353,Wesley Johnson,31,NOP,SF,26,13,377,3.3,8.4,.398,1.8,4.8,.380,1.5,3.6,.421,.506,0.6,0.9,.667,1.0,4.2,5.2,1.5,1.1,0.7,1.1,4.3,9.1,,johnswe01
353,Wesley Johnson,31,WAS,SF,12,0,157,2.3,9.2,.250,1.4,6.0,.231,0.9,3.2,.286,.325,1.6,2.3,.700,0.5,3.7,4.1,1.6,0.5,1.1,1.4,4.1,7.6,,johnswe01
354,Alex Caruso,24,LAL,PG,25,4,531,5.2,11.7,.445,1.6,3.4,.480,3.6,8.3,.431,.514,3.5,4.3,.797,1.4,3.2,4.5,5.2,1.6,0.6,2.8,3.7,15.5,,carusal01
355,Amir Johnson,31,PHI,C,51,6,529,5.4,10.7,.503,0.8,2.7,.300,4.6,8.0,.573,.541,2.1,2.8,.756,3.2,6.8,10.0,4.1,1.1,0.9,3.1,6.7,13.7,,johnsam01
356,Hamidou Diallo,20,OKC,SG,51,3,526,5.1,11.3,.455,0.3,1.6,.167,4.9,9.7,.504,.467,2.5,4.0,.610,2.6,4.0,6.6,1.2,1.4,0.7,1.6,5.3,13.0,,diallha01
357,T.J. Leaf,21,IND,PF,58,1,522,6.8,12.6,.541,0.6,2.1,.258,6.3,10.5,.599,.563,1.3,2.1,.613,3.0,5.7,8.6,1.7,0.6,1.3,0.8,2.4,15.5,,leaftj01
358,Omri Casspi,30,MEM,SF,36,0,520,6.0,11.1,.534,1.0,3.0,.349,4.9,8.2,.602,.581,2.7,4.0,.672,1.2,6.8,8.0,1.8,1.4,0.6,1.6,2.4,15.6,,casspom01
359,Georges Niang,25,UTA,PF,59,0,516,6.0,12.6,.475,3.0,7.3,.410,3.0,5.3,.566,.594,1.4,1.7,.833,0.8,5.3,6.1,2.4,0.7,0.4,1.6,4.0,16.4,,niangge01
360,Keita Bates-Diop,23,MIN,SF,30,3,503,4.3,10.2,.423,0.9,3.7,.250,3.4,6.4,.522,.468,1.3,2.0,.643,1.1,4.8,5.9,1.2,1.3,1.0,1.0,2.1,10.8,,bateske01
361,Kosta Koufos,29,SAC,C,42,1,502,5.2,11.0,.477,0.0,0.0,,5.2,11.0,.477,.477,0.7,1.7,.417,3.7,9.0,12.7,2.6,1.1,1.3,1.9,4.9,11.2,,koufoko01
362,Marquese Chriss,21,2TM,PF,43,2,499,4.8,13.0,.372,1.2,5.2,.222,3.7,7.8,.472,.417,2.3,3.2,.711,2.9,7.4,10.2,1.6,1.2,0.8,2.6,5.8,13.1,,chrisma01
362,Marquese Chriss,21,HOU,PF,16,0,104,3.8,11.8,.324,0.3,5.2,.067,3.5,6.6,.526,.338,2.1,2.4,.857,2.4,7.3,9.7,2.1,0.7,1.4,4.2,5.9,10.0,,chrisma01
362,Marquese Chriss,21,CLE,PF,27,2,395,5.1,13.3,.384,1.4,5.2,.263,3.7,8.1,.461,.435,2.4,3.5,.684,3.0,7.4,10.4,1.5,1.4,0.6,2.2,5.8,13.9,,chrisma01
363,Ian Mahinmi,32,WAS,C,34,6,498,3.4,7.5,.452,0.2,1.2,.188,3.2,6.4,.500,.466,3.0,4.4,.689,3.5,5.8,9.3,1.8,1.8,1.2,1.5,6.1,10.0,,mahinia01
364,Chandler Parsons,30,MEM,SF,25,3,496,4.9,13.2,.374,2.1,6.8,.309,2.8,6.4,.443,.453,1.6,1.8,.880,0.3,4.8,5.1,3.1,1.4,0.4,2.3,3.3,13.6,,parsoch01
365,Corey Brewer,32,2TM,SF,31,3,492,3.9,9.0,.431,1.0,3.2,.318,2.9,5.8,.494,.488,2.3,3.1,.721,1.9,3.7,5.6,2.9,2.3,0.5,1.4,4.6,11.0,,breweco01
365,Corey Brewer,32,PHI,SF,7,3,140,5.1,12.6,.408,1.0,3.6,.286,4.1,9.0,.457,.449,2.3,3.3,.692,1.0,3.3,4.4,2.6,3.1,0.5,2.1,4.1,13.6,,breweco01
365,Corey Brewer,32,SAC,SF,24,0,352,3.4,7.6,.446,1.0,3.1,.333,2.4,4.5,.523,.514,2.3,3.1,.733,2.3,3.8,6.0,3.0,2.0,0.5,1.1,4.8,10.0,,breweco01
366,Greg Monroe,28,3TM,C,43,2,480,6.9,14.2,.487,0.1,0.4,.200,6.8,13.8,.495,.489,3.4,5.4,.625,5.0,7.9,12.9,1.8,1.0,0.6,2.4,5.0,17.2,,monrogr01
366,Greg Monroe,28,TOR,C,38,2,423,6.3,13.7,.460,0.0,0.3,.000,6.3,13.4,.471,.460,3.0,5.2,.574,5.1,8.2,13.3,1.4,1.1,0.7,2.6,5.2,15.6,,monrogr01
366,Greg Monroe,28,BOS,C,2,0,5,21.6,36.0,.600,0.0,0.0,,21.6,36.0,.600,.600,0.0,0.0,,21.6,0.0,21.6,7.2,0.0,0.0,0.0,0.0,43.2,,monrogr01
366,Greg Monroe,28,PHI,C,3,0,52,10.4,15.9,.652,0.7,0.7,1.000,9.7,15.2,.636,.674,6.9,7.6,.909,2.8,6.2,9.0,4.8,0.7,0.0,0.7,3.5,28.4,,monrogr01
367,Raul Neto,26,UTA,PG,37,1,474,5.6,12.2,.460,1.5,4.6,.333,4.1,7.7,.535,.522,2.1,2.5,.848,0.5,4.3,4.7,7.1,1.1,0.3,2.7,3.7,14.9,,netora01
368,Justin Anderson,25,ATL,SF,48,4,463,5.0,12.2,.408,1.9,6.0,.312,3.1,6.2,.500,.484,2.0,2.7,.743,1.9,4.7,6.5,1.8,1.7,1.0,1.8,3.7,13.8,,anderju01
369,Ryan Broekhoff,28,DAL,SG,42,0,453,4.5,10.0,.452,3.0,7.4,.409,1.5,2.6,.576,.603,1.2,1.5,.789,0.6,4.4,5.0,1.7,0.5,0.3,1.3,2.8,13.3,,broekry01
370,Moritz Wagner,21,LAL,C,43,5,446,5.7,13.8,.415,1.8,6.2,.286,4.0,7.6,.521,.480,3.5,4.3,.811,1.4,5.5,6.9,1.9,0.9,1.0,3.1,4.6,16.7,,wagnemo01
371,Svi Mykhailiuk,21,2TM,SF,42,0,440,3.8,11.5,.329,2.4,7.3,.326,1.4,4.2,.333,.432,1.0,1.6,.600,0.7,2.2,2.9,3.0,1.1,0.1,1.7,2.0,10.9,,mykhasv01
371,Svi Mykhailiuk,21,LAL,SF,39,0,420,3.8,11.3,.333,2.3,7.3,.318,1.5,4.0,.362,.436,1.0,1.7,.600,0.7,2.2,2.9,2.8,1.1,0.1,1.7,2.1,10.9,,mykhasv01
371,Svi Mykhailiuk,21,DET,SF,3,0,20,3.6,14.4,.250,3.6,7.2,.500,0.0,7.2,.000,.375,0.0,0.0,,1.8,1.8,3.6,7.2,1.8,0.0,1.8,0.0,10.8,,mykhasv01
372,Jaron Blossomgame,25,CLE,SF,27,4,439,3.9,8.7,.443,0.8,3.2,.256,3.0,5.5,.552,.491,0.8,1.1,.769,2.1,5.9,8.0,1.1,0.6,0.7,0.9,1.6,9.3,,blossja01
373,Frank Mason III,24,SAC,PG,38,0,435,5.9,14.0,.420,1.2,5.3,.219,4.7,8.7,.543,.462,3.2,4.7,.684,0.5,3.1,3.6,7.0,1.3,0.3,3.0,2.8,16.1,,masonfr01
374,Jaylen Adams,22,ATL,PG,34,1,428,3.2,9.3,.345,2.1,6.2,.338,1.1,3.0,.361,.459,0.6,0.8,.778,0.9,4.1,5.0,5.5,1.2,0.4,2.4,3.8,9.1,,adamsja01
375,Courtney Lee,33,2TM,SG,34,6,428,4.5,10.9,.411,1.3,4.6,.291,3.1,6.2,.500,.473,1.2,1.8,.667,0.8,3.8,4.5,3.1,1.8,0.3,1.2,2.7,11.4,,leeco01
375,Courtney Lee,33,NYK,SG,12,2,160,4.7,10.6,.447,1.1,3.6,.313,3.6,7.0,.516,.500,2.0,3.2,.643,1.4,4.7,6.1,3.6,1.8,0.5,1.1,2.9,12.6,,leeco01
375,Courtney Lee,33,DAL,SG,22,4,268,4.3,11.0,.390,1.5,5.2,.282,2.8,5.8,.488,.457,0.7,0.9,.714,0.4,3.2,3.6,2.8,1.7,0.1,1.2,2.6,10.7,,leeco01
376,Markelle Fultz,20,PHI,SG,19,15,427,5.5,13.1,.419,0.3,1.2,.286,5.1,11.9,.433,.432,1.8,3.1,.568,2.2,3.7,5.9,5.0,1.4,0.4,2.1,4.4,13.1,,fultzma01
377,Grayson Allen,23,UTA,SG,38,2,416,5.8,15.4,.376,2.8,8.6,.323,3.0,6.8,.443,.466,3.9,5.2,.750,0.3,1.7,2.0,2.2,0.5,0.5,2.9,4.1,18.3,,allengr01
378,Kadeem Allen,26,NYK,PG,19,1,416,5.6,12.2,.461,1.5,3.1,.472,4.2,9.1,.457,.521,3.6,4.7,.778,0.7,3.7,4.4,6.6,1.4,0.3,2.3,4.0,16.4,,allenka01
379,Donte DiVincenzo,22,MIL,SG,27,0,411,4.4,10.9,.403,1.9,7.3,.265,2.5,3.6,.683,.492,0.8,1.1,.750,1.4,4.3,5.7,2.7,1.1,0.5,1.7,3.3,11.5,,divindo01
380,Damian Jones,23,GSW,C,24,22,410,4.7,6.5,.716,0.0,0.0,,4.7,6.5,.716,.716,2.1,3.2,.649,2.7,3.9,6.6,2.5,1.1,2.2,1.4,5.5,11.4,,jonesda03
381,Jon Leuer,29,DET,PF,41,1,402,5.9,10.1,.584,0.1,1.0,.091,5.8,9.1,.637,.588,2.1,2.8,.742,2.4,6.3,8.7,1.3,1.1,0.4,2.1,5.4,14.0,,leuerjo01
382,Salah Mejri,32,DAL,C,36,4,399,5.0,10.1,.491,1.0,3.1,.324,4.0,7.0,.564,.540,1.8,2.9,.625,3.2,8.6,11.8,3.2,0.9,2.3,1.9,5.0,12.7,,mejrisa01
383,Patrick McCaw,23,2TM,SG,29,1,397,2.4,5.7,.413,0.8,2.5,.321,1.5,3.2,.486,.484,1.2,1.4,.867,0.6,3.7,4.4,2.6,2.1,0.2,1.5,3.4,6.7,,mccawpa01
383,Patrick McCaw,23,CLE,SG,3,0,53,1.4,6.1,.222,0.7,2.7,.250,0.7,3.4,.200,.278,0.0,0.0,,0.0,2.0,2.0,1.4,1.4,0.0,2.0,0.7,3.4,,mccawpa01
383,Patrick McCaw,23,TOR,SG,26,1,344,2.5,5.7,.444,0.8,2.5,.333,1.7,3.1,.533,.519,1.4,1.6,.867,0.7,4.0,4.7,2.8,2.2,0.2,1.5,3.9,7.2,,mccawpa01
384,Luol Deng,33,MIN,SF,22,2,392,5.4,10.8,.500,1.3,4.0,.318,4.1,6.8,.608,.559,2.3,3.2,.714,1.8,4.9,6.7,1.7,1.4,0.7,1.3,2.2,14.4,,denglu01
385,MarShon Brooks,30,MEM,SG,29,0,387,7.1,15.7,.450,1.4,5.0,.278,5.7,10.7,.530,.494,2.1,3.1,.697,1.1,3.1,4.2,2.3,0.8,0.4,2.0,3.1,17.7,,brookma01
386,Raymond Felton,34,OKC,PG,33,0,379,5.2,12.8,.407,1.9,5.8,.328,3.3,7.0,.473,.481,1.1,1.2,.923,0.4,2.8,3.2,4.9,0.9,0.6,1.3,2.8,13.5,,feltora01
387,Damion Lee,26,GSW,SG,32,0,375,5.4,12.2,.441,2.6,6.5,.397,2.8,5.7,.492,.547,1.8,2.1,.864,0.8,5.4,6.1,1.2,1.2,0.0,1.1,2.7,15.2,,leeda03
388,Johnathan Williams,23,LAL,C,24,0,372,6.3,10.6,.591,0.0,0.2,.000,6.3,10.5,.602,.591,2.6,4.6,.563,4.6,4.9,9.6,1.3,0.8,0.7,1.5,6.0,15.2,,willijo04
389,Michael Carter-Williams,27,2TM,PG,28,1,372,4.5,11.9,.374,1.0,3.7,.263,3.5,8.2,.424,.415,3.1,5.1,.604,1.8,4.9,6.8,6.8,1.9,1.5,1.9,4.6,13.0,,cartemi01
389,Michael Carter-Williams,27,HOU,PG,16,1,145,6.2,15.1,.410,1.7,4.7,.368,4.5,10.4,.429,.467,3.0,6.5,.462,0.7,2.5,3.2,5.2,2.2,1.5,2.5,6.7,17.1,,cartemi01
389,Michael Carter-Williams,27,ORL,PG,12,0,227,3.3,9.8,.339,0.5,3.0,.158,2.9,6.8,.419,.363,3.2,4.3,.741,2.5,6.5,9.0,7.8,1.7,1.4,1.6,3.3,10.3,,cartemi01
390,Kyle O'Quinn,28,IND,C,45,3,371,6.7,13.2,.507,0.1,1.2,.083,6.6,12.0,.548,.511,1.6,2.0,.810,2.8,8.7,11.5,5.4,0.9,2.4,3.0,6.6,15.1,,oquinky01
391,Pau Gasol,38,2TM,C,30,6,360,4.2,9.4,.447,0.6,1.3,.462,3.6,8.1,.444,.479,2.8,4.0,.700,2.2,11.5,13.7,5.2,0.5,1.5,1.6,2.9,11.8,,gasolpa01
391,Pau Gasol,38,SAS,C,27,6,330,4.5,9.6,.466,0.5,1.1,.500,3.9,8.5,.462,.494,2.9,4.1,.711,2.4,11.5,13.9,5.5,0.5,1.5,1.5,3.1,12.4,,gasolpa01
391,Pau Gasol,38,MIL,C,3,0,30,1.2,7.2,.167,1.2,3.6,.333,0.0,3.6,.000,.250,1.2,2.4,.500,0.0,12.0,12.0,2.4,0.0,1.2,2.4,1.2,4.8,,gasolpa01
392,Brad Wanamaker,29,BOS,PG,36,0,343,5.2,11.0,.476,1.7,4.1,.410,3.6,6.9,.515,.552,2.5,2.9,.857,0.3,4.0,4.3,5.9,1.3,0.2,2.0,3.6,14.7,,wanambr01
393,Channing Frye,35,CLE,C,36,6,341,4.5,12.4,.368,3.4,8.3,.405,1.2,4.0,.289,.504,1.2,1.5,.786,0.4,5.1,5.5,2.1,0.6,0.5,1.4,4.6,13.6,,fryech01
394,Jordan McRae,27,WAS,SG,27,0,333,6.6,14.1,.469,1.1,3.8,.286,5.5,10.3,.537,.508,3.0,3.8,.800,0.6,3.7,4.3,3.2,1.4,0.8,1.6,2.8,17.3,,mcraejo01
395,John Jenkins,27,2TM,SG,26,0,333,4.5,11.4,.400,2.4,6.3,.379,2.2,5.1,.426,.505,1.6,1.9,.833,0.6,3.4,4.0,2.4,0.0,0.2,1.0,1.1,13.1,,jenkijo01
395,John Jenkins,27,WAS,SG,4,0,14,5.1,5.1,1.000,5.1,5.1,1.000,0.0,0.0,,1.500,0.0,0.0,,0.0,2.6,2.6,2.6,0.0,0.0,0.0,0.0,15.4,,jenkijo01
395,John Jenkins,27,NYK,SG,22,0,319,4.5,11.6,.388,2.3,6.3,.357,2.3,5.3,.426,.485,1.7,2.0,.833,0.7,3.4,4.1,2.4,0.0,0.2,1.0,1.1,13.0,,jenkijo01
396,Dillon Brooks,23,MEM,SF,18,0,330,5.3,13.3,.402,1.6,4.4,.375,3.7,8.9,.415,.463,2.4,3.3,.733,1.0,2.4,3.4,1.7,1.1,0.4,2.1,5.5,14.7,,brookdi01
397,Jarell Martin,24,ORL,PF,42,1,328,4.7,11.4,.413,2.2,6.3,.351,2.5,5.2,.489,.510,1.0,1.2,.818,1.2,6.8,8.0,2.0,0.3,0.9,1.2,5.6,12.6,,martija01
398,Ryan Anderson,30,2TM,PF,25,8,322,2.3,7.7,.304,1.0,4.5,.225,1.3,3.2,.414,.370,1.3,1.8,.750,2.0,4.0,6.0,2.1,0.4,0.1,1.6,2.8,7.0,,anderry01
398,Ryan Anderson,30,PHO,PF,15,8,278,2.5,7.8,.317,0.9,4.4,.206,1.6,3.4,.462,.375,1.4,1.8,.786,1.8,4.0,5.8,2.2,0.4,0.1,1.6,3.0,7.3,,anderry01
398,Ryan Anderson,30,MIA,PF,10,0,44,1.6,7.4,.222,1.6,4.9,.333,0.0,2.5,.000,.333,0.8,1.6,.500,3.3,4.1,7.4,1.6,0.8,0.0,1.6,1.6,5.7,,anderry01
399,Ekpe Udoh,31,UTA,C,51,1,320,5.6,8.1,.694,0.0,0.0,,5.6,8.1,.694,.694,2.1,3.4,.633,3.0,7.1,10.1,3.2,1.1,3.5,1.5,4.1,13.4,,udohek01
400,Jerome Robinson,21,LAC,SG,33,0,320,5.0,12.4,.400,2.0,6.4,.316,2.9,6.0,.491,.482,0.7,1.0,.667,0.3,4.3,4.6,2.1,1.2,0.3,1.5,5.2,12.6,,robinje01
401,Sindarius Thornwell,24,LAC,SG,64,1,313,2.0,5.6,.347,0.3,1.7,.200,1.6,3.9,.412,.378,2.9,3.9,.735,0.6,4.5,5.1,2.1,1.6,0.8,2.3,4.7,7.1,,thornsi01
402,Troy Williams,24,SAC,SF,21,0,312,5.1,11.3,.449,1.6,5.1,.318,3.5,6.2,.556,.520,1.0,1.7,.600,1.4,5.4,6.8,1.3,1.2,0.9,1.0,4.3,12.8,,willitr02
403,Alex Poythress,25,ATL,PF,21,1,305,4.7,9.6,.494,1.1,2.7,.391,3.7,6.8,.534,.549,2.1,3.4,.621,3.4,5.5,9.0,2.0,0.5,1.2,1.5,5.5,12.6,,poythal01
404,Carmelo Anthony,34,HOU,PF,10,2,294,6.0,14.8,.405,2.6,7.8,.328,3.4,7.0,.491,.492,1.8,2.7,.682,1.1,5.5,6.6,0.6,0.5,0.9,1.0,3.9,16.4,,anthoca01
405,Quincy Pondexter,30,SAS,SF,53,0,292,3.6,7.2,.500,0.7,2.2,.333,2.8,4.9,.575,.552,4.2,5.2,.810,1.0,4.7,5.7,3.0,1.4,0.1,1.6,3.0,12.1,,pondequ01
406,Robert Williams,21,BOS,C,32,2,283,4.6,6.5,.706,0.0,0.0,,4.6,6.5,.706,.706,1.1,1.9,.600,3.4,6.9,10.3,0.9,1.1,5.1,1.3,4.6,10.3,,williro04
407,Michael Beasley,30,LAL,PF,26,2,277,9.7,19.9,.490,0.4,2.2,.176,9.4,17.7,.529,.500,3.6,5.1,.718,1.7,6.1,7.8,3.2,1.2,1.3,3.5,5.5,23.5,,beaslmi01
408,Shake Milton,22,PHI,SG,20,0,268,4.6,11.7,.391,1.9,5.9,.318,2.7,5.8,.465,.471,0.7,0.9,.714,1.2,3.5,4.7,2.4,1.1,1.1,0.8,3.9,11.7,,miltosh01
409,Cameron Reynolds,23,MIN,SG,19,0,259,4.6,10.8,.423,2.9,7.1,.412,1.7,3.8,.444,.558,1.1,1.3,.889,0.6,3.8,4.3,1.8,0.8,0.3,0.7,3.6,13.2,,reynoca01
410,Henry Ellenson,22,2TM,PF,19,0,259,5.4,13.2,.411,2.4,5.3,.447,3.1,7.9,.386,.500,2.6,3.5,.760,0.7,8.5,9.2,2.2,1.0,0.3,1.3,3.8,15.8,,ellenhe01
410,Henry Ellenson,22,DET,PF,2,0,25,5.8,14.4,.400,2.9,5.8,.500,2.9,8.6,.333,.500,2.9,2.9,1.000,0.0,13.0,13.0,1.4,0.0,0.0,0.0,2.9,17.3,,ellenhe01
410,Henry Ellenson,22,NYK,PF,17,0,234,5.4,13.1,.412,2.3,5.2,.441,3.1,7.8,.392,.500,2.6,3.5,.739,0.8,8.0,8.8,2.3,1.1,0.3,1.4,3.8,15.7,,ellenhe01
411,Julian Washburn,27,MEM,SF,18,3,254,2.3,6.8,.333,0.7,3.4,.208,1.6,3.4,.458,.385,0.4,0.6,.750,1.1,4.7,5.8,2.0,1.8,0.3,1.0,2.3,5.7,,washbju01
412,Guerschon Yabusele,23,BOS,PF,41,1,251,5.0,11.0,.455,1.3,4.0,.321,3.7,7.0,.531,.513,2.2,3.2,.682,3.3,4.3,7.6,2.2,1.1,1.0,2.2,4.6,13.5,,yabusgu01
413,Christian Wood,23,2TM,PF,21,2,251,8.7,16.8,.521,1.3,3.7,.346,7.5,13.1,.571,.560,5.9,8.0,.732,2.4,9.5,11.9,1.1,1.0,1.4,2.4,2.4,24.7,,woodch01
413,Christian Wood,23,MIL,PF,13,0,62,7.0,14.5,.480,1.7,2.9,.600,5.2,11.6,.450,.540,5.8,8.7,.667,2.3,9.3,11.6,1.2,0.0,0.0,1.7,1.7,21.5,,woodch01
413,Christian Wood,23,NOP,PF,8,2,189,9.3,17.5,.533,1.1,4.0,.286,8.2,13.5,.606,.565,5.9,7.8,.756,2.5,9.5,12.0,1.1,1.3,1.9,2.7,2.7,25.7,,woodch01
414,Deonte Burton,25,OKC,SG,32,0,240,5.0,12.3,.402,1.2,4.1,.296,3.8,8.2,.455,.451,1.2,1.8,.667,0.6,3.6,4.2,1.4,0.9,1.2,1.4,4.6,12.3,,burtode02
415,Dwight Howard,33,WAS,C,9,9,230,6.7,10.8,.623,0.0,0.0,,6.7,10.8,.623,.623,4.5,7.5,.604,3.8,9.2,13.0,0.6,1.1,0.6,2.5,5.3,18.0,,howardw01
416,J.R. Smith,33,CLE,SG,11,4,222,4.4,12.8,.342,1.9,6.3,.308,2.4,6.5,.375,.418,1.3,1.6,.800,0.0,2.9,2.9,3.4,1.8,0.5,1.8,3.1,12.0,,smithjr01
417,Isaiah Hartenstein,20,HOU,PF,28,0,221,3.3,6.7,.488,0.3,1.0,.333,2.9,5.7,.514,.512,1.8,2.3,.786,3.4,4.2,7.7,2.4,1.1,2.0,2.1,9.1,8.6,,harteis01
418,Jalen Jones,25,CLE,SF,16,0,214,4.4,10.4,.419,1.7,4.7,.357,2.7,5.7,.471,.500,3.2,4.5,.704,1.9,3.9,5.7,1.2,1.5,0.3,1.3,4.5,13.6,,jonesja04
419,Brandon Sampson,21,CHI,SG,14,2,214,4.7,10.1,.467,1.9,4.9,.379,2.9,5.2,.548,.558,0.7,1.0,.667,0.5,2.2,2.7,1.7,1.3,0.5,2.0,3.2,11.9,,sampsbr01
420,Lorenzo Brown,28,TOR,PG,26,0,212,3.9,12.1,.324,1.0,4.8,.214,2.9,7.3,.395,.366,0.5,0.5,1.000,0.8,4.4,5.3,4.8,2.0,0.8,2.7,3.7,9.3,,brownlo01
421,Theo Pinson,23,BRK,SG,18,0,211,4.3,12.5,.342,2.0,7.8,.261,2.2,4.6,.481,.425,3.2,3.8,.864,0.7,5.5,6.1,3.6,1.0,0.0,3.1,2.6,13.8,,pinsoth01
422,Edmond Sumner,23,IND,PG,23,2,210,3.8,11.0,.344,1.2,4.6,.259,2.6,6.3,.405,.398,2.6,4.1,.625,1.5,2.6,4.1,1.7,2.1,0.9,1.7,4.5,11.3,,sumneed01
423,Jacob Evans,21,GSW,SG,30,1,204,3.2,9.4,.340,0.7,2.6,.267,2.5,6.7,.368,.377,0.0,0.2,.000,1.1,3.4,4.4,4.1,0.9,0.5,1.9,4.9,7.1,,evansja02
424,Daniel Hamilton,23,ATL,SG,19,3,204,4.1,10.6,.383,1.4,4.1,.348,2.6,6.5,.405,.450,0.5,1.1,.500,1.8,6.5,8.3,3.9,1.1,0.2,2.8,3.4,10.1,,hamilda02
425,Khyri Thomas,22,DET,SG,26,0,195,4.1,12.7,.319,1.8,6.5,.286,2.2,6.3,.353,.391,1.3,2.0,.636,0.7,3.0,3.7,1.5,1.3,0.9,0.7,4.1,11.3,,thomakh01
426,Deng Adel,21,CLE,SF,19,3,194,2.0,6.7,.306,1.1,4.3,.261,0.9,2.4,.385,.389,0.7,0.7,1.000,0.6,3.0,3.5,0.9,0.2,0.7,1.1,2.4,5.9,,adelde01
427,Jason Smith,32,3TM,C,20,1,190,4.0,11.2,.356,1.7,4.9,.346,2.3,6.3,.364,.432,2.7,3.0,.875,3.0,6.8,9.9,2.7,0.6,1.3,2.5,5.7,12.3,,smithja02
427,Jason Smith,32,WAS,C,12,1,130,4.2,10.2,.405,1.1,2.8,.400,3.0,7.5,.407,.459,2.8,3.3,.833,3.0,7.2,10.2,3.3,0.3,1.4,1.9,5.8,12.2,,smithja02
427,Jason Smith,32,MIL,PF,6,0,40,3.6,11.7,.308,2.7,8.1,.333,0.9,3.6,.250,.423,1.8,1.8,1.000,2.7,7.2,9.9,0.9,1.8,1.8,4.5,5.4,11.7,,smithja02
427,Jason Smith,32,NOP,C,2,0,20,3.6,16.2,.222,3.6,12.6,.286,0.0,3.6,.000,.333,3.6,3.6,1.000,3.6,3.6,7.2,1.8,0.0,0.0,1.8,5.4,14.4,,smithja02
428,John Henson,28,MIL,C,14,0,188,5.9,12.8,.463,2.1,5.9,.355,3.8,6.9,.556,.545,1.1,1.9,.600,3.1,10.5,13.6,2.7,1.3,2.1,2.3,3.1,15.1,,hensojo01
429,Andrew Harrison,24,3TM,PG,17,0,187,3.1,10.2,.302,1.0,4.8,.200,2.1,5.4,.393,.349,3.3,3.5,.944,1.2,2.7,3.9,4.6,0.8,0.4,2.3,6.5,10.4,,harrian01
429,Andrew Harrison,24,MEM,PG,1,0,5,7.2,14.4,.500,0.0,7.2,.000,7.2,7.2,1.000,.500,0.0,0.0,,0.0,0.0,0.0,0.0,0.0,0.0,0.0,7.2,14.4,,harrian01
429,Andrew Harrison,24,CLE,PG,10,0,144,3.0,9.7,.308,0.7,3.5,.214,2.3,6.2,.360,.346,4.0,4.0,1.000,1.0,2.8,3.7,4.2,1.0,0.5,2.5,6.5,10.7,,harrian01
429,Andrew Harrison,24,NOP,PG,6,0,38,2.8,11.4,.250,1.9,9.5,.200,0.9,1.9,.500,.333,0.9,1.9,.500,1.9,2.8,4.7,6.6,0.0,0.0,1.9,6.6,8.5,,harrian01
430,Isaiah Thomas,29,DEN,SG,12,0,181,6.8,19.7,.343,2.4,8.6,.279,4.4,11.1,.393,.404,3.4,5.4,.630,1.0,1.6,2.6,4.6,1.0,0.2,3.6,3.4,19.3,,thomais02
431,Caleb Swanigan,21,2TM,PF,21,0,178,3.6,10.7,.340,0.2,1.4,.143,3.4,9.3,.370,.349,1.2,1.8,.667,3.4,9.5,12.9,2.2,1.2,0.2,3.6,5.7,8.7,,swanica01
431,Caleb Swanigan,21,POR,PF,18,0,145,3.5,10.9,.318,0.2,1.2,.200,3.2,9.7,.333,.330,1.5,1.7,.857,3.2,9.7,12.9,1.7,1.0,0.0,4.0,5.5,8.7,,swanica01
431,Caleb Swanigan,21,SAC,PF,3,0,33,4.4,9.8,.444,0.0,2.2,.000,4.4,7.6,.571,.444,0.0,2.2,.000,4.4,8.7,13.1,4.4,2.2,1.1,2.2,6.5,8.7,,swanica01
432,Skal Labissière,22,2TM,PF,22,1,176,5.3,10.0,.531,1.2,2.7,.462,4.1,7.4,.556,.592,1.8,3.5,.529,1.8,7.0,8.8,2.3,1.0,1.2,2.3,5.9,13.7,,labissk01
432,Skal Labissière,22,SAC,PF,13,0,113,4.1,9.6,.433,1.3,3.5,.364,2.9,6.1,.474,.500,1.9,3.5,.545,1.3,6.4,7.6,1.9,0.6,1.0,2.2,6.7,11.5,,labissk01
432,Skal Labissière,22,POR,PF,9,1,63,7.4,10.9,.684,1.1,1.1,1.000,6.3,9.7,.647,.737,1.7,3.4,.500,2.9,8.0,10.9,2.9,1.7,1.7,2.3,4.6,17.7,,labissk01
433,Yuta Watanabe,24,MEM,SF,15,0,174,3.1,10.6,.294,0.4,3.3,.125,2.7,7.2,.371,.314,1.4,2.1,.700,0.8,5.6,6.4,1.7,0.8,0.2,1.2,2.3,8.1,,watanyu01
434,Miles Plumlee,30,ATL,C,18,0,173,6.7,10.0,.667,0.0,0.0,,6.7,10.0,.667,.667,3.3,6.2,.533,3.3,4.8,8.1,3.5,1.2,0.8,2.1,2.9,16.6,,plumlmi01
435,Dairis Bertāns,29,NOP,SG,12,0,167,2.6,10.1,.255,2.2,7.3,.294,0.4,2.8,.154,.362,0.0,0.0,,0.4,1.5,1.9,2.2,0.2,0.0,0.4,1.5,7.3,,bertada02
436,Walt Lemon Jr.,26,CHI,PG,6,3,167,8.2,18.8,.437,0.4,1.1,.400,7.8,17.7,.439,.448,1.7,2.4,.727,0.9,5.0,5.8,6.5,2.4,0.2,2.2,3.0,18.5,,lemonwa01
437,Chris Boucher,26,TOR,PF,28,0,163,7.5,16.8,.447,2.7,8.2,.324,4.9,8.6,.564,.526,2.9,3.3,.867,3.5,8.8,12.4,0.4,1.3,5.3,1.5,6.8,20.5,,bouchch01
438,Duncan Robinson,24,MIA,SF,15,1,161,4.0,10.3,.391,2.2,7.8,.286,1.8,2.5,.727,.500,0.9,1.3,.667,0.4,3.8,4.2,1.1,1.1,0.0,0.9,2.5,11.2,,robindu01
439,Ben McLemore,25,SAC,SG,19,0,158,5.7,14.6,.391,3.9,9.3,.415,1.8,5.2,.348,.523,1.8,2.7,.667,0.7,3.2,3.9,0.9,1.4,0.7,1.1,5.0,17.1,,mclembe01
440,Johnathan Motley,23,LAC,PF,22,0,156,9.0,16.8,.534,0.0,0.7,.000,9.0,16.2,.557,.534,5.5,9.2,.600,4.2,7.6,11.8,2.5,1.2,0.7,3.7,6.2,23.5,,motlejo01
441,Ron Baker,25,2TM,SG,15,0,152,0.9,4.7,.200,0.2,3.1,.077,0.7,1.7,.429,.225,1.2,1.4,.833,0.2,2.4,2.6,3.6,1.4,0.2,1.2,4.3,3.3,,bakerro01
441,Ron Baker,25,NYK,SG,11,0,107,1.3,5.4,.250,0.3,3.0,.111,1.0,2.4,.429,.281,1.7,2.0,.833,0.3,2.0,2.4,4.4,1.7,0.0,1.0,5.4,4.7,,bakerro01
441,Ron Baker,25,WAS,SG,4,0,45,0.0,3.2,.000,0.0,3.2,.000,0.0,0.0,,.000,0.0,0.0,,0.0,3.2,3.2,1.6,0.8,0.8,1.6,1.6,0.0,,bakerro01
442,Miloš Teodosić,31,LAC,PG,15,0,150,4.1,9.6,.425,2.4,6.5,.370,1.7,3.1,.538,.550,1.0,1.7,.571,0.7,3.1,3.8,7.7,0.7,0.2,5.0,6.5,11.5,,teodomi01
443,Ray Spalding,21,2TM,PF,14,3,148,6.1,11.4,.532,0.0,0.7,.000,6.1,10.7,.568,.532,1.0,2.9,.333,3.6,8.0,11.7,1.2,2.2,1.9,2.2,5.6,13.1,,spaldra01
443,Ray Spalding,21,DAL,PF,1,0,1,0.0,0.0,,0.0,0.0,,0.0,0.0,,,0.0,0.0,,0.0,0.0,0.0,0.0,0.0,0.0,0.0,0.0,0.0,,spaldra01
443,Ray Spalding,21,PHO,PF,13,3,147,6.1,11.5,.532,0.0,0.7,.000,6.1,10.8,.568,.532,1.0,2.9,.333,3.7,8.1,11.8,1.2,2.2,2.0,2.2,5.6,13.2,,spaldra01
444,Chimezie Metu,21,SAS,PF,29,0,145,4.7,14.4,.328,0.0,0.5,.000,4.7,13.9,.339,.328,3.2,4.2,.765,2.2,6.7,8.9,3.2,1.5,0.5,3.7,3.5,12.7,,metuch01
445,Jemerrio Jones,23,LAL,SF,6,2,143,3.0,8.3,.364,0.5,2.5,.200,2.5,5.8,.435,.394,0.3,0.5,.500,4.0,8.3,12.3,3.3,1.8,1.3,1.3,2.5,6.8,,jonesje01
446,Anfernee Simons,19,POR,SG,20,1,141,7.1,16.1,.444,2.6,7.4,.345,4.6,8.7,.529,.524,2.3,4.1,.563,0.8,2.6,3.3,3.3,0.3,0.0,2.8,2.3,19.1,,simonan01
447,Andrew Bogut,34,GSW,C,11,5,134,4.8,9.7,.500,0.0,0.0,,4.8,9.7,.500,.500,0.8,0.8,1.000,3.2,11.6,14.8,3.0,0.8,2.1,2.1,5.9,10.5,,bogutan01
448,C.J. Williams,28,MIN,SG,15,0,128,4.8,9.8,.486,1.4,4.5,.313,3.4,5.3,.632,.557,0.0,0.3,.000,0.3,2.0,2.3,3.4,1.7,0.0,1.4,4.5,11.0,,willicj01
449,JaKarr Sampson,25,CHI,SF,4,0,127,8.2,15.3,.537,1.4,4.0,.357,6.8,11.3,.600,.583,4.8,6.0,.810,1.4,7.7,9.1,1.1,1.1,0.9,1.1,2.3,22.7,,sampsja02
450,Quincy Acy,28,PHO,PF,10,0,123,1.2,5.3,.222,0.6,4.4,.133,0.6,0.9,.667,.278,2.0,2.9,.700,0.9,6.4,7.3,2.3,0.3,1.2,1.2,7.0,5.0,,acyqu01
451,Isaac Bonga,19,LAL,PG,22,0,120,1.5,9.9,.152,0.0,2.4,.000,1.5,7.5,.200,.152,2.7,4.5,.600,2.7,4.8,7.5,4.5,2.7,1.2,1.8,2.7,5.7,,bongais01
452,Rawle Alkins,21,CHI,SG,10,1,120,3.9,11.7,.333,0.9,3.6,.250,3.0,8.1,.370,.372,2.4,3.6,.667,3.3,4.5,7.8,3.9,0.3,0.0,2.4,2.1,11.1,,alkinra01
453,Lonnie Walker IV,20,SAS,SG,17,0,118,4.9,14.0,.348,1.5,4.0,.385,3.4,10.1,.333,.402,2.4,3.1,.800,0.0,5.2,5.2,2.7,2.1,0.9,1.2,2.1,13.7,,walkelo01
454,Deyonta Davis,22,ATL,C,9,0,118,4.6,6.7,.682,0.0,0.3,.000,4.6,6.4,.714,.682,1.8,3.1,.600,3.1,7.9,11.0,1.5,0.9,1.5,0.9,3.7,11.0,,davisde01
455,Drew Eubanks,21,SAS,PF,23,0,113,4.8,8.3,.577,0.0,0.0,,4.8,8.3,.577,.577,3.5,4.1,.846,1.9,8.9,10.8,2.2,0.6,1.6,2.5,3.5,13.1,,eubandr01
456,Gary Trent Jr.,20,POR,SG,15,1,111,5.2,16.2,.320,1.6,6.8,.238,3.6,9.4,.379,.370,1.0,2.3,.429,0.3,3.2,3.6,1.6,0.3,0.6,1.3,1.3,13.0,,trentga02
457,Jared Terrell,23,MIN,SG,14,0,111,3.9,12.6,.308,1.3,5.5,.235,2.6,7.1,.364,.359,1.0,1.9,.500,0.3,1.6,1.9,3.9,1.0,0.6,3.2,5.2,10.1,,terreja01
458,Zhaire Smith,19,PHI,SG,6,2,111,4.5,11.0,.412,1.9,5.2,.375,2.6,5.8,.444,.500,1.9,2.6,.750,1.0,3.2,4.2,3.2,0.6,0.6,1.9,2.6,13.0,,smithzh01
459,Jodie Meeks,31,TOR,SG,8,0,104,7.3,13.5,.538,2.8,6.2,.444,4.5,7.3,.619,.641,0.3,0.3,1.000,0.3,3.8,4.2,2.8,0.3,0.3,0.7,1.7,17.7,,meeksjo01
460,Malachi Richardson,23,TOR,SG,22,0,103,3.1,10.1,.310,2.8,8.7,.320,0.3,1.4,.250,.448,1.4,1.7,.800,0.7,3.8,4.5,0.0,0.3,0.0,2.8,4.5,10.5,,richama01
461,James Nunnally,28,2TM,SF,15,0,102,4.2,12.0,.353,2.8,8.8,.320,1.4,3.2,.444,.471,1.4,1.4,1.000,0.0,1.8,1.8,2.5,0.4,0.0,0.4,3.5,12.7,,nunnaja01
461,James Nunnally,28,MIN,SF,13,0,64,5.1,11.8,.429,2.8,7.3,.385,2.3,4.5,.500,.548,2.3,2.3,1.000,0.0,2.3,2.3,2.8,0.6,0.0,0.6,2.3,15.2,,nunnaja01
461,James Nunnally,28,HOU,SF,2,0,38,2.8,12.3,.231,2.8,11.4,.250,0.0,0.9,.000,.346,0.0,0.0,,0.0,0.9,0.9,1.9,0.0,0.0,0.0,5.7,8.5,,nunnaja01
462,Bonzie Colson,23,MIL,SF,8,2,98,4.8,14.3,.333,1.8,7.7,.238,2.9,6.6,.444,.397,2.9,3.3,.889,2.9,8.1,11.0,1.1,1.8,0.4,1.1,1.1,14.3,,colsobo01
463,Devin Robinson,23,WAS,SF,7,0,95,7.2,12.1,.594,0.0,0.8,.000,7.2,11.4,.633,.594,3.4,5.3,.643,2.3,5.3,7.6,2.3,1.5,2.3,0.8,4.2,17.8,,robinde01
464,Tyler Lydon,22,DEN,PF,25,0,94,3.4,6.9,.500,1.5,3.8,.400,1.9,3.1,.625,.611,0.4,1.1,.333,2.7,4.2,6.9,2.3,0.8,0.0,1.5,3.8,8.8,,lydonty01
465,Wade Baldwin,22,POR,PG,16,0,94,3.8,12.6,.303,0.8,3.4,.222,3.1,9.2,.333,.333,3.1,4.2,.727,0.8,5.0,5.7,4.6,0.4,0.8,5.4,4.2,11.5,,baldwwa01
466,Tyler Zeller,29,2TM,C,6,1,93,6.2,11.6,.533,0.0,0.4,.000,6.2,11.2,.552,.533,5.4,7.0,.778,4.3,5.0,9.3,1.5,0.4,1.2,1.5,7.7,17.8,,zellety01
466,Tyler Zeller,29,ATL,C,2,0,11,0.0,6.5,.000,0.0,3.3,.000,0.0,3.3,.000,.000,0.0,0.0,,6.5,13.1,19.6,3.3,0.0,0.0,0.0,13.1,0.0,,zellety01
466,Tyler Zeller,29,MEM,C,4,1,82,7.0,12.3,.571,0.0,0.0,,7.0,12.3,.571,.571,6.1,7.9,.778,4.0,4.0,7.9,1.3,0.4,1.3,1.8,7.0,20.2,,zellety01
467,Daryl Macon,23,DAL,SG,8,0,90,4.0,10.8,.370,2.0,4.4,.455,2.0,6.4,.313,.463,1.6,2.8,.571,0.8,4.0,4.8,2.8,0.4,0.0,2.4,3.2,11.6,,maconda01
468,Naz Mitrou-Long,25,UTA,SG,14,0,84,2.6,8.6,.300,0.9,4.7,.182,1.7,3.9,.444,.350,0.9,0.9,1.000,0.4,2.1,2.6,6.4,0.4,0.4,3.4,4.3,6.9,,mitrona01
469,Udonis Haslem,38,MIA,C,10,1,74,5.4,16.1,.333,0.0,5.8,.000,5.4,10.2,.524,.333,1.5,1.9,.750,1.5,11.7,13.1,1.0,0.0,0.0,1.5,4.4,12.2,,hasleud01
470,Jarred Vanderbilt,19,DEN,PF,17,0,69,4.7,9.9,.474,0.0,0.5,.000,4.7,9.4,.500,.474,3.1,5.2,.600,3.7,8.3,12.0,1.6,3.1,0.5,4.2,4.2,12.5,,vandeja01
471,Amile Jefferson,25,ORL,PF,12,0,68,5.3,8.5,.625,0.0,0.0,,5.3,8.5,.625,.625,3.7,4.2,.875,3.2,7.9,11.1,1.6,1.6,1.6,0.5,4.2,14.3,,jeffeam01
472,Marcus Derrickson,22,GSW,PF,11,0,67,8.6,17.7,.485,5.4,10.7,.500,3.2,7.0,.462,.636,2.1,2.7,.800,4.3,2.7,7.0,0.5,0.0,0.5,1.6,4.8,24.7,,derrima01
473,Malcolm Miller,25,TOR,SF,10,0,67,5.9,14.0,.423,5.4,11.3,.476,0.5,2.7,.200,.615,1.6,2.1,.750,0.5,2.1,2.7,0.5,0.5,0.5,0.5,2.7,18.8,,millema01
474,Jimmer Fredette,29,PHO,SG,6,0,65,4.4,16.1,.276,0.0,7.2,.000,4.4,8.9,.500,.276,3.3,3.3,1.000,0.6,3.3,3.9,4.4,1.7,0.0,2.8,2.8,12.2,,fredeji01
475,Jawun Evans,22,2TM,PG,8,0,65,1.7,7.8,.214,0.0,1.7,.000,1.7,6.1,.273,.214,0.0,0.0,,0.6,6.1,6.6,5.5,1.7,0.0,3.3,4.4,3.3,,evansja01
475,Jawun Evans,22,PHO,PG,7,0,64,1.7,7.3,.231,0.0,1.1,.000,1.7,6.2,.273,.231,0.0,0.0,,0.6,6.2,6.8,5.6,1.7,0.0,3.4,4.5,3.4,,evansja01
475,Jawun Evans,22,OKC,PG,1,0,1,0.0,36.0,.000,0.0,36.0,.000,0.0,0.0,,.000,0.0,0.0,,0.0,0.0,0.0,0.0,0.0,0.0,0.0,0.0,0.0,,evansja01
476,Alize Johnson,22,IND,PF,14,0,64,2.3,9.0,.250,0.6,1.1,.500,1.7,7.9,.214,.281,2.3,4.5,.500,2.3,8.4,10.7,0.6,0.6,1.7,0.0,3.9,7.3,,johnsal02
477,Billy Garrett,24,NYK,SG,4,0,63,6.3,15.4,.407,0.0,4.6,.000,6.3,10.9,.579,.407,2.3,2.3,1.000,0.0,1.7,1.7,4.0,0.6,0.6,1.1,1.7,14.9,,garrebi01
478,Luc Mbah a Moute,32,LAC,PF,4,0,61,4.7,10.6,.444,1.2,3.5,.333,3.5,7.1,.500,.500,1.2,3.0,.400,1.2,3.0,4.1,1.2,0.6,0.6,1.2,4.7,11.8,,mbahalu01
479,Brandon Goodwin,23,DEN,PG,16,0,57,3.8,14.5,.261,1.3,3.8,.333,2.5,10.7,.235,.304,5.7,6.9,.818,0.6,1.3,1.9,8.8,0.0,0.0,1.9,4.4,14.5,,goodwbr01
480,Isaac Humphries,21,ATL,C,5,1,56,3.9,13.5,.286,1.9,7.1,.273,1.9,6.4,.300,.357,0.0,0.0,,2.6,4.5,7.1,0.0,0.6,0.0,0.0,4.5,9.6,,humphis01
481,Jordan Loyd,25,TOR,PG,12,0,55,5.2,11.8,.444,2.6,5.2,.500,2.6,6.5,.400,.556,5.9,7.2,.818,0.7,5.2,5.9,3.9,0.0,0.0,1.3,3.3,19.0,,loydjo01
482,PJ Dozier,22,BOS,SG,6,0,51,5.6,14.8,.381,1.4,5.6,.250,4.2,9.2,.462,.429,0.7,1.4,.500,4.2,7.8,12.0,3.5,1.4,0.0,0.0,1.4,13.4,,doziepj01
483,B.J. Johnson,23,2TM,SF,7,0,49,6.6,13.2,.500,2.2,5.1,.429,4.4,8.1,.545,.583,1.5,1.5,1.000,1.5,4.4,5.9,0.0,1.5,0.0,1.5,2.9,16.9,,johnsbj01
483,B.J. Johnson,23,ATL,SF,6,0,43,6.7,13.4,.500,2.5,5.0,.500,4.2,8.4,.500,.594,1.7,1.7,1.000,1.7,5.0,6.7,0.0,1.7,0.0,1.7,2.5,17.6,,johnsbj01
483,B.J. Johnson,23,SAC,SF,1,0,6,6.0,12.0,.500,0.0,6.0,.000,6.0,6.0,1.000,.500,0.0,0.0,,0.0,0.0,0.0,0.0,0.0,0.0,0.0,6.0,12.0,,johnsbj01
484,Mitch Creek,26,2TM,SF,5,0,48,6.0,12.0,.500,0.0,1.5,.000,6.0,10.5,.571,.500,3.7,5.2,.714,4.5,4.5,9.0,4.5,1.5,0.0,0.7,2.3,15.8,,creekmi01
484,Mitch Creek,26,BRK,SF,4,0,36,5.0,10.0,.500,0.0,1.0,.000,5.0,9.0,.556,.500,5.0,7.0,.714,5.0,5.0,10.0,5.0,1.0,0.0,0.0,3.0,15.0,,creekmi01
484,Mitch Creek,26,MIN,SF,1,0,12,9.0,18.0,.500,0.0,3.0,.000,9.0,15.0,.600,.500,0.0,0.0,,3.0,3.0,6.0,3.0,3.0,0.0,3.0,0.0,18.0,,creekmi01
485,Davon Reed,23,IND,SG,10,0,47,3.8,9.2,.417,1.5,3.1,.500,2.3,6.1,.375,.500,0.0,0.0,,1.5,3.1,4.6,2.3,0.8,0.0,0.8,2.3,9.2,,reedda01
486,Melvin Frazier,22,ORL,SG,10,0,44,5.7,17.2,.333,0.0,4.9,.000,5.7,12.3,.467,.333,0.8,3.3,.250,2.5,1.6,4.1,0.8,0.8,0.0,0.8,4.9,12.3,,frazime01
487,Eric Moreland,27,2TM,PF,5,0,43,2.5,5.9,.429,0.8,0.8,1.000,1.7,5.0,.333,.500,0.0,0.0,,3.3,13.4,16.7,3.3,0.8,0.8,4.2,7.5,5.9,,moreler01
487,Eric Moreland,27,PHO,PF,1,0,5,0.0,0.0,,0.0,0.0,,0.0,0.0,,,0.0,0.0,,0.0,21.6,21.6,0.0,0.0,0.0,0.0,7.2,0.0,,moreler01
487,Eric Moreland,27,TOR,PF,4,0,38,2.8,6.6,.429,0.9,0.9,1.000,1.9,5.7,.333,.500,0.0,0.0,,3.8,12.3,16.1,3.8,0.9,0.9,4.7,7.6,6.6,,moreler01
488,Haywood Highsmith,22,PHI,SF,5,0,40,3.6,9.0,.400,0.9,4.5,.200,2.7,4.5,.600,.450,0.0,1.8,.000,0.0,4.5,4.5,1.8,0.9,0.0,0.9,0.9,8.1,,highsha01
489,Tyler Cavanaugh,24,UTA,PF,11,0,39,2.8,9.2,.300,0.9,4.6,.200,1.8,4.6,.400,.350,1.8,1.8,1.000,2.8,4.6,7.4,0.9,0.0,0.0,0.9,2.8,8.3,,cavanty01
490,Džanan Musa,19,BRK,SG,9,0,39,8.3,20.3,.409,0.9,9.2,.100,7.4,11.1,.667,.432,0.0,1.8,.000,0.9,3.7,4.6,1.8,1.8,0.0,3.7,0.9,17.5,,musadz01
491,Demetrius Jackson,24,PHI,PG,6,0,39,7.4,13.8,.533,1.8,5.5,.333,5.5,8.3,.667,.600,3.7,3.7,1.000,1.8,0.9,2.8,4.6,1.8,0.0,0.9,3.7,20.3,,jacksde01
492,Nick Young,33,DEN,SG,4,0,37,2.9,8.8,.333,2.9,7.8,.375,0.0,1.0,.000,.500,0.0,0.0,,0.0,1.0,1.0,1.9,0.0,1.0,1.9,3.9,8.8,,youngni01
493,Thomas Welsh,22,DEN,C,11,0,36,7.0,13.0,.538,3.0,7.0,.429,4.0,6.0,.667,.654,1.0,2.0,.500,0.0,4.0,4.0,5.0,0.0,0.0,1.0,3.0,18.0,,welshth01
494,Tony Bradley,21,UTA,C,3,0,36,8.0,16.0,.500,0.0,0.0,,8.0,16.0,.500,.500,1.0,2.0,.500,9.0,6.0,15.0,1.0,2.0,2.0,3.0,6.0,17.0,,bradlto01
495,Chris Chiozza,23,HOU,PG,7,0,33,2.2,8.7,.250,2.2,5.5,.400,0.0,3.3,.000,.375,0.0,0.0,,1.1,3.3,4.4,4.4,1.1,1.1,1.1,2.2,6.5,,chiozch01
496,Isaiah Hicks,24,NYK,PF,3,0,32,4.5,9.0,.500,0.0,0.0,,4.5,9.0,.500,.500,4.5,5.6,.800,2.3,5.6,7.9,2.3,1.1,3.4,1.1,5.6,13.5,,hicksis01
497,Jaylen Morris,23,MIL,SG,4,0,29,5.0,12.4,.400,1.2,3.7,.333,3.7,8.7,.429,.450,1.2,2.5,.500,0.0,6.2,6.2,5.0,2.5,0.0,1.2,1.2,12.4,,morrija01
498,Alan Williams,26,BRK,PF,5,0,26,11.1,18.0,.615,0.0,1.4,.000,11.1,16.6,.667,.615,2.8,5.5,.500,5.5,20.8,26.3,4.2,1.4,0.0,1.4,2.8,24.9,,willial03
499,Dusty Hannahs,25,MEM,SG,2,0,26,4.2,16.6,.250,0.0,6.9,.000,4.2,9.7,.429,.250,2.8,2.8,1.000,0.0,1.4,1.4,6.9,1.4,0.0,1.4,1.4,11.1,,hannadu01
500,R.J. Hunter,25,BOS,SG,1,0,26,8.3,18.0,.462,5.5,13.8,.400,2.8,4.2,.667,.615,1.4,2.8,.500,1.4,2.8,4.2,4.2,1.4,0.0,0.0,4.2,23.5,,hunterj01
501,Emanuel Terry,22,2TM,PF,3,0,23,6.3,11.0,.571,0.0,0.0,,6.3,11.0,.571,.571,3.1,6.3,.500,4.7,6.3,11.0,3.1,4.7,0.0,3.1,6.3,15.7,,terryem01
501,Emanuel Terry,22,PHO,PF,2,0,20,7.2,10.8,.667,0.0,0.0,,7.2,10.8,.667,.667,1.8,3.6,.500,3.6,7.2,10.8,1.8,5.4,0.0,3.6,7.2,16.2,,terryem01
501,Emanuel Terry,22,MIA,PF,1,0,3,0.0,12.0,.000,0.0,0.0,,0.0,12.0,.000,.000,12.0,24.0,.500,12.0,0.0,12.0,12.0,0.0,0.0,0.0,0.0,12.0,,terryem01
502,DeVaughn Akoon-Purcell,25,DEN,SG,7,0,22,4.9,16.4,.300,0.0,6.5,.000,4.9,9.8,.500,.300,1.6,3.3,.500,1.6,4.9,6.5,9.8,3.3,0.0,3.3,6.5,11.5,,akoonde01
503,Justin Patton,21,PHI,C,3,0,21,3.4,12.0,.286,0.0,3.4,.000,3.4,8.6,.400,.286,1.7,3.4,.500,3.4,6.9,10.3,5.1,3.4,0.0,0.0,8.6,8.6,,pattoju01
504,Scott Machado,28,LAL,PG,4,0,19,7.6,11.4,.667,1.9,1.9,1.000,5.7,9.5,.600,.750,1.9,1.9,1.000,0.0,0.0,0.0,5.7,1.9,0.0,0.0,3.8,18.9,,machasc01
505,J.P. Macura,23,CHO,SG,2,0,17,6.4,19.1,.333,0.0,8.5,.000,6.4,10.6,.600,.333,0.0,0.0,,0.0,6.4,6.4,4.2,0.0,0.0,0.0,0.0,12.7,,macurjp01
506,Troy Caupain,23,ORL,PG,4,0,16,9.0,18.0,.500,4.5,6.8,.667,4.5,11.3,.400,.625,0.0,0.0,,2.3,4.5,6.8,9.0,2.3,0.0,0.0,0.0,22.5,,caupatr01
507,Gary Payton II,26,WAS,PG,3,0,16,11.3,18.0,.625,2.3,4.5,.500,9.0,13.5,.667,.688,0.0,0.0,,2.3,2.3,4.5,9.0,6.8,2.3,2.3,4.5,24.8,,paytoga02
508,Vince Edwards,22,HOU,SF,2,0,16,2.3,9.0,.250,2.3,9.0,.250,0.0,0.0,,.375,0.0,0.0,,2.3,2.3,4.5,0.0,0.0,0.0,0.0,0.0,6.8,,edwarvi01
509,Andre Ingram,33,LAL,SG,4,0,15,0.0,14.4,.000,0.0,7.2,.000,0.0,7.2,.000,.000,0.0,0.0,,2.4,2.4,4.8,0.0,2.4,0.0,2.4,0.0,0.0,,ingraan01
510,Ángel Delgado,24,LAC,C,2,0,15,2.4,12.0,.200,0.0,0.0,,2.4,12.0,.200,.200,2.4,4.8,.500,4.8,4.8,9.6,0.0,2.4,0.0,0.0,4.8,7.2,,delgaan01
511,Donatas Motiejūnas,28,SAS,PF,3,0,13,8.3,16.6,.500,0.0,0.0,,8.3,16.6,.500,.500,0.0,5.5,.000,5.5,2.8,8.3,2.8,0.0,2.8,8.3,16.6,16.6,,motiedo01
512,Yante Maten,22,MIA,PF,2,0,13,2.8,11.1,.250,0.0,2.8,.000,2.8,8.3,.333,.250,0.0,0.0,,2.8,5.5,8.3,0.0,2.8,0.0,0.0,0.0,5.5,,matenya01
513,Kostas Antetokounmpo,21,DAL,PF,2,0,11,0.0,9.8,.000,0.0,0.0,,0.0,9.8,.000,.000,6.5,13.1,.500,0.0,3.3,3.3,0.0,6.5,0.0,3.3,0.0,6.5,,antetko01
514,Joe Chealey,23,CHO,PG,1,0,8,4.5,13.5,.333,0.0,0.0,,4.5,13.5,.333,.333,0.0,0.0,,0.0,0.0,0.0,4.5,0.0,0.0,0.0,4.5,9.0,,chealjo01
515,Tahjere McCall,24,BRK,SG,1,0,8,9.0,13.5,.667,0.0,4.5,.000,9.0,9.0,1.000,.667,0.0,4.5,.000,0.0,4.5,4.5,0.0,0.0,0.0,0.0,9.0,18.0,,mccalta01
516,D.J. Stephens,28,MEM,SG,1,0,7,5.1,10.3,.500,0.0,0.0,,5.1,10.3,.500,.500,0.0,0.0,,0.0,0.0,0.0,0.0,5.1,0.0,5.1,0.0,10.3,,stephdj01
517,Ike Anigbogu,20,IND,C,3,0,6,0.0,18.0,.000,0.0,0.0,,0.0,18.0,.000,.000,0.0,0.0,,6.0,12.0,18.0,6.0,0.0,6.0,6.0,0.0,0.0,,anigbik01
518,Trevon Duval,20,MIL,PG,3,0,6,12.0,18.0,.667,6.0,6.0,1.000,6.0,12.0,.500,.833,0.0,0.0,,0.0,6.0,6.0,12.0,0.0,0.0,0.0,0.0,30.0,,duvaltr01
519,Okaro White,26,WAS,PF,3,0,6,0.0,12.0,.000,0.0,12.0,.000,0.0,0.0,,.000,0.0,0.0,,6.0,6.0,12.0,0.0,0.0,0.0,0.0,0.0,0.0,,whiteok01
520,George King,25,PHO,SF,1,0,6,0.0,0.0,,0.0,0.0,,0.0,0.0,,,0.0,0.0,,0.0,6.0,6.0,0.0,0.0,0.0,0.0,0.0,0.0,,kingge03
521,Kalin Lucas,29,DET,PG,1,0,6,0.0,6.0,.000,0.0,6.0,.000,0.0,0.0,,.000,12.0,12.0,1.000,0.0,18.0,18.0,6.0,0.0,0.0,0.0,6.0,12.0,,lucaska01
522,Terrence Jones,27,HOU,PF,2,0,5,7.2,28.8,.250,0.0,14.4,.000,7.2,14.4,.500,.250,0.0,7.2,.000,0.0,28.8,28.8,0.0,0.0,0.0,7.2,7.2,14.4,,joneste01
523,Zach Lofton,26,DET,SG,1,0,4,0.0,9.0,.000,0.0,9.0,.000,0.0,0.0,,.000,0.0,0.0,,0.0,0.0,0.0,0.0,9.0,0.0,9.0,0.0,0.0,,loftoza01
524,Jordan Sibert,26,ATL,SG,1,0,4,9.0,9.0,1.000,9.0,9.0,1.000,0.0,0.0,,1.500,0.0,0.0,,0.0,0.0,0.0,0.0,0.0,0.0,0.0,0.0,27.0,,siberjo01
525,Donte Grantham,23,OKC,SF,3,0,2,0.0,36.0,.000,0.0,36.0,.000,0.0,0.0,,.000,0.0,0.0,,0.0,0.0,0.0,0.0,0.0,0.0,0.0,0.0,0.0,,grantdo01
526,Kobi Simmons,21,CLE,PG,1,0,2,0.0,0.0,,0.0,0.0,,0.0,0.0,,,0.0,0.0,,0.0,0.0,0.0,0.0,0.0,0.0,0.0,0.0,0.0,,simmoko01
527,Tyler Davis,21,OKC,C,1,0,1,0.0,36.0,.000,0.0,0.0,,0.0,36.0,.000,.000,0.0,0.0,,36.0,0.0,36.0,0.0,0.0,0.0,0.0,0.0,0.0,,davisty01
528,John Holland,30,CLE,SF,1,0,1,0.0,0.0,,0.0,0.0,,0.0,0.0,,,0.0,0.0,,0.0,0.0,0.0,0.0,0.0,0.0,0.0,0.0,0.0,,hollajo02
529,Zhou Qi,23,HOU,PF,1,0,1,36.0,36.0,1.000,0.0,0.0,,36.0,36.0,1.000,1.000,0.0,0.0,,0.0,0.0,0.0,0.0,0.0,0.0,0.0,0.0,72.0,,qizh01
530,Tyler Ulis,23,CHI,PG,1,0,1,0.0,0.0,,0.0,0.0,,0.0,0.0,,,0.0,0.0,,0.0,0.0,0.0,0.0,0.0,0.0,0.0,0.0,0.0,,ulisty01