Rk,Player,Age,Team,Pos,G,GS,MP,FG,FGA,FG%,3P,3PA,3P%,2P,2PA,2P%,eFG%,FT,FTA,FT%,ORB,DRB,TRB,AST,STL,BLK,TOV,PF,PTS,Awards,Player-additional,PER,TS%,3PAr,FTr,ORB%,DRB%,TRB%,AST%,STL%,BLK%,TOV%,USG%,OWS,DWS,WS,WS/48,OBPM,DBPM,BPM,VORP
1,Mikal Bridges,28,NYK,SF,82,82,3036,7.0,14.0,0.5,1.9,5.5,0.354,5.1,8.5,0.594,0.57,1.1,1.4,0.814,0.8,2.2,3.1,3.6,0.9,0.5,1.6,1.5,17.1,,bridgmi01,14.0,0.585,0.391,0.1,2.7,7.0,4.9,14.4,1.2,1.3,9.7,19.6,3.7,2.0,5.7,0.09,0.4,-0.9,-0.5,1.2
2,Josh Hart,29,NYK,SG,77,77,2897,5.0,9.6,0.525,1.0,3.1,0.333,4.0,6.4,0.618,0.579,2.0,2.5,0.776,2.0,7.2,9.2,5.6,1.5,0.3,2.0,2.5,13.1,,hartjo01,16.5,0.611,0.327,0.266,6.4,22.6,14.6,20.7,2.0,0.9,15.5,15.3,5.4,3.8,9.2,0.153,1.1,1.8,2.8,3.6
3,Anthony Edwards,23,MIN,SG,79,79,2871,9.0,20.2,0.447,4.0,10.2,0.395,5.0,10.0,0.501,0.547,5.2,6.2,0.837,0.8,4.9,5.6,4.5,1.1,0.6,3.1,1.9,27.3,MVP-7CPOY-3ASNBA2,edwaran01,20.1,0.595,0.503,0.308,2.4,14.8,8.7,20.9,1.6,1.7,12.0,31.4,4.6,3.8,8.4,0.14,4.4,0.0,4.3,4.6
4,Devin Booker,28,PHO,SG,75,75,2795,8.4,18.3,0.461,2.4,7.1,0.332,6.1,11.2,0.542,0.525,5.6,6.2,0.894,1.0,2.9,3.9,6.8,0.9,0.2,2.8,2.6,24.8,,bookede01,19.3,0.589,0.388,0.34,3.1,8.9,6.1,30.6,1.2,0.5,11.9,29.3,6.1,0.3,6.4,0.111,2.8,-2.4,0.4,1.7
5,James Harden,35,LAC,PG,79,79,2789,6.9,16.7,0.41,3.0,8.6,0.352,3.8,8.1,0.472,0.501,6.5,7.5,0.874,0.7,5.2,5.9,8.9,1.5,0.7,4.4,2.1,23.3,MVP-10ASNBA3,hardeja01,20.0,0.582,0.516,0.446,2.3,16.1,9.3,36.8,2.1,2.0,18.0,29.6,4.0,4.3,8.3,0.143,3.5,0.8,4.3,4.4
6,DeMar DeRozan,35,SAC,SF,77,77,2768,8.1,17.0,0.477,1.1,3.3,0.328,7.0,13.7,0.513,0.509,4.9,5.7,0.857,0.7,3.2,3.9,4.4,0.8,0.4,1.4,2.0,22.2,,derozde01,17.7,0.569,0.196,0.337,2.0,10.1,6.0,18.7,1.1,1.1,6.5,25.0,5.7,1.4,7.1,0.123,1.2,-1.2,-0.1,1.3
7,Trae Young,26,ATL,PG,76,76,2739,7.4,18.1,0.411,2.9,8.4,0.34,4.6,9.6,0.474,0.491,6.5,7.4,0.875,0.5,2.6,3.1,11.6,1.2,0.2,4.7,1.9,24.2,CPOY-4AS,youngtr01,18.3,0.567,0.467,0.408,1.4,8.2,4.7,46.4,1.6,0.4,17.9,29.6,4.4,1.3,5.7,0.1,3.3,-2.7,0.5,1.7
8,Tyler Herro,25,MIA,SG,77,77,2725,8.6,18.2,0.472,3.3,8.9,0.375,5.3,9.4,0.565,0.563,3.8,4.3,0.878,0.5,4.8,5.3,5.6,0.9,0.2,2.6,1.1,24.3,AS,herroty01,19.7,0.605,0.486,0.237,1.4,14.6,8.1,26.2,1.3,0.6,11.5,28.0,4.7,2.7,7.4,0.131,3.8,-0.7,3.1,3.5
9,OG Anunoby,27,NYK,PF,74,74,2706,6.5,13.7,0.476,2.3,6.1,0.372,4.2,7.5,0.561,0.559,2.4,3.0,0.81,1.3,3.5,4.8,2.2,1.5,0.9,1.4,2.3,17.7,,anunoog01,15.4,0.591,0.448,0.22,4.2,11.0,7.6,8.5,2.0,2.2,8.3,19.7,3.7,2.8,6.5,0.116,0.7,0.1,0.7,1.9
10,Jalen Green,22,HOU,SG,82,82,2697,8.1,19.2,0.423,3.1,8.8,0.354,5.0,10.4,0.482,0.505,3.6,4.5,0.813,0.6,4.4,5.0,3.8,0.9,0.4,2.7,1.7,23.0,,greenja05,15.1,0.544,0.46,0.234,1.7,13.4,7.4,16.0,1.3,0.9,11.4,27.3,1.9,3.2,5.1,0.092,1.1,-0.5,0.5,1.7
11,Christian Braun,23,DEN,SG,79,77,2675,6.4,11.0,0.58,1.2,3.0,0.397,5.2,8.0,0.648,0.634,2.4,2.9,0.827,1.3,4.2,5.5,2.8,1.1,0.5,1.1,2.3,16.4,,braunch01,16.0,0.665,0.273,0.261,4.2,12.2,8.4,10.1,1.5,1.2,8.1,15.8,6.2,1.9,8.0,0.144,0.8,-0.5,0.3,1.6
12,Bam Adebayo,27,MIA,C,78,78,2674,7.3,15.0,0.485,1.1,3.0,0.357,6.2,12.0,0.517,0.521,3.4,4.4,0.765,2.5,7.6,10.1,4.5,1.3,0.7,2.2,2.2,19.0,DPOY-10,adebaba01,18.9,0.561,0.199,0.295,7.7,23.1,15.5,20.0,1.8,1.9,11.4,23.5,3.5,4.0,7.5,0.135,1.0,1.0,2.0,2.7
13,Ivica Zubac,27,LAC,C,80,80,2624,8.1,12.9,0.628,0.0,0.0,,8.1,12.9,0.628,0.628,2.1,3.2,0.661,4.1,9.7,13.9,2.9,0.8,1.2,1.7,2.3,18.4,DPOY-6DEF2,zubaciv01,22.3,0.641,0.0,0.251,13.1,30.2,21.8,12.8,1.0,3.4,10.8,19.5,7.0,4.7,11.7,0.215,2.3,0.8,3.1,3.4
14,Jayson Tatum,26,BOS,PF,72,72,2624,9.1,20.1,0.452,3.4,10.0,0.343,5.7,10.1,0.559,0.537,4.9,6.0,0.814,0.7,7.9,8.5,5.9,1.0,0.5,2.9,2.2,26.5,MVP-4CPOY-10ASNBA1,tatumja01,21.7,0.582,0.497,0.3,2.0,23.7,12.9,27.0,1.5,1.3,11.2,31.2,5.3,4.2,9.5,0.174,4.4,0.8,5.2,4.8
15,Jaden McDaniels,24,MIN,PF,82,82,2614,5.5,11.5,0.477,1.4,4.2,0.33,4.1,7.3,0.561,0.537,1.4,1.8,0.813,1.8,4.7,6.5,2.2,1.5,1.0,1.3,3.1,13.8,,mcdanja02,13.3,0.562,0.363,0.153,5.6,14.2,10.0,9.0,2.1,2.6,9.6,16.3,2.3,3.9,6.3,0.115,-1.4,1.4,0.0,1.4
16,Keegan Murray,24,SAC,PF,76,76,2610,5.0,11.3,0.444,2.1,6.2,0.343,2.9,5.1,0.566,0.538,0.8,1.0,0.833,2.0,5.0,7.0,1.5,0.8,1.0,0.8,2.6,13.0,,murrake02,12.0,0.553,0.548,0.088,6.3,15.5,10.9,5.6,1.1,2.6,6.6,15.0,2.4,2.1,4.4,0.082,-0.8,-0.8,-1.6,0.2
17,Zach LaVine,29,2TM,SG,74,74,2602,8.6,16.9,0.511,3.3,7.4,0.446,5.3,9.5,0.562,0.609,3.3,3.9,0.825,0.3,4.1,4.4,4.3,0.8,0.2,2.9,1.7,23.9,,lavinza01,17.3,0.639,0.438,0.233,0.9,12.0,6.5,18.3,1.1,0.4,13.4,25.3,3.7,1.4,5.1,0.094,2.3,-1.6,0.7,1.8
17,Zach LaVine,29,CHI,SF,42,42,1432,9.1,17.8,0.511,3.4,7.7,0.446,5.7,10.2,0.56,0.607,3.6,4.6,0.797,0.3,4.8,5.1,4.8,1.0,0.3,3.0,1.6,25.3,,lavinza01,18.4,0.637,0.43,0.256,0.9,13.7,7.4,20.5,1.3,0.6,13.3,26.6,2.0,1.0,3.0,0.101,2.7,-1.0,1.6,1.3
17,Zach LaVine,29,SAC,SG,32,32,1170,8.1,15.8,0.511,3.2,7.1,0.446,4.9,8.7,0.564,0.611,2.8,3.2,0.874,0.3,3.2,3.5,3.7,0.6,0.1,2.7,1.8,22.1,,lavinza01,15.9,0.642,0.45,0.201,1.0,9.9,5.4,15.6,0.8,0.2,13.5,23.7,1.7,0.4,2.1,0.086,1.8,-2.3,-0.4,0.5
18,Shai Gilgeous-Alexander,26,OKC,PG,76,76,2598,11.9,22.9,0.519,2.3,6.0,0.375,9.7,16.9,0.571,0.569,8.3,9.3,0.898,0.9,4.3,5.3,6.7,1.8,1.1,2.5,2.3,34.4,MVP-1DPOY-10CPOY-8ASNBA1,gilgesh01,30.7,0.637,0.263,0.404,2.8,12.6,7.8,31.3,2.4,3.0,8.6,34.8,11.9,4.8,16.7,0.309,8.9,2.6,11.5,8.9
19,Michael Porter Jr.,26,DEN,SF,77,77,2593,7.3,14.5,0.504,2.7,6.8,0.395,4.7,7.8,0.599,0.596,2.1,2.7,0.768,1.9,5.6,7.5,2.3,0.7,0.5,1.4,2.2,19.4,,portemi01,16.2,0.617,0.467,0.185,6.1,16.2,11.4,8.7,0.9,1.3,8.4,20.2,4.6,1.8,6.4,0.118,1.6,-1.7,-0.1,1.2
20,Derrick White,30,BOS,SG,76,76,2574,5.9,13.4,0.442,3.7,9.7,0.384,2.2,3.7,0.593,0.58,1.9,2.3,0.839,0.9,3.8,4.8,5.0,1.0,1.1,1.8,1.9,17.5,DPOY-10,whitede01,16.6,0.606,0.721,0.168,2.8,11.5,7.2,20.2,1.4,2.9,11.3,19.8,5.1,3.4,8.5,0.158,2.7,0.8,3.5,3.6
21,Dyson Daniels,21,ATL,SG,76,76,2571,6.4,12.9,0.493,1.1,3.3,0.34,5.3,9.6,0.545,0.536,1.2,2.0,0.593,1.7,4.6,6.3,4.7,3.2,0.8,2.2,2.5,15.0,DPOY-2MIP-1DEF1,daniedy01,15.6,0.545,0.255,0.152,5.1,14.2,9.6,17.9,4.2,2.0,13.6,18.2,1.3,3.7,5.0,0.093,-1.1,2.6,1.5,2.3
22,Nikola Jokić,29,DEN,C,70,70,2571,11.0,19.1,0.576,1.9,4.6,0.417,9.1,14.5,0.627,0.627,5.1,6.3,0.8,2.8,9.7,12.5,10.0,1.8,0.6,3.2,2.2,29.0,MVP-2CPOY-2ASNBA1,jokicni01,32.0,0.663,0.243,0.331,9.0,28.2,19.1,44.1,2.4,1.6,12.8,29.5,12.7,3.8,16.4,0.307,9.9,3.3,13.3,9.8
23,Austin Reaves,26,LAL,SG,73,73,2550,6.7,14.6,0.46,2.8,7.5,0.377,3.9,7.1,0.547,0.556,4.5,5.2,0.877,0.9,3.8,4.6,5.9,1.1,0.3,2.5,2.1,20.8,,reaveau01,18.1,0.616,0.512,0.353,2.8,11.5,7.3,24.9,1.6,0.8,12.9,23.7,5.6,2.1,7.6,0.144,2.4,-0.5,1.9,2.6
24,Toumani Camara,24,POR,PF,78,78,2548,4.6,10.1,0.458,1.9,5.1,0.375,2.7,5.0,0.542,0.552,1.3,1.8,0.722,2.4,3.9,6.4,2.5,1.6,0.7,1.5,3.2,12.5,DPOY-9DEF2,camarto01,12.5,0.572,0.503,0.176,7.2,12.1,9.6,9.6,2.2,1.8,12.4,14.4,2.5,2.6,5.2,0.097,-0.9,0.8,-0.1,1.2
25,Pascal Siakam,30,IND,PF,78,78,2548,8.7,16.7,0.519,1.8,4.6,0.389,6.9,12.1,0.568,0.572,3.2,4.4,0.734,1.9,5.8,7.6,3.7,1.0,0.6,1.5,2.7,22.3,AS,siakapa01,19.2,0.599,0.274,0.261,5.9,17.6,11.8,15.7,1.3,1.5,7.6,24.2,5.0,2.5,7.5,0.142,2.2,-0.5,1.7,2.4
26,Brook Lopez,36,MIL,C,80,80,2546,5.6,10.9,0.509,2.0,5.3,0.373,3.6,5.7,0.636,0.599,1.6,2.0,0.826,1.6,4.1,5.7,2.0,0.7,2.1,1.2,2.4,14.7,,lopezbr01,14.8,0.624,0.482,0.178,5.0,11.8,8.6,7.8,0.9,5.4,9.1,15.8,3.6,2.9,6.6,0.124,0.4,0.4,0.8,1.8
27,Karl-Anthony Towns,29,NYK,C,72,72,2517,9.1,17.4,0.526,2.0,4.8,0.42,7.1,12.5,0.567,0.584,4.8,5.8,0.829,3.0,10.1,13.2,3.2,1.0,0.7,2.7,3.6,25.2,ASNBA3,townska01,23.4,0.63,0.278,0.337,9.8,32.0,21.0,13.8,1.4,1.9,12.1,27.4,6.3,3.8,10.1,0.193,3.5,0.1,3.6,3.5
28,Bub Carrington,19,WAS,PG,82,57,2458,4.4,11.0,0.401,2.0,6.0,0.339,2.4,5.0,0.475,0.493,1.0,1.2,0.812,0.5,4.5,5.0,5.3,0.8,0.3,2.1,2.8,11.8,,carrica01,9.0,0.514,0.544,0.114,1.4,13.1,7.2,21.2,1.0,0.8,15.2,15.8,-0.4,0.6,0.2,0.005,-3.3,-1.3,-4.6,-1.6
29,Cade Cunningham,23,DET,PG,70,70,2452,10.0,21.4,0.469,2.2,6.1,0.356,7.9,15.3,0.515,0.521,4.6,5.4,0.846,0.8,5.4,6.2,9.4,1.0,0.8,4.5,2.9,26.9,MVP-7ASNBA3,cunnica01,20.6,0.565,0.287,0.254,2.5,16.5,9.6,43.0,1.4,2.1,16.0,33.2,3.0,2.9,5.9,0.115,3.8,0.1,3.9,3.7
30,Tyrese Haliburton,24,IND,PG,73,73,2451,7.0,14.8,0.473,3.2,8.3,0.388,3.8,6.5,0.581,0.582,2.8,3.3,0.851,0.6,3.2,3.8,9.9,1.5,0.7,1.8,1.4,20.0,NBA3,halibty01,21.8,0.616,0.559,0.221,1.9,9.7,5.9,38.9,2.1,1.8,9.8,21.6,8.1,2.3,10.4,0.204,5.7,0.2,5.8,4.9
31,Coby White,24,CHI,SG,74,73,2450,7.5,16.5,0.453,3.2,8.6,0.37,4.3,7.9,0.544,0.55,4.1,4.5,0.902,0.4,3.6,4.0,4.8,1.0,0.2,2.6,2.3,22.2,,whiteco01,15.5,0.601,0.521,0.274,1.1,10.4,5.8,19.5,1.3,0.6,12.4,24.4,3.0,1.5,4.5,0.088,0.5,-1.4,-0.9,0.7
32,LeBron James,40,LAL,SF,70,70,2444,9.6,18.7,0.513,2.2,5.8,0.376,7.4,12.9,0.574,0.571,3.8,4.9,0.782,1.1,7.0,8.0,8.5,1.0,0.6,3.8,1.5,25.2,MVP-6CPOY-7ASNBA2,jamesle01,22.7,0.604,0.312,0.261,3.4,21.2,12.6,40.3,1.4,1.5,15.5,30.1,4.9,2.8,7.7,0.152,4.9,0.7,5.6,4.7
33,Domantas Sabonis,28,SAC,C,70,70,2429,7.8,13.2,0.59,1.0,2.3,0.417,6.8,10.9,0.627,0.627,3.2,4.3,0.754,4.0,10.4,14.4,6.3,0.7,0.4,3.0,3.4,19.8,,sabondo01,22.9,0.655,0.175,0.324,12.3,32.6,22.4,26.0,1.0,1.0,16.5,21.6,7.4,2.7,10.1,0.199,4.2,1.1,5.2,4.4
34,Jamal Murray,27,DEN,PG,67,67,2418,7.9,16.7,0.474,2.3,5.9,0.393,5.6,10.8,0.518,0.543,3.2,3.7,0.886,0.7,3.2,3.9,6.0,1.4,0.5,2.1,1.9,21.4,,murraja01,17.8,0.584,0.354,0.219,2.2,9.3,5.9,23.2,1.8,1.2,10.1,24.0,4.6,1.6,6.2,0.123,1.8,-1.0,0.8,1.7
35,Alperen Şengün,22,HOU,C,76,76,2395,8.5,17.2,0.496,0.3,1.4,0.233,8.2,15.8,0.519,0.505,4.4,6.4,0.692,3.9,7.9,11.8,5.6,1.3,0.9,2.9,3.1,21.8,AS,sengual01,21.4,0.545,0.079,0.374,11.4,23.8,17.5,24.1,1.7,2.3,12.7,26.2,4.1,4.2,8.3,0.166,2.6,1.8,4.4,3.9
36,Dillon Brooks,29,HOU,SF,75,75,2388,5.8,13.5,0.429,2.8,7.1,0.397,3.0,6.4,0.465,0.533,1.5,1.8,0.818,1.1,3.0,4.1,1.9,0.9,0.2,1.1,3.6,15.9,,brookdi01,11.0,0.555,0.524,0.135,3.3,9.1,6.1,7.4,1.2,0.6,7.4,17.7,2.7,2.5,5.1,0.103,-1.4,0.0,-1.4,0.4
37,Rudy Gobert,32,MIN,C,72,72,2388,5.1,7.7,0.669,0.0,0.0,,5.1,7.7,0.669,0.669,2.8,4.1,0.674,4.0,7.8,11.8,1.9,0.8,1.6,1.3,2.7,13.1,DPOY-13DEF2,goberru01,18.3,0.687,0.0,0.535,12.5,23.8,18.2,7.5,1.2,4.1,12.4,13.0,6.1,4.0,10.1,0.204,0.6,1.3,1.9,2.4
38,Tobias Harris,32,DET,PF,73,73,2305,6.0,12.6,0.477,1.4,4.1,0.345,4.6,8.4,0.542,0.534,2.2,2.6,0.861,1.0,5.7,6.7,2.5,1.2,0.9,1.3,2.2,15.6,,harrito02,13.9,0.571,0.328,0.206,3.1,17.5,10.4,9.8,1.5,2.4,8.8,17.6,2.3,2.9,5.2,0.108,-0.5,0.6,0.1,1.2
39,Darius Garland,25,CLE,PG,75,75,2301,8.7,18.4,0.472,3.3,8.3,0.401,5.4,10.1,0.53,0.562,3.5,4.0,0.878,0.7,2.6,3.3,7.9,1.4,0.2,3.0,2.2,24.2,CPOY-6AS,garlada01,19.9,0.6,0.451,0.217,2.3,7.6,5.0,32.2,1.9,0.4,12.8,27.2,5.8,2.3,8.1,0.169,3.9,-0.8,3.1,3.0
40,Jalen Brunson,28,NYK,PG,65,65,2301,9.2,18.8,0.488,2.4,6.2,0.383,6.8,12.6,0.539,0.551,5.8,7.0,0.821,0.4,2.5,2.9,7.4,0.9,0.1,2.6,2.2,26.4,MVP-10CPOY-1ASNBA2,brunsja01,21.6,0.605,0.331,0.373,1.4,7.9,4.7,32.3,1.3,0.3,10.5,29.5,6.8,1.4,8.3,0.172,4.7,-1.3,3.3,3.1
41,Jarrett Allen,26,CLE,C,82,82,2296,7.1,10.0,0.706,0.0,0.1,0.0,7.1,10.0,0.712,0.706,3.1,4.3,0.718,3.4,9.1,12.5,2.5,1.2,1.1,1.5,2.0,17.3,,allenja01,22.1,0.724,0.008,0.433,10.5,26.7,18.8,9.5,1.6,2.9,11.3,15.9,7.6,4.0,11.6,0.243,3.0,1.2,4.2,3.6
42,Chris Paul,39,SAS,PG,82,82,2292,3.9,9.2,0.427,2.2,5.8,0.377,1.7,3.3,0.514,0.547,1.3,1.4,0.924,0.5,4.1,4.6,9.5,1.6,0.3,2.0,2.4,11.4,,paulch01,14.7,0.58,0.636,0.158,1.5,12.3,6.9,34.8,2.2,0.9,17.1,14.0,4.2,1.6,5.7,0.12,0.3,0.5,0.8,1.6
43,Anfernee Simons,25,POR,SG,70,70,2292,7.5,17.7,0.426,3.4,9.3,0.363,4.1,8.4,0.496,0.521,2.7,3.0,0.902,0.4,2.6,3.0,5.3,0.9,0.1,2.2,1.8,21.2,,simonan01,14.9,0.557,0.527,0.172,1.2,8.0,4.5,23.3,1.3,0.2,10.6,24.6,2.9,1.2,4.2,0.087,1.5,-1.5,-0.1,1.1
44,Giannis Antetokounmpo,30,MIL,PF,67,67,2289,12.5,20.7,0.601,0.2,1.0,0.222,12.3,19.8,0.62,0.607,6.9,11.1,0.617,2.3,10.2,12.6,6.8,0.9,1.2,3.2,2.4,32.0,MVP-3DPOY-8ASNBA1,antetgi01,30.5,0.625,0.048,0.536,7.3,29.7,19.0,36.0,1.2,3.2,11.2,35.2,7.8,3.7,11.5,0.241,6.9,2.5,9.5,6.6
45,Malik Beasley,28,DET,SG,82,18,2283,7.3,16.9,0.43,5.0,12.1,0.416,2.2,4.8,0.466,0.579,1.5,2.2,0.679,0.7,2.6,3.4,2.2,1.2,0.1,1.3,2.0,21.1,6MOY-2,beaslma01,14.4,0.59,0.715,0.131,2.3,8.0,5.2,8.9,1.5,0.2,6.8,22.5,2.9,1.8,4.7,0.1,2.0,-1.2,0.8,1.6
46,Kentavious Caldwell-Pope,31,ORL,SG,77,77,2279,3.8,8.6,0.439,1.8,5.2,0.342,2.0,3.4,0.589,0.543,1.3,1.5,0.863,0.5,2.1,2.7,2.1,1.6,0.5,1.0,2.1,10.6,,caldwke01,9.9,0.574,0.607,0.175,1.6,7.2,4.3,8.7,2.2,1.4,9.6,12.4,1.5,3.1,4.6,0.096,-3.0,1.6,-1.4,0.3
47,Nikola Vučević,34,CHI,C,73,72,2278,8.7,16.4,0.53,2.0,5.1,0.402,6.7,11.3,0.587,0.592,1.9,2.4,0.805,2.8,8.8,11.6,4.0,1.0,0.8,1.9,2.6,21.3,,vucevni01,20.3,0.611,0.309,0.144,8.3,25.2,16.9,17.1,1.2,2.0,9.7,22.4,4.7,2.6,7.3,0.153,2.5,0.1,2.6,2.7
48,Payton Pritchard,27,BOS,PG,80,3,2271,6.5,13.7,0.472,4.0,9.9,0.407,2.4,3.8,0.642,0.62,1.1,1.3,0.845,1.6,3.2,4.9,4.4,1.1,0.2,1.3,1.9,18.1,6MOY-1,pritcpa01,17.6,0.633,0.723,0.097,4.9,9.8,7.3,18.1,1.5,0.6,8.4,19.0,6.1,2.5,8.6,0.183,3.4,0.2,3.5,3.2
49,Kevin Durant,36,PHO,PF,62,62,2265,9.4,17.9,0.527,2.5,5.9,0.43,6.9,12.0,0.574,0.598,4.8,5.7,0.839,0.4,5.6,5.9,4.2,0.8,1.2,3.0,1.7,26.2,AS,duranke01,21.2,0.642,0.331,0.321,1.2,16.9,9.2,19.6,1.1,3.2,12.9,28.7,4.0,1.2,5.2,0.111,3.9,-0.7,3.2,3.0
50,Shaedon Sharpe,21,POR,SG,72,52,2252,8.0,17.6,0.452,2.3,7.5,0.311,5.6,10.1,0.557,0.519,3.0,3.9,0.785,1.1,4.1,5.2,3.2,1.0,0.3,2.4,1.9,21.3,,sharpsh01,14.5,0.551,0.428,0.219,3.2,12.7,7.8,14.2,1.3,0.6,11.0,25.1,1.3,1.7,3.0,0.064,0.0,-1.3,-1.3,0.4
51,Stephen Curry,36,GSW,PG,70,70,2252,9.0,20.1,0.448,5.0,12.5,0.397,4.0,7.6,0.534,0.572,4.5,4.8,0.933,0.6,4.3,5.0,6.7,1.3,0.5,3.2,1.5,27.5,MVP-9CPOY-5ASNBA2,curryst01,21.5,0.618,0.623,0.238,1.9,13.3,7.4,31.3,1.7,1.3,12.6,29.8,5.2,2.7,7.9,0.168,6.4,0.0,6.3,4.8
52,De'Aaron Fox,27,2TM,PG,62,62,2241,8.7,18.7,0.463,1.9,6.1,0.31,6.8,12.6,0.538,0.514,4.2,5.1,0.827,0.9,3.9,4.8,6.3,1.5,0.4,2.8,2.6,23.4,,foxde01,18.3,0.56,0.328,0.273,2.7,12.1,7.4,27.2,2.0,1.1,11.8,28.3,2.6,1.7,4.3,0.093,1.3,-1.0,0.4,1.3
52,De'Aaron Fox,27,SAC,PG,45,45,1663,9.0,19.1,0.469,2.0,6.2,0.322,7.0,12.9,0.539,0.521,4.4,5.3,0.829,1.0,3.9,4.9,6.0,1.4,0.4,2.9,2.6,24.3,,foxde01,19.0,0.567,0.324,0.279,3.0,12.2,7.6,26.0,1.9,1.2,11.8,29.1,2.2,1.3,3.5,0.101,2.0,-0.8,1.2,1.3
52,De'Aaron Fox,27,SAS,PG,17,17,578,7.8,17.4,0.446,1.6,5.9,0.274,6.2,11.5,0.535,0.493,3.7,4.5,0.819,0.6,4.0,4.5,7.2,1.6,0.3,2.6,2.9,20.9,,foxde01,16.3,0.537,0.339,0.257,1.7,11.9,6.8,30.8,2.1,0.8,11.6,26.0,0.5,0.4,0.9,0.071,-0.6,-1.4,-2.0,0.0
53,Jalen Williams,23,OKC,SG,69,69,2237,9.1,18.8,0.484,2.0,5.5,0.365,7.1,13.3,0.533,0.537,3.8,4.8,0.789,0.9,5.0,5.9,5.7,1.8,0.7,2.4,2.5,24.0,ASNBA3DEF2,willija06,20.3,0.573,0.291,0.256,2.9,14.6,8.8,23.4,2.4,2.1,10.3,27.5,3.7,4.1,7.8,0.168,2.7,1.4,4.0,3.4
54,Donovan Mitchell,28,CLE,SG,71,71,2232,9.4,21.3,0.443,3.8,10.2,0.368,5.7,11.1,0.512,0.531,4.8,5.8,0.823,0.9,4.3,5.2,5.7,1.5,0.3,2.4,2.3,27.4,MVP-5CPOY-9ASNBA1,mitchdo01,20.9,0.575,0.48,0.274,2.8,12.5,7.8,23.9,2.0,0.7,9.2,30.9,4.8,2.8,7.6,0.163,3.8,-0.2,3.7,3.2
55,Harrison Barnes,32,SAS,PF,82,82,2230,5.6,11.0,0.508,2.5,5.8,0.433,3.1,5.2,0.591,0.622,2.6,3.2,0.809,1.6,3.4,5.0,2.2,0.6,0.2,0.8,1.2,16.3,,barneha02,14.9,0.656,0.527,0.291,4.7,10.3,7.4,8.6,0.8,0.6,6.1,15.7,5.0,0.5,5.6,0.12,1.7,-1.7,0.0,1.2
56,Julius Randle,30,MIN,PF,69,69,2226,7.4,15.2,0.485,1.7,5.1,0.344,5.6,10.1,0.555,0.542,4.4,5.4,0.806,2.3,5.5,7.9,5.2,0.8,0.3,3.2,2.8,20.8,,randlju01,17.5,0.593,0.334,0.357,7.3,16.8,12.1,22.5,1.0,0.7,15.3,25.0,3.6,2.6,6.2,0.134,1.5,-0.2,1.3,1.8
57,Amen Thompson,22,HOU,SF,69,42,2225,6.3,11.3,0.557,0.4,1.5,0.275,5.9,9.8,0.599,0.575,2.7,4.0,0.684,3.1,6.0,9.1,4.3,1.6,1.4,2.2,2.7,15.7,DPOY-5DEF1,thompam01,18.7,0.602,0.131,0.354,9.0,18.2,13.5,16.9,2.1,3.6,14.6,17.5,4.1,3.9,8.0,0.172,1.4,2.6,4.1,3.4
58,Jaren Jackson Jr.,25,MEM,C,74,74,2207,9.7,19.8,0.488,2.4,6.3,0.375,7.3,13.4,0.541,0.548,5.1,6.5,0.781,1.5,5.3,6.8,2.4,1.5,1.8,2.5,4.2,26.8,DPOY-7ASDEF2,jacksja02,19.6,0.591,0.321,0.328,4.4,15.5,10.0,10.1,1.9,4.7,9.9,28.1,3.2,3.2,6.4,0.139,1.6,0.8,2.3,2.4
59,Desmond Bane,26,MEM,SG,69,68,2205,8.0,16.6,0.484,2.7,6.8,0.392,5.4,9.8,0.548,0.565,2.9,3.2,0.894,1.0,5.8,6.8,6.0,1.3,0.5,2.8,2.7,21.7,,banede01,17.9,0.6,0.411,0.194,3.0,16.9,10.0,23.6,1.7,1.2,13.3,23.3,4.0,2.6,6.5,0.142,2.6,0.6,3.2,2.9
60,Naz Reid,25,MIN,C,80,17,2200,7.0,15.1,0.462,2.9,7.6,0.379,4.1,7.5,0.544,0.556,1.8,2.3,0.776,1.5,6.3,7.9,3.0,0.9,1.2,1.8,3.1,18.6,6MOY-5,reidna01,15.8,0.577,0.501,0.155,4.7,19.3,12.1,12.6,1.3,3.0,9.9,21.5,2.4,3.3,5.7,0.125,0.8,0.8,1.6,2.0
61,Tyus Jones,28,PHO,PG,81,58,2174,5.1,11.3,0.448,2.7,6.6,0.414,2.3,4.7,0.496,0.57,0.8,0.9,0.895,0.7,2.6,3.2,7.1,1.1,0.1,1.5,1.0,13.7,,jonesty01,14.5,0.585,0.587,0.083,2.1,7.8,5.0,27.7,1.6,0.3,11.4,16.2,4.0,0.3,4.4,0.096,1.4,-1.3,0.1,1.1
62,Myles Turner,28,IND,C,72,72,2174,6.5,13.4,0.481,2.6,6.5,0.396,3.9,6.9,0.561,0.577,3.0,3.9,0.773,1.5,6.3,7.8,1.8,0.9,2.4,2.0,3.0,18.5,,turnemy01,16.1,0.612,0.486,0.293,4.7,19.4,12.1,7.1,1.2,6.0,11.8,20.7,1.8,2.9,4.7,0.104,0.0,0.4,0.4,1.3
63,Evan Mobley,23,CLE,PF,71,71,2167,8.4,15.1,0.557,1.4,3.8,0.37,7.0,11.2,0.621,0.604,3.7,5.1,0.725,2.7,8.2,10.9,3.8,1.0,1.9,2.4,2.3,21.9,MVP-10DPOY-1ASNBA2DEF1,mobleev01,22.3,0.633,0.254,0.337,8.4,24.0,16.5,15.1,1.4,4.7,12.2,23.2,5.3,3.8,9.0,0.2,3.1,1.5,4.6,3.6
64,Taurean Prince,30,MIL,SF,80,73,2166,3.9,8.5,0.457,2.4,5.6,0.439,1.5,3.0,0.492,0.6,0.6,0.8,0.813,0.6,4.2,4.8,2.6,1.3,0.2,1.4,2.7,10.9,,princta02,9.8,0.613,0.652,0.093,1.8,12.2,7.2,9.4,1.7,0.6,13.3,12.5,1.3,2.2,3.5,0.077,-2.0,0.3,-1.7,0.1
65,Stephon Castle,20,SAS,PG,81,47,2162,7.0,16.5,0.428,1.6,5.5,0.285,5.5,10.9,0.501,0.476,4.1,5.7,0.724,1.5,3.5,4.9,5.5,1.2,0.4,2.9,2.7,19.8,ROY-1,castlst01,13.7,0.522,0.337,0.348,4.4,10.3,7.4,22.8,1.7,0.9,13.4,26.0,0.1,1.0,1.1,0.025,-1.5,-1.7,-3.2,-0.6
66,Deni Avdija,24,POR,SF,72,54,2161,6.7,14.1,0.476,2.1,5.7,0.365,4.6,8.4,0.552,0.55,4.8,6.2,0.78,1.8,6.9,8.7,4.7,1.2,0.6,3.3,2.8,20.3,,avdijde01,17.7,0.605,0.405,0.441,5.4,21.2,13.1,19.9,1.6,1.5,16.3,23.2,3.1,2.5,5.6,0.124,1.5,0.6,2.1,2.2
67,Jaylen Brown,28,BOS,SF,63,63,2158,8.6,18.7,0.463,1.9,6.0,0.324,6.7,12.7,0.529,0.515,4.1,5.4,0.764,1.4,4.8,6.1,4.8,1.2,0.3,2.7,2.6,23.3,AS,brownja02,17.8,0.555,0.32,0.288,4.1,14.4,9.3,21.4,1.7,0.8,11.4,28.9,2.3,2.9,5.2,0.115,0.4,-0.4,0.0,1.1
68,Tim Hardaway Jr.,32,DET,SG,77,77,2153,4.6,11.4,0.406,2.8,7.6,0.368,1.8,3.7,0.484,0.529,2.1,2.4,0.855,0.3,2.8,3.1,2.1,0.6,0.1,0.8,1.6,14.1,,hardati02,9.8,0.567,0.672,0.213,0.9,8.4,4.7,7.6,0.8,0.3,6.1,15.5,2.1,1.4,3.5,0.077,-1.1,-0.9,-2.1,0.0
69,Bennedict Mathurin,22,IND,SF,72,49,2149,6.6,14.3,0.458,1.6,4.8,0.34,4.9,9.5,0.519,0.516,4.6,5.6,0.831,1.5,5.0,6.4,2.3,0.8,0.4,2.3,2.7,19.4,,mathube01,13.6,0.579,0.338,0.389,4.6,15.2,9.9,8.8,1.1,1.0,11.9,22.8,1.3,1.8,3.0,0.068,-1.3,-1.5,-2.9,-0.5
70,Spencer Dinwiddie,31,DAL,PG,79,30,2136,4.8,11.5,0.416,1.8,5.5,0.334,2.9,6.0,0.492,0.496,3.3,4.1,0.802,0.3,3.2,3.5,5.9,1.2,0.3,1.7,2.0,14.7,,dinwisp01,13.0,0.553,0.478,0.356,0.9,9.5,5.3,22.1,1.6,0.7,11.4,17.9,2.4,1.2,3.7,0.082,-0.9,-0.7,-1.6,0.2
71,Scottie Barnes,23,TOR,PF,65,65,2134,8.0,17.9,0.446,1.3,4.7,0.271,6.7,13.2,0.508,0.482,3.8,5.1,0.755,1.8,6.6,8.5,6.4,1.6,1.1,3.1,1.9,21.1,,barnesc01,17.8,0.523,0.263,0.284,5.3,20.2,12.6,27.7,2.1,2.8,13.4,27.0,0.6,2.9,3.5,0.078,1.5,0.9,2.4,2.3
72,Max Christie,21,2TM,SG,78,36,2127,4.3,10.0,0.427,1.9,5.3,0.366,2.3,4.7,0.496,0.525,2.2,2.6,0.855,0.6,3.7,4.4,2.5,1.1,0.5,1.5,1.9,12.7,,chrisma02,10.4,0.57,0.532,0.258,2.0,11.2,6.7,9.2,1.5,1.3,11.8,15.2,1.1,1.6,2.7,0.06,-2.1,-0.5,-2.5,-0.3
72,Max Christie,21,LAL,SG,46,25,1154,4.0,9.0,0.444,1.9,5.1,0.368,2.1,3.9,0.544,0.549,2.3,2.7,0.851,0.8,3.1,3.8,2.1,1.1,0.7,1.2,2.3,12.2,,chrisma02,10.6,0.598,0.566,0.302,2.5,9.3,6.0,7.7,1.5,1.7,10.7,13.9,1.0,0.9,2.0,0.081,-1.8,0.0,-1.8,0.0
72,Max Christie,21,DAL,SG,32,11,973,4.6,11.2,0.411,2.0,5.6,0.364,2.6,5.6,0.457,0.502,2.1,2.4,0.862,0.5,4.5,5.0,3.0,1.1,0.4,1.8,1.6,13.3,,chrisma02,10.2,0.543,0.5,0.215,1.5,13.4,7.6,11.0,1.4,0.9,12.9,16.8,0.0,0.7,0.7,0.035,-2.4,-1.0,-3.4,-0.3
73,Josh Giddey,22,CHI,PG,70,69,2117,6.3,13.6,0.465,1.8,4.7,0.378,4.5,8.8,0.512,0.531,3.0,3.8,0.781,2.2,7.5,9.6,8.6,1.4,0.8,3.4,2.1,17.4,,giddejo01,18.1,0.57,0.348,0.281,6.4,21.4,14.0,32.9,1.9,1.8,18.4,21.7,2.8,2.5,5.3,0.121,1.9,1.1,3.0,2.7
74,Fred VanVleet,30,HOU,PG,60,60,2111,4.9,12.9,0.378,2.7,7.9,0.345,2.2,5.1,0.43,0.483,1.9,2.3,0.81,0.5,3.2,3.8,5.7,1.6,0.4,1.5,2.4,14.4,,vanvlfr01,12.8,0.515,0.607,0.181,1.6,9.7,5.6,21.2,2.2,1.1,9.6,17.7,2.4,2.8,5.2,0.119,-0.4,1.3,0.9,1.5
75,Keyonte George,21,UTA,PG,67,35,2109,6.1,15.7,0.391,3.0,8.7,0.343,3.2,7.0,0.449,0.485,4.0,4.9,0.818,0.4,3.9,4.3,6.4,0.8,0.2,3.1,1.9,19.2,,georgke01,12.9,0.539,0.552,0.31,1.3,11.5,6.5,26.9,1.0,0.4,14.9,24.3,0.9,0.1,1.1,0.024,-0.2,-2.5,-2.7,-0.3
76,Dennis Schröder,31,3TM,PG,75,49,2105,5.7,14.1,0.406,2.2,6.3,0.342,3.6,7.8,0.458,0.483,3.1,3.7,0.838,0.5,2.9,3.4,6.9,1.1,0.2,2.4,3.1,16.8,,schrode01,12.7,0.531,0.449,0.261,1.4,9.2,5.2,28.7,1.5,0.6,13.3,21.6,1.5,1.7,3.2,0.073,-1.3,-0.9,-2.2,-0.1
76,Dennis Schröder,31,BRK,PG,23,23,772,6.9,15.2,0.452,2.7,7.0,0.387,4.2,8.2,0.509,0.542,3.4,3.8,0.889,0.2,3.0,3.2,7.1,1.2,0.2,2.8,2.6,19.8,,schrode01,16.0,0.588,0.462,0.249,0.6,9.9,5.0,33.4,1.7,0.5,14.1,23.8,1.1,0.5,1.6,0.099,1.1,-1.1,0.0,0.4
76,Dennis Schröder,31,GSW,SG,24,18,628,5.4,14.4,0.375,2.1,6.6,0.322,3.3,7.8,0.419,0.448,1.7,2.2,0.744,0.6,2.6,3.2,6.0,1.4,0.2,2.8,3.8,14.6,,schrode01,8.4,0.474,0.458,0.155,1.7,8.1,4.8,24.0,1.9,0.5,15.2,21.2,-0.5,0.7,0.2,0.012,-4.6,-0.6,-5.2,-0.5
76,Dennis Schröder,31,DET,PG,28,8,705,4.9,12.8,0.378,1.6,5.4,0.302,3.2,7.4,0.434,0.442,4.1,4.9,0.833,0.7,3.1,3.8,7.5,0.8,0.3,1.8,2.9,15.4,,schrode01,12.9,0.515,0.422,0.382,2.1,9.5,5.8,27.8,1.0,0.7,10.7,19.6,0.9,0.5,1.5,0.1,-0.9,-1.2,-2.1,0.0
77,Damian Lillard,34,MIL,PG,58,58,2093,7.6,17.1,0.448,3.4,9.0,0.376,4.2,8.0,0.528,0.547,6.2,6.8,0.921,0.5,4.2,4.7,7.1,1.2,0.2,2.8,1.7,24.9,AS,lillada01,21.3,0.621,0.528,0.396,1.6,12.1,7.1,29.7,1.6,0.4,12.2,27.8,5.6,2.0,7.6,0.175,4.7,-0.6,4.0,3.2
78,Russell Westbrook,36,DEN,PG,75,36,2092,6.4,14.3,0.449,1.6,5.0,0.323,4.8,9.3,0.517,0.505,2.7,4.0,0.661,1.8,4.6,6.4,7.9,1.8,0.6,4.2,3.2,17.1,6MOY-7,westbru01,14.3,0.532,0.35,0.28,5.6,13.4,9.7,28.8,2.4,1.6,20.6,23.8,-0.1,2.1,1.9,0.045,-0.9,-0.2,-1.1,0.5
79,Kelly Oubre Jr.,29,PHI,SF,60,57,2078,6.0,12.8,0.47,1.2,4.2,0.293,4.8,8.6,0.555,0.518,2.4,3.2,0.751,1.7,4.7,6.4,1.9,1.6,0.5,1.4,3.1,15.7,,oubreke01,13.5,0.551,0.327,0.25,5.1,15.4,10.0,7.9,2.2,1.4,8.9,18.9,1.2,1.4,2.6,0.061,-1.7,-0.6,-2.3,-0.1
80,Nickeil Alexander-Walker,26,MIN,SG,82,10,2073,4.7,10.7,0.438,2.4,6.4,0.381,2.2,4.3,0.524,0.553,1.6,2.0,0.78,0.9,3.7,4.6,3.9,0.9,0.6,1.7,2.4,13.4,6MOY-6,alexani01,11.6,0.579,0.601,0.192,2.9,11.1,7.1,15.0,1.2,1.5,12.9,16.0,2.0,2.3,4.3,0.099,-0.8,0.4,-0.4,0.8
81,Luguentz Dort,25,OKC,SF,71,71,2073,4.5,10.3,0.435,3.0,7.2,0.412,1.5,3.1,0.489,0.578,0.6,0.8,0.717,1.5,3.5,5.1,2.0,1.4,0.7,0.9,3.6,12.5,DPOY-4DEF1,dortlu01,11.3,0.586,0.696,0.078,4.7,10.3,7.6,6.9,1.8,1.9,7.7,13.6,2.4,3.2,5.6,0.129,-0.6,0.8,0.2,1.2
82,Onyeka Okongwu,24,ATL,C,74,40,2064,6.8,11.9,0.567,0.8,2.6,0.324,5.9,9.3,0.634,0.602,2.9,3.8,0.759,3.8,7.7,11.5,2.9,1.2,1.2,1.6,3.4,17.2,,okongon01,19.0,0.634,0.216,0.316,11.4,24.0,17.5,11.4,1.6,3.0,10.4,17.3,4.9,2.3,7.2,0.168,1.2,0.2,1.3,1.7
83,Malik Monk,26,SAC,SG,65,45,2054,7.2,16.5,0.439,2.4,7.5,0.325,4.8,9.0,0.534,0.513,2.7,3.1,0.865,0.5,3.8,4.3,6.3,1.1,0.7,2.8,2.8,19.6,,monkma01,15.0,0.549,0.456,0.19,1.6,11.7,6.7,25.7,1.5,1.8,13.5,24.6,1.3,1.4,2.8,0.065,0.3,-1.1,-0.8,0.6
84,Jaylen Wells,21,MEM,SG,79,74,2043,5.1,11.9,0.425,2.4,6.9,0.352,2.6,5.0,0.525,0.527,2.0,2.4,0.822,1.5,3.2,4.7,2.4,0.8,0.1,1.2,2.6,14.5,ROY-3,wellsja01,10.5,0.56,0.58,0.2,4.6,9.3,6.9,8.4,1.0,0.4,8.6,15.9,2.1,1.4,3.5,0.083,-1.2,-1.0,-2.2,-0.1
85,Jalen Duren,21,DET,C,78,78,2034,6.7,9.7,0.692,0.0,0.0,,6.7,9.7,0.692,0.692,2.9,4.3,0.669,4.9,9.4,14.3,3.7,1.0,1.6,2.4,4.4,16.2,,durenja01,21.4,0.703,0.0,0.443,15.2,28.7,22.0,14.7,1.3,4.2,17.2,16.4,5.9,3.4,9.2,0.218,1.6,1.5,3.1,2.7
86,Jalen Wilson,24,BRK,PF,79,22,2031,4.4,11.0,0.397,2.2,6.4,0.337,2.2,4.6,0.481,0.495,2.4,2.9,0.818,1.3,3.5,4.8,2.6,0.7,0.1,1.4,2.9,13.3,,wilsoja03,9.5,0.541,0.584,0.266,4.0,11.4,7.5,10.8,1.0,0.2,10.2,16.6,0.9,1.0,1.9,0.046,-2.6,-1.3,-3.9,-1.0
87,Miles Bridges,26,CHO,PF,64,64,2029,8.3,19.3,0.431,2.5,8.0,0.313,5.8,11.3,0.513,0.495,3.9,4.5,0.87,1.3,7.3,8.5,4.4,0.8,0.8,2.4,1.7,23.1,,bridgmi02,17.7,0.541,0.413,0.233,3.7,21.9,12.6,21.7,1.1,2.2,10.2,28.0,1.3,1.8,3.2,0.075,2.3,-0.5,1.8,2.0
88,Davion Mitchell,26,2TM,PG,74,37,2027,4.0,8.5,0.468,1.5,3.7,0.398,2.5,4.7,0.525,0.557,1.0,1.5,0.69,0.6,2.3,3.0,6.4,1.3,0.3,2.3,3.3,10.4,,mitchda01,10.2,0.573,0.443,0.176,1.9,7.1,4.5,24.2,1.7,0.8,20.0,13.6,1.3,1.6,3.0,0.07,-2.8,0.2,-2.6,-0.3
88,Davion Mitchell,26,TOR,PG,44,22,1080,3.5,8.1,0.434,1.4,3.9,0.359,2.1,4.2,0.504,0.52,0.8,1.2,0.676,0.5,2.3,2.8,6.8,1.0,0.3,2.6,3.9,9.3,,mitchda01,7.9,0.536,0.48,0.152,1.6,7.0,4.2,24.6,1.4,0.7,23.1,13.1,0.0,0.7,0.7,0.031,-4.0,-0.3,-4.3,-0.6
88,Davion Mitchell,26,MIA,PG,30,15,947,4.4,8.8,0.504,1.6,3.6,0.447,2.9,5.2,0.543,0.595,1.3,1.8,0.702,0.7,2.4,3.1,6.1,1.6,0.3,1.9,2.6,11.7,,mitchda01,12.9,0.611,0.405,0.203,2.2,7.3,4.8,23.8,2.2,0.8,16.5,14.2,1.3,1.0,2.3,0.114,-1.5,0.8,-0.6,0.3
89,Franz Wagner,23,ORL,SF,60,60,2023,9.6,20.7,0.463,1.9,6.3,0.295,7.7,14.4,0.535,0.507,4.8,5.5,0.871,1.0,5.1,6.1,5.1,1.3,0.4,2.5,2.6,25.8,,wagnefr01,20.1,0.558,0.303,0.268,3.0,17.1,9.7,26.6,1.9,1.0,9.6,31.0,2.6,3.1,5.6,0.133,2.6,0.5,3.1,2.6
90,Quentin Grimes,24,2TM,SG,75,37,2013,6.9,14.7,0.467,2.9,7.5,0.385,4.0,7.2,0.552,0.565,2.9,3.8,0.757,1.1,4.7,5.8,4.1,1.3,0.4,2.5,2.5,19.5,,grimequ01,15.9,0.595,0.512,0.26,3.2,14.7,8.9,17.7,1.8,1.0,13.3,22.8,2.0,1.4,3.4,0.081,1.3,-0.9,0.4,1.2
90,Quentin Grimes,24,DAL,SG,47,12,1070,5.7,12.3,0.463,2.7,6.8,0.398,3.0,5.5,0.543,0.573,2.1,2.7,0.765,1.0,5.0,6.0,3.4,1.1,0.3,2.1,2.6,16.1,,grimequ01,13.3,0.599,0.551,0.222,3.1,14.9,9.1,13.2,1.4,0.8,13.2,18.5,1.0,0.8,1.7,0.078,0.1,-0.4,-0.3,0.5
90,Quentin Grimes,24,PHI,SG,28,25,943,8.2,17.5,0.469,3.1,8.4,0.373,5.1,9.1,0.559,0.559,3.8,5.1,0.752,1.1,4.4,5.5,4.8,1.6,0.5,3.1,2.3,23.4,,grimequ01,18.8,0.592,0.48,0.29,3.3,14.5,8.7,22.7,2.2,1.2,13.4,27.5,1.0,0.6,1.6,0.083,2.7,-1.5,1.2,0.8
91,Jordan Poole,25,WAS,SG,68,68,2001,8.2,19.0,0.432,4.2,11.2,0.378,4.0,7.8,0.51,0.544,4.4,4.9,0.883,0.6,3.1,3.7,5.5,1.5,0.5,3.7,3.6,25.0,,poolejo01,16.6,0.591,0.588,0.259,1.6,9.0,5.3,25.6,2.0,1.2,14.8,29.0,1.2,0.8,2.0,0.047,2.0,-1.6,0.4,1.2
92,Draymond Green,34,GSW,PF,68,66,1983,3.9,9.2,0.424,1.5,4.5,0.325,2.5,4.8,0.517,0.503,1.8,2.7,0.687,1.3,6.2,7.5,7.0,1.8,1.3,3.2,4.0,11.1,DPOY-3DEF1,greendr01,12.4,0.534,0.483,0.289,3.9,19.0,11.2,26.2,2.4,3.4,23.3,15.9,0.3,3.4,3.7,0.088,-2.3,2.8,0.5,1.3
93,Devin Vassell,24,SAS,SG,64,53,1983,7.2,16.1,0.443,2.9,7.8,0.368,4.3,8.4,0.513,0.532,1.7,2.2,0.792,0.6,4.0,4.6,3.3,1.5,0.6,1.6,2.0,18.9,,vassede01,14.2,0.553,0.483,0.135,1.8,12.0,6.9,13.8,2.0,1.5,8.5,22.1,0.9,1.3,2.2,0.054,-0.3,-0.8,-1.1,0.4
94,Klay Thompson,34,DAL,SF,72,72,1965,6.6,16.1,0.412,4.0,10.1,0.391,2.7,5.9,0.448,0.535,1.2,1.4,0.905,0.8,3.7,4.5,2.7,0.9,0.5,1.6,1.5,18.4,,thompkl01,12.9,0.552,0.631,0.084,2.5,11.0,6.8,10.7,1.2,1.3,8.8,21.8,0.7,1.1,1.8,0.045,0.7,-1.6,-1.0,0.5
95,Tyrese Maxey,24,PHI,PG,52,52,1960,8.8,20.0,0.437,3.0,8.8,0.337,5.8,11.3,0.515,0.511,4.7,5.3,0.879,0.3,2.9,3.2,5.8,1.7,0.4,2.3,2.1,25.1,CPOY-10,maxeyty01,19.5,0.562,0.438,0.265,0.8,9.6,5.0,28.0,2.3,1.1,9.2,29.8,2.9,1.0,3.8,0.094,3.2,-1.1,2.0,2.0
96,Norman Powell,31,LAC,SG,60,60,1958,8.4,17.4,0.484,3.3,7.9,0.418,5.1,9.5,0.538,0.578,3.9,4.9,0.804,0.4,3.1,3.5,2.3,1.3,0.2,2.0,2.1,24.0,,powelno01,17.5,0.615,0.453,0.28,1.2,9.6,5.5,10.2,1.8,0.5,9.2,26.1,2.9,2.3,5.3,0.129,1.7,-0.2,1.5,1.8
97,Yves Missi,20,NOP,C,73,67,1956,5.0,9.1,0.547,0.0,0.0,0.0,5.0,9.0,0.548,0.547,2.3,3.8,0.623,4.7,6.4,11.1,1.8,0.7,1.8,1.5,2.7,12.2,,missiyv01,15.4,0.572,0.002,0.415,13.7,19.7,16.6,7.2,0.9,4.8,12.4,14.3,2.5,1.1,3.6,0.089,-1.6,-1.4,-3.0,-0.5
98,Keon Ellis,25,SAC,SG,80,28,1948,4.2,8.6,0.489,2.6,5.9,0.433,1.6,2.6,0.615,0.639,1.3,1.6,0.849,1.1,2.8,3.9,2.2,2.2,1.2,1.3,3.3,12.3,,elliske01,13.5,0.664,0.692,0.185,3.4,8.8,6.1,8.0,3.0,3.2,12.4,12.7,2.7,2.2,5.0,0.122,-0.1,2.0,1.9,1.9
99,Bilal Coulibaly,20,WAS,SF,59,59,1948,4.9,11.5,0.421,1.2,4.1,0.281,3.7,7.4,0.5,0.472,2.6,3.4,0.746,1.7,3.8,5.4,3.7,1.4,0.8,2.3,2.6,13.4,,coulibi01,10.8,0.515,0.359,0.296,4.8,10.9,7.8,14.9,1.9,1.9,15.1,17.9,-0.6,0.9,0.3,0.008,-3.0,-0.7,-3.7,-0.8
100,Kyle Kuzma,29,2TM,PF,65,62,1936,6.9,15.8,0.436,1.8,5.8,0.307,5.1,9.9,0.512,0.493,2.4,3.8,0.634,1.0,5.9,6.9,2.8,0.7,0.4,2.7,2.2,17.9,,kuzmaky01,10.6,0.514,0.369,0.238,3.0,17.1,10.2,12.1,0.9,0.9,13.5,24.0,-2.3,1.3,-0.9,-0.024,-2.9,-2.0,-4.9,-1.4
100,Kyle Kuzma,29,WAS,PF,32,30,887,7.8,18.5,0.42,1.8,6.5,0.281,5.9,12.0,0.495,0.469,2.4,4.0,0.602,1.1,6.4,7.5,3.2,0.8,0.3,3.0,2.1,19.7,,kuzmaky01,10.6,0.488,0.352,0.215,3.1,18.6,10.8,14.7,1.1,0.7,12.8,27.1,-1.7,0.4,-1.3,-0.068,-3.0,-2.3,-5.2,-0.7
100,Kyle Kuzma,29,MIL,PF,33,32,1049,6.1,13.5,0.455,1.8,5.3,0.333,4.4,8.2,0.533,0.52,2.4,3.6,0.663,0.9,5.4,6.3,2.5,0.5,0.4,2.5,2.3,16.4,,kuzmaky01,10.5,0.545,0.389,0.265,2.9,15.7,9.6,9.9,0.7,1.1,14.3,21.4,-0.6,0.9,0.3,0.014,-2.9,-1.8,-4.7,-0.7
101,Julian Champagnie,23,SAS,SF,82,29,1932,5.1,12.4,0.415,3.3,8.9,0.371,1.8,3.4,0.53,0.549,1.6,1.8,0.904,1.2,4.7,5.9,2.1,1.1,0.7,1.4,2.1,15.2,,champju02,12.2,0.577,0.722,0.141,3.7,13.9,8.8,7.9,1.5,1.6,9.5,17.2,1.3,1.2,2.5,0.062,-0.3,-0.9,-1.3,0.4
102,Keon Johnson,22,BRK,SG,79,56,1925,5.7,14.6,0.389,2.4,7.5,0.314,3.3,7.1,0.468,0.47,2.0,2.6,0.77,1.2,4.4,5.6,3.3,1.5,0.6,2.2,3.9,15.7,,johnske07,10.4,0.499,0.515,0.178,3.5,14.5,8.8,14.6,2.1,1.5,12.1,21.7,-1.3,1.9,0.5,0.014,-3.1,-0.1,-3.3,-0.6
103,Naji Marshall,27,DAL,SF,69,31,1919,6.8,13.4,0.508,1.1,4.1,0.275,5.7,9.3,0.611,0.551,2.4,3.0,0.813,1.4,4.7,6.2,3.9,1.3,0.2,2.1,2.0,17.1,,marshna01,15.1,0.584,0.306,0.225,4.4,14.0,9.3,15.8,1.8,0.5,12.5,20.0,2.0,1.5,3.5,0.087,-0.3,-0.5,-0.8,0.6
104,Jrue Holiday,34,BOS,PG,62,62,1896,4.8,10.9,0.443,2.1,5.8,0.353,2.8,5.1,0.547,0.538,1.3,1.5,0.909,1.4,3.6,5.0,4.5,1.3,0.5,1.5,1.9,13.0,,holidjr01,13.5,0.565,0.534,0.134,4.4,10.8,7.6,17.3,1.7,1.3,11.3,15.8,2.8,2.4,5.1,0.13,-0.3,1.0,0.7,1.3
105,Guerschon Yabusele,29,PHI,C,70,43,1895,5.4,10.7,0.501,2.0,5.2,0.38,3.4,5.5,0.616,0.593,1.9,2.6,0.725,2.5,5.0,7.5,2.8,1.1,0.5,1.7,3.1,14.6,,yabusgu01,14.7,0.616,0.487,0.245,7.7,16.3,11.8,11.6,1.5,1.2,12.2,16.3,2.9,1.0,3.9,0.099,0.1,-1.1,-1.0,0.5
106,Gary Trent Jr.,26,MIL,SG,74,9,1893,5.4,12.5,0.431,3.4,8.2,0.416,2.0,4.3,0.46,0.568,1.5,1.7,0.848,0.4,2.8,3.2,1.7,1.4,0.1,0.8,2.4,15.7,,trentga02,11.7,0.591,0.659,0.14,1.2,8.2,4.8,6.4,1.8,0.2,5.7,17.1,1.6,1.7,3.3,0.084,-1.2,-0.4,-1.6,0.2
107,Anthony Black,21,ORL,PG,78,10,1887,5.0,11.8,0.423,1.2,3.7,0.318,3.8,8.1,0.471,0.473,2.9,3.8,0.761,1.0,3.4,4.4,4.6,1.6,0.9,2.7,3.2,14.0,,blackan01,11.6,0.521,0.315,0.318,3.0,11.4,7.0,19.4,2.3,2.4,16.4,19.6,-0.6,3.0,2.4,0.061,-3.1,1.2,-1.9,0.0
108,Josh Green,24,CHO,SG,68,67,1887,3.4,8.0,0.428,1.9,4.7,0.391,1.6,3.3,0.48,0.543,0.9,1.4,0.681,1.1,2.2,3.3,2.1,1.4,0.3,1.3,3.1,9.7,,greenjo02,7.8,0.559,0.589,0.171,3.1,6.7,4.9,8.2,1.9,0.8,13.4,11.8,0.4,1.0,1.5,0.037,-4.5,0.2,-4.3,-1.1
109,Nic Claxton,25,BRK,C,70,62,1882,6.1,10.9,0.563,0.1,0.4,0.238,6.0,10.5,0.576,0.568,1.5,2.9,0.513,3.0,6.8,9.9,3.0,1.2,1.9,1.7,2.9,13.8,,claxtni01,16.5,0.569,0.037,0.271,9.0,22.7,15.5,13.7,1.6,5.3,12.0,16.8,1.8,2.5,4.3,0.11,-1.1,1.5,0.4,1.1
110,Andrew Nembhard,25,IND,SG,65,65,1881,4.7,10.3,0.458,1.0,3.3,0.291,3.8,7.0,0.538,0.506,2.1,2.6,0.794,0.7,3.5,4.1,6.2,1.5,0.2,2.1,2.9,12.5,,nembhan01,11.7,0.545,0.325,0.252,2.0,10.7,6.4,22.5,2.0,0.5,15.8,16.3,1.1,1.7,2.8,0.071,-2.6,0.3,-2.3,-0.1
111,Cason Wallace,21,OKC,SG,68,43,1876,4.5,9.4,0.474,1.4,4.0,0.356,3.0,5.4,0.562,0.55,0.6,0.7,0.811,1.4,3.0,4.4,3.3,2.3,0.7,1.1,2.8,10.9,,wallaca01,12.3,0.562,0.425,0.076,4.1,8.8,6.5,11.5,3.1,1.9,10.5,12.8,1.8,3.4,5.2,0.133,-1.5,2.6,1.0,1.5
112,Derrick Jones Jr.,27,LAC,SF,77,55,1873,6.0,11.3,0.526,1.5,4.2,0.356,4.5,7.1,0.627,0.593,1.6,2.3,0.703,1.8,3.3,5.1,1.2,1.5,0.6,1.3,2.9,15.0,,jonesde02,13.5,0.609,0.372,0.2,5.7,10.1,8.0,4.6,2.1,1.7,9.3,16.5,2.1,2.6,4.7,0.12,-1.0,0.7,-0.3,0.8
113,Rui Hachimura,26,LAL,PF,59,57,1869,5.6,11.1,0.509,2.0,4.8,0.413,3.7,6.3,0.581,0.597,1.7,2.2,0.77,1.5,4.2,5.7,1.6,0.9,0.5,0.9,2.0,14.9,,hachiru01,13.6,0.619,0.429,0.196,4.9,12.6,8.9,6.4,1.2,1.3,7.3,15.8,2.8,1.5,4.3,0.11,-0.1,-0.6,-0.7,0.6
114,RJ Barrett,24,TOR,SF,58,58,1869,8.9,18.9,0.468,2.1,5.9,0.35,6.8,13.0,0.522,0.523,3.8,6.0,0.63,1.2,5.9,7.0,6.0,0.9,0.3,3.2,2.6,23.6,,barrerj01,16.5,0.547,0.312,0.317,3.4,17.9,10.5,27.3,1.2,0.9,12.9,28.7,0.6,1.7,2.4,0.061,1.2,-0.7,0.6,1.2
115,Buddy Hield,32,GSW,SG,82,22,1863,6.3,15.2,0.417,3.9,10.6,0.37,2.4,4.6,0.527,0.546,1.0,1.2,0.828,1.0,4.1,5.1,2.6,1.3,0.4,1.8,2.6,17.6,,hieldbu01,12.3,0.56,0.698,0.081,2.9,12.7,7.6,10.7,1.8,1.2,10.1,20.5,0.6,2.2,2.8,0.073,-0.7,-0.3,-1.0,0.5
116,Trey Murphy III,24,NOP,SF,53,51,1854,7.4,16.3,0.454,3.1,8.5,0.361,4.3,7.8,0.556,0.548,4.0,4.5,0.887,0.9,4.3,5.2,3.7,1.1,0.8,2.0,2.2,21.8,,murphtr02,17.3,0.598,0.522,0.274,2.7,13.2,7.8,15.9,1.5,2.0,9.9,23.7,3.0,0.5,3.5,0.091,2.1,-1.4,0.8,1.3
117,Zaccharie Risacher,19,ATL,SF,75,73,1843,7.0,15.2,0.458,2.4,6.7,0.355,4.6,8.5,0.54,0.537,2.1,2.9,0.711,1.7,3.6,5.2,1.8,1.0,0.7,1.8,2.9,18.4,ROY-2,risacza01,12.2,0.558,0.442,0.191,5.0,11.1,8.0,7.1,1.3,1.8,9.8,20.9,0.6,1.1,1.8,0.046,-1.7,-1.8,-3.5,-0.7
118,Andrew Wiggins,29,2TM,SF,60,60,1842,7.3,16.4,0.448,2.5,6.8,0.374,4.8,9.6,0.501,0.526,3.8,5.0,0.763,1.7,3.5,5.3,3.1,1.2,1.0,1.9,2.0,21.1,,wiggian01,16.4,0.566,0.415,0.306,5.1,10.8,7.9,13.5,1.6,2.6,9.4,24.5,1.9,2.1,4.0,0.104,1.2,-0.3,0.9,1.4
118,Andrew Wiggins,29,GSW,SF,43,43,1296,7.2,16.3,0.444,2.6,6.9,0.379,4.6,9.4,0.491,0.524,3.9,5.0,0.777,1.8,3.6,5.5,2.8,1.1,0.9,1.6,1.9,21.0,,wiggian01,16.4,0.566,0.422,0.304,5.3,11.2,8.2,12.2,1.5,2.4,7.7,23.5,1.7,1.5,3.2,0.119,1.4,-0.4,1.0,1.0
118,Andrew Wiggins,29,MIA,SF,17,17,546,7.6,16.5,0.458,2.4,6.6,0.36,5.2,10.0,0.523,0.53,3.8,5.1,0.731,1.5,3.2,4.7,3.7,1.3,1.1,2.8,2.0,21.3,,wiggian01,16.4,0.566,0.398,0.311,4.7,9.8,7.3,16.5,1.8,3.0,13.1,26.7,0.2,0.6,0.8,0.069,0.8,-0.1,0.7,0.4
119,Isaiah Collier,20,UTA,PG,71,46,1839,4.6,10.9,0.422,0.8,3.3,0.249,3.8,7.6,0.497,0.459,2.1,3.0,0.682,0.6,4.0,4.6,8.7,1.3,0.3,4.1,2.9,12.0,,colliis01,9.7,0.494,0.305,0.277,1.9,11.8,6.9,34.3,1.7,0.8,25.0,18.9,-1.3,0.5,-0.8,-0.021,-3.8,-1.5,-5.3,-1.6
120,Keldon Johnson,25,SAS,SF,77,0,1838,7.3,15.1,0.482,1.7,5.4,0.318,5.6,9.7,0.573,0.538,2.9,3.8,0.773,2.2,5.1,7.3,2.4,1.0,0.4,1.5,2.3,19.2,,johnske04,15.6,0.572,0.356,0.252,6.5,15.1,10.8,10.2,1.3,1.1,8.3,21.6,2.2,1.0,3.2,0.083,0.0,-1.6,-1.6,0.2
121,Royce O'Neale,31,PHO,SF,75,22,1837,4.7,11.2,0.423,3.5,8.6,0.406,1.2,2.5,0.481,0.58,0.4,0.5,0.731,1.0,5.8,6.8,3.2,1.3,0.7,1.3,3.0,13.3,,onealro01,12.6,0.585,0.774,0.046,3.3,17.5,10.6,12.3,1.8,1.7,10.1,15.5,1.6,1.2,2.8,0.073,0.2,-0.1,0.1,1.0
122,P.J. Washington,26,DAL,PF,57,56,1835,5.9,13.0,0.453,1.8,4.7,0.381,4.1,8.4,0.493,0.521,2.8,3.9,0.722,1.6,7.1,8.7,2.6,1.2,1.2,2.3,2.6,16.4,,washipj01,14.0,0.556,0.359,0.298,5.0,20.9,13.1,10.1,1.7,2.8,13.6,20.4,0.3,2.1,2.4,0.062,-1.1,0.2,-0.9,0.5
123,CJ McCollum,33,NOP,PG,56,56,1832,8.7,19.7,0.444,3.4,9.0,0.373,5.4,10.6,0.505,0.53,2.4,3.4,0.717,0.8,3.3,4.2,4.5,0.9,0.5,2.1,2.4,23.2,,mccolcj01,15.8,0.55,0.459,0.173,2.4,10.3,6.2,20.6,1.2,1.3,9.0,27.2,1.3,0.2,1.5,0.038,1.2,-2.6,-1.4,0.3
124,Haywood Highsmith,28,MIA,SF,74,42,1818,3.5,7.7,0.458,1.8,4.6,0.382,1.8,3.1,0.57,0.572,0.6,0.9,0.721,1.4,3.6,5.0,2.2,1.3,0.7,1.1,3.2,9.5,,highsha01,9.9,0.583,0.596,0.11,4.4,10.8,7.7,8.4,1.9,2.0,11.6,11.3,1.3,2.1,3.3,0.088,-2.7,0.9,-1.9,0.1
125,Dorian Finney-Smith,31,2TM,PF,63,40,1818,3.9,8.6,0.448,2.6,6.2,0.411,1.3,2.4,0.545,0.597,0.6,0.9,0.667,1.6,3.3,4.9,1.8,1.1,0.5,1.1,2.7,10.9,,finnedo01,10.1,0.604,0.722,0.103,5.0,10.4,7.7,6.9,1.6,1.2,11.0,12.3,1.5,1.4,2.9,0.078,-1.1,0.1,-1.0,0.5
125,Dorian Finney-Smith,31,BRK,PF,20,20,579,4.5,9.9,0.459,2.9,6.7,0.435,1.6,3.2,0.51,0.607,0.9,1.5,0.625,1.9,3.7,5.7,1.9,1.1,0.7,1.1,3.4,12.9,,finnedo01,12.2,0.613,0.679,0.151,5.8,12.3,8.9,8.2,1.5,2.1,9.6,14.2,0.7,0.5,1.1,0.094,-0.1,0.1,0.0,0.3
125,Dorian Finney-Smith,31,LAL,PF,43,20,1239,3.5,8.0,0.442,2.4,6.0,0.398,1.2,2.0,0.571,0.591,0.4,0.6,0.714,1.4,3.1,4.5,1.7,1.2,0.3,1.1,2.4,9.9,,finnedo01,9.2,0.598,0.746,0.076,4.6,9.5,7.1,6.3,1.6,0.8,11.8,11.5,0.9,0.9,1.8,0.07,-1.6,0.1,-1.5,0.2
126,Alex Sarr,19,WAS,C,67,67,1814,6.5,16.4,0.394,2.1,6.8,0.308,4.4,9.7,0.454,0.457,2.2,3.3,0.679,2.5,6.2,8.6,3.2,0.9,2.0,2.3,2.9,17.2,ROY-4,sarral01,12.9,0.482,0.412,0.199,7.1,17.9,12.5,13.9,1.2,5.0,11.2,23.5,-1.6,1.3,-0.3,-0.007,-2.2,-1.0,-3.3,-0.6
127,Kyrie Irving,32,DAL,SG,50,50,1804,8.9,18.9,0.473,2.9,7.2,0.401,6.0,11.7,0.517,0.549,3.9,4.3,0.916,1.2,3.6,4.8,4.6,1.3,0.5,2.2,2.0,24.6,CPOY-10AS,irvinky01,19.9,0.594,0.38,0.226,3.7,10.6,7.2,20.5,1.8,1.1,9.7,27.4,3.4,1.3,4.6,0.124,3.9,-0.5,3.4,2.5
128,Kyshawn George,21,WAS,SG,68,38,1802,4.1,10.9,0.372,2.3,7.1,0.322,1.8,3.8,0.464,0.476,1.4,1.9,0.753,1.0,4.7,5.7,3.4,1.4,1.0,1.9,4.0,11.8,,georgky01,8.8,0.503,0.648,0.17,2.8,13.7,8.2,13.3,1.8,2.5,14.2,15.9,-0.9,1.1,0.1,0.003,-3.8,-0.3,-4.1,-0.9
129,Cameron Johnson,28,BRK,PF,57,57,1800,7.1,14.9,0.475,3.2,8.2,0.39,3.9,6.8,0.578,0.582,4.0,4.5,0.893,1.1,3.9,4.9,3.9,1.1,0.5,2.0,2.1,21.4,,johnsca02,18.2,0.632,0.546,0.301,3.3,12.8,7.8,18.5,1.5,1.4,10.5,22.9,3.8,1.3,5.1,0.137,3.5,-0.4,3.1,2.3
130,Duncan Robinson,30,MIA,SF,74,37,1785,5.8,13.4,0.437,3.8,9.7,0.393,2.0,3.6,0.556,0.581,0.9,1.1,0.887,0.4,3.0,3.4,3.5,0.8,0.1,1.7,2.7,16.5,,robindu01,11.8,0.595,0.729,0.08,1.1,9.1,5.2,14.7,1.1,0.3,11.1,19.2,1.3,1.4,2.7,0.071,-0.7,-1.1,-1.7,0.1
131,Kris Dunn,30,LAC,PG,74,58,1783,3.9,8.8,0.439,1.5,4.5,0.335,2.4,4.3,0.549,0.525,0.3,0.4,0.682,1.1,4.0,5.1,4.2,2.6,0.5,1.5,4.0,9.6,,dunnkr01,11.3,0.531,0.513,0.05,3.4,12.4,8.0,15.6,3.5,1.5,14.2,12.7,0.8,3.2,4.0,0.108,-2.8,3.4,0.6,1.2
132,Luka Dončić,25,2TM,PG,50,50,1769,9.4,20.9,0.45,3.6,9.8,0.368,5.8,11.1,0.522,0.536,6.3,8.0,0.782,0.8,7.5,8.3,7.8,1.8,0.4,3.6,2.6,28.7,,doncilu01,24.1,0.587,0.469,0.385,2.6,22.6,12.8,36.1,2.5,1.1,13.0,33.9,3.5,2.4,5.9,0.16,5.5,1.2,6.7,3.9
132,Luka Dončić,25,DAL,PG,22,22,785,9.9,21.4,0.464,3.4,9.7,0.354,6.5,11.6,0.555,0.544,5.1,6.7,0.767,0.7,7.7,8.4,7.9,2.0,0.4,3.4,2.7,28.4,,doncilu01,24.2,0.584,0.455,0.313,2.3,22.7,12.7,36.7,2.7,1.0,12.4,33.1,1.5,1.1,2.5,0.155,5.5,1.4,6.9,1.8
132,Luka Dončić,25,LAL,PG,28,28,984,9.0,20.5,0.438,3.7,9.8,0.379,5.2,10.6,0.493,0.53,7.2,9.1,0.791,0.9,7.4,8.3,7.7,1.6,0.4,3.8,2.5,28.9,,doncilu01,23.9,0.59,0.481,0.445,2.8,22.5,12.9,35.6,2.2,1.1,13.5,34.5,2.0,1.4,3.4,0.164,5.5,1.1,6.5,2.1
133,Scoot Henderson,20,POR,PG,66,10,1759,5.9,14.0,0.419,2.1,6.1,0.354,3.7,7.9,0.469,0.496,3.2,4.2,0.767,1.1,3.0,4.1,6.9,1.4,0.3,3.6,3.7,17.1,,hendesc01,12.5,0.54,0.434,0.301,3.1,9.2,6.1,28.1,1.9,0.7,18.6,22.5,0.4,1.4,1.8,0.049,-1.4,-0.8,-2.2,-0.1
134,Wendell Carter Jr.,25,ORL,C,68,51,1758,4.6,10.1,0.46,0.8,3.2,0.234,3.9,6.8,0.568,0.498,2.6,3.6,0.737,3.1,7.0,10.1,2.7,1.1,0.8,1.6,4.1,12.7,,cartewe01,13.7,0.544,0.322,0.356,9.4,23.4,16.0,11.5,1.5,2.2,11.9,16.0,1.6,3.0,4.6,0.125,-2.2,0.9,-1.2,0.3
135,Collin Sexton,26,UTA,SG,63,61,1758,8.5,17.8,0.48,2.3,5.5,0.406,6.3,12.2,0.513,0.543,4.4,5.1,0.865,1.2,2.3,3.5,5.4,1.0,0.1,3.3,2.9,23.7,,sextoco01,16.6,0.593,0.313,0.29,3.7,6.8,5.2,25.1,1.3,0.3,14.1,27.0,2.5,-0.1,2.4,0.066,1.7,-2.3,-0.6,0.6
136,Mike Conley,37,MIN,PG,71,64,1756,3.8,9.6,0.4,2.6,6.4,0.41,1.2,3.2,0.38,0.535,1.7,1.8,0.9,0.7,3.1,3.7,6.5,1.6,0.3,1.5,2.3,11.9,,conlemi01,13.3,0.573,0.662,0.192,2.1,9.3,5.7,24.5,2.2,0.7,12.9,14.4,3.0,2.2,5.2,0.142,-0.1,1.3,1.2,1.4
137,Amir Coffey,27,LAC,SG,72,13,1748,4.9,10.5,0.471,2.1,5.1,0.409,2.9,5.4,0.529,0.57,2.4,2.7,0.891,0.7,2.7,3.3,1.6,0.8,0.1,0.9,2.5,14.3,,coffeam01,11.2,0.614,0.484,0.253,2.1,8.2,5.2,6.1,1.1,0.4,7.4,15.3,2.4,1.7,4.0,0.111,-1.5,-0.2,-1.7,0.1
138,Jimmy Butler,35,2TM,SF,55,55,1746,6.2,12.3,0.504,0.7,2.1,0.308,5.5,10.2,0.546,0.531,6.8,8.1,0.842,2.6,3.5,6.1,6.1,1.6,0.4,1.5,1.1,19.9,,butleji01,22.4,0.626,0.174,0.657,7.7,10.8,9.2,25.5,2.2,1.0,8.8,20.8,6.6,2.0,8.7,0.238,4.0,1.0,4.9,3.0
138,Jimmy Butler,35,MIA,PF,25,25,766,6.7,12.4,0.54,0.6,1.7,0.361,6.1,10.7,0.568,0.565,6.1,7.6,0.801,2.6,3.6,6.2,5.6,1.3,0.5,1.4,1.1,20.0,,butleji01,22.8,0.638,0.137,0.612,8.0,10.9,9.4,24.2,1.8,1.3,8.2,21.1,2.9,0.8,3.7,0.233,4.2,0.6,4.8,1.3
138,Jimmy Butler,35,GSW,SF,30,30,980,5.8,12.3,0.476,0.7,2.5,0.279,5.1,9.8,0.526,0.504,7.4,8.5,0.87,2.6,3.5,6.1,6.5,1.8,0.3,1.6,1.1,19.8,,butleji01,22.2,0.617,0.204,0.692,7.5,10.7,9.1,26.5,2.5,0.8,9.2,20.6,3.7,1.2,4.9,0.242,3.8,1.2,5.0,1.7
139,Aaron Wiggins,26,OKC,SG,76,26,1744,7.3,15.0,0.488,2.7,7.0,0.383,4.6,8.0,0.578,0.577,1.5,1.8,0.831,1.7,4.4,6.1,2.8,1.2,0.4,1.4,2.1,18.9,,wiggiaa01,16.1,0.596,0.466,0.122,5.1,12.9,9.1,10.6,1.7,1.0,8.3,20.3,2.7,2.7,5.4,0.148,1.3,-0.2,1.1,1.4
140,Walker Kessler,23,UTA,C,58,58,1740,5.8,8.7,0.663,0.1,0.7,0.176,5.6,8.0,0.706,0.671,1.6,3.1,0.52,5.5,9.1,14.6,2.0,0.7,2.9,1.8,2.7,13.3,,kesslwa01,20.0,0.66,0.081,0.363,16.6,27.1,21.9,8.3,1.0,7.4,15.0,13.7,3.6,1.8,5.4,0.149,1.1,0.7,1.8,1.7
141,De'Andre Hunter,27,2TM,SF,64,9,1740,7.4,15.8,0.47,3.2,8.0,0.405,4.2,7.7,0.537,0.573,4.4,5.3,0.846,0.9,4.4,5.3,1.9,1.0,0.3,1.7,3.2,22.5,6MOY-4,huntede01,15.9,0.623,0.509,0.333,2.7,13.4,8.1,7.5,1.4,0.7,8.6,22.8,3.0,1.4,4.4,0.122,1.2,-0.8,0.4,1.0
141,De'Andre Hunter,27,ATL,SF,37,4,1064,7.7,16.6,0.461,3.3,8.4,0.393,4.4,8.3,0.531,0.56,5.1,6.0,0.858,0.9,4.0,4.9,1.9,1.0,0.2,2.0,3.0,23.8,,huntede01,15.8,0.616,0.502,0.358,2.7,12.5,7.5,7.8,1.4,0.4,9.4,24.2,1.6,0.6,2.2,0.1,0.9,-1.4,-0.4,0.4
141,De'Andre Hunter,27,CLE,SF,27,5,676,7.0,14.4,0.485,3.2,7.5,0.426,3.8,6.9,0.55,0.596,3.4,4.2,0.821,0.9,5.1,6.0,1.9,1.0,0.4,1.2,3.6,20.6,,huntede01,16.2,0.634,0.522,0.289,2.8,15.0,9.1,7.1,1.4,1.1,7.0,20.5,1.4,0.8,2.2,0.157,1.6,0.0,1.6,0.6
142,Ochai Agbaji,24,TOR,SG,64,45,1739,5.5,11.1,0.498,2.1,5.2,0.399,3.4,5.8,0.587,0.593,0.7,1.0,0.708,1.3,3.7,5.0,2.0,1.2,0.6,1.1,2.6,13.8,,agbajoc01,12.0,0.601,0.474,0.09,3.7,11.4,7.5,7.9,1.6,1.6,8.9,14.6,1.6,1.5,3.1,0.087,-0.9,0.2,-0.7,0.5
143,Brandin Podziemski,21,GSW,SG,64,33,1716,5.9,13.2,0.445,2.4,6.5,0.372,3.5,6.7,0.516,0.537,1.5,2.0,0.758,1.4,5.5,6.8,4.6,1.4,0.3,1.6,2.0,15.7,,podzibr01,14.4,0.557,0.491,0.151,4.0,16.8,10.2,18.7,2.0,0.7,10.1,18.3,1.9,2.3,4.2,0.117,-0.1,0.8,0.7,1.2
144,Jabari Smith Jr.,21,HOU,PF,57,39,1716,5.2,11.9,0.438,2.1,5.8,0.354,3.1,6.1,0.519,0.525,2.2,2.6,0.825,2.2,6.2,8.4,1.3,0.5,0.9,1.3,2.6,14.6,,smithja05,12.6,0.562,0.489,0.223,6.4,18.6,12.4,4.7,0.7,2.1,8.9,16.4,1.9,2.2,4.2,0.117,-0.8,0.1,-0.7,0.6
145,Anthony Davis,31,2TM,C,51,51,1706,9.9,19.2,0.516,0.7,2.6,0.282,9.2,16.6,0.553,0.536,6.0,7.8,0.775,2.8,9.6,12.5,3.8,1.2,2.3,2.4,2.1,26.6,AS,davisan02,26.3,0.588,0.136,0.405,9.1,29.1,19.4,18.3,1.7,6.0,9.5,30.4,3.7,3.0,6.7,0.188,3.9,1.5,5.4,3.2
145,Anthony Davis,31,LAL,C,42,42,1440,10.0,18.9,0.528,0.7,2.3,0.298,9.3,16.6,0.56,0.546,6.3,8.0,0.788,3.0,9.5,12.5,3.5,1.4,2.3,2.3,2.0,27.0,,davisan02,27.1,0.601,0.124,0.423,9.6,28.9,19.5,17.1,1.8,5.9,9.4,30.2,3.6,2.6,6.2,0.207,4.5,1.5,6.0,2.9
145,Anthony Davis,31,DAL,PF,9,9,266,9.5,20.6,0.461,0.9,4.1,0.233,8.5,16.5,0.516,0.484,4.5,6.5,0.688,2.0,10.3,12.3,5.4,0.7,2.7,2.7,2.2,24.4,,davisan02,21.7,0.52,0.197,0.316,6.3,30.5,18.6,24.7,0.9,6.4,10.4,31.2,0.1,0.4,0.5,0.088,1.2,1.3,2.5,0.3
146,Bradley Beal,31,PHO,SG,53,38,1702,7.3,14.7,0.497,2.2,5.6,0.386,5.1,9.1,0.565,0.571,2.3,2.9,0.803,0.7,3.0,3.7,4.1,1.2,0.6,2.1,2.9,19.1,,bealbr01,15.2,0.598,0.38,0.197,2.3,9.1,5.8,17.6,1.7,1.5,11.6,22.1,1.9,0.6,2.4,0.068,-0.1,-1.0,-1.1,0.4
147,Georges Niang,31,2TM,PF,79,3,1697,6.1,13.2,0.461,3.5,8.7,0.406,2.5,4.5,0.569,0.595,1.0,1.2,0.793,1.0,4.8,5.8,2.4,0.6,0.3,1.7,4.3,16.6,,niangge01,11.2,0.607,0.66,0.094,3.1,14.3,8.7,8.8,0.8,0.8,11.3,17.9,1.5,1.4,2.9,0.081,-1.1,-1.2,-2.3,-0.1
147,Georges Niang,31,CLE,PF,51,1,1053,5.7,11.9,0.477,3.1,7.7,0.4,2.6,4.2,0.618,0.606,0.8,1.0,0.793,1.2,5.3,6.5,2.3,0.6,0.2,1.6,4.4,15.2,,niangge01,11.1,0.617,0.647,0.083,3.6,15.5,9.7,8.3,0.8,0.6,11.7,16.5,1.1,1.1,2.2,0.099,-1.3,-0.5,-1.8,0.1
147,Georges Niang,31,ATL,PF,28,2,644,6.7,15.2,0.441,4.2,10.3,0.413,2.5,4.9,0.5,0.581,1.3,1.6,0.793,0.7,3.9,4.6,2.5,0.6,0.4,1.9,4.0,19.0,,niangge01,11.4,0.595,0.676,0.107,2.2,12.2,7.1,9.6,0.8,1.0,10.7,20.3,0.4,0.3,0.7,0.051,-0.8,-2.3,-3.1,-0.2
148,Jakob Poeltl,29,TOR,C,57,56,1686,7.8,12.4,0.627,0.0,0.1,0.333,7.7,12.3,0.628,0.628,2.1,3.1,0.674,4.0,7.6,11.7,3.4,1.4,1.5,2.4,3.8,17.6,,poeltja01,20.0,0.641,0.005,0.249,11.7,23.3,17.4,14.5,1.9,4.0,14.7,18.7,3.0,2.5,5.5,0.158,0.7,1.3,2.0,1.7
149,Scotty Pippen Jr.,24,MEM,PG,79,21,1683,6.1,12.7,0.48,1.9,4.7,0.397,4.2,8.0,0.528,0.553,2.6,3.7,0.713,1.4,4.1,5.5,7.4,2.2,0.6,3.0,4.3,16.7,,pippesc02,15.8,0.582,0.369,0.288,4.1,12.1,8.1,27.1,2.8,1.6,17.1,19.3,2.4,2.3,4.7,0.133,0.0,1.8,1.9,1.7
150,Kevin Huerter,26,2TM,SG,69,31,1679,5.5,13.0,0.425,2.8,8.4,0.338,2.7,4.6,0.587,0.535,0.8,1.1,0.714,0.6,3.8,4.4,3.3,1.4,0.5,1.4,2.6,14.6,,huertke01,11.3,0.544,0.647,0.081,2.0,11.3,6.7,12.6,1.9,1.3,9.7,17.5,0.6,1.3,1.9,0.054,-1.8,-0.2,-2.0,0.0
150,Kevin Huerter,26,SAC,SG,43,15,899,5.1,12.4,0.413,2.5,8.2,0.302,2.6,4.2,0.629,0.513,0.8,1.1,0.714,0.8,4.0,4.8,3.0,1.4,0.6,1.5,2.8,13.5,,huertke01,10.6,0.524,0.661,0.09,2.4,12.6,7.5,11.0,2.0,1.7,10.3,17.2,0.1,0.8,0.8,0.044,-2.3,0.0,-2.3,-0.1
150,Kevin Huerter,26,CHI,SG,26,16,780,6.0,13.6,0.439,3.2,8.6,0.376,2.7,5.0,0.546,0.558,0.7,1.0,0.714,0.5,3.4,3.9,3.8,1.4,0.3,1.4,2.4,15.8,,huertke01,12.0,0.566,0.633,0.071,1.5,9.8,5.7,14.4,1.8,0.8,9.0,17.8,0.5,0.6,1.1,0.066,-1.2,-0.3,-1.5,0.1
151,Santi Aldama,24,MEM,PF,65,16,1660,6.8,14.1,0.483,2.6,7.1,0.368,4.2,7.0,0.599,0.576,1.4,2.0,0.691,2.0,7.0,9.0,4.1,1.1,0.6,1.5,1.6,17.6,,aldamsa01,16.8,0.588,0.503,0.145,6.1,20.3,13.3,15.2,1.5,1.6,9.3,18.5,2.9,2.0,5.0,0.144,2.5,0.7,3.2,2.2
152,A.J. Green,25,MIL,SG,73,7,1659,3.9,9.2,0.429,3.4,7.9,0.427,0.6,1.3,0.443,0.612,0.5,0.6,0.815,0.4,3.4,3.8,2.3,0.8,0.2,0.9,3.4,11.7,,greenaj01,9.2,0.621,0.856,0.064,1.2,9.8,5.7,8.5,1.1,0.4,8.4,12.6,1.6,1.3,2.8,0.082,-1.7,-0.4,-2.2,-0.1
153,Al Horford,38,BOS,C,60,42,1659,4.2,10.0,0.423,2.5,6.8,0.363,1.8,3.2,0.551,0.547,0.7,0.8,0.895,1.7,6.3,8.0,2.8,0.8,1.1,1.0,1.8,11.7,,horfoal01,12.9,0.563,0.681,0.082,5.2,18.9,12.1,10.4,1.1,2.8,8.8,13.8,2.0,2.4,4.4,0.129,0.1,1.1,1.2,1.3
154,Terry Rozier,30,MIA,PG,64,23,1658,5.4,13.8,0.391,2.0,6.7,0.295,3.4,7.1,0.48,0.462,2.0,2.3,0.852,1.0,4.2,5.2,3.6,0.8,0.3,1.7,1.6,14.7,,roziete01,10.5,0.497,0.485,0.17,3.0,12.8,7.9,14.8,1.1,0.8,10.3,20.4,-0.5,1.5,1.0,0.029,-2.6,-1.0,-3.7,-0.7
155,Peyton Watson,22,DEN,SF,68,18,1656,4.4,9.3,0.477,1.0,3.0,0.353,3.4,6.3,0.534,0.533,2.1,3.0,0.693,1.0,4.0,5.1,2.0,1.0,2.0,1.2,2.7,12.0,,watsope01,11.4,0.564,0.318,0.32,3.3,11.8,7.7,7.0,1.4,5.0,10.3,13.9,1.0,1.5,2.5,0.073,-2.1,0.3,-1.8,0.1
156,Moses Moody,22,GSW,SG,74,34,1649,5.4,12.4,0.433,2.8,7.4,0.374,2.6,5.0,0.519,0.544,2.3,2.9,0.797,1.1,3.0,4.1,2.1,1.3,0.7,1.2,2.5,15.8,,moodymo01,12.4,0.578,0.593,0.234,3.3,9.2,6.2,8.3,1.7,1.8,7.9,17.4,1.7,1.8,3.5,0.102,-0.9,0.0,-0.9,0.5
157,Tristan Da Silva,23,ORL,SF,74,38,1629,4.4,10.7,0.412,1.8,5.3,0.335,2.6,5.4,0.488,0.495,1.2,1.4,0.873,1.6,3.8,5.4,2.5,0.7,0.4,1.2,2.1,11.8,,dasiltr01,9.9,0.522,0.495,0.13,4.9,12.7,8.6,10.3,1.0,1.1,9.9,15.2,0.5,1.9,2.5,0.073,-2.3,-0.3,-2.6,-0.3
158,Donte DiVincenzo,28,MIN,SG,62,10,1606,5.6,13.3,0.422,3.9,9.8,0.397,1.7,3.5,0.49,0.568,1.1,1.4,0.778,0.7,4.4,5.1,5.0,1.6,0.4,2.2,2.6,16.2,,divindo01,14.1,0.582,0.739,0.106,2.2,13.3,7.9,20.2,2.2,1.0,13.8,19.4,1.6,2.2,3.9,0.115,0.8,1.1,1.9,1.6
159,Isaiah Joe,25,OKC,SG,74,16,1604,5.8,13.2,0.44,4.3,10.5,0.412,1.5,2.7,0.549,0.604,1.0,1.3,0.821,0.9,3.5,4.4,2.7,1.1,0.2,0.9,2.5,17.0,,joeis01,14.0,0.617,0.793,0.095,2.8,10.1,6.6,9.7,1.4,0.6,5.8,17.2,2.9,2.2,5.1,0.153,1.4,-0.1,1.3,1.4
160,Corey Kispert,25,WAS,SF,61,0,1602,5.7,12.7,0.451,2.7,7.4,0.364,3.0,5.3,0.574,0.558,1.7,2.0,0.852,0.8,3.3,4.1,2.3,0.6,0.3,1.4,2.2,15.8,,kispeco01,11.0,0.584,0.584,0.156,2.3,9.5,5.9,9.7,0.8,0.8,9.6,17.5,1.0,0.1,1.1,0.032,-1.4,-2.2,-3.7,-0.7
161,Caris LeVert,30,2TM,SG,64,3,1596,6.3,13.5,0.467,2.4,6.4,0.373,3.9,7.1,0.552,0.556,2.5,3.5,0.71,0.9,3.7,4.6,4.8,1.3,0.7,1.7,2.2,17.5,,leverca01,15.2,0.582,0.474,0.259,2.8,11.0,6.9,18.1,1.7,1.9,10.2,19.4,2.4,1.6,4.0,0.119,0.8,0.1,0.9,1.2
161,Caris LeVert,30,CLE,SF,38,3,904,5.4,11.9,0.453,2.4,5.9,0.405,3.0,6.0,0.5,0.554,2.3,3.3,0.699,0.9,3.4,4.3,5.6,1.3,0.8,2.0,1.9,15.5,,leverca01,14.4,0.58,0.497,0.279,2.7,9.9,6.4,20.0,1.8,1.9,13.2,18.1,1.3,1.0,2.3,0.124,0.5,0.7,1.2,0.7
161,Caris LeVert,30,ATL,SG,26,0,692,7.5,15.7,0.482,2.4,7.1,0.338,5.2,8.6,0.6,0.558,2.7,3.7,0.722,1.0,4.0,5.0,3.9,1.2,0.7,1.3,2.7,20.2,,leverca01,16.2,0.583,0.452,0.239,2.9,12.5,7.6,15.7,1.6,1.9,7.0,21.2,1.1,0.5,1.6,0.112,1.1,-0.7,0.4,0.4
162,Miles McBride,24,NYK,PG,64,10,1593,5.0,12.4,0.406,2.6,7.1,0.369,2.4,5.3,0.455,0.511,1.2,1.4,0.813,1.1,2.6,3.6,4.2,1.5,0.4,0.9,2.4,13.8,,mcbrimi01,12.6,0.531,0.57,0.117,3.4,8.1,5.8,15.6,2.1,1.0,6.7,16.8,1.8,1.4,3.2,0.098,-0.4,0.4,0.0,0.8
163,Isaiah Hartenstein,26,OKC,C,57,53,1590,6.3,10.9,0.581,0.0,0.4,0.0,6.3,10.4,0.605,0.581,1.8,2.6,0.675,3.7,10.1,13.8,5.0,1.1,1.4,2.2,3.9,14.4,,harteis01,18.9,0.599,0.04,0.244,11.2,29.6,20.6,18.3,1.4,3.9,15.3,16.7,3.2,3.6,6.8,0.205,0.6,2.6,3.2,2.1
164,Gradey Dick,21,TOR,SG,54,54,1587,6.0,14.7,0.41,2.6,7.4,0.35,3.4,7.3,0.47,0.498,3.0,3.5,0.858,1.0,3.4,4.4,2.2,1.1,0.2,1.9,2.7,17.6,,dickgr01,10.9,0.543,0.504,0.24,2.9,10.3,6.5,8.9,1.5,0.6,10.4,21.0,0.2,1.2,1.4,0.042,-1.9,-1.3,-3.2,-0.5
165,Paolo Banchero,22,ORL,PF,46,46,1582,9.4,20.7,0.452,2.0,6.2,0.32,7.4,14.5,0.509,0.5,6.4,8.8,0.727,1.2,6.7,7.9,5.0,0.8,0.6,3.1,2.2,27.1,,banchpa01,20.0,0.551,0.299,0.423,3.5,22.4,12.5,26.0,1.1,1.7,11.2,33.6,1.1,2.4,3.5,0.106,3.4,0.2,3.5,2.2
166,Patrick Williams,23,CHI,PF,63,36,1576,4.7,11.8,0.397,2.2,6.2,0.353,2.5,5.6,0.447,0.49,1.4,1.9,0.723,1.0,4.4,5.4,2.8,1.1,0.7,2.0,2.0,12.9,,willipa01,9.0,0.512,0.527,0.161,2.9,12.7,7.9,10.3,1.4,1.8,13.5,16.9,-0.9,1.3,0.4,0.012,-3.0,-0.7,-3.7,-0.7
167,Obi Toppin,26,IND,PF,79,4,1545,7.4,14.0,0.529,2.6,7.0,0.365,4.8,6.9,0.695,0.621,2.1,2.7,0.781,1.3,6.1,7.4,3.0,1.1,0.7,1.6,2.5,19.4,,toppiob01,17.4,0.642,0.503,0.19,4.1,18.7,11.5,11.9,1.4,1.6,9.5,20.1,2.7,1.6,4.3,0.135,1.8,-0.1,1.7,1.4
168,Grayson Allen,29,PHO,SG,64,7,1544,5.1,11.4,0.448,3.5,8.2,0.426,1.6,3.2,0.504,0.6,2.2,2.7,0.816,0.8,3.7,4.5,3.2,1.3,0.4,1.7,2.2,15.9,,allengr01,13.7,0.631,0.716,0.233,2.5,11.3,7.0,12.5,1.7,1.2,12.2,17.6,2.0,0.6,2.5,0.079,0.7,-1.0,-0.3,0.7
169,Sam Hauser,27,BOS,PF,71,19,1541,5.0,11.1,0.451,3.9,9.3,0.416,1.1,1.8,0.64,0.627,0.3,0.3,1.0,1.0,4.2,5.2,1.5,1.0,0.3,0.5,2.0,14.1,,hausesa01,12.8,0.632,0.842,0.023,3.1,12.7,7.9,5.8,1.3,0.8,4.6,14.3,2.6,1.8,4.4,0.136,0.9,-0.1,0.8,1.1
170,Ziaire Williams,23,BRK,SF,63,45,1541,5.0,12.1,0.412,2.4,7.1,0.341,2.6,5.1,0.509,0.511,2.4,2.9,0.821,1.4,5.3,6.7,2.0,1.4,0.7,1.6,3.5,14.8,,willizi02,11.9,0.55,0.581,0.237,4.3,17.5,10.6,8.5,2.0,1.8,10.5,18.2,0.5,1.6,2.1,0.065,-2.2,-0.1,-2.3,-0.1
171,Gabe Vincent,28,LAL,PG,72,11,1527,4.0,9.9,0.4,2.6,7.3,0.353,1.4,2.6,0.532,0.53,0.4,0.5,0.714,0.5,1.7,2.2,2.3,1.2,0.3,1.0,3.6,10.8,,vincega01,7.4,0.536,0.736,0.05,1.5,5.2,3.4,8.7,1.6,0.8,8.7,13.5,0.3,1.0,1.3,0.039,-3.8,-0.1,-4.0,-0.8
172,Victor Wembanyama,21,SAS,C,46,46,1527,9.6,20.2,0.476,3.3,9.5,0.352,6.3,10.7,0.586,0.559,3.7,4.5,0.836,1.9,10.0,11.9,4.0,1.2,4.1,3.5,2.5,26.3,AS,wembavi01,24.2,0.594,0.47,0.221,5.7,29.8,17.7,18.3,1.6,10.4,13.7,30.4,1.0,2.8,3.8,0.118,3.6,2.9,6.5,3.3
173,Jerami Grant,30,POR,PF,47,47,1524,5.1,13.6,0.373,2.6,7.0,0.365,2.5,6.6,0.381,0.467,3.3,3.9,0.849,0.6,3.2,3.9,2.4,1.0,1.1,1.5,2.6,16.0,,grantje01,10.9,0.523,0.516,0.289,1.8,10.0,5.8,9.5,1.3,2.7,9.1,19.4,0.6,1.2,1.8,0.057,-1.4,-0.3,-1.6,0.1
174,Jonas Valančiūnas,32,2TM,C,81,21,1524,8.1,14.8,0.55,0.2,0.9,0.216,8.0,13.9,0.571,0.557,3.4,3.9,0.879,4.5,10.3,14.8,3.9,0.9,1.1,2.8,4.3,19.9,,valanjo01,20.8,0.602,0.059,0.263,13.3,30.7,22.0,17.6,1.2,2.8,14.6,22.8,2.6,1.7,4.3,0.137,0.8,-0.1,0.6,1.0
174,Jonas Valančiūnas,32,WAS,C,49,12,983,8.5,15.5,0.547,0.3,1.0,0.259,8.2,14.5,0.567,0.556,3.5,3.9,0.896,4.4,10.4,14.8,4.0,0.8,1.0,3.2,3.6,20.7,,valanjo01,20.6,0.602,0.064,0.251,12.6,30.2,21.4,18.8,1.1,2.6,15.8,23.8,1.3,1.0,2.3,0.112,0.8,-0.5,0.4,0.6
174,Jonas Valančiūnas,32,SAC,C,32,9,541,7.6,13.6,0.556,0.1,0.7,0.1,7.5,13.0,0.579,0.559,3.3,3.9,0.847,4.7,10.2,14.8,3.7,1.0,1.2,2.1,5.6,18.6,,valanjo01,21.1,0.604,0.049,0.288,14.5,31.7,23.1,15.3,1.4,3.3,12.2,20.9,1.3,0.7,2.1,0.183,0.6,0.5,1.1,0.4
175,Kyle Filipowski,21,UTA,C,72,27,1522,6.1,12.3,0.502,1.8,5.2,0.35,4.3,7.0,0.614,0.576,2.2,3.4,0.65,2.6,7.8,10.4,3.3,1.1,0.5,2.4,4.0,16.3,,filipky01,14.9,0.594,0.425,0.276,8.0,23.1,15.6,13.9,1.5,1.4,14.9,18.7,1.5,1.0,2.5,0.078,-0.6,-0.3,-1.0,0.4
176,Ja Morant,25,MEM,PG,50,50,1519,9.6,21.1,0.454,2.1,6.8,0.309,7.5,14.3,0.523,0.504,6.2,7.6,0.824,0.8,4.1,4.9,8.6,1.4,0.3,4.4,2.7,27.5,,moranja01,19.3,0.563,0.321,0.359,2.4,11.8,7.1,36.0,1.9,0.7,15.2,32.2,2.0,1.5,3.5,0.112,3.1,-0.7,2.4,1.7
177,Matas Buzelis,20,CHI,SF,80,31,1511,6.0,13.2,0.454,2.3,6.3,0.361,3.7,6.9,0.54,0.541,2.1,2.6,0.815,1.3,5.3,6.6,1.9,0.7,1.8,1.8,3.0,16.4,ROY-7,buzelma01,12.5,0.571,0.479,0.195,3.9,15.2,9.6,7.2,0.9,4.3,10.9,18.7,0.5,1.4,1.9,0.06,-2.0,-0.5,-2.5,-0.2
178,LaMelo Ball,23,CHO,PG,47,47,1505,9.7,24.0,0.405,4.3,12.6,0.339,5.4,11.4,0.478,0.494,4.6,5.5,0.843,1.1,4.4,5.5,8.3,1.3,0.3,4.0,3.8,28.3,,ballla01,19.1,0.536,0.526,0.228,3.3,13.4,8.2,43.8,1.8,0.8,13.1,35.9,0.9,1.1,2.0,0.065,4.1,-0.9,3.2,2.0
179,Dalton Knecht,23,LAL,SF,78,16,1494,6.2,13.4,0.461,3.1,8.2,0.376,3.1,5.2,0.594,0.576,1.5,2.0,0.762,0.9,4.3,5.2,1.6,0.6,0.2,0.9,2.2,17.0,,knechda01,12.7,0.594,0.61,0.151,2.9,13.1,8.1,6.5,0.8,0.5,5.9,18.5,1.7,1.0,2.7,0.086,-0.1,-1.7,-1.8,0.1
180,Kevin Porter Jr.,24,2TM,SG,75,4,1482,7.1,15.8,0.449,1.3,4.3,0.311,5.8,11.5,0.501,0.492,3.2,4.1,0.769,1.0,5.7,6.8,6.2,2.0,0.3,3.3,2.9,18.7,,porteke02,15.4,0.531,0.271,0.259,3.2,17.3,10.4,25.9,2.7,0.9,15.8,25.4,-0.1,2.3,2.2,0.072,-1.6,0.9,-0.6,0.5
180,Kevin Porter Jr.,24,LAC,SG,45,2,884,7.0,16.6,0.423,1.1,4.3,0.245,5.9,12.3,0.485,0.455,2.0,3.1,0.645,1.2,5.3,6.5,5.9,1.8,0.4,3.4,2.9,17.1,,porteke02,12.1,0.476,0.26,0.187,3.8,16.5,10.3,24.5,2.4,1.2,16.0,25.9,-1.2,1.4,0.2,0.011,-3.2,0.7,-2.5,-0.1
180,Kevin Porter Jr.,24,MIL,SG,30,2,598,7.3,14.7,0.494,1.7,4.3,0.408,5.5,10.5,0.529,0.553,4.9,5.6,0.871,0.8,6.3,7.1,6.7,2.3,0.1,3.1,2.9,21.2,,porteke02,20.2,0.616,0.29,0.38,2.5,18.3,10.7,28.0,3.1,0.3,15.4,24.8,1.1,0.9,2.0,0.163,0.9,1.2,2.1,0.6
181,D'Angelo Russell,28,2TM,PG,58,36,1480,6.1,15.5,0.39,2.7,8.8,0.314,3.3,6.8,0.489,0.479,2.9,3.5,0.834,0.5,3.5,3.9,7.2,1.4,0.6,2.6,2.8,17.8,,russeda01,14.0,0.522,0.564,0.227,1.5,11.0,6.2,31.2,1.9,1.5,13.3,24.0,0.7,1.3,1.9,0.063,0.0,-0.4,-0.4,0.6
181,D'Angelo Russell,28,LAL,PG,29,10,763,6.1,14.7,0.415,2.6,7.9,0.333,3.4,6.7,0.51,0.505,2.1,2.5,0.849,0.4,3.4,3.8,6.4,1.1,0.2,2.4,2.5,16.9,,russeda01,13.0,0.537,0.54,0.17,1.2,10.3,5.9,26.2,1.5,0.5,13.0,22.1,0.4,0.6,1.0,0.063,-0.7,-1.0,-1.7,0.1
181,D'Angelo Russell,28,BRK,PG,29,26,717,6.0,16.4,0.367,2.9,9.6,0.297,3.2,6.8,0.467,0.454,3.8,4.6,0.826,0.6,3.5,4.1,8.1,1.7,1.0,2.9,3.1,18.7,,russeda01,15.1,0.508,0.587,0.281,1.8,11.6,6.5,36.6,2.3,2.6,13.6,25.9,0.2,0.7,0.9,0.063,0.8,0.2,1.0,0.5
182,Lauri Markkanen,27,UTA,PF,47,47,1476,7.2,17.1,0.423,3.4,9.7,0.346,3.9,7.3,0.525,0.521,4.0,4.5,0.876,1.8,5.0,6.8,1.7,0.8,0.4,1.6,1.9,21.8,,markkla01,15.6,0.571,0.57,0.264,5.3,14.9,10.1,7.5,1.1,1.1,7.8,24.0,1.8,0.3,2.2,0.07,1.8,-2.1,-0.3,0.7
183,Luke Kennard,28,MEM,SG,65,11,1472,5.0,10.5,0.478,2.8,6.4,0.433,2.3,4.2,0.547,0.609,1.2,1.4,0.895,0.9,3.6,4.5,5.3,1.2,0.1,1.8,1.4,14.1,,kennalu01,13.6,0.631,0.606,0.132,2.7,10.4,6.6,18.5,1.6,0.3,13.6,14.5,2.6,1.3,3.9,0.127,0.9,0.2,1.1,1.2
184,Jamal Shead,22,TOR,PG,75,11,1467,5.0,12.4,0.405,1.8,5.5,0.323,3.2,6.9,0.47,0.476,1.3,1.7,0.768,0.7,2.1,2.8,7.8,1.4,0.2,2.9,3.9,13.1,,sheadja01,9.9,0.499,0.442,0.137,2.1,6.4,4.2,29.8,1.9,0.7,18.0,18.6,-0.2,1.1,0.8,0.027,-3.2,-0.9,-4.1,-0.8
185,Aaron Gordon,29,DEN,PF,51,42,1447,6.6,12.4,0.531,1.9,4.3,0.436,4.7,8.1,0.582,0.607,3.6,4.5,0.81,2.0,4.2,6.1,4.1,0.6,0.3,1.8,2.0,18.6,,gordoaa01,17.0,0.65,0.346,0.36,6.4,12.1,9.4,15.0,0.8,0.9,11.3,19.0,3.6,0.7,4.3,0.143,2.7,-1.5,1.2,1.2
186,Isaiah Stewart,23,DET,C,72,4,1434,4.4,7.9,0.559,0.4,1.3,0.321,4.0,6.6,0.607,0.586,1.7,2.2,0.759,3.3,6.8,10.0,3.1,0.7,2.5,1.7,4.6,10.9,,stewais01,14.6,0.616,0.168,0.276,10.1,20.6,15.4,11.3,0.9,6.7,16.1,12.4,2.1,2.2,4.3,0.144,-1.6,2.1,0.6,0.9
187,Brice Sensabaugh,21,UTA,SF,71,15,1432,6.9,15.1,0.459,3.9,9.4,0.422,3.0,5.7,0.52,0.59,1.6,1.8,0.89,1.1,4.2,5.3,2.8,1.2,0.2,2.7,2.8,19.4,,sensabr01,13.4,0.612,0.621,0.122,3.2,12.6,7.9,12.0,1.5,0.5,14.5,21.5,0.9,0.3,1.2,0.042,0.4,-1.6,-1.2,0.3
188,Goga Bitadze,25,ORL,C,70,42,1430,5.2,8.5,0.611,0.1,0.7,0.107,5.1,7.8,0.656,0.615,2.1,3.3,0.639,4.2,7.5,11.7,3.4,1.2,2.5,1.8,3.8,12.6,,bitadgo01,19.2,0.631,0.083,0.392,12.7,25.0,18.6,14.8,1.7,6.6,15.3,14.3,2.8,3.0,5.8,0.195,-0.3,2.8,2.5,1.6
189,Kel'el Ware,20,MIA,C,64,36,1422,6.5,11.7,0.554,0.9,2.8,0.315,5.6,8.9,0.629,0.592,1.2,1.7,0.687,2.9,9.0,12.0,1.5,1.0,1.8,1.4,2.8,15.1,ROY-6,wareke01,17.4,0.603,0.239,0.144,9.1,27.5,18.4,6.5,1.4,4.8,10.4,17.2,1.7,2.5,4.1,0.14,-0.7,0.6,-0.1,0.7
190,Tari Eason,23,HOU,PF,57,16,1420,6.9,14.2,0.487,1.6,4.7,0.342,5.3,9.5,0.557,0.543,2.0,2.6,0.76,3.2,5.9,9.2,2.1,2.5,1.3,1.6,3.4,17.4,,easonta01,18.5,0.567,0.329,0.186,9.4,17.9,13.6,8.5,3.3,3.2,9.7,19.4,2.1,2.9,5.0,0.169,1.0,2.6,3.6,2.0
191,Zach Edey,22,MEM,C,66,55,1416,6.4,11.0,0.58,0.5,1.3,0.346,5.9,9.7,0.612,0.6,2.3,3.2,0.709,5.9,8.0,13.9,1.7,0.9,2.2,2.2,4.6,15.5,ROY-5,edeyza01,18.2,0.624,0.12,0.293,17.5,23.4,20.5,6.1,1.2,5.5,15.3,16.4,2.7,2.2,4.9,0.165,-0.2,0.1,-0.1,0.7
192,T.J. McConnell,32,IND,PG,79,1,1415,8.2,15.9,0.519,0.4,1.2,0.306,7.9,14.6,0.537,0.531,1.5,2.0,0.74,1.1,3.8,4.9,8.9,2.1,0.5,2.8,2.0,18.3,,mccontj01,18.4,0.547,0.079,0.123,3.5,11.6,7.6,37.0,2.8,1.3,14.2,23.4,1.5,1.7,3.2,0.109,0.6,0.6,1.2,1.2
193,Terance Mann,28,2TM,SG,67,13,1414,5.2,10.5,0.496,1.5,4.1,0.368,3.7,6.4,0.58,0.569,1.2,1.7,0.691,1.7,3.3,5.1,3.1,1.2,0.4,1.2,3.3,13.2,,mannte01,12.0,0.584,0.395,0.165,5.3,10.4,7.8,11.7,1.6,1.0,9.6,14.7,1.7,1.3,3.0,0.101,-1.4,0.0,-1.3,0.2
193,Terance Mann,28,LAC,SG,37,12,732,4.3,9.6,0.446,1.3,3.7,0.347,3.0,5.9,0.508,0.513,1.1,1.6,0.719,1.6,3.7,5.3,2.9,1.4,0.5,1.2,3.3,11.0,,mannte01,10.5,0.533,0.385,0.164,5.0,11.4,8.3,10.9,1.9,1.5,10.7,14.0,0.4,1.0,1.4,0.093,-2.5,1.2,-1.3,0.1
193,Terance Mann,28,ATL,SG,30,1,682,6.2,11.5,0.541,1.8,4.6,0.386,4.4,6.9,0.646,0.619,1.3,1.9,0.667,1.9,3.0,4.9,3.3,1.0,0.2,1.2,3.2,15.5,,mannte01,13.7,0.629,0.404,0.165,5.6,9.2,7.4,12.5,1.3,0.5,8.6,15.4,1.3,0.3,1.6,0.111,-0.1,-1.2,-1.3,0.1
194,Ryan Dunn,22,PHO,SF,74,44,1410,5.2,12.2,0.43,2.1,6.7,0.311,3.1,5.4,0.577,0.516,0.5,1.0,0.487,2.3,4.5,6.8,1.5,1.1,1.0,1.0,4.1,13.0,,dunnry01,10.7,0.517,0.553,0.082,7.5,13.5,10.6,5.7,1.5,2.7,7.5,16.7,0.2,0.7,1.0,0.034,-2.9,-1.2,-4.1,-0.7
195,Sam Merrill,28,CLE,SG,71,4,1401,4.4,10.9,0.406,3.5,9.5,0.372,0.9,1.4,0.625,0.567,0.7,0.7,0.966,1.0,3.1,4.0,2.8,1.4,0.4,0.9,3.2,13.1,,merrisa01,11.1,0.583,0.868,0.068,3.0,8.9,6.1,9.6,1.8,0.9,7.4,14.3,1.8,1.5,3.3,0.113,-0.4,0.7,0.3,0.8
196,Ayo Dosunmu,25,CHI,SG,46,26,1394,5.7,11.6,0.492,1.6,4.9,0.328,4.1,6.7,0.612,0.561,1.6,2.0,0.785,0.7,3.5,4.2,5.4,1.1,0.5,1.8,2.7,14.6,,dosunay01,12.8,0.585,0.421,0.176,2.0,10.0,6.1,20.2,1.4,1.1,12.5,16.6,1.6,1.0,2.5,0.087,-1.4,-0.2,-1.6,0.1
197,Ty Jerome,27,CLE,SG,70,3,1392,8.2,16.0,0.516,2.9,6.5,0.439,5.4,9.4,0.57,0.606,3.3,3.8,0.872,1.3,3.2,4.5,6.1,2.0,0.1,2.4,2.6,22.7,6MOY-3,jeromty01,21.0,0.643,0.409,0.239,4.0,9.3,6.7,24.5,2.7,0.2,11.9,23.6,4.2,1.8,5.9,0.204,3.5,0.8,4.3,2.2
198,Julian Strawther,22,DEN,SG,65,4,1384,5.5,12.6,0.432,2.4,7.0,0.349,3.0,5.6,0.535,0.529,1.9,2.3,0.822,0.4,3.3,3.7,2.2,1.0,0.4,1.5,3.9,15.3,,strawju01,9.5,0.559,0.553,0.185,1.4,9.5,5.6,7.6,1.4,1.0,9.8,17.8,0.5,0.8,1.3,0.043,-3.1,-1.4,-4.5,-0.9
199,Nick Smith Jr.,20,CHO,SG,60,27,1369,5.8,14.9,0.391,2.7,8.0,0.34,3.1,6.9,0.45,0.482,1.1,1.2,0.935,0.3,3.0,3.4,3.8,0.4,0.2,2.2,2.1,15.5,,smithni01,8.3,0.502,0.539,0.081,1.0,9.1,5.0,16.7,0.6,0.4,12.2,20.8,-0.9,0.3,-0.5,-0.019,-3.2,-2.6,-5.7,-1.3
200,Jaime Jaquez Jr.,23,MIA,SF,66,17,1368,5.6,12.2,0.461,1.0,3.1,0.311,4.6,9.0,0.513,0.501,2.8,3.7,0.754,2.2,5.4,7.6,4.4,1.6,0.4,2.6,2.1,15.0,,jaqueja01,14.3,0.543,0.258,0.307,6.8,16.5,11.7,17.9,2.2,1.0,15.7,20.2,0.5,1.8,2.3,0.081,-1.4,0.5,-0.9,0.4
201,Nicolas Batum,36,LAC,PF,78,8,1367,2.7,6.3,0.437,2.3,5.3,0.433,0.4,0.9,0.457,0.622,0.4,0.6,0.81,1.2,4.5,5.7,2.2,1.4,0.9,0.9,2.9,8.2,,batumni01,10.3,0.633,0.853,0.088,4.0,14.0,9.0,7.8,1.9,2.6,12.1,9.0,1.5,2.0,3.5,0.124,-1.2,2.0,0.8,1.0
202,Jose Alvarado,26,NOP,PG,56,23,1366,5.4,13.7,0.392,2.9,8.1,0.359,2.5,5.6,0.439,0.498,1.6,2.0,0.811,0.7,2.9,3.6,6.8,2.0,0.4,2.3,2.4,15.3,,alvarjo01,13.4,0.523,0.593,0.142,2.1,8.9,5.4,27.3,2.6,1.0,13.4,19.8,0.7,0.5,1.2,0.043,-0.6,-0.8,-1.4,0.2
203,Jeremy Sochan,21,SAS,PF,54,23,1364,6.6,12.4,0.535,0.7,2.4,0.308,5.9,10.0,0.59,0.565,2.3,3.3,0.696,3.4,5.9,9.3,3.4,1.2,0.7,2.2,3.5,16.3,,sochaje01,15.9,0.589,0.194,0.267,10.0,17.7,13.8,13.7,1.6,1.8,13.8,19.0,1.7,1.1,2.7,0.096,-0.8,-0.4,-1.2,0.3
204,Luke Kornet,29,BOS,C,73,16,1361,4.9,7.4,0.668,0.0,0.1,0.0,4.9,7.3,0.675,0.668,1.8,2.6,0.691,5.0,5.2,10.3,3.1,1.0,1.9,0.8,3.1,11.7,,kornelu01,19.6,0.683,0.011,0.346,15.2,15.8,15.5,11.9,1.3,4.8,8.8,11.4,4.8,2.2,7.0,0.246,1.6,1.7,3.3,1.8
205,Trey Lyles,29,SAC,PF,69,5,1349,4.2,10.0,0.42,2.2,6.4,0.34,2.0,3.6,0.559,0.528,1.5,2.1,0.7,2.1,6.3,8.4,2.2,1.1,0.6,1.0,2.3,12.0,,lylestr01,12.3,0.551,0.636,0.214,6.6,19.6,13.1,7.9,1.5,1.7,8.7,14.3,1.3,1.2,2.6,0.091,-0.4,-0.3,-0.7,0.4
206,Jake LaRavia,23,2TM,PF,66,0,1349,4.3,9.0,0.475,1.6,3.8,0.423,2.7,5.2,0.513,0.564,2.1,3.1,0.678,2.4,4.5,6.9,4.2,1.7,0.6,2.3,3.5,12.2,,laravja01,12.6,0.591,0.421,0.341,7.2,13.3,10.3,14.6,2.2,1.6,18.2,14.4,1.4,1.5,2.9,0.104,-0.8,1.1,0.2,0.8
206,Jake LaRavia,23,MEM,PF,47,0,982,4.3,8.8,0.49,1.5,3.3,0.444,2.9,5.5,0.517,0.573,2.5,3.5,0.698,2.5,5.1,7.5,4.9,1.6,0.7,2.5,3.4,12.6,,laravja01,13.5,0.605,0.373,0.398,7.3,14.7,11.1,16.7,2.1,1.9,19.6,14.5,1.2,1.2,2.4,0.119,-0.2,1.5,1.3,0.8
206,Jake LaRavia,23,SAC,PF,19,0,367,4.1,9.4,0.438,2.0,5.1,0.385,2.2,4.3,0.5,0.542,1.1,1.9,0.579,2.3,3.0,5.3,2.5,1.8,0.3,1.7,3.9,11.3,,laravja01,10.2,0.551,0.542,0.198,7.0,9.5,8.2,8.8,2.4,0.8,14.0,14.2,0.2,0.3,0.5,0.063,-2.5,-0.2,-2.7,-0.1
207,Bogdan Bogdanović,32,2TM,SG,54,4,1348,5.6,13.1,0.427,2.8,7.7,0.363,2.8,5.4,0.517,0.534,1.5,1.8,0.879,0.6,3.6,4.2,3.9,1.1,0.3,2.0,3.4,15.6,,bogdabo01,11.1,0.559,0.587,0.134,2.0,11.2,6.6,15.2,1.5,0.8,12.4,18.7,0.7,1.2,1.9,0.069,-1.8,-0.2,-2.0,0.0
207,Bogdan Bogdanović,32,ATL,SG,24,0,598,5.0,13.5,0.371,2.6,8.8,0.301,2.3,4.7,0.5,0.469,1.8,2.0,0.882,0.7,3.3,4.0,2.9,1.2,0.4,2.2,3.4,14.4,,bogdabo01,7.6,0.502,0.652,0.152,2.1,10.1,6.0,10.8,1.6,0.9,13.4,18.9,-0.4,0.4,-0.1,-0.006,-4.1,-0.6,-4.7,-0.4
207,Bogdan Bogdanović,32,LAC,SG,30,4,750,6.1,12.9,0.474,2.9,6.9,0.427,3.2,6.0,0.528,0.588,1.3,1.5,0.875,0.6,3.9,4.5,4.7,1.0,0.2,1.8,3.4,16.5,,bogdabo01,14.0,0.608,0.534,0.119,1.8,12.1,7.0,18.7,1.4,0.7,11.6,18.6,1.1,0.9,2.0,0.128,0.1,0.1,0.2,0.4
208,Justin Champagnie,23,WAS,SF,62,31,1340,5.6,11.0,0.511,2.0,5.2,0.383,3.7,5.9,0.624,0.601,1.3,2.0,0.685,3.0,6.4,9.4,1.6,1.7,1.0,1.5,3.0,14.6,,champju01,15.7,0.614,0.47,0.178,8.6,18.6,13.6,6.8,2.3,2.6,10.9,15.6,1.6,1.2,2.8,0.1,-0.3,-0.2,-0.5,0.5
209,Paul George,34,PHI,PF,41,41,1334,6.6,15.4,0.43,2.6,7.2,0.358,4.0,8.1,0.493,0.514,2.1,2.6,0.814,0.6,5.3,5.9,4.8,2.0,0.5,2.9,2.7,17.9,,georgpa01,14.5,0.543,0.47,0.17,2.0,17.2,9.3,20.9,2.8,1.5,14.7,23.5,-0.2,1.2,1.0,0.036,-0.5,0.1,-0.4,0.5
210,Ausar Thompson,22,DET,SF,59,48,1328,6.7,12.5,0.535,0.3,1.3,0.224,6.4,11.1,0.572,0.547,2.5,3.8,0.641,3.0,5.2,8.2,3.6,2.7,1.1,2.2,4.4,16.1,,thompau01,17.2,0.568,0.107,0.309,9.3,15.9,12.6,14.4,3.5,2.9,13.3,19.1,1.5,2.4,3.8,0.138,-0.8,2.5,1.7,1.2
211,Donovan Clingan,20,POR,C,67,37,1324,4.9,9.1,0.539,0.4,1.3,0.286,4.5,7.7,0.582,0.56,1.7,2.8,0.596,5.9,8.4,14.3,2.1,0.9,3.0,2.0,5.1,11.9,,clingdo01,17.4,0.574,0.147,0.311,17.3,26.1,21.6,8.3,1.2,7.5,15.9,14.2,1.8,2.2,4.0,0.144,-1.7,1.4,-0.3,0.6
212,Jordan Hawkins,22,NOP,SG,56,9,1321,5.6,15.2,0.372,3.0,9.0,0.331,2.6,6.1,0.433,0.471,2.2,2.7,0.816,0.7,3.6,4.3,1.8,0.8,0.6,1.6,1.4,16.5,,hawkijo01,9.6,0.504,0.597,0.176,2.0,11.2,6.5,7.3,1.1,1.7,8.8,21.0,-0.7,0.1,-0.5,-0.02,-2.4,-3.0,-5.4,-1.2
213,Tyrese Martin,25,BRK,SG,60,11,1315,5.2,12.7,0.406,2.7,7.7,0.351,2.5,5.0,0.492,0.513,1.3,1.6,0.793,1.6,4.4,6.0,3.3,0.9,0.2,2.0,2.1,14.3,,martity01,10.9,0.533,0.606,0.125,4.8,14.6,9.5,14.6,1.3,0.7,13.1,18.8,0.0,0.9,0.9,0.033,-1.4,-1.2,-2.6,-0.2
214,Mason Plumlee,34,PHO,C,74,21,1300,3.5,5.6,0.619,0.0,0.1,0.0,3.5,5.5,0.631,0.619,2.3,3.5,0.648,3.2,9.4,12.6,3.7,0.9,1.3,1.6,4.3,9.2,,plumlma01,14.8,0.645,0.02,0.634,10.2,28.4,19.5,13.6,1.3,3.4,18.6,10.8,2.4,1.3,3.7,0.136,-1.5,1.0,-0.6,0.5
215,Jonathan Mogbo,23,TOR,PF,63,18,1286,4.4,10.0,0.438,0.5,2.0,0.243,3.9,8.0,0.486,0.462,1.7,2.3,0.732,3.1,5.7,8.7,4.1,1.5,1.0,2.0,3.8,10.9,,mogbojo01,11.9,0.496,0.197,0.23,8.9,17.3,13.0,15.3,2.1,2.5,15.1,15.0,0.3,1.6,1.9,0.071,-2.9,1.0,-1.9,0.0
216,Jalen Johnson,23,ATL,SF,36,36,1284,7.6,15.2,0.5,1.2,4.0,0.312,6.4,11.2,0.566,0.541,2.6,3.5,0.746,1.7,8.3,10.1,5.1,1.6,1.0,3.0,1.9,19.1,,johnsja05,17.3,0.569,0.26,0.232,5.2,26.0,15.3,20.5,2.0,2.6,15.1,22.5,0.8,1.6,2.4,0.089,0.5,1.4,1.8,1.2
217,Max Strus,28,CLE,SF,50,37,1273,4.7,10.5,0.442,3.2,8.3,0.386,1.5,2.3,0.65,0.594,0.8,1.0,0.824,1.5,4.6,6.1,4.5,0.7,0.3,1.5,2.9,13.3,,strusma01,12.6,0.607,0.786,0.091,4.6,13.6,9.2,15.6,1.0,0.9,12.2,14.7,2.2,1.3,3.4,0.13,1.1,0.2,1.3,1.1
218,Johnny Juzang,23,UTA,SG,64,18,1270,5.8,13.5,0.429,3.3,8.9,0.376,2.4,4.6,0.534,0.554,1.3,1.5,0.849,1.2,4.0,5.2,1.9,1.1,0.2,1.0,3.6,16.2,,juzanjo01,11.8,0.573,0.661,0.112,3.6,12.0,7.8,7.9,1.5,0.6,6.7,17.6,1.3,0.3,1.6,0.06,-0.9,-1.4,-2.3,-0.1
219,Ron Holland,19,DET,SF,81,2,1266,5.6,11.8,0.474,1.0,4.3,0.238,4.6,7.5,0.608,0.517,2.6,3.5,0.754,1.1,5.1,6.2,2.3,1.4,0.5,2.0,4.0,14.8,,hollaro01,11.1,0.556,0.363,0.293,3.5,15.5,9.5,8.9,1.9,1.3,13.3,18.1,0.2,1.5,1.8,0.067,-3.3,0.3,-3.0,-0.3
220,Javonte Green,31,2TM,SG,68,19,1258,3.5,8.2,0.429,1.3,4.0,0.326,2.2,4.2,0.527,0.509,1.6,2.2,0.724,1.7,4.6,6.2,1.6,1.9,0.9,0.9,2.8,9.9,,greenja02,10.7,0.541,0.491,0.265,5.0,13.9,9.4,5.9,2.5,2.4,9.1,11.8,0.7,0.9,1.6,0.063,-2.8,0.5,-2.3,-0.1
220,Javonte Green,31,NOP,SG,50,18,1092,3.3,7.4,0.446,1.3,3.6,0.352,2.0,3.8,0.534,0.531,1.6,2.2,0.758,1.6,4.3,5.9,1.5,1.8,1.0,0.9,2.5,9.5,,greenja02,10.8,0.569,0.482,0.295,4.7,13.1,8.8,5.5,2.4,2.6,10.0,10.9,0.8,0.6,1.4,0.063,-2.5,0.3,-2.2,0.0
220,Javonte Green,31,CLE,SG,18,1,166,5.0,13.7,0.365,1.7,7.2,0.242,3.3,6.5,0.5,0.429,1.1,2.2,0.5,2.2,6.5,8.7,2.4,2.2,0.2,0.9,4.6,12.8,,greenja02,10.2,0.438,0.524,0.159,6.7,19.0,13.1,8.4,2.9,0.5,5.6,18.2,-0.1,0.3,0.2,0.063,-4.4,1.3,-3.1,0.0
221,Nick Richards,27,2TM,C,57,43,1256,5.9,9.9,0.591,0.0,0.1,0.0,5.9,9.9,0.594,0.591,3.4,4.6,0.744,4.2,9.1,13.4,1.4,0.4,1.6,2.3,4.0,15.2,,richani01,16.6,0.634,0.006,0.461,13.1,27.5,20.4,5.9,0.5,4.2,16.3,17.3,1.8,1.2,3.0,0.114,-2.0,-1.3,-3.3,-0.4
221,Nick Richards,27,CHO,C,21,9,440,5.2,9.3,0.561,0.0,0.1,0.0,5.2,9.2,0.566,0.561,4.8,7.1,0.678,4.2,8.8,12.9,2.3,0.6,2.1,2.7,3.9,15.3,,richani01,17.2,0.614,0.009,0.763,12.1,26.5,19.1,9.8,0.8,5.8,17.8,17.9,0.5,0.5,1.1,0.117,-2.3,0.2,-2.0,0.0
221,Nick Richards,27,PHO,C,36,34,816,6.2,10.3,0.605,0.0,0.0,0.0,6.2,10.2,0.608,0.605,2.6,3.2,0.822,4.3,9.3,13.6,0.9,0.3,1.3,2.1,4.1,15.1,,richani01,16.3,0.645,0.004,0.313,13.6,28.1,21.1,3.8,0.4,3.3,15.3,17.0,1.3,0.6,1.9,0.112,-1.9,-2.1,-3.9,-0.4
222,Dean Wade,28,CLE,PF,59,30,1252,3.2,7.8,0.413,2.3,6.4,0.36,0.9,1.4,0.653,0.561,0.5,0.9,0.533,1.5,5.7,7.2,2.2,1.2,0.6,0.6,2.9,9.2,,wadede01,10.1,0.563,0.819,0.111,4.5,16.6,10.8,7.3,1.6,1.4,7.2,10.4,1.3,1.7,3.0,0.113,-1.0,1.2,0.3,0.7
223,Ricky Council IV,23,PHI,SF,73,12,1250,5.1,13.3,0.382,1.6,6.1,0.258,3.5,7.2,0.488,0.442,3.5,4.4,0.804,1.5,4.7,6.2,2.8,0.9,0.4,1.5,1.9,15.3,,councri01,11.6,0.502,0.46,0.33,4.4,15.4,9.7,11.4,1.3,1.0,8.9,20.3,0.1,0.5,0.6,0.023,-2.0,-2.3,-4.3,-0.7
224,Tidjane Salaün,19,CHO,PF,60,10,1244,3.3,10.0,0.33,1.7,5.9,0.283,1.6,4.1,0.4,0.414,1.9,2.7,0.713,2.0,6.1,8.1,2.1,0.8,0.4,1.7,2.4,10.2,,salauti01,7.7,0.457,0.594,0.272,5.9,18.4,12.0,8.5,1.1,1.1,13.1,15.2,-0.9,0.9,0.0,0.002,-4.3,-0.8,-5.2,-1.0
225,Bobby Portis,29,MIL,PF,49,7,1244,8.0,17.2,0.466,1.9,5.2,0.365,6.1,12.1,0.508,0.52,1.8,2.1,0.836,2.6,9.3,11.9,3.0,1.0,0.8,1.6,2.7,19.7,,portibo01,17.7,0.542,0.299,0.123,8.2,27.0,18.0,12.9,1.4,1.9,8.3,24.1,0.9,1.9,2.7,0.106,0.6,-0.4,0.2,0.7
226,Moussa Diabaté,23,CHO,C,71,8,1241,4.8,8.1,0.596,0.0,0.2,0.0,4.8,7.9,0.609,0.596,2.0,3.4,0.595,5.4,7.3,12.7,1.6,1.3,1.2,1.8,3.2,11.7,,diabamo01,16.5,0.609,0.021,0.414,15.7,22.0,18.8,6.8,1.8,3.2,15.6,13.4,1.8,1.5,3.2,0.125,-1.4,-0.4,-1.9,0.0
227,Jeremiah Robinson-Earl,24,NOP,PF,66,9,1239,4.6,10.1,0.455,1.6,4.8,0.341,3.0,5.3,0.557,0.536,1.3,1.6,0.836,3.2,6.0,9.2,2.6,1.1,0.2,1.5,2.3,12.1,,robinje02,12.9,0.563,0.473,0.159,9.3,18.4,13.7,9.9,1.5,0.5,12.1,14.4,1.3,0.5,1.7,0.067,-0.9,-1.6,-2.5,-0.2
228,Simone Fontecchio,29,DET,SF,75,0,1237,4.4,10.9,0.402,2.2,6.6,0.335,2.2,4.2,0.507,0.504,2.0,2.4,0.833,1.5,4.7,6.3,1.9,0.9,0.3,1.6,2.8,13.0,,fontesi01,9.7,0.544,0.609,0.225,4.7,14.5,9.6,6.9,1.2,0.9,11.6,15.8,0.4,1.2,1.6,0.063,-2.2,-0.7,-2.9,-0.3
229,Cole Anthony,24,ORL,PG,67,22,1234,6.7,15.8,0.424,2.2,6.4,0.353,4.5,9.5,0.471,0.494,2.7,3.3,0.823,1.3,4.6,6.0,5.6,1.3,0.9,3.0,4.4,18.4,,anthoco01,14.2,0.531,0.401,0.208,4.1,15.5,9.5,25.5,1.8,2.5,14.8,24.6,0.0,2.0,2.0,0.078,-0.8,0.9,0.1,0.7
230,Ben Sheppard,23,IND,SG,63,9,1228,3.5,8.4,0.418,2.0,5.8,0.342,1.5,2.6,0.591,0.537,0.7,0.8,0.889,1.3,3.9,5.2,2.5,1.1,0.4,0.6,3.7,9.7,,sheppbe01,9.2,0.555,0.693,0.094,4.0,12.0,8.0,8.6,1.5,1.0,6.9,11.3,1.0,1.0,2.1,0.081,-2.2,0.2,-2.0,0.0
231,Daniel Gafford,26,DAL,C,57,31,1226,8.3,11.8,0.702,0.0,0.0,,8.3,11.8,0.702,0.702,4.0,5.8,0.689,4.6,6.8,11.4,2.3,0.7,3.0,1.9,4.5,20.6,,gaffoda01,24.7,0.716,0.0,0.486,14.1,20.3,17.2,10.2,0.9,7.1,11.9,19.5,4.4,1.5,5.9,0.232,2.7,1.1,3.8,1.8
232,John Collins,27,UTA,PF,40,31,1220,8.3,15.7,0.527,1.7,4.4,0.399,6.5,11.3,0.577,0.583,4.1,4.8,0.848,2.6,7.0,9.6,2.4,1.2,1.2,3.0,3.4,22.4,,collijo01,19.0,0.628,0.279,0.309,7.9,20.9,14.4,10.8,1.5,3.1,14.6,24.2,1.7,0.8,2.5,0.098,1.4,-0.4,1.0,0.9
233,Caleb Martin,29,2TM,SF,45,24,1218,3.8,9.0,0.424,1.1,3.0,0.359,2.7,5.9,0.458,0.485,1.8,2.9,0.622,1.6,3.7,5.2,2.8,1.4,0.7,1.7,2.6,10.5,,martica02,9.6,0.513,0.339,0.322,4.8,11.7,8.2,10.7,1.9,1.8,13.9,14.4,0.0,0.7,0.6,0.025,-2.9,-0.2,-3.2,-0.4
233,Caleb Martin,29,PHI,SF,31,24,943,3.9,8.9,0.435,1.3,3.3,0.379,2.6,5.5,0.469,0.506,1.8,2.8,0.622,1.6,3.6,5.2,2.6,1.3,0.8,1.6,2.4,10.7,,martica02,10.1,0.531,0.375,0.319,5.0,11.6,8.2,10.2,1.8,2.1,14.0,14.2,0.1,0.5,0.6,0.03,-2.3,-0.2,-2.5,-0.1
233,Caleb Martin,29,DAL,SF,14,0,275,3.7,9.4,0.389,0.5,2.1,0.25,3.1,7.3,0.429,0.417,2.0,3.1,0.625,1.3,4.1,5.4,3.4,1.6,0.4,1.7,3.1,9.8,,martica02,8.0,0.454,0.222,0.333,4.0,12.0,8.1,12.3,2.1,0.9,13.6,14.9,-0.2,0.2,0.0,0.008,-5.0,-0.3,-5.3,-0.2
234,Kristaps Porziņģis,29,BOS,C,42,42,1210,8.2,17.1,0.483,3.1,7.4,0.412,5.2,9.6,0.537,0.572,4.8,5.9,0.809,2.0,6.4,8.4,2.6,0.9,1.9,1.6,3.5,24.3,,porzikr01,22.3,0.618,0.436,0.347,6.1,19.3,12.8,11.4,1.3,4.8,7.4,25.9,3.3,2.0,5.3,0.212,3.5,1.2,4.7,2.1
235,Brandon Clarke,28,MEM,PF,64,18,1207,7.0,11.3,0.621,0.0,0.5,0.059,7.0,10.8,0.647,0.622,1.8,2.6,0.701,3.8,5.9,9.7,2.0,1.6,1.1,1.2,4.3,15.9,,clarkbr01,17.6,0.638,0.045,0.229,11.3,17.3,14.3,7.4,2.0,2.7,8.9,15.3,2.7,1.7,4.4,0.174,0.0,0.8,0.8,0.9
236,Deandre Ayton,26,POR,C,40,40,1206,7.9,14.0,0.566,0.2,1.0,0.188,7.7,13.0,0.594,0.573,1.2,1.8,0.667,3.7,8.4,12.1,1.9,0.9,1.2,2.1,2.6,17.2,,aytonde01,17.7,0.583,0.068,0.128,10.9,26.0,18.2,8.5,1.2,2.9,12.2,19.4,1.2,1.6,2.8,0.113,-0.3,-0.4,-0.7,0.4
237,Jarace Walker,21,IND,PF,75,5,1187,5.2,10.9,0.472,2.3,5.6,0.405,2.9,5.3,0.543,0.576,1.4,2.1,0.667,0.8,6.2,6.9,3.3,1.6,0.8,2.4,3.5,14.0,,walkeja02,11.9,0.59,0.514,0.192,2.4,19.0,10.8,12.2,2.2,1.9,16.7,17.1,0.1,1.5,1.6,0.065,-1.8,0.8,-0.9,0.3
238,Kawhi Leonard,33,LAC,SF,37,37,1180,9.5,19.0,0.498,2.4,5.8,0.411,7.1,13.2,0.536,0.56,3.0,3.7,0.81,1.1,5.6,6.7,3.5,1.8,0.5,2.2,1.7,24.3,,leonaka01,20.5,0.589,0.305,0.194,3.4,17.4,10.5,16.4,2.5,1.4,9.6,27.7,1.5,1.9,3.5,0.141,2.5,0.6,3.1,1.5
239,Clint Capela,30,ATL,C,55,41,1176,6.7,11.9,0.559,0.0,0.0,0.0,6.7,11.9,0.56,0.559,1.6,3.0,0.536,5.3,9.0,14.4,1.9,1.0,1.6,1.4,3.2,14.9,,capelca01,17.7,0.564,0.003,0.249,15.8,28.2,21.8,7.4,1.4,4.1,9.8,16.7,1.7,1.5,3.2,0.131,-0.6,-0.4,-1.0,0.3
240,Cody Martin,29,2TM,SF,53,8,1173,4.2,10.0,0.418,1.3,4.6,0.285,2.9,5.3,0.534,0.485,1.3,1.9,0.705,1.6,5.2,6.9,3.2,1.7,1.0,1.6,2.9,11.0,,martico01,11.3,0.509,0.465,0.188,4.8,15.9,10.3,13.0,2.4,2.7,12.7,14.7,0.1,1.2,1.3,0.054,-2.8,1.1,-1.7,0.1
240,Cody Martin,29,CHO,SF,39,8,967,4.3,10.0,0.433,1.5,4.6,0.323,2.8,5.4,0.528,0.507,1.3,1.8,0.694,1.5,5.1,6.6,3.3,1.6,1.0,1.6,2.7,11.4,,martico01,11.7,0.528,0.463,0.183,4.3,15.3,9.7,13.6,2.2,2.6,12.7,14.6,0.3,1.0,1.3,0.063,-2.3,1.1,-1.2,0.2
240,Cody Martin,29,PHO,SF,14,0,206,3.5,10.0,0.351,0.5,4.7,0.111,3.0,5.2,0.567,0.377,1.6,2.1,0.75,2.3,6.1,8.4,2.8,2.3,1.0,1.6,4.0,9.1,,martico01,9.5,0.417,0.474,0.211,7.2,18.5,13.0,10.3,3.1,2.7,12.6,15.3,-0.2,0.2,0.0,0.01,-4.9,0.9,-4.0,-0.1
241,Mark Williams,23,CHO,C,44,41,1171,8.3,13.7,0.604,0.0,0.1,0.0,8.3,13.6,0.609,0.604,4.0,5.0,0.804,4.1,9.7,13.7,3.4,1.0,1.7,2.2,3.2,20.6,,willima07,23.9,0.647,0.009,0.365,11.8,29.3,20.3,16.5,1.3,4.5,12.0,21.4,3.1,1.6,4.7,0.195,2.5,0.9,3.5,1.6
242,Precious Achiuwa,25,NYK,C,57,10,1170,5.0,10.1,0.502,0.3,1.1,0.278,4.7,9.0,0.529,0.517,1.3,2.1,0.594,3.1,6.6,9.8,1.7,1.4,1.3,1.4,2.5,11.7,,achiupr01,13.6,0.53,0.11,0.211,10.0,21.0,15.5,6.2,2.0,3.3,11.2,14.9,0.7,1.7,2.3,0.095,-2.1,0.2,-1.9,0.0
243,Nikola Jović,21,MIA,PF,46,10,1156,5.4,11.7,0.456,2.4,6.5,0.371,2.9,5.2,0.563,0.56,2.2,2.7,0.828,0.8,4.8,5.6,4.1,1.2,0.4,1.9,2.6,15.4,,jovicni01,13.8,0.595,0.557,0.231,2.5,14.6,8.6,16.6,1.6,1.1,12.6,18.3,1.2,1.3,2.5,0.104,-0.3,0.6,0.3,0.7
244,Justin Edwards,21,PHI,SF,44,26,1155,5.4,11.8,0.455,2.2,5.9,0.363,3.2,5.9,0.548,0.546,1.0,1.4,0.696,1.4,3.2,4.6,2.2,1.4,0.5,1.5,3.1,13.9,,edwarju01,11.3,0.559,0.503,0.122,4.3,10.4,7.3,8.9,1.9,1.4,11.0,16.9,0.4,0.5,0.9,0.039,-2.1,-1.6,-3.7,-0.5
245,Vit Krejci,24,ATL,PG,57,16,1153,4.5,9.1,0.497,2.8,6.4,0.437,1.7,2.7,0.64,0.651,1.0,1.4,0.711,0.7,4.2,4.9,4.6,1.1,0.8,1.6,3.3,12.9,,krejcvi01,12.7,0.661,0.705,0.154,2.0,13.1,7.4,16.5,1.5,2.1,13.8,12.9,1.8,0.8,2.6,0.11,0.0,0.7,0.7,0.8
246,Jonathan Kuminga,22,GSW,PF,47,10,1144,8.1,17.9,0.454,1.4,4.8,0.305,6.7,13.1,0.508,0.495,4.9,7.4,0.668,1.8,5.1,6.8,3.3,1.2,0.7,2.2,2.8,22.6,,kuminjo01,15.7,0.535,0.266,0.414,5.1,15.6,10.2,14.6,1.6,1.7,9.6,27.4,0.5,1.5,1.9,0.08,-0.5,-0.1,-0.6,0.4
247,Kevon Looney,28,GSW,C,76,6,1142,4.5,8.8,0.514,0.1,0.2,0.4,4.4,8.6,0.516,0.518,1.8,3.1,0.566,5.8,8.7,14.6,3.7,1.5,1.2,1.2,4.9,10.8,,looneke01,17.0,0.535,0.018,0.356,16.9,26.9,21.8,14.3,2.0,3.1,10.8,13.3,2.2,2.1,4.3,0.182,-1.0,1.3,0.3,0.7
248,Kenrich Williams,30,OKC,PF,69,7,1132,5.4,11.3,0.483,2.1,5.4,0.386,3.3,5.8,0.574,0.576,0.9,1.2,0.718,2.1,5.6,7.7,3.1,1.4,0.3,1.2,3.5,13.9,,willike04,13.7,0.587,0.483,0.11,6.3,16.3,11.4,11.0,1.8,0.9,9.5,15.4,1.6,1.9,3.6,0.151,-0.4,0.9,0.6,0.7
249,Julian Phillips,21,CHI,SF,79,5,1123,4.1,9.2,0.446,1.6,4.9,0.327,2.5,4.3,0.582,0.533,1.9,2.4,0.789,2.1,3.3,5.4,1.3,1.2,0.6,0.9,3.5,11.7,,phillju01,10.2,0.571,0.533,0.265,6.4,9.4,7.9,4.4,1.6,1.5,7.8,12.9,1.0,0.8,1.9,0.08,-2.6,-0.4,-3.0,-0.3
250,Aaron Nesmith,25,IND,SF,45,37,1123,6.2,12.1,0.507,2.7,6.3,0.431,3.5,5.9,0.587,0.617,2.3,2.6,0.913,1.2,4.5,5.7,1.7,1.1,0.5,1.2,3.7,17.3,,nesmiaa01,14.6,0.653,0.515,0.211,3.7,13.9,8.8,6.6,1.5,1.4,8.2,17.4,1.9,1.0,2.9,0.126,0.0,-0.5,-0.5,0.4
251,Dalano Banton,25,POR,PG,67,7,1120,6.4,16.3,0.391,2.3,7.1,0.324,4.1,9.2,0.442,0.462,2.9,4.0,0.728,1.0,3.4,4.3,5.1,1.4,1.1,2.8,1.9,18.0,,bantoda01,12.9,0.497,0.438,0.247,2.8,10.4,6.5,21.5,1.9,2.8,13.3,24.1,-0.3,1.1,0.8,0.033,-0.6,-0.2,-0.8,0.3
252,Ben Simmons,28,2TM,PG,51,24,1120,3.7,7.2,0.52,0.0,0.0,,3.7,7.2,0.52,0.52,0.8,1.1,0.727,1.5,6.2,7.7,9.2,1.2,0.7,3.3,3.4,8.2,,simmobe01,12.4,0.539,0.0,0.148,4.6,20.3,12.2,37.0,1.7,2.0,30.0,13.2,0.5,1.3,1.8,0.078,-2.3,1.8,-0.5,0.4
252,Ben Simmons,28,BRK,PG,33,24,825,4.1,7.4,0.547,0.0,0.0,,4.1,7.4,0.547,0.547,0.8,1.1,0.692,1.3,6.2,7.5,10.0,1.1,0.7,3.8,3.5,8.9,,simmobe01,12.6,0.562,0.0,0.153,3.9,20.5,11.8,41.6,1.6,1.9,32.7,14.3,0.3,0.9,1.1,0.065,-2.4,1.4,-1.0,0.2
252,Ben Simmons,28,LAC,PG,18,0,295,2.8,6.5,0.434,0.0,0.0,,2.8,6.5,0.434,0.434,0.7,0.9,0.857,2.1,6.3,8.4,6.8,1.5,0.9,1.7,3.2,6.3,,simmobe01,11.9,0.464,0.0,0.132,6.6,19.7,13.2,24.3,2.0,2.4,20.0,10.4,0.2,0.5,0.7,0.116,-1.9,2.7,0.9,0.2
253,Ja'Kobe Walter,20,TOR,SG,52,18,1103,5.2,12.8,0.405,2.1,6.1,0.349,3.1,6.8,0.454,0.487,2.2,2.7,0.795,1.9,3.3,5.2,2.6,1.4,0.3,1.6,3.1,14.7,,walteja01,10.8,0.523,0.473,0.211,5.6,10.1,7.8,10.2,1.9,0.9,10.4,18.2,0.3,0.9,1.2,0.052,-2.3,-0.6,-3.0,-0.3
254,Jaxson Hayes,24,LAL,C,56,35,1093,5.3,7.3,0.722,0.0,0.1,0.0,5.3,7.2,0.732,0.722,2.0,3.2,0.622,2.6,6.3,8.9,1.9,1.0,1.7,1.4,4.5,12.6,,hayesja02,15.8,0.72,0.013,0.439,8.3,19.1,13.9,7.5,1.4,4.4,13.9,12.4,2.3,1.4,3.7,0.162,-1.6,1.3,-0.3,0.5
255,Cameron Payne,30,NYK,PG,72,5,1090,5.9,14.7,0.401,3.1,8.5,0.363,2.8,6.3,0.453,0.506,1.6,1.8,0.907,0.5,3.0,3.4,6.7,1.3,0.5,1.7,3.7,16.5,,payneca01,13.8,0.532,0.574,0.121,1.5,9.4,5.5,25.5,1.8,1.4,10.0,20.8,1.3,1.0,2.3,0.099,-0.1,-0.2,-0.2,0.5
256,Jonathan Isaac,27,ORL,PF,71,1,1090,4.4,10.7,0.414,1.3,5.0,0.258,3.1,5.7,0.549,0.474,2.4,3.5,0.682,4.0,6.4,10.4,1.3,2.0,2.6,1.1,3.0,12.6,,isaacjo01,16.6,0.512,0.466,0.33,12.0,21.5,16.5,5.5,2.8,7.0,8.2,16.2,0.8,2.5,3.4,0.148,-1.1,1.8,0.7,0.7
257,DaQuan Jeffries,27,CHO,SG,47,20,1071,4.0,9.8,0.405,1.8,5.5,0.335,2.1,4.3,0.496,0.5,0.8,1.0,0.8,1.2,3.3,4.5,1.8,0.9,0.8,1.2,3.3,10.6,,jeffrda01,7.9,0.518,0.564,0.103,3.6,10.0,6.7,7.2,1.2,2.3,10.3,13.5,0.0,0.6,0.6,0.027,-4.0,-0.7,-4.7,-0.7
258,Jusuf Nurkić,30,2TM,C,51,32,1063,5.7,11.9,0.477,1.1,3.6,0.305,4.6,8.4,0.551,0.523,2.9,4.3,0.664,2.9,10.6,13.5,3.9,1.4,1.2,3.3,4.4,15.3,,nurkiju01,15.2,0.555,0.298,0.364,8.8,32.0,20.5,16.8,1.9,3.1,19.2,20.6,0.0,1.5,1.5,0.066,-2.2,0.9,-1.3,0.2
258,Jusuf Nurkić,30,PHO,C,25,23,592,4.5,9.9,0.454,1.2,3.6,0.322,3.3,6.3,0.529,0.512,2.9,4.2,0.696,2.8,11.1,13.9,2.9,1.4,1.0,3.5,4.7,13.1,,nurkiju01,12.6,0.556,0.362,0.423,8.9,33.6,21.6,10.9,1.9,2.5,22.8,18.7,-0.3,0.8,0.5,0.039,-3.9,0.5,-3.4,-0.2
258,Jusuf Nurkić,30,CHO,C,26,9,471,7.2,14.4,0.497,1.0,3.5,0.283,6.2,10.9,0.566,0.532,2.8,4.5,0.627,3.0,9.9,12.9,5.2,1.3,1.4,3.1,4.0,18.2,,nurkiju01,18.4,0.554,0.243,0.312,8.6,30.0,19.1,24.2,1.8,3.8,15.7,23.0,0.3,0.7,1.0,0.099,-0.1,1.4,1.2,0.4
259,Seth Curry,34,CHO,SG,68,14,1062,5.6,11.6,0.478,2.8,6.2,0.456,2.7,5.5,0.503,0.599,1.1,1.3,0.846,0.8,3.0,3.8,2.0,0.9,0.2,1.1,2.0,15.1,,curryse01,12.2,0.616,0.531,0.114,2.4,9.1,5.7,8.8,1.3,0.6,8.2,15.7,1.3,0.5,1.8,0.08,-0.8,-0.9,-1.7,0.1
260,Cody Williams,20,UTA,SG,50,21,1060,2.8,8.7,0.323,1.2,4.6,0.259,1.6,4.1,0.393,0.391,1.0,1.4,0.725,0.9,2.9,3.8,2.0,0.8,0.5,1.5,3.2,7.8,,willico04,3.7,0.419,0.525,0.156,2.8,8.7,5.7,7.4,1.0,1.4,13.8,12.5,-1.2,0.1,-1.2,-0.053,-6.1,-1.2,-7.3,-1.4
261,Isaac Okoro,24,CLE,SG,55,22,1053,4.2,9.1,0.464,1.9,5.2,0.371,2.3,4.0,0.586,0.569,1.1,1.6,0.717,1.7,2.8,4.4,2.3,1.1,0.5,0.8,3.6,11.5,,okorois01,10.7,0.587,0.566,0.172,5.2,8.1,6.7,8.0,1.5,1.4,7.4,12.5,1.5,1.0,2.5,0.115,-1.1,0.6,-0.5,0.4
262,Oso Ighodaro,22,PHO,PF,61,6,1045,3.9,6.4,0.604,0.0,0.1,0.0,3.9,6.4,0.611,0.604,1.0,1.7,0.58,2.3,5.4,7.6,2.4,1.0,1.0,1.3,3.5,8.8,,ighodos01,11.1,0.61,0.011,0.267,7.2,16.2,11.9,9.1,1.3,2.6,15.7,10.5,1.1,0.6,1.6,0.075,-2.9,0.3,-2.6,-0.2
263,Jared Butler,24,2TM,SG,60,17,1044,7.0,15.6,0.448,2.1,5.8,0.355,4.9,9.8,0.504,0.514,2.6,3.1,0.824,0.9,2.9,3.8,7.6,1.4,0.4,2.8,3.3,18.7,,butleja02,15.6,0.549,0.373,0.201,2.5,9.3,5.8,33.8,2.0,1.2,14.0,23.6,1.0,0.4,1.4,0.063,0.5,-1.5,-1.0,0.3
263,Jared Butler,24,WAS,PG,32,0,362,8.5,17.5,0.483,1.5,4.1,0.366,7.0,13.4,0.519,0.526,3.5,4.5,0.778,1.4,2.7,4.1,8.2,1.2,0.5,2.9,4.0,21.9,,butleja02,17.7,0.562,0.233,0.256,4.0,7.8,5.9,38.8,1.6,1.2,12.9,26.1,0.5,0.1,0.6,0.079,2.2,-1.2,1.0,0.3
263,Jared Butler,24,PHI,SG,28,17,682,6.2,14.6,0.426,2.4,6.8,0.352,3.9,7.9,0.49,0.507,2.1,2.4,0.87,0.6,3.1,3.6,7.3,1.6,0.4,2.7,3.0,16.9,,butleja02,14.5,0.54,0.462,0.166,1.8,10.0,5.7,31.2,2.2,1.2,14.6,22.2,0.4,0.3,0.8,0.055,-0.4,-1.7,-2.1,0.0
264,Jamison Battle,23,TOR,SF,59,10,1042,5.1,12.0,0.429,3.6,8.9,0.405,1.5,3.0,0.5,0.581,0.6,0.6,0.889,1.3,4.2,5.5,1.8,0.6,0.3,0.9,3.2,14.5,,battlja01,10.7,0.59,0.746,0.052,3.7,12.8,8.1,7.1,0.8,0.9,7.1,15.3,1.0,0.7,1.7,0.079,-0.9,-1.3,-2.3,-0.1
265,Noah Clowney,20,BRK,PF,46,20,1042,4.6,12.9,0.358,3.0,9.0,0.333,1.6,3.8,0.414,0.474,2.3,2.8,0.838,1.5,4.8,6.3,1.4,0.8,0.7,1.6,3.6,14.5,,clownno01,9.2,0.516,0.702,0.215,4.5,15.8,9.9,5.9,1.1,2.0,10.2,19.0,-0.3,0.8,0.5,0.023,-3.1,-1.0,-4.1,-0.5
266,Alex Caruso,30,OKC,SG,54,3,1041,4.8,10.9,0.446,2.1,5.9,0.353,2.8,5.0,0.556,0.541,1.5,1.8,0.824,1.3,4.2,5.5,4.7,3.0,1.0,1.3,3.5,13.2,6MOY-8,carusal01,15.9,0.568,0.541,0.162,4.0,12.2,8.2,16.6,4.0,2.9,9.9,15.2,1.6,2.3,3.9,0.18,0.1,3.9,4.0,1.6
267,Kris Murray,24,POR,SF,69,6,1040,4.1,9.7,0.419,0.9,4.2,0.225,3.1,5.5,0.566,0.468,0.9,2.0,0.456,2.6,3.7,6.3,2.4,1.2,0.6,1.5,2.3,9.9,,murrakr01,9.1,0.472,0.43,0.204,7.7,11.3,9.5,9.0,1.6,1.5,12.4,13.9,-0.2,0.9,0.7,0.033,-3.1,0.1,-3.0,-0.3
268,Dejounte Murray,28,NOP,PG,31,31,1012,6.9,17.6,0.393,1.8,6.2,0.299,5.1,11.4,0.444,0.445,3.6,4.4,0.823,0.6,6.5,7.1,8.1,2.2,0.4,3.8,2.2,19.3,,murrade01,15.4,0.494,0.352,0.251,1.8,20.1,10.7,34.6,3.0,1.1,16.2,27.3,-0.7,0.9,0.2,0.009,-1.3,-0.3,-1.6,0.1
269,Jalen Suggs,23,ORL,PG,35,35,1002,7.1,17.3,0.41,2.7,8.7,0.314,4.3,8.6,0.506,0.489,3.5,4.0,0.882,0.8,4.2,5.1,4.6,1.8,1.2,3.7,3.5,20.4,,suggsja01,14.4,0.536,0.503,0.229,2.5,14.2,8.1,21.6,2.5,3.2,16.2,27.5,-0.7,1.8,1.1,0.052,-0.8,1.3,0.4,0.6
270,Kyle Anderson,31,2TM,PF,61,4,1002,5.1,10.9,0.469,0.9,2.5,0.357,4.2,8.4,0.502,0.51,1.7,2.3,0.738,1.9,5.5,7.4,5.2,1.4,1.2,1.3,2.9,12.8,,anderky01,15.1,0.538,0.231,0.215,5.7,16.8,11.2,20.7,2.0,3.1,10.0,15.9,1.3,1.5,2.8,0.135,-0.6,2.2,1.5,0.9
270,Kyle Anderson,31,GSW,PF,36,3,541,5.1,11.2,0.45,1.3,3.5,0.365,3.8,7.8,0.487,0.506,1.2,1.8,0.667,1.8,5.5,7.3,5.4,1.7,1.3,1.3,2.7,12.6,,anderky01,14.8,0.522,0.308,0.16,5.2,17.0,10.9,21.2,2.3,3.5,10.0,15.7,0.6,0.9,1.5,0.132,-0.3,2.6,2.3,0.6
270,Kyle Anderson,31,MIA,SF,25,1,461,5.2,10.5,0.493,0.5,1.4,0.333,4.7,9.1,0.517,0.515,2.3,3.0,0.789,2.0,5.5,7.5,5.0,1.1,1.0,1.3,3.2,13.1,,anderky01,15.3,0.557,0.134,0.284,6.3,16.6,11.5,20.1,1.5,2.7,10.1,16.1,0.7,0.6,1.3,0.139,-1.0,1.7,0.6,0.3
271,Brandon Boston Jr.,23,NOP,SG,42,10,993,6.0,13.8,0.436,1.8,5.1,0.35,4.2,8.7,0.485,0.5,2.4,3.1,0.788,1.0,3.8,4.9,3.3,1.9,0.3,1.9,2.6,16.2,,bostobr01,12.7,0.535,0.367,0.223,3.0,11.9,7.3,13.7,2.6,0.9,11.1,20.0,0.2,0.5,0.7,0.033,-2.3,-0.2,-2.5,-0.1
272,Dalen Terry,22,CHI,SG,73,5,987,4.4,9.8,0.448,1.3,3.8,0.356,3.0,6.0,0.506,0.517,1.8,2.5,0.71,1.4,3.1,4.5,3.5,1.6,0.5,1.9,4.2,11.9,,terryda01,9.6,0.546,0.388,0.257,4.1,9.0,6.6,12.7,2.1,1.3,15.1,14.9,0.2,0.8,1.1,0.052,-4.0,0.2,-3.8,-0.5
273,Andre Jackson Jr.,23,MIL,SG,67,43,980,3.5,7.2,0.477,1.1,2.8,0.395,2.4,4.4,0.529,0.553,0.4,0.9,0.5,2.4,4.3,6.7,3.0,1.2,0.5,2.1,4.2,8.4,,jacksan01,8.6,0.554,0.386,0.122,7.5,12.5,10.1,10.9,1.7,1.3,21.8,11.9,0.1,1.0,1.2,0.059,-3.6,0.2,-3.4,-0.3
274,Zach Collins,27,2TM,PF,64,12,977,5.6,11.1,0.507,1.2,3.9,0.302,4.5,7.2,0.617,0.56,2.5,2.9,0.885,3.8,6.9,10.6,4.1,1.1,1.1,2.2,4.9,15.0,,colliza01,16.0,0.605,0.351,0.258,11.1,19.9,15.6,15.6,1.4,2.6,15.1,17.1,1.7,1.0,2.7,0.132,-0.8,0.8,0.0,0.5
274,Zach Collins,27,SAS,C,36,4,425,5.2,11.2,0.462,1.2,3.9,0.304,4.0,7.3,0.547,0.515,2.6,3.0,0.886,3.2,5.3,8.6,4.4,1.2,1.3,1.9,5.9,14.1,,colliza01,14.4,0.566,0.348,0.265,9.6,15.9,12.7,16.9,1.6,3.2,13.5,17.1,0.6,0.4,1.0,0.11,-1.6,1.5,-0.1,0.2
274,Zach Collins,27,CHI,PF,28,8,552,6.0,11.1,0.541,1.2,3.9,0.3,4.8,7.2,0.673,0.594,2.5,2.8,0.884,4.2,8.0,12.2,3.8,1.0,0.9,2.4,4.0,15.7,,colliza01,17.2,0.635,0.353,0.253,12.4,23.0,17.8,14.6,1.3,2.2,16.4,17.1,1.1,0.6,1.7,0.149,-0.1,0.2,0.1,0.3
275,Trayce Jackson-Davis,24,GSW,C,62,37,967,6.5,11.2,0.576,0.0,0.1,0.0,6.5,11.1,0.582,0.576,2.2,3.8,0.578,4.5,7.0,11.6,3.9,0.9,1.4,1.7,2.7,15.2,,jackstr02,18.5,0.587,0.01,0.338,13.2,21.7,17.3,16.1,1.2,3.7,11.5,17.1,1.9,1.4,3.4,0.167,0.3,0.9,1.2,0.8
276,Thomas Bryant,27,2TM,C,66,8,963,6.1,12.0,0.508,1.8,5.5,0.324,4.3,6.5,0.665,0.583,2.1,2.4,0.859,3.1,6.3,9.4,2.0,1.0,1.5,1.1,2.8,16.0,,bryanth01,17.2,0.614,0.461,0.199,9.7,19.2,14.5,7.6,1.4,3.9,7.9,17.1,1.8,1.2,3.1,0.152,0.7,0.0,0.6,0.6
276,Thomas Bryant,27,MIA,C,10,0,115,3.8,8.8,0.429,1.9,5.3,0.353,1.9,3.4,0.545,0.536,3.4,3.4,1.0,1.9,8.1,10.0,1.3,0.3,2.8,0.6,2.8,12.8,,bryanth01,15.8,0.624,0.607,0.393,5.8,24.8,15.4,4.8,0.4,7.5,5.7,13.4,0.2,0.2,0.4,0.171,-1.1,1.1,0.0,0.1
276,Thomas Bryant,27,IND,C,56,8,848,6.4,12.4,0.515,1.8,5.6,0.321,4.6,6.9,0.673,0.587,1.9,2.3,0.83,3.3,6.0,9.3,2.1,1.1,1.4,1.2,2.8,16.5,,bryanth01,17.4,0.613,0.447,0.181,10.2,18.5,14.4,8.0,1.5,3.4,8.1,17.6,1.6,1.0,2.6,0.15,0.9,-0.2,0.7,0.6
277,Jalen Smith,24,CHI,C,64,2,962,7.1,15.3,0.466,2.7,8.3,0.324,4.4,7.0,0.634,0.554,2.7,3.3,0.809,3.3,10.0,13.4,2.4,0.6,1.6,1.4,3.6,19.6,,smithja04,18.7,0.586,0.544,0.218,9.9,28.7,19.5,9.7,0.8,4.0,7.6,21.0,1.7,1.3,2.9,0.146,1.5,-0.6,0.9,0.7
278,Jordan Clarkson,32,UTA,SG,37,9,962,7.5,18.4,0.408,3.1,8.7,0.362,4.4,9.8,0.448,0.493,4.3,5.4,0.797,0.9,3.5,4.4,5.2,1.2,0.3,3.2,1.9,22.5,,clarkjo01,14.5,0.54,0.471,0.29,2.8,10.4,6.6,22.9,1.5,0.9,13.4,27.8,0.2,0.2,0.4,0.021,0.6,-2.1,-1.5,0.1
279,Gary Payton II,32,GSW,SG,62,11,927,6.6,11.6,0.574,1.2,3.7,0.326,5.4,7.9,0.69,0.626,1.0,1.5,0.711,2.1,5.1,7.2,3.2,2.0,0.7,1.5,4.2,15.5,,paytoga02,16.2,0.635,0.319,0.128,6.0,15.8,10.7,13.5,2.7,1.7,11.0,16.1,1.5,1.5,3.0,0.155,-0.5,2.0,1.4,0.8
280,Brandon Miller,22,CHO,SF,27,27,924,7.7,19.1,0.403,4.1,11.4,0.355,3.7,7.7,0.475,0.509,2.6,3.1,0.861,1.0,4.1,5.1,3.8,1.1,0.8,3.0,2.9,22.1,,millebr02,14.0,0.54,0.597,0.161,2.8,12.5,7.6,18.3,1.5,2.1,12.6,27.7,-0.2,0.7,0.4,0.023,0.8,-0.8,0.0,0.4
281,Bruce Brown,28,2TM,PG,41,12,922,5.1,12.1,0.421,1.1,3.2,0.333,4.0,8.9,0.452,0.464,2.1,2.5,0.815,1.6,4.8,6.4,3.3,1.3,0.4,1.5,2.8,13.3,,brownbr01,10.9,0.504,0.262,0.21,4.5,14.9,9.6,12.8,1.8,1.0,10.4,17.2,0.1,0.6,0.7,0.035,-3.2,-0.6,-3.8,-0.4
281,Bruce Brown,28,TOR,PG,18,0,353,5.8,13.4,0.435,1.1,3.7,0.306,4.7,9.7,0.484,0.477,2.7,3.0,0.897,1.7,5.2,6.9,2.9,1.7,0.3,1.9,2.7,15.4,,brownbr01,12.3,0.525,0.275,0.221,5.0,15.9,10.3,11.3,2.3,0.8,11.7,19.3,0.0,0.4,0.4,0.06,-2.7,0.2,-2.5,0.0
281,Bruce Brown,28,NOP,PG,23,12,569,4.6,11.3,0.41,1.0,2.8,0.356,3.6,8.4,0.429,0.455,1.7,2.3,0.75,1.5,4.6,6.1,3.5,1.1,0.4,1.3,2.8,12.0,,brownbr01,10.1,0.488,0.253,0.202,4.2,14.3,9.1,13.8,1.4,1.2,9.4,15.9,0.1,0.2,0.2,0.02,-3.4,-1.2,-4.6,-0.4
282,Immanuel Quickley,25,TOR,PG,33,33,918,7.2,17.2,0.42,3.3,8.8,0.378,3.9,8.4,0.465,0.517,4.4,5.0,0.867,0.6,4.0,4.6,7.5,0.9,0.2,2.3,2.4,22.1,,quickim01,17.5,0.57,0.514,0.292,1.8,12.1,6.8,31.5,1.2,0.4,10.5,25.1,1.8,0.6,2.5,0.128,3.2,-1.0,2.2,1.0
283,Trendon Watford,24,BRK,PF,44,6,913,6.5,13.8,0.469,1.1,3.5,0.33,5.3,10.3,0.515,0.51,3.7,4.8,0.762,1.5,4.8,6.3,4.5,1.1,0.5,3.3,3.7,17.7,,watfotr01,13.0,0.557,0.251,0.349,4.4,16.0,9.9,21.0,1.5,1.3,17.1,23.3,0.0,0.8,0.7,0.038,-2.3,-0.8,-3.1,-0.3
284,KJ Martin,24,2TM,PF,43,16,912,4.4,7.9,0.552,0.6,2.3,0.259,3.8,5.6,0.671,0.59,1.5,1.9,0.787,1.2,3.7,4.9,1.9,0.7,0.9,0.9,4.0,10.8,,martike04,10.2,0.618,0.289,0.234,3.6,11.8,7.6,7.4,0.9,2.3,9.8,11.5,1.1,0.2,1.3,0.068,-3.2,-0.3,-3.6,-0.4
284,KJ Martin,24,PHI,PF,24,7,480,4.6,7.4,0.616,0.6,1.6,0.381,4.0,5.9,0.679,0.657,1.8,2.2,0.828,1.6,3.8,5.4,1.4,0.8,1.2,0.9,4.6,11.5,,martike04,12.3,0.689,0.212,0.293,4.8,12.5,8.5,5.7,1.1,3.3,9.7,11.2,0.9,0.2,1.1,0.107,-2.1,0.3,-1.7,0.0
284,KJ Martin,24,UTA,SF,19,9,432,4.2,8.5,0.49,0.6,3.1,0.189,3.6,5.4,0.662,0.525,1.1,1.5,0.722,0.7,3.7,4.4,2.4,0.5,0.5,1.0,3.2,10.0,,martike04,7.9,0.546,0.363,0.176,2.3,10.9,6.6,9.3,0.7,1.3,9.8,11.8,0.2,0.0,0.2,0.024,-4.6,-1.1,-5.6,-0.4
285,Jaden Hardy,22,DAL,SG,57,3,907,7.1,16.4,0.435,3.0,7.8,0.386,4.1,8.6,0.479,0.527,2.4,3.4,0.698,0.4,3.2,3.5,3.2,1.1,0.2,3.3,3.6,19.7,,hardyja02,10.4,0.549,0.476,0.208,1.1,9.4,5.3,13.2,1.5,0.5,15.4,25.3,-0.8,0.5,-0.3,-0.016,-2.8,-1.9,-4.7,-0.6
286,Day'Ron Sharpe,23,BRK,C,50,2,907,6.5,12.6,0.521,0.4,1.8,0.244,6.1,10.8,0.566,0.538,2.2,2.9,0.757,5.9,7.2,13.1,3.6,1.6,1.7,2.5,4.5,15.8,,sharpda01,19.7,0.568,0.142,0.233,17.8,23.8,20.7,16.8,2.3,4.6,15.3,19.9,1.3,1.4,2.7,0.141,0.0,0.9,0.9,0.7
287,Adem Bona,21,PHI,C,58,11,905,5.4,7.6,0.703,0.0,0.0,0.0,5.4,7.6,0.707,0.703,2.7,4.0,0.67,3.7,6.1,9.7,1.1,1.0,2.7,2.4,5.0,13.4,,bonaad01,16.5,0.714,0.005,0.521,11.1,19.9,15.3,4.4,1.4,7.5,20.5,14.3,1.4,0.9,2.3,0.121,-2.9,0.2,-2.7,-0.2
288,Tre Jones,25,2TM,PG,46,9,905,5.1,9.5,0.538,0.8,1.9,0.396,4.3,7.6,0.574,0.578,2.2,2.7,0.821,1.2,3.4,4.6,7.6,1.5,0.4,1.4,2.2,13.1,,jonestr01,16.3,0.617,0.202,0.282,3.7,9.9,6.8,28.6,1.9,1.0,11.6,14.1,2.3,0.6,2.9,0.155,0.5,1.0,1.5,0.8
288,Tre Jones,25,SAS,PG,28,0,450,3.6,7.4,0.484,0.6,2.1,0.308,3.0,5.4,0.552,0.527,2.0,2.6,0.758,1.2,3.4,4.6,8.3,1.4,0.4,1.7,2.6,9.8,,jonestr01,13.8,0.572,0.28,0.355,3.6,10.3,6.9,30.1,1.9,1.0,16.3,12.2,0.9,0.3,1.1,0.118,-1.2,1.1,-0.1,0.2
288,Tre Jones,25,CHI,PG,18,9,455,6.6,11.5,0.572,0.9,1.7,0.5,5.7,9.7,0.585,0.61,2.4,2.7,0.882,1.3,3.3,4.6,7.0,1.5,0.4,1.1,1.7,16.4,,jonestr01,18.8,0.647,0.152,0.234,3.8,9.5,6.7,27.1,1.9,1.0,8.0,16.0,1.5,0.4,1.8,0.191,2.1,1.0,3.1,0.6
289,Jaden Ivey,22,DET,SG,30,30,898,7.6,16.6,0.46,2.5,6.2,0.409,5.1,10.4,0.49,0.536,3.4,4.7,0.733,1.6,3.4,5.0,4.8,1.1,0.4,3.6,2.7,21.2,,iveyja01,14.7,0.569,0.373,0.281,5.0,10.3,7.6,19.7,1.5,1.2,16.1,26.0,0.3,0.8,1.2,0.062,0.8,-0.8,0.0,0.5
290,Kelly Olynyk,33,2TM,C,44,22,891,5.4,10.8,0.5,1.3,3.2,0.418,4.1,7.6,0.534,0.562,3.4,4.4,0.769,2.5,5.8,8.3,5.2,1.3,0.8,3.1,5.0,15.5,,olynyke01,14.9,0.609,0.295,0.403,7.3,17.9,12.4,20.5,1.8,2.0,19.4,18.5,1.0,0.7,1.7,0.092,-1.1,0.4,-0.7,0.3
290,Kelly Olynyk,33,TOR,C,24,2,383,5.5,11.1,0.5,1.8,4.0,0.442,3.8,7.0,0.533,0.581,3.2,4.0,0.791,2.3,6.0,8.4,5.3,1.5,0.8,3.3,5.5,16.1,,olynyke01,14.9,0.624,0.364,0.364,6.8,18.4,12.5,20.7,2.0,2.0,20.4,18.8,0.4,0.5,0.9,0.112,-0.7,0.9,0.2,0.2
290,Kelly Olynyk,33,NOP,C,20,20,508,5.3,10.6,0.5,1.0,2.6,0.389,4.3,8.1,0.535,0.547,3.5,4.6,0.754,2.6,5.7,8.3,5.1,1.2,0.8,2.9,4.5,15.1,,olynyke01,14.8,0.596,0.24,0.433,7.6,17.5,12.4,20.4,1.6,2.1,18.7,18.2,0.6,0.3,0.8,0.077,-1.4,0.0,-1.4,0.1
291,Chet Holmgren,22,OKC,C,32,32,877,6.9,14.0,0.49,1.8,4.8,0.379,5.0,9.2,0.547,0.554,4.1,5.5,0.754,2.0,8.6,10.5,2.6,0.9,2.9,2.3,3.0,19.7,,holmgch01,19.2,0.599,0.34,0.393,6.0,25.0,15.7,9.7,1.3,8.2,12.3,22.0,1.1,2.0,3.2,0.173,0.5,1.9,2.4,1.0
292,Neemias Queta,25,BOS,C,62,6,863,5.5,8.5,0.65,0.0,0.1,0.0,5.5,8.3,0.66,0.65,1.9,2.5,0.754,3.7,6.1,9.8,1.9,0.8,1.8,1.7,4.4,12.9,,quetane01,16.3,0.674,0.015,0.3,11.2,18.5,14.9,7.4,1.0,4.5,14.8,13.7,1.8,1.4,3.2,0.179,-1.7,1.0,-0.7,0.3
293,Alec Burks,33,MIA,SG,49,14,863,4.8,11.3,0.424,3.7,8.6,0.425,1.1,2.7,0.422,0.587,1.6,2.0,0.776,0.6,4.5,5.2,2.3,1.2,0.3,1.2,1.5,14.9,,burksal01,12.8,0.608,0.764,0.181,1.9,13.8,7.9,9.1,1.6,0.8,9.0,16.5,0.9,0.9,1.8,0.1,0.0,0.3,0.3,0.5
294,Chris Boucher,32,TOR,PF,50,0,862,7.6,15.5,0.492,2.9,8.1,0.363,4.7,7.4,0.633,0.586,2.8,3.6,0.782,2.9,6.4,9.4,1.4,1.0,1.0,1.2,2.8,21.0,,bouchch01,18.7,0.615,0.522,0.235,8.5,19.6,13.9,5.9,1.3,2.8,6.6,21.2,1.7,1.0,2.7,0.148,2.9,-0.6,2.3,0.9
295,Zion Williamson,24,NOP,PF,30,30,857,12.1,21.3,0.567,0.1,0.5,0.231,12.0,20.8,0.576,0.57,6.6,10.1,0.656,3.2,5.9,9.1,6.7,1.6,1.1,3.8,3.4,31.0,,willizi01,27.3,0.6,0.026,0.474,9.3,18.2,13.6,36.6,2.1,3.0,12.8,34.7,1.9,0.6,2.5,0.141,5.9,1.0,7.0,1.9
296,Khris Middleton,33,2TM,SF,37,21,843,6.8,14.4,0.475,2.0,5.7,0.361,4.8,8.7,0.549,0.546,3.1,3.6,0.857,0.6,5.3,5.9,6.4,1.5,0.3,2.4,3.2,18.8,,middlkh01,16.7,0.588,0.395,0.249,1.7,15.4,8.7,26.8,2.0,0.9,13.0,22.0,1.2,0.8,2.0,0.116,0.4,0.3,0.7,0.6
296,Khris Middleton,33,MIL,SF,23,7,534,7.3,14.2,0.512,2.4,5.8,0.407,4.9,8.4,0.584,0.595,2.6,3.1,0.848,0.3,5.4,5.7,6.9,1.1,0.3,2.5,3.5,19.6,,middlkh01,17.8,0.627,0.408,0.218,1.1,15.7,8.7,28.5,1.5,0.9,13.8,22.0,1.1,0.6,1.7,0.15,1.7,0.6,2.2,0.6
296,Khris Middleton,33,WAS,SF,14,14,309,6.1,14.7,0.413,1.5,5.5,0.277,4.5,9.2,0.494,0.464,3.8,4.4,0.868,0.9,5.1,6.1,5.6,2.1,0.3,2.2,2.7,17.5,,middlkh01,14.9,0.526,0.373,0.302,2.7,14.9,8.7,23.9,2.8,0.9,11.7,22.0,0.1,0.2,0.4,0.057,-1.9,-0.1,-2.0,0.0
297,KJ Simpson,22,CHO,PG,36,15,842,4.4,12.9,0.346,1.4,5.6,0.254,3.0,7.3,0.415,0.4,1.8,2.1,0.82,1.7,3.0,4.7,4.8,1.5,0.3,2.4,2.4,12.1,,simpskj01,8.3,0.437,0.432,0.166,4.8,9.0,6.9,19.8,2.0,0.7,14.8,19.1,-1.0,0.5,-0.4,-0.025,-4.5,-0.9,-5.4,-0.7
298,Shake Milton,28,2TM,SG,57,2,837,4.9,10.9,0.453,1.6,4.6,0.358,3.3,6.4,0.52,0.528,2.0,2.5,0.797,1.3,3.1,4.5,4.4,1.1,0.2,1.7,2.9,13.5,,miltosh01,11.9,0.563,0.417,0.232,4.2,9.9,7.0,18.3,1.5,0.5,12.5,16.7,0.8,0.5,1.3,0.077,-1.7,-0.5,-2.2,0.0
298,Shake Milton,28,BRK,SG,27,1,492,5.3,11.5,0.465,2.0,5.3,0.389,3.3,6.2,0.529,0.554,1.8,2.4,0.758,1.2,2.6,3.7,4.7,1.1,0.1,1.5,3.1,14.6,,miltosh01,12.8,0.58,0.459,0.21,3.5,8.5,5.9,20.6,1.5,0.2,10.4,17.0,0.7,0.3,1.0,0.093,-0.8,-0.2,-0.9,0.1
298,Shake Milton,28,LAL,SG,30,1,345,4.4,10.1,0.433,1.0,3.5,0.294,3.3,6.6,0.508,0.485,2.3,2.7,0.846,1.6,4.0,5.5,4.0,1.0,0.3,2.1,2.5,12.1,,miltosh01,10.5,0.535,0.351,0.268,5.0,12.1,8.7,15.1,1.4,0.8,15.6,16.3,0.1,0.3,0.4,0.055,-3.1,-0.9,-4.0,-0.2
299,Dereck Lively II,20,DAL,C,36,29,833,5.8,8.3,0.702,0.0,0.0,,5.8,8.3,0.702,0.702,2.0,3.2,0.63,4.5,7.2,11.7,3.7,0.9,2.4,1.8,4.3,13.6,,livelde01,20.1,0.704,0.0,0.382,13.9,21.3,17.7,14.3,1.2,5.7,15.5,13.6,2.4,1.0,3.4,0.199,1.1,2.2,3.3,1.1
300,Garrison Mathews,28,ATL,SG,47,2,830,4.4,11.1,0.397,3.7,9.5,0.39,0.7,1.7,0.436,0.562,2.8,3.4,0.821,0.6,3.2,3.8,2.6,1.1,0.7,1.3,3.5,15.3,,mathega01,11.2,0.606,0.848,0.304,1.7,10.0,5.7,9.3,1.5,1.7,9.6,15.9,1.0,0.5,1.5,0.087,-1.1,-0.5,-1.6,0.1
301,Cam Whitmore,20,HOU,SF,51,3,827,7.8,17.5,0.444,2.8,8.0,0.355,5.0,9.6,0.518,0.525,2.4,3.1,0.75,1.6,5.0,6.6,2.1,1.3,0.6,2.0,1.9,20.8,,whitmca01,15.5,0.549,0.454,0.179,4.5,15.1,9.7,8.9,1.8,1.4,9.6,23.9,0.6,1.2,1.8,0.106,0.7,-0.4,0.3,0.5
302,Ryan Rollins,22,MIL,PG,56,19,820,5.8,11.9,0.487,2.2,5.3,0.408,3.6,6.6,0.55,0.577,1.6,2.0,0.8,0.9,3.8,4.7,4.6,1.8,0.7,2.3,3.9,15.3,,rolliry01,14.0,0.6,0.443,0.166,2.9,11.1,7.2,17.8,2.5,1.9,15.4,18.4,0.7,1.0,1.7,0.101,-1.4,0.9,-0.5,0.3
303,Marcus Sasser,24,DET,PG,57,1,811,6.1,13.1,0.463,2.6,6.7,0.382,3.5,6.4,0.549,0.561,1.9,2.3,0.843,0.8,2.3,3.1,5.9,1.6,0.2,2.4,3.2,16.6,,sassema01,14.0,0.589,0.514,0.172,2.5,6.9,4.7,22.9,2.2,0.5,14.5,19.4,1.0,0.8,1.8,0.108,-0.4,-0.2,-0.6,0.3
304,Steven Adams,31,HOU,C,58,3,794,4.1,7.6,0.545,0.0,0.1,0.0,4.1,7.5,0.552,0.545,1.9,4.2,0.462,7.5,7.3,14.8,3.0,1.0,1.3,2.4,2.7,10.2,,adamsst01,16.6,0.541,0.012,0.557,21.8,22.0,21.9,10.9,1.3,3.2,20.6,13.6,1.0,1.3,2.3,0.137,0.0,0.3,0.3,0.5
305,Aaron Holiday,28,HOU,PG,62,3,792,5.3,12.2,0.437,3.3,8.2,0.398,2.0,4.0,0.517,0.571,1.5,1.9,0.829,0.6,3.0,3.5,3.8,0.9,0.5,1.7,2.9,15.5,,holidaa01,12.2,0.594,0.675,0.153,1.7,8.9,5.2,14.3,1.2,1.2,11.5,16.8,1.2,0.8,2.0,0.122,-0.4,0.1,-0.2,0.3
306,Karlo Matković,23,NOP,PF,42,7,791,6.1,10.7,0.574,1.0,3.0,0.318,5.2,7.7,0.675,0.619,1.5,2.0,0.773,2.9,6.6,9.5,2.1,1.0,1.9,2.0,4.8,14.8,,matkoka01,15.6,0.639,0.281,0.187,8.5,20.4,14.2,8.6,1.3,5.0,14.5,15.9,1.0,0.6,1.6,0.096,-1.9,-0.2,-2.0,0.0
307,Caleb Houstan,22,ORL,SF,58,6,788,3.7,8.7,0.421,2.9,7.3,0.4,0.7,1.4,0.533,0.589,0.7,0.8,0.882,0.9,2.6,3.4,1.6,1.0,0.3,0.6,2.8,10.9,,houstca01,9.4,0.605,0.842,0.089,2.6,8.6,5.5,6.4,1.4,0.7,6.2,11.7,0.9,0.9,1.8,0.109,-2.4,0.2,-2.2,0.0
308,Vasilije Micić,31,2TM,PG,41,16,785,4.4,12.5,0.348,2.1,5.7,0.36,2.3,6.8,0.338,0.43,1.6,1.9,0.829,0.9,3.2,4.1,5.9,0.7,0.0,3.5,2.1,12.3,,micicva01,6.5,0.462,0.458,0.15,2.7,9.6,6.0,24.3,0.9,0.0,20.9,19.9,-1.2,0.2,-1.0,-0.06,-4.6,-2.4,-7.0,-1.0
308,Vasilije Micić,31,CHO,PG,36,16,764,4.5,12.9,0.348,2.1,5.9,0.36,2.4,7.0,0.338,0.43,1.6,1.9,0.829,0.9,3.2,4.1,6.0,0.7,0.0,3.5,2.1,12.7,,micicva01,6.8,0.462,0.458,0.15,2.7,9.5,6.1,24.8,1.0,0.0,20.3,20.3,-1.1,0.3,-0.9,-0.056,-4.4,-2.4,-6.8,-0.9
308,Vasilije Micić,31,PHO,PG,5,0,21,0.0,0.0,,0.0,0.0,,0.0,0.0,,,0.0,0.0,,0.0,3.4,3.4,1.7,0.0,0.0,5.1,1.7,0.0,,micicva01,-5.2,,,,0.0,10.4,5.3,5.6,0.0,0.0,100.0,6.3,-0.1,0.0,-0.1,-0.189,-10.7,-4.1,-14.8,-0.1
309,Jaylin Williams,22,OKC,PF,47,9,784,4.5,10.1,0.439,2.8,7.0,0.399,1.7,3.1,0.529,0.577,1.1,1.4,0.767,2.2,9.8,12.0,5.5,1.0,1.3,1.6,3.6,12.8,,willija07,16.4,0.594,0.692,0.136,6.7,28.7,17.9,19.0,1.3,3.7,13.0,14.6,1.5,1.7,3.3,0.199,1.5,2.7,4.3,1.2
310,Pelle Larsson,23,MIA,SG,55,8,782,4.1,9.3,0.438,1.5,4.4,0.337,2.6,5.0,0.528,0.517,1.9,2.8,0.672,1.3,2.9,4.2,3.0,1.5,0.3,1.1,4.2,11.6,,larsspe01,10.2,0.546,0.468,0.3,4.0,9.0,6.5,11.6,2.0,0.9,9.5,14.4,0.6,0.8,1.4,0.086,-3.8,0.7,-3.1,-0.2
311,Cam Thomas,23,BRK,SG,25,23,781,9.2,20.9,0.438,3.1,9.0,0.349,6.0,11.9,0.506,0.513,6.1,7.0,0.881,0.7,3.1,3.8,4.3,0.7,0.1,2.9,2.0,27.6,,thomaca02,18.0,0.575,0.43,0.333,2.1,10.4,6.0,22.9,1.0,0.3,10.6,32.6,0.8,0.4,1.2,0.071,2.8,-2.6,0.3,0.5
312,Lindy Waters III,27,2TM,SG,52,9,778,4.3,11.5,0.369,3.0,8.6,0.344,1.3,2.9,0.444,0.498,0.4,0.5,0.727,0.9,4.2,5.1,2.4,1.2,0.5,0.9,2.9,11.8,,waterli01,8.8,0.504,0.747,0.044,2.7,12.8,7.6,9.1,1.7,1.3,7.3,14.8,0.1,0.9,1.0,0.062,-3.0,0.2,-2.8,-0.2
312,Lindy Waters III,27,GSW,SG,38,9,655,4.2,11.3,0.371,2.7,8.1,0.331,1.5,3.1,0.474,0.49,0.4,0.6,0.727,0.9,4.4,5.3,2.3,1.2,0.5,0.9,3.0,11.5,,waterli01,8.4,0.498,0.722,0.054,2.6,13.5,7.9,8.8,1.6,1.5,7.5,14.6,0.0,0.8,0.8,0.057,-3.5,0.4,-3.1,-0.2
312,Lindy Waters III,27,DET,SG,14,0,123,4.7,12.9,0.364,4.4,11.1,0.395,0.3,1.8,0.167,0.534,0.0,0.0,,1.2,2.9,4.1,2.9,1.5,0.3,0.9,2.0,13.8,,waterli01,11.0,0.534,0.864,0.0,3.6,8.9,6.3,10.8,2.0,0.8,6.4,16.1,0.1,0.1,0.2,0.086,-0.5,-0.7,-1.2,0.0
313,Lonzo Ball,27,CHI,PG,35,14,777,4.1,11.3,0.366,3.1,9.0,0.344,1.0,2.2,0.458,0.504,1.0,1.3,0.815,1.2,4.3,5.5,5.3,2.2,0.8,1.9,2.5,12.4,,balllo01,12.2,0.524,0.802,0.111,3.4,12.3,8.0,18.9,2.8,1.9,13.9,15.9,0.3,0.9,1.2,0.075,-1.5,1.7,0.2,0.4
314,Orlando Robinson,24,2TM,C,44,8,770,5.4,12.2,0.444,0.8,2.4,0.327,4.6,9.8,0.474,0.477,2.5,3.3,0.771,4.2,6.1,10.3,3.6,0.8,0.7,2.3,4.7,14.2,,robinor01,12.9,0.519,0.199,0.268,12.1,18.7,15.4,14.0,1.1,2.0,14.4,18.5,0.4,0.8,1.2,0.072,-3.0,-0.4,-3.4,-0.3
314,Orlando Robinson,24,SAC,C,9,0,57,4.4,10.7,0.412,0.6,3.2,0.2,3.8,7.6,0.5,0.441,2.5,4.4,0.571,1.9,6.9,8.8,5.7,1.9,0.6,2.5,3.8,12.0,,robinor01,12.2,0.473,0.294,0.412,5.9,21.7,13.8,20.6,2.6,1.7,16.6,18.2,0.0,0.1,0.1,0.047,-4.1,1.3,-2.9,0.0
314,Orlando Robinson,24,TOR,C,35,8,713,5.5,12.3,0.447,0.8,2.4,0.34,4.7,9.9,0.472,0.48,2.5,3.2,0.794,4.3,6.1,10.4,3.4,0.7,0.8,2.3,4.7,14.3,,robinor01,12.9,0.523,0.193,0.258,12.6,18.5,15.5,13.5,0.9,2.0,14.2,18.6,0.4,0.7,1.1,0.074,-2.9,-0.5,-3.5,-0.3
315,Eric Gordon,36,PHI,SG,39,13,768,4.1,9.6,0.426,2.6,6.4,0.409,1.5,3.1,0.463,0.564,1.7,2.3,0.75,0.4,1.8,2.2,3.0,1.2,0.6,1.3,1.5,12.5,,gordoer01,10.8,0.591,0.672,0.235,1.1,5.8,3.4,12.0,1.7,1.5,11.1,14.4,0.7,0.2,0.9,0.053,-0.8,-0.8,-1.6,0.1
316,Gui Santos,22,GSW,PF,56,2,762,3.9,8.5,0.458,1.6,4.9,0.33,2.3,3.6,0.632,0.553,1.4,2.0,0.69,3.4,4.7,8.1,3.8,1.2,0.5,2.0,4.3,10.7,,santogu01,11.7,0.575,0.575,0.235,9.9,14.5,12.1,14.2,1.6,1.2,17.5,13.2,0.8,0.9,1.7,0.11,-2.2,0.5,-1.7,0.1
317,Landry Shamet,27,NYK,SG,50,0,762,5.0,10.9,0.461,2.9,7.4,0.397,2.1,3.5,0.595,0.596,0.6,0.9,0.667,0.5,2.4,2.9,1.3,1.1,0.1,1.0,2.5,13.5,,shamela01,9.7,0.601,0.678,0.078,1.7,7.5,4.6,4.7,1.5,0.2,8.5,14.8,0.5,0.5,1.0,0.065,-1.9,-0.6,-2.4,-0.1
318,Svi Mykhailiuk,27,UTA,SF,38,13,760,5.6,14.3,0.391,3.3,9.6,0.345,2.3,4.7,0.485,0.507,1.3,1.7,0.8,1.0,3.2,4.3,3.6,0.9,0.3,2.5,2.0,15.8,,mykhasv01,9.8,0.526,0.672,0.116,3.1,9.6,6.4,14.7,1.2,0.9,14.1,20.3,-0.2,0.1,-0.1,-0.009,-1.4,-2.1,-3.5,-0.3
319,Andre Drummond,31,PHI,C,40,23,751,5.6,11.2,0.5,0.1,1.0,0.15,5.5,10.3,0.533,0.506,2.7,4.3,0.622,5.2,9.6,14.9,1.6,1.9,0.9,2.6,4.5,14.0,,drumman01,16.0,0.535,0.085,0.385,15.8,31.6,23.4,6.8,2.6,2.4,16.7,19.1,0.2,1.0,1.2,0.078,-2.4,-0.8,-3.2,-0.2
320,Jabari Walker,22,POR,SF,60,1,749,5.7,11.0,0.515,1.3,3.5,0.389,4.3,7.5,0.573,0.576,2.4,3.4,0.69,2.8,7.3,10.1,1.8,1.6,0.3,1.6,4.2,15.0,,walkeja01,15.0,0.601,0.314,0.31,8.3,22.6,15.3,7.2,2.1,0.7,11.6,16.3,1.0,1.0,2.0,0.128,-1.2,0.5,-0.8,0.2
321,Jay Huff,26,MEM,C,64,2,748,7.6,14.7,0.515,3.9,9.6,0.405,3.7,5.1,0.724,0.648,2.1,2.7,0.786,1.4,4.8,6.2,1.8,0.8,2.7,1.6,3.8,21.1,,huffja01,18.2,0.666,0.656,0.184,4.3,13.9,9.1,7.0,1.0,6.9,9.3,19.6,1.6,1.0,2.5,0.162,2.5,1.0,3.5,1.1
322,Drew Eubanks,27,2TM,C,61,4,746,5.5,9.4,0.593,0.1,0.3,0.5,5.4,9.1,0.596,0.601,2.3,3.4,0.662,2.9,8.0,10.9,2.6,0.6,1.9,2.0,3.0,13.5,,eubandr01,15.6,0.622,0.031,0.366,8.9,24.1,16.5,10.6,0.8,5.0,15.4,15.1,1.0,0.7,1.7,0.107,-1.2,0.6,-0.7,0.3
322,Drew Eubanks,27,UTA,C,37,4,568,5.6,9.2,0.607,0.2,0.3,0.6,5.4,8.9,0.607,0.617,2.3,3.6,0.632,2.5,8.1,10.6,2.9,0.6,2.0,2.0,2.9,13.6,,eubandr01,15.9,0.632,0.034,0.393,7.6,24.1,15.9,11.7,0.8,5.3,15.4,14.8,0.8,0.4,1.2,0.1,-0.9,0.9,0.0,0.3
322,Drew Eubanks,27,LAC,C,24,0,178,5.5,9.9,0.551,0.0,0.2,0.0,5.5,9.7,0.563,0.551,2.2,2.8,0.786,4.0,7.7,11.7,1.8,0.4,1.4,2.0,3.4,13.1,,eubandr01,14.8,0.589,0.02,0.286,12.9,23.8,18.5,7.1,0.6,3.9,15.3,16.0,0.2,0.3,0.5,0.129,-2.4,-0.3,-2.7,0.0
323,Talen Horton-Tucker,24,CHI,SG,58,0,724,6.6,14.5,0.457,2.0,6.1,0.336,4.6,8.4,0.544,0.527,3.6,4.9,0.735,0.9,4.0,5.0,4.1,1.0,0.5,2.0,2.9,18.8,,hortota01,13.8,0.567,0.419,0.337,2.8,11.5,7.2,16.1,1.4,1.3,10.7,21.6,0.6,0.5,1.1,0.075,-1.4,-1.1,-2.4,-0.1
324,Gary Harris,30,ORL,SG,48,3,711,2.6,6.7,0.383,1.8,5.1,0.356,0.8,1.6,0.469,0.519,0.4,0.6,0.583,1.0,2.2,3.2,1.5,1.3,0.6,0.9,2.3,7.3,,harriga01,6.9,0.524,0.759,0.09,3.1,7.5,5.2,5.8,1.8,1.6,10.9,9.5,0.1,0.9,1.0,0.067,-3.9,1.2,-2.7,-0.1
325,Micah Potter,26,UTA,C,38,10,705,2.9,6.9,0.422,1.6,5.0,0.316,1.3,1.9,0.703,0.537,0.9,1.0,0.85,2.2,6.2,8.4,1.6,0.7,0.7,1.6,2.6,8.3,,pottemi01,8.5,0.563,0.726,0.148,6.6,18.4,12.5,5.8,1.0,1.9,17.7,10.3,0.2,0.3,0.4,0.03,-2.9,-0.6,-3.5,-0.3
326,Jett Howard,21,ORL,SF,60,0,701,5.0,13.5,0.374,2.8,9.6,0.296,2.2,3.9,0.566,0.479,0.8,1.2,0.696,1.0,2.6,3.6,2.3,0.7,0.6,1.8,3.5,13.7,,howarje01,7.1,0.491,0.71,0.088,3.1,8.6,5.7,9.6,0.9,1.5,11.7,19.2,-0.6,0.8,0.1,0.01,-4.1,-1.2,-5.3,-0.6
327,DeAndre Jordan,36,DEN,C,56,5,691,4.7,7.3,0.65,0.0,0.0,,4.7,7.3,0.65,0.65,1.4,3.3,0.422,4.4,10.4,14.8,2.8,0.8,1.4,2.1,3.9,10.9,,jordade01,15.4,0.621,0.0,0.457,14.0,30.3,22.6,9.5,1.1,3.5,19.2,12.8,0.9,0.9,1.8,0.127,-1.4,0.2,-1.2,0.2
328,Quinten Post,24,GSW,PF,42,14,686,6.5,14.4,0.449,3.8,9.4,0.408,2.6,5.0,0.526,0.582,1.1,1.4,0.778,1.8,5.9,7.8,2.9,0.8,0.9,1.7,4.4,17.8,,postqu01,14.2,0.595,0.653,0.099,5.3,18.3,11.6,12.2,1.1,2.5,10.3,19.6,0.8,0.9,1.7,0.116,0.1,0.0,0.1,0.4
329,Blake Wesley,21,SAS,SG,58,0,683,4.3,9.8,0.435,0.9,3.1,0.293,3.4,6.7,0.5,0.481,2.0,3.2,0.623,0.9,2.3,3.2,6.0,2.0,0.3,2.8,2.4,11.4,,weslebl01,9.9,0.51,0.312,0.328,2.7,6.9,4.8,22.3,2.6,0.8,20.2,16.7,-0.3,0.4,0.2,0.011,-3.9,-0.3,-4.2,-0.4
330,Sandro Mamukelashvili,25,SAS,PF,61,0,681,7.5,14.9,0.502,3.2,8.5,0.373,4.3,6.3,0.675,0.609,2.3,3.1,0.741,3.3,6.6,9.9,2.5,1.2,0.9,1.4,3.2,20.4,,mamuksa01,19.7,0.628,0.573,0.206,9.7,19.7,14.7,10.7,1.6,2.3,7.8,20.8,1.6,0.6,2.2,0.152,3.3,-1.0,2.3,0.7
331,Marcus Smart,30,2TM,PG,34,7,680,5.3,13.6,0.393,2.6,7.5,0.348,2.8,6.1,0.448,0.488,2.9,3.8,0.761,1.0,2.9,3.8,5.8,2.1,0.5,2.9,2.8,16.1,,smartma01,12.4,0.529,0.549,0.276,2.8,8.3,5.6,21.7,2.7,1.2,15.8,20.6,0.1,0.6,0.7,0.051,-1.6,0.1,-1.5,0.1
331,Marcus Smart,30,MEM,PG,19,6,400,4.8,13.3,0.358,2.6,8.1,0.322,2.2,5.2,0.414,0.456,2.7,3.2,0.833,1.3,2.6,3.9,6.4,2.1,0.5,3.2,2.8,14.9,,smartma01,11.3,0.504,0.608,0.243,3.7,7.6,5.7,22.2,2.7,1.4,17.6,20.0,0.0,0.5,0.4,0.054,-1.7,0.5,-1.2,0.1
331,Marcus Smart,30,WAS,PG,15,1,280,6.2,14.0,0.44,2.6,6.6,0.392,3.6,7.5,0.483,0.532,3.1,4.5,0.686,0.5,3.2,3.7,4.9,2.1,0.4,2.4,2.8,18.0,,smartma01,14.0,0.563,0.468,0.321,1.5,9.3,5.4,20.9,2.7,1.0,13.2,21.5,0.1,0.2,0.3,0.046,-1.5,-0.5,-1.9,0.0
332,Jalen Pickett,25,DEN,SG,49,4,666,4.2,9.7,0.428,2.2,5.5,0.396,2.0,4.3,0.468,0.539,0.3,0.4,0.75,0.8,3.0,3.8,5.8,1.0,0.3,1.3,2.1,10.8,,pickeja02,10.9,0.545,0.561,0.044,2.6,8.8,5.9,19.5,1.4,0.7,11.6,13.2,0.8,0.3,1.1,0.078,-0.8,-0.7,-1.5,0.1
333,Tosan Evbuomwan,23,BRK,SF,28,0,665,5.1,11.9,0.427,1.3,4.2,0.312,3.8,7.7,0.49,0.482,3.0,4.0,0.753,1.7,4.8,6.5,3.0,1.3,0.5,2.1,3.0,14.5,,evbuoto01,11.6,0.53,0.35,0.332,5.2,15.8,10.2,12.9,1.8,1.5,13.4,19.1,0.0,0.6,0.6,0.044,-3.0,-0.3,-3.2,-0.2
334,Antonio Reeves,24,NOP,SG,44,6,660,6.2,13.5,0.456,2.8,7.0,0.395,3.4,6.5,0.521,0.558,1.5,1.9,0.8,1.0,2.5,3.4,2.1,1.1,0.2,1.6,2.2,16.6,,reevean01,11.7,0.579,0.52,0.141,2.9,7.6,5.1,8.8,1.5,0.6,10.2,18.8,0.4,0.0,0.4,0.029,-1.2,-2.0,-3.2,-0.2
335,Kyle Lowry,38,PHI,PG,35,12,659,2.2,6.4,0.35,1.6,4.8,0.33,0.7,1.6,0.414,0.474,1.5,1.8,0.818,0.6,3.1,3.7,5.2,1.8,0.6,1.1,3.4,7.5,,lowryky01,9.8,0.525,0.752,0.282,1.8,10.0,5.8,19.2,2.5,1.6,13.8,10.1,0.6,0.4,1.0,0.07,-2.8,1.5,-1.3,0.1
336,Reed Sheppard,20,HOU,PG,52,3,654,4.6,13.2,0.351,2.6,7.8,0.338,2.0,5.3,0.371,0.452,0.7,0.9,0.813,0.9,3.4,4.3,4.1,1.9,0.9,2.0,2.9,12.6,,sheppre01,9.7,0.465,0.594,0.067,2.6,10.3,6.4,15.2,2.6,2.3,13.1,17.8,-0.3,1.0,0.8,0.055,-3.0,1.3,-1.7,0.1
337,Herbert Jones,26,NOP,SF,20,20,648,4.2,9.6,0.436,1.2,4.0,0.306,2.9,5.6,0.53,0.5,1.8,2.2,0.825,1.2,3.1,4.3,3.6,2.1,0.5,1.9,3.7,11.4,,joneshe01,10.4,0.541,0.419,0.233,3.6,9.6,6.5,13.8,2.8,1.3,15.6,14.6,0.1,0.3,0.4,0.033,-3.9,0.2,-3.6,-0.3
338,AJ Johnson,20,2TM,SG,29,11,639,4.6,12.0,0.385,1.4,5.1,0.267,3.3,6.9,0.472,0.441,1.8,2.1,0.865,0.5,2.9,3.3,4.3,0.7,0.2,2.0,2.8,12.4,,johnsaj01,7.1,0.48,0.423,0.174,1.3,8.3,4.8,17.1,0.9,0.4,13.2,17.4,-0.5,0.0,-0.4,-0.032,-5.6,-2.5,-8.1,-1.0
338,AJ Johnson,20,MIL,SG,7,0,44,6.5,15.5,0.421,2.5,4.1,0.6,4.1,11.5,0.357,0.5,0.8,1.6,0.5,0.0,5.7,5.7,5.7,0.8,0.0,3.3,0.0,16.4,,johnsaj01,10.6,0.503,0.263,0.105,0.0,16.6,8.6,23.1,1.1,0.0,16.8,23.8,-0.1,0.0,0.0,-0.023,-3.1,-1.8,-4.9,0.0
338,AJ Johnson,20,WAS,SG,22,11,595,4.5,11.7,0.381,1.3,5.1,0.247,3.2,6.6,0.486,0.436,1.9,2.1,0.886,0.5,2.7,3.1,4.2,0.7,0.2,1.9,3.0,12.1,,johnsaj01,6.9,0.478,0.438,0.18,1.4,7.7,4.5,16.7,0.9,0.5,12.9,17.0,-0.4,0.0,-0.4,-0.033,-5.8,-2.5,-8.3,-0.9
339,Maxi Kleber,33,DAL,PF,34,4,637,2.1,5.4,0.385,0.7,2.8,0.265,1.4,2.7,0.511,0.453,0.9,1.2,0.762,1.4,4.0,5.4,2.4,0.5,1.0,1.3,3.7,5.8,,klebima01,5.6,0.489,0.51,0.219,4.4,11.7,8.1,8.3,0.7,2.3,17.9,8.7,0.0,0.4,0.3,0.023,-4.2,0.4,-3.8,-0.3
340,Delon Wright,32,2TM,PG,40,7,635,2.6,7.4,0.344,1.1,4.1,0.274,1.4,3.3,0.431,0.42,0.9,1.4,0.6,1.5,2.2,3.7,4.4,2.0,0.7,1.2,1.4,7.1,,wrighde01,9.2,0.44,0.557,0.191,4.9,6.5,5.7,15.0,2.7,1.8,13.4,11.3,0.0,0.7,0.7,0.053,-2.8,1.4,-1.4,0.1
340,Delon Wright,32,MIL,PG,26,2,405,2.0,7.3,0.268,1.1,4.4,0.245,0.9,2.9,0.303,0.341,0.8,1.4,0.563,1.3,2.8,4.1,4.3,2.0,0.8,1.2,1.5,5.8,,wrighde01,7.4,0.365,0.598,0.195,4.2,8.0,6.2,14.5,2.7,2.1,13.6,11.2,-0.3,0.5,0.2,0.022,-4.1,1.6,-2.5,-0.1
340,Delon Wright,32,NYK,PG,14,5,230,3.6,7.7,0.469,1.3,3.8,0.333,2.3,3.9,0.6,0.551,0.9,1.4,0.667,1.9,1.3,3.1,4.5,1.9,0.5,1.3,1.3,9.4,,wrighde01,12.4,0.566,0.49,0.184,6.1,4.0,5.0,15.9,2.6,1.2,13.1,11.5,0.3,0.2,0.5,0.109,-0.6,1.1,0.5,0.1
341,Jericho Sims,26,2TM,C,53,5,632,2.6,4.0,0.634,0.0,0.0,,2.6,4.0,0.634,0.634,0.5,0.7,0.615,4.0,7.2,11.2,1.9,0.6,1.1,1.9,3.7,5.6,,simsje01,10.0,0.639,0.0,0.183,12.9,22.0,17.6,6.4,0.8,2.8,30.1,7.6,0.5,0.7,1.3,0.096,-3.1,0.1,-3.0,-0.2
341,Jericho Sims,26,NYK,C,39,5,422,2.4,3.9,0.609,0.0,0.0,,2.4,3.9,0.609,0.609,0.7,1.1,0.615,4.4,6.7,11.0,1.9,0.7,0.9,1.8,3.9,5.5,,simsje01,9.9,0.619,0.0,0.283,14.0,21.0,17.5,6.3,0.9,2.2,28.9,7.5,0.4,0.5,0.8,0.096,-3.3,-0.2,-3.5,-0.2
341,Jericho Sims,26,MIL,C,14,0,210,2.9,4.3,0.68,0.0,0.0,,2.9,4.3,0.68,0.68,0.0,0.0,,3.4,8.2,11.7,1.9,0.3,1.5,2.1,3.3,5.8,,simsje01,10.2,0.68,0.0,0.0,10.8,23.9,17.6,6.6,0.5,4.0,32.4,7.7,0.1,0.3,0.4,0.097,-2.8,0.9,-1.9,0.0
342,Josh Okogie,26,2TM,SG,40,7,625,5.4,12.2,0.443,1.8,5.3,0.348,3.6,6.9,0.517,0.519,3.6,4.9,0.741,2.6,3.9,6.5,1.9,2.8,1.0,1.8,2.7,16.3,,okogijo01,16.3,0.567,0.434,0.401,8.0,11.8,9.9,7.9,3.8,2.8,11.1,19.5,0.6,0.7,1.3,0.1,-0.1,1.6,1.5,0.6
342,Josh Okogie,26,PHO,SG,25,1,351,5.7,11.7,0.491,1.6,4.3,0.381,4.1,7.4,0.556,0.561,2.3,3.3,0.688,3.3,4.1,7.4,1.4,2.2,1.0,1.6,2.9,15.4,,okogijo01,15.8,0.586,0.368,0.281,10.4,12.4,11.4,5.8,3.0,2.7,11.1,18.1,0.4,0.3,0.7,0.092,0.1,0.3,0.4,0.2
342,Josh Okogie,26,CHO,SG,15,6,274,5.0,12.9,0.388,2.1,6.6,0.32,2.9,6.3,0.458,0.469,5.4,7.0,0.774,1.7,3.7,5.4,2.5,3.5,1.1,2.0,2.5,17.5,,okogijo01,16.8,0.548,0.51,0.541,5.0,11.1,8.0,10.6,4.8,2.9,11.0,21.2,0.2,0.4,0.6,0.11,-0.3,3.3,3.1,0.4
343,Jeff Dowtin Jr.,27,PHI,PG,41,3,621,6.5,13.3,0.487,1.6,4.1,0.4,4.9,9.3,0.525,0.548,1.9,2.6,0.733,0.7,2.8,3.5,4.5,1.4,0.7,0.9,1.7,16.5,,dowtije01,16.1,0.57,0.304,0.196,2.1,9.1,5.5,19.6,1.9,1.9,5.7,18.6,1.1,0.3,1.3,0.103,0.7,-0.5,0.2,0.3
344,Daniel Theis,32,NOP,C,38,9,621,3.5,7.5,0.473,0.5,2.1,0.243,3.0,5.3,0.565,0.508,1.8,2.1,0.838,2.6,7.0,9.5,3.5,1.0,1.2,1.4,4.1,9.4,,theisda01,12.1,0.558,0.287,0.287,7.4,21.5,14.2,13.0,1.4,3.1,14.7,11.6,0.6,0.4,1.0,0.077,-3.3,0.0,-3.3,-0.2
345,Cory Joseph,33,ORL,PG,50,16,612,3.6,9.1,0.403,2.3,6.3,0.364,1.4,2.8,0.489,0.529,0.8,1.1,0.778,1.0,3.4,4.4,4.2,1.5,0.2,1.1,2.9,10.4,,josepco01,10.9,0.547,0.695,0.117,3.0,11.2,6.9,17.0,2.1,0.6,10.0,12.8,0.6,0.9,1.5,0.114,-2.3,1.4,-0.8,0.2
346,Zeke Nnaji,24,DEN,PF,57,4,608,4.1,8.3,0.496,1.0,3.1,0.327,3.1,5.3,0.596,0.557,1.6,2.6,0.614,2.0,3.4,5.3,1.4,1.5,2.3,0.8,3.7,10.9,,nnajize01,12.0,0.574,0.369,0.312,6.3,9.8,8.1,4.6,2.0,5.6,8.0,12.2,0.6,0.6,1.2,0.097,-2.1,0.7,-1.3,0.1
347,Kessler Edwards,24,DAL,SF,40,18,608,4.0,8.0,0.496,1.3,3.2,0.407,2.7,4.8,0.556,0.578,0.7,0.8,0.923,1.3,5.5,6.8,2.5,1.1,1.2,0.9,3.7,9.9,,edwarke02,11.3,0.597,0.4,0.096,4.0,16.3,10.3,9.1,1.5,2.8,10.2,11.1,0.6,0.6,1.2,0.096,-2.0,0.6,-1.4,0.1
348,Pat Connaughton,32,MIL,SG,41,1,603,5.0,10.6,0.469,1.6,4.8,0.321,3.4,5.7,0.594,0.542,1.4,1.9,0.774,1.1,5.4,6.5,4.2,0.5,0.7,1.4,2.7,12.9,,connapa01,12.1,0.567,0.458,0.175,3.6,15.6,9.8,15.8,0.7,1.7,11.2,15.6,0.6,0.6,1.2,0.093,-1.4,-0.8,-2.3,0.0
349,Ajay Mitchell,22,OKC,SG,36,1,597,5.5,11.1,0.495,1.4,3.6,0.383,4.1,7.5,0.548,0.557,1.7,2.1,0.829,1.1,3.0,4.1,3.9,1.5,0.2,1.7,4.1,14.1,,mitchaj01,12.0,0.587,0.326,0.19,3.3,8.8,6.1,13.8,2.0,0.7,12.7,16.2,0.6,0.9,1.5,0.122,-2.5,0.9,-1.6,0.1
350,Brandon Ingram,27,NOP,SF,18,18,595,9.4,20.1,0.465,2.6,7.0,0.374,6.8,13.2,0.514,0.53,2.8,3.3,0.855,1.0,5.0,6.1,5.6,1.0,0.7,4.2,2.7,24.2,,ingrabr01,16.0,0.56,0.345,0.165,3.0,15.5,9.1,26.8,1.3,1.8,16.2,30.2,-0.2,0.2,0.0,0.001,1.4,-1.7,-0.3,0.3
351,Jared McCain,20,PHI,SG,23,8,592,7.7,16.7,0.46,3.1,8.1,0.383,4.6,8.6,0.532,0.553,3.0,3.4,0.875,0.8,2.6,3.4,3.6,0.9,0.0,2.3,2.3,21.4,ROY-7,mccaija01,15.2,0.589,0.485,0.204,2.4,8.6,5.4,16.7,1.2,0.0,11.0,24.7,0.6,0.1,0.7,0.057,1.8,-1.6,0.2,0.3
352,Cam Reddish,25,LAL,SF,33,8,589,2.3,5.7,0.404,0.8,2.9,0.277,1.5,2.9,0.532,0.473,1.0,1.6,0.615,1.0,3.0,4.0,1.3,2.0,0.6,0.7,2.6,6.4,,reddica01,7.4,0.498,0.5,0.277,3.3,9.1,6.3,4.8,2.8,1.6,10.2,8.8,0.0,0.6,0.7,0.054,-4.4,1.6,-2.7,-0.1
353,Jae'Sean Tate,29,HOU,SF,52,2,588,4.3,9.1,0.473,1.0,2.8,0.348,3.3,6.2,0.529,0.527,2.0,2.9,0.681,3.1,4.1,7.2,2.9,1.6,0.4,1.3,5.0,11.5,,tateja01,12.3,0.557,0.311,0.318,8.9,12.4,10.6,10.5,2.2,1.1,11.5,13.3,0.8,0.8,1.6,0.133,-2.1,1.4,-0.7,0.2
354,Olivier-Maxence Prosper,22,DAL,PF,52,4,584,4.3,10.7,0.402,0.7,3.1,0.235,3.6,7.6,0.472,0.437,3.0,4.7,0.645,2.7,5.1,7.8,2.5,1.6,0.4,0.9,1.7,12.4,,prospol01,12.6,0.484,0.293,0.437,8.4,15.0,11.8,9.1,2.2,0.9,6.3,16.3,0.3,0.5,0.9,0.072,-1.6,-0.5,-2.1,0.0
355,Jarred Vanderbilt,25,LAL,PF,36,2,581,3.7,7.5,0.488,0.6,2.0,0.281,3.1,5.5,0.562,0.525,1.2,2.2,0.556,4.2,7.1,11.3,2.5,2.2,0.6,1.8,4.2,9.1,,vandeja01,13.2,0.537,0.264,0.298,13.6,21.5,17.6,9.4,3.0,1.6,17.5,12.5,0.5,0.9,1.4,0.114,-2.3,1.3,-1.0,0.2
356,Joel Embiid,30,PHI,C,19,19,574,8.8,19.8,0.444,1.4,4.8,0.299,7.3,14.9,0.492,0.481,9.3,10.6,0.882,2.3,7.5,9.7,5.3,0.9,1.1,3.9,2.6,28.3,,embiijo01,23.4,0.58,0.244,0.537,6.8,24.5,15.3,25.6,1.2,3.1,13.7,34.2,0.9,0.5,1.4,0.118,3.7,-0.3,3.5,0.8
357,Monte Morris,29,PHO,PG,45,0,571,5.2,12.3,0.426,2.0,5.4,0.36,3.3,6.9,0.477,0.505,2.3,2.6,0.857,0.8,3.5,4.2,4.6,1.3,0.2,1.3,1.5,14.7,,morrimo01,13.1,0.546,0.441,0.215,2.4,10.5,6.5,18.1,1.7,0.5,9.0,18.1,0.6,0.2,0.8,0.064,-1.0,-0.8,-1.8,0.0
358,Moritz Wagner,27,ORL,C,30,1,564,8.9,15.9,0.562,1.7,4.8,0.36,7.2,11.1,0.649,0.616,5.0,7.0,0.718,2.6,6.9,9.4,2.7,1.5,0.8,3.1,3.5,24.6,,wagnemo01,22.3,0.649,0.301,0.442,7.7,23.1,15.0,13.7,2.1,2.0,14.1,26.8,1.0,1.0,2.0,0.174,2.6,1.4,4.0,0.9
359,Malcolm Brogdon,32,WAS,PG,24,13,564,6.6,15.3,0.433,1.0,3.6,0.286,5.6,11.7,0.478,0.467,5.2,5.9,0.88,1.3,4.5,5.8,6.3,0.8,0.3,2.4,1.9,19.5,,brogdma01,15.8,0.544,0.233,0.383,3.9,13.0,8.4,27.4,1.1,0.8,11.9,23.7,0.6,0.1,0.7,0.061,-0.1,-1.5,-1.5,0.1
360,John Konchar,28,MEM,SG,46,4,558,2.6,5.9,0.451,1.5,4.0,0.371,1.2,1.9,0.621,0.577,0.5,0.5,0.875,2.4,7.4,9.7,2.7,1.9,0.9,1.0,2.1,7.2,,konchjo01,12.1,0.592,0.681,0.088,7.1,21.4,14.3,8.8,2.5,2.3,14.5,8.0,0.6,0.9,1.5,0.131,-0.7,2.3,1.7,0.5
361,Dwight Powell,33,DAL,C,55,3,551,2.7,4.0,0.689,0.1,0.3,0.4,2.6,3.7,0.714,0.705,1.8,2.8,0.651,3.1,4.6,7.7,3.6,1.2,1.4,1.2,4.9,7.4,,poweldw01,12.9,0.713,0.082,0.705,9.5,13.7,11.7,12.5,1.6,3.3,18.4,7.6,1.2,0.5,1.7,0.147,-1.5,1.5,0.0,0.3
362,Dillon Jones,23,OKC,SF,54,3,551,3.3,8.7,0.383,1.0,4.1,0.254,2.3,4.6,0.5,0.444,1.1,1.8,0.607,2.0,5.9,7.9,3.8,1.0,0.3,1.8,3.5,8.8,,jonesdi01,8.1,0.464,0.474,0.211,6.0,17.3,11.8,12.6,1.4,0.7,16.2,13.3,-0.1,0.9,0.8,0.067,-4.3,0.3,-4.0,-0.3
363,Jordan Goodwin,26,LAL,PG,29,5,543,4.2,9.5,0.438,1.7,4.5,0.382,2.5,5.0,0.487,0.528,0.6,0.7,0.818,2.5,4.9,7.4,2.8,2.0,0.7,1.7,2.9,10.7,,goodwjo01,12.1,0.541,0.472,0.076,8.1,14.9,11.6,10.5,2.7,1.9,14.9,14.1,0.2,0.7,1.0,0.084,-1.7,0.8,-0.8,0.2
364,Richaun Holmes,31,WAS,PF,31,7,534,6.1,9.4,0.647,0.0,0.2,0.0,6.1,9.2,0.662,0.647,3.4,4.0,0.833,4.2,7.8,11.9,2.8,0.6,1.6,1.4,3.3,15.5,,holmeri01,19.8,0.695,0.022,0.432,12.0,22.5,17.2,12.1,0.8,3.9,11.3,14.7,1.6,0.4,2.0,0.178,1.2,0.0,1.1,0.4
365,Mouhamed Gueye,22,ATL,PF,33,28,533,4.9,11.5,0.421,1.4,5.5,0.259,3.4,6.1,0.567,0.482,2.2,2.8,0.762,3.0,6.4,9.4,1.8,1.9,2.2,1.0,3.7,13.3,,gueyemo02,14.4,0.52,0.474,0.246,8.8,20.0,14.3,6.6,2.5,5.7,7.3,15.7,0.4,0.8,1.2,0.106,-1.6,1.0,-0.6,0.2
366,Bismack Biyombo,32,SAS,C,28,26,528,4.6,7.8,0.588,0.0,0.0,,4.6,7.8,0.588,0.588,0.7,1.7,0.4,2.9,7.8,10.8,2.1,1.1,1.6,1.8,3.5,9.8,,biyombi01,12.2,0.576,0.0,0.219,8.7,23.4,16.0,7.9,1.5,3.9,17.8,12.3,0.2,0.6,0.8,0.071,-3.6,0.0,-3.6,-0.2
367,Jaylen Clark,23,MIN,SG,40,4,522,3.9,8.3,0.467,1.5,3.5,0.431,2.3,4.8,0.493,0.558,2.0,2.6,0.784,1.8,1.9,3.7,1.8,2.5,0.1,0.6,4.2,11.2,,clarkja02,12.0,0.598,0.425,0.308,5.6,5.6,5.6,6.7,3.4,0.4,5.5,12.0,0.9,0.7,1.6,0.147,-2.9,2.7,-0.2,0.2
368,Rob Dillingham,20,MIN,PG,49,1,516,6.5,14.7,0.441,1.7,5.2,0.338,4.7,9.6,0.496,0.5,0.6,1.0,0.533,0.8,2.7,3.5,6.8,1.4,0.1,3.7,2.6,15.3,,dilliro01,10.2,0.503,0.351,0.071,2.6,8.0,5.4,28.4,1.9,0.2,19.6,22.7,-0.4,0.6,0.1,0.012,-3.3,-0.9,-4.2,-0.3
369,Colby Jones,22,2TM,SG,39,0,515,4.1,9.0,0.457,1.1,3.4,0.327,3.0,5.6,0.538,0.519,1.6,2.4,0.657,1.5,4.6,6.1,3.1,1.8,0.9,1.6,2.6,11.0,,jonesco02,11.4,0.544,0.38,0.271,4.3,13.6,9.0,12.0,2.4,2.4,13.7,13.7,0.1,0.4,0.6,0.053,-3.3,0.4,-2.8,-0.1
369,Colby Jones,22,SAC,SG,24,0,130,3.0,7.2,0.423,1.1,2.8,0.4,1.9,4.4,0.438,0.5,0.0,0.0,,2.2,4.2,6.4,1.9,1.7,1.9,1.9,3.6,7.2,,jonesco02,8.6,0.5,0.385,0.0,6.9,13.0,9.9,6.7,2.3,5.3,21.2,10.9,-0.1,0.2,0.1,0.036,-3.9,1.2,-2.7,0.0
369,Colby Jones,22,WAS,SG,15,0,385,4.5,9.6,0.466,1.1,3.6,0.308,3.4,6.0,0.563,0.524,2.2,3.3,0.657,1.2,4.8,6.0,3.5,1.9,0.6,1.5,2.2,12.2,,jonesco02,12.3,0.553,0.379,0.34,3.5,13.8,8.6,13.8,2.5,1.4,11.9,14.7,0.2,0.3,0.5,0.059,-3.1,0.2,-2.9,-0.1
370,Craig Porter Jr.,24,CLE,PG,51,1,513,5.1,9.8,0.514,1.5,3.4,0.438,3.6,6.5,0.554,0.589,1.6,2.2,0.719,1.3,3.4,4.7,5.0,1.2,1.1,2.7,1.8,13.2,,portecr01,13.1,0.61,0.343,0.229,4.1,9.9,7.1,17.7,1.6,2.6,19.8,15.9,0.5,0.6,1.1,0.102,0.1,1.0,1.1,0.4
371,Tristan Vukcevic,21,WAS,C,35,1,513,8.4,17.0,0.496,2.7,7.2,0.373,5.8,9.8,0.586,0.574,3.6,4.7,0.776,1.8,7.3,9.1,2.7,0.8,1.6,2.9,4.0,23.2,,vukcetr01,17.8,0.608,0.421,0.277,5.2,21.2,13.2,13.0,1.0,4.0,13.4,25.7,0.3,0.4,0.7,0.069,0.4,-0.9,-0.5,0.2
372,Elfrid Payton,30,2TM,PG,24,9,511,2.8,8.6,0.328,0.1,0.4,0.167,2.7,8.2,0.336,0.332,0.3,0.5,0.571,1.1,4.5,5.6,11.7,1.7,0.8,4.2,2.5,6.0,,paytoel01,8.5,0.34,0.049,0.057,3.1,13.9,8.3,43.3,2.3,2.1,32.1,15.2,-0.9,0.3,-0.6,-0.057,-5.1,-1.3,-6.4,-0.6
372,Elfrid Payton,30,NOP,PG,18,7,388,3.4,9.4,0.366,0.1,0.6,0.167,3.3,8.8,0.379,0.371,0.4,0.6,0.571,1.3,4.8,6.1,13.5,1.7,0.7,4.8,2.2,7.3,,paytoel01,10.6,0.38,0.059,0.069,3.8,14.9,9.2,50.3,2.2,2.0,33.3,17.0,-0.6,0.2,-0.4,-0.047,-3.6,-1.9,-5.5,-0.3
372,Elfrid Payton,30,CHO,PG,6,2,123,0.9,6.1,0.143,0.0,0.0,,0.9,6.1,0.143,0.143,0.0,0.0,,0.3,3.5,3.8,5.9,1.8,0.9,2.0,3.5,1.8,,paytoel01,1.7,0.143,0.0,0.0,0.8,10.6,5.6,21.1,2.4,2.4,25.0,9.7,-0.3,0.1,-0.2,-0.087,-9.9,0.7,-9.2,-0.2
373,Jamal Cain,25,NOP,SF,37,0,502,4.9,11.3,0.43,1.9,5.7,0.325,3.0,5.6,0.538,0.513,2.4,3.6,0.68,1.9,4.2,6.1,1.6,1.6,0.6,1.6,3.3,14.1,,cainja01,11.4,0.544,0.506,0.316,5.6,12.8,9.1,6.2,2.2,1.7,10.9,17.0,0.1,0.2,0.4,0.036,-2.5,-0.8,-3.4,-0.2
374,Keaton Wallace,25,ATL,PG,31,5,501,4.7,11.6,0.401,1.9,5.9,0.329,2.7,5.7,0.475,0.485,0.8,0.8,1.0,0.5,3.1,3.6,5.8,2.0,0.6,2.4,2.8,12.1,,wallake01,10.1,0.503,0.506,0.068,1.5,9.6,5.5,21.0,2.6,1.7,16.5,16.4,-0.1,0.5,0.4,0.034,-3.3,1.0,-2.3,0.0
375,Jock Landale,29,HOU,C,42,3,500,5.8,10.9,0.533,0.8,1.9,0.423,5.0,9.1,0.556,0.569,1.9,2.9,0.675,4.0,5.8,9.9,2.7,0.9,0.7,1.5,3.5,14.4,,landajo01,16.0,0.59,0.171,0.263,11.7,17.6,14.6,10.3,1.3,1.8,11.0,15.7,1.0,0.7,1.7,0.159,0.0,0.4,0.4,0.3
376,Vince Williams Jr.,24,MEM,SG,27,5,499,4.8,12.0,0.401,1.9,6.9,0.274,3.0,5.2,0.569,0.479,1.4,1.7,0.792,1.6,5.5,7.1,4.0,0.9,0.5,2.4,3.2,12.9,,willivi01,9.2,0.504,0.569,0.144,4.7,15.9,10.4,13.8,1.1,1.3,15.7,17.0,-0.1,0.5,0.4,0.04,-2.5,-0.3,-2.8,-0.1
377,Wendell Moore Jr.,23,2TM,SG,36,1,499,4.3,9.1,0.468,1.0,3.0,0.341,3.2,6.1,0.529,0.524,1.3,1.6,0.818,2.2,4.7,6.9,3.0,1.4,0.4,1.9,2.2,10.8,,moorewe01,11.0,0.553,0.325,0.175,6.4,14.3,10.3,11.6,1.9,1.0,16.6,13.8,0.2,0.5,0.7,0.063,-2.6,-0.1,-2.7,-0.1
377,Wendell Moore Jr.,23,DET,SG,20,1,219,3.8,8.2,0.46,0.7,2.3,0.286,3.1,5.9,0.528,0.5,2.1,2.3,0.929,1.8,5.4,7.2,3.8,1.6,0.5,1.5,2.5,10.4,,moorewe01,12.4,0.561,0.28,0.28,5.6,16.6,11.1,13.5,2.2,1.3,13.8,12.6,0.2,0.3,0.5,0.115,-1.7,1.7,0.0,0.1
377,Wendell Moore Jr.,23,CHO,SG,16,0,280,4.6,9.8,0.474,1.3,3.5,0.37,3.3,6.3,0.531,0.539,0.6,1.0,0.625,2.4,4.1,6.6,2.4,1.3,0.3,2.3,2.1,11.2,,moorewe01,10.0,0.547,0.355,0.105,7.1,12.4,9.7,10.2,1.8,0.7,18.5,14.8,-0.1,0.2,0.1,0.023,-3.2,-1.5,-4.7,-0.2
378,Brandon Williams,25,DAL,PG,33,3,487,7.2,13.9,0.521,1.8,4.4,0.4,5.5,9.5,0.578,0.585,4.1,4.9,0.833,0.9,3.4,4.3,5.6,1.8,0.4,2.9,2.4,20.3,,willibr03,18.3,0.634,0.319,0.351,2.7,10.1,6.5,23.2,2.4,0.9,15.2,22.6,0.9,0.4,1.3,0.129,1.0,-0.1,1.0,0.4
379,A.J. Lawson,24,TOR,SG,26,2,486,5.9,14.1,0.421,2.4,7.5,0.327,3.5,6.6,0.528,0.508,3.2,4.7,0.683,1.5,4.9,6.4,2.3,1.0,0.4,1.1,3.3,17.5,,lawsoaj01,12.7,0.542,0.532,0.332,4.3,14.9,9.5,9.1,1.3,1.2,6.4,20.0,0.4,0.4,0.8,0.081,-1.5,-1.0,-2.5,-0.1
380,Grant Williams,26,CHO,PF,16,7,479,4.1,9.2,0.439,2.0,5.6,0.365,2.0,3.7,0.551,0.549,2.3,2.8,0.838,1.4,4.8,6.2,2.8,1.4,1.0,2.1,3.5,12.5,,willigr01,11.5,0.596,0.602,0.301,3.9,14.5,9.1,11.3,1.8,2.7,16.7,14.8,0.3,0.4,0.7,0.071,-2.3,0.7,-1.6,0.1
381,Lonnie Walker IV,26,PHI,SG,20,7,477,6.7,16.0,0.42,3.4,9.6,0.354,3.3,6.4,0.518,0.526,1.8,2.3,0.8,0.5,4.3,4.8,3.8,0.8,0.4,1.9,2.0,18.6,,walkelo01,13.1,0.548,0.599,0.142,1.4,14.1,7.5,16.5,1.0,1.0,10.0,22.8,0.2,0.1,0.3,0.033,0.0,-2.4,-2.4,0.0
382,Duop Reath,28,POR,C,46,0,469,5.4,12.7,0.422,2.6,8.1,0.321,2.8,4.6,0.6,0.524,1.5,1.7,0.909,3.4,3.7,7.1,2.0,0.9,1.1,1.2,3.1,14.9,,reathdu01,13.7,0.552,0.639,0.133,9.9,11.4,10.6,8.0,1.2,2.7,8.3,17.0,0.6,0.4,1.0,0.105,0.2,-0.5,-0.3,0.2
383,Reece Beekman,23,2TM,PG,36,4,469,2.7,8.2,0.327,0.5,3.1,0.175,2.1,5.1,0.418,0.36,1.2,1.6,0.762,1.0,2.0,3.0,4.8,2.5,0.2,1.6,2.8,7.1,,beekmre01,7.5,0.4,0.374,0.196,3.0,6.6,4.7,19.1,3.5,0.4,15.3,12.8,-0.4,0.5,0.1,0.01,-6.7,1.3,-5.4,-0.4
383,Reece Beekman,23,GSW,PG,2,0,4,9.0,9.0,1.0,0.0,0.0,,9.0,9.0,1.0,1.0,0.0,0.0,,9.0,0.0,9.0,9.0,9.0,0.0,0.0,9.0,18.0,,beekmre01,42.3,1.0,0.0,0.0,26.1,0.0,13.5,41.9,12.2,0.0,0.0,10.5,0.0,0.0,0.0,0.598,9.8,16.1,26.0,0.0
383,Reece Beekman,23,BRK,PG,34,4,465,2.6,8.2,0.321,0.5,3.1,0.175,2.1,5.1,0.409,0.354,1.2,1.6,0.762,0.9,2.0,2.9,4.8,2.5,0.2,1.6,2.7,7.0,,beekmre01,7.2,0.395,0.377,0.198,2.8,6.7,4.6,18.9,3.4,0.4,15.4,12.8,-0.4,0.5,0.1,0.005,-6.8,1.2,-5.6,-0.4
384,Kai Jones,24,2TM,C,40,6,468,6.7,8.4,0.798,0.1,0.4,0.2,6.6,8.0,0.827,0.803,1.8,2.5,0.719,3.1,6.5,9.6,1.9,1.2,1.8,1.4,3.8,15.2,,joneska01,20.2,0.804,0.046,0.294,9.6,19.7,14.8,7.9,1.6,4.6,12.8,13.0,1.4,0.7,2.1,0.216,1.4,1.5,2.9,0.6
384,Kai Jones,24,LAC,C,28,0,208,4.5,6.2,0.722,0.0,0.3,0.0,4.5,5.9,0.765,0.722,1.6,2.1,0.75,2.6,5.4,8.0,1.7,1.0,2.3,1.7,4.0,10.6,,joneska01,14.5,0.739,0.056,0.333,8.3,16.6,12.5,6.5,1.4,6.2,19.5,10.8,0.3,0.4,0.7,0.16,-2.0,2.6,0.6,0.1
384,Kai Jones,24,DAL,C,12,6,260,8.4,10.1,0.836,0.1,0.4,0.333,8.3,9.7,0.857,0.842,1.9,2.8,0.7,3.5,7.5,10.9,2.1,1.2,1.4,1.1,3.7,19.0,,joneska01,24.8,0.837,0.041,0.274,10.7,22.2,16.5,9.0,1.7,3.3,8.9,14.8,1.1,0.3,1.4,0.261,4.2,0.6,4.8,0.4
385,Larry Nance Jr.,32,ATL,PF,24,3,463,6.2,12.1,0.516,2.6,5.9,0.447,3.6,6.1,0.582,0.626,0.7,1.0,0.692,1.8,6.2,8.0,3.0,1.6,1.0,1.2,2.9,15.8,,nancela02,16.0,0.632,0.49,0.084,5.3,19.4,12.2,11.3,2.0,2.6,9.1,15.7,0.8,0.5,1.3,0.131,1.1,0.7,1.8,0.4
386,Collin Gillespie,25,PHO,PG,33,9,461,5.3,12.3,0.43,3.0,7.0,0.433,2.3,5.3,0.426,0.554,1.5,1.7,0.864,1.7,4.4,6.1,6.1,1.6,0.4,1.3,2.3,15.1,,gilleco01,16.8,0.578,0.57,0.139,5.5,13.2,9.4,24.0,2.3,1.0,9.2,17.7,1.0,0.3,1.3,0.131,2.3,0.2,2.5,0.5
387,Rayan Rupert,20,POR,SG,52,0,460,4.5,11.1,0.408,1.3,4.6,0.271,3.3,6.5,0.506,0.465,1.8,2.3,0.767,2.0,3.4,5.5,2.0,1.3,0.3,2.3,2.9,12.1,,ruperra01,8.1,0.499,0.415,0.211,6.0,10.6,8.2,7.6,1.7,0.8,16.2,16.8,-0.3,0.4,0.1,0.007,-4.1,-0.6,-4.7,-0.3
388,GG Jackson II,20,MEM,PF,29,3,459,5.8,15.6,0.372,2.5,7.5,0.337,3.3,8.2,0.404,0.452,2.3,3.1,0.725,2.1,5.1,7.2,2.3,0.9,0.4,2.4,2.4,16.4,,jacksgg01,9.3,0.482,0.477,0.201,6.3,14.8,10.6,8.2,1.2,1.0,12.5,21.7,-0.4,0.4,0.1,0.009,-3.3,-2.0,-5.3,-0.4
389,Jaylon Tyson,22,CLE,SG,47,3,453,5.1,11.8,0.43,1.6,4.6,0.345,3.5,7.2,0.484,0.497,1.5,1.9,0.792,2.9,4.7,7.6,3.5,1.0,0.2,2.1,4.0,13.3,,tysonja01,11.1,0.523,0.389,0.161,9.1,13.7,11.5,12.4,1.4,0.6,14.0,17.4,0.3,0.5,0.8,0.083,-2.4,-0.2,-2.7,-0.1
390,Bol Bol,25,PHO,PF,36,10,448,7.7,14.7,0.525,2.6,7.5,0.344,5.1,7.2,0.711,0.612,1.6,2.1,0.769,1.6,6.8,8.4,1.8,0.7,2.0,1.6,1.6,19.6,,bolbo01,18.4,0.627,0.508,0.142,5.1,20.4,13.0,7.7,1.0,5.2,9.3,21.1,0.6,0.3,0.9,0.097,1.7,-0.9,0.8,0.3
391,Paul Reed,25,DET,C,45,0,438,5.9,11.7,0.507,0.7,2.3,0.286,5.3,9.4,0.561,0.535,2.6,3.5,0.762,3.3,6.8,10.1,3.6,3.2,2.1,2.1,6.2,15.1,,reedpa01,18.6,0.573,0.197,0.296,10.2,20.8,15.6,14.0,4.3,5.4,13.9,18.0,0.6,1.0,1.6,0.173,-1.2,4.0,2.9,0.5
392,Colin Castleton,24,3TM,C,26,4,432,3.8,8.2,0.469,0.2,1.3,0.125,3.7,6.8,0.537,0.48,2.4,3.2,0.763,4.4,5.7,10.2,2.3,0.7,0.8,1.9,4.2,10.2,,castlco01,11.3,0.536,0.163,0.388,13.0,17.9,15.4,8.9,0.9,2.2,16.7,13.4,0.3,0.4,0.7,0.075,-4.0,-1.0,-5.0,-0.3
392,Colin Castleton,24,MEM,C,10,0,46,1.6,7.8,0.2,0.0,3.1,0.0,1.6,4.7,0.333,0.2,7.8,8.6,0.909,2.3,4.7,7.0,0.0,0.8,0.8,0.8,4.7,11.0,,castlco01,7.4,0.472,0.4,1.1,7.0,13.7,10.4,0.0,1.0,2.0,6.3,13.9,0.0,0.0,0.1,0.068,-6.1,-1.0,-7.1,-0.1
392,Colin Castleton,24,TOR,C,11,4,288,4.0,8.0,0.5,0.2,1.0,0.25,3.8,7.0,0.536,0.516,1.6,2.3,0.722,4.2,5.2,9.5,2.3,0.7,1.0,2.6,4.0,9.9,,castlco01,10.1,0.549,0.125,0.281,12.4,16.0,14.1,8.3,1.0,2.7,22.6,13.5,0.0,0.3,0.3,0.047,-5.0,-0.8,-5.7,-0.3
392,Colin Castleton,24,PHI,C,5,0,98,4.4,8.8,0.5,0.0,1.5,0.0,4.4,7.3,0.6,0.5,2.2,3.3,0.667,5.9,7.7,13.6,3.7,0.4,0.4,0.4,4.8,11.0,,castlco01,16.5,0.536,0.167,0.375,17.8,25.3,21.4,14.6,0.5,1.0,3.5,12.9,0.3,0.1,0.3,0.161,-0.3,-1.7,-2.0,0.0
393,Trevelin Queen,27,ORL,SG,31,2,430,4.7,12.3,0.381,1.8,6.4,0.286,2.8,5.9,0.486,0.456,1.5,1.8,0.857,2.2,2.3,4.5,3.2,2.6,0.8,1.8,3.2,12.7,,queentr01,11.9,0.486,0.524,0.143,6.6,7.9,7.2,13.3,3.6,2.2,12.3,18.1,-0.1,0.8,0.7,0.074,-2.6,2.3,-0.3,0.2
394,Malaki Branham,21,SAS,SG,47,0,427,7.3,16.0,0.458,2.9,7.1,0.405,4.5,8.9,0.5,0.547,2.3,2.8,0.818,0.6,3.7,4.3,3.2,0.9,0.2,2.9,2.4,19.8,,branhma01,12.0,0.575,0.442,0.174,1.8,11.1,6.4,13.4,1.2,0.4,14.3,23.8,-0.1,0.2,0.1,0.007,-1.2,-1.9,-3.2,-0.1
395,Jordan Miller,25,LAC,SF,37,0,420,5.0,11.5,0.433,0.7,3.3,0.211,4.3,8.2,0.521,0.463,2.4,3.0,0.8,2.0,3.0,5.0,2.9,1.5,0.4,2.2,2.2,13.0,,millejo02,10.5,0.509,0.284,0.261,6.3,9.3,7.8,11.2,2.0,1.2,14.8,18.2,-0.1,0.5,0.4,0.049,-3.0,0.2,-2.8,-0.1
396,Mo Bamba,26,2TM,C,32,2,413,4.5,9.8,0.464,1.3,4.7,0.278,3.2,5.1,0.638,0.531,1.7,2.4,0.704,2.8,9.8,12.6,1.6,0.8,2.7,1.7,4.9,12.0,,bambamo01,13.9,0.557,0.482,0.241,8.8,30.5,19.7,6.0,1.1,7.4,13.9,15.2,0.2,0.8,1.0,0.117,-2.7,1.9,-0.9,0.1
396,Mo Bamba,26,LAC,C,28,2,352,4.9,10.5,0.466,1.5,5.1,0.3,3.4,5.4,0.623,0.539,1.7,2.6,0.68,2.7,9.6,12.3,1.6,0.9,2.9,1.9,5.0,13.1,,bambamo01,14.5,0.561,0.485,0.243,8.5,29.8,19.3,6.3,1.3,7.9,14.3,16.5,0.1,0.8,0.9,0.124,-2.6,2.4,-0.2,0.2
396,Mo Bamba,26,NOP,C,4,0,61,2.4,5.3,0.444,0.0,2.4,0.0,2.4,3.0,0.8,0.444,1.2,1.2,1.0,3.5,11.2,14.8,1.2,0.0,1.8,0.6,4.1,5.9,,bambamo01,10.6,0.506,0.444,0.222,10.3,34.6,22.1,4.2,0.0,4.7,9.2,7.5,0.1,0.0,0.1,0.08,-3.4,-1.1,-4.5,0.0
397,David Roddy,23,3TM,PF,33,3,410,5.0,11.0,0.456,1.7,5.4,0.311,3.3,5.6,0.594,0.532,1.8,2.3,0.769,1.1,6.2,7.4,3.1,1.2,0.8,1.9,1.8,13.4,,roddyda01,11.9,0.561,0.488,0.208,3.4,19.5,11.2,11.5,1.6,2.0,13.9,16.0,0.1,0.4,0.5,0.062,-1.6,0.1,-1.5,0.1
397,David Roddy,23,ATL,PF,27,3,346,4.6,9.7,0.473,1.7,4.5,0.372,2.9,5.2,0.56,0.559,1.9,2.3,0.818,1.1,6.1,7.3,3.1,1.2,0.8,2.1,1.9,12.7,,roddyda01,11.8,0.594,0.462,0.237,3.4,19.2,11.1,11.2,1.6,2.1,16.3,14.6,0.2,0.3,0.5,0.07,-1.6,0.5,-1.2,0.1
397,David Roddy,23,PHI,PF,3,0,29,9.9,23.6,0.421,2.5,13.7,0.182,7.4,9.9,0.75,0.474,0.0,0.0,,2.5,8.7,11.2,3.7,2.5,0.0,1.2,1.2,22.3,,roddyda01,19.1,0.474,0.579,0.0,7.5,28.5,17.6,19.0,3.4,0.0,5.0,30.0,0.0,0.0,0.0,0.036,3.2,-0.4,2.9,0.0
397,David Roddy,23,HOU,PF,3,0,35,5.1,13.4,0.385,1.0,7.2,0.143,4.1,6.2,0.667,0.423,2.1,4.1,0.5,0.0,5.1,5.1,2.1,0.0,1.0,1.0,1.0,13.4,,roddyda01,7.2,0.44,0.538,0.308,0.0,15.5,7.6,7.7,0.0,2.6,6.3,18.5,0.0,0.0,0.0,0.007,-5.1,-3.2,-8.3,-0.1
398,Taj Gibson,39,CHO,C,37,11,409,4.1,8.4,0.495,0.1,0.2,0.5,4.0,8.2,0.495,0.5,1.1,1.8,0.6,4.5,6.1,10.6,1.8,0.8,1.6,2.2,4.8,9.4,,gibsota01,10.8,0.515,0.021,0.211,13.0,18.4,15.6,7.5,1.1,4.3,19.4,13.4,0.0,0.4,0.4,0.043,-5.2,-0.1,-5.3,-0.3
399,Ousmane Dieng,21,OKC,C,37,1,405,4.8,11.1,0.432,2.0,6.3,0.324,2.8,4.8,0.574,0.524,1.0,1.4,0.688,1.6,5.6,7.2,2.8,1.5,0.6,1.6,2.9,12.6,,diengou01,11.5,0.538,0.568,0.128,4.9,16.3,10.7,9.6,2.0,1.7,12.0,15.7,0.1,0.7,0.9,0.104,-2.0,1.1,-0.9,0.1
400,Jordan Walsh,20,BOS,PF,52,1,403,2.7,7.4,0.361,1.3,4.9,0.273,1.3,2.5,0.536,0.452,0.6,1.1,0.583,2.1,4.1,6.2,1.7,1.1,1.0,1.5,2.7,7.3,,walshjo01,6.9,0.464,0.663,0.145,6.2,12.4,9.3,6.0,1.5,2.5,16.1,11.5,-0.2,0.5,0.4,0.044,-4.4,0.5,-3.9,-0.2
401,Hunter Tyson,24,DEN,PF,51,2,400,4.1,10.8,0.375,2.1,6.7,0.311,2.0,4.1,0.478,0.471,1.9,2.5,0.75,2.3,4.8,7.0,1.8,0.9,0.5,1.3,4.0,12.1,,tysonhu01,9.0,0.506,0.617,0.233,7.2,13.9,10.7,6.1,1.2,1.3,9.6,15.5,0.1,0.3,0.4,0.047,-3.3,-1.5,-4.8,-0.3
402,Anthony Gill,32,WAS,PF,51,0,397,3.9,8.0,0.489,0.9,2.8,0.323,3.0,5.2,0.579,0.545,3.0,4.5,0.66,1.6,4.4,6.0,1.5,0.8,0.2,0.9,2.7,11.7,,gillan01,10.2,0.586,0.352,0.568,4.7,12.6,8.6,5.7,1.1,0.5,8.3,12.7,0.4,0.1,0.5,0.058,-3.0,-1.5,-4.5,-0.3
403,Devin Carter,22,SAC,PG,36,0,396,4.3,11.5,0.37,1.6,5.5,0.295,2.6,6.0,0.439,0.441,2.4,4.0,0.591,1.7,5.2,6.9,3.7,1.9,0.4,1.6,3.5,12.5,,cartede02,10.8,0.471,0.48,0.346,5.4,16.2,10.8,13.5,2.6,1.0,11.0,17.9,-0.1,0.4,0.4,0.043,-3.5,0.3,-3.2,-0.1
404,Jeff Green,38,HOU,PF,32,3,396,5.5,11.0,0.504,2.6,7.2,0.367,2.9,3.8,0.762,0.624,1.9,2.4,0.808,1.0,4.3,5.3,1.8,0.5,0.4,0.8,2.9,15.6,,greenje02,13.6,0.649,0.653,0.215,2.9,12.9,7.8,7.0,0.7,0.9,6.4,14.7,0.9,0.4,1.3,0.159,0.3,0.0,0.4,0.2
405,Trey Jemison,25,2TM,C,38,0,392,3.8,6.8,0.554,0.0,0.0,,3.8,6.8,0.554,0.554,1.2,3.0,0.394,4.0,5.6,9.6,1.5,0.8,1.4,2.2,6.3,8.7,,jemistr01,8.9,0.537,0.0,0.446,12.4,17.1,14.8,5.5,1.1,3.6,21.3,12.4,0.0,0.3,0.3,0.037,-6.3,-0.5,-6.8,-0.5
405,Trey Jemison,25,NOP,C,16,0,166,3.3,6.9,0.469,0.0,0.0,,3.3,6.9,0.469,0.469,1.7,4.6,0.381,4.8,4.8,9.5,2.2,1.5,1.3,2.2,5.9,8.2,,jemistr01,9.4,0.461,0.0,0.656,13.9,14.7,14.3,8.0,2.0,3.5,19.5,13.0,-0.1,0.1,0.0,0.009,-5.8,-0.4,-6.2,-0.2
405,Trey Jemison,25,LAL,C,22,0,226,4.1,6.7,0.619,0.0,0.0,,4.1,6.7,0.619,0.619,0.8,1.9,0.417,3.5,6.2,9.7,1.0,0.3,1.4,2.2,6.7,9.1,,jemistr01,8.6,0.603,0.0,0.286,11.3,18.9,15.2,3.6,0.4,3.7,22.8,11.9,0.0,0.2,0.3,0.057,-6.7,-0.6,-7.3,-0.3
406,Reggie Jackson,34,PHI,PG,31,1,384,4.9,12.5,0.391,2.3,6.9,0.338,2.5,5.5,0.458,0.485,0.7,0.8,0.778,0.7,3.2,3.9,4.2,1.5,0.3,1.6,3.2,12.7,,jacksre01,9.8,0.496,0.556,0.068,2.3,10.4,6.2,17.1,2.1,0.8,11.0,17.5,0.0,0.2,0.1,0.015,-3.2,-0.8,-4.0,-0.2
407,Baylor Scheierman,24,BOS,SG,31,2,384,3.7,10.3,0.355,2.4,7.7,0.317,1.2,2.6,0.464,0.473,0.8,1.1,0.75,1.8,4.3,6.1,3.1,1.6,0.2,1.1,2.1,10.6,,scheiba01,10.3,0.49,0.745,0.109,5.4,13.0,9.2,11.3,2.2,0.5,9.4,14.5,0.2,0.5,0.7,0.089,-2.5,0.8,-1.7,0.0
408,Quenton Jackson,26,IND,PG,28,7,381,5.5,11.5,0.475,1.4,3.8,0.375,4.1,7.7,0.524,0.537,2.9,3.8,0.775,1.3,2.8,4.2,5.0,2.0,0.5,1.5,4.1,15.3,,jacksqu01,14.7,0.58,0.328,0.328,4.1,8.7,6.4,18.6,2.6,1.2,10.3,17.7,0.6,0.4,1.0,0.126,-1.2,0.8,-0.3,0.2
409,Alex Len,31,2TM,C,46,7,380,3.0,6.0,0.508,0.2,0.9,0.222,2.8,5.1,0.556,0.524,0.8,1.6,0.471,3.6,5.4,9.0,3.6,0.9,2.0,1.9,5.3,7.0,,lenal01,10.6,0.525,0.143,0.27,11.3,16.7,14.0,12.6,1.2,5.4,22.1,10.3,0.2,0.4,0.7,0.083,-3.9,1.2,-2.6,-0.1
409,Alex Len,31,SAC,C,36,3,258,3.1,5.7,0.537,0.1,0.8,0.167,2.9,4.9,0.6,0.549,1.0,1.8,0.538,3.5,5.4,8.9,4.2,1.1,2.5,1.5,4.9,7.3,,lenal01,13.1,0.557,0.146,0.317,10.8,17.0,13.9,14.5,1.5,6.8,19.1,9.6,0.3,0.3,0.6,0.121,-2.1,2.4,0.3,0.2
409,Alex Len,31,LAL,C,10,4,122,3.0,6.5,0.455,0.3,0.9,0.333,2.7,5.6,0.474,0.477,0.3,1.2,0.25,3.8,5.3,9.1,2.4,0.3,0.9,2.7,6.2,6.5,,lenal01,5.3,0.463,0.136,0.182,12.4,16.1,14.3,8.5,0.4,2.3,27.5,11.8,-0.1,0.1,0.0,0.002,-7.6,-1.3,-8.9,-0.2
410,Johnny Furphy,20,IND,SG,50,0,379,3.3,8.7,0.38,1.4,4.7,0.3,1.9,4.0,0.476,0.462,1.7,2.1,0.818,2.2,4.6,6.7,1.8,1.7,1.0,1.1,3.9,9.8,,furphjo01,9.8,0.506,0.543,0.239,6.8,14.0,10.4,6.2,2.3,2.6,10.6,13.0,0.1,0.5,0.5,0.07,-3.0,0.6,-2.5,0.0
411,Charles Bassey,24,SAS,C,36,1,376,6.5,11.2,0.581,0.0,0.0,,6.5,11.2,0.581,0.581,2.0,3.2,0.636,5.4,9.2,14.6,1.6,1.3,2.9,2.2,4.8,15.0,,bassech01,19.0,0.597,0.0,0.282,15.9,27.4,21.7,6.6,1.8,7.2,14.9,17.5,0.5,0.6,1.1,0.136,-1.7,0.6,-1.1,0.1
412,Dominick Barlow,21,ATL,SF,35,4,375,5.8,10.8,0.531,0.7,2.6,0.259,5.1,8.3,0.616,0.562,2.0,3.2,0.636,3.4,4.8,8.2,1.8,0.9,1.5,0.5,4.5,14.2,,barlodo01,14.6,0.58,0.239,0.292,10.0,15.0,12.4,6.9,1.1,3.9,3.8,14.5,0.7,0.3,1.0,0.131,-1.4,-0.8,-2.2,0.0
413,Dante Exum,29,DAL,PG,20,13,372,6.2,13.0,0.478,2.2,5.1,0.434,4.0,7.8,0.506,0.563,2.2,3.0,0.742,0.4,2.8,3.2,5.4,1.2,0.3,2.1,3.3,16.8,,exumda01,13.6,0.589,0.396,0.231,1.2,8.3,4.8,21.5,1.6,0.7,13.0,19.6,0.4,0.2,0.6,0.083,-1.2,-1.1,-2.3,0.0
414,Damion Baugh,24,CHO,SG,15,2,370,4.1,12.6,0.323,1.2,5.4,0.214,2.9,7.2,0.405,0.369,1.3,1.5,0.867,1.4,3.5,4.9,5.4,1.5,0.2,3.0,2.1,10.6,,baughda01,6.3,0.399,0.431,0.115,3.9,10.6,7.2,22.2,2.0,0.5,18.5,19.3,-0.8,0.2,-0.5,-0.069,-5.9,-1.2,-7.1,-0.5
415,Jaden Springer,22,2TM,PG,43,2,365,3.5,8.9,0.389,1.2,4.7,0.25,2.3,4.1,0.548,0.456,2.7,3.7,0.711,1.7,4.0,5.7,3.3,2.4,0.4,1.6,4.1,10.8,,sprinja01,10.7,0.511,0.533,0.422,5.1,12.1,8.6,12.1,3.2,1.0,13.0,14.3,0.1,0.4,0.5,0.07,-4.3,1.6,-2.7,-0.1
415,Jaden Springer,22,BOS,SG,26,0,141,3.1,8.7,0.353,1.5,4.9,0.316,1.5,3.8,0.4,0.441,3.8,5.4,0.714,1.0,5.1,6.1,2.6,3.1,0.3,1.0,4.3,11.5,,sprinja01,12.1,0.52,0.559,0.618,3.1,15.4,9.2,9.1,4.3,0.7,8.5,14.7,0.1,0.3,0.4,0.133,-4.4,4.1,-0.3,0.1
415,Jaden Springer,22,UTA,PG,17,2,224,3.7,9.0,0.411,1.0,4.7,0.207,2.7,4.3,0.63,0.464,1.9,2.7,0.706,2.1,3.4,5.5,3.7,1.9,0.5,1.9,4.0,10.3,,sprinja01,9.8,0.504,0.518,0.304,6.3,10.0,8.2,14.0,2.6,1.3,15.9,14.1,0.0,0.1,0.1,0.031,-4.3,0.0,-4.3,-0.1
416,Robert Williams,27,POR,C,20,3,351,5.1,8.0,0.641,0.1,0.3,0.333,5.0,7.7,0.653,0.647,1.5,1.7,0.882,3.6,8.5,12.1,2.2,1.3,3.4,1.7,3.2,11.9,,williro04,18.9,0.679,0.038,0.218,10.5,26.3,18.2,8.6,1.8,8.5,16.6,12.2,0.6,0.7,1.3,0.175,-0.1,3.2,3.0,0.4
417,Doug McDermott,33,SAC,SF,42,3,342,5.3,12.3,0.427,4.6,10.6,0.436,0.6,1.7,0.375,0.615,0.3,0.5,0.6,0.3,2.0,2.3,0.7,0.4,0.2,0.6,3.2,15.5,,mcderdo01,9.5,0.617,0.863,0.043,1.0,6.2,3.6,2.8,0.6,0.6,4.8,15.7,0.4,0.1,0.4,0.061,-0.8,-2.4,-3.2,-0.1
418,Christian Koloko,24,LAL,C,37,0,342,4.2,6.9,0.606,0.0,0.4,0.0,4.2,6.5,0.645,0.606,1.1,1.5,0.714,3.7,6.0,9.7,1.7,0.8,1.7,1.3,4.6,9.5,,kolokch01,13.0,0.624,0.061,0.212,11.9,18.2,15.1,6.4,1.2,4.4,14.3,10.8,0.5,0.4,0.9,0.13,-3.0,0.2,-2.8,-0.1
419,Terrence Shannon Jr.,24,MIN,SG,32,1,339,5.8,12.1,0.482,1.2,3.3,0.355,4.7,8.8,0.53,0.531,1.8,2.2,0.81,1.1,3.9,5.0,3.4,0.7,0.5,1.6,2.9,14.7,,shannte01,11.9,0.56,0.272,0.184,3.3,11.9,7.7,13.8,1.0,1.4,10.9,17.7,0.3,0.4,0.6,0.091,-2.1,0.0,-2.1,0.0
420,Keion Brooks Jr.,24,NOP,SF,14,6,332,5.7,11.8,0.486,1.5,4.7,0.326,4.2,7.2,0.591,0.55,2.4,3.3,0.733,1.3,5.0,6.3,1.4,1.1,1.1,1.3,3.3,15.4,,brookke02,12.8,0.581,0.394,0.275,3.8,15.4,9.4,5.7,1.5,2.9,8.9,17.1,0.3,0.1,0.4,0.057,-2.2,-1.3,-3.5,-0.1
421,Tristan Thompson,33,CLE,C,40,0,328,3.4,7.8,0.437,0.0,0.3,0.0,3.4,7.5,0.456,0.437,0.8,3.3,0.233,3.5,11.2,14.7,2.6,0.2,1.2,1.5,4.0,7.6,,thomptr01,9.1,0.41,0.042,0.423,10.9,32.7,22.1,8.8,0.3,3.0,14.3,12.7,-0.2,0.5,0.4,0.057,-4.9,0.3,-4.6,-0.2
422,Maxwell Lewis,22,2TM,SF,28,1,327,5.0,11.9,0.417,2.1,5.5,0.38,2.9,6.4,0.448,0.505,0.8,1.1,0.7,2.0,4.1,6.1,2.1,1.0,0.8,1.5,3.2,12.8,,lewisma05,9.9,0.516,0.463,0.093,6.0,13.5,9.5,9.0,1.4,2.1,11.1,16.9,-0.1,0.3,0.2,0.03,-3.2,-1.1,-4.4,-0.2
422,Maxwell Lewis,22,LAL,SF,7,0,29,2.5,7.4,0.333,0.0,0.0,,2.5,7.4,0.333,0.333,0.0,0.0,,2.5,0.0,2.5,2.5,1.2,0.0,2.5,1.2,5.0,,lewisma05,2.2,0.333,0.0,0.0,8.0,0.0,3.9,8.8,1.7,0.0,25.0,12.1,-0.1,0.0,0.0,-0.082,-6.6,-2.9,-9.4,-0.1
422,Maxwell Lewis,22,BRK,SF,21,1,298,5.2,12.3,0.422,2.3,6.0,0.38,2.9,6.3,0.462,0.515,0.8,1.2,0.7,1.9,4.5,6.4,2.1,1.0,0.8,1.4,3.4,13.5,,lewisma05,10.6,0.526,0.49,0.098,5.8,14.8,10.1,9.0,1.3,2.3,10.1,17.4,0.0,0.2,0.3,0.041,-2.9,-1.0,-3.9,-0.1
423,Jevon Carter,29,CHI,PG,36,1,321,6.2,16.4,0.377,3.9,11.8,0.333,2.2,4.6,0.488,0.497,0.9,1.1,0.8,0.4,3.9,4.4,4.5,1.5,0.3,1.2,1.7,17.2,,carteje01,12.2,0.509,0.719,0.068,1.3,11.2,6.4,17.2,1.9,0.8,6.8,21.0,0.1,0.3,0.3,0.046,-1.0,-1.1,-2.1,0.0
424,Patty Mills,36,2TM,PG,29,0,321,4.0,10.8,0.375,2.9,8.4,0.347,1.1,2.4,0.476,0.51,1.5,1.6,0.929,0.4,2.0,2.5,2.9,1.5,0.3,1.9,2.7,12.4,,millspa02,8.4,0.543,0.781,0.146,1.4,6.0,3.7,11.1,1.9,0.9,14.3,15.6,0.0,0.1,0.1,0.017,-3.2,0.0,-3.2,-0.1
424,Patty Mills,36,UTA,PG,17,0,260,3.6,10.5,0.342,2.4,7.9,0.298,1.2,2.6,0.474,0.454,0.7,0.7,1.0,0.4,2.5,2.9,2.9,1.7,0.4,2.2,1.7,10.2,,millspa02,6.2,0.473,0.75,0.066,1.3,7.4,4.4,11.0,2.2,1.1,17.0,15.1,-0.3,0.1,-0.2,-0.04,-4.5,0.0,-4.4,-0.2
424,Patty Mills,36,LAC,PG,12,0,61,5.9,11.8,0.5,5.3,10.6,0.5,0.6,1.2,0.5,0.725,4.7,5.3,0.889,0.6,0.0,0.6,3.0,0.6,0.0,0.6,7.1,21.8,,millspa02,17.5,0.772,0.9,0.45,1.9,0.0,0.9,11.8,0.8,0.0,4.0,17.9,0.3,0.0,0.3,0.259,2.2,-0.1,2.1,0.1
425,Tre Mann,23,CHO,PG,13,0,319,7.9,18.2,0.435,2.7,6.8,0.4,5.2,11.4,0.455,0.509,2.1,2.4,0.905,1.4,2.9,4.3,4.4,0.8,0.5,2.8,2.7,20.7,,manntr01,13.3,0.537,0.373,0.13,3.9,8.9,6.3,21.2,1.1,1.2,12.8,26.0,0.0,0.1,0.1,0.019,-0.6,-1.9,-2.4,0.0
426,Jalen Hood-Schifino,21,2TM,SG,15,0,315,4.2,11.2,0.378,1.6,5.3,0.304,2.6,5.9,0.442,0.449,2.1,2.4,0.857,0.3,2.7,3.1,4.2,0.6,0.8,2.1,2.9,12.1,,hoodsja01,7.9,0.494,0.469,0.214,1.1,9.0,4.9,16.7,0.8,2.2,14.4,17.3,-0.2,0.1,-0.1,-0.015,-4.4,-2.5,-6.9,-0.4
426,Jalen Hood-Schifino,21,LAL,SG,2,0,14,2.6,2.6,1.0,0.0,0.0,,2.6,2.6,1.0,1.0,5.1,5.1,1.0,2.6,0.0,2.6,2.6,0.0,2.6,2.6,7.7,10.3,,hoodsja01,11.5,1.064,0.0,2.0,8.3,0.0,4.0,9.2,0.0,6.7,34.7,9.0,0.0,0.0,0.0,0.156,-3.9,1.5,-2.4,0.0
426,Jalen Hood-Schifino,21,PHI,SG,13,0,301,4.3,11.6,0.371,1.7,5.5,0.304,2.6,6.1,0.431,0.443,1.9,2.3,0.842,0.2,2.9,3.1,4.3,0.6,0.7,2.0,2.6,12.2,,hoodsja01,7.7,0.484,0.474,0.196,0.7,9.4,4.9,17.0,0.8,2.0,13.9,17.7,-0.2,0.1,-0.1,-0.023,-4.5,-2.6,-7.1,-0.4
427,Torrey Craig,34,2TM,SF,26,4,314,4.4,10.3,0.422,2.8,7.6,0.364,1.6,2.8,0.583,0.556,0.9,1.4,0.667,3.1,5.3,8.4,1.9,0.9,1.4,0.9,3.9,12.4,,craigto01,12.9,0.567,0.733,0.133,9.3,15.6,12.5,7.2,1.3,3.5,7.7,14.1,0.4,0.4,0.8,0.122,-1.0,0.1,-0.9,0.1
427,Torrey Craig,34,CHI,SF,9,1,113,7.0,14.3,0.489,4.8,11.2,0.429,2.2,3.2,0.7,0.656,1.0,1.3,0.75,2.5,5.4,8.0,1.6,0.6,0.3,0.0,4.8,19.8,,craigto01,17.2,0.663,0.778,0.089,7.6,15.5,11.6,6.3,0.8,0.8,0.0,17.3,0.3,0.1,0.4,0.173,3.4,-1.1,2.3,0.1
427,Torrey Craig,34,BOS,SF,17,3,201,2.9,8.1,0.356,1.6,5.6,0.29,1.3,2.5,0.5,0.456,0.9,1.4,0.625,3.4,5.2,8.6,2.1,1.1,2.0,1.4,3.4,8.2,,craigto01,10.5,0.474,0.689,0.178,10.3,15.6,13.0,7.6,1.5,5.1,14.2,12.3,0.1,0.3,0.4,0.094,-3.4,0.7,-2.7,0.0
428,Jordan McLaughlin,28,2TM,PG,46,0,314,3.6,8.3,0.431,2.2,5.3,0.413,1.4,3.0,0.462,0.563,1.9,2.5,0.773,0.7,2.8,3.4,5.8,1.8,0.1,1.8,2.1,11.2,,mclaujo01,12.3,0.6,0.639,0.306,2.1,8.5,5.3,21.0,2.5,0.3,16.4,13.3,0.4,0.2,0.6,0.098,-1.6,0.0,-1.6,0.0
428,Jordan McLaughlin,28,SAC,PG,28,0,190,3.0,8.3,0.364,1.9,4.9,0.385,1.1,3.4,0.333,0.477,2.1,3.0,0.688,0.8,3.2,4.0,4.5,2.1,0.0,2.1,2.5,10.0,,mclaujo01,9.4,0.519,0.591,0.364,2.4,10.0,6.2,15.7,2.8,0.0,17.7,14.0,0.0,0.2,0.2,0.045,-3.9,0.4,-3.5,-0.1
428,Jordan McLaughlin,28,SAS,PG,18,0,124,4.4,8.1,0.536,2.6,5.8,0.45,1.7,2.3,0.75,0.696,1.7,1.7,1.0,0.6,2.0,2.6,7.8,1.5,0.3,1.5,1.5,13.1,,mclaujo01,16.9,0.734,0.714,0.214,1.7,6.1,3.9,29.1,1.9,0.7,14.0,12.3,0.4,0.0,0.5,0.178,1.8,-0.5,1.3,0.1
429,Matisse Thybulle,27,POR,SG,15,5,312,4.8,10.2,0.477,2.4,5.5,0.438,2.4,4.6,0.525,0.597,0.8,1.7,0.467,1.6,4.4,6.0,3.2,3.8,1.0,1.5,1.6,12.9,,thybuma01,17.0,0.592,0.545,0.17,4.7,13.6,9.0,12.7,5.1,2.6,12.1,14.4,0.4,0.6,0.9,0.146,0.0,5.1,5.0,0.6
430,Isaac Jones,24,SAC,PF,40,0,304,6.4,9.8,0.651,0.4,0.9,0.375,6.0,8.9,0.68,0.669,2.7,4.3,0.639,2.6,4.1,6.8,1.4,0.6,1.2,1.9,3.6,15.9,,jonesis01,15.2,0.678,0.096,0.434,8.1,12.9,10.5,5.6,0.8,3.2,13.9,16.3,0.5,0.2,0.7,0.115,-0.9,-0.8,-1.7,0.0
431,Tyler Kolek,23,NYK,PG,41,0,296,3.3,10.0,0.329,1.7,5.7,0.298,1.6,4.3,0.371,0.415,1.6,2.1,0.765,1.0,2.3,3.3,8.5,1.5,0.5,2.2,3.2,9.9,,kolekty01,10.3,0.453,0.573,0.207,3.1,7.3,5.2,29.5,2.0,1.3,16.7,15.8,0.1,0.3,0.4,0.058,-2.6,-0.3,-2.8,-0.1
432,Mitchell Robinson,26,NYK,C,17,3,290,4.6,7.0,0.661,0.0,0.0,,4.6,7.0,0.661,0.661,1.6,2.4,0.684,6.5,6.1,12.5,1.6,2.0,2.2,1.2,3.2,10.8,,robinmi01,20.4,0.676,0.0,0.339,20.8,19.2,20.0,5.9,2.7,5.8,13.4,11.1,0.8,0.5,1.3,0.221,1.5,1.8,3.3,0.4
433,Josh Minott,22,MIN,SF,46,0,276,5.7,11.7,0.489,1.8,5.6,0.326,3.9,6.1,0.638,0.567,2.2,2.5,0.895,1.6,4.6,6.1,2.3,2.0,1.6,1.4,4.4,15.5,,minotjo01,15.5,0.605,0.478,0.211,4.9,13.8,9.4,9.5,2.7,4.0,10.1,17.2,0.4,0.5,0.9,0.153,-0.7,2.9,2.2,0.3
434,Kobe Brown,25,LAC,PF,40,0,272,4.4,9.5,0.458,0.8,3.4,0.231,3.6,6.1,0.587,0.5,0.7,0.9,0.714,2.5,6.1,8.6,3.2,0.9,0.5,1.6,3.0,10.2,,brownko01,10.8,0.513,0.361,0.097,8.0,18.9,13.5,11.9,1.3,1.5,13.8,14.0,0.1,0.4,0.5,0.085,-2.5,0.4,-2.1,0.0
435,Dru Smith,27,MIA,SG,14,1,268,4.2,8.2,0.508,2.1,4.0,0.533,2.0,4.2,0.484,0.639,1.2,1.6,0.75,1.6,3.2,4.8,3.1,2.8,0.8,2.3,4.0,11.7,,smithdr01,13.3,0.656,0.492,0.197,5.0,9.8,7.4,12.0,3.9,2.1,20.4,13.8,0.2,0.4,0.7,0.118,-1.3,3.4,2.1,0.3
436,Isaiah Wong,24,CHO,SG,20,0,265,5.6,14.3,0.39,1.8,4.5,0.394,3.8,9.8,0.389,0.452,3.4,4.6,0.735,1.9,2.4,4.3,3.8,1.5,0.0,2.4,2.9,16.3,,wongis01,10.9,0.5,0.314,0.324,5.5,7.4,6.4,16.5,2.0,0.0,13.0,22.1,-0.1,0.1,0.1,0.01,-2.9,-1.0,-4.0,-0.1
437,Marvin Bagley III,25,2TM,PF,31,2,265,7.5,14.4,0.519,0.4,2.6,0.158,7.1,11.8,0.598,0.533,3.1,4.8,0.657,5.2,6.2,11.4,1.5,1.2,1.1,1.6,2.4,18.5,,baglema01,18.4,0.56,0.179,0.33,15.0,18.2,16.6,6.5,1.6,2.7,9.0,20.9,0.4,0.2,0.6,0.108,0.4,-1.6,-1.2,0.1
437,Marvin Bagley III,25,WAS,C,19,1,166,8.2,15.4,0.535,0.4,2.2,0.2,7.8,13.2,0.59,0.549,3.3,5.0,0.652,5.9,6.3,12.1,1.5,1.5,1.1,2.4,2.6,20.2,,baglema01,19.9,0.573,0.141,0.324,16.8,18.3,17.5,7.1,2.0,2.7,11.9,23.3,0.2,0.1,0.3,0.089,1.0,-2.0,-1.0,0.0
437,Marvin Bagley III,25,MEM,PF,12,1,99,6.2,12.7,0.486,0.4,3.3,0.111,5.8,9.5,0.615,0.5,2.9,4.4,0.667,4.0,6.2,10.2,1.5,0.7,1.1,0.4,2.2,15.6,,baglema01,15.7,0.534,0.257,0.343,11.9,18.0,15.0,5.3,0.9,2.8,2.4,16.8,0.2,0.1,0.3,0.14,-0.5,-1.0,-1.5,0.0
438,Oscar Tshiebwe,25,UTA,C,14,1,255,5.9,9.9,0.6,0.0,0.0,,5.9,9.9,0.6,0.6,3.2,4.4,0.742,6.5,10.7,17.2,1.3,1.8,0.1,1.4,3.4,15.1,,tshieos01,21.0,0.64,0.0,0.443,19.6,31.9,25.8,5.3,2.4,0.4,10.7,15.3,0.7,0.3,1.0,0.182,0.6,-2.0,-1.4,0.0
439,Drew Timme,24,BRK,PF,9,2,254,6.4,14.5,0.441,1.3,5.0,0.257,5.1,9.5,0.537,0.485,1.4,2.3,0.625,2.4,6.8,9.2,2.8,0.6,0.1,2.1,3.0,15.4,,timmedr01,11.0,0.5,0.343,0.157,7.3,22.5,14.5,13.1,0.8,0.4,12.1,21.3,-0.1,0.2,0.0,0.009,-3.9,-2.8,-6.7,-0.3
440,Marcus Bagley,23,PHI,SF,10,4,253,3.8,9.8,0.391,0.7,4.6,0.156,3.1,5.3,0.595,0.428,1.1,1.4,0.8,3.3,6.7,10.0,1.4,1.3,1.7,1.0,2.3,9.5,,baglema02,11.8,0.456,0.464,0.145,9.9,21.9,15.7,5.5,1.8,4.7,8.7,13.8,0.0,0.2,0.2,0.045,-3.4,-0.9,-4.3,-0.1
441,Cam Spencer,24,MEM,SG,25,1,252,4.9,11.7,0.415,2.7,7.4,0.365,2.1,4.3,0.5,0.53,2.7,2.7,1.0,1.7,2.6,4.3,4.9,1.3,0.1,0.9,3.3,15.1,,spencca01,14.2,0.587,0.634,0.232,5.1,7.5,6.3,16.9,1.7,0.4,6.2,15.4,0.6,0.2,0.8,0.16,0.3,0.2,0.5,0.2
442,Kevin Love,36,MIA,PF,23,9,251,5.9,16.5,0.357,3.4,9.6,0.358,2.4,6.9,0.354,0.461,2.3,3.3,0.696,3.2,10.3,13.5,3.2,2.2,0.6,2.0,3.0,17.5,,loveke01,16.2,0.488,0.583,0.2,9.8,31.4,20.7,13.1,3.0,1.5,10.1,24.6,-0.1,0.5,0.4,0.083,-0.3,0.7,0.4,0.2
443,Pat Spencer,28,GSW,PG,39,0,250,5.9,14.5,0.406,0.7,3.2,0.227,5.2,11.4,0.456,0.431,1.6,2.2,0.733,2.2,4.5,6.6,6.9,2.0,0.4,2.6,2.9,14.1,,spencpa01,12.6,0.455,0.218,0.149,6.3,13.7,9.9,28.1,2.7,1.1,14.3,21.2,-0.1,0.4,0.3,0.055,-3.0,1.4,-1.6,0.0
444,JT Thor,22,2TM,PF,20,0,249,3.6,8.5,0.424,0.9,3.0,0.286,2.7,5.5,0.5,0.475,2.2,3.2,0.682,2.9,4.0,6.9,0.9,1.2,1.3,1.3,2.5,10.3,,thorjt01,10.0,0.517,0.356,0.373,8.4,11.8,10.1,3.3,1.5,3.2,11.6,13.1,0.0,0.2,0.2,0.033,-4.3,-1.1,-5.4,-0.2
444,JT Thor,22,CLE,PF,9,0,42,7.7,12.9,0.6,2.6,5.1,0.5,5.1,7.7,0.667,0.7,6.0,6.9,0.875,2.6,2.6,5.1,0.9,1.7,2.6,5.1,5.1,24.0,,thorjt01,19.1,0.756,0.4,0.533,8.0,7.5,7.7,3.4,2.3,6.4,24.5,24.8,0.0,0.1,0.1,0.132,-1.2,1.3,0.0,0.0
444,JT Thor,22,WAS,PF,11,0,207,2.8,7.7,0.364,0.5,2.6,0.2,2.3,5.0,0.448,0.398,1.4,2.4,0.571,3.0,4.3,7.3,0.9,1.0,1.0,0.5,1.9,7.5,,thorjt01,8.2,0.429,0.341,0.318,8.5,12.6,10.5,3.3,1.4,2.6,5.6,10.8,0.0,0.1,0.1,0.013,-4.9,-1.6,-6.5,-0.2
445,Branden Carlson,25,OKC,C,32,0,246,6.3,14.2,0.443,3.2,9.7,0.333,3.1,4.5,0.677,0.557,2.0,2.6,0.778,2.5,5.4,7.9,2.0,0.7,3.1,1.0,3.2,17.9,,carlsbr01,17.6,0.581,0.68,0.186,7.6,15.8,11.8,7.5,1.0,8.6,6.3,19.3,0.4,0.5,0.9,0.177,0.5,0.8,1.3,0.2
446,Dariq Whitehead,20,BRK,SF,20,0,246,5.7,14.0,0.406,4.8,10.8,0.446,0.9,3.2,0.273,0.578,0.4,0.7,0.6,0.6,3.7,4.2,1.8,0.9,0.1,2.2,3.2,16.7,,whiteda01,9.4,0.58,0.771,0.052,1.8,12.1,6.7,7.8,1.2,0.4,13.3,20.1,-0.1,0.1,0.1,0.01,-1.5,-2.2,-3.7,-0.1
447,Johnny Davis,22,WAS,SG,34,0,242,4.8,11.6,0.41,1.0,4.3,0.241,3.7,7.3,0.51,0.455,1.3,2.2,0.6,1.5,4.2,5.7,1.6,2.2,0.9,1.0,2.7,11.9,,davisjo06,10.2,0.473,0.372,0.192,4.3,12.1,8.2,6.6,2.9,2.2,7.6,15.9,-0.1,0.2,0.1,0.01,-3.5,0.7,-2.8,0.0
448,Jaylen Martin,21,2TM,SF,16,0,239,4.7,11.1,0.419,1.1,3.5,0.304,3.6,7.7,0.471,0.466,1.4,1.5,0.9,1.7,5.0,6.6,2.6,1.4,0.0,1.8,2.1,11.7,,martija02,9.1,0.497,0.311,0.135,4.8,14.4,9.6,10.3,1.8,0.0,13.3,15.9,-0.1,0.1,0.0,-0.004,-4.5,-1.9,-6.3,-0.3
448,Jaylen Martin,21,BRK,SF,3,0,5,7.2,14.4,0.5,7.2,7.2,1.0,0.0,7.2,0.0,0.75,0.0,0.0,,0.0,0.0,0.0,0.0,0.0,0.0,0.0,7.2,21.6,,martija02,12.8,0.75,0.5,0.0,0.0,0.0,0.0,0.0,0.0,0.0,0.0,17.5,0.0,0.0,0.0,0.112,4.0,-0.6,3.4,0.0
448,Jaylen Martin,21,WAS,SF,13,0,234,4.6,11.1,0.417,0.9,3.4,0.273,3.7,7.7,0.48,0.458,1.4,1.5,0.9,1.7,5.1,6.8,2.6,1.4,0.0,1.8,2.0,11.5,,martija02,9.0,0.491,0.306,0.139,4.9,14.7,9.8,10.5,1.8,0.0,13.6,15.9,-0.1,0.1,0.0,-0.007,-4.6,-1.9,-6.5,-0.3
449,Bones Hyland,24,2TM,PG,24,0,239,7.1,17.8,0.398,4.8,12.4,0.39,2.3,5.4,0.417,0.534,3.5,3.9,0.885,0.8,3.0,3.8,4.8,2.7,0.6,3.8,4.4,22.4,,hylanbo01,16.0,0.576,0.695,0.22,2.4,9.3,5.9,20.1,3.7,1.7,16.2,28.2,0.1,0.4,0.5,0.095,0.9,1.8,2.7,0.3
449,Bones Hyland,24,LAC,PG,20,0,222,7.3,18.6,0.391,5.0,13.0,0.388,2.3,5.7,0.4,0.526,3.7,4.2,0.885,0.8,3.1,3.9,4.5,2.9,0.6,3.9,4.2,23.4,,hylanbo01,16.4,0.569,0.696,0.226,2.6,9.6,6.1,19.2,4.0,1.8,16.0,29.6,0.0,0.4,0.4,0.09,1.2,1.9,3.1,0.3
449,Bones Hyland,24,MIN,PG,4,0,17,4.2,6.4,0.667,2.1,4.2,0.5,2.1,2.1,1.0,0.833,0.0,0.0,,0.0,2.1,2.1,8.5,0.0,0.0,2.1,6.4,10.6,,hylanbo01,11.1,0.833,0.667,0.0,0.0,6.4,3.3,32.2,0.0,0.0,25.0,10.2,0.0,0.0,0.1,0.165,-3.3,0.1,-3.2,0.0
450,Xavier Tillman Sr.,26,BOS,C,33,2,231,2.0,8.3,0.245,0.8,5.0,0.156,1.2,3.3,0.381,0.292,0.5,0.6,0.75,1.6,5.1,6.7,1.1,1.7,0.8,2.2,2.8,5.3,,tillmxa01,2.4,0.31,0.604,0.075,4.7,15.5,10.1,3.8,2.4,2.0,20.4,13.1,-0.7,0.4,-0.3,-0.057,-8.4,0.3,-8.1,-0.4
451,Garrett Temple,38,TOR,SG,28,0,227,2.9,9.5,0.3,1.0,4.4,0.214,1.9,5.1,0.375,0.35,1.7,1.9,0.917,1.4,3.2,4.6,4.9,2.7,0.3,1.6,3.6,8.4,,templga01,8.5,0.406,0.467,0.2,4.2,9.7,6.8,17.4,3.6,0.8,13.3,13.9,-0.1,0.3,0.2,0.033,-5.7,2.1,-3.6,-0.1
452,Jared Rhoden,25,2TM,SG,14,2,227,6.7,13.8,0.483,1.9,6.2,0.308,4.8,7.6,0.625,0.552,3.5,4.0,0.88,2.2,4.4,6.7,2.5,1.6,0.3,1.4,3.2,18.7,,rhodeja01,16.4,0.602,0.448,0.287,6.5,13.5,9.9,10.5,2.1,0.8,8.4,19.7,0.4,0.2,0.6,0.131,-0.5,0.0,-0.5,0.1
452,Jared Rhoden,25,CHO,SG,4,0,12,6.0,24.0,0.25,0.0,6.0,0.0,6.0,18.0,0.333,0.25,0.0,0.0,,6.0,6.0,12.0,6.0,3.0,0.0,3.0,3.0,12.0,,rhodeja01,5.4,0.25,0.25,0.0,17.4,18.1,17.8,26.5,4.1,0.0,11.1,31.9,-0.1,0.0,-0.1,-0.229,-7.4,-1.2,-8.6,0.0
452,Jared Rhoden,25,TOR,SG,10,2,215,6.7,13.2,0.506,2.0,6.2,0.324,4.7,7.0,0.667,0.582,3.7,4.2,0.88,2.0,4.4,6.4,2.3,1.5,0.3,1.3,3.2,19.1,,rhodeja01,17.0,0.633,0.468,0.316,5.8,13.3,9.5,9.6,2.0,0.9,8.2,19.0,0.5,0.2,0.7,0.151,-0.1,0.1,0.0,0.1
453,Luka Garza,26,MIN,C,39,0,219,8.5,17.3,0.495,1.6,5.9,0.278,6.9,11.3,0.609,0.543,3.9,5.8,0.686,5.1,3.8,8.9,1.8,1.0,0.5,2.0,4.8,22.7,,garzalu01,18.8,0.573,0.343,0.333,16.0,11.5,13.7,8.2,1.4,1.3,9.1,26.2,0.4,0.3,0.7,0.144,-0.4,-1.9,-2.3,0.0
454,Ariel Hukporti,22,NYK,C,25,1,217,3.5,5.1,0.677,0.0,0.0,,3.5,5.1,0.677,0.677,1.0,2.2,0.462,2.3,6.1,8.5,1.8,0.2,2.5,3.5,5.3,8.0,,hukpoar01,7.6,0.654,0.0,0.419,7.5,19.4,13.5,6.4,0.2,6.4,36.4,11.6,-0.2,0.3,0.1,0.02,-6.5,0.9,-5.6,-0.2
455,Alex Reese,25,2TM,PF,15,0,216,4.3,9.0,0.481,2.5,6.8,0.366,1.8,2.2,0.846,0.62,1.5,2.0,0.75,1.5,6.3,7.8,0.7,1.7,1.7,1.0,3.5,12.7,,reeseal01,14.0,0.641,0.759,0.222,4.5,20.8,12.3,2.6,2.3,4.5,9.2,13.2,0.3,0.2,0.5,0.109,-0.9,-0.3,-1.2,0.0
455,Alex Reese,25,OKC,PF,1,0,2,18.0,18.0,1.0,0.0,0.0,,18.0,18.0,1.0,1.0,0.0,0.0,,18.0,0.0,18.0,0.0,0.0,0.0,0.0,0.0,36.0,,reeseal01,53.6,1.0,0.0,0.0,54.8,0.0,26.8,0.0,0.0,0.0,0.0,21.2,0.0,0.0,0.0,0.59,23.2,-3.6,19.6,0.0
455,Alex Reese,25,PHI,PF,14,0,214,4.2,8.9,0.472,2.5,6.9,0.366,1.7,2.0,0.833,0.613,1.5,2.0,0.75,1.3,6.4,7.7,0.7,1.7,1.7,1.0,3.5,12.4,,reeseal01,13.6,0.635,0.774,0.226,4.1,21.0,12.2,2.7,2.3,4.6,9.3,13.1,0.2,0.2,0.5,0.105,-1.1,-0.3,-1.4,0.0
456,Dario Šarić,30,DEN,C,16,4,210,3.6,9.9,0.362,1.2,4.5,0.269,2.4,5.5,0.438,0.422,1.2,1.7,0.7,2.4,6.2,8.6,3.9,1.2,0.2,2.6,3.3,9.6,,saricda01,7.7,0.449,0.448,0.172,7.7,17.9,13.1,13.1,1.6,0.4,19.4,15.6,-0.2,0.2,0.0,0.001,-4.4,-0.4,-4.8,-0.1
457,Adam Flagler,25,OKC,SG,37,0,203,4.4,17.0,0.26,2.5,12.8,0.194,2.0,4.3,0.458,0.333,0.2,0.4,0.5,1.2,3.5,4.8,2.1,1.4,0.5,0.7,2.7,11.5,,flaglad01,3.7,0.335,0.75,0.021,3.8,10.3,7.1,7.3,1.9,1.5,4.0,21.1,-0.6,0.3,-0.3,-0.062,-8.1,-2.3,-10.3,-0.4
458,Chuma Okeke,26,2TM,PF,9,3,196,3.7,7.3,0.5,2.0,5.1,0.393,1.7,2.2,0.75,0.638,0.4,0.6,0.667,3.9,4.8,8.6,2.8,0.9,0.7,0.6,0.9,9.7,,okekech01,15.3,0.641,0.7,0.075,11.7,15.5,13.5,10.5,1.3,2.0,6.8,9.8,0.5,0.1,0.6,0.145,1.6,-1.8,-0.2,0.1
458,Chuma Okeke,26,PHI,PF,7,3,171,3.8,6.9,0.545,2.1,4.6,0.455,1.7,2.3,0.727,0.697,0.4,0.6,0.667,4.2,4.8,9.1,2.7,1.1,0.6,0.6,1.1,10.1,,okekech01,16.5,0.699,0.667,0.091,12.7,15.9,14.2,10.6,1.4,1.7,8.0,9.5,0.5,0.1,0.6,0.162,2.3,-2.0,0.3,0.1
458,Chuma Okeke,26,CLE,PF,2,0,25,2.9,10.1,0.286,1.4,8.6,0.167,1.4,1.4,1.0,0.357,0.0,0.0,,1.4,4.3,5.8,2.9,0.0,1.4,0.0,0.0,7.2,,okekech01,6.8,0.357,0.857,0.0,4.5,12.6,8.7,9.5,0.0,3.6,0.0,11.9,0.0,0.0,0.0,0.028,-3.6,-0.5,-4.1,0.0
459,Drew Peterson,25,BOS,PF,25,1,186,3.3,7.9,0.415,2.5,6.4,0.394,0.8,1.5,0.5,0.573,1.4,1.7,0.778,1.7,6.0,7.7,2.5,1.0,0.4,1.5,3.5,10.5,,peterdr01,10.5,0.601,0.805,0.22,5.3,18.1,11.7,9.1,1.3,1.0,15.1,12.5,0.2,0.3,0.4,0.115,-1.8,1.0,-0.8,0.1
460,Markelle Fultz,26,SAC,PG,21,0,184,5.5,13.1,0.418,0.8,1.6,0.5,4.7,11.5,0.407,0.448,0.2,0.2,1.0,1.2,2.7,3.9,5.3,2.0,0.4,2.9,2.3,11.9,,fultzma01,8.9,0.452,0.119,0.015,3.6,8.5,6.1,20.0,2.7,1.1,18.2,19.3,-0.3,0.2,-0.1,-0.026,-4.5,-0.2,-4.7,-0.1
461,Lester Quiñones,24,2TM,SG,13,0,183,6.1,15.3,0.397,2.6,8.7,0.295,3.5,6.7,0.529,0.481,2.2,2.6,0.846,0.8,3.0,3.7,4.7,0.6,0.4,2.8,3.5,16.9,,quinole01,9.5,0.514,0.564,0.167,2.4,9.1,5.7,19.4,0.8,1.0,14.3,22.6,-0.1,0.0,-0.1,-0.025,-3.2,-2.9,-6.1,-0.2
461,Lester Quiñones,24,PHI,SG,4,0,17,8.5,16.9,0.5,0.0,6.4,0.0,8.5,10.6,0.8,0.5,2.1,2.1,1.0,6.4,2.1,8.5,2.1,0.0,0.0,8.5,0.0,19.1,,quinole01,8.2,0.533,0.375,0.125,19.2,6.9,13.3,10.0,0.0,0.0,32.2,31.9,-0.1,0.0,-0.1,-0.208,-3.7,-6.8,-10.5,0.0
461,Lester Quiñones,24,NOP,SG,9,0,166,5.9,15.2,0.386,2.8,8.9,0.317,3.0,6.3,0.483,0.479,2.2,2.6,0.833,0.2,3.0,3.3,5.0,0.7,0.4,2.2,3.9,16.7,,quinole01,9.7,0.511,0.586,0.171,0.6,9.4,4.9,20.4,0.9,1.2,11.7,21.7,0.0,0.0,0.0,-0.006,-3.1,-2.5,-5.6,-0.2
462,Bronny James,20,LAL,SG,27,1,181,4.2,13.3,0.313,1.8,6.4,0.281,2.4,7.0,0.343,0.381,2.2,2.8,0.786,0.8,2.8,3.6,4.4,1.8,0.6,2.6,2.6,12.3,,jamesbr02,7.1,0.424,0.478,0.209,2.6,8.5,5.6,16.5,2.4,1.6,15.1,20.9,-0.3,0.2,-0.2,-0.043,-5.9,-1.3,-7.2,-0.2
463,Enrique Freeman,24,IND,PF,22,1,181,3.2,7.4,0.432,0.2,2.0,0.1,3.0,5.4,0.556,0.446,2.6,3.8,0.684,2.2,3.8,6.0,1.8,0.6,0.6,1.2,4.2,9.1,,freemen01,7.4,0.507,0.27,0.514,6.8,11.6,9.2,6.1,0.8,1.5,11.7,12.3,0.0,0.1,0.2,0.046,-4.9,-1.4,-6.3,-0.2
464,Cole Swider,25,2TM,SF,10,0,169,4.7,13.4,0.349,3.2,10.0,0.319,1.5,3.4,0.438,0.468,0.0,0.2,0.0,1.1,4.7,5.8,0.6,0.9,0.4,0.9,2.6,12.6,,swideco01,6.5,0.465,0.746,0.016,3.1,14.3,8.6,2.3,1.1,1.1,5.9,16.7,-0.2,0.1,0.0,-0.009,-4.9,-2.4,-7.3,-0.2
464,Cole Swider,25,DET,SF,2,0,13,0.0,13.8,0.0,0.0,13.8,0.0,0.0,0.0,,0.0,0.0,0.0,,0.0,5.5,5.5,2.8,0.0,0.0,0.0,2.8,0.0,,swideco01,-11.0,0.0,1.0,0.0,0.0,16.9,8.5,8.7,0.0,0.0,0.0,16.2,-0.1,0.0,-0.1,-0.316,-14.6,-5.8,-20.4,-0.1
464,Cole Swider,25,TOR,SF,8,0,156,5.1,13.4,0.379,3.5,9.7,0.357,1.6,3.7,0.438,0.509,0.0,0.2,0.0,1.2,4.6,5.8,0.5,0.9,0.5,0.9,2.5,13.6,,swideco01,8.0,0.505,0.724,0.017,3.4,14.1,8.6,1.8,1.2,1.2,6.4,16.7,-0.1,0.1,0.1,0.017,-4.1,-2.1,-6.2,-0.2
465,Jaylen Nowell,25,NOP,SG,8,0,168,5.6,15.6,0.356,1.7,5.8,0.296,3.9,9.9,0.391,0.411,1.5,2.4,0.636,1.3,3.0,4.3,3.9,0.2,0.9,1.7,1.9,14.4,,nowelja01,7.5,0.43,0.37,0.151,3.7,9.3,6.4,15.6,0.3,2.3,9.3,21.6,-0.2,0.0,-0.2,-0.069,-3.2,-2.5,-5.7,-0.2
466,Markieff Morris,35,2TM,PF,15,2,165,4.6,15.3,0.3,2.0,7.9,0.25,2.6,7.4,0.353,0.364,1.1,1.3,0.833,0.7,4.4,5.0,4.6,0.4,0.7,1.1,3.5,12.2,,morrima02,6.0,0.385,0.514,0.086,2.1,13.1,7.8,17.5,0.6,1.7,6.4,20.5,-0.3,0.1,-0.2,-0.044,-5.2,-2.5,-7.6,-0.2
466,Markieff Morris,35,DAL,PF,7,0,41,4.4,19.3,0.227,1.8,11.4,0.154,2.6,7.9,0.333,0.273,0.0,0.0,,0.0,7.0,7.0,3.5,0.9,0.9,1.8,1.8,10.5,,morrima02,0.0,0.273,0.591,0.0,0.0,20.8,10.6,13.0,1.2,2.1,8.3,25.2,-0.2,0.0,-0.2,-0.225,-10.3,-2.8,-13.1,-0.1
466,Markieff Morris,35,LAL,PF,8,2,124,4.6,13.9,0.333,2.0,6.7,0.304,2.6,7.3,0.36,0.406,1.5,1.7,0.833,0.9,3.5,4.4,4.9,0.3,0.6,0.9,4.1,12.8,,morrima02,7.9,0.434,0.479,0.125,2.8,10.6,6.8,19.0,0.4,1.5,5.6,19.0,0.0,0.1,0.0,0.016,-3.5,-2.3,-5.8,-0.1
467,Killian Hayes,23,BRK,PG,6,5,162,4.0,9.6,0.419,1.8,4.7,0.381,2.2,4.9,0.455,0.512,2.2,2.7,0.833,1.1,2.9,4.0,6.9,0.9,0.9,2.0,2.9,12.0,,hayeski01,12.7,0.559,0.488,0.279,3.3,9.6,6.3,28.6,1.2,2.5,15.7,15.5,0.2,0.1,0.3,0.095,-0.5,-0.1,-0.6,0.1
468,MarJon Beauchamp,24,3TM,SF,35,0,156,6.2,15.0,0.415,2.3,6.7,0.345,3.9,8.3,0.472,0.492,3.5,4.6,0.75,2.5,7.6,10.2,2.5,0.9,0.2,3.5,3.2,18.2,,beaucma01,12.3,0.535,0.446,0.308,8.0,22.6,15.6,10.2,1.2,0.6,16.9,24.9,-0.1,0.2,0.1,0.02,-2.7,-1.6,-4.3,-0.1
468,MarJon Beauchamp,24,MIL,SF,26,0,122,5.3,13.9,0.383,2.1,6.2,0.333,3.2,7.7,0.423,0.457,2.7,3.5,0.75,2.1,7.4,9.4,2.4,0.9,0.3,3.8,3.0,15.3,,beaucma01,8.5,0.497,0.447,0.255,6.5,21.4,14.3,9.1,1.2,0.8,19.9,23.5,-0.2,0.1,-0.1,-0.041,-4.7,-1.8,-6.5,-0.1
468,MarJon Beauchamp,24,LAC,SF,3,0,17,8.5,14.8,0.571,4.2,6.4,0.667,4.2,8.5,0.5,0.714,4.2,8.5,0.5,4.2,2.1,6.4,4.2,0.0,0.0,2.1,4.2,25.4,,beaucma01,22.3,0.685,0.429,0.571,13.5,6.6,10.0,18.8,0.0,0.0,10.2,25.1,0.1,0.0,0.1,0.223,5.9,-2.0,4.0,0.0
468,MarJon Beauchamp,24,NYK,SF,6,0,17,10.6,23.3,0.455,2.1,10.6,0.2,8.5,12.7,0.667,0.5,8.5,8.5,1.0,4.2,14.8,19.1,2.1,2.1,0.0,2.1,4.2,31.8,,beaucma01,29.8,0.588,0.455,0.364,13.6,46.8,30.4,9.8,2.9,0.0,7.3,35.2,0.1,0.0,0.1,0.254,3.4,0.3,3.7,0.0
469,Lamar Stevens,27,MEM,PF,17,1,155,6.7,14.6,0.46,1.9,6.3,0.296,4.9,8.4,0.583,0.524,1.9,2.6,0.727,0.9,7.9,8.8,1.9,1.2,0.7,2.3,3.5,17.2,,stevela01,11.5,0.545,0.429,0.175,2.8,23.0,13.0,6.9,1.5,1.8,12.8,20.2,0.0,0.2,0.2,0.052,-3.6,-0.6,-4.2,-0.1
470,Tyson Etienne,25,BRK,PG,7,0,151,4.1,12.4,0.327,3.1,10.5,0.295,1.0,1.9,0.5,0.452,1.9,2.4,0.8,0.7,1.4,2.1,2.9,0.7,0.2,1.9,4.1,13.1,,etienty01,5.6,0.488,0.846,0.192,2.2,4.7,3.4,11.9,1.0,0.7,12.4,18.6,-0.1,0.1,-0.1,-0.021,-5.7,-3.1,-8.8,-0.3
471,Josh Richardson,31,MIA,SG,8,0,150,2.6,9.1,0.289,1.4,5.3,0.273,1.2,3.8,0.313,0.368,1.0,1.0,1.0,1.4,1.4,2.9,2.9,1.9,0.2,1.9,4.1,7.7,,richajo01,4.4,0.402,0.579,0.105,4.5,4.4,4.4,10.5,2.7,0.6,16.8,14.1,-0.2,0.2,-0.1,-0.021,-7.3,0.6,-6.7,-0.2
472,Jeenathan Williams,25,HOU,SG,20,0,147,6.6,15.2,0.435,1.5,6.4,0.231,5.1,8.8,0.583,0.484,1.2,2.0,0.625,1.2,2.0,3.2,2.2,2.0,1.0,3.4,3.9,15.9,,willije02,8.6,0.496,0.419,0.129,3.6,5.9,4.7,8.8,2.6,2.4,17.6,22.3,-0.2,0.2,0.0,-0.007,-5.5,-0.2,-5.7,-0.1
473,Bruno Fernando,26,TOR,C,17,2,147,6.4,12.0,0.531,0.0,0.0,,6.4,12.0,0.531,0.531,1.5,2.0,0.75,5.1,7.3,12.5,4.4,1.0,2.2,3.4,6.6,14.2,,fernabr01,15.3,0.552,0.0,0.163,15.0,22.4,18.6,17.9,1.3,5.8,21.0,18.9,0.0,0.2,0.3,0.085,-3.0,2.3,-0.7,0.1
474,Damion Lee,32,PHO,SG,25,0,144,6.8,18.5,0.365,2.3,9.2,0.243,4.5,9.2,0.486,0.426,5.0,5.2,0.952,0.7,4.2,5.0,2.7,1.5,0.0,2.5,1.5,20.7,,leeda03,11.9,0.499,0.5,0.284,2.4,12.8,7.8,11.5,2.1,0.0,10.7,28.6,-0.2,0.1,-0.1,-0.031,-2.9,-2.1,-5.1,-0.1
475,Oshae Brissett,26,PHI,SF,6,2,142,4.8,9.9,0.487,1.5,4.6,0.333,3.3,5.3,0.619,0.564,2.0,3.5,0.571,1.8,3.8,5.6,1.0,1.0,0.8,2.0,3.5,13.2,,brissos01,9.8,0.576,0.462,0.359,5.4,12.5,8.8,4.1,1.4,2.1,15.0,16.3,0.0,0.1,0.1,0.019,-3.7,-2.6,-6.3,-0.1
476,Elijah Harkless,24,UTA,SG,10,0,138,2.9,9.1,0.314,1.8,6.5,0.28,1.0,2.6,0.4,0.414,0.8,1.6,0.5,2.3,3.1,5.5,2.1,2.6,0.3,0.8,4.7,8.3,,harklej01,7.8,0.425,0.714,0.171,7.1,9.3,8.2,7.7,3.5,0.7,7.4,12.3,0.0,0.1,0.1,0.023,-5.2,1.5,-3.8,-0.1
477,Pete Nance,24,2TM,C,13,1,138,3.7,8.3,0.438,2.3,6.3,0.375,1.3,2.1,0.625,0.578,0.3,0.5,0.5,1.3,4.2,5.5,2.6,0.5,0.5,1.0,4.4,9.9,,nancepe01,8.5,0.578,0.75,0.063,4.0,12.9,8.4,9.7,0.7,1.4,10.8,11.7,0.1,0.1,0.2,0.064,-3.1,-1.7,-4.9,-0.1
477,Pete Nance,24,PHI,C,7,0,68,2.6,7.9,0.333,2.1,6.4,0.333,0.5,1.6,0.333,0.467,0.5,1.1,0.5,1.1,4.2,5.3,1.6,0.5,0.0,0.0,5.3,7.9,,nancepe01,5.3,0.472,0.8,0.133,3.2,13.9,8.3,5.9,0.7,0.0,0.0,10.2,0.0,0.0,0.0,0.027,-4.4,-1.9,-6.3,-0.1
477,Pete Nance,24,MIL,PF,6,1,70,4.6,8.7,0.529,2.6,6.2,0.417,2.1,2.6,0.8,0.676,0.0,0.0,,1.5,4.1,5.7,3.6,0.5,1.0,2.1,3.6,11.8,,nancepe01,11.5,0.676,0.706,0.0,4.9,11.9,8.5,13.5,0.7,2.7,19.0,13.2,0.1,0.1,0.1,0.1,-1.8,-1.6,-3.5,0.0
478,Vlatko Čančar,27,DEN,PF,13,0,136,2.6,6.9,0.385,1.1,4.0,0.267,1.6,2.9,0.545,0.462,0.0,0.0,,1.6,6.9,8.5,2.4,0.8,0.5,2.9,2.6,6.4,,cancavl01,4.6,0.462,0.577,0.0,5.1,20.0,12.9,7.7,1.1,1.3,29.7,11.5,-0.2,0.1,-0.1,-0.034,-6.5,-0.6,-7.1,-0.2
479,Kylor Kelley,27,2TM,C,11,2,126,4.0,6.3,0.636,0.0,0.0,,4.0,6.3,0.636,0.636,1.7,2.9,0.6,3.4,7.7,11.1,1.4,0.3,0.9,1.1,4.3,9.7,,kelleky01,12.1,0.644,0.0,0.455,10.4,23.4,16.8,5.3,0.4,2.1,13.2,10.3,0.2,0.1,0.3,0.102,-3.5,-1.9,-5.4,-0.1
479,Kylor Kelley,27,DAL,C,8,1,67,5.4,7.0,0.769,0.0,0.0,,5.4,7.0,0.769,0.769,2.1,3.2,0.667,4.3,7.0,11.3,1.1,0.0,1.1,0.5,4.3,12.9,,kelleky01,17.1,0.767,0.0,0.462,13.3,20.7,17.1,4.1,0.0,2.6,6.0,10.7,0.2,0.0,0.3,0.196,-0.6,-1.7,-2.3,0.0
479,Kylor Kelley,27,NOP,C,3,1,59,2.4,5.5,0.444,0.0,0.0,,2.4,5.5,0.444,0.444,1.2,2.4,0.5,2.4,8.5,11.0,1.8,0.6,0.6,1.8,4.3,6.1,,kelleky01,6.5,0.465,0.0,0.444,7.1,26.4,16.5,6.6,0.8,1.6,21.8,9.8,0.0,0.0,0.0,-0.004,-6.8,-2.0,-8.8,-0.1
480,Alex Ducas,24,OKC,SG,21,0,125,3.5,8.6,0.4,2.9,6.0,0.476,0.6,2.6,0.222,0.567,0.6,0.6,1.0,2.6,4.9,7.5,1.4,1.4,0.0,1.2,3.5,10.4,,ducasal01,10.1,0.583,0.7,0.067,7.9,14.3,11.2,4.8,1.9,0.0,11.5,11.8,0.1,0.2,0.3,0.125,-2.1,0.1,-2.0,0.0
481,Spencer Jones,23,DEN,SF,20,0,125,3.2,9.8,0.324,0.3,4.9,0.059,2.9,4.9,0.588,0.338,0.9,0.9,1.0,2.3,2.6,4.9,1.4,1.4,1.4,1.4,4.9,7.5,,jonessp01,4.5,0.368,0.5,0.088,7.4,7.5,7.5,4.7,1.9,3.6,12.4,13.7,-0.2,0.1,-0.1,-0.031,-7.7,-0.8,-8.5,-0.2
482,Kobe Bufkin,21,ATL,SG,10,0,124,5.2,13.6,0.383,1.2,5.5,0.211,4.1,8.1,0.5,0.426,3.8,5.2,0.722,1.5,4.6,6.1,4.9,0.9,0.6,2.3,2.6,15.4,,bufkiko01,10.5,0.483,0.404,0.383,4.3,14.5,9.3,18.2,1.1,1.5,12.7,20.8,0.0,0.1,0.0,0.018,-3.4,-0.5,-4.0,-0.1
483,Tyler Smith,20,MIL,PF,23,0,122,7.1,14.8,0.48,3.8,8.9,0.433,3.2,5.9,0.55,0.61,1.8,2.4,0.75,1.8,5.6,7.4,1.2,0.9,1.2,2.4,3.2,19.8,,smithty02,15.2,0.626,0.6,0.16,5.6,16.3,11.1,4.9,1.2,3.1,13.0,22.1,0.1,0.1,0.2,0.083,0.4,-1.2,-0.9,0.0
484,De'Anthony Melton,26,GSW,SG,6,2,121,6.5,16.1,0.407,3.9,10.4,0.371,2.7,5.7,0.474,0.528,1.5,2.4,0.625,1.8,4.2,6.0,5.1,2.1,0.6,3.0,5.4,18.4,,meltode01,13.3,0.539,0.648,0.148,5.2,12.8,8.9,21.1,2.8,1.6,14.8,23.5,0.0,0.2,0.2,0.076,-1.6,0.8,-0.8,0.0
485,Moses Brown,25,2TM,C,13,2,119,10.3,14.8,0.694,0.0,0.0,,10.3,14.8,0.694,0.694,2.4,3.3,0.727,3.6,9.7,13.3,0.6,1.8,1.2,3.3,5.1,23.0,,brownmo01,22.4,0.706,0.0,0.224,11.3,29.0,20.3,2.9,2.4,2.9,17.0,23.5,0.2,0.2,0.4,0.146,-0.3,0.5,0.1,0.1
485,Moses Brown,25,IND,C,9,0,46,10.2,15.7,0.65,0.0,0.0,,10.2,15.7,0.65,0.65,2.3,3.9,0.6,3.1,7.0,10.2,0.0,1.6,0.8,4.7,4.7,22.7,,brownmo01,16.0,0.653,0.0,0.25,9.8,21.6,15.8,0.0,2.1,2.0,21.3,26.5,0.0,0.1,0.0,0.02,-3.9,-1.4,-5.2,0.0
485,Moses Brown,25,DAL,C,4,2,73,10.4,14.3,0.724,0.0,0.0,,10.4,14.3,0.724,0.724,2.5,3.0,0.833,3.9,11.3,15.3,1.0,2.0,1.5,2.5,5.4,23.2,,brownmo01,26.3,0.743,0.0,0.207,12.2,33.6,23.1,4.7,2.7,3.5,13.6,21.6,0.2,0.1,0.3,0.225,1.9,1.6,3.5,0.1
486,TyTy Washington Jr.,23,PHO,PG,16,0,118,4.3,13.7,0.311,1.2,6.4,0.19,3.1,7.3,0.417,0.356,0.9,1.8,0.5,1.2,2.7,4.0,4.9,0.9,0.0,0.9,1.2,10.7,,washity02,6.5,0.367,0.467,0.133,3.9,8.3,6.1,18.5,1.3,0.0,5.9,19.0,-0.2,0.0,-0.2,-0.065,-5.6,-2.5,-8.0,-0.2
487,Trey Alexander,21,DEN,SG,24,0,117,4.0,12.6,0.317,0.9,5.2,0.176,3.1,7.4,0.417,0.354,0.9,1.2,0.75,0.3,3.4,3.7,3.4,0.6,0.3,1.5,3.1,9.8,,alexatr01,2.9,0.374,0.415,0.098,1.0,9.8,5.6,11.4,0.8,0.8,10.5,17.3,-0.2,0.0,-0.2,-0.077,-7.9,-1.8,-9.7,-0.2
488,Joe Ingles,37,MIN,SF,19,1,114,1.9,7.3,0.261,0.9,4.7,0.2,0.9,2.5,0.375,0.326,0.0,0.0,,0.6,2.8,3.5,7.3,0.6,0.0,2.8,3.8,4.7,,inglejo01,2.4,0.326,0.652,0.0,2.0,8.6,5.4,25.4,0.9,0.0,28.1,12.2,-0.2,0.1,-0.1,-0.035,-6.9,-0.1,-7.0,-0.1
489,Sidy Cissoko,20,2TM,SF,22,0,114,4.1,9.5,0.433,0.9,4.1,0.231,3.2,5.4,0.588,0.483,0.9,2.8,0.333,2.5,4.1,6.6,4.7,0.6,0.3,3.5,3.2,10.1,,cissosi01,6.7,0.471,0.433,0.3,7.4,12.4,9.9,17.7,0.9,0.8,24.5,16.6,-0.2,0.1,-0.1,-0.045,-4.8,-0.3,-5.1,-0.1
489,Sidy Cissoko,20,SAS,SF,17,0,54,6.0,12.0,0.5,2.0,4.7,0.429,4.0,7.3,0.545,0.583,0.7,4.0,0.167,2.0,4.7,6.7,4.0,0.7,0.0,1.3,4.0,14.7,,cissosi01,11.2,0.533,0.389,0.333,5.9,13.9,9.9,15.8,0.9,0.0,8.8,17.9,0.0,0.0,0.0,0.041,-1.6,-1.0,-2.6,0.0
489,Sidy Cissoko,20,POR,SF,5,0,60,2.4,7.2,0.333,0.0,3.6,0.0,2.4,3.6,0.667,0.333,1.2,1.8,0.667,3.0,3.6,6.6,5.4,0.6,0.6,5.4,2.4,6.0,,cissosi01,2.7,0.375,0.5,0.25,8.8,11.1,9.9,19.4,0.8,1.5,40.3,15.5,-0.2,0.0,-0.2,-0.123,-7.7,0.4,-7.3,-0.1
490,Tony Bradley,27,IND,C,14,0,113,9.2,14.3,0.644,0.3,1.0,0.333,8.9,13.4,0.667,0.656,0.6,1.9,0.333,5.7,7.6,13.4,1.9,0.6,2.9,1.6,3.5,19.4,,bradlto01,23.2,0.64,0.067,0.133,17.9,23.5,20.7,8.3,0.9,7.2,9.5,20.1,0.3,0.2,0.4,0.187,1.5,-0.3,1.2,0.1
491,Jaylen Sims,26,CHO,SG,6,0,112,3.9,9.0,0.429,1.9,4.8,0.4,1.9,4.2,0.462,0.536,3.9,4.8,0.8,1.0,1.0,1.9,3.9,1.0,0.3,2.6,3.2,13.5,,simsja01,9.8,0.607,0.536,0.536,2.8,2.9,2.9,15.6,1.3,0.9,18.8,16.2,0.1,0.0,0.1,0.048,-2.8,-1.3,-4.1,-0.1
492,Pacome Dadiet,19,NYK,SG,18,0,111,3.2,10.1,0.323,1.9,6.2,0.316,1.3,3.9,0.333,0.419,1.3,1.9,0.667,1.0,4.9,5.8,1.6,1.0,0.6,1.3,2.3,9.7,,dadiepa01,6.3,0.446,0.613,0.194,3.1,15.4,9.3,5.6,1.3,1.7,10.6,14.7,-0.1,0.1,0.0,0.002,-4.9,-1.5,-6.5,-0.1
493,Patrick Baldwin Jr.,22,2TM,SF,24,0,107,6.4,11.8,0.543,4.4,7.7,0.565,2.0,4.0,0.5,0.729,0.7,1.3,0.5,1.7,6.7,8.4,1.0,1.0,0.7,1.7,2.4,17.8,,baldwpa01,16.2,0.721,0.657,0.114,4.8,19.7,12.3,4.6,1.3,1.7,12.0,16.4,0.1,0.1,0.2,0.098,2.4,-0.9,1.5,0.1
493,Patrick Baldwin Jr.,22,WAS,SF,22,0,101,6.1,11.8,0.515,3.9,7.5,0.524,2.1,4.3,0.5,0.682,0.7,1.4,0.5,1.8,6.1,7.8,0.7,1.1,0.7,1.8,1.8,16.8,,baldwpa01,14.5,0.676,0.636,0.121,5.1,17.6,11.3,3.0,1.4,1.8,12.6,16.5,0.1,0.1,0.1,0.07,1.3,-1.6,-0.2,0.0
493,Patrick Baldwin Jr.,22,LAC,SF,2,0,6,12.0,12.0,1.0,12.0,12.0,1.0,0.0,0.0,,1.5,0.0,0.0,,0.0,18.0,18.0,6.0,0.0,0.0,0.0,12.0,36.0,,baldwpa01,45.4,1.5,1.0,0.0,0.0,55.8,28.3,31.6,0.0,0.0,0.0,14.5,0.1,0.0,0.1,0.573,19.9,10.8,30.7,0.1
494,Chris Livingston,21,MIL,SF,21,1,106,3.1,9.2,0.333,0.0,2.7,0.0,3.1,6.5,0.474,0.333,4.1,5.4,0.75,3.4,8.5,11.9,1.7,1.7,0.0,2.0,2.7,10.2,,livinch01,9.8,0.441,0.296,0.593,10.7,24.6,17.9,6.0,2.3,0.0,15.0,16.6,-0.1,0.2,0.1,0.035,-5.0,-1.1,-6.1,-0.1
495,Jae Crowder,34,SAC,PF,9,2,103,2.4,7.7,0.318,1.4,5.2,0.267,1.0,2.4,0.429,0.409,1.7,2.1,0.833,2.1,4.9,7.0,2.1,1.0,0.0,1.4,3.5,8.0,,crowdja01,6.6,0.467,0.682,0.273,6.5,15.3,10.9,7.1,1.4,0.0,14.0,12.0,0.0,0.1,0.1,0.026,-3.8,-0.5,-4.3,-0.1
496,Justin Minaya,25,POR,SF,19,0,101,2.9,7.5,0.381,0.7,3.6,0.2,2.1,3.9,0.545,0.429,0.0,0.7,0.0,1.8,1.8,3.6,2.5,2.1,0.4,1.8,4.3,6.4,,minayju01,5.0,0.411,0.476,0.095,5.2,5.5,5.4,9.1,2.9,0.9,18.6,11.1,-0.1,0.1,0.0,-0.007,-7.1,1.7,-5.4,-0.1
497,Keshad Johnson,23,MIA,SF,16,0,98,6.6,9.6,0.692,1.1,2.6,0.429,5.5,7.0,0.789,0.75,1.5,3.3,0.444,2.2,8.1,10.3,1.5,1.8,1.5,1.5,4.0,15.8,,johnske10,19.1,0.718,0.269,0.346,6.8,24.6,15.8,6.3,2.5,3.9,11.8,15.4,0.2,0.2,0.4,0.181,-1.0,0.9,-0.1,0.0
498,Yuki Kawamura,23,MEM,PG,22,0,93,4.3,11.6,0.367,2.7,8.9,0.304,1.5,2.7,0.571,0.483,2.7,3.5,0.778,0.0,4.6,4.6,7.4,0.8,0.0,1.9,3.1,13.9,,kawamyu01,11.0,0.53,0.767,0.3,0.0,13.5,6.8,25.1,1.0,0.0,12.8,16.9,0.1,0.1,0.2,0.095,-2.6,-0.2,-2.8,0.0
499,JD Davison,22,BOS,PG,16,0,93,4.6,13.2,0.353,1.5,7.0,0.222,3.1,6.2,0.5,0.412,1.9,2.7,0.714,0.8,4.3,5.0,5.0,1.9,0.4,5.0,0.8,12.8,,davisjd01,6.5,0.445,0.529,0.206,2.3,12.8,7.6,19.1,2.7,1.0,26.0,23.6,-0.3,0.1,-0.2,-0.081,-5.9,-0.3,-6.2,-0.1
500,Luke Travers,23,CLE,SG,12,0,88,2.0,8.2,0.25,0.0,3.7,0.0,2.0,4.5,0.455,0.25,0.8,0.8,1.0,3.3,4.9,8.2,3.3,0.4,0.4,3.3,2.5,4.9,,travelu01,1.9,0.287,0.45,0.1,10.1,14.4,12.3,10.5,0.5,1.0,27.7,13.9,-0.2,0.1,-0.1,-0.082,-7.8,-1.9,-9.7,-0.2
501,Stanley Umude,25,MIL,SG,22,0,86,2.1,10.9,0.192,1.3,6.3,0.2,0.8,4.6,0.182,0.25,0.8,1.7,0.5,1.7,5.4,7.1,1.7,1.3,2.5,1.3,3.3,6.3,,umudest01,3.4,0.27,0.577,0.154,5.3,15.8,10.7,5.7,1.7,6.5,9.8,15.7,-0.3,0.1,-0.2,-0.086,-7.5,-0.7,-8.1,-0.1
502,Kevin Knox,25,GSW,SF,14,0,84,7.7,15.4,0.5,1.7,6.4,0.267,6.0,9.0,0.667,0.556,2.6,3.4,0.75,3.0,4.3,7.3,2.1,0.9,1.7,1.7,2.6,19.7,,knoxke01,17.1,0.582,0.417,0.222,8.7,13.2,10.9,9.4,1.2,4.5,9.2,21.8,0.1,0.1,0.2,0.121,-0.7,-0.6,-1.3,0.0
503,Isaiah Jackson,23,IND,C,5,1,84,6.0,9.9,0.609,0.0,0.0,,6.0,9.9,0.609,0.609,3.0,6.0,0.5,4.7,7.3,12.0,2.1,1.3,3.4,2.1,6.0,15.0,,jacksis01,18.2,0.6,0.0,0.609,14.7,22.3,18.6,8.1,1.7,8.6,14.6,17.6,0.1,0.1,0.3,0.153,-1.0,1.8,0.8,0.1
504,Marcus Garrett,26,CHO,SG,4,0,79,5.0,12.3,0.407,1.4,3.6,0.375,3.6,8.7,0.421,0.463,1.4,1.8,0.75,0.5,2.3,2.7,5.9,1.4,0.9,2.7,4.6,12.8,,garrema01,8.7,0.487,0.296,0.148,1.3,6.9,4.0,25.1,1.9,2.5,17.3,18.7,-0.1,0.1,0.0,-0.002,-5.4,-2.2,-7.6,-0.1
505,Jacob Toppin,24,2TM,SF,17,0,76,4.3,10.4,0.409,2.4,4.7,0.5,1.9,5.7,0.333,0.523,0.0,0.0,,1.4,5.7,7.1,2.8,0.9,0.0,1.4,1.4,10.9,,toppija01,9.2,0.523,0.455,0.0,4.5,17.9,11.2,10.2,1.3,0.0,12.0,13.9,0.0,0.1,0.0,0.03,-1.8,-0.8,-2.6,0.0
505,Jacob Toppin,24,NYK,SF,16,0,49,2.2,7.3,0.3,0.0,1.5,0.0,2.2,5.9,0.375,0.3,0.0,0.0,,1.5,6.6,8.1,2.9,1.5,0.0,1.5,2.2,4.4,,toppija01,4.5,0.3,0.2,0.0,4.7,20.9,12.9,9.8,2.0,0.0,16.7,10.6,-0.1,0.1,0.0,-0.024,-6.4,0.4,-6.0,0.0
505,Jacob Toppin,24,ATL,SF,1,0,27,8.0,16.0,0.5,6.7,10.7,0.625,1.3,5.3,0.25,0.708,0.0,0.0,,1.3,4.0,5.3,2.7,0.0,0.0,1.3,0.0,22.7,,toppija01,17.9,0.708,0.667,0.0,4.0,12.5,8.1,10.9,0.0,0.0,7.7,19.8,0.1,0.0,0.1,0.127,6.6,-3.0,3.5,0.0
506,Emoni Bates,21,CLE,SF,10,0,75,6.2,18.2,0.342,5.3,14.4,0.367,1.0,3.8,0.25,0.487,0.0,0.0,,0.0,3.4,3.4,3.8,0.5,0.5,1.0,1.9,17.8,,batesem01,9.8,0.487,0.789,0.0,0.0,9.8,5.1,14.2,0.6,1.2,5.0,22.6,0.0,0.1,0.1,0.038,-0.5,-1.0,-1.5,0.0
507,Taylor Hendricks,21,UTA,PF,3,3,75,1.9,8.6,0.222,1.4,5.8,0.25,0.5,2.9,0.167,0.306,1.4,1.9,0.75,2.4,4.8,7.2,1.0,2.4,1.9,1.0,3.8,6.7,,hendrta01,7.1,0.354,0.667,0.222,7.2,14.3,10.8,3.4,3.2,5.0,9.2,12.1,-0.1,0.1,0.0,-0.008,-4.8,1.3,-3.5,0.0
508,Chris Duarte,27,CHI,SG,17,0,74,5.8,12.6,0.462,2.9,7.3,0.4,2.9,5.4,0.545,0.577,2.9,3.9,0.75,2.4,7.3,9.7,4.4,0.0,0.0,0.5,3.4,17.5,,duartch01,16.5,0.61,0.577,0.308,7.2,20.9,14.2,16.6,0.0,0.0,3.3,17.2,0.2,0.0,0.3,0.171,2.2,-1.0,1.2,0.1
509,Daeqwon Plowden,26,ATL,SG,6,0,72,8.0,12.5,0.64,4.5,8.5,0.529,3.5,4.0,0.875,0.82,1.0,1.0,1.0,2.0,3.5,5.5,1.0,0.0,0.0,2.0,5.0,21.5,,plowdda01,16.1,0.831,0.68,0.08,5.9,10.9,8.4,4.1,0.0,0.0,13.4,17.0,0.2,0.0,0.2,0.125,1.5,-1.5,-0.1,0.0
510,RayJ Dennis,23,IND,PG,11,0,70,5.7,17.0,0.333,3.1,10.8,0.286,2.6,6.2,0.417,0.424,1.0,1.0,1.0,1.0,5.1,6.2,7.2,3.6,1.0,2.6,3.6,15.4,,dennira01,13.9,0.443,0.636,0.061,3.2,15.8,9.6,26.9,4.8,2.6,12.9,24.0,-0.1,0.1,0.1,0.036,-2.2,3.0,0.7,0.0
511,Josh Christopher,23,MIA,SG,14,0,69,5.7,16.2,0.355,1.0,5.7,0.182,4.7,10.4,0.45,0.387,2.1,3.1,0.667,0.0,4.7,4.7,4.2,2.6,1.6,3.1,1.0,14.6,,chrisjo01,9.4,0.416,0.355,0.194,0.0,14.3,7.2,17.2,3.6,4.2,15.1,25.5,-0.2,0.1,-0.1,-0.073,-7.5,-0.4,-7.9,-0.1
512,Matt Ryan,27,NYK,SF,19,0,68,5.3,16.4,0.323,3.2,10.1,0.316,2.1,6.4,0.333,0.419,1.1,1.1,1.0,0.0,4.2,4.2,1.6,1.1,0.0,1.6,0.5,14.8,,ryanma01,6.1,0.439,0.613,0.065,0.0,13.4,6.8,5.9,1.5,0.0,8.6,22.3,-0.1,0.1,-0.1,-0.057,-5.1,-2.3,-7.5,-0.1
513,Armel Traoré,22,LAL,SF,9,0,67,3.2,10.2,0.316,0.0,3.8,0.0,3.2,6.4,0.5,0.316,1.1,3.8,0.286,1.1,7.0,8.1,0.5,2.1,1.1,1.6,3.2,7.5,,armeltr01,3.5,0.317,0.368,0.368,3.5,21.2,12.6,2.0,2.9,2.8,12.0,16.4,-0.2,0.1,-0.1,-0.092,-9.5,-0.4,-9.8,-0.1
514,PJ Hall,22,DEN,C,19,0,66,7.6,13.1,0.583,1.1,4.4,0.25,6.5,8.7,0.75,0.625,1.6,2.2,0.75,3.3,8.7,12.0,2.2,0.0,2.2,1.1,6.0,18.0,,hallpj01,18.3,0.641,0.333,0.167,10.5,25.4,18.3,8.4,0.0,5.4,7.2,17.8,0.2,0.1,0.2,0.168,-0.7,-0.6,-1.3,0.0
515,Nae'Qwan Tomlin,24,CLE,PF,5,1,63,7.4,18.3,0.406,1.1,5.7,0.2,6.3,12.6,0.5,0.438,4.6,6.3,0.727,5.1,6.9,12.0,1.1,0.0,0.6,1.1,5.1,20.6,,tomlina01,14.4,0.489,0.313,0.344,15.9,20.1,18.1,4.4,0.0,1.4,5.1,26.1,0.1,0.1,0.1,0.093,-3.0,-2.4,-5.5,-0.1
516,Jamaree Bouyea,25,MIL,PG,5,1,62,3.5,7.0,0.5,0.6,2.9,0.2,2.9,4.1,0.714,0.542,2.3,3.5,0.667,0.6,2.3,2.9,5.8,2.3,1.2,4.6,1.2,9.9,,bouyeja01,9.7,0.581,0.417,0.5,1.8,6.7,4.4,20.8,3.1,3.0,35.3,16.0,-0.1,0.1,0.0,0.007,-4.6,-0.9,-5.4,0.0
517,Cam Christie,19,LAC,SG,13,0,59,4.3,14.6,0.292,1.2,7.9,0.154,3.1,6.7,0.455,0.333,1.2,2.4,0.5,1.8,5.5,7.3,3.7,3.1,0.6,1.2,2.4,11.0,,chrisca02,9.1,0.349,0.542,0.167,5.8,17.0,11.5,13.7,4.2,1.7,7.2,20.5,-0.1,0.1,0.0,-0.005,-5.5,3.0,-2.5,0.0
518,P.J. Tucker,39,NYK,SF,3,1,58,1.9,4.3,0.429,1.9,3.7,0.5,0.0,0.6,0.0,0.643,0.0,0.0,,2.5,2.5,5.0,0.0,0.6,0.6,0.6,5.0,5.6,,tuckepj01,5.5,0.643,0.857,0.0,8.0,7.8,7.9,0.0,0.9,1.6,12.5,6.0,0.0,0.0,0.1,0.07,-4.8,-2.4,-7.2,-0.1
519,Jazian Gortman,21,DAL,PG,16,0,57,5.7,14.5,0.391,2.5,6.9,0.364,3.2,7.6,0.417,0.478,1.3,2.5,0.5,0.6,2.5,3.2,3.8,1.3,0.6,3.2,5.7,15.2,,gortmja01,6.5,0.485,0.478,0.174,2.0,7.5,4.8,14.7,1.7,1.5,16.8,22.4,-0.1,0.0,-0.1,-0.056,-5.5,-0.8,-6.3,-0.1
520,Liam Robbins,25,MIL,C,13,0,57,1.3,5.1,0.25,0.0,1.3,0.0,1.3,3.8,0.333,0.25,3.2,6.3,0.5,4.4,3.2,7.6,1.3,1.3,1.3,3.8,5.7,5.7,,robbili01,2.6,0.363,0.25,1.25,13.9,9.2,11.4,4.2,1.7,3.3,32.6,14.2,-0.1,0.1,-0.1,-0.066,-9.2,-1.3,-10.5,-0.1
521,E.J. Liddell,24,CHI,PF,12,0,53,5.4,10.2,0.533,2.0,6.8,0.3,3.4,3.4,1.0,0.633,1.4,1.4,1.0,2.0,4.1,6.1,2.0,0.7,0.7,1.4,7.5,14.3,,liddeej01,11.1,0.661,0.667,0.133,6.0,11.7,8.9,7.6,0.9,1.6,11.2,14.1,0.1,0.0,0.1,0.108,-2.7,-1.4,-4.1,0.0
522,Jackson Rowe,28,GSW,PF,6,0,52,5.5,11.8,0.471,2.1,6.9,0.3,3.5,4.8,0.714,0.559,2.1,4.2,0.5,2.1,5.5,7.6,2.8,2.8,0.0,0.7,2.8,15.2,,roweja01,15.9,0.56,0.588,0.353,6.0,17.0,11.4,11.1,3.7,0.0,4.8,16.7,0.1,0.1,0.2,0.153,-0.5,1.5,1.0,0.0
523,N'Faly Dante,23,HOU,C,4,0,51,7.1,9.2,0.769,0.0,0.0,,7.1,9.2,0.769,0.769,2.8,3.5,0.8,4.2,10.6,14.8,1.4,0.7,3.5,1.4,6.4,16.9,,nfalyda01,24.0,0.789,0.0,0.385,12.3,32.0,21.9,5.7,1.0,8.8,11.6,13.9,0.2,0.1,0.3,0.283,0.7,1.7,2.4,0.1
524,Isaiah Crawford,23,SAC,SF,15,0,46,3.9,8.6,0.455,0.8,3.9,0.2,3.1,4.7,0.667,0.5,1.6,3.1,0.5,0.8,5.5,6.3,0.8,0.8,1.6,0.8,1.6,10.2,,crawfis01,9.2,0.509,0.455,0.364,2.4,17.1,9.7,2.8,1.1,4.3,7.3,12.9,0.0,0.0,0.0,0.037,-3.4,-0.7,-4.1,0.0
525,Mason Jones,26,SAC,SG,10,0,45,7.2,14.4,0.5,0.8,6.4,0.125,6.4,8.0,0.8,0.528,3.2,4.0,0.8,1.6,5.6,7.2,8.8,0.0,0.8,0.8,2.4,18.4,,jonesma05,20.6,0.569,0.444,0.278,5.0,17.5,11.2,35.6,0.0,2.2,4.7,20.3,0.2,0.0,0.2,0.198,3.5,-0.6,2.9,0.1
526,Phillip Wheeler,22,PHI,PF,5,0,44,2.5,17.2,0.143,0.0,8.2,0.0,2.5,9.0,0.273,0.143,1.6,1.6,1.0,1.6,4.9,6.5,1.6,0.8,1.6,0.8,0.8,6.5,,wheelph02,-2.3,0.183,0.476,0.095,4.9,16.1,10.3,6.0,1.1,4.5,4.4,22.6,-0.3,0.0,-0.3,-0.283,-12.0,-6.2,-18.2,-0.2
527,Malachi Flynn,26,CHO,PG,4,0,44,4.1,10.6,0.385,0.8,3.3,0.25,3.3,7.4,0.444,0.423,4.1,4.9,0.833,2.5,3.3,5.7,5.7,2.5,0.0,3.3,3.3,13.1,,flynnma01,12.4,0.512,0.308,0.462,7.1,9.9,8.5,23.3,3.4,0.0,20.4,19.0,0.0,0.0,0.0,0.043,-4.4,1.5,-2.8,0.0
528,Jack McVeigh,28,HOU,PF,9,0,43,4.2,14.2,0.294,3.3,10.9,0.308,0.8,3.3,0.25,0.412,0.0,0.0,,1.7,2.5,4.2,0.8,0.0,1.7,1.7,2.5,11.7,,mcveija01,4.0,0.412,0.765,0.0,4.9,7.6,6.2,3.0,0.0,4.2,10.5,18.2,-0.1,0.0,0.0,-0.031,-4.8,-3.0,-7.7,-0.1
529,Bobi Klintman,21,DET,SF,8,0,42,5.1,8.6,0.6,1.7,4.3,0.4,3.4,4.3,0.8,0.7,0.9,1.7,0.5,0.9,5.1,6.0,6.0,1.7,0.9,0.9,6.9,12.9,,klintbo01,15.9,0.689,0.5,0.2,2.7,15.7,9.2,22.5,2.3,2.3,8.4,11.9,0.1,0.1,0.2,0.208,-1.0,1.9,1.0,0.0
530,James Johnson,37,IND,PF,12,0,37,3.9,10.7,0.364,0.0,2.9,0.0,3.9,7.8,0.5,0.364,0.0,1.0,0.0,0.0,5.8,5.8,3.9,0.0,1.9,3.9,4.9,7.8,,johnsja01,0.0,0.35,0.273,0.091,0.0,17.9,9.0,13.7,0.0,4.9,25.9,18.0,-0.2,0.0,-0.1,-0.162,-9.6,-0.2,-9.7,-0.1
531,PJ Dozier,28,MIN,SG,9,0,35,2.1,3.1,0.667,2.1,3.1,0.667,0.0,0.0,,1.0,1.0,6.2,0.167,1.0,4.1,5.1,5.1,1.0,0.0,1.0,3.1,7.2,,doziepj01,9.5,0.621,1.0,2.0,3.2,12.5,7.9,18.1,1.4,0.0,15.1,8.2,0.0,0.0,0.1,0.107,-2.0,2.7,0.7,0.0
532,Harrison Ingram,22,SAS,SF,5,0,35,2.1,4.1,0.5,0.0,1.0,0.0,2.1,3.1,0.667,0.5,0.0,0.0,,2.1,7.2,9.3,3.1,3.1,0.0,1.0,2.1,4.1,,ingraha01,10.9,0.5,0.25,0.0,6.1,21.5,13.8,10.6,4.1,0.0,20.0,6.1,0.0,0.1,0.1,0.093,-3.6,2.4,-1.2,0.0
533,Miles Norris,24,BOS,PF,3,0,35,2.1,9.3,0.222,2.1,7.2,0.286,0.0,2.1,0.0,0.333,1.0,2.1,0.5,2.1,7.2,9.3,0.0,2.1,1.0,0.0,0.0,7.2,,norrimi01,8.5,0.354,0.778,0.222,6.2,21.7,14.0,0.0,2.9,2.6,0.0,12.4,0.0,0.1,0.0,0.049,-2.3,0.4,-1.9,0.0
534,David Duke Jr.,25,SAS,SG,6,0,34,6.4,14.8,0.429,3.2,6.4,0.5,3.2,8.5,0.375,0.536,1.1,2.1,0.5,1.1,4.2,5.3,4.2,1.1,0.0,2.1,1.1,16.9,,dukeda01,12.2,0.538,0.429,0.143,3.1,12.6,7.9,17.0,1.4,0.0,11.8,21.2,0.0,0.0,0.0,0.023,-0.1,-1.4,-1.5,0.0
535,D.J. Carton,24,TOR,SG,4,0,33,1.1,7.6,0.143,0.0,3.3,0.0,1.1,4.4,0.25,0.143,1.1,1.1,1.0,0.0,4.4,4.4,3.3,2.2,0.0,4.4,1.1,3.3,,cartodj01,-2.6,0.202,0.429,0.143,0.0,13.3,6.5,10.9,2.9,0.0,35.0,14.5,-0.2,0.0,-0.1,-0.199,-10.4,-0.7,-11.1,-0.1
536,Bryce McGowens,22,POR,SG,13,0,32,4.5,15.8,0.286,0.0,4.5,0.0,4.5,11.3,0.4,0.286,5.6,6.8,0.833,2.3,1.1,3.4,2.3,1.1,0.0,4.5,3.4,14.6,,mcgowbr01,1.7,0.391,0.286,0.429,6.6,3.5,5.1,8.7,1.5,0.0,19.4,26.8,-0.1,0.0,-0.1,-0.172,-9.9,-3.8,-13.6,-0.1
537,Leonard Miller,21,MIN,SF,13,0,32,6.8,16.9,0.4,0.0,5.6,0.0,6.8,11.3,0.6,0.4,9.0,9.0,1.0,3.4,9.0,12.4,0.0,2.3,1.1,2.3,2.3,22.5,,millele01,19.9,0.54,0.333,0.533,10.6,27.3,19.1,0.0,3.1,2.9,9.7,27.8,0.0,0.1,0.1,0.145,-3.4,-0.3,-3.7,0.0
538,Ulrich Chomche,19,TOR,PF,7,0,32,2.3,5.6,0.4,0.0,0.0,,2.3,5.6,0.4,0.4,1.1,2.3,0.5,4.5,4.5,9.0,2.3,0.0,1.1,2.3,5.6,5.6,,chomcul01,5.2,0.425,0.0,0.4,13.1,13.7,13.4,7.8,0.0,3.0,25.4,10.3,0.0,0.0,0.0,0.001,-6.1,-1.3,-7.4,0.0
539,Jalen Bridges,23,PHO,SF,8,0,30,2.4,8.4,0.286,2.4,8.4,0.286,0.0,0.0,,0.429,3.6,4.8,0.75,0.0,4.8,4.8,0.0,0.0,0.0,4.8,0.0,10.8,,bridgja01,-0.1,0.514,1.0,0.571,0.0,14.5,7.4,0.0,0.0,0.0,31.3,18.8,-0.1,0.0,-0.1,-0.178,-7.8,-4.7,-12.5,-0.1
540,Jahmir Young,24,CHI,PG,6,0,30,4.8,6.0,0.8,1.2,2.4,0.5,3.6,3.6,1.0,0.9,2.4,2.4,1.0,1.2,2.4,3.6,7.2,0.0,0.0,1.2,2.4,13.2,,youngja05,16.8,0.935,0.4,0.4,3.6,6.9,5.2,26.2,0.0,0.0,14.5,9.6,0.1,0.0,0.1,0.22,1.2,-0.8,0.5,0.0
541,Kevin McCullar Jr.,23,NYK,SF,4,0,29,2.5,8.7,0.286,0.0,1.2,0.0,2.5,7.4,0.333,0.286,2.5,2.5,1.0,0.0,9.9,9.9,2.5,1.2,1.2,0.0,7.4,7.4,,mcculke01,6.7,0.381,0.143,0.286,0.0,31.3,15.8,8.4,1.7,3.2,0.0,11.8,0.0,0.0,0.0,0.06,-8.5,1.3,-7.2,0.0
542,Trentyn Flowers,19,LAC,SF,6,0,27,5.3,14.7,0.364,0.0,2.7,0.0,5.3,12.0,0.444,0.364,4.0,4.0,1.0,1.3,4.0,5.3,0.0,0.0,0.0,1.3,5.3,14.7,,flowetr01,4.3,0.446,0.182,0.273,4.3,12.4,8.4,0.0,0.0,0.0,7.5,21.5,0.0,0.0,0.0,-0.033,-7.1,-1.3,-8.3,0.0
543,Emanuel Miller,24,CHI,PF,6,0,25,5.8,11.5,0.5,0.0,1.4,0.0,5.8,10.1,0.571,0.5,2.9,2.9,1.0,5.8,5.8,11.5,2.9,1.4,0.0,0.0,4.3,14.4,,milleem01,18.1,0.563,0.125,0.25,17.1,16.5,16.8,10.9,1.9,0.0,0.0,14.8,0.1,0.0,0.1,0.201,-0.9,-0.9,-1.8,0.0
544,Daniss Jenkins,23,DET,PG,7,0,23,4.7,15.7,0.3,1.6,11.0,0.143,3.1,4.7,0.667,0.35,0.0,3.1,0.0,0.0,3.1,3.1,4.7,0.0,0.0,1.6,3.1,11.0,,jenkida01,-0.1,0.322,0.7,0.2,0.0,9.6,4.8,17.3,0.0,0.0,8.4,21.8,-0.1,0.0,-0.1,-0.15,-10.2,-5.7,-15.8,-0.1
545,Anton Watson,24,NYK,SF,9,0,22,6.5,14.7,0.444,0.0,1.6,0.0,6.5,13.1,0.5,0.444,0.0,0.0,,1.6,3.3,4.9,3.3,1.6,0.0,3.3,4.9,13.1,,watsoan02,5.9,0.444,0.111,0.0,5.3,10.3,7.8,12.8,2.3,0.0,18.2,21.7,-0.1,0.0,0.0,-0.07,-8.3,-1.8,-10.1,0.0
546,Tolu Smith,24,DET,PF,1,0,22,9.8,14.7,0.667,0.0,0.0,,9.8,14.7,0.667,0.667,3.3,4.9,0.667,6.5,6.5,13.1,0.0,0.0,0.0,3.3,4.9,22.9,,smithto05,19.5,0.678,0.0,0.333,20.3,20.0,20.1,0.0,0.0,0.0,16.2,23.6,0.0,0.0,0.1,0.128,-2.4,-6.5,-8.9,0.0
547,Malevy Leons,25,OKC,SF,6,0,21,0.0,3.4,0.0,0.0,1.7,0.0,0.0,1.7,0.0,0.0,3.4,6.9,0.5,1.7,3.4,5.1,1.7,0.0,0.0,1.7,6.9,3.4,,leonsma01,-2.3,0.266,0.5,2.0,5.2,10.0,7.7,5.1,0.0,0.0,21.0,9.6,0.0,0.0,0.0,-0.052,-10.4,-1.9,-12.4,-0.1
548,Adama Sanogo,22,CHI,C,4,0,21,6.9,12.0,0.571,0.0,0.0,,6.9,12.0,0.571,0.571,0.0,0.0,,8.6,1.7,10.3,1.7,0.0,0.0,1.7,1.7,13.7,,sanogad01,15.2,0.571,0.0,0.0,25.4,4.9,15.0,6.7,0.0,0.0,12.5,15.9,0.0,0.0,0.0,0.105,0.7,-3.4,-2.6,0.0
549,Taze Moore,26,POR,SG,2,0,20,3.6,18.0,0.2,1.8,7.2,0.25,1.8,10.8,0.167,0.25,1.8,3.6,0.5,7.2,7.2,14.4,1.8,3.6,0.0,3.6,0.0,10.8,,mooreta02,7.1,0.276,0.4,0.2,21.1,22.3,21.7,6.8,4.9,0.0,15.5,26.8,-0.1,0.0,-0.1,-0.15,-3.9,-0.4,-4.3,0.0
550,Ron Harper Jr.,24,DET,SF,1,0,17,2.1,16.9,0.125,0.0,12.7,0.0,2.1,4.2,0.5,0.125,4.2,4.2,1.0,8.5,6.4,14.8,4.2,0.0,0.0,0.0,0.0,8.5,,harpero02,7.9,0.225,0.75,0.25,26.3,19.4,22.8,14.3,0.0,0.0,0.0,22.0,0.0,0.0,0.0,-0.06,-5.5,-9.2,-14.7,0.0
551,Isaiah Mobley,25,PHI,PF,1,0,17,4.2,14.8,0.286,2.1,6.4,0.333,2.1,8.5,0.25,0.357,2.1,4.2,0.5,2.1,6.4,8.5,10.6,2.1,2.1,0.0,6.4,12.7,,mobleis01,17.2,0.381,0.429,0.286,6.4,20.8,13.3,41.8,2.9,5.8,0.0,20.2,0.0,0.0,0.0,0.119,0.0,4.8,4.7,0.0
552,Yuri Collins,23,GSW,PG,2,0,16,2.3,6.8,0.333,0.0,0.0,,2.3,6.8,0.333,0.333,0.0,0.0,,4.5,2.3,6.8,9.0,4.5,0.0,0.0,11.3,4.5,,colliyu01,13.9,0.333,0.0,0.0,13.1,6.9,10.1,31.9,6.1,0.0,0.0,7.9,0.0,0.0,0.1,0.214,-6.2,6.5,0.3,0.0
553,Tristen Newton,23,2TM,SG,8,0,16,2.3,18.0,0.125,0.0,6.8,0.0,2.3,11.3,0.2,0.125,2.3,2.3,1.0,4.5,4.5,9.0,4.5,2.3,0.0,4.5,9.0,6.8,,newtotr01,-6.1,0.178,0.375,0.125,14.1,13.6,13.9,15.4,3.1,0.0,19.2,28.2,-0.1,0.0,-0.1,-0.33,-16.7,-4.0,-20.7,-0.1
553,Tristen Newton,23,IND,SG,5,0,8,4.5,27.0,0.167,0.0,13.5,0.0,4.5,13.5,0.333,0.167,4.5,4.5,1.0,0.0,0.0,0.0,4.5,0.0,0.0,4.5,9.0,13.5,,newtotr01,-15.3,0.233,0.5,0.167,0.0,0.0,0.0,16.1,0.0,0.0,13.4,40.2,-0.1,0.0,-0.1,-0.553,-21.9,-10.8,-32.7,-0.1
553,Tristen Newton,23,MIN,SG,3,0,8,0.0,9.0,0.0,0.0,0.0,,0.0,9.0,0.0,0.0,0.0,0.0,,9.0,9.0,18.0,4.5,4.5,0.0,4.5,9.0,0.0,,newtotr01,3.1,0.0,0.0,0.0,28.2,27.3,27.7,14.7,6.2,0.0,33.3,16.2,0.0,0.0,0.0,-0.107,-11.4,2.7,-8.7,0.0
554,Daishen Nix,22,MIN,PG,3,0,13,0.0,2.8,0.0,0.0,2.8,0.0,0.0,0.0,,0.0,2.8,5.5,0.5,0.0,11.1,11.1,8.3,0.0,0.0,11.1,2.8,2.8,,nixda01,-7.0,0.266,1.0,2.0,0.0,33.6,17.1,27.2,0.0,0.0,68.0,19.6,-0.1,0.0,-0.1,-0.327,-14.9,-1.2,-16.2,0.0
555,Skal Labissière,28,SAC,PF,4,0,12,6.0,12.0,0.5,3.0,3.0,1.0,3.0,9.0,0.333,0.625,0.0,0.0,,3.0,6.0,9.0,3.0,0.0,0.0,0.0,3.0,15.0,,labissk01,15.9,0.625,0.25,0.0,9.3,18.7,14.0,11.6,0.0,0.0,0.0,14.3,0.0,0.0,0.0,0.165,3.3,-1.3,2.1,0.0
556,Braxton Key,27,GSW,SF,3,0,11,0.0,13.1,0.0,0.0,3.3,0.0,0.0,9.8,0.0,0.0,9.8,19.6,0.5,3.3,3.3,6.5,0.0,6.5,0.0,3.3,0.0,9.8,,keybr01,1.1,0.226,0.25,1.5,9.5,10.1,9.8,0.0,8.8,0.0,13.1,29.3,-0.1,0.0,-0.1,-0.259,-13.9,0.3,-13.6,0.0
557,Cui Yongxi,21,BRK,SG,5,0,10,3.6,25.2,0.143,0.0,10.8,0.0,3.6,14.4,0.25,0.143,3.6,7.2,0.5,0.0,7.2,7.2,0.0,0.0,0.0,0.0,0.0,10.8,,cuiyo01,-10.7,0.19,0.429,0.286,0.0,23.8,11.4,0.0,0.0,0.0,0.0,34.4,-0.1,0.0,-0.1,-0.473,-16.8,-8.2,-24.9,-0.1
558,Mac McClung,26,ORL,SG,2,0,10,0.0,7.2,0.0,0.0,3.6,0.0,0.0,3.6,0.0,0.0,0.0,0.0,,0.0,3.6,3.6,10.8,0.0,0.0,0.0,7.2,0.0,,mccluma01,-0.3,0.0,0.5,0.0,0.0,12.1,5.7,37.8,0.0,0.0,0.0,8.7,0.0,0.0,0.0,-0.047,-10.2,-0.8,-11.0,0.0
559,Quincy Olivari,23,LAL,PG,2,0,10,3.6,18.0,0.2,3.6,18.0,0.2,0.0,0.0,,0.3,0.0,0.0,,0.0,0.0,0.0,3.6,0.0,0.0,3.6,0.0,10.8,,olivaqu01,-5.2,0.3,1.0,0.0,0.0,0.0,0.0,13.3,0.0,0.0,16.7,26.3,-0.1,0.0,-0.1,-0.3,-10.1,-8.5,-18.6,0.0
560,Terence Davis,27,SAC,SG,1,0,8,0.0,9.0,0.0,0.0,4.5,0.0,0.0,4.5,0.0,0.0,0.0,0.0,,0.0,4.5,4.5,4.5,0.0,0.0,0.0,0.0,0.0,,daviste02,-4.0,0.0,0.5,0.0,0.0,14.0,7.0,14.1,0.0,0.0,0.0,10.8,0.0,0.0,0.0,-0.191,-12.8,-4.1,-16.9,0.0
561,Jalen McDaniels,27,WAS,SF,4,0,7,0.0,0.0,,0.0,0.0,,0.0,0.0,,,0.0,0.0,,0.0,0.0,0.0,5.1,5.1,0.0,0.0,0.0,0.0,,mcdanja01,10.9,,,,0.0,0.0,0.0,17.4,6.8,0.0,,0.0,0.0,0.0,0.0,0.114,-0.5,6.0,5.6,0.0
562,Riley Minix,24,SAS,SF,1,0,7,0.0,5.1,0.0,0.0,5.1,0.0,0.0,0.0,,0.0,0.0,0.0,,0.0,10.3,10.3,0.0,0.0,0.0,0.0,0.0,0.0,,minixri01,-1.7,0.0,1.0,0.0,0.0,30.7,15.3,0.0,0.0,0.0,0.0,6.1,0.0,0.0,0.0,-0.114,-8.5,-3.3,-11.8,0.0
563,Isaiah Stevens,24,MIA,PG,3,0,6,0.0,12.0,0.0,0.0,6.0,0.0,0.0,6.0,0.0,0.0,0.0,0.0,,0.0,12.0,12.0,0.0,6.0,0.0,0.0,0.0,0.0,,steveis01,0.1,0.0,0.5,0.0,0.0,36.5,18.4,0.0,8.3,0.0,0.0,14.8,0.0,0.0,0.0,-0.196,-19.5,7.7,-11.8,0.0
564,Terry Taylor,25,SAC,PF,3,0,6,0.0,6.0,0.0,0.0,0.0,,0.0,6.0,0.0,0.0,0.0,0.0,,6.0,0.0,6.0,12.0,0.0,0.0,0.0,0.0,0.0,,taylote01,9.8,0.0,0.0,0.0,18.6,0.0,9.3,37.6,0.0,0.0,0.0,7.2,0.0,0.0,0.0,0.049,3.2,0.1,3.3,0.0
565,Jesse Edwards,24,MIN,C,2,0,5,0.0,0.0,,0.0,0.0,,0.0,0.0,,,0.0,0.0,,0.0,0.0,0.0,7.2,0.0,0.0,0.0,14.4,0.0,,edwarje01,-0.1,,,,0.0,0.0,0.0,23.6,0.0,0.0,,0.0,0.0,0.0,0.0,0.111,-8.8,4.7,-4.0,0.0
566,James Wiseman,23,IND,C,1,0,5,14.4,28.8,0.5,0.0,7.2,0.0,14.4,21.6,0.667,0.5,14.4,14.4,1.0,0.0,7.2,7.2,0.0,0.0,0.0,0.0,0.0,43.2,,wisemja01,31.2,0.615,0.25,0.5,0.0,22.1,11.1,0.0,0.0,0.0,0.0,42.2,0.0,0.0,0.0,0.237,6.0,-4.4,1.6,0.0
567,Alondes Williams,25,DET,SG,1,0,4,18.0,18.0,1.0,9.0,9.0,1.0,9.0,9.0,1.0,1.25,0.0,0.0,,0.0,0.0,0.0,9.0,0.0,0.0,0.0,0.0,45.0,,willial06,53.4,1.25,0.5,0.0,0.0,0.0,0.0,65.0,0.0,0.0,0.0,21.1,0.0,0.0,0.0,0.565,37.9,6.2,44.1,0.0
568,Zyon Pullin,23,MEM,SG,3,0,3,0.0,12.0,0.0,0.0,0.0,,0.0,12.0,0.0,0.0,0.0,0.0,,0.0,0.0,0.0,0.0,0.0,0.0,0.0,0.0,0.0,,pullizy01,-11.7,0.0,0.0,0.0,0.0,0.0,0.0,0.0,0.0,0.0,0.0,13.4,0.0,0.0,0.0,-0.304,-15.0,-7.7,-22.7,0.0
569,Jahlil Okafor,29,IND,C,1,0,3,0.0,0.0,,0.0,0.0,,0.0,0.0,,,0.0,0.0,,0.0,12.0,12.0,12.0,0.0,0.0,0.0,0.0,0.0,,okafoja01,13.8,,,,0.0,36.8,18.6,37.0,0.0,0.0,,0.0,0.0,0.0,0.0,0.196,2.5,4.9,7.5,0.0
