Rk,Player,Age,Team,Pos,G,GS,MP,FG,FGA,FG%,3P,3PA,3P%,2P,2PA,2P%,eFG%,FT,FTA,FT%,ORB,DRB,TRB,AST,STL,BLK,TOV,PF,PTS,Awards,Player-additional,PER,TS%,3PAr,FTr,ORB%,DRB%,TRB%,AST%,STL%,BLK%,TOV%,USG%,OWS,DWS,WS,WS/48,OBPM,DBPM,BPM,VORP,Dist.,0-3,3-10,10-16,16-3P,2P.1,0-3.1,3-10.1,10-16.1,16-3P.1,3P.1,2P.2,3P.2,%FGA,#,%3PA,Att.,Md.
1,Mikal Bridges,26,2TM,SG,83,83,2963,7.2,15.4,0.468,2.1,5.4,0.382,5.2,10.0,0.514,0.535,3.8,4.3,0.895,1.0,3.5,4.4,3.3,1.1,0.7,1.5,1.9,20.3,,bridgmi01,16.8,0.587,0.349,0.279,2.9,10.8,6.8,13.7,1.5,1.8,8.2,22.6,4.4,3.1,7.5,0.121,1.5,0.2,1.7,2.8,14.6,0.17,0.176,0.227,0.078,0.514,0.693,0.466,0.469,0.364,0.382,0.538,0.923,0.028,31,0.434,2,0
1,Mikal Bridges,26,PHO,SF,56,56,2040,6.2,13.5,0.463,1.8,4.6,0.387,4.5,8.9,0.503,0.529,2.8,3.1,0.897,1.0,3.3,4.3,3.5,1.1,0.8,1.4,2.0,17.0,,bridgmi01,14.8,0.574,0.342,0.228,3.0,10.4,6.6,14.1,1.6,2.0,8.5,19.2,2.7,2.2,4.9,0.116,0.4,0.6,1.0,1.6,14.1,0.185,0.177,0.224,0.073,0.503,0.709,0.422,0.468,0.286,0.387,0.605,0.98,0.035,24,0.46,1,0
1,Mikal Bridges,26,BRK,SG,27,27,923,9.3,19.6,0.475,2.7,7.1,0.376,6.7,12.6,0.531,0.543,6.2,7.0,0.894,0.9,3.8,4.7,2.8,1.0,0.6,1.9,1.7,27.5,,bridgmi01,21.3,0.607,0.36,0.356,2.9,11.7,7.4,12.9,1.4,1.5,7.8,30.3,1.7,0.8,2.5,0.133,4.0,-0.8,3.3,1.2,15.1,0.147,0.175,0.233,0.085,0.531,0.662,0.534,0.47,0.465,0.376,0.439,0.838,0.016,7,0.398,1,0
2,Anthony Edwards,21,MIN,SG,79,79,2842,9.0,19.5,0.459,2.7,7.3,0.369,6.3,12.2,0.513,0.528,4.0,5.3,0.756,0.6,5.2,5.8,4.4,1.6,0.7,3.3,2.4,24.7,AS,edwaran01,17.4,0.564,0.375,0.274,1.9,15.9,9.0,19.3,2.1,1.8,13.0,29.9,0.2,3.6,3.8,0.064,1.0,0.0,1.0,2.1,13.9,0.295,0.154,0.075,0.102,0.513,0.674,0.376,0.383,0.35,0.369,0.348,0.516,0.044,59,0.097,3,0
3,Zach LaVine,27,CHI,SG,77,77,2768,8.8,18.1,0.485,2.7,7.1,0.375,6.1,11.0,0.556,0.558,4.7,5.6,0.848,0.5,3.9,4.5,4.3,0.9,0.2,2.5,2.1,24.9,,lavinza01,19.0,0.607,0.392,0.308,1.7,12.2,7.1,18.7,1.2,0.6,11.0,28.3,4.2,2.9,7.1,0.123,2.7,-0.7,1.9,2.7,14.9,0.284,0.112,0.067,0.145,0.556,0.693,0.442,0.441,0.428,0.375,0.335,0.647,0.042,56,0.138,0,0
4,Nikola Vučević,32,CHI,C,82,82,2746,7.8,15.1,0.52,1.6,4.5,0.349,6.2,10.5,0.594,0.573,1.7,2.1,0.835,2.1,9.8,11.8,3.5,0.8,0.7,1.8,2.3,19.0,,vucevni01,19.1,0.594,0.302,0.138,6.7,30.2,18.6,14.6,1.1,2.0,10.2,21.9,3.9,4.4,8.3,0.145,1.9,0.7,2.7,3.2,12.8,0.235,0.258,0.126,0.078,0.594,0.704,0.601,0.462,0.456,0.349,0.735,1.0,0.039,37,0.124,0,0
5,Julius Randle,28,NYK,PF,77,77,2737,8.7,18.8,0.459,2.9,8.4,0.343,5.8,10.5,0.553,0.536,5.3,7.0,0.757,1.9,8.2,10.1,4.2,0.6,0.3,2.8,3.1,25.5,CPOY-14ASNBA3,randlju01,20.3,0.581,0.444,0.371,5.6,25.2,15.4,18.5,0.9,0.7,11.5,29.5,5.0,3.1,8.1,0.142,3.9,-0.2,3.7,3.9,15.3,0.22,0.149,0.123,0.064,0.553,0.679,0.519,0.443,0.407,0.343,0.382,0.752,0.051,62,0.142,2,0
6,Domantas Sabonis,26,SAC,C,79,79,2736,7.6,12.3,0.615,0.4,1.1,0.373,7.2,11.3,0.639,0.632,4.3,5.8,0.742,3.3,9.5,12.8,7.5,0.9,0.5,3.0,3.7,19.9,MVP-7ASNBA3,sabondo01,23.5,0.668,0.088,0.467,10.6,30.0,20.3,30.4,1.1,1.2,16.9,21.3,9.6,3.0,12.6,0.221,4.1,1.8,5.8,5.4,6.2,0.483,0.314,0.044,0.058,0.639,0.764,0.502,0.512,0.444,0.373,0.57,0.968,0.092,79,0.12,1,0
7,Jayson Tatum,24,BOS,SF,74,74,2732,9.6,20.5,0.466,3.2,9.0,0.35,6.4,11.5,0.558,0.543,7.0,8.2,0.854,1.0,7.5,8.6,4.5,1.0,0.7,2.8,2.1,29.3,MVP-4CPOY-10ASNBA1,tatumja01,23.7,0.607,0.44,0.399,3.2,22.5,13.0,20.9,1.4,1.6,10.4,32.7,6.2,4.3,10.5,0.185,4.8,0.7,5.5,5.1,14.8,0.235,0.208,0.058,0.06,0.558,0.738,0.457,0.389,0.366,0.35,0.515,0.646,0.065,91,0.08,0,0
8,Spencer Dinwiddie,29,2TM,SG,79,79,2725,6.1,13.9,0.438,2.4,6.5,0.369,3.7,7.4,0.498,0.524,3.5,4.4,0.812,0.4,3.2,3.6,6.8,0.9,0.3,1.9,2.5,18.1,,dinwisp01,16.0,0.573,0.467,0.314,1.2,10.2,5.7,28.1,1.2,0.8,10.8,22.1,4.5,1.8,6.3,0.111,1.6,-0.9,0.7,1.8,15.5,0.186,0.206,0.092,0.05,0.498,0.646,0.417,0.423,0.423,0.369,0.118,0.602,0.021,17,0.182,1,0
8,Spencer Dinwiddie,29,DAL,SG,53,53,1808,6.3,13.8,0.455,2.7,6.8,0.405,3.5,7.0,0.504,0.555,3.4,4.1,0.821,0.4,2.9,3.2,5.6,0.8,0.3,1.8,2.5,18.7,,dinwisp01,16.1,0.599,0.491,0.298,1.2,9.4,5.2,23.8,1.1,0.8,10.3,21.9,3.3,1.0,4.3,0.114,2.0,-1.2,0.9,1.3,16.0,0.184,0.197,0.079,0.048,0.504,0.641,0.401,0.473,0.455,0.405,0.135,0.63,0.023,11,0.211,1,0
8,Spencer Dinwiddie,29,BRK,PG,26,26,917,5.7,14.0,0.404,1.7,5.8,0.289,4.0,8.1,0.488,0.465,3.8,4.8,0.797,0.4,3.8,4.2,9.3,1.1,0.3,2.2,2.5,16.8,,dinwisp01,15.8,0.523,0.419,0.346,1.1,11.7,6.6,36.5,1.5,0.7,11.8,22.5,1.2,0.8,2.0,0.103,0.7,-0.5,0.2,0.5,15.0,0.188,0.222,0.118,0.053,0.488,0.657,0.443,0.357,0.368,0.289,0.089,0.512,0.017,6,0.114,0,0
9,Evan Mobley,21,CLE,PF,79,79,2715,7.0,12.6,0.554,0.3,1.4,0.216,6.7,11.2,0.595,0.566,2.7,4.0,0.674,2.5,6.9,9.4,3.0,0.8,1.6,1.9,2.9,16.9,DPOY-3DEF1,mobleev01,17.9,0.591,0.108,0.321,8.1,22.7,15.4,12.4,1.1,4.0,11.9,20.2,3.7,4.8,8.5,0.151,0.0,1.6,1.7,2.5,7.2,0.404,0.32,0.122,0.035,0.595,0.817,0.409,0.362,0.455,0.216,0.724,0.955,0.237,214,0.392,0,0
10,Dejounte Murray,26,ATL,SG,74,74,2693,8.2,17.6,0.464,1.8,5.2,0.344,6.4,12.5,0.514,0.514,2.1,2.5,0.832,0.7,4.5,5.2,6.0,1.5,0.3,2.1,1.4,20.3,,murrade01,17.0,0.54,0.293,0.144,2.1,13.8,7.9,24.0,2.0,0.6,10.2,24.4,2.4,2.3,4.7,0.084,1.1,0.0,1.0,2.1,14.3,0.158,0.155,0.227,0.158,0.514,0.697,0.431,0.455,0.486,0.344,0.192,0.722,0.016,21,0.222,0,0
11,DeMar DeRozan,33,CHI,SF,74,74,2682,8.8,17.5,0.504,0.6,1.9,0.324,8.2,15.6,0.526,0.522,6.1,7.0,0.872,0.5,4.1,4.6,5.1,1.1,0.5,2.1,2.5,24.4,CPOY-3AS,derozde01,20.6,0.592,0.109,0.401,1.5,12.8,7.2,22.3,1.5,1.3,9.1,27.8,5.4,3.2,8.5,0.153,1.7,0.3,2.0,2.6,13.7,0.165,0.125,0.263,0.338,0.526,0.735,0.491,0.499,0.459,0.324,0.244,0.848,0.023,29,0.31,1,0
12,Scottie Barnes,21,TOR,SF,77,76,2678,6.2,13.7,0.456,0.8,3.0,0.281,5.4,10.6,0.505,0.487,2.6,3.3,0.772,2.4,4.5,6.9,5.0,1.1,0.8,2.1,2.3,15.8,,barnesc01,15.5,0.524,0.22,0.242,7.1,15.2,10.8,20.0,1.5,2.2,12.0,20.3,2.3,2.7,5.0,0.09,0.5,-0.1,0.4,1.6,10.7,0.275,0.317,0.096,0.082,0.505,0.685,0.45,0.296,0.361,0.281,0.485,0.841,0.086,82,0.339,4,0
13,Harrison Barnes,30,SAC,PF,82,82,2662,5.1,10.7,0.473,1.8,4.8,0.374,3.3,5.9,0.553,0.556,4.7,5.6,0.847,1.2,3.8,4.9,1.7,0.8,0.1,1.2,1.4,16.6,,barneha02,14.1,0.632,0.446,0.522,3.8,11.9,7.9,6.3,1.0,0.3,8.1,17.1,5.1,1.4,6.5,0.118,0.5,-1.5,-1.0,0.7,13.6,0.255,0.23,0.053,0.008,0.553,0.713,0.407,0.429,0.333,0.374,0.57,0.924,0.062,46,0.365,2,0
14,Pascal Siakam,28,TOR,PF,71,71,2652,8.6,17.8,0.48,1.3,3.9,0.324,7.3,13.9,0.523,0.515,5.0,6.4,0.774,1.8,5.8,7.5,5.6,0.9,0.5,2.3,3.1,23.3,AS,siakapa01,20.3,0.565,0.219,0.361,5.2,19.6,11.9,24.9,1.2,1.3,10.0,27.2,5.2,2.6,7.8,0.141,3.3,-0.1,3.1,3.4,12.2,0.192,0.292,0.159,0.126,0.523,0.75,0.474,0.469,0.37,0.324,0.311,0.849,0.025,32,0.199,3,0
15,CJ McCollum,31,NOP,PG,75,75,2649,8.0,18.3,0.437,2.9,7.4,0.389,5.1,10.9,0.469,0.515,2.5,3.2,0.769,0.7,3.7,4.5,5.8,1.0,0.5,2.5,2.1,21.3,,mccolcj01,15.6,0.541,0.404,0.177,2.4,11.7,7.0,25.1,1.3,1.4,11.2,26.4,1.5,2.8,4.3,0.078,1.5,-0.7,0.8,1.9,16.0,0.108,0.208,0.148,0.125,0.469,0.621,0.443,0.513,0.327,0.389,0.295,0.754,0.004,3,0.107,0,0
16,Franz Wagner,21,ORL,SF,80,80,2609,7.5,15.4,0.485,1.8,5.0,0.361,5.7,10.5,0.544,0.543,3.7,4.4,0.842,1.0,3.6,4.5,3.9,1.1,0.2,2.3,2.5,20.5,,wagnefr01,15.9,0.589,0.322,0.288,3.0,11.2,7.1,17.2,1.4,0.6,11.7,23.5,3.1,2.3,5.4,0.099,0.4,-0.5,-0.1,1.3,12.0,0.27,0.311,0.063,0.034,0.544,0.728,0.42,0.414,0.447,0.361,0.464,0.8,0.03,29,0.172,4,0
17,Jalen Green,20,HOU,SG,76,76,2602,7.8,18.8,0.416,2.6,7.7,0.338,5.2,11.1,0.471,0.485,5.0,6.4,0.786,0.6,3.3,3.9,3.9,0.8,0.2,2.8,1.8,23.3,,greenja05,14.5,0.538,0.408,0.341,1.8,10.3,6.0,17.3,1.1,0.7,11.3,28.1,1.4,0.5,1.8,0.034,0.5,-2.6,-2.1,0.0,15.2,0.202,0.212,0.079,0.1,0.471,0.591,0.406,0.467,0.368,0.338,0.351,0.572,0.046,53,0.128,4,0
18,Bam Adebayo,25,MIA,C,75,75,2598,8.3,15.4,0.54,0.0,0.2,0.083,8.3,15.3,0.545,0.541,4.5,5.6,0.806,2.5,7.0,9.5,3.3,1.2,0.8,2.6,2.9,21.2,DPOY-5ASDEF2,adebaba01,20.1,0.592,0.011,0.361,8.0,23.6,15.5,15.9,1.7,2.4,12.7,25.2,3.6,3.8,7.4,0.137,0.8,0.8,1.5,2.3,7.3,0.295,0.379,0.26,0.047,0.545,0.714,0.479,0.497,0.288,0.083,0.594,1.0,0.136,139,0.0,1,0
19,Trae Young,24,ATL,PG,73,73,2541,8.5,19.7,0.429,2.2,6.5,0.335,6.3,13.2,0.476,0.485,8.0,9.1,0.886,0.8,2.3,3.1,10.5,1.1,0.1,4.3,1.5,27.1,,youngtr01,22.0,0.573,0.331,0.46,2.4,7.0,4.7,42.5,1.5,0.3,15.2,32.6,5.3,1.4,6.7,0.126,5.3,-2.0,3.3,3.4,14.9,0.155,0.243,0.147,0.114,0.476,0.546,0.426,0.527,0.409,0.335,0.167,0.318,0.0,0,0.05,2,0
20,Fred VanVleet,28,TOR,PG,69,69,2535,6.2,15.8,0.393,2.9,8.6,0.342,3.3,7.2,0.455,0.486,3.6,4.0,0.898,0.4,3.6,4.0,7.0,1.7,0.5,2.0,2.7,19.0,,vanvlfr01,17.0,0.54,0.545,0.254,1.2,12.0,6.3,28.1,2.4,1.5,10.2,23.2,3.7,2.8,6.5,0.123,2.0,0.5,2.5,2.9,18.4,0.12,0.144,0.088,0.101,0.455,0.586,0.375,0.398,0.455,0.342,0.187,0.585,0.0,0,0.119,6,0
21,Buddy Hield,30,IND,SF,80,73,2482,6.9,15.1,0.458,4.2,9.8,0.425,2.7,5.2,0.518,0.596,1.5,1.9,0.822,1.0,4.8,5.8,3.3,1.3,0.4,2.0,2.3,19.5,,hieldbu01,15.4,0.614,0.652,0.124,3.0,14.9,8.9,13.3,1.8,0.9,11.3,20.8,2.7,1.6,4.4,0.085,2.5,-0.6,1.9,2.4,19.2,0.151,0.084,0.044,0.066,0.518,0.688,0.345,0.413,0.42,0.425,0.556,0.878,0.012,12,0.167,1,0
22,RJ Barrett,22,NYK,SG,73,73,2475,7.4,17.1,0.434,1.8,5.7,0.31,5.7,11.4,0.495,0.485,4.2,5.7,0.74,0.9,4.5,5.4,2.9,0.5,0.2,2.4,2.6,20.8,,barrerj01,12.9,0.531,0.332,0.333,2.7,13.7,8.2,12.4,0.6,0.6,10.8,26.2,0.5,1.8,2.2,0.043,-1.2,-1.9,-3.1,-0.7,11.5,0.299,0.287,0.06,0.023,0.495,0.642,0.401,0.3,0.259,0.31,0.424,0.926,0.029,29,0.29,0,0
23,Jordan Poole,23,GSW,PG,82,43,2458,8.1,18.7,0.43,3.1,9.3,0.336,4.9,9.4,0.524,0.514,5.3,6.1,0.87,0.5,2.8,3.3,5.4,0.9,0.3,3.7,3.1,24.5,,poolejo01,14.6,0.573,0.498,0.325,1.5,8.5,5.0,22.5,1.2,0.8,14.7,29.2,1.4,1.9,3.2,0.063,-0.1,-1.8,-1.9,0.1,17.3,0.134,0.21,0.081,0.077,0.524,0.696,0.517,0.379,0.398,0.336,0.446,0.701,0.024,27,0.118,8,0
24,Josh Hart,27,2TM,SF,76,52,2454,4.0,7.6,0.529,0.9,2.4,0.372,3.1,5.2,0.601,0.588,1.9,2.6,0.75,2.1,6.6,8.7,4.3,1.3,0.3,1.7,2.9,10.9,,hartjo01,14.1,0.622,0.315,0.338,6.5,21.0,13.7,16.1,1.8,0.8,16.4,12.6,3.8,2.2,6.0,0.118,-0.2,1.1,0.9,1.8,10.6,0.444,0.15,0.065,0.025,0.601,0.736,0.41,0.265,0.231,0.372,0.444,1.0,0.019,10,0.415,0,0
24,Josh Hart,27,POR,SF,51,51,1704,3.9,7.7,0.504,0.7,2.4,0.304,3.1,5.3,0.594,0.551,1.8,2.5,0.731,2.0,6.8,8.8,4.2,1.1,0.2,1.7,2.8,10.3,,hartjo01,12.7,0.586,0.309,0.328,6.4,21.9,14.1,16.0,1.5,0.5,16.0,12.6,2.0,1.2,3.2,0.091,-0.9,0.7,-0.2,0.8,10.6,0.455,0.132,0.072,0.033,0.594,0.715,0.438,0.269,0.25,0.304,0.47,1.0,0.019,7,0.438,0,0
24,Josh Hart,27,NYK,SF,25,1,750,4.4,7.5,0.586,1.3,2.5,0.519,3.1,5.0,0.619,0.672,2.2,2.7,0.789,2.3,6.2,8.4,4.3,1.6,0.6,1.8,3.0,12.3,,hartjo01,17.1,0.703,0.331,0.363,6.9,19.0,12.9,16.2,2.2,1.5,17.3,12.6,1.8,1.0,2.8,0.179,1.4,2.0,3.4,1.0,10.5,0.42,0.191,0.051,0.006,0.619,0.788,0.367,0.25,0.0,0.519,0.385,1.0,0.019,3,0.365,0,0
25,Jabari Smith Jr.,19,HOU,PF,79,79,2451,5.3,13.1,0.408,1.8,5.7,0.307,3.6,7.4,0.487,0.475,2.4,3.0,0.786,1.8,6.6,8.4,1.5,0.6,1.1,1.5,3.3,14.8,,smithja05,11.2,0.514,0.438,0.231,5.4,20.3,12.7,5.9,0.9,3.0,9.6,18.4,0.5,1.4,1.9,0.037,-2.3,-1.3,-3.7,-1.1,16.2,0.155,0.178,0.12,0.109,0.487,0.725,0.39,0.458,0.34,0.307,0.648,0.883,0.054,42,0.176,1,0
26,Trey Murphy III,22,NOP,SF,79,65,2448,5.7,11.8,0.484,3.0,7.3,0.406,2.7,4.5,0.611,0.61,2.5,2.8,0.905,0.9,3.3,4.1,1.6,1.3,0.6,0.9,2.3,16.9,,murphtr02,15.2,0.65,0.621,0.238,2.7,10.3,6.5,6.4,1.8,1.7,6.5,16.6,4.8,2.8,7.6,0.15,1.4,0.4,1.8,2.3,17.7,0.201,0.129,0.02,0.026,0.611,0.758,0.495,0.188,0.333,0.406,0.659,0.946,0.124,85,0.266,1,0
27,Darius Garland,23,CLE,PG,69,69,2447,7.7,16.6,0.462,2.5,6.1,0.41,5.2,10.5,0.492,0.537,4.1,4.7,0.863,0.4,2.3,2.7,7.9,1.3,0.1,2.9,2.2,21.9,,garlada01,18.8,0.587,0.365,0.284,1.3,7.6,4.5,34.1,1.7,0.3,13.5,26.9,4.5,3.0,7.6,0.148,3.2,-0.7,2.4,2.7,14.8,0.17,0.226,0.128,0.102,0.492,0.615,0.451,0.521,0.357,0.41,0.286,0.568,0.004,4,0.087,1,0
28,Tobias Harris,30,PHI,SF,74,74,2436,6.3,12.5,0.501,1.9,4.8,0.389,4.4,7.7,0.57,0.575,1.7,1.9,0.876,1.0,5.3,6.3,2.7,1.0,0.6,1.3,2.2,16.0,,harrito02,14.8,0.602,0.383,0.153,3.3,17.0,10.3,11.4,1.4,1.5,9.0,18.2,3.1,2.8,5.9,0.116,0.6,0.1,0.7,1.7,13.2,0.26,0.22,0.102,0.034,0.57,0.709,0.473,0.453,0.483,0.389,0.495,0.937,0.07,51,0.389,0,0
29,De'Aaron Fox,25,SAC,PG,73,73,2435,10.1,19.7,0.512,1.8,5.4,0.324,8.3,14.3,0.584,0.557,5.1,6.5,0.78,0.6,3.9,4.5,6.6,1.2,0.3,2.7,2.5,27.0,MVP-11CPOY-1ASNBA3,foxde01,21.8,0.599,0.276,0.331,1.9,12.4,7.2,29.6,1.6,0.8,10.6,30.1,5.5,1.8,7.4,0.146,3.4,-0.9,2.5,2.7,13.5,0.171,0.251,0.194,0.108,0.584,0.803,0.569,0.488,0.444,0.324,0.16,0.613,0.033,41,0.128,0,0
30,Donovan Mitchell,26,CLE,SG,68,68,2432,10.1,20.8,0.484,3.6,9.4,0.386,6.4,11.4,0.566,0.572,4.7,5.4,0.867,0.9,3.3,4.3,4.5,1.5,0.4,2.7,2.5,28.5,MVP-6CPOY-6ASNBA2,mitchdo01,22.9,0.614,0.453,0.262,3.1,10.9,7.0,21.4,2.0,1.0,10.3,32.1,5.4,3.5,8.9,0.176,5.6,0.6,6.3,5.0,16.0,0.207,0.148,0.078,0.098,0.566,0.7,0.524,0.486,0.431,0.386,0.258,0.469,0.029,36,0.054,6,0
31,Paolo Banchero,20,ORL,PF,72,72,2430,7.1,16.6,0.427,1.3,4.2,0.298,5.8,12.4,0.471,0.465,5.8,7.9,0.738,1.2,6.1,7.4,4.0,0.9,0.6,3.0,2.4,21.3,ROY-1,banchpa01,14.9,0.529,0.254,0.476,3.9,19.3,11.6,17.2,1.2,1.5,12.8,27.5,-0.3,2.6,2.4,0.047,-0.7,-0.7,-1.5,0.3,12.4,0.242,0.253,0.124,0.127,0.471,0.658,0.38,0.41,0.352,0.298,0.404,0.706,0.054,52,0.123,1,0
32,Jaden McDaniels,22,MIN,SF,79,79,2416,5.5,10.7,0.517,1.6,4.0,0.398,3.9,6.7,0.588,0.591,1.6,2.1,0.736,1.4,3.2,4.6,2.2,1.1,1.1,1.7,4.1,14.2,,mcdanja02,12.0,0.611,0.376,0.201,4.3,9.8,7.1,8.4,1.5,2.7,12.6,15.8,2.0,2.4,4.4,0.087,-1.7,0.5,-1.2,0.5,12.5,0.288,0.215,0.088,0.034,0.588,0.752,0.461,0.444,0.375,0.398,0.658,0.991,0.115,72,0.506,2,0
33,Shai Gilgeous-Alexander,24,OKC,PG,68,68,2416,10.5,20.6,0.51,0.9,2.5,0.345,9.6,18.1,0.533,0.531,10.0,11.0,0.905,0.9,4.0,4.9,5.5,1.7,1.0,2.9,2.9,31.8,MVP-5CPOY-7ASNBA1,gilgesh01,27.2,0.626,0.122,0.535,2.6,12.2,7.3,25.7,2.2,2.5,10.1,32.8,8.4,3.0,11.4,0.226,5.7,1.5,7.3,5.6,9.8,0.283,0.276,0.246,0.073,0.533,0.678,0.438,0.512,0.396,0.345,0.201,0.31,0.039,50,0.101,1,0
34,Royce O'Neale,29,BRK,SF,76,53,2409,3.4,8.9,0.386,2.4,6.3,0.389,1.0,2.6,0.379,0.524,0.7,1.0,0.725,0.8,4.9,5.7,4.2,1.0,0.7,1.7,3.6,10.0,,onealro01,9.2,0.538,0.707,0.116,2.6,15.0,9.0,15.3,1.3,1.7,15.5,13.6,0.4,2.5,2.9,0.057,-1.7,0.6,-1.1,0.5,19.6,0.155,0.118,0.015,0.005,0.379,0.489,0.271,0.222,0.0,0.389,0.394,0.975,0.01,5,0.15,3,0
35,Jaylen Brown,26,BOS,SF,67,67,2405,10.2,20.7,0.491,2.4,7.3,0.335,7.7,13.4,0.576,0.55,3.9,5.1,0.765,1.2,5.7,6.9,3.5,1.1,0.4,2.9,2.6,26.7,ASNBA2,brownja02,19.1,0.581,0.352,0.249,3.6,17.0,10.4,16.5,1.5,0.9,11.4,31.4,1.6,3.4,5.0,0.1,1.5,-0.2,1.3,2.0,13.6,0.237,0.203,0.101,0.093,0.576,0.741,0.477,0.543,0.406,0.335,0.467,0.687,0.052,63,0.125,1,0
36,Luka Dončić,23,DAL,PG,66,66,2391,10.8,21.8,0.496,2.8,8.1,0.342,8.0,13.7,0.588,0.56,7.8,10.4,0.742,0.8,7.8,8.6,8.0,1.4,0.5,3.6,2.5,32.2,MVP-8CPOY-8ASNBA1,doncilu01,28.7,0.609,0.373,0.479,2.6,25.4,13.8,42.3,1.9,1.2,11.9,37.6,7.3,2.9,10.2,0.204,7.6,1.4,8.9,6.6,14.7,0.176,0.252,0.145,0.054,0.588,0.745,0.578,0.51,0.333,0.342,0.131,0.216,0.01,12,0.041,8,0
37,OG Anunoby,25,TOR,SF,67,67,2386,6.4,13.4,0.476,2.1,5.5,0.387,4.2,7.8,0.539,0.556,2.1,2.5,0.838,1.4,3.6,5.0,2.0,1.9,0.8,2.0,3.0,17.0,DPOY-7DEF2,anunoog01,14.6,0.586,0.415,0.189,4.2,12.1,7.9,8.0,2.7,2.0,12.1,19.5,1.8,2.9,4.7,0.094,-0.3,0.7,0.4,1.5,13.5,0.293,0.173,0.062,0.056,0.539,0.695,0.366,0.364,0.46,0.387,0.566,0.937,0.13,103,0.392,1,0
38,Keegan Murray,22,SAC,SF,80,78,2382,5.4,11.8,0.453,3.1,7.6,0.411,2.2,4.2,0.527,0.584,0.9,1.2,0.765,1.3,4.3,5.6,1.5,0.9,0.6,0.9,2.4,14.8,ROY-5,murrake02,12.3,0.597,0.641,0.104,4.3,13.4,8.9,5.5,1.2,1.5,6.8,15.8,2.6,1.7,4.3,0.087,0.4,-1.0,-0.6,0.8,17.8,0.179,0.106,0.042,0.027,0.527,0.671,0.349,0.455,0.333,0.411,0.689,0.966,0.058,39,0.277,0,0
39,Kentavious Caldwell-Pope,29,DEN,SG,76,76,2381,4.4,9.6,0.462,2.0,4.8,0.423,2.4,4.7,0.502,0.569,1.6,1.9,0.824,0.5,2.6,3.1,2.8,1.7,0.5,1.3,2.2,12.4,,caldwke01,11.5,0.598,0.505,0.198,1.7,8.1,5.0,9.8,2.3,1.3,11.1,14.1,2.0,2.5,4.5,0.091,-1.6,0.6,-1.0,0.6,17.3,0.136,0.114,0.081,0.155,0.502,0.686,0.403,0.431,0.449,0.423,0.828,0.926,0.024,12,0.411,1,0
40,P.J. Washington,24,CHO,PF,73,73,2380,6.6,14.8,0.444,2.3,6.5,0.348,4.3,8.3,0.518,0.52,1.9,2.6,0.73,1.1,4.3,5.4,2.6,1.0,1.2,1.7,2.9,17.3,,washipj01,12.9,0.542,0.438,0.178,3.2,13.0,8.0,11.0,1.3,2.9,9.4,20.6,0.4,2.2,2.6,0.052,-1.0,-0.3,-1.3,0.4,14.8,0.198,0.242,0.06,0.061,0.518,0.691,0.451,0.424,0.317,0.348,0.74,0.919,0.05,45,0.22,1,0
41,Jalen Brunson,26,NYK,PG,68,68,2379,8.9,18.1,0.491,2.0,4.9,0.416,6.9,13.2,0.519,0.547,4.9,5.9,0.829,0.6,3.0,3.6,6.4,0.9,0.2,2.1,2.3,24.7,MVP-12CPOY-4,brunsja01,21.2,0.597,0.269,0.328,1.8,9.3,5.6,28.7,1.3,0.6,9.4,27.2,6.9,1.8,8.7,0.175,4.4,-0.5,3.9,3.5,12.9,0.149,0.331,0.172,0.079,0.519,0.612,0.504,0.471,0.511,0.416,0.166,0.575,0.002,2,0.205,0,0
42,Brook Lopez,34,MIL,C,78,78,2373,7.2,13.6,0.531,2.1,5.5,0.374,5.2,8.1,0.637,0.606,2.3,2.9,0.784,2.4,5.5,7.9,1.5,0.6,2.9,1.6,3.1,18.8,DPOY-2DEF1,lopezbr01,18.4,0.63,0.405,0.211,7.2,15.3,11.4,6.1,0.7,6.7,9.8,19.3,4.1,3.9,8.0,0.161,0.8,1.3,2.1,2.5,14.0,0.281,0.17,0.108,0.036,0.637,0.771,0.569,0.485,0.375,0.374,0.745,0.971,0.087,71,0.198,0,0
43,Josh Giddey,20,OKC,PF,76,76,2367,8.2,17.0,0.482,1.2,3.6,0.325,7.0,13.4,0.524,0.516,1.6,2.2,0.731,2.3,6.9,9.1,7.1,0.9,0.5,3.2,2.2,19.2,,giddejo01,17.1,0.533,0.209,0.13,6.6,20.9,13.6,29.9,1.1,1.2,15.1,24.6,1.3,2.7,4.0,0.081,1.5,-0.3,1.2,1.9,9.6,0.301,0.381,0.089,0.021,0.524,0.646,0.455,0.455,0.304,0.325,0.363,0.934,0.011,12,0.128,1,0
44,Reggie Bullock,31,DAL,SF,78,55,2364,2.9,7.2,0.409,2.3,6.0,0.38,0.6,1.1,0.562,0.569,0.4,0.6,0.703,0.5,3.8,4.3,1.6,0.8,0.2,0.5,2.5,8.5,,bullore01,7.7,0.577,0.845,0.079,1.6,12.5,7.0,6.2,1.1,0.5,6.9,10.0,1.3,1.4,2.8,0.056,-2.3,-0.3,-2.6,-0.4,21.7,0.077,0.04,0.019,0.019,0.562,0.75,0.421,0.444,0.222,0.38,0.854,0.98,0.002,1,0.491,0,0
45,Immanuel Quickley,23,NYK,SG,81,21,2344,6.4,14.4,0.448,2.6,7.0,0.37,3.9,7.4,0.521,0.537,3.1,3.8,0.819,0.9,4.3,5.2,4.3,1.2,0.2,1.5,2.5,18.6,6MOY-2,quickim01,16.3,0.578,0.485,0.265,2.7,13.1,7.9,17.4,1.7,0.6,8.7,20.9,4.4,2.3,6.7,0.137,1.3,0.4,1.7,2.1,16.5,0.127,0.205,0.127,0.056,0.521,0.681,0.5,0.471,0.346,0.37,0.263,0.72,0.009,8,0.271,1,0
46,Tyler Herro,23,MIA,SG,67,67,2337,7.5,17.1,0.439,3.1,8.3,0.378,4.4,8.8,0.497,0.531,2.6,2.8,0.934,0.4,5.1,5.5,4.3,0.8,0.2,2.4,1.6,20.7,,herroty01,15.3,0.566,0.484,0.164,1.3,17.3,9.0,19.9,1.1,0.7,11.7,25.6,1.1,2.4,3.5,0.072,1.5,-0.8,0.6,1.6,17.1,0.093,0.189,0.152,0.076,0.497,0.699,0.486,0.462,0.357,0.378,0.387,0.69,0.012,13,0.168,2,0
47,Patrick Williams,21,CHI,PF,82,65,2323,4.9,10.5,0.464,1.8,4.3,0.415,3.1,6.2,0.498,0.549,1.4,1.6,0.857,1.2,3.9,5.1,1.5,1.1,1.1,1.6,2.3,12.9,,willipa01,11.2,0.576,0.409,0.155,3.9,12.0,8.0,5.8,1.5,2.9,12.3,15.7,0.5,3.0,3.5,0.072,-1.7,0.4,-1.3,0.4,14.6,0.258,0.112,0.12,0.1,0.498,0.64,0.316,0.432,0.412,0.415,0.633,0.983,0.118,59,0.39,0,0
48,Nikola Jokić,27,DEN,C,69,69,2323,10.0,15.8,0.632,0.9,2.3,0.383,9.1,13.5,0.675,0.66,5.3,6.4,0.822,2.6,10.1,12.7,10.5,1.3,0.7,3.8,2.7,26.2,MVP-2CPOY-13ASNBA2,jokicni01,31.5,0.701,0.146,0.406,8.5,31.3,20.2,46.6,1.8,1.8,17.0,27.2,11.2,3.8,14.9,0.308,8.5,4.5,13.0,8.8,8.6,0.303,0.414,0.092,0.038,0.675,0.784,0.643,0.5,0.59,0.383,0.603,0.825,0.022,21,0.027,2,0
49,Derrick White,28,BOS,SG,82,70,2319,5.4,11.8,0.462,2.3,6.1,0.381,3.1,5.7,0.548,0.56,2.6,3.0,0.875,0.8,3.7,4.5,5.0,0.8,1.2,1.5,2.7,15.8,DEF2,whitede01,15.4,0.604,0.516,0.253,2.5,11.2,6.9,19.4,1.1,2.8,10.1,17.7,4.4,3.1,7.4,0.154,1.1,1.3,2.4,2.6,15.9,0.156,0.214,0.079,0.024,0.548,0.72,0.469,0.517,0.333,0.381,0.502,0.886,0.018,11,0.284,0,0
50,Jaden Ivey,20,DET,SG,74,73,2304,6.4,15.4,0.416,1.9,5.5,0.343,4.5,9.9,0.457,0.477,4.2,5.6,0.747,1.1,3.4,4.5,6.0,1.0,0.3,3.7,3.8,18.8,ROY-6,iveyja01,12.1,0.528,0.356,0.362,3.4,10.7,6.9,26.2,1.3,0.7,17.2,25.4,-0.9,0.8,0.0,-0.001,-1.4,-1.9,-3.3,-0.7,13.8,0.242,0.211,0.097,0.087,0.457,0.584,0.333,0.411,0.442,0.343,0.239,0.733,0.033,28,0.117,2,0
51,D'Angelo Russell,26,2TM,PG,71,71,2304,7.0,14.8,0.469,3.0,7.7,0.396,3.9,7.2,0.548,0.572,2.8,3.4,0.829,0.5,2.8,3.4,6.8,1.1,0.5,2.9,2.2,19.7,,russeda01,16.3,0.605,0.517,0.228,1.7,8.5,5.2,27.4,1.4,1.1,15.1,22.7,3.1,1.9,5.1,0.106,2.1,-0.7,1.5,2.0,17.2,0.129,0.137,0.133,0.084,0.548,0.721,0.492,0.484,0.475,0.396,0.315,0.68,0.0,0,0.102,0,0
51,D'Angelo Russell,26,MIN,PG,54,54,1778,6.8,14.7,0.465,3.0,7.7,0.391,3.8,7.0,0.546,0.567,2.9,3.4,0.856,0.6,2.8,3.3,6.8,1.2,0.4,3.0,2.4,19.6,,russeda01,16.1,0.604,0.521,0.23,1.8,8.5,5.2,27.0,1.6,1.0,15.5,22.8,2.3,1.5,3.8,0.103,1.9,-0.7,1.2,1.4,17.8,0.118,0.124,0.147,0.089,0.546,0.698,0.511,0.477,0.508,0.391,0.311,0.649,0.0,0,0.113,0,0
51,D'Angelo Russell,26,LAL,PG,17,17,526,7.3,15.1,0.484,3.1,7.6,0.414,4.2,7.5,0.555,0.588,2.5,3.4,0.735,0.5,2.9,3.4,7.0,0.7,0.5,2.7,1.6,20.3,,russeda01,17.1,0.61,0.502,0.222,1.5,8.5,5.1,28.8,0.9,1.3,13.9,22.6,0.9,0.4,1.3,0.118,3.1,-0.7,2.4,0.6,16.6,0.163,0.181,0.086,0.068,0.555,0.778,0.45,0.526,0.333,0.414,0.328,0.783,0.0,0,0.063,0,0
52,Draymond Green,32,GSW,PF,73,73,2297,3.9,7.4,0.527,0.6,2.1,0.305,3.3,5.4,0.612,0.57,1.2,1.7,0.713,1.0,7.2,8.2,7.8,1.2,0.9,3.2,3.6,9.7,DPOY-4DEF2,greendr01,12.2,0.592,0.276,0.228,3.2,21.6,12.6,27.8,1.5,2.3,28.1,13.2,1.6,3.1,4.7,0.098,-1.8,2.6,0.8,1.6,10.3,0.297,0.363,0.04,0.023,0.612,0.709,0.57,0.474,0.273,0.305,0.852,1.0,0.051,21,0.298,2,0
53,KJ Martin,22,HOU,SF,82,49,2292,6.4,11.3,0.569,1.1,3.4,0.315,5.4,7.9,0.679,0.617,2.4,3.5,0.68,2.0,5.1,7.1,1.9,0.6,0.5,1.4,2.3,16.3,,martike04,15.4,0.635,0.3,0.308,6.0,15.8,10.8,8.1,0.9,1.3,10.0,16.4,4.2,0.7,4.9,0.103,0.6,-1.3,-0.7,0.7,9.7,0.417,0.281,0.003,0.0,0.679,0.807,0.49,0.5,,0.315,0.772,1.0,0.275,173,0.236,0,0
54,Joel Embiid,28,PHI,C,66,66,2284,11.5,20.9,0.548,1.0,3.2,0.33,10.4,17.8,0.587,0.573,10.4,12.2,0.857,1.8,8.8,10.6,4.3,1.0,1.8,3.6,3.2,34.4,MVP-1DPOY-9CPOY-5ASNBA1,embiijo01,31.4,0.655,0.151,0.581,5.9,28.3,17.3,22.9,1.4,4.6,11.9,37.0,8.4,3.9,12.3,0.259,6.8,2.3,9.2,6.4,11.2,0.269,0.196,0.242,0.133,0.587,0.807,0.435,0.514,0.489,0.33,0.589,0.879,0.065,74,0.04,4,0
55,Bruce Brown,26,DEN,SF,80,31,2280,5.7,11.7,0.483,1.4,4.0,0.358,4.2,7.7,0.548,0.545,1.8,2.4,0.758,1.0,4.2,5.2,4.2,1.4,0.8,1.9,3.0,14.6,,brownbr01,13.3,0.571,0.343,0.206,3.3,13.0,8.3,15.7,1.9,2.0,13.2,17.8,1.7,2.6,4.3,0.09,-1.1,0.6,-0.5,0.9,12.0,0.262,0.266,0.086,0.032,0.548,0.809,0.391,0.391,0.25,0.358,0.551,0.923,0.076,50,0.382,1,0
56,Klay Thompson,32,GSW,SF,69,69,2279,8.6,19.8,0.436,4.8,11.5,0.412,3.9,8.2,0.47,0.556,1.8,2.1,0.879,0.6,3.9,4.5,2.6,0.8,0.5,1.9,2.1,23.8,,thompkl01,14.7,0.576,0.584,0.105,1.9,11.7,6.9,11.0,1.0,1.1,8.6,26.4,1.2,1.9,3.1,0.066,1.5,-1.7,-0.3,1.0,19.6,0.058,0.123,0.114,0.121,0.47,0.694,0.513,0.378,0.408,0.412,0.727,0.89,0.011,11,0.17,0,0
57,Jalen Williams,21,OKC,SG,75,62,2276,6.5,12.6,0.521,1.2,3.2,0.356,5.4,9.3,0.579,0.567,2.5,3.0,0.812,1.3,4.0,5.3,3.9,1.6,0.6,1.9,3.0,16.7,ROY-2,willija06,15.6,0.601,0.258,0.241,3.9,12.2,7.9,15.4,2.1,1.4,12.3,18.4,3.0,2.6,5.6,0.119,-0.4,0.7,0.3,1.3,10.4,0.377,0.246,0.073,0.047,0.579,0.726,0.436,0.448,0.351,0.356,0.416,0.904,0.106,77,0.146,2,0
58,Lauri Markkanen,25,UTA,PF,66,66,2273,9.0,18.1,0.499,3.2,8.1,0.391,5.9,10.0,0.585,0.586,5.5,6.3,0.875,2.1,7.0,9.0,1.9,0.7,0.6,2.0,2.2,26.8,MIP-1AS,markkla01,22.1,0.64,0.446,0.348,6.3,20.7,13.6,8.6,0.9,1.4,8.8,26.6,6.3,1.9,8.2,0.173,4.9,-1.0,3.8,3.3,14.6,0.213,0.251,0.053,0.037,0.585,0.717,0.505,0.525,0.452,0.391,0.65,0.935,0.112,111,0.184,0,0
59,Max Strus,26,MIA,SF,80,33,2272,5.1,12.5,0.41,3.1,8.9,0.35,2.0,3.6,0.559,0.535,1.2,1.4,0.876,0.8,3.3,4.1,2.7,0.7,0.2,1.1,2.6,14.6,,strusma01,10.8,0.557,0.713,0.113,2.4,11.2,6.7,11.2,0.9,0.5,7.8,17.6,1.5,1.9,3.4,0.071,-0.8,-0.9,-1.7,0.2,19.4,0.138,0.114,0.023,0.011,0.559,0.679,0.478,0.444,0.111,0.35,0.701,0.939,0.025,17,0.274,0,0
60,Luguentz Dort,23,OKC,SF,74,73,2272,5.4,13.8,0.388,2.1,6.5,0.33,3.2,7.4,0.44,0.466,3.2,4.1,0.772,2.0,3.4,5.5,2.4,1.2,0.4,1.5,3.9,16.1,,dortlu01,11.3,0.513,0.468,0.297,5.9,10.4,8.1,9.2,1.6,0.9,8.5,19.8,0.9,2.1,2.9,0.062,-2.0,-1.0,-3.0,-0.6,14.2,0.301,0.174,0.032,0.024,0.44,0.521,0.309,0.357,0.476,0.33,0.51,0.889,0.04,29,0.232,1,0
61,Nic Claxton,23,BRK,C,76,76,2271,6.6,9.3,0.705,0.0,0.0,0.0,6.6,9.3,0.708,0.705,2.1,3.9,0.541,2.9,8.2,11.1,2.3,1.0,3.0,1.5,3.4,15.2,DPOY-9,claxtni01,20.8,0.691,0.003,0.419,9.3,25.1,17.4,9.3,1.4,7.1,12.1,15.4,5.2,4.0,9.2,0.195,0.9,2.2,3.1,2.9,2.7,0.671,0.303,0.022,0.0,0.708,0.805,0.511,0.462,,0.0,0.763,,0.346,191,1.0,0,0
62,Jerami Grant,28,POR,PF,63,63,2246,7.0,14.6,0.475,2.3,5.8,0.401,4.6,8.9,0.523,0.554,4.5,5.5,0.813,0.8,3.7,4.5,2.4,0.8,0.8,1.9,2.4,20.7,,grantje01,16.0,0.606,0.393,0.375,2.7,11.9,7.2,10.3,1.1,2.1,9.8,22.8,3.1,1.0,4.1,0.087,1.2,-1.4,-0.2,1.0,13.9,0.264,0.141,0.085,0.103,0.523,0.68,0.419,0.397,0.383,0.401,0.569,0.944,0.083,70,0.357,0,0
63,Kyrie Irving,30,2TM,SG,60,60,2241,9.5,19.3,0.494,3.0,8.0,0.379,6.5,11.4,0.574,0.572,4.0,4.4,0.905,0.9,3.9,4.9,5.3,1.1,0.7,2.1,2.7,26.1,CPOY-12AS,irvinky01,22.4,0.613,0.412,0.227,3.0,12.3,7.7,25.4,1.4,1.7,8.8,28.9,5.4,2.0,7.4,0.159,4.8,-0.7,4.1,3.5,15.5,0.16,0.182,0.155,0.091,0.574,0.724,0.507,0.538,0.509,0.379,0.291,0.511,0.002,1,0.107,2,0
63,Kyrie Irving,30,BRK,PG,40,40,1478,9.7,19.9,0.486,3.2,8.5,0.374,6.5,11.5,0.569,0.565,3.8,4.4,0.883,0.9,4.0,5.0,5.1,1.0,0.8,2.2,2.7,26.4,,irvinky01,21.6,0.604,0.425,0.219,3.0,12.3,7.8,24.1,1.4,1.9,9.2,29.7,2.9,1.4,4.3,0.14,4.6,-0.8,3.8,2.2,16.2,0.147,0.166,0.16,0.103,0.569,0.7,0.522,0.55,0.488,0.374,0.295,0.515,0.001,1,0.098,0,0
63,Kyrie Irving,30,DAL,SG,20,20,763,9.2,18.1,0.51,2.7,7.0,0.392,6.5,11.1,0.585,0.586,4.2,4.4,0.947,1.0,3.7,4.7,5.7,1.2,0.6,1.7,2.6,25.4,,irvinky01,24.0,0.634,0.385,0.245,3.2,12.2,7.6,27.8,1.6,1.4,8.0,27.4,2.5,0.6,3.1,0.198,5.3,-0.4,4.9,1.3,14.8,0.188,0.216,0.143,0.068,0.585,0.764,0.482,0.509,0.577,0.392,0.283,0.5,0.003,0,0.128,2,0
64,Kyle Kuzma,27,WAS,PF,64,64,2239,8.2,18.4,0.448,2.6,7.7,0.333,5.7,10.6,0.533,0.518,2.8,3.8,0.73,0.9,6.6,7.4,3.8,0.6,0.5,3.1,2.3,21.8,,kuzmaky01,14.3,0.544,0.421,0.208,2.8,19.5,11.5,16.5,0.8,1.1,13.2,27.9,-1.0,1.9,0.9,0.019,-0.2,-1.5,-1.7,0.2,14.9,0.186,0.266,0.082,0.045,0.533,0.722,0.487,0.383,0.294,0.333,0.466,0.781,0.036,38,0.243,5,2
65,Caris LeVert,28,CLE,SG,74,30,2237,5.1,11.9,0.431,2.0,5.2,0.392,3.1,6.7,0.462,0.517,2.1,2.9,0.722,0.9,3.7,4.5,4.6,1.2,0.4,1.9,2.7,14.4,,leverca01,12.4,0.546,0.437,0.243,2.8,12.1,7.4,18.0,1.6,1.0,12.4,18.7,1.4,3.1,4.4,0.095,-1.0,0.8,-0.2,1.0,14.5,0.235,0.181,0.115,0.028,0.462,0.638,0.373,0.306,0.238,0.392,0.368,0.701,0.042,29,0.228,1,0
66,Bennedict Mathurin,20,IND,SG,78,17,2222,6.7,15.4,0.434,1.6,5.0,0.323,5.1,10.4,0.488,0.487,6.1,7.4,0.828,1.4,3.7,5.2,1.9,0.8,0.2,2.5,2.6,21.1,ROY-46MOY-8,mathube01,13.1,0.566,0.326,0.477,4.4,11.5,7.9,7.6,1.0,0.5,11.7,24.6,1.0,0.8,1.8,0.038,-1.2,-2.5,-3.7,-1.0,12.1,0.286,0.26,0.075,0.044,0.488,0.625,0.397,0.366,0.333,0.323,0.591,0.74,0.035,28,0.194,5,0
67,Terry Rozier,28,CHO,SG,63,63,2221,8.0,19.3,0.415,2.7,8.2,0.327,5.3,11.1,0.48,0.484,2.9,3.6,0.809,0.8,3.4,4.2,5.2,1.2,0.3,2.2,1.9,21.5,,roziete01,14.7,0.517,0.425,0.185,2.4,10.2,6.2,22.7,1.6,0.6,9.4,26.9,0.1,1.6,1.7,0.037,0.6,-1.1,-0.6,0.8,15.1,0.194,0.199,0.101,0.081,0.48,0.622,0.376,0.467,0.417,0.327,0.326,0.655,0.003,3,0.289,2,0
68,Jarrett Allen,24,CLE,C,68,68,2220,6.5,10.2,0.644,0.0,0.2,0.1,6.5,10.0,0.653,0.645,2.6,3.6,0.733,3.6,7.2,10.8,1.8,0.9,1.4,1.5,2.5,15.7,,allenja01,19.9,0.67,0.016,0.353,11.7,23.6,17.7,7.5,1.2,3.5,11.4,16.4,5.5,4.0,9.5,0.205,1.3,1.0,2.4,2.4,4.4,0.57,0.304,0.075,0.027,0.653,0.765,0.516,0.511,0.294,0.1,0.769,1.0,0.316,177,0.6,0,0
69,Dillon Brooks,27,MEM,SF,73,73,2214,6.4,16.1,0.396,2.3,7.1,0.326,4.0,9.0,0.451,0.468,2.0,2.5,0.779,0.7,3.2,4.0,3.1,1.1,0.3,1.7,3.9,17.0,DEF2,brookdi01,9.4,0.494,0.443,0.155,2.2,9.5,5.8,11.7,1.4,0.7,8.9,21.8,-0.8,2.4,1.6,0.034,-3.4,-0.5,-3.9,-1.1,15.8,0.157,0.19,0.138,0.072,0.451,0.635,0.362,0.453,0.282,0.326,0.438,0.797,0.012,12,0.164,2,0
70,Kevin Huerter,24,SAC,SG,75,75,2203,6.9,14.2,0.485,3.3,8.3,0.402,3.5,5.8,0.604,0.603,1.6,2.1,0.725,0.7,3.4,4.1,3.6,1.3,0.4,1.6,3.0,18.6,,huertke01,15.2,0.617,0.589,0.151,2.2,10.8,6.5,14.1,1.7,1.0,9.5,19.9,3.3,1.7,4.9,0.107,1.4,-0.3,1.0,1.7,17.8,0.135,0.141,0.087,0.042,0.604,0.778,0.607,0.413,0.444,0.402,0.656,0.868,0.014,11,0.149,0,0
71,Jrue Holiday,32,MIL,PG,67,65,2183,8.1,16.9,0.479,2.6,6.8,0.384,5.5,10.1,0.542,0.556,2.5,2.9,0.859,1.3,4.3,5.6,8.2,1.3,0.4,3.2,1.9,21.3,DPOY-7ASDEF1,holidjr01,19.2,0.586,0.402,0.173,3.9,12.0,8.1,34.4,1.7,0.9,15.2,25.0,3.9,2.8,6.7,0.148,3.0,0.1,3.1,2.8,15.3,0.194,0.216,0.096,0.093,0.542,0.727,0.452,0.459,0.453,0.384,0.247,0.43,0.007,6,0.117,4,0
72,Alperen Şengün,20,HOU,C,75,72,2171,7.3,13.2,0.553,0.3,0.9,0.333,7.0,12.3,0.57,0.565,3.4,4.8,0.715,4.0,7.2,11.2,4.8,1.2,1.2,3.2,4.3,18.4,,sengual01,19.7,0.599,0.071,0.36,12.1,22.3,17.1,21.0,1.6,3.2,17.3,21.4,3.4,1.8,5.2,0.115,1.1,0.4,1.4,1.9,6.0,0.395,0.464,0.053,0.016,0.57,0.677,0.499,0.476,0.308,0.333,0.499,1.0,0.109,77,0.035,1,0
73,Anfernee Simons,23,POR,SG,62,62,2171,7.7,17.3,0.447,3.5,9.3,0.377,4.2,8.0,0.528,0.548,2.7,3.0,0.894,0.3,2.4,2.7,4.2,0.7,0.2,2.1,2.4,21.7,,simonan01,14.8,0.581,0.538,0.171,0.9,7.6,4.3,18.6,0.9,0.6,10.2,25.1,2.1,0.3,2.5,0.054,1.3,-2.5,-1.1,0.5,17.9,0.166,0.124,0.092,0.08,0.528,0.647,0.431,0.542,0.417,0.377,0.29,0.684,0.029,26,0.107,1,0
74,Ivica Zubac,25,LAC,C,76,76,2170,5.4,8.5,0.634,0.0,0.0,0.0,5.4,8.5,0.637,0.634,2.8,3.9,0.697,3.9,8.6,12.5,1.3,0.5,1.6,1.9,3.6,13.6,,zubaciv01,16.7,0.661,0.004,0.463,12.3,26.5,19.5,5.1,0.7,4.0,15.9,14.8,3.8,2.9,6.7,0.149,-1.1,0.2,-0.9,0.6,3.3,0.593,0.377,0.021,0.004,0.637,0.702,0.546,0.455,0.5,0.0,0.733,,0.286,130,0.0,1,0
75,Killian Hayes,21,DET,PG,76,56,2154,5.1,13.6,0.377,1.3,4.8,0.28,3.8,8.8,0.429,0.426,1.5,1.9,0.821,0.5,3.2,3.7,7.9,1.7,0.5,2.9,3.7,13.1,,hayeski01,10.2,0.455,0.351,0.137,1.4,10.2,5.7,32.3,2.3,1.1,16.7,20.5,-1.9,1.4,-0.5,-0.012,-3.3,-0.5,-3.8,-1.0,15.7,0.086,0.216,0.236,0.112,0.429,0.586,0.403,0.401,0.418,0.28,0.141,0.763,0.017,13,0.259,0,0
76,Tim Hardaway Jr.,30,DAL,SF,71,45,2152,5.7,14.2,0.401,3.5,9.2,0.385,2.1,5.0,0.431,0.527,2.1,2.8,0.77,0.4,3.8,4.2,2.2,0.8,0.2,1.0,2.0,17.0,,hardati02,12.1,0.554,0.649,0.195,1.1,12.6,6.8,9.0,1.1,0.5,6.1,20.6,1.0,1.3,2.3,0.051,-0.3,-1.5,-1.8,0.1,19.7,0.109,0.093,0.09,0.059,0.431,0.543,0.367,0.434,0.32,0.385,0.641,0.896,0.014,9,0.271,4,0
77,De'Anthony Melton,24,PHI,SG,77,58,2150,4.6,10.9,0.425,2.6,6.7,0.39,2.0,4.2,0.484,0.546,1.2,1.5,0.793,1.2,4.1,5.2,3.3,2.1,0.7,1.7,3.2,13.1,,meltode01,12.7,0.566,0.619,0.134,3.9,13.1,8.6,12.9,2.9,1.8,12.9,16.4,1.1,3.1,4.2,0.095,-0.7,1.6,0.9,1.6,17.8,0.183,0.131,0.037,0.026,0.484,0.622,0.329,0.292,0.529,0.39,0.467,0.873,0.011,6,0.241,2,0
78,Rudy Gobert,30,MIN,C,70,70,2148,6.0,9.2,0.659,0.0,0.1,0.0,6.0,9.1,0.663,0.659,3.7,5.7,0.644,3.9,9.8,13.6,1.5,0.9,1.6,2.0,3.5,15.7,,goberru01,18.9,0.675,0.005,0.623,12.2,29.8,21.2,5.6,1.2,3.9,14.9,16.3,4.3,3.5,7.8,0.174,0.0,0.7,0.7,1.4,2.5,0.778,0.19,0.022,0.004,0.663,0.748,0.365,0.333,0.0,0.0,0.744,,0.388,200,0.0,2,0
79,Jimmy Butler,33,MIA,PF,64,64,2138,8.1,15.0,0.539,0.6,1.7,0.35,7.5,13.2,0.564,0.56,7.9,9.3,0.85,2.4,3.9,6.3,5.7,2.0,0.4,1.7,1.3,24.7,MVP-10DPOY-12CPOY-2NBA2,butleji01,27.6,0.647,0.116,0.625,7.5,13.3,10.3,27.1,2.7,1.0,8.2,25.6,9.4,2.9,12.3,0.277,6.7,2.0,8.7,5.8,8.3,0.314,0.341,0.158,0.055,0.564,0.703,0.492,0.5,0.408,0.35,0.377,0.694,0.068,54,0.534,1,0
80,James Harden,33,PHI,PG,58,58,2135,6.3,14.2,0.441,2.7,7.0,0.385,3.5,7.1,0.495,0.536,5.3,6.1,0.867,0.7,5.3,6.0,10.4,1.2,0.5,3.3,1.9,20.5,,hardeja01,21.6,0.607,0.496,0.429,2.3,17.1,9.8,43.3,1.6,1.4,16.3,25.0,5.8,2.6,8.4,0.188,5.1,0.3,5.4,4.0,16.4,0.162,0.188,0.106,0.043,0.495,0.618,0.418,0.438,0.528,0.385,0.129,0.416,0.001,1,0.05,0,0
81,Jamal Murray,25,DEN,PG,65,65,2133,8.0,17.6,0.454,2.9,7.3,0.398,5.1,10.3,0.494,0.537,3.0,3.6,0.833,0.8,3.5,4.3,6.8,1.1,0.3,2.4,1.7,21.9,,murraja01,18.0,0.571,0.415,0.207,2.7,11.0,6.9,27.5,1.5,0.7,11.3,26.1,3.3,1.9,5.1,0.116,2.6,-1.3,1.3,1.8,16.2,0.144,0.161,0.134,0.142,0.494,0.667,0.44,0.46,0.399,0.398,0.326,0.587,0.018,17,0.12,8,0
82,John Collins,25,ATL,PF,71,71,2130,6.1,11.9,0.508,1.2,4.1,0.292,4.9,7.9,0.619,0.557,2.4,3.0,0.803,1.3,6.5,7.8,1.4,0.7,1.2,1.3,3.7,15.7,,collijo01,13.6,0.593,0.339,0.252,3.9,20.0,11.9,5.3,0.9,2.9,9.1,17.1,2.1,2.1,4.2,0.095,-1.4,0.2,-1.3,0.4,12.0,0.29,0.207,0.109,0.045,0.619,0.795,0.459,0.481,0.5,0.292,0.775,0.943,0.113,73,0.4,0,0
83,Saddiq Bey,23,2TM,SF,77,37,2129,6.0,14.1,0.422,2.6,7.1,0.361,3.4,7.1,0.483,0.513,3.5,4.0,0.861,1.7,4.5,6.1,2.0,1.2,0.2,1.2,2.1,18.0,,beysa01,14.6,0.564,0.5,0.285,5.0,14.0,9.4,8.1,1.6,0.5,7.0,20.2,2.6,1.2,3.9,0.087,0.9,-1.2,-0.3,0.9,15.3,0.218,0.177,0.05,0.049,0.483,0.643,0.399,0.286,0.268,0.361,0.381,0.894,0.036,30,0.347,6,0
83,Saddiq Bey,23,DET,SF,52,30,1500,5.9,14.5,0.404,2.4,7.0,0.345,3.5,7.5,0.46,0.488,4.3,5.0,0.861,1.4,4.4,5.8,2.0,1.2,0.3,1.3,2.1,18.5,,beysa01,14.3,0.552,0.483,0.345,4.2,13.9,8.9,8.5,1.6,0.7,7.2,21.3,1.5,0.8,2.3,0.074,0.5,-1.1,-0.7,0.5,15.9,0.203,0.201,0.061,0.051,0.46,0.626,0.402,0.243,0.29,0.345,0.333,0.921,0.026,16,0.29,5,0
83,Saddiq Bey,23,ATL,SF,25,7,629,6.2,13.2,0.47,2.9,7.2,0.4,3.3,6.0,0.552,0.578,1.4,1.7,0.862,2.2,4.6,6.9,1.9,1.1,0.1,1.0,2.1,16.7,,beysa01,15.2,0.599,0.543,0.126,6.7,14.3,10.4,7.2,1.5,0.1,6.5,17.4,1.1,0.5,1.6,0.119,1.7,-1.2,0.5,0.4,14.8,0.257,0.113,0.022,0.043,0.552,0.678,0.385,0.6,0.2,0.4,0.5,0.84,0.061,14,0.48,1,0
84,De'Andre Hunter,25,ATL,SF,67,67,2126,6.4,13.9,0.461,1.7,4.8,0.35,4.7,9.1,0.521,0.522,2.9,3.5,0.826,0.8,4.0,4.8,1.6,0.6,0.3,1.4,3.4,17.4,,huntede01,11.5,0.563,0.348,0.252,2.3,12.4,7.3,6.0,0.8,0.7,8.2,19.7,1.4,1.2,2.5,0.057,-1.9,-1.4,-3.3,-0.7,14.4,0.157,0.176,0.193,0.114,0.521,0.651,0.421,0.522,0.489,0.35,0.584,0.9,0.044,32,0.406,0,0
85,Russell Westbrook,34,2TM,PG,73,24,2126,7.3,16.8,0.436,1.5,4.8,0.311,5.8,11.9,0.487,0.481,3.5,5.3,0.656,1.5,5.7,7.2,9.3,1.3,0.6,4.3,2.7,19.6,6MOY-9,westbru01,16.1,0.513,0.289,0.317,4.7,16.5,10.8,38.6,1.7,1.3,18.4,27.7,-0.6,2.6,1.9,0.044,0.3,-0.1,0.2,1.2,11.8,0.305,0.229,0.103,0.075,0.487,0.632,0.379,0.461,0.257,0.311,0.23,0.663,0.023,19,0.227,1,0
85,Russell Westbrook,34,LAL,PG,52,3,1491,7.3,17.6,0.417,1.5,5.1,0.296,5.8,12.5,0.467,0.46,3.8,5.7,0.655,1.4,6.3,7.8,9.4,1.3,0.6,4.4,2.9,20.0,,westbru01,15.3,0.496,0.292,0.326,4.4,18.2,11.5,38.5,1.7,1.3,18.1,28.8,-1.2,1.9,0.7,0.023,-0.2,0.1,-0.1,0.7,11.7,0.31,0.23,0.096,0.071,0.467,0.624,0.333,0.414,0.288,0.296,0.203,0.635,0.018,11,0.174,1,0
85,Russell Westbrook,34,LAC,PG,21,21,635,7.3,14.9,0.489,1.5,4.1,0.356,5.8,10.7,0.54,0.538,2.8,4.3,0.658,1.7,4.1,5.8,9.1,1.3,0.6,4.0,2.3,18.8,,westbru01,17.8,0.562,0.279,0.29,5.4,12.6,9.0,38.9,1.8,1.4,19.4,25.2,0.6,0.7,1.2,0.092,1.6,-0.8,0.8,0.5,11.8,0.29,0.225,0.122,0.084,0.54,0.658,0.508,0.563,0.182,0.356,0.294,0.731,0.038,8,0.384,0,0
86,Quentin Grimes,22,NYK,SG,71,66,2121,4.8,10.2,0.468,2.7,6.9,0.386,2.1,3.3,0.641,0.599,1.3,1.7,0.796,0.8,3.1,3.9,2.5,0.8,0.4,1.2,3.0,13.6,,grimequ01,11.7,0.619,0.676,0.163,2.5,9.4,5.9,9.7,1.1,1.2,9.7,14.4,3.2,1.6,4.8,0.108,-0.3,0.1,-0.1,1.0,17.9,0.248,0.047,0.018,0.012,0.641,0.745,0.321,0.182,0.429,0.386,0.776,0.994,0.043,24,0.327,0,0
87,Kristaps Porziņģis,27,WAS,C,65,65,2120,8.6,17.3,0.498,2.3,6.0,0.385,6.3,11.2,0.559,0.565,6.0,7.1,0.851,1.9,7.3,9.3,3.0,1.0,1.7,2.3,3.3,25.6,,porzikr01,23.1,0.627,0.35,0.409,6.2,21.8,14.3,12.9,1.3,4.0,10.2,27.4,5.0,2.7,7.7,0.174,3.8,0.5,4.3,3.4,14.9,0.166,0.229,0.163,0.092,0.559,0.74,0.536,0.494,0.404,0.385,0.622,0.949,0.095,83,0.053,2,0
88,Gary Trent Jr.,24,TOR,SG,66,44,2118,6.9,15.9,0.433,2.8,7.6,0.369,4.1,8.2,0.493,0.522,2.9,3.5,0.839,0.5,2.4,2.9,1.8,1.8,0.2,0.9,1.7,19.5,,trentga02,15.0,0.56,0.481,0.219,1.5,8.2,4.6,7.4,2.4,0.6,5.1,21.7,2.5,2.0,4.5,0.102,0.2,0.0,0.2,1.2,17.6,0.116,0.128,0.118,0.15,0.493,0.704,0.475,0.455,0.364,0.369,0.494,0.855,0.024,20,0.176,0,0
89,Damian Lillard,32,POR,PG,58,58,2107,9.5,20.5,0.463,4.2,11.2,0.371,5.3,9.3,0.574,0.564,8.7,9.5,0.914,0.8,4.0,4.7,7.3,0.9,0.3,3.3,1.9,31.9,CPOY-10ASNBA3,lillada01,26.7,0.645,0.547,0.464,2.4,12.8,7.6,35.0,1.2,0.8,11.7,33.8,8.2,0.8,9.0,0.205,8.3,-1.2,7.1,4.9,17.5,0.231,0.103,0.049,0.057,0.574,0.673,0.452,0.525,0.493,0.371,0.157,0.5,0.012,10,0.058,2,0
90,Ayo Dosunmu,23,CHI,SG,80,51,2098,4.8,9.8,0.493,1.0,3.2,0.312,3.8,6.5,0.583,0.545,1.1,1.4,0.805,0.8,3.0,3.8,3.5,1.1,0.4,1.7,3.1,11.8,,dosunay01,10.2,0.567,0.332,0.144,2.5,9.3,5.9,13.2,1.4,1.2,14.0,14.9,0.7,2.2,2.9,0.067,-3.0,0.6,-2.5,-0.2,11.2,0.411,0.147,0.07,0.04,0.583,0.679,0.429,0.5,0.304,0.312,0.55,1.0,0.018,9,0.466,0,0
91,Corey Kispert,23,WAS,SF,74,45,2093,5.0,10.1,0.497,2.8,6.6,0.424,2.2,3.5,0.637,0.637,1.3,1.5,0.852,0.6,3.0,3.6,1.5,0.6,0.2,0.9,1.7,14.1,,kispeco01,11.5,0.657,0.656,0.15,1.8,8.9,5.5,5.7,0.7,0.4,8.1,14.1,2.9,0.9,3.8,0.088,-0.1,-1.4,-1.5,0.2,18.7,0.179,0.126,0.029,0.009,0.637,0.762,0.541,0.412,0.2,0.424,0.766,0.982,0.029,15,0.224,0,0
92,Malik Beasley,26,2TM,SG,81,27,2093,6.4,16.1,0.395,4.0,11.3,0.357,2.3,4.8,0.484,0.52,0.9,1.1,0.769,0.6,4.3,4.9,2.1,1.1,0.2,1.5,1.8,17.6,,beaslma01,10.9,0.531,0.702,0.069,1.8,12.5,7.3,8.4,1.5,0.4,8.5,21.1,-0.2,1.6,1.4,0.032,-0.9,-1.0,-2.0,0.0,20.9,0.036,0.131,0.073,0.058,0.484,0.706,0.528,0.353,0.407,0.357,0.511,0.855,0.006,4,0.167,3,0
92,Malik Beasley,26,UTA,SG,55,13,1472,6.5,16.4,0.396,4.1,11.5,0.359,2.3,4.8,0.485,0.522,0.9,1.1,0.841,0.7,4.2,4.8,2.3,1.1,0.2,1.5,1.8,18.0,,beaslma01,11.5,0.535,0.704,0.066,2.0,12.3,7.2,9.0,1.4,0.5,8.0,21.2,0.3,1.0,1.2,0.04,-0.4,-1.2,-1.6,0.2,21.0,0.028,0.135,0.07,0.063,0.485,0.632,0.511,0.404,0.452,0.359,0.5,0.817,0.006,2,0.185,3,0
92,Malik Beasley,26,LAL,SG,26,14,621,6.1,15.5,0.392,3.8,10.8,0.353,2.3,4.7,0.481,0.515,0.8,1.2,0.619,0.5,4.5,5.0,1.8,1.2,0.1,1.7,1.9,16.8,,beaslma01,9.7,0.521,0.698,0.078,1.4,13.0,7.4,7.0,1.6,0.1,9.8,20.9,-0.5,0.6,0.2,0.012,-2.3,-0.6,-2.9,-0.1,20.7,0.056,0.123,0.078,0.045,0.481,0.8,0.576,0.238,0.25,0.353,0.538,0.955,0.007,2,0.123,0,0
93,Caleb Martin,27,MIA,SF,71,49,2077,4.4,9.5,0.464,1.5,4.1,0.356,2.9,5.4,0.545,0.54,1.6,2.0,0.805,1.5,4.4,6.0,2.0,1.2,0.5,1.4,2.5,11.8,,martica02,11.4,0.571,0.431,0.206,4.8,15.0,9.7,8.2,1.7,1.5,11.5,14.4,1.2,2.5,3.7,0.086,-1.8,0.5,-1.2,0.4,14.9,0.235,0.155,0.049,0.117,0.545,0.674,0.424,0.481,0.469,0.356,0.588,0.833,0.051,21,0.407,1,0
94,Andrew Nembhard,23,IND,SG,75,63,2073,4.9,11.2,0.441,1.6,4.6,0.35,3.3,6.6,0.504,0.512,0.9,1.1,0.79,0.6,2.8,3.5,5.9,1.2,0.2,2.2,3.1,12.3,,nembhan01,10.0,0.528,0.408,0.096,1.9,8.8,5.3,22.4,1.6,0.5,15.8,16.1,0.4,0.8,1.2,0.029,-2.4,-0.8,-3.2,-0.6,15.3,0.169,0.182,0.169,0.068,0.504,0.716,0.436,0.376,0.455,0.35,0.406,0.902,0.002,1,0.266,0,0
95,Keldon Johnson,23,SAS,SF,63,63,2063,8.8,19.4,0.452,2.3,7.1,0.329,6.4,12.3,0.523,0.512,4.3,5.7,0.749,1.0,4.6,5.5,3.2,0.8,0.2,2.3,2.2,24.2,,johnske04,15.3,0.551,0.366,0.294,2.9,14.4,8.4,13.7,1.1,0.4,9.6,27.9,0.7,0.5,1.3,0.03,0.7,-2.5,-1.8,0.1,12.7,0.27,0.27,0.08,0.014,0.523,0.657,0.455,0.337,0.313,0.329,0.509,0.903,0.022,22,0.226,2,0
96,Aaron Gordon,27,DEN,PF,68,68,2055,7.5,13.3,0.564,1.1,3.0,0.347,6.5,10.3,0.628,0.603,3.3,5.5,0.608,2.9,4.9,7.8,3.6,0.9,0.9,1.7,2.3,19.4,,gordoaa01,19.5,0.617,0.227,0.413,9.4,15.4,12.5,14.2,1.3,2.2,9.8,21.1,4.6,2.2,6.8,0.158,2.4,-0.3,2.1,2.1,8.8,0.481,0.18,0.063,0.035,0.628,0.779,0.394,0.292,0.333,0.347,0.618,0.733,0.26,178,0.312,4,0
97,Mason Plumlee,32,2TM,C,79,60,2054,5.8,8.5,0.68,0.0,0.0,,5.8,8.5,0.68,0.68,3.5,5.5,0.636,4.0,8.3,12.3,4.3,0.8,0.8,2.1,3.8,15.0,,plumlma01,19.6,0.689,0.0,0.647,11.8,25.1,18.4,17.3,1.1,2.0,15.8,15.2,5.5,2.4,7.9,0.185,1.2,1.0,2.2,2.2,2.5,0.707,0.25,0.033,0.01,0.68,0.766,0.463,0.5,0.6,,0.657,,0.26,115,,0,0
97,Mason Plumlee,32,CHO,C,56,56,1597,6.0,8.9,0.669,0.0,0.0,,6.0,8.9,0.669,0.669,3.5,5.8,0.605,4.2,8.0,12.2,4.6,0.8,0.8,2.0,3.6,15.4,,plumlma01,20.0,0.673,0.0,0.646,12.2,24.1,18.1,18.7,1.0,1.9,14.6,15.7,4.3,1.8,6.1,0.183,1.5,0.9,2.4,1.8,2.8,0.697,0.253,0.038,0.013,0.669,0.764,0.43,0.533,0.6,,0.623,,0.253,90,,0,0
97,Mason Plumlee,32,LAC,C,23,4,457,5.0,6.9,0.727,0.0,0.0,,5.0,6.9,0.727,0.727,3.5,4.5,0.772,3.3,9.2,12.5,3.2,0.9,0.9,2.4,4.4,13.5,,plumlma01,18.2,0.761,0.0,0.648,10.4,28.4,19.5,12.3,1.2,2.3,21.0,13.7,1.2,0.6,1.8,0.19,0.1,1.2,1.4,0.4,2.2,0.75,0.239,0.011,0.0,0.727,0.773,0.619,0.0,,,0.797,,0.295,25,,0,0
98,Grant Williams,24,BOS,PF,79,23,2045,3.8,8.4,0.454,2.0,5.1,0.395,1.8,3.3,0.546,0.575,1.7,2.1,0.77,1.5,4.9,6.4,2.3,0.7,0.5,1.4,3.4,11.3,,willigr01,10.3,0.605,0.611,0.256,4.7,14.5,9.7,8.4,1.0,1.3,13.4,13.1,1.9,2.6,4.4,0.104,-1.8,0.7,-1.1,0.5,17.2,0.137,0.197,0.046,0.006,0.546,0.738,0.468,0.364,0.333,0.395,0.594,0.922,0.032,15,0.416,2,0
99,Deandre Ayton,24,PHO,C,67,67,2035,9.2,15.7,0.589,0.1,0.4,0.292,9.1,15.3,0.597,0.592,2.7,3.5,0.76,3.0,8.8,11.8,2.0,0.7,0.9,2.1,3.4,21.3,,aytonde01,19.9,0.617,0.027,0.225,9.2,27.5,18.1,9.2,0.9,2.3,11.0,22.9,3.3,3.0,6.2,0.147,0.9,0.0,0.9,1.5,7.7,0.313,0.352,0.223,0.085,0.597,0.806,0.532,0.455,0.467,0.292,0.792,0.857,0.131,110,0.0,0,0
100,Mike Conley,35,2TM,PG,67,66,2029,4.6,10.8,0.428,2.4,6.2,0.385,2.2,4.6,0.486,0.539,2.5,3.0,0.834,0.6,2.6,3.2,8.0,1.3,0.2,1.8,2.5,14.2,,conlemi01,14.7,0.583,0.575,0.277,1.8,7.9,4.9,29.4,1.7,0.6,13.1,16.3,4.1,1.4,5.5,0.13,1.0,-0.1,0.9,1.5,18.1,0.084,0.203,0.108,0.03,0.486,0.608,0.427,0.5,0.5,0.385,0.381,0.696,0.0,0,0.157,2,0
100,Mike Conley,35,UTA,PG,43,42,1276,4.3,10.6,0.408,2.2,6.0,0.362,2.1,4.6,0.469,0.511,2.2,2.7,0.813,0.5,2.5,3.0,9.3,1.2,0.3,2.1,2.7,13.0,,conlemi01,13.9,0.552,0.568,0.256,1.5,7.5,4.5,34.0,1.6,0.7,15.1,16.1,2.2,0.8,3.0,0.113,0.7,-0.5,0.2,0.7,18.0,0.085,0.216,0.099,0.032,0.469,0.531,0.469,0.459,0.333,0.362,0.368,0.636,0.0,0,0.136,2,0
100,Mike Conley,35,MIN,PG,24,24,753,5.2,11.2,0.46,2.8,6.6,0.42,2.4,4.6,0.515,0.583,3.0,3.5,0.863,0.8,2.8,3.6,5.7,1.4,0.2,1.4,2.2,16.1,,conlemi01,16.1,0.631,0.587,0.311,2.4,8.6,5.6,21.5,1.8,0.5,9.8,16.8,1.8,0.7,2.5,0.158,1.5,0.6,2.0,0.7,18.3,0.081,0.183,0.123,0.026,0.515,0.737,0.349,0.552,0.833,0.42,0.4,0.776,0.0,0,0.188,0,0
101,Giannis Antetokounmpo,28,MIL,PF,63,63,2024,12.6,22.7,0.553,0.8,3.0,0.275,11.7,19.7,0.596,0.572,8.9,13.7,0.645,2.4,10.8,13.2,6.4,0.9,0.9,4.4,3.5,34.8,MVP-3DPOY-6ASNBA1,antetgi01,29.0,0.605,0.134,0.604,7.3,30.0,19.1,33.2,1.2,2.1,13.2,38.8,4.9,3.7,8.6,0.204,5.8,2.7,8.5,5.4,8.1,0.48,0.212,0.091,0.084,0.596,0.791,0.354,0.353,0.355,0.275,0.415,0.617,0.166,198,0.023,0,0
102,Kevin Porter Jr.,22,HOU,PG,59,59,2024,7.0,15.7,0.442,2.5,6.8,0.366,4.4,8.9,0.501,0.522,3.7,4.7,0.784,1.4,4.2,5.6,6.0,1.5,0.3,3.3,2.8,20.1,,porteke02,16.2,0.565,0.436,0.299,4.1,13.1,8.5,25.7,2.0,0.8,15.8,24.3,1.9,1.0,2.9,0.068,1.4,-0.8,0.6,1.3,15.7,0.153,0.221,0.115,0.076,0.501,0.711,0.385,0.461,0.478,0.366,0.18,0.525,0.054,41,0.117,1,0
103,Deni Avdija,22,WAS,SF,76,40,2020,4.5,10.3,0.437,1.2,4.1,0.297,3.3,6.2,0.53,0.497,2.2,2.9,0.739,1.3,7.4,8.7,3.8,1.2,0.5,2.2,3.7,12.4,,avdijde01,11.2,0.535,0.401,0.285,4.2,21.9,13.4,13.9,1.6,1.2,15.9,16.7,0.0,2.3,2.3,0.054,-2.8,0.5,-2.3,-0.1,12.9,0.283,0.263,0.038,0.016,0.53,0.72,0.395,0.227,0.111,0.297,0.538,0.942,0.057,29,0.241,1,0
104,Tyrese Maxey,22,PHI,SG,60,41,2016,7.8,16.3,0.481,2.9,6.6,0.434,5.0,9.7,0.513,0.568,3.2,3.8,0.845,0.4,2.7,3.1,3.8,0.9,0.1,1.4,2.4,21.7,,maxeyty01,17.0,0.605,0.404,0.233,1.4,8.8,5.2,16.9,1.2,0.4,7.4,24.1,3.7,1.6,5.4,0.128,1.9,-1.2,0.6,1.3,14.4,0.222,0.208,0.101,0.06,0.513,0.626,0.447,0.467,0.4,0.434,0.444,0.688,0.014,13,0.195,1,0
105,Dorian Finney-Smith,29,2TM,PF,66,66,2009,3.5,9.0,0.391,2.0,6.1,0.337,1.5,2.9,0.503,0.505,0.8,1.1,0.763,2.0,3.6,5.7,1.8,1.0,0.6,1.1,2.6,9.9,,finnedo01,9.2,0.523,0.675,0.118,6.5,11.5,9.0,6.7,1.4,1.6,10.5,13.2,0.6,1.6,2.1,0.051,-1.7,-0.3,-2.0,0.0,17.6,0.218,0.088,0.012,0.008,0.503,0.642,0.227,0.0,0.5,0.337,0.671,0.974,0.084,33,0.382,2,0
105,Dorian Finney-Smith,29,DAL,PF,40,40,1288,3.6,8.7,0.416,2.2,6.1,0.355,1.5,2.6,0.559,0.54,0.8,1.1,0.75,1.9,3.4,5.3,1.6,1.1,0.6,1.0,2.2,10.2,,finnedo01,10.0,0.557,0.7,0.129,6.0,11.1,8.5,6.3,1.5,1.4,9.9,12.8,0.8,0.9,1.7,0.065,-0.9,-0.2,-1.1,0.3,18.4,0.2,0.077,0.013,0.01,0.559,0.758,0.167,0.0,0.333,0.355,0.692,0.987,0.077,21,0.401,2,0
105,Dorian Finney-Smith,29,BRK,PF,26,26,721,3.3,9.5,0.351,1.8,6.0,0.306,1.5,3.5,0.429,0.448,0.7,0.9,0.789,2.3,4.0,6.4,2.0,0.8,0.8,1.3,3.2,9.3,,finnedo01,7.7,0.466,0.634,0.099,7.5,12.3,10.0,7.4,1.2,1.9,11.5,13.9,-0.3,0.7,0.4,0.027,-3.3,-0.4,-3.7,-0.3,16.8,0.246,0.105,0.01,0.005,0.429,0.489,0.3,0.0,1.0,0.306,0.633,0.946,0.094,12,0.347,0,0
106,Jordan Clarkson,30,UTA,SG,61,61,1988,8.3,18.7,0.444,2.8,8.3,0.338,5.5,10.4,0.53,0.519,3.6,4.4,0.816,1.3,3.2,4.5,4.9,0.6,0.2,3.4,2.2,23.0,,clarkjo01,14.7,0.558,0.445,0.238,4.0,9.3,6.7,20.9,0.8,0.6,14.0,27.8,0.9,0.8,1.7,0.042,1.0,-2.4,-1.4,0.3,15.5,0.109,0.302,0.13,0.015,0.53,0.688,0.508,0.47,0.333,0.338,0.215,0.748,0.016,12,0.12,3,0
107,Dennis Schröder,29,LAL,PG,66,50,1986,4.9,11.8,0.415,1.3,4.1,0.329,3.6,7.7,0.461,0.472,3.9,4.6,0.857,0.4,2.6,3.0,5.4,0.9,0.2,2.0,2.6,15.0,,schrode01,11.5,0.545,0.346,0.388,1.2,7.5,4.4,20.1,1.2,0.4,12.8,18.6,1.3,1.5,2.8,0.068,-2.4,-0.5,-2.9,-0.4,14.4,0.168,0.208,0.18,0.098,0.461,0.55,0.422,0.462,0.391,0.329,0.245,0.905,0.0,0,0.258,0,0
108,Tre Jones,23,SAS,PG,68,65,1984,6.2,13.5,0.459,0.8,2.9,0.285,5.4,10.6,0.506,0.489,2.7,3.1,0.86,1.0,3.4,4.4,8.1,1.6,0.2,2.0,1.8,15.9,,jonestr01,16.0,0.534,0.213,0.231,3.0,10.8,6.7,31.5,2.1,0.4,11.8,19.3,2.6,0.8,3.4,0.082,-0.2,-0.8,-1.0,0.5,10.7,0.276,0.262,0.21,0.039,0.506,0.673,0.385,0.442,0.483,0.285,0.26,0.867,0.004,1,0.323,0,0
109,Grayson Allen,27,MIL,SG,72,70,1972,4.5,10.2,0.44,2.7,6.7,0.399,1.8,3.5,0.518,0.571,2.1,2.3,0.905,1.1,3.2,4.3,3.0,1.1,0.3,1.3,2.1,13.7,,allengr01,12.3,0.612,0.657,0.226,3.4,9.0,6.3,10.9,1.5,0.6,10.5,14.6,2.8,2.2,5.1,0.123,-0.6,0.7,0.1,1.0,18.7,0.18,0.104,0.054,0.005,0.518,0.67,0.345,0.4,0.0,0.399,0.606,0.884,0.027,12,0.213,0,0
110,Jonas Valančiūnas,30,NOP,C,79,79,1968,8.2,14.9,0.547,0.7,2.0,0.349,7.5,12.9,0.577,0.57,3.4,4.1,0.826,4.1,10.6,14.7,2.6,0.4,1.0,2.9,4.5,20.4,,valanjo01,19.3,0.61,0.134,0.275,13.0,33.3,23.1,11.1,0.5,2.5,14.8,23.4,2.8,3.0,5.8,0.142,0.0,-0.4,-0.4,0.8,8.1,0.357,0.325,0.134,0.039,0.577,0.725,0.494,0.44,0.313,0.349,0.569,0.974,0.086,67,0.046,0,0
111,Eric Gordon,34,2TM,SG,69,58,1965,5.3,12.0,0.446,2.4,6.5,0.371,2.9,5.4,0.535,0.547,2.6,3.2,0.821,0.3,2.2,2.5,3.4,0.8,0.5,1.9,1.4,15.7,,gordoer01,11.8,0.587,0.545,0.265,0.9,6.7,3.8,13.4,1.1,1.2,12.5,17.8,1.8,0.5,2.3,0.056,-0.5,-1.4,-1.9,0.1,17.7,0.164,0.243,0.041,0.006,0.535,0.71,0.453,0.37,0.25,0.371,0.39,0.811,0.002,1,0.084,1,0
111,Eric Gordon,34,HOU,SG,47,47,1418,5.3,12.1,0.439,2.2,6.2,0.347,3.2,5.9,0.536,0.528,2.8,3.4,0.815,0.3,2.2,2.5,3.5,0.8,0.4,2.1,1.1,15.6,,gordoer01,11.4,0.572,0.513,0.282,0.9,6.7,3.8,13.8,1.0,1.2,13.4,18.1,1.0,0.1,1.1,0.037,-0.9,-1.7,-2.6,-0.2,16.5,0.163,0.274,0.042,0.008,0.536,0.744,0.458,0.3,0.25,0.347,0.32,0.765,0.002,1,0.078,1,0
111,Eric Gordon,34,LAC,SG,22,11,547,5.3,11.5,0.463,3.1,7.3,0.423,2.2,4.2,0.531,0.597,2.1,2.5,0.842,0.3,2.2,2.4,3.1,0.9,0.5,1.4,2.2,15.9,,gordoer01,13.1,0.629,0.634,0.217,0.8,6.7,3.8,12.2,1.2,1.3,9.9,17.0,0.8,0.4,1.2,0.105,0.5,-0.5,0.0,0.3,19.0,0.166,0.16,0.04,0.0,0.531,0.621,0.429,0.571,,0.423,0.647,0.894,0.0,0,0.099,0,0
112,Kevon Looney,26,GSW,C,82,70,1958,4.4,7.1,0.63,0.0,0.0,0.0,4.4,7.0,0.632,0.63,1.7,2.8,0.606,5.0,8.9,14.0,3.8,1.0,0.9,0.8,4.1,10.6,,looneke01,17.8,0.639,0.003,0.404,15.7,26.8,21.4,13.8,1.3,2.2,9.1,10.6,5.9,2.8,8.7,0.212,0.9,1.3,2.1,2.0,3.5,0.557,0.365,0.044,0.031,0.632,0.734,0.521,0.412,0.417,0.0,0.669,,0.177,68,0.0,0,0
113,Kyle Anderson,29,MIN,PF,69,46,1957,4.6,9.1,0.509,0.8,1.9,0.41,3.8,7.2,0.536,0.553,1.8,2.5,0.735,1.2,5.6,6.8,6.2,1.4,1.2,1.9,2.7,11.9,,anderky01,14.8,0.583,0.212,0.275,3.8,16.9,10.5,22.6,1.9,2.8,15.7,14.4,2.5,2.6,5.1,0.125,0.2,2.3,2.5,2.2,9.9,0.246,0.426,0.087,0.028,0.536,0.648,0.512,0.465,0.143,0.41,0.512,0.93,0.02,10,0.448,1,0
114,Marcus Smart,28,BOS,PG,61,61,1957,4.6,11.1,0.415,2.1,6.3,0.336,2.5,4.8,0.519,0.511,1.6,2.2,0.746,0.8,2.7,3.5,7.0,1.7,0.4,2.6,3.2,12.9,,smartma01,12.1,0.538,0.568,0.196,2.6,8.0,5.3,26.4,2.3,1.0,17.9,17.8,1.0,2.7,3.7,0.092,-1.8,0.8,-1.0,0.5,17.0,0.14,0.204,0.053,0.025,0.519,0.75,0.431,0.438,0.267,0.336,0.274,0.826,0.008,4,0.193,3,0
115,LeBron James,38,LAL,PF,55,54,1954,11.2,22.5,0.5,2.2,6.9,0.321,9.0,15.5,0.58,0.549,4.6,6.0,0.768,1.2,7.2,8.4,6.9,0.9,0.6,3.3,1.6,29.3,ASNBA3,jamesle01,23.9,0.583,0.309,0.268,3.7,20.8,12.5,33.5,1.2,1.4,11.6,33.3,3.2,2.4,5.6,0.138,5.5,0.6,6.1,4.0,12.8,0.302,0.197,0.084,0.107,0.58,0.788,0.463,0.34,0.397,0.321,0.395,0.628,0.062,74,0.08,0,0
116,Herbert Jones,24,NOP,PF,66,66,1951,4.3,9.2,0.469,1.0,3.1,0.335,3.3,6.2,0.536,0.525,2.3,3.0,0.764,1.8,3.2,5.0,3.0,1.9,0.8,1.6,3.8,12.0,,joneshe01,12.1,0.567,0.333,0.321,5.6,10.0,7.8,11.1,2.6,2.1,13.3,14.5,1.5,2.7,4.2,0.104,-1.9,1.7,-0.3,0.8,10.8,0.381,0.22,0.018,0.038,0.536,0.66,0.391,0.444,0.211,0.335,0.659,0.911,0.084,37,0.503,1,0
117,Torrey Craig,32,PHO,PF,79,60,1948,4.2,9.2,0.456,1.8,4.7,0.395,2.4,4.6,0.518,0.556,0.6,0.8,0.711,2.7,5.2,7.9,2.2,0.9,1.1,1.3,3.3,10.9,,craigto01,11.6,0.566,0.506,0.09,8.1,16.3,12.1,7.9,1.3,2.9,12.3,13.0,1.5,2.5,4.0,0.098,-1.3,0.7,-0.6,0.7,15.0,0.266,0.138,0.062,0.028,0.518,0.699,0.319,0.258,0.357,0.395,0.57,0.99,0.044,17,0.474,1,0
118,Ja Morant,23,MEM,PG,61,59,1948,10.5,22.4,0.466,1.7,5.5,0.307,8.8,16.9,0.519,0.504,6.9,9.2,0.748,1.1,5.5,6.6,9.1,1.2,0.3,3.8,1.8,29.5,MVP-12AS,moranja01,23.3,0.557,0.247,0.409,3.3,16.1,9.7,41.1,1.6,0.7,12.6,34.9,3.4,2.6,6.0,0.148,5.2,0.5,5.7,3.8,11.1,0.289,0.295,0.144,0.025,0.519,0.652,0.419,0.463,0.467,0.307,0.181,0.533,0.058,55,0.1,3,0
119,Kelly Olynyk,31,UTA,C,68,68,1942,5.2,10.3,0.499,1.7,4.4,0.394,3.4,6.0,0.576,0.583,3.7,4.3,0.853,1.5,6.3,7.8,4.7,1.1,0.7,3.1,4.3,15.7,,olynyke01,14.4,0.643,0.424,0.417,4.6,18.6,11.7,17.6,1.5,1.6,20.3,17.8,2.4,1.9,4.3,0.106,-0.4,0.9,0.4,1.2,14.1,0.223,0.269,0.048,0.036,0.576,0.702,0.54,0.296,0.45,0.394,0.643,0.968,0.025,13,0.203,0,0
120,Stephen Curry,34,GSW,PG,56,56,1941,10.4,21.0,0.493,5.1,11.9,0.427,5.3,9.2,0.579,0.614,4.8,5.2,0.915,0.7,5.6,6.3,6.5,1.0,0.4,3.3,2.2,30.6,MVP-9CPOY-9ASNBA2,curryst01,24.1,0.656,0.564,0.248,2.3,16.8,9.7,30.0,1.3,0.9,12.5,31.0,5.8,2.0,7.8,0.192,7.5,0.1,7.5,4.7,18.8,0.107,0.191,0.063,0.076,0.579,0.76,0.551,0.493,0.465,0.427,0.371,0.593,0.0,0,0.097,9,1
121,Tyus Jones,26,MEM,PG,80,22,1940,5.8,13.2,0.438,2.2,6.0,0.371,3.5,7.1,0.495,0.523,1.5,1.9,0.8,0.5,3.2,3.7,7.7,1.5,0.1,1.4,0.6,15.3,6MOY-6,jonesty01,16.0,0.546,0.459,0.141,1.5,9.4,5.5,28.8,2.0,0.3,8.9,17.7,3.4,2.3,5.7,0.141,1.2,0.3,1.6,1.7,16.6,0.085,0.182,0.235,0.039,0.495,0.6,0.488,0.473,0.429,0.371,0.284,0.793,0.0,0,0.202,0,0
122,Paul George,32,LAC,SF,56,56,1939,8.5,18.6,0.457,2.9,7.9,0.371,5.6,10.7,0.521,0.536,4.8,5.5,0.871,0.8,5.5,6.3,5.3,1.5,0.4,3.3,3.0,24.7,AS,georgpa01,19.6,0.588,0.424,0.293,2.6,17.0,9.9,24.2,2.1,0.9,13.4,29.5,2.3,2.3,4.6,0.114,2.4,0.3,2.8,2.3,16.7,0.145,0.14,0.132,0.157,0.521,0.699,0.553,0.421,0.411,0.371,0.322,0.614,0.042,36,0.134,4,0
123,Al Horford,36,BOS,C,63,63,1922,4.3,9.0,0.476,2.7,6.1,0.446,1.6,2.9,0.539,0.627,0.3,0.4,0.714,1.4,5.9,7.3,3.5,0.6,1.1,0.7,2.3,11.5,,horfoal01,13.8,0.631,0.678,0.044,4.2,17.7,11.1,13.2,0.8,2.7,7.0,11.9,3.6,2.7,6.3,0.157,1.6,1.7,3.3,2.5,18.8,0.14,0.123,0.038,0.021,0.539,0.672,0.525,0.278,0.2,0.446,0.675,0.993,0.023,11,0.378,0,0
124,P.J. Tucker,37,PHI,PF,75,75,1920,1.8,4.2,0.427,1.0,2.6,0.393,0.8,1.6,0.482,0.549,0.4,0.4,0.826,1.8,3.8,5.5,1.1,0.7,0.3,0.8,3.4,5.0,,tuckepj01,5.7,0.566,0.622,0.102,5.9,12.1,9.1,3.9,1.0,0.7,15.8,6.5,0.9,1.7,2.5,0.064,-3.2,0.2,-3.0,-0.5,16.5,0.173,0.151,0.036,0.018,0.482,0.487,0.441,0.5,0.75,0.393,0.732,0.982,0.0,0,0.914,0,0
125,Jalen McDaniels,25,2TM,SF,80,24,1913,5.3,11.6,0.455,1.4,4.4,0.332,3.8,7.2,0.53,0.518,2.2,2.6,0.841,1.2,5.3,6.5,2.4,1.6,0.6,1.8,3.9,14.2,,mcdanja01,11.8,0.557,0.376,0.224,3.6,16.3,9.9,9.6,2.1,1.6,12.1,17.2,0.5,2.2,2.7,0.068,-2.7,0.6,-2.1,-0.1,11.0,0.305,0.207,0.078,0.016,0.53,0.649,0.398,0.396,0.4,0.332,0.549,0.974,0.073,36,0.384,0,0
125,Jalen McDaniels,25,CHO,SF,56,21,1494,5.3,11.9,0.447,1.6,4.9,0.322,3.8,7.0,0.534,0.513,2.1,2.5,0.846,1.1,5.4,6.5,2.7,1.6,0.7,1.9,3.8,14.3,,mcdanja01,11.6,0.551,0.409,0.211,3.1,16.5,9.6,10.5,2.1,1.7,12.9,17.5,0.1,1.7,1.8,0.057,-2.7,0.7,-2.0,0.0,13.1,0.298,0.206,0.071,0.016,0.534,0.673,0.392,0.4,0.375,0.322,0.526,0.969,0.073,29,0.376,0,0
125,Jalen McDaniels,25,PHI,SF,24,3,419,5.2,10.6,0.488,1.0,2.6,0.4,4.1,8.0,0.516,0.537,2.4,2.9,0.824,1.6,4.9,6.5,1.6,1.5,0.4,1.1,4.4,13.7,,mcdanja01,12.5,0.58,0.244,0.276,5.5,15.8,10.7,6.5,2.0,1.1,8.6,16.1,0.4,0.5,1.0,0.109,-2.5,-0.1,-2.6,-0.1,8.9,0.333,0.211,0.106,0.016,0.516,0.561,0.423,0.385,0.5,0.4,0.625,1.0,0.073,7,0.433,0,0
126,Jakob Poeltl,27,2TM,C,72,71,1906,7.3,11.7,0.629,0.0,0.0,0.0,7.3,11.7,0.63,0.629,2.2,3.8,0.592,4.5,7.9,12.3,3.7,1.2,1.6,2.4,3.7,16.9,,poeltja01,21.0,0.635,0.002,0.325,13.0,25.5,19.0,15.2,1.7,4.0,15.0,18.2,3.7,2.2,6.0,0.15,1.1,0.8,1.9,1.9,4.6,0.487,0.351,0.138,0.002,0.63,0.757,0.516,0.471,0.0,0.0,0.632,,0.045,27,0.0,1,0
126,Jakob Poeltl,27,SAS,C,46,46,1199,7.2,11.6,0.616,0.0,0.0,0.0,7.2,11.6,0.618,0.616,2.3,3.9,0.605,4.6,7.9,12.5,4.2,1.1,1.6,2.9,3.5,16.7,,poeltja01,19.7,0.625,0.003,0.332,13.3,25.0,18.9,17.0,1.4,3.6,17.8,18.6,1.8,1.1,2.9,0.115,0.5,0.4,0.9,0.9,4.9,0.5,0.343,0.152,0.003,0.618,0.768,0.481,0.441,0.0,0.0,0.598,,0.039,15,0.0,1,0
126,Jakob Poeltl,27,TOR,C,26,25,707,7.6,11.7,0.652,0.0,0.0,,7.6,11.7,0.652,0.652,2.1,3.7,0.569,4.3,7.8,12.1,2.9,1.5,1.7,1.5,3.9,17.4,,poeltja01,23.1,0.652,0.0,0.313,12.5,26.4,19.0,12.1,2.1,4.7,10.0,17.5,1.9,1.2,3.1,0.209,2.2,1.5,3.6,1.0,4.2,0.465,0.365,0.113,0.0,0.652,0.738,0.571,0.538,,,0.687,,0.057,12,,0,0
127,Anthony Davis,29,LAL,C,56,54,1904,10.2,18.2,0.563,0.4,1.4,0.257,9.9,16.8,0.589,0.573,6.6,8.4,0.784,3.7,9.6,13.3,2.8,1.1,2.2,2.3,2.8,27.4,,davisan02,27.8,0.627,0.077,0.462,11.3,27.6,19.7,13.0,1.5,5.1,9.5,28.4,5.5,3.4,9.0,0.226,4.6,1.7,6.3,4.0,8.2,0.348,0.323,0.134,0.117,0.589,0.788,0.514,0.442,0.372,0.257,0.625,1.0,0.156,138,0.149,0,0
128,Donte DiVincenzo,26,GSW,SG,72,36,1894,4.5,10.3,0.435,2.9,7.2,0.397,1.6,3.1,0.525,0.574,1.1,1.3,0.817,1.5,4.7,6.2,4.8,1.8,0.2,2.1,2.5,12.9,,divindo01,12.8,0.593,0.7,0.131,4.7,14.0,9.4,17.3,2.4,0.5,16.4,15.1,1.9,2.3,4.2,0.106,-0.6,1.3,0.7,1.3,19.7,0.124,0.131,0.026,0.019,0.525,0.567,0.563,0.286,0.3,0.397,0.612,0.927,0.017,9,0.228,1,0
129,Bojan Bogdanović,33,DET,PF,59,59,1893,8.2,16.8,0.488,2.8,6.7,0.411,5.4,10.1,0.539,0.57,5.1,5.8,0.884,0.7,3.6,4.2,2.9,0.6,0.2,2.6,2.1,24.2,,bogdabo02,17.4,0.627,0.4,0.344,2.0,11.3,6.5,13.6,0.9,0.4,11.7,25.9,3.1,0.4,3.5,0.09,2.6,-1.8,0.8,1.4,15.2,0.144,0.214,0.169,0.073,0.539,0.685,0.487,0.537,0.406,0.411,0.537,0.828,0.012,10,0.297,0,0
130,Chris Paul,37,PHO,PG,59,59,1889,5.6,12.7,0.44,1.9,5.0,0.375,3.7,7.8,0.482,0.513,2.5,3.0,0.831,0.5,4.3,4.8,10.0,1.7,0.4,2.2,2.4,15.6,,paulch01,17.7,0.555,0.391,0.24,1.6,13.4,7.4,38.7,2.4,1.0,13.4,19.2,3.7,2.5,6.2,0.156,2.0,1.2,3.2,2.5,18.0,0.025,0.127,0.302,0.154,0.482,0.588,0.447,0.485,0.485,0.375,0.163,0.551,0.0,0,0.073,1,0
131,Tyrese Haliburton,22,IND,PG,56,56,1883,7.9,16.1,0.49,3.1,7.7,0.4,4.8,8.4,0.572,0.586,3.3,3.8,0.871,0.6,3.3,3.9,11.2,1.7,0.5,2.7,1.3,22.2,AS,halibty01,23.6,0.624,0.478,0.239,1.9,10.1,6.0,47.6,2.3,1.1,13.2,23.8,6.4,1.2,7.6,0.195,7.0,0.2,7.2,4.4,15.8,0.209,0.163,0.092,0.048,0.572,0.733,0.453,0.403,0.55,0.4,0.243,0.435,0.02,17,0.092,6,1
132,Jarred Vanderbilt,23,2TM,PF,78,65,1879,4.7,8.6,0.548,0.6,1.7,0.322,4.2,6.9,0.604,0.58,1.8,2.7,0.691,3.3,7.9,11.2,3.5,1.6,0.4,1.9,3.6,11.9,,vandeja01,15.1,0.604,0.2,0.308,10.0,23.2,16.7,13.1,2.1,0.9,15.9,13.6,2.7,2.5,5.2,0.132,-0.6,1.6,1.1,1.5,7.3,0.483,0.282,0.031,0.004,0.604,0.72,0.449,0.214,0.5,0.322,0.679,1.0,0.213,90,0.878,0,0
132,Jarred Vanderbilt,23,UTA,PF,52,41,1254,5.0,8.9,0.556,0.5,1.6,0.333,4.4,7.3,0.606,0.587,1.9,2.9,0.657,3.5,8.3,11.7,4.1,1.5,0.4,2.0,3.8,12.4,,vandeja01,16.0,0.607,0.183,0.328,10.6,24.5,17.6,15.3,2.0,1.0,16.0,14.1,2.1,1.6,3.6,0.139,0.0,1.5,1.5,1.1,7.1,0.453,0.318,0.042,0.003,0.606,0.759,0.444,0.231,0.0,0.333,0.682,1.0,0.206,61,0.895,0,0
132,Jarred Vanderbilt,23,LAL,PF,26,24,625,4.3,8.1,0.529,0.6,1.9,0.303,3.7,6.2,0.598,0.564,1.7,2.1,0.784,2.8,7.1,10.0,2.4,1.7,0.3,1.7,3.3,10.8,,vandeja01,13.2,0.598,0.236,0.264,8.7,20.6,14.8,8.8,2.3,0.8,15.7,12.5,0.6,0.9,1.5,0.118,-1.7,1.9,0.2,0.4,7.4,0.55,0.2,0.007,0.007,0.598,0.649,0.464,0.0,1.0,0.303,0.672,1.0,0.229,29,0.848,0,0
133,Terance Mann,26,LAC,SG,81,36,1872,5.2,10.1,0.519,1.5,3.8,0.389,3.8,6.3,0.598,0.593,1.8,2.3,0.78,1.5,3.8,5.3,3.5,0.8,0.4,1.5,2.9,13.7,,mannte01,13.4,0.619,0.378,0.225,4.7,11.8,8.3,14.0,1.1,1.0,12.2,15.3,2.8,1.5,4.3,0.111,-0.3,0.1,-0.2,0.8,12.5,0.33,0.191,0.061,0.04,0.598,0.769,0.4,0.375,0.476,0.389,0.554,0.883,0.107,47,0.495,2,1
134,Troy Brown Jr.,23,LAL,SF,76,45,1860,3.9,9.0,0.43,2.1,5.4,0.381,1.8,3.6,0.505,0.545,0.7,0.8,0.872,1.2,4.8,6.0,1.8,1.1,0.3,0.9,2.3,10.5,,browntr01,9.6,0.561,0.604,0.084,3.7,13.7,8.9,6.6,1.5,0.7,9.2,12.1,1.0,2.0,2.9,0.075,-1.8,0.8,-1.0,0.5,17.5,0.166,0.148,0.032,0.049,0.505,0.688,0.377,0.4,0.348,0.381,0.667,0.953,0.03,10,0.395,0,0
135,Onyeka Okongwu,22,ATL,C,80,18,1849,6.2,9.7,0.638,0.1,0.3,0.308,6.1,9.4,0.647,0.642,3.0,3.8,0.781,4.2,7.0,11.2,1.6,1.1,2.1,1.6,4.9,15.4,,okongon01,19.4,0.678,0.026,0.394,12.7,21.5,17.0,5.8,1.4,4.9,12.2,15.1,4.7,2.4,7.1,0.185,0.0,0.8,0.8,1.3,4.6,0.606,0.233,0.05,0.074,0.647,0.764,0.448,0.56,0.405,0.308,0.706,1.0,0.207,95,0.769,1,0
136,Austin Reaves,24,LAL,SG,64,22,1843,5.1,9.6,0.529,1.7,4.2,0.398,3.4,5.4,0.631,0.616,4.5,5.2,0.864,0.6,3.1,3.8,4.2,0.6,0.4,1.9,2.1,16.3,6MOY-7,reaveau01,14.9,0.687,0.441,0.541,2.0,9.0,5.6,15.7,0.8,0.9,14.0,16.2,4.1,1.4,5.4,0.142,0.6,0.1,0.7,1.2,15.4,0.184,0.194,0.129,0.053,0.631,0.833,0.558,0.54,0.423,0.398,0.405,0.86,0.016,8,0.264,2,0
137,Desmond Bane,24,MEM,SG,58,58,1841,8.8,18.4,0.479,3.2,8.0,0.408,5.6,10.4,0.534,0.568,3.5,4.0,0.883,0.8,4.8,5.7,5.0,1.1,0.4,2.5,2.9,24.4,,banede01,19.1,0.606,0.433,0.218,2.5,14.3,8.4,20.8,1.4,1.1,10.9,26.1,3.5,2.3,5.8,0.151,3.3,0.1,3.5,2.5,14.8,0.229,0.21,0.071,0.056,0.534,0.642,0.447,0.478,0.491,0.408,0.521,0.729,0.007,6,0.15,2,0
138,Devin Booker,26,PHO,SG,53,53,1835,10.3,20.9,0.494,2.2,6.2,0.351,8.2,14.7,0.554,0.546,6.0,7.0,0.855,0.9,3.8,4.7,5.7,1.0,0.4,2.8,3.1,28.9,,bookede01,22.0,0.601,0.296,0.336,2.7,12.0,7.2,27.3,1.4,0.9,10.6,31.8,4.2,1.9,6.0,0.157,4.5,-0.3,4.2,2.9,14.5,0.156,0.202,0.204,0.142,0.554,0.717,0.491,0.555,0.464,0.351,0.387,0.685,0.02,20,0.149,0,0
139,Marcus Morris,33,LAC,PF,65,65,1825,5.4,12.7,0.426,2.2,6.1,0.364,3.2,6.6,0.484,0.513,1.3,1.7,0.782,0.6,4.5,5.1,2.2,0.8,0.4,1.1,2.7,14.4,,morrima03,10.5,0.534,0.479,0.135,1.8,13.9,7.9,8.9,1.1,1.0,7.6,17.6,0.4,1.6,2.0,0.053,-1.8,-0.2,-1.9,0.0,18.2,0.07,0.118,0.199,0.134,0.484,0.711,0.5,0.414,0.453,0.364,0.414,0.955,0.008,5,0.231,2,0
140,Myles Turner,26,IND,C,62,62,1825,7.9,14.5,0.548,1.8,4.9,0.373,6.1,9.5,0.638,0.612,4.3,5.4,0.783,1.7,7.5,9.2,1.8,0.7,2.8,2.0,4.2,22.0,,turnemy01,20.0,0.651,0.34,0.377,5.4,22.9,14.2,7.5,0.9,6.6,10.8,22.0,3.4,2.0,5.4,0.142,1.4,0.7,2.1,1.9,12.2,0.302,0.251,0.071,0.029,0.638,0.778,0.516,0.615,0.286,0.373,0.767,0.968,0.095,67,0.096,0,0
141,Bobby Portis,27,MIL,PF,70,22,1818,7.9,15.9,0.496,1.9,5.1,0.37,6.0,10.8,0.555,0.555,1.9,2.5,0.768,3.0,10.3,13.3,2.1,0.6,0.3,1.6,2.3,19.5,6MOY-3,portibo01,17.8,0.575,0.32,0.156,9.2,28.6,19.3,8.7,0.8,0.7,8.6,21.7,2.5,2.8,5.3,0.139,1.2,-0.6,0.7,1.2,13.3,0.23,0.202,0.172,0.076,0.555,0.643,0.549,0.471,0.492,0.37,0.597,1.0,0.025,17,0.35,1,0
142,Aaron Nesmith,23,IND,SF,73,60,1816,5.0,11.7,0.427,2.3,6.2,0.366,2.7,5.5,0.496,0.525,2.4,2.8,0.838,1.2,4.3,5.5,1.9,1.1,0.7,1.5,4.7,14.6,,nesmiaa01,10.5,0.566,0.532,0.241,3.8,13.1,8.5,7.4,1.4,1.6,10.3,16.8,0.9,1.1,2.0,0.052,-2.3,-0.7,-3.0,-0.4,15.5,0.249,0.136,0.063,0.02,0.496,0.639,0.263,0.486,0.333,0.366,0.701,0.965,0.042,22,0.424,0,0
143,Patrick Beverley,34,2TM,SG,67,67,1816,2.9,7.1,0.4,1.6,4.7,0.335,1.3,2.4,0.529,0.511,0.9,1.3,0.723,0.9,4.0,4.9,3.8,1.2,0.8,1.2,3.7,8.2,,beverpa01,8.9,0.534,0.664,0.181,2.7,12.0,7.5,13.3,1.7,2.0,13.4,10.6,0.8,2.1,3.0,0.079,-2.9,1.7,-1.2,0.3,18.7,0.122,0.181,0.022,0.011,0.529,0.636,0.446,0.5,0.75,0.335,0.359,0.875,0.003,1,0.335,2,0
143,Patrick Beverley,34,LAL,SG,45,45,1211,2.9,7.2,0.402,1.6,4.7,0.348,1.2,2.5,0.506,0.517,1.2,1.5,0.78,0.7,3.4,4.2,3.5,1.2,0.7,1.2,3.7,8.6,,beverpa01,8.3,0.548,0.656,0.207,2.2,9.9,6.2,12.1,1.6,1.7,13.8,10.6,0.5,1.3,1.8,0.071,-3.2,1.4,-1.8,0.1,18.6,0.104,0.199,0.029,0.012,0.506,0.64,0.438,0.429,0.667,0.348,0.357,0.855,0.004,1,0.323,0,0
143,Patrick Beverley,34,CHI,PG,22,22,605,2.8,7.1,0.395,1.5,4.8,0.309,1.3,2.3,0.579,0.5,0.5,0.9,0.533,1.2,5.2,6.4,4.5,1.4,1.0,1.1,3.7,7.6,,beverpa01,10.1,0.506,0.681,0.126,3.8,16.0,10.0,15.7,1.9,2.6,12.5,10.5,0.3,0.9,1.2,0.096,-2.4,2.2,-0.2,0.3,18.9,0.16,0.143,0.008,0.008,0.579,0.632,0.471,1.0,1.0,0.309,0.364,0.92,0.0,0,0.358,2,0
144,Jevon Carter,27,MIL,PG,81,39,1810,4.8,11.2,0.423,2.8,6.7,0.421,1.9,4.5,0.425,0.549,0.6,0.8,0.816,0.7,3.3,4.0,3.9,1.3,0.6,1.6,3.1,12.9,,carteje01,10.9,0.56,0.596,0.067,2.1,9.3,5.8,14.5,1.7,1.3,11.8,15.3,1.2,2.3,3.5,0.092,-1.9,1.2,-0.6,0.6,19.9,0.092,0.067,0.09,0.154,0.425,0.538,0.237,0.431,0.437,0.421,0.34,0.789,0.004,1,0.231,0,0
145,Michael Porter Jr.,24,DEN,SF,62,62,1798,8.0,16.4,0.487,3.8,9.1,0.414,4.2,7.3,0.579,0.602,1.9,2.4,0.8,1.3,5.5,6.8,1.3,0.7,0.6,1.4,2.4,21.6,,portemi01,16.8,0.621,0.556,0.147,4.2,17.2,10.9,5.3,1.0,1.4,7.3,22.7,2.6,1.8,4.3,0.116,2.0,-1.8,0.2,1.0,17.7,0.165,0.103,0.061,0.109,0.579,0.807,0.429,0.44,0.449,0.414,0.752,0.904,0.051,39,0.185,2,0
146,Naji Marshall,25,NOP,SF,77,21,1792,5.0,11.5,0.433,1.3,4.4,0.303,3.6,7.1,0.513,0.49,2.8,3.5,0.789,1.0,4.6,5.6,3.8,1.1,0.3,1.9,2.3,14.0,,marshna01,11.4,0.539,0.382,0.306,3.0,14.6,8.8,14.4,1.5,0.7,13.0,17.8,0.5,2.0,2.5,0.068,-1.9,0.0,-1.9,0.1,13.2,0.228,0.291,0.082,0.012,0.513,0.662,0.386,0.532,0.429,0.303,0.53,0.985,0.026,14,0.381,6,0
147,Jaren Jackson Jr.,23,MEM,C,63,63,1787,8.4,16.6,0.506,2.0,5.7,0.355,6.4,10.9,0.585,0.567,4.9,6.2,0.788,2.2,6.4,8.6,1.2,1.3,3.8,2.2,4.6,23.6,DPOY-1ASDEF1,jacksja02,21.6,0.613,0.343,0.372,6.4,18.8,12.6,5.0,1.7,9.6,10.1,24.7,2.8,3.8,6.6,0.177,0.7,2.0,2.8,2.2,11.4,0.304,0.319,0.028,0.006,0.585,0.704,0.496,0.348,0.4,0.355,0.595,0.96,0.112,83,0.209,3,0
148,Shaedon Sharpe,19,POR,SG,80,15,1779,6.2,13.1,0.472,2.1,5.7,0.36,4.1,7.4,0.559,0.551,1.5,2.1,0.714,1.3,3.5,4.8,1.9,0.8,0.5,1.7,2.8,16.0,,sharpsh01,11.5,0.568,0.437,0.162,4.0,11.3,7.6,7.9,1.0,1.2,10.7,19.0,0.6,0.6,1.2,0.032,-1.3,-2.0,-3.3,-0.6,15.0,0.285,0.114,0.049,0.111,0.559,0.708,0.392,0.313,0.444,0.36,0.549,0.882,0.108,62,0.322,2,0
149,Markelle Fultz,24,ORL,PG,60,60,1778,7.1,13.7,0.514,0.5,1.8,0.31,6.5,12.0,0.544,0.534,2.3,2.9,0.783,1.4,3.3,4.7,6.9,1.8,0.5,2.8,2.7,16.9,,fultzma01,16.6,0.564,0.128,0.211,4.4,10.5,7.4,29.8,2.4,1.4,15.8,21.3,1.7,2.0,3.7,0.1,-0.1,0.7,0.5,1.2,9.8,0.299,0.28,0.178,0.115,0.544,0.685,0.5,0.438,0.449,0.31,0.323,0.963,0.054,30,0.368,2,0
150,Tari Eason,21,HOU,PF,82,5,1767,6.0,13.4,0.448,1.2,3.5,0.343,4.8,9.9,0.486,0.493,2.2,3.0,0.752,4.0,6.1,10.1,1.8,2.0,1.0,2.1,3.9,15.5,,easonta01,15.2,0.525,0.261,0.22,12.0,18.9,15.4,7.4,2.6,2.6,12.2,19.3,0.9,1.7,2.6,0.07,-1.3,-0.4,-1.7,0.1,9.2,0.433,0.262,0.029,0.015,0.486,0.619,0.318,0.211,0.1,0.343,0.473,0.983,0.126,64,0.285,2,0
151,Gabe Vincent,26,MIA,PG,68,34,1759,4.7,11.6,0.402,2.4,7.2,0.334,2.3,4.4,0.512,0.505,1.4,1.6,0.872,0.6,2.4,3.0,3.4,1.3,0.1,1.9,3.2,13.1,,vincega01,9.0,0.533,0.617,0.138,1.7,8.1,4.8,13.9,1.8,0.3,13.3,17.5,-0.3,1.7,1.4,0.038,-3.1,-0.3,-3.4,-0.6,18.7,0.093,0.138,0.088,0.062,0.512,0.547,0.462,0.44,0.657,0.334,0.423,0.718,0.002,1,0.323,0,0
152,Kawhi Leonard,31,LAC,SF,52,50,1748,9.2,17.9,0.512,2.1,5.1,0.416,7.0,12.8,0.551,0.572,5.0,5.7,0.871,1.2,5.8,7.0,4.2,1.5,0.6,1.8,1.7,25.5,,leonaka01,23.9,0.623,0.287,0.32,3.7,17.8,10.8,19.6,2.0,1.4,8.1,27.0,4.9,2.2,7.1,0.194,5.1,0.9,6.1,3.5,14.9,0.141,0.178,0.225,0.169,0.551,0.724,0.523,0.531,0.463,0.416,0.333,0.644,0.049,42,0.192,2,0
153,Malcolm Brogdon,30,BOS,PG,67,0,1744,7.3,15.1,0.484,2.7,6.1,0.444,4.6,9.0,0.51,0.574,3.3,3.8,0.87,0.9,4.9,5.8,5.1,0.9,0.4,2.0,2.3,20.6,6MOY-1,brogdma01,18.2,0.615,0.406,0.251,2.7,14.7,8.8,21.5,1.3,0.9,10.8,22.8,3.6,2.2,5.8,0.161,2.3,0.6,2.8,2.1,14.4,0.187,0.239,0.082,0.075,0.51,0.613,0.434,0.483,0.509,0.444,0.342,0.636,0.007,5,0.155,0,0
154,Christian Wood,27,DAL,C,67,17,1738,8.2,15.9,0.515,2.2,5.8,0.376,6.0,10.1,0.594,0.583,4.5,5.8,0.772,1.8,8.4,10.2,2.5,0.6,1.5,2.5,3.5,23.1,6MOY-9,woodch01,20.6,0.624,0.363,0.365,5.8,27.4,16.4,11.7,0.9,3.7,11.9,26.4,2.7,2.1,4.8,0.132,1.9,-0.3,1.7,1.6,12.8,0.304,0.208,0.062,0.062,0.594,0.697,0.569,0.417,0.354,0.376,0.615,0.971,0.124,86,0.168,2,0
155,Coby White,22,CHI,SG,74,2,1730,5.5,12.4,0.443,2.7,7.2,0.372,2.8,5.2,0.54,0.551,1.3,1.5,0.871,0.3,4.1,4.4,4.2,1.1,0.1,1.5,2.5,14.9,,whiteco01,12.5,0.572,0.579,0.118,1.1,12.6,6.9,16.3,1.5,0.3,10.6,17.9,1.2,1.9,3.1,0.087,-1.0,0.2,-0.8,0.5,17.8,0.2,0.096,0.072,0.052,0.54,0.672,0.386,0.465,0.419,0.372,0.348,0.961,0.008,4,0.148,1,0
156,Clint Capela,28,ATL,C,65,63,1730,7.3,11.2,0.653,0.0,0.0,0.0,7.3,11.1,0.654,0.653,1.6,2.7,0.603,5.4,9.6,14.9,1.2,0.9,1.6,1.1,2.9,16.2,,capelca01,22.1,0.656,0.002,0.244,16.1,29.4,22.7,4.7,1.2,3.9,8.3,15.7,4.9,2.4,7.2,0.201,2.3,-0.1,2.2,1.8,2.1,0.761,0.218,0.004,0.004,0.654,0.725,0.402,0.0,0.5,0.0,0.717,,0.287,144,0.0,1,0
157,Malik Monk,24,SAC,SG,77,0,1719,7.5,16.7,0.448,3.0,8.3,0.359,4.5,8.3,0.538,0.538,3.9,4.3,0.889,0.7,3.6,4.3,6.2,1.0,0.4,3.1,2.6,21.8,6MOY-5,monkma01,16.6,0.587,0.5,0.26,2.1,11.3,6.7,25.0,1.4,1.0,14.1,25.8,2.1,1.2,3.2,0.091,1.6,-1.4,0.3,1.0,15.7,0.216,0.183,0.064,0.034,0.538,0.698,0.418,0.333,0.519,0.359,0.523,0.825,0.049,33,0.168,2,0
158,Kyle Lowry,36,MIA,PG,55,44,1718,4.1,10.2,0.404,2.2,6.5,0.345,1.9,3.7,0.509,0.514,2.4,2.8,0.859,0.9,3.8,4.7,5.9,1.2,0.4,2.2,3.0,12.9,,lowryky01,12.6,0.565,0.639,0.278,2.8,12.9,7.7,23.4,1.7,1.2,15.9,16.7,1.5,1.9,3.4,0.096,-0.7,0.8,0.2,0.9,19.4,0.14,0.093,0.082,0.045,0.509,0.588,0.444,0.475,0.455,0.345,0.292,0.757,0.0,0,0.177,1,0
159,Nicolas Batum,34,LAC,PF,78,19,1709,3.4,8.0,0.42,2.6,6.7,0.391,0.8,1.3,0.563,0.583,0.7,1.0,0.708,1.3,5.0,6.3,2.5,1.1,0.9,1.1,3.1,10.1,,batumni01,11.0,0.594,0.832,0.126,4.1,15.4,9.8,9.4,1.5,2.3,11.1,11.5,1.7,1.9,3.6,0.101,-0.8,1.2,0.5,1.0,21.6,0.094,0.039,0.016,0.018,0.563,0.694,0.533,0.333,0.143,0.391,0.611,0.992,0.024,8,0.391,1,0
160,Walker Kessler,21,UTA,C,74,40,1703,6.3,8.8,0.72,0.0,0.1,0.333,6.3,8.7,0.723,0.721,1.7,3.4,0.516,4.9,8.2,13.1,1.5,0.5,3.7,1.2,3.6,14.4,ROY-3,kesslwa01,21.5,0.702,0.007,0.384,14.9,24.4,19.7,5.7,0.7,8.6,10.7,13.3,4.6,2.5,7.1,0.2,1.4,1.5,2.9,2.1,2.7,0.671,0.304,0.002,0.014,0.723,0.813,0.54,1.0,0.333,0.333,0.67,1.0,0.343,130,0.333,0,0
161,Monte Morris,27,WAS,PG,62,61,1695,5.2,10.9,0.48,1.7,4.3,0.382,3.6,6.6,0.543,0.555,1.4,1.6,0.831,0.6,3.9,4.5,6.9,0.9,0.3,1.3,1.6,13.5,,morrimo01,15.0,0.579,0.396,0.15,1.8,11.6,6.9,26.4,1.2,0.6,9.9,15.6,3.1,1.1,4.2,0.12,0.8,-0.4,0.5,1.1,16.0,0.118,0.21,0.144,0.132,0.543,0.754,0.509,0.5,0.456,0.382,0.29,0.769,0.0,0,0.245,1,0
162,Wendell Carter Jr.,23,ORL,C,57,54,1690,6.9,13.1,0.525,1.7,4.8,0.356,5.2,8.3,0.624,0.591,3.1,4.2,0.738,2.6,8.0,10.6,2.8,0.6,0.7,2.3,3.4,18.5,,cartewe01,17.3,0.621,0.367,0.318,8.0,25.3,16.6,12.0,0.9,1.9,13.2,20.5,2.6,2.0,4.6,0.13,0.9,0.1,1.0,1.3,13.3,0.282,0.179,0.101,0.07,0.624,0.85,0.473,0.452,0.349,0.356,0.649,0.988,0.145,84,0.218,0,0
163,Santi Aldama,22,MEM,PF,77,20,1682,5.3,11.2,0.47,2.0,5.7,0.353,3.3,5.5,0.591,0.56,2.3,3.1,0.75,1.8,6.1,7.9,2.1,1.0,1.0,1.3,3.1,14.9,,aldamsa01,13.9,0.591,0.507,0.274,5.4,18.0,11.7,7.6,1.3,2.6,9.3,16.0,2.1,2.4,4.6,0.13,-0.3,0.8,0.5,1.1,14.6,0.28,0.166,0.03,0.017,0.591,0.707,0.471,0.25,0.444,0.353,0.68,0.968,0.118,54,0.391,1,0
164,Bradley Beal,29,WAS,SG,50,50,1673,9.6,18.9,0.506,1.7,4.7,0.365,7.8,14.2,0.552,0.551,4.1,4.9,0.842,0.9,3.3,4.2,5.8,1.0,0.7,3.1,2.3,25.0,,bealbr01,19.7,0.593,0.249,0.26,2.8,9.9,6.5,26.6,1.3,1.7,12.9,29.2,2.2,1.2,3.4,0.099,2.9,-1.2,1.8,1.6,12.9,0.197,0.256,0.164,0.133,0.552,0.786,0.462,0.472,0.479,0.365,0.401,0.713,0.016,14,0.201,0,0
165,Kevin Durant,34,2TM,PF,47,47,1672,10.4,18.6,0.56,2.0,5.0,0.404,8.4,13.6,0.617,0.614,6.6,7.2,0.919,0.4,6.4,6.7,5.1,0.7,1.4,3.4,2.1,29.4,AS,duranke01,25.9,0.677,0.267,0.387,1.2,19.5,10.5,24.5,1.0,3.4,13.4,30.7,4.7,2.1,6.8,0.194,6.0,1.2,7.1,3.9,15.8,0.11,0.162,0.292,0.168,0.617,0.821,0.607,0.591,0.538,0.404,0.464,0.656,0.044,37,0.078,0,0
165,Kevin Durant,34,BRK,PF,39,39,1403,10.5,18.8,0.559,1.8,4.8,0.376,8.7,14.0,0.622,0.607,6.9,7.3,0.934,0.4,6.4,6.7,5.3,0.8,1.5,3.5,2.4,29.7,,duranke01,26.2,0.673,0.257,0.39,1.1,19.4,10.5,25.9,1.1,3.5,13.7,31.5,3.9,1.7,5.7,0.194,5.8,1.2,7.0,3.2,14.9,0.123,0.163,0.292,0.165,0.622,0.811,0.608,0.603,0.529,0.376,0.457,0.592,0.049,35,0.063,0,0
165,Kevin Durant,34,PHO,PF,8,8,269,9.8,17.1,0.57,2.9,5.5,0.537,6.8,11.6,0.586,0.656,5.4,6.4,0.833,0.4,6.4,6.8,3.7,0.3,1.3,2.7,0.9,27.8,,duranke01,24.3,0.697,0.32,0.375,1.2,20.2,10.5,17.3,0.4,3.3,11.8,26.8,0.8,0.3,1.1,0.196,7.1,0.9,8.0,0.7,16.6,0.039,0.156,0.297,0.188,0.586,1.0,0.6,0.526,0.583,0.537,0.51,0.864,0.016,2,0.146,0,0
166,Jalen Duren,19,DET,C,67,31,1670,5.6,8.6,0.648,0.0,0.0,0.0,5.6,8.5,0.652,0.648,2.1,3.4,0.611,4.9,7.9,12.8,1.6,0.9,1.3,2.0,3.9,13.2,,durenja01,17.3,0.655,0.005,0.394,14.7,25.1,19.7,6.8,1.3,3.1,16.5,14.3,2.9,1.6,4.5,0.129,-0.4,-0.4,-0.8,0.5,3.3,0.606,0.339,0.048,0.003,0.652,0.747,0.511,0.474,0.0,0.0,0.667,,0.412,153,0.5,0,0
167,Reggie Jackson,32,2TM,PG,68,40,1657,5.7,13.9,0.411,2.1,6.3,0.333,3.6,7.6,0.474,0.486,1.5,1.7,0.91,0.5,2.6,3.1,5.1,1.0,0.1,2.5,2.5,15.1,,jacksre01,10.0,0.514,0.45,0.122,1.7,8.0,4.9,20.0,1.4,0.3,14.6,20.8,-0.6,1.2,0.6,0.018,-2.9,-1.1,-3.9,-0.8,16.4,0.13,0.209,0.1,0.1,0.474,0.639,0.44,0.422,0.406,0.333,0.257,0.823,0.008,5,0.253,1,1
167,Reggie Jackson,32,LAC,PG,52,38,1338,5.8,13.8,0.418,2.1,5.9,0.35,3.7,7.9,0.469,0.493,1.6,1.8,0.924,0.6,2.5,3.1,4.9,1.0,0.1,2.6,2.5,15.2,,jacksre01,10.3,0.523,0.43,0.129,1.9,7.8,4.9,19.8,1.4,0.3,15.1,20.8,-0.4,1.0,0.6,0.02,-2.6,-1.0,-3.7,-0.6,15.9,0.145,0.221,0.104,0.102,0.469,0.622,0.416,0.453,0.385,0.35,0.255,0.857,0.008,4,0.227,0,0
167,Reggie Jackson,32,DEN,PG,16,2,319,5.5,14.4,0.383,2.1,7.7,0.279,3.4,6.8,0.5,0.457,1.1,1.4,0.833,0.3,2.8,3.2,5.6,1.0,0.1,2.1,2.5,14.3,,jacksre01,9.0,0.476,0.531,0.094,1.1,8.8,5.0,20.9,1.4,0.3,12.5,20.8,-0.2,0.2,0.1,0.008,-3.8,-1.3,-5.1,-0.3,16.8,0.07,0.164,0.086,0.094,0.5,0.778,0.571,0.273,0.5,0.279,0.267,0.684,0.008,1,0.338,1,1
168,Isaac Okoro,22,CLE,SF,76,46,1652,3.8,7.7,0.494,1.4,3.7,0.363,2.5,4.0,0.617,0.582,1.7,2.2,0.757,1.1,2.9,4.1,1.9,1.2,0.7,0.9,3.4,10.7,,okorois01,10.7,0.614,0.483,0.291,3.7,9.6,6.7,7.0,1.7,1.7,9.5,11.9,1.9,2.3,4.2,0.122,-1.9,1.6,-0.3,0.7,12.5,0.37,0.13,0.006,0.003,0.617,0.687,0.413,1.0,0.0,0.363,0.735,0.935,0.096,30,0.83,0,0
169,Isaiah Hartenstein,24,NYK,C,82,8,1626,3.9,7.2,0.535,0.2,0.8,0.216,3.7,6.4,0.576,0.547,1.1,1.6,0.676,4.6,7.2,11.9,2.3,1.2,1.4,1.5,4.7,9.0,,harteis01,14.2,0.567,0.113,0.217,14.1,22.2,18.1,8.3,1.6,3.7,15.6,11.2,2.2,2.4,4.6,0.136,-1.5,1.2,-0.3,0.7,6.0,0.56,0.202,0.122,0.003,0.576,0.623,0.576,0.375,0.0,0.216,0.611,1.0,0.144,42,0.649,0,0
170,Daniel Gafford,24,WAS,C,78,47,1604,6.5,8.9,0.732,0.0,0.0,,6.5,8.9,0.732,0.732,2.9,4.2,0.679,3.7,6.1,9.7,1.9,0.7,2.2,1.9,4.2,15.8,,gaffoda01,19.7,0.739,0.0,0.473,11.7,18.0,15.0,7.5,1.0,5.2,15.1,15.2,4.2,1.9,6.1,0.184,0.4,0.6,1.0,1.2,3.2,0.592,0.367,0.025,0.015,0.732,0.846,0.566,0.8,0.167,,0.668,,0.362,135,,0,0
171,Mitchell Robinson,24,NYK,C,59,58,1591,4.3,6.3,0.671,0.0,0.0,,4.3,6.3,0.671,0.671,1.3,2.8,0.484,6.0,6.5,12.6,1.2,1.3,2.5,0.9,3.6,9.8,,robinmi01,18.9,0.652,0.0,0.436,18.4,20.0,19.2,4.5,1.7,6.5,10.9,10.1,4.0,2.6,6.5,0.197,1.0,1.4,2.4,1.7,1.2,0.918,0.075,0.004,0.004,0.671,0.7,0.333,1.0,0.0,,0.574,,0.521,130,,0,0
172,Drew Eubanks,25,POR,C,78,28,1584,4.9,7.6,0.641,0.2,0.4,0.389,4.7,7.2,0.655,0.651,1.9,2.8,0.664,3.0,6.5,9.5,2.3,0.9,2.3,1.5,3.8,11.8,,eubandr01,16.2,0.666,0.054,0.374,9.5,20.9,15.2,9.2,1.2,5.7,14.7,12.5,2.9,1.6,4.4,0.134,-0.9,0.9,0.1,0.8,5.8,0.491,0.314,0.108,0.024,0.655,0.756,0.562,0.5,0.375,0.389,0.773,1.0,0.263,74,0.167,0,0
173,Gordon Hayward,32,CHO,SF,50,50,1577,6.3,13.3,0.475,1.2,3.7,0.325,5.1,9.6,0.532,0.52,2.9,3.6,0.811,0.8,4.2,4.9,4.7,1.0,0.3,2.3,1.6,16.7,,haywago01,13.5,0.563,0.275,0.274,2.2,12.6,7.3,19.3,1.3,0.7,13.2,20.0,0.8,1.1,2.0,0.059,-1.1,-0.3,-1.4,0.2,14.4,0.16,0.201,0.191,0.172,0.532,0.763,0.487,0.486,0.42,0.325,0.554,0.904,0.028,16,0.231,0,0
174,Alex Caruso,28,CHI,PG,67,36,1575,3.0,6.5,0.455,1.3,3.5,0.364,1.7,3.1,0.556,0.551,1.3,1.7,0.808,1.0,3.5,4.5,4.4,2.2,1.1,1.8,3.6,8.5,DPOY-11DEF1,carusal01,11.5,0.588,0.528,0.255,3.1,10.9,7.1,15.4,3.0,2.8,19.5,11.1,1.0,2.6,3.6,0.109,-2.2,3.3,1.1,1.2,15.0,0.29,0.112,0.052,0.017,0.556,0.699,0.281,0.4,0.4,0.364,0.533,0.945,0.028,6,0.49,0,0
175,Shake Milton,26,PHI,SG,76,11,1567,5.5,11.6,0.479,1.3,3.4,0.378,4.3,8.2,0.521,0.535,2.3,2.7,0.853,0.9,3.5,4.4,5.5,0.6,0.3,2.2,2.8,14.6,,miltosh01,12.7,0.575,0.294,0.231,3.0,11.3,7.2,22.3,0.8,0.8,14.5,18.5,1.6,1.2,2.9,0.087,-1.0,-0.9,-2.0,0.0,11.6,0.296,0.243,0.119,0.04,0.521,0.685,0.393,0.4,0.5,0.378,0.416,0.839,0.008,4,0.25,3,0
176,Norman Powell,29,LAC,SG,60,8,1567,7.8,16.3,0.479,2.6,6.6,0.397,5.2,9.7,0.534,0.559,5.2,6.4,0.812,0.6,3.5,4.0,2.5,1.1,0.4,2.3,2.9,23.4,6MOY-4,powelno01,17.1,0.612,0.404,0.39,1.7,10.7,6.3,11.0,1.6,1.0,10.8,26.0,2.1,1.4,3.5,0.107,0.9,-0.7,0.3,0.9,14.1,0.241,0.207,0.087,0.061,0.534,0.684,0.456,0.419,0.372,0.397,0.527,0.877,0.025,16,0.317,1,0
177,Cole Anthony,22,ORL,PG,60,4,1552,6.4,14.1,0.454,1.7,4.8,0.364,4.7,9.4,0.5,0.516,3.5,3.9,0.894,1.1,5.6,6.7,5.5,0.9,0.7,2.1,3.7,18.1,,anthoco01,16.0,0.57,0.338,0.279,3.4,17.6,10.5,22.9,1.2,1.9,11.7,21.5,2.1,1.7,3.7,0.116,0.7,0.5,1.3,1.3,14.7,0.143,0.249,0.151,0.12,0.5,0.632,0.447,0.522,0.425,0.364,0.248,0.733,0.023,11,0.083,0,0
178,Malaki Branham,19,SAS,SG,66,32,1550,6.2,14.2,0.44,1.8,5.9,0.302,4.5,8.3,0.539,0.503,1.3,1.6,0.829,0.7,3.6,4.2,2.9,0.8,0.2,1.8,2.7,15.6,,branhma01,9.5,0.524,0.417,0.115,1.9,11.2,6.4,11.4,1.0,0.4,10.6,19.1,-0.4,0.2,-0.1,-0.004,-3.0,-2.1,-5.2,-1.3,15.5,0.149,0.203,0.146,0.085,0.539,0.637,0.524,0.517,0.442,0.302,0.495,0.922,0.02,9,0.208,0,0
179,Cedi Osman,27,CLE,SF,77,2,1548,5.6,12.3,0.451,2.7,7.3,0.372,2.9,5.1,0.564,0.56,1.7,2.5,0.694,0.6,3.5,4.1,2.7,0.8,0.3,1.2,2.8,15.6,,osmande01,12.0,0.579,0.589,0.204,1.9,11.5,6.7,10.6,1.1,0.7,8.3,18.2,1.4,1.9,3.3,0.103,-0.8,0.2,-0.7,0.5,16.7,0.268,0.1,0.025,0.015,0.564,0.732,0.226,0.538,0.0,0.372,0.764,0.862,0.013,7,0.253,2,0
180,Kelly Oubre Jr.,27,CHO,SF,48,40,1548,8.2,19.0,0.431,2.5,7.9,0.319,5.7,11.2,0.51,0.497,3.7,4.8,0.76,1.5,4.3,5.8,1.3,1.6,0.4,1.5,3.3,22.6,,oubreke01,14.8,0.534,0.414,0.254,4.4,12.9,8.6,5.6,2.1,1.0,6.6,26.5,0.1,1.5,1.7,0.051,-0.4,-0.7,-1.1,0.3,13.8,0.252,0.206,0.093,0.035,0.51,0.66,0.361,0.447,0.483,0.319,0.539,0.917,0.067,47,0.295,0,0
181,Josh Green,22,DAL,SG,60,21,1539,4.8,8.9,0.537,1.6,4.0,0.402,3.2,5.0,0.643,0.626,1.6,2.2,0.723,1.3,3.0,4.3,2.4,1.0,0.1,1.7,3.6,12.8,,greenjo02,11.2,0.645,0.442,0.246,4.1,9.7,6.9,9.7,1.4,0.3,14.5,14.6,1.7,0.9,2.6,0.082,-1.9,-0.6,-2.4,-0.2,13.1,0.285,0.199,0.06,0.013,0.643,0.78,0.513,0.435,0.6,0.402,0.664,1.0,0.068,25,0.698,2,0
182,Brandon Ingram,25,NOP,SF,45,45,1538,9.5,19.5,0.484,1.5,3.8,0.39,8.0,15.7,0.507,0.522,5.6,6.4,0.882,0.5,5.2,5.8,6.1,0.7,0.4,3.5,2.7,26.0,,ingrabr01,19.2,0.582,0.196,0.326,1.7,16.4,9.1,28.1,1.0,1.2,13.4,30.8,1.8,1.7,3.5,0.108,2.2,-0.4,1.7,1.5,13.5,0.135,0.189,0.273,0.192,0.507,0.735,0.456,0.518,0.375,0.39,0.371,0.781,0.03,22,0.067,0,0
183,Josh Richardson,29,2TM,SG,65,10,1530,5.6,13.0,0.431,2.5,6.9,0.365,3.1,6.1,0.506,0.528,1.6,1.9,0.852,1.0,3.2,4.1,4.1,1.6,0.5,2.0,2.8,15.4,,richajo01,12.3,0.555,0.529,0.146,2.9,9.9,6.3,15.8,2.2,1.2,12.7,18.4,0.6,1.1,1.8,0.055,-1.0,-0.1,-1.2,0.3,18.8,0.09,0.108,0.164,0.108,0.506,0.66,0.467,0.429,0.533,0.365,0.432,0.916,0.011,5,0.16,1,0
183,Josh Richardson,29,SAS,SG,42,6,997,6.4,14.7,0.436,2.7,7.5,0.357,3.7,7.2,0.518,0.527,1.9,2.2,0.883,1.1,3.2,4.3,4.9,1.4,0.4,2.3,2.5,17.4,,richajo01,13.6,0.556,0.51,0.148,3.2,10.1,6.5,19.3,1.9,0.9,12.7,20.5,0.6,0.4,1.0,0.047,-0.1,-1.0,-1.1,0.2,18.7,0.089,0.101,0.187,0.113,0.518,0.639,0.585,0.395,0.565,0.357,0.417,0.878,0.012,5,0.13,1,0
183,Josh Richardson,29,NOP,SG,23,4,533,4.2,10.0,0.419,2.2,5.8,0.384,2.0,4.2,0.468,0.53,1.1,1.4,0.762,0.7,3.0,3.8,2.5,2.0,0.6,1.6,3.2,11.7,,richajo01,9.9,0.55,0.581,0.142,2.3,9.6,6.0,9.2,2.6,1.6,12.8,14.5,0.1,0.7,0.8,0.071,-2.9,1.5,-1.3,0.1,19.0,0.095,0.128,0.101,0.095,0.468,0.714,0.211,0.6,0.429,0.384,0.483,1.0,0.007,0,0.233,0,0
184,Joe Harris,31,BRK,SF,74,33,1527,4.7,10.4,0.457,3.3,7.9,0.426,1.4,2.5,0.551,0.618,0.4,0.7,0.643,0.5,3.3,3.9,2.4,0.8,0.3,1.0,3.3,13.2,,harrijo01,10.6,0.621,0.757,0.064,1.7,10.1,6.0,9.1,1.1,0.7,8.3,14.3,1.5,1.1,2.6,0.083,-0.6,-0.6,-1.1,0.3,20.5,0.127,0.064,0.011,0.041,0.551,0.714,0.357,0.0,0.5,0.426,0.797,1.0,0.0,0,0.273,0,0
185,T.J. McConnell,30,IND,PG,75,6,1526,6.7,12.3,0.543,0.6,1.4,0.441,6.1,10.9,0.556,0.568,1.4,1.6,0.853,1.1,4.5,5.5,9.4,1.9,0.2,3.4,2.5,15.3,,mccontj01,16.8,0.59,0.113,0.131,3.3,13.7,8.5,37.9,2.5,0.6,20.6,19.1,1.9,1.2,3.1,0.098,0.4,0.1,0.5,1.0,8.5,0.311,0.361,0.167,0.035,0.556,0.642,0.516,0.483,0.5,0.441,0.233,0.692,0.0,0,0.288,0,0
186,Chris Boucher,30,TOR,PF,76,0,1523,6.2,12.5,0.493,1.5,4.5,0.328,4.7,8.0,0.585,0.552,3.0,4.0,0.762,3.7,6.2,10.0,0.7,1.1,1.5,1.0,3.4,16.8,,bouchch01,18.0,0.59,0.357,0.318,10.9,21.2,15.7,2.7,1.5,4.1,6.4,18.0,3.0,2.0,5.0,0.156,0.7,-0.8,-0.1,0.7,11.1,0.412,0.164,0.036,0.023,0.585,0.651,0.46,0.421,0.583,0.328,0.568,0.984,0.146,67,0.487,3,0
187,Georges Niang,29,PHI,PF,78,1,1512,5.3,12.0,0.442,3.7,9.1,0.401,1.6,2.8,0.576,0.596,0.9,1.1,0.867,0.5,4.0,4.4,1.8,0.7,0.3,1.3,3.5,15.2,,niangge01,10.9,0.61,0.765,0.09,1.5,12.8,7.2,7.3,1.0,0.9,9.4,17.0,1.1,1.4,2.5,0.078,-0.4,-1.0,-1.4,0.2,20.7,0.094,0.112,0.024,0.004,0.576,0.681,0.536,0.333,0.5,0.401,0.735,0.994,0.0,0,0.19,0,0
188,Bogdan Bogdanović,30,ATL,SG,54,9,1508,6.5,14.6,0.447,3.5,8.6,0.406,3.0,6.0,0.506,0.566,1.5,1.8,0.831,0.5,3.4,3.9,3.6,1.0,0.4,1.6,2.1,18.0,,bogdabo01,14.2,0.586,0.589,0.126,1.6,10.4,6.0,13.4,1.4,1.0,9.2,19.8,1.8,1.0,2.8,0.088,1.1,-0.7,0.5,0.9,18.8,0.087,0.098,0.131,0.09,0.506,0.642,0.567,0.475,0.345,0.406,0.449,0.801,0.003,2,0.206,0,0
189,Damion Lee,30,PHO,SG,74,5,1506,4.8,10.8,0.442,2.6,5.9,0.445,2.2,4.9,0.439,0.564,2.2,2.5,0.904,0.9,4.4,5.4,2.4,0.7,0.2,1.9,2.8,14.4,,leeda03,10.7,0.607,0.546,0.23,2.8,14.0,8.3,8.9,1.0,0.4,13.5,16.3,1.1,1.4,2.6,0.081,-1.3,-0.4,-1.7,0.1,17.5,0.122,0.144,0.126,0.062,0.439,0.6,0.385,0.456,0.214,0.445,0.7,0.991,0.004,2,0.393,1,0
190,Bol Bol,23,ORL,PF,70,33,1505,6.2,11.4,0.546,0.7,2.7,0.265,5.5,8.7,0.633,0.577,2.0,2.6,0.759,1.7,8.0,9.7,1.7,0.7,2.0,2.7,2.2,15.2,,bolbo01,14.4,0.603,0.236,0.226,5.2,25.3,15.2,6.9,1.0,5.5,17.6,18.2,0.0,2.2,2.3,0.072,-1.8,0.9,-0.9,0.4,10.7,0.324,0.264,0.107,0.069,0.633,0.871,0.492,0.471,0.303,0.265,0.537,0.767,0.157,73,0.239,0,0
191,John Konchar,26,MEM,SF,72,23,1494,3.3,7.7,0.431,1.4,4.3,0.339,1.9,3.4,0.545,0.525,0.7,0.9,0.778,1.5,5.9,7.5,2.4,1.9,0.6,0.9,2.7,8.8,,konchjo01,10.8,0.542,0.553,0.113,4.5,17.4,11.0,8.2,2.4,1.5,9.9,10.4,1.0,2.5,3.5,0.111,-1.9,2.4,0.5,0.9,15.3,0.294,0.109,0.028,0.016,0.545,0.702,0.229,0.333,0.2,0.339,0.769,0.95,0.028,7,0.525,1,0
192,Rui Hachimura,24,2TM,PF,63,9,1466,7.0,14.3,0.486,1.3,3.9,0.319,5.7,10.4,0.55,0.53,2.2,2.9,0.739,1.3,5.6,6.9,1.4,0.5,0.6,1.3,1.8,17.4,,hachiru01,13.2,0.556,0.274,0.204,4.1,16.5,10.5,5.8,0.6,1.5,7.7,20.2,0.6,1.3,1.8,0.06,-1.3,-1.0,-2.2,-0.1,12.9,0.247,0.176,0.171,0.132,0.55,0.736,0.369,0.49,0.519,0.319,0.618,1.0,0.074,38,0.319,0,0
192,Rui Hachimura,24,WAS,PF,30,0,728,7.8,16.0,0.488,1.5,4.4,0.337,6.3,11.6,0.545,0.534,2.2,2.9,0.759,0.9,5.4,6.3,1.7,0.5,0.6,1.8,1.9,19.3,,hachiru01,13.6,0.558,0.275,0.179,3.0,16.0,9.8,7.3,0.7,1.4,9.3,23.0,0.0,0.5,0.6,0.038,-1.2,-1.4,-2.6,-0.1,13.4,0.204,0.191,0.182,0.148,0.545,0.803,0.339,0.525,0.479,0.337,0.555,1.0,0.062,19,0.337,0,0
192,Rui Hachimura,24,LAL,PF,33,9,738,6.1,12.7,0.485,1.0,3.5,0.296,5.1,9.2,0.556,0.525,2.1,3.0,0.721,1.7,5.9,7.6,1.1,0.4,0.7,0.8,1.6,15.5,,hachiru01,12.7,0.553,0.273,0.235,5.1,17.0,11.2,4.4,0.5,1.6,5.6,17.4,0.5,0.7,1.2,0.081,-1.4,-0.5,-1.9,0.0,12.3,0.3,0.158,0.158,0.112,0.556,0.679,0.415,0.439,0.586,0.296,0.695,1.0,0.088,19,0.296,0,0
193,Dwight Powell,31,DAL,C,76,64,1458,4.9,6.6,0.732,0.0,0.1,0.0,4.9,6.5,0.746,0.732,2.8,4.1,0.667,3.7,4.1,7.8,1.7,1.2,0.6,1.6,5.2,12.5,,poweldw01,15.5,0.738,0.019,0.625,11.8,13.3,12.5,6.9,1.6,1.6,15.9,12.6,3.8,1.3,5.1,0.168,-1.2,0.0,-1.2,0.3,2.5,0.799,0.167,0.004,0.011,0.746,0.791,0.578,0.0,0.333,0.0,0.787,,0.316,76,0.4,0,0
194,Jeremy Sochan,19,SAS,PF,56,53,1458,6.2,13.6,0.453,0.8,3.3,0.246,5.4,10.3,0.519,0.483,2.0,2.9,0.698,2.3,4.9,7.3,3.5,1.1,0.6,2.4,3.4,15.2,,sochaje01,11.4,0.509,0.243,0.21,6.9,15.6,11.0,13.6,1.4,1.3,13.9,19.8,-0.5,0.7,0.2,0.005,-2.8,-1.2,-4.0,-0.7,10.4,0.341,0.279,0.085,0.053,0.519,0.665,0.39,0.447,0.379,0.246,0.59,1.0,0.127,60,0.254,5,0
195,Keita Bates-Diop,27,SAS,PF,67,42,1452,5.9,11.5,0.508,1.4,3.5,0.394,4.5,8.0,0.557,0.568,3.0,3.7,0.793,1.6,4.5,6.1,2.6,1.1,0.5,1.4,1.6,16.0,,bateske01,14.9,0.609,0.305,0.323,4.7,14.3,9.3,9.8,1.5,1.1,9.5,16.7,2.1,0.6,2.7,0.089,0.3,-0.9,-0.6,0.5,10.4,0.34,0.303,0.047,0.004,0.557,0.696,0.44,0.364,0.0,0.394,0.65,0.982,0.039,15,0.43,0,0
196,Davion Mitchell,24,SAC,PG,80,9,1447,4.5,9.9,0.454,1.6,4.9,0.32,2.9,5.0,0.584,0.533,0.6,0.8,0.806,0.4,2.2,2.6,4.6,1.1,0.4,1.5,2.8,11.2,,mitchda01,9.4,0.545,0.494,0.078,1.3,7.0,4.1,16.5,1.5,0.9,13.1,14.1,0.7,0.8,1.5,0.05,-2.4,-0.4,-2.8,-0.3,16.1,0.208,0.128,0.055,0.105,0.584,0.699,0.569,0.318,0.5,0.32,0.449,0.825,0.005,1,0.193,2,0
197,Pat Connaughton,30,MIL,SF,61,33,1443,4.1,10.5,0.392,2.7,8.0,0.339,1.4,2.5,0.566,0.521,0.7,1.0,0.659,1.2,5.8,7.1,1.9,0.9,0.3,0.8,1.7,11.6,,connapa01,10.0,0.531,0.765,0.097,3.8,16.2,10.2,6.9,1.2,0.6,7.0,13.8,0.7,1.8,2.5,0.085,-1.3,0.3,-1.0,0.3,20.3,0.152,0.071,0.005,0.007,0.566,0.672,0.333,0.5,0.667,0.339,0.75,0.982,0.019,8,0.339,0,0
198,Zach Collins,25,SAS,C,63,26,1441,7.1,13.7,0.518,1.4,3.7,0.374,5.7,10.0,0.571,0.568,2.7,3.5,0.761,2.9,7.1,10.0,4.5,0.9,1.2,3.2,5.0,18.3,,colliza01,16.4,0.599,0.268,0.259,8.5,22.5,15.2,18.0,1.2,2.8,17.4,21.2,1.2,1.0,2.2,0.074,-0.5,0.3,-0.2,0.6,11.1,0.301,0.297,0.082,0.051,0.571,0.679,0.54,0.378,0.429,0.374,0.581,1.0,0.044,21,0.061,1,0
199,Isaiah Stewart,21,DET,C,50,47,1414,5.0,11.2,0.442,1.7,5.2,0.327,3.3,6.0,0.542,0.518,2.8,3.8,0.738,2.9,7.3,10.3,1.8,0.5,0.9,1.7,3.4,14.4,,stewais01,13.1,0.56,0.465,0.338,8.7,23.3,15.8,7.3,0.7,2.1,11.8,17.3,1.1,0.9,2.0,0.068,-1.0,-1.1,-2.1,0.0,13.5,0.302,0.209,0.009,0.016,0.542,0.571,0.478,0.5,0.857,0.327,0.688,1.0,0.075,29,0.327,0,0
200,AJ Griffin,19,ATL,SF,72,12,1401,6.4,13.7,0.465,2.6,6.7,0.39,3.8,7.0,0.536,0.56,1.1,1.2,0.894,1.0,3.0,3.9,1.9,1.1,0.3,1.1,2.2,16.4,,griffaj01,12.6,0.577,0.486,0.088,2.9,9.2,6.0,7.0,1.4,0.7,7.1,17.9,1.3,0.9,2.2,0.075,-0.3,-0.5,-0.8,0.4,16.8,0.101,0.165,0.173,0.075,0.536,0.63,0.568,0.522,0.375,0.39,0.558,0.891,0.017,9,0.293,0,0
201,Isaiah Joe,23,OKC,SG,73,10,1395,5.8,13.1,0.441,4.2,10.2,0.409,1.6,2.9,0.553,0.599,2.1,2.6,0.82,0.7,3.8,4.5,2.3,1.2,0.2,1.0,2.7,17.8,,joeis01,14.5,0.626,0.776,0.197,2.0,11.6,6.7,8.7,1.6,0.5,6.6,17.7,2.5,1.3,3.8,0.131,1.3,-0.4,0.9,1.0,22.6,0.067,0.037,0.045,0.075,0.553,0.706,0.421,0.565,0.474,0.409,0.714,0.95,0.016,8,0.132,1,0
202,Jonathan Kuminga,20,GSW,PF,67,16,1394,6.7,12.8,0.525,1.4,3.8,0.37,5.3,9.1,0.59,0.579,2.3,3.6,0.652,1.8,4.2,6.0,3.2,1.1,0.8,2.5,4.1,17.2,,kuminjo01,13.3,0.597,0.294,0.278,5.6,12.5,9.1,12.7,1.4,2.0,14.6,19.6,1.0,1.4,2.4,0.084,-1.7,-0.1,-1.7,0.1,10.7,0.332,0.28,0.058,0.036,0.59,0.673,0.54,0.483,0.389,0.37,0.643,0.944,0.189,90,0.425,0,0
203,Jusuf Nurkić,28,POR,C,52,52,1391,6.8,13.1,0.519,1.1,3.1,0.361,5.7,10.0,0.567,0.561,3.3,5.0,0.661,3.0,9.2,12.2,3.9,1.1,1.1,3.1,4.8,18.0,,nurkiju01,17.3,0.589,0.236,0.38,9.3,29.7,19.5,16.4,1.5,2.8,16.8,22.1,1.2,1.5,2.7,0.092,-0.6,0.7,0.1,0.7,8.6,0.451,0.279,0.018,0.016,0.567,0.645,0.447,0.556,0.5,0.361,0.594,1.0,0.044,21,0.126,0,0
204,Dennis Smith Jr.,25,CHO,PG,54,15,1390,4.8,11.7,0.412,0.6,2.9,0.216,4.2,8.8,0.475,0.438,2.0,2.7,0.736,0.7,3.6,4.3,6.8,1.9,0.6,2.1,3.2,12.3,,smithde03,11.6,0.475,0.246,0.235,2.0,11.0,6.4,26.1,2.6,1.6,14.1,17.6,-0.4,1.5,1.1,0.039,-3.5,1.2,-2.2,-0.1,11.4,0.33,0.232,0.093,0.1,0.475,0.664,0.343,0.357,0.267,0.216,0.42,0.958,0.053,22,0.225,1,0
205,Larry Nance Jr.,30,NOP,C,65,1,1381,4.8,8.0,0.61,0.4,1.1,0.333,4.5,6.9,0.654,0.633,1.4,2.1,0.696,2.8,6.5,9.2,3.1,1.5,1.0,1.1,3.5,11.5,,nancela02,16.0,0.649,0.138,0.259,8.7,20.3,14.5,11.7,2.0,2.6,11.0,11.9,2.8,2.1,4.9,0.171,0.0,2.0,2.0,1.4,6.9,0.482,0.292,0.059,0.03,0.654,0.769,0.551,0.389,0.333,0.333,0.762,1.0,0.223,66,0.571,0,0
206,Josh Okogie,24,PHO,SG,72,26,1350,4.3,11.0,0.391,1.8,5.3,0.335,2.6,5.8,0.442,0.471,3.7,5.1,0.724,2.9,3.8,6.7,2.8,1.5,0.9,1.7,3.0,14.1,,okogijo01,13.3,0.531,0.476,0.464,8.8,11.9,10.3,10.3,2.0,2.3,11.2,17.7,1.1,1.7,2.8,0.101,-0.8,0.5,-0.2,0.6,14.4,0.28,0.155,0.051,0.039,0.442,0.56,0.297,0.286,0.375,0.335,0.448,0.939,0.087,25,0.462,0,0
207,Devonte' Graham,27,2TM,PG,73,8,1338,4.3,11.6,0.374,3.2,9.1,0.352,1.1,2.5,0.452,0.512,2.6,3.5,0.748,0.5,2.8,3.3,5.3,1.2,0.4,1.4,2.1,14.5,,grahade01,12.5,0.552,0.784,0.304,1.6,8.7,5.1,19.4,1.6,1.1,9.8,17.1,1.5,1.0,2.5,0.091,0.1,-0.2,-0.1,0.6,22.5,0.058,0.072,0.035,0.051,0.452,0.6,0.355,0.533,0.364,0.352,0.31,0.798,0.0,0,0.104,3,0
207,Devonte' Graham,27,NOP,PG,53,0,811,3.8,10.3,0.368,2.9,8.4,0.347,0.8,1.8,0.463,0.511,2.0,2.6,0.746,0.5,2.7,3.2,5.1,1.3,0.4,1.2,2.1,12.4,,grahade01,11.8,0.545,0.823,0.255,1.7,8.4,5.0,18.7,1.8,1.2,9.5,15.0,0.9,0.9,1.8,0.105,-0.4,0.6,0.2,0.4,23.0,0.056,0.056,0.03,0.035,0.463,0.462,0.308,0.571,0.625,0.347,0.421,0.848,0.0,0,0.105,2,0
207,Devonte' Graham,27,SAS,PG,20,8,527,5.2,13.7,0.38,3.6,10.1,0.358,1.6,3.6,0.442,0.513,3.7,4.9,0.75,0.5,2.9,3.4,5.5,1.0,0.4,1.8,2.1,17.7,,grahade01,13.6,0.559,0.74,0.36,1.4,9.3,5.2,20.4,1.3,0.9,10.1,20.2,0.6,0.1,0.8,0.069,1.0,-1.4,-0.4,0.2,22.0,0.06,0.09,0.04,0.07,0.442,0.75,0.389,0.5,0.214,0.358,0.217,0.736,0.0,0,0.101,1,0
208,Terrence Ross,31,2TM,SG,63,9,1330,5.4,12.6,0.43,2.6,7.0,0.368,2.8,5.6,0.507,0.532,0.7,0.9,0.794,0.6,3.6,4.2,2.6,0.9,0.3,1.2,2.6,14.1,,rosste01,10.2,0.544,0.555,0.073,1.8,11.2,6.5,10.2,1.3,0.7,8.2,16.8,0.5,1.2,1.6,0.059,-1.8,-0.3,-2.1,0.0,19.9,0.037,0.08,0.178,0.151,0.507,0.706,0.514,0.398,0.586,0.368,0.629,0.937,0.019,6,0.264,0,0
208,Terrence Ross,31,ORL,SG,42,9,944,4.9,11.4,0.431,2.3,6.1,0.381,2.6,5.3,0.489,0.533,0.6,0.8,0.75,0.4,2.9,3.2,2.1,1.0,0.3,1.4,2.0,12.7,,rosste01,8.6,0.543,0.535,0.067,1.2,9.0,5.1,8.1,1.3,0.8,10.7,15.7,-0.1,0.7,0.6,0.032,-2.7,-0.4,-3.1,-0.3,19.2,0.043,0.107,0.174,0.14,0.489,0.692,0.5,0.385,0.548,0.381,0.588,0.918,0.023,5,0.231,0,0
208,Terrence Ross,31,PHO,SG,21,0,386,6.6,15.5,0.428,3.2,9.1,0.347,3.5,6.3,0.544,0.53,1.1,1.3,0.857,1.1,5.3,6.4,3.8,0.9,0.2,0.6,4.1,17.5,,rosste01,14.2,0.546,0.59,0.084,3.4,16.7,9.9,15.4,1.3,0.5,3.4,19.7,0.6,0.4,1.0,0.127,0.3,0.2,0.5,0.2,20.6,0.024,0.03,0.187,0.169,0.544,0.75,0.6,0.419,0.643,0.347,0.703,0.971,0.012,1,0.316,0,0
209,Luke Kennard,26,2TM,SG,59,14,1315,5.1,10.5,0.492,3.6,7.4,0.494,1.5,3.1,0.487,0.666,1.0,1.1,0.949,0.4,3.9,4.3,2.5,0.9,0.1,1.3,2.2,14.9,,kennalu01,13.0,0.684,0.704,0.102,1.2,11.8,6.6,9.4,1.2,0.3,10.3,14.5,2.2,1.2,3.4,0.124,0.6,-0.1,0.5,0.8,21.0,0.058,0.084,0.089,0.065,0.487,0.545,0.5,0.441,0.48,0.494,0.6,0.94,0.0,0,0.201,1,0
209,Luke Kennard,26,LAC,SG,35,11,725,4.9,10.5,0.464,2.9,6.6,0.447,1.9,3.9,0.494,0.604,0.9,1.0,0.95,0.3,3.8,4.1,1.8,0.9,0.2,1.5,2.3,13.6,,kennalu01,10.5,0.623,0.626,0.095,0.9,11.8,6.4,7.1,1.3,0.5,12.0,15.0,0.5,0.6,1.1,0.07,-1.4,0.0,-1.4,0.1,19.9,0.062,0.123,0.109,0.081,0.494,0.538,0.5,0.478,0.471,0.447,0.667,0.932,0.0,0,0.205,1,0
209,Luke Kennard,26,MEM,SG,24,3,590,5.5,10.4,0.526,4.5,8.4,0.54,1.0,2.1,0.471,0.743,1.1,1.2,0.947,0.5,4.0,4.6,3.3,0.8,0.1,1.0,2.1,16.6,,kennalu01,16.0,0.758,0.801,0.111,1.6,11.8,6.7,12.1,1.0,0.2,8.2,13.7,1.7,0.6,2.3,0.189,3.0,-0.2,2.9,0.7,22.1,0.053,0.035,0.064,0.047,0.471,0.556,0.5,0.364,0.5,0.54,0.438,0.946,0.0,0,0.197,0,0
210,Doug McDermott,31,SAS,SF,64,0,1314,6.5,14.3,0.457,3.4,8.2,0.413,3.2,6.2,0.516,0.575,1.5,1.9,0.757,0.6,3.2,3.8,2.5,0.4,0.2,1.6,3.2,17.9,,mcderdo01,11.1,0.59,0.57,0.134,1.8,10.0,5.8,9.8,0.5,0.4,9.5,19.2,1.0,0.0,1.0,0.035,-0.7,-2.5,-3.2,-0.4,17.3,0.176,0.163,0.054,0.038,0.516,0.707,0.412,0.393,0.25,0.413,0.845,0.984,0.027,14,0.198,1,0
211,Talen Horton-Tucker,22,UTA,SG,65,20,1313,7.0,16.8,0.419,1.6,5.6,0.286,5.5,11.2,0.485,0.467,3.5,4.6,0.75,1.1,4.6,5.8,6.7,1.1,0.8,3.5,3.0,19.1,,hortota01,13.7,0.508,0.331,0.274,3.4,13.7,8.6,27.4,1.5,1.9,15.5,25.9,-0.3,1.1,0.8,0.029,-1.1,-0.5,-1.6,0.2,12.7,0.232,0.321,0.083,0.033,0.485,0.627,0.437,0.314,0.4,0.286,0.206,0.776,0.038,19,0.148,5,0
212,Jose Alvarado,24,NOP,PG,61,10,1310,5.5,13.4,0.411,2.3,6.8,0.336,3.2,6.7,0.488,0.496,1.8,2.2,0.813,0.8,3.1,3.9,5.1,1.8,0.3,2.2,3.4,15.1,,alvarjo01,11.8,0.525,0.505,0.164,2.4,9.8,6.1,19.9,2.5,0.7,13.4,19.8,0.1,1.7,1.8,0.066,-2.0,0.7,-1.2,0.3,15.6,0.186,0.243,0.051,0.014,0.488,0.67,0.395,0.36,0.143,0.336,0.381,0.94,0.0,0,0.287,3,0
213,Aaron Wiggins,24,OKC,SG,70,14,1297,5.2,10.1,0.512,1.3,3.4,0.393,3.8,6.7,0.573,0.579,1.6,2.0,0.831,1.9,3.9,5.8,2.2,1.1,0.4,1.5,3.1,13.3,,wiggiaa01,12.2,0.607,0.336,0.196,5.5,12.0,8.7,8.3,1.4,1.1,12.2,14.5,1.4,1.2,2.6,0.097,-1.5,-0.5,-2.1,0.0,10.6,0.383,0.264,0.014,0.003,0.573,0.705,0.396,0.4,0.0,0.393,0.696,0.958,0.055,18,0.459,1,0
214,Lonnie Walker IV,24,LAL,SG,56,32,1297,6.6,14.6,0.448,2.5,6.9,0.365,4.0,7.7,0.522,0.534,2.5,2.9,0.858,0.4,2.6,3.0,1.8,0.8,0.5,1.3,2.0,18.2,,walkelo01,12.2,0.57,0.472,0.201,1.2,7.6,4.5,7.0,1.1,1.1,7.4,20.2,0.8,1.0,1.8,0.066,-0.9,-0.5,-1.4,0.2,15.7,0.195,0.188,0.055,0.089,0.522,0.699,0.404,0.345,0.489,0.365,0.572,0.923,0.055,24,0.273,2,0
215,Sam Hauser,25,BOS,SF,80,8,1290,5.0,11.1,0.455,3.9,9.3,0.418,1.1,1.7,0.656,0.631,0.3,0.5,0.706,1.0,4.7,5.7,2.0,0.8,0.6,0.8,2.8,14.3,,hausesa01,12.7,0.634,0.846,0.043,3.0,14.1,8.6,7.6,1.1,1.4,6.9,14.7,1.8,1.6,3.4,0.128,0.6,0.4,1.0,1.0,22.4,0.078,0.048,0.013,0.015,0.656,0.839,0.526,0.6,0.167,0.418,0.775,0.971,0.013,3,0.307,2,0
216,Jalen Smith,22,IND,C,68,31,1279,6.8,14.3,0.476,1.5,5.4,0.283,5.3,8.9,0.593,0.53,2.9,3.9,0.759,3.6,7.5,11.1,1.9,0.6,1.7,2.0,4.3,18.1,,smithja04,15.9,0.565,0.376,0.27,11.2,22.9,17.1,7.6,0.8,4.0,11.2,21.0,1.1,1.1,2.3,0.085,-0.9,-1.1,-2.1,0.0,12.2,0.346,0.185,0.037,0.049,0.593,0.761,0.404,0.158,0.4,0.283,0.718,0.963,0.085,42,0.298,0,0
217,LaMelo Ball,21,CHO,PG,36,36,1268,8.4,20.5,0.411,4.1,10.9,0.376,4.3,9.6,0.45,0.51,2.9,3.5,0.836,1.2,5.4,6.6,8.6,1.3,0.3,3.7,3.4,23.8,,ballla01,17.9,0.541,0.531,0.169,3.5,16.2,9.7,38.7,1.7,0.8,14.3,30.0,0.6,1.2,1.8,0.068,3.2,-0.8,2.4,1.4,17.7,0.169,0.162,0.085,0.053,0.45,0.598,0.316,0.443,0.395,0.376,0.25,0.653,0.004,3,0.136,2,0
218,David Roddy,21,MEM,PF,70,4,1258,5.2,12.0,0.429,1.9,6.1,0.307,3.3,6.0,0.553,0.506,1.2,1.9,0.631,1.4,4.1,5.5,1.7,0.8,0.5,1.6,3.1,13.3,,roddyda01,8.8,0.519,0.505,0.155,4.2,12.0,8.1,6.1,1.1,1.4,11.3,16.7,-0.3,1.4,1.1,0.043,-3.2,-0.7,-3.9,-0.6,14.5,0.271,0.183,0.026,0.014,0.553,0.711,0.351,0.545,0.167,0.307,0.609,0.969,0.057,22,0.415,1,0
219,Jaylen Nowell,23,MIN,SG,65,2,1252,8.1,18.0,0.448,1.9,6.7,0.289,6.1,11.3,0.542,0.502,2.2,2.8,0.778,1.0,3.9,4.9,3.8,1.2,0.1,1.9,2.9,20.2,,nowelja01,13.7,0.527,0.371,0.158,3.3,11.7,7.6,15.9,1.6,0.3,8.9,25.0,0.0,1.2,1.2,0.046,-1.5,-1.0,-2.5,-0.2,13.5,0.251,0.213,0.134,0.03,0.542,0.662,0.429,0.536,0.368,0.289,0.469,0.716,0.024,11,0.155,4,0
220,Naz Reid,23,MIN,C,68,11,1251,8.9,16.6,0.537,2.2,6.2,0.346,6.8,10.4,0.653,0.602,2.5,3.7,0.677,2.1,7.5,9.6,2.2,1.2,1.5,2.6,5.1,22.5,,reidna01,18.5,0.617,0.376,0.22,6.6,22.8,14.9,9.6,1.6,3.7,12.7,24.8,1.1,1.9,3.0,0.114,0.3,0.8,1.0,1.0,11.8,0.341,0.256,0.023,0.003,0.653,0.812,0.466,0.385,0.5,0.346,0.655,1.0,0.066,33,0.175,0,0
221,Trey Lyles,27,SAC,PF,74,0,1247,5.4,11.8,0.458,2.5,6.9,0.363,2.9,4.9,0.595,0.565,2.9,3.6,0.815,2.0,6.7,8.7,1.9,0.8,0.9,1.8,2.8,16.2,,lylestr01,14.2,0.607,0.588,0.304,6.3,21.1,13.7,7.0,1.0,2.2,12.2,18.1,1.4,1.2,2.6,0.098,0.0,-0.9,-1.0,0.3,15.5,0.27,0.12,0.007,0.002,0.595,0.682,0.388,0.333,0.0,0.363,0.65,0.977,0.083,28,0.346,0,0
222,Jalen Suggs,21,ORL,SG,53,19,1246,5.4,12.8,0.419,1.9,5.8,0.327,3.5,7.0,0.496,0.493,2.5,3.4,0.723,1.6,3.1,4.7,4.5,1.9,0.8,2.7,3.5,15.1,,suggsja01,12.5,0.528,0.455,0.268,5.0,9.6,7.3,18.0,2.6,2.1,15.9,20.3,-0.2,1.5,1.4,0.053,-1.8,0.8,-1.0,0.3,15.8,0.23,0.162,0.077,0.077,0.496,0.588,0.472,0.324,0.441,0.327,0.317,0.712,0.016,5,0.134,2,0
223,Kevin Love,34,2TM,PF,62,20,1240,4.8,12.3,0.389,2.9,8.6,0.334,1.9,3.7,0.516,0.506,2.3,2.6,0.879,1.7,9.9,11.6,3.4,0.5,0.3,2.0,2.8,14.8,,loveke01,13.1,0.548,0.698,0.215,5.5,32.6,18.9,13.2,0.6,0.9,13.1,19.2,0.6,2.0,2.6,0.099,0.2,0.4,0.6,0.8,20.3,0.106,0.104,0.052,0.04,0.516,0.622,0.5,0.364,0.471,0.334,0.576,0.939,0.012,2,0.149,0,0
223,Kevin Love,34,CLE,PF,41,3,821,4.9,12.5,0.389,3.0,8.6,0.354,1.8,3.9,0.467,0.511,2.5,2.8,0.889,1.8,10.4,12.3,3.3,0.3,0.3,2.1,2.9,15.2,,loveke01,13.6,0.555,0.684,0.221,6.0,34.2,20.1,12.8,0.4,0.8,13.1,19.6,0.5,1.4,1.9,0.112,0.8,0.6,1.4,0.7,20.2,0.119,0.084,0.06,0.053,0.467,0.588,0.5,0.235,0.4,0.354,0.548,0.928,0.018,2,0.144,0,0
223,Kevin Love,34,MIA,PF,21,17,419,4.6,11.9,0.388,2.6,8.7,0.297,2.1,3.3,0.632,0.496,2.1,2.4,0.857,1.5,8.8,10.2,3.4,0.8,0.4,2.0,2.7,13.9,,loveke01,12.3,0.535,0.727,0.201,4.6,29.6,16.6,14.0,1.1,1.2,13.2,18.5,0.1,0.6,0.7,0.075,-1.0,-0.1,-1.1,0.1,20.3,0.079,0.144,0.036,0.014,0.632,0.727,0.5,0.8,1.0,0.297,0.625,0.967,0.0,0,0.158,0,0
224,Cory Joseph,31,DET,PG,62,2,1227,4.4,10.3,0.427,2.1,5.3,0.389,2.3,5.0,0.468,0.527,1.7,2.1,0.792,0.6,2.5,3.1,6.4,1.0,0.3,1.6,2.6,12.5,,josepco01,12.1,0.558,0.513,0.205,1.8,7.9,4.8,25.4,1.3,0.6,12.8,15.2,1.5,0.3,1.8,0.07,-0.7,-0.8,-1.5,0.2,16.8,0.088,0.214,0.097,0.074,0.468,0.645,0.427,0.441,0.346,0.389,0.213,0.743,0.0,0,0.172,0,0
225,Delon Wright,30,WAS,PG,50,14,1221,4.1,8.6,0.474,1.2,3.5,0.345,2.9,5.1,0.564,0.545,1.5,1.8,0.867,1.7,3.6,5.3,5.7,2.7,0.5,1.3,1.7,10.9,,wrighde01,16.3,0.581,0.409,0.206,5.5,10.7,8.2,20.9,3.7,1.2,12.2,12.9,2.1,1.6,3.7,0.146,0.4,3.1,3.4,1.7,14.4,0.196,0.299,0.062,0.034,0.564,0.842,0.391,0.444,0.7,0.345,0.268,0.854,0.014,4,0.244,4,0
226,Nick Richards,25,CHO,C,65,9,1217,5.8,9.3,0.629,0.0,0.0,1.0,5.8,9.2,0.628,0.631,4.1,5.4,0.749,4.3,8.0,12.3,1.1,0.3,2.1,1.7,4.6,15.7,,richani01,18.3,0.676,0.003,0.585,12.6,24.0,18.2,4.5,0.4,5.1,13.0,15.6,2.7,1.5,4.2,0.165,-1.0,-0.2,-1.3,0.2,2.6,0.741,0.227,0.019,0.01,0.628,0.741,0.282,0.5,0.333,1.0,0.638,1.0,0.3,82,0.0,0,0
227,Seth Curry,32,BRK,SG,61,7,1211,6.2,13.3,0.463,2.8,6.9,0.405,3.4,6.5,0.525,0.568,1.5,1.6,0.927,0.4,2.6,3.0,2.9,1.1,0.2,1.5,2.9,16.7,,curryse01,12.3,0.593,0.517,0.122,1.2,7.9,4.6,11.9,1.5,0.5,9.7,19.2,0.9,0.9,1.8,0.07,-1.2,-0.9,-2.1,0.0,19.8,0.058,0.067,0.114,0.245,0.525,0.615,0.467,0.588,0.491,0.405,0.526,0.809,0.0,0,0.254,0,0
228,Ochai Agbaji,22,UTA,SG,59,22,1209,4.9,11.5,0.427,2.4,6.8,0.355,2.5,4.7,0.532,0.532,1.7,2.1,0.812,1.3,2.3,3.6,2.0,0.5,0.4,1.2,2.9,13.9,,agbajoc01,9.5,0.561,0.591,0.179,3.9,6.9,5.4,7.5,0.6,1.0,9.0,15.8,0.9,0.4,1.3,0.053,-1.7,-1.4,-3.0,-0.3,16.9,0.15,0.21,0.026,0.023,0.532,0.621,0.494,0.4,0.444,0.355,0.762,0.988,0.054,17,0.412,0,0
229,Kenrich Williams,28,OKC,PF,53,10,1206,5.3,10.3,0.517,1.5,4.0,0.373,3.9,6.3,0.608,0.59,0.5,1.2,0.436,2.9,4.9,7.8,3.1,1.3,0.4,1.0,3.3,12.7,,willike04,14.4,0.585,0.387,0.113,8.5,14.9,11.6,11.7,1.8,1.1,8.1,13.7,2.0,1.3,3.3,0.133,0.1,0.4,0.5,0.8,13.4,0.318,0.142,0.09,0.064,0.608,0.718,0.51,0.452,0.5,0.373,0.659,1.0,0.066,21,0.343,0,0
230,Matisse Thybulle,25,2TM,SG,71,28,1200,3.3,7.6,0.435,1.6,4.4,0.365,1.7,3.2,0.533,0.542,0.6,0.8,0.679,1.2,3.0,4.2,1.6,2.5,1.0,0.7,3.4,8.8,,thybuma01,10.5,0.552,0.585,0.111,3.9,9.7,6.8,5.9,3.4,2.4,8.3,10.6,0.6,1.5,2.1,0.086,-2.7,2.2,-0.5,0.4,15.4,0.265,0.138,0.012,0.0,0.533,0.642,0.343,0.333,,0.365,0.768,0.963,0.091,21,0.486,1,0
230,Matisse Thybulle,25,PHI,SF,49,6,591,3.0,7.1,0.431,1.3,3.8,0.333,1.8,3.2,0.547,0.522,0.5,0.7,0.75,1.2,2.6,3.8,1.4,2.7,0.9,0.5,4.0,7.9,,thybuma01,10.0,0.536,0.543,0.103,4.1,8.5,6.3,5.1,3.8,2.2,6.2,9.8,0.3,0.9,1.3,0.102,-3.2,3.3,0.1,0.3,14.9,0.293,0.155,0.009,0.0,0.547,0.647,0.389,0.0,,0.333,0.759,1.0,0.095,9,0.508,1,0
230,Matisse Thybulle,25,POR,SG,22,22,609,3.5,8.1,0.438,2.0,5.0,0.388,1.6,3.1,0.519,0.558,0.6,0.9,0.625,1.2,3.4,4.6,1.8,2.2,1.1,0.9,2.8,9.6,,thybuma01,11.0,0.566,0.62,0.117,3.7,10.8,7.3,6.6,3.0,2.6,10.0,11.4,0.3,0.6,0.9,0.07,-2.2,1.1,-1.2,0.1,16.0,0.241,0.124,0.015,0.0,0.519,0.636,0.294,0.5,,0.388,0.778,0.939,0.088,12,0.471,0,0
231,Isaiah Livers,24,DET,PF,52,22,1199,3.6,8.6,0.417,2.2,6.1,0.365,1.4,2.6,0.541,0.545,1.0,1.2,0.821,0.8,3.5,4.3,1.2,0.8,0.8,0.9,3.1,10.4,,liveris01,8.4,0.567,0.705,0.135,2.5,11.0,6.6,4.8,1.1,2.1,9.0,11.9,0.5,0.5,1.0,0.041,-2.1,-0.3,-2.4,-0.1,20.0,0.066,0.073,0.066,0.076,0.541,0.842,0.381,0.368,0.5,0.365,0.609,0.892,0.028,8,0.305,2,0
232,Cameron Johnson,26,2TM,PF,42,41,1199,6.7,14.2,0.47,3.1,7.7,0.404,3.6,6.6,0.548,0.579,3.0,3.6,0.842,1.0,4.5,5.6,2.3,1.5,0.4,1.1,2.5,19.5,,johnsca02,17.1,0.617,0.538,0.253,3.2,14.0,8.6,9.6,2.0,1.0,6.6,20.6,2.1,1.4,3.5,0.142,2.0,0.6,2.6,1.4,17.1,0.198,0.097,0.089,0.078,0.548,0.691,0.435,0.429,0.459,0.404,0.6,0.971,0.049,20,0.361,0,0
232,Cameron Johnson,26,PHO,PF,17,16,429,6.9,14.5,0.474,3.8,8.3,0.455,3.1,6.2,0.5,0.604,2.3,2.8,0.818,1.2,4.3,5.5,2.2,1.3,0.5,0.8,2.4,19.8,,johnsca02,17.4,0.629,0.572,0.191,3.5,13.4,8.4,8.9,1.7,1.3,5.1,19.6,0.9,0.5,1.4,0.161,3.2,0.6,3.8,0.6,17.7,0.179,0.098,0.075,0.075,0.5,0.71,0.412,0.385,0.231,0.455,0.676,0.956,0.04,6,0.303,0,0
232,Cameron Johnson,26,BRK,PF,25,25,770,6.6,14.1,0.468,2.7,7.3,0.372,3.9,6.8,0.572,0.565,3.5,4.1,0.851,0.9,4.7,5.6,2.4,1.6,0.4,1.3,2.5,19.4,,johnsca02,16.9,0.61,0.518,0.289,3.0,14.3,8.8,10.0,2.2,0.9,7.4,21.1,1.2,0.9,2.1,0.131,1.4,0.6,2.0,0.8,16.5,0.209,0.096,0.096,0.08,0.572,0.683,0.448,0.448,0.583,0.372,0.566,0.983,0.053,14,0.397,0,0
233,Anthony Lamb,25,GSW,SF,62,4,1195,4.5,9.5,0.471,2.2,6.0,0.367,2.3,3.5,0.652,0.588,1.4,1.8,0.767,1.7,4.8,6.5,2.9,0.8,0.6,1.6,4.0,12.5,,lamban01,10.9,0.61,0.634,0.191,5.3,14.4,9.9,10.5,1.1,1.5,13.7,13.8,1.2,1.2,2.4,0.096,-1.6,0.4,-1.1,0.3,17.8,0.15,0.188,0.006,0.022,0.652,0.809,0.576,0.0,0.429,0.367,0.68,0.986,0.045,13,0.342,2,0
234,Taurean Prince,28,MIN,PF,54,4,1192,5.3,11.4,0.467,2.2,5.9,0.381,3.1,5.6,0.557,0.565,2.0,2.3,0.844,0.5,3.5,4.0,2.5,0.8,0.5,2.1,3.7,14.9,,princta02,10.0,0.597,0.512,0.203,1.4,10.8,6.2,9.6,1.1,1.1,14.3,17.3,0.3,1.0,1.3,0.052,-2.6,-0.6,-3.3,-0.4,15.7,0.216,0.172,0.047,0.053,0.557,0.671,0.462,0.667,0.3,0.381,0.748,0.946,0.013,4,0.418,1,0
235,Andrew Wiggins,27,GSW,SF,37,37,1190,7.6,16.0,0.473,2.7,6.8,0.396,4.9,9.2,0.53,0.557,1.3,2.2,0.611,1.8,3.8,5.6,2.6,1.4,0.8,1.5,3.2,19.1,,wiggian01,14.7,0.564,0.425,0.136,5.7,11.3,8.6,10.5,1.8,2.1,7.9,21.5,1.0,1.3,2.3,0.091,-0.1,-0.4,-0.5,0.5,15.4,0.157,0.244,0.07,0.104,0.53,0.711,0.504,0.378,0.418,0.396,0.621,0.955,0.055,25,0.2,0,0
236,Jordan Nwora,24,2TM,SF,62,14,1188,5.9,13.5,0.436,2.6,6.4,0.408,3.3,7.1,0.462,0.533,2.1,2.6,0.791,1.5,5.4,6.9,2.7,0.7,0.4,2.0,2.2,16.4,,nworajo01,12.2,0.561,0.474,0.193,4.7,15.8,10.4,10.5,1.0,1.0,12.0,19.4,0.5,1.0,1.5,0.06,-0.8,-1.3,-2.1,0.0,15.4,0.227,0.142,0.074,0.067,0.462,0.574,0.413,0.364,0.233,0.408,0.546,0.907,0.04,15,0.28,0,0
236,Jordan Nwora,24,MIL,SF,38,3,597,4.6,11.9,0.386,2.4,6.2,0.392,2.2,5.7,0.379,0.487,2.2,2.6,0.86,1.7,5.3,7.1,2.3,0.7,0.4,2.1,2.1,13.8,,nworajo01,10.0,0.53,0.518,0.218,5.3,14.8,10.2,8.4,1.0,1.0,13.6,17.6,0.0,0.7,0.7,0.057,-2.0,-0.4,-2.4,0.0,17.0,0.193,0.127,0.066,0.096,0.379,0.526,0.4,0.154,0.211,0.392,0.556,1.0,0.015,3,0.235,0,0
236,Jordan Nwora,24,IND,SF,24,11,591,7.2,15.1,0.476,2.8,6.6,0.422,4.4,8.5,0.518,0.569,1.9,2.6,0.721,1.3,5.5,6.8,3.0,0.7,0.4,1.9,2.4,19.1,,nworajo01,14.4,0.586,0.44,0.173,4.1,16.9,10.5,12.6,1.0,1.0,10.7,21.2,0.5,0.3,0.8,0.064,0.4,-2.2,-1.8,0.0,13.7,0.254,0.153,0.081,0.044,0.518,0.603,0.421,0.5,0.273,0.422,0.542,0.826,0.06,12,0.321,0,0
237,Gary Harris,28,ORL,SG,48,42,1184,4.2,9.3,0.45,2.9,6.6,0.431,1.3,2.7,0.494,0.603,0.8,0.9,0.9,0.6,2.3,3.0,1.8,1.4,0.4,0.9,2.8,12.1,,harriga01,10.5,0.62,0.71,0.098,2.0,7.4,4.7,6.9,1.8,1.0,8.0,12.6,1.3,1.1,2.3,0.095,-1.4,0.7,-0.7,0.4,19.4,0.143,0.091,0.016,0.039,0.494,0.614,0.429,0.0,0.417,0.431,0.523,0.915,0.01,2,0.417,0,0
238,Tre Mann,21,OKC,PG,67,5,1183,6.0,15.2,0.393,2.5,7.8,0.315,3.5,7.4,0.475,0.474,1.3,1.7,0.764,0.8,3.9,4.7,3.7,1.2,0.3,1.9,3.0,15.7,,manntr01,10.0,0.492,0.513,0.11,2.4,11.8,7.0,14.0,1.6,0.9,10.6,20.7,-0.6,1.1,0.5,0.021,-3.0,-1.0,-3.9,-0.6,17.2,0.126,0.204,0.108,0.05,0.475,0.667,0.373,0.407,0.56,0.315,0.267,0.605,0.012,4,0.121,2,0
239,Trendon Watford,22,POR,PF,62,12,1182,5.5,9.8,0.56,0.8,1.9,0.391,4.8,7.9,0.602,0.599,2.2,3.0,0.72,1.3,6.0,7.2,4.0,1.0,0.4,2.2,3.6,14.0,,watfotr01,13.6,0.625,0.198,0.31,4.1,19.2,11.6,16.0,1.3,0.9,16.2,16.1,1.3,0.7,2.1,0.084,-1.4,-0.4,-1.8,0.1,8.8,0.344,0.347,0.08,0.012,0.602,0.676,0.545,0.462,0.5,0.391,0.609,1.0,0.019,5,0.125,0,0
240,Christian Braun,21,DEN,SG,76,6,1181,4.4,8.8,0.495,1.0,2.9,0.354,3.3,5.9,0.565,0.554,1.2,2.0,0.625,1.5,4.1,5.5,1.8,1.2,0.5,1.1,3.1,11.0,,braunch01,10.3,0.568,0.332,0.221,4.8,12.6,8.8,6.4,1.7,1.3,9.9,13.0,0.7,1.2,1.9,0.079,-2.5,0.1,-2.4,-0.1,11.4,0.36,0.239,0.028,0.042,0.565,0.721,0.42,0.375,0.167,0.354,0.67,0.941,0.114,30,0.417,0,0
241,Xavier Tillman Sr.,24,MEM,C,61,29,1180,5.7,9.3,0.614,0.1,0.5,0.267,5.6,8.9,0.632,0.621,1.5,2.7,0.551,3.7,5.7,9.4,2.9,1.8,0.9,1.3,3.0,13.1,,tillmxa01,17.3,0.621,0.049,0.291,10.9,16.7,13.8,10.9,2.3,2.2,11.3,13.7,2.3,1.9,4.2,0.171,0.3,1.7,1.9,1.2,5.5,0.516,0.31,0.111,0.013,0.632,0.753,0.516,0.441,0.25,0.267,0.712,1.0,0.095,24,0.533,0,0
242,Devin Vassell,22,SAS,SG,38,32,1178,8.0,18.2,0.439,3.1,8.1,0.387,4.8,10.1,0.48,0.525,2.4,3.1,0.78,0.2,4.3,4.5,4.2,1.3,0.5,1.7,1.7,21.5,,vassede01,15.5,0.55,0.447,0.168,0.7,13.5,6.9,17.3,1.7,1.2,8.2,24.4,0.7,0.5,1.2,0.051,1.3,-0.9,0.4,0.7,17.6,0.141,0.081,0.176,0.155,0.48,0.643,0.333,0.41,0.489,0.387,0.456,0.883,0.035,17,0.165,3,0
243,Collin Sexton,24,UTA,PG,48,15,1145,7.5,14.7,0.506,1.5,3.8,0.393,5.9,10.9,0.546,0.558,5.1,6.3,0.819,1.2,2.1,3.3,4.3,0.8,0.2,2.7,3.5,21.5,,sextoco01,15.9,0.616,0.261,0.425,3.5,6.3,5.0,17.9,1.1,0.4,13.3,23.4,2.0,0.5,2.5,0.105,0.1,-1.5,-1.3,0.2,10.9,0.256,0.355,0.092,0.036,0.546,0.608,0.506,0.581,0.412,0.393,0.328,0.729,0.021,7,0.205,0,0
244,Precious Achiuwa,23,TOR,C,55,12,1140,6.2,12.8,0.485,0.9,3.4,0.269,5.3,9.3,0.564,0.521,2.7,3.9,0.702,3.2,7.2,10.4,1.6,1.0,0.9,1.9,3.2,16.0,,achiupr01,15.2,0.554,0.267,0.307,9.3,24.4,16.3,6.3,1.3,2.6,11.4,19.4,0.8,1.4,2.2,0.093,-1.4,-0.8,-2.3,-0.1,9.7,0.381,0.262,0.069,0.012,0.564,0.734,0.406,0.286,0.2,0.269,0.623,0.966,0.141,49,0.444,1,0
245,Steven Adams,29,MEM,C,42,42,1133,5.0,8.4,0.597,0.0,0.0,0.0,5.0,8.3,0.599,0.597,1.5,4.1,0.364,6.8,8.6,15.4,3.1,1.1,1.5,2.5,3.1,11.5,,adamsst01,17.5,0.564,0.004,0.49,20.1,25.3,22.7,11.2,1.5,3.7,19.8,14.6,1.3,2.1,3.4,0.144,-0.3,0.9,0.6,0.7,2.6,0.696,0.281,0.019,0.0,0.599,0.645,0.5,0.4,,0.0,0.503,,0.163,41,1.0,0,0
246,Alec Burks,31,DET,SG,51,8,1122,6.4,14.7,0.436,3.2,7.7,0.414,3.2,7.1,0.459,0.544,4.9,6.0,0.814,0.6,4.5,5.1,3.7,1.2,0.3,1.9,3.1,20.9,,burksal01,16.5,0.602,0.521,0.41,1.8,14.2,7.8,15.9,1.6,0.6,9.7,22.8,1.9,0.6,2.5,0.109,1.8,-0.5,1.2,0.9,17.7,0.087,0.144,0.122,0.12,0.459,0.65,0.409,0.464,0.4,0.414,0.307,0.657,0.002,1,0.213,0,0
247,Lamar Stevens,25,CLE,SF,62,25,1120,4.1,9.3,0.448,1.0,3.1,0.316,3.2,6.2,0.513,0.5,1.3,1.8,0.702,1.5,5.1,6.7,1.1,0.9,0.6,0.9,2.5,10.5,,stevela01,9.5,0.524,0.33,0.198,5.0,16.7,10.9,4.0,1.2,1.6,7.9,13.6,0.3,1.6,1.9,0.08,-3.0,0.2,-2.8,-0.2,11.5,0.33,0.16,0.139,0.031,0.513,0.653,0.326,0.45,0.222,0.316,0.778,0.967,0.104,24,0.621,0,0
248,Moritz Wagner,25,ORL,C,57,18,1109,6.4,12.9,0.5,1.7,5.3,0.313,4.8,7.6,0.631,0.564,5.0,5.9,0.841,2.2,6.2,8.4,2.7,1.2,0.4,2.2,4.4,19.5,,wagnemo01,17.4,0.63,0.412,0.46,7.0,19.4,13.2,11.5,1.6,1.1,12.5,21.1,2.1,1.3,3.4,0.149,0.4,0.2,0.6,0.7,12.2,0.379,0.189,0.008,0.013,0.631,0.733,0.453,0.333,0.4,0.313,0.782,0.98,0.134,42,0.178,0,0
249,Jordan Goodwin,24,WAS,PG,62,7,1106,5.1,11.5,0.448,1.2,3.8,0.322,3.9,7.6,0.511,0.501,1.7,2.2,0.768,1.9,4.8,6.7,5.5,1.9,0.8,1.9,3.1,13.2,,goodwjo01,14.8,0.531,0.334,0.195,6.0,14.3,10.3,20.8,2.6,2.0,12.9,17.3,0.9,1.3,2.2,0.097,-0.7,1.4,0.7,0.8,13.8,0.187,0.258,0.127,0.093,0.511,0.712,0.44,0.444,0.394,0.322,0.242,0.868,0.025,5,0.212,0,0
250,Victor Oladipo,30,MIA,SG,42,2,1106,5.2,13.1,0.397,2.3,6.9,0.33,2.9,6.2,0.471,0.484,1.9,2.6,0.747,0.5,3.6,4.2,4.8,1.9,0.4,2.8,3.2,14.6,,oladivi01,10.6,0.513,0.526,0.196,1.6,12.3,6.8,19.8,2.6,1.1,16.6,21.1,-0.9,1.5,0.6,0.024,-2.9,0.8,-2.1,0.0,16.7,0.144,0.156,0.107,0.055,0.471,0.534,0.492,0.326,0.545,0.33,0.278,0.586,0.01,3,0.179,1,0
251,Ben Simmons,26,BRK,PG,42,33,1105,4.3,7.7,0.566,0.0,0.1,0.0,4.3,7.6,0.571,0.566,0.8,1.9,0.439,1.3,7.3,8.6,8.3,1.8,0.8,3.2,4.5,9.5,,simmobe01,13.4,0.559,0.009,0.243,4.2,22.2,13.4,31.3,2.4,1.9,27.2,14.3,0.5,1.7,2.2,0.097,-2.2,2.6,0.4,0.7,4.8,0.43,0.464,0.094,0.004,0.571,0.713,0.468,0.455,0.0,0.0,0.617,,0.157,32,0.0,0,0
252,Jeff Green,36,DEN,PF,56,4,1091,5.3,10.8,0.488,1.0,3.4,0.288,4.3,7.4,0.58,0.534,2.9,3.9,0.744,1.3,3.5,4.8,2.3,0.6,0.6,1.5,3.3,14.4,,greenje02,11.0,0.576,0.317,0.357,4.1,10.9,7.6,8.3,0.8,1.4,10.8,17.0,0.8,0.8,1.7,0.074,-2.4,-1.0,-3.4,-0.4,11.5,0.302,0.271,0.067,0.034,0.58,0.768,0.427,0.409,0.364,0.288,0.785,0.9,0.146,43,0.365,2,0
253,Brandon Clarke,26,MEM,PF,56,8,1090,7.6,11.5,0.656,0.0,0.2,0.167,7.5,11.3,0.665,0.658,3.3,4.5,0.723,3.0,7.2,10.2,2.4,1.1,1.2,1.8,4.3,18.4,,clarkbr01,20.0,0.682,0.017,0.393,9.0,21.2,15.1,9.5,1.5,3.1,11.8,17.7,2.7,1.8,4.5,0.199,0.8,1.8,2.5,1.3,5.1,0.496,0.318,0.146,0.023,0.665,0.792,0.568,0.451,0.625,0.167,0.768,1.0,0.158,52,1.0,0,0
254,Bones Hyland,22,2TM,PG,56,1,1085,7.6,18.9,0.399,3.9,10.5,0.371,3.7,8.5,0.434,0.502,2.9,3.4,0.843,0.7,3.8,4.5,5.7,1.3,0.5,2.7,3.2,21.9,,hylanbo01,14.9,0.535,0.552,0.179,2.1,11.8,7.1,23.4,1.8,1.2,11.7,28.0,0.3,1.1,1.4,0.062,0.4,-1.2,-0.8,0.3,17.4,0.156,0.175,0.082,0.035,0.434,0.618,0.31,0.319,0.5,0.371,0.279,0.607,0.007,3,0.137,0,0
254,Bones Hyland,22,DEN,PG,42,1,820,7.6,19.1,0.399,4.0,10.6,0.378,3.6,8.5,0.425,0.503,3.1,3.6,0.866,0.4,3.3,3.8,5.5,1.2,0.6,2.9,2.9,22.3,,hylanbo01,14.5,0.54,0.555,0.189,1.4,10.4,6.0,22.0,1.7,1.4,12.5,28.5,0.1,0.8,0.9,0.051,0.6,-1.4,-0.8,0.3,17.7,0.147,0.18,0.081,0.037,0.425,0.641,0.321,0.257,0.438,0.378,0.305,0.549,0.007,2,0.12,0,0
254,Bones Hyland,22,LAC,PG,14,0,265,7.5,18.6,0.401,3.5,10.1,0.351,3.9,8.6,0.46,0.496,2.0,2.7,0.75,1.4,5.3,6.7,6.4,1.5,0.3,2.0,4.1,20.5,,hylanbo01,16.4,0.518,0.54,0.146,4.3,16.3,10.4,27.6,2.0,0.7,9.3,26.5,0.2,0.3,0.5,0.094,-0.2,-0.7,-0.9,0.1,17.1,0.182,0.161,0.088,0.029,0.46,0.56,0.273,0.5,0.75,0.351,0.207,0.808,0.007,1,0.189,0,0
255,Oshae Brissett,24,IND,PF,65,2,1083,4.1,10.6,0.386,1.6,5.2,0.31,2.5,5.5,0.457,0.461,3.5,4.8,0.717,2.1,5.2,7.2,1.5,1.1,0.4,1.1,2.6,13.2,,brissos01,10.6,0.52,0.486,0.455,6.4,16.0,11.2,5.4,1.4,1.0,8.2,16.1,0.4,0.7,1.1,0.05,-2.0,-1.2,-3.2,-0.3,13.9,0.326,0.147,0.016,0.019,0.457,0.558,0.277,0.4,0.0,0.31,0.707,0.938,0.05,14,0.258,0,0
256,Thomas Bryant,25,2TM,C,59,26,1081,7.7,12.3,0.623,0.9,2.0,0.441,6.8,10.3,0.658,0.659,3.1,4.2,0.738,2.9,8.4,11.3,1.0,0.5,1.0,1.3,3.4,19.3,,bryanth01,19.7,0.682,0.16,0.341,8.9,24.6,17.0,4.3,0.7,2.4,8.2,18.2,2.7,1.4,4.1,0.183,1.1,-0.5,0.6,0.7,8.6,0.412,0.257,0.1,0.062,0.658,0.803,0.537,0.486,0.478,0.441,0.775,0.962,0.244,81,0.22,1,0
256,Thomas Bryant,25,LAL,C,41,25,876,8.1,12.4,0.654,0.9,2.1,0.44,7.2,10.3,0.697,0.691,3.3,4.4,0.741,2.8,8.7,11.5,1.2,0.6,0.9,1.2,3.2,20.4,,bryanth01,21.5,0.712,0.166,0.359,8.5,25.1,17.1,5.0,0.8,2.2,7.4,18.2,2.7,1.2,3.8,0.211,2.4,-0.1,2.3,0.9,8.3,0.432,0.256,0.093,0.053,0.697,0.823,0.558,0.643,0.438,0.44,0.777,0.955,0.252,70,0.26,1,0
256,Thomas Bryant,25,DEN,C,18,1,205,5.8,11.9,0.485,0.7,1.6,0.444,5.1,10.4,0.492,0.515,2.3,3.2,0.722,3.3,7.2,10.5,0.4,0.4,1.2,1.8,4.4,14.6,,bryanth01,11.8,0.547,0.132,0.265,11.0,22.4,16.8,1.3,0.5,3.0,11.6,18.2,0.0,0.2,0.3,0.066,-4.4,-2.2,-6.6,-0.2,8.8,0.324,0.265,0.132,0.103,0.492,0.682,0.444,0.0,0.571,0.444,0.759,1.0,0.206,11,0.0,0,0
257,Obi Toppin,24,NYK,PF,67,5,1050,6.4,14.4,0.446,2.9,8.5,0.344,3.5,5.9,0.593,0.548,1.3,1.6,0.809,1.0,5.4,6.4,2.3,0.8,0.4,1.3,2.3,17.0,,toppiob01,13.6,0.565,0.589,0.112,3.0,16.6,9.8,9.2,1.1,1.1,8.0,19.5,1.1,1.0,2.1,0.095,0.3,-0.8,-0.5,0.4,16.0,0.289,0.095,0.019,0.007,0.593,0.736,0.25,0.125,0.667,0.344,0.863,0.965,0.148,52,0.47,2,0
258,Joe Ingles,35,MIL,SF,46,0,1044,3.7,8.6,0.435,2.9,7.0,0.409,0.9,1.6,0.556,0.603,0.6,0.7,0.857,0.4,4.0,4.4,5.2,1.1,0.2,1.9,2.6,10.9,,inglejo01,10.7,0.616,0.819,0.085,1.4,11.1,6.4,18.4,1.5,0.5,17.6,12.6,1.1,1.2,2.3,0.107,-1.6,0.8,-0.7,0.3,22.2,0.081,0.073,0.008,0.02,0.556,0.65,0.5,0.5,0.4,0.409,0.32,0.711,0.0,0,0.261,1,0
259,Jalen Johnson,21,ATL,SF,70,6,1042,5.5,11.1,0.491,1.0,3.6,0.288,4.4,7.5,0.587,0.537,1.7,2.7,0.628,1.8,8.0,9.7,2.9,1.3,1.2,1.4,3.9,13.6,,johnsja05,14.1,0.554,0.323,0.242,5.3,24.6,14.8,10.4,1.7,2.8,10.3,16.0,0.8,1.3,2.1,0.099,-1.2,1.5,0.3,0.6,11.2,0.391,0.189,0.04,0.047,0.587,0.722,0.41,0.462,0.333,0.288,0.625,1.0,0.152,42,0.442,3,0
260,Isaiah Jackson,21,IND,C,63,12,1042,6.2,11.0,0.563,0.1,0.5,0.143,6.1,10.5,0.582,0.566,3.3,5.0,0.651,3.9,5.8,9.7,1.8,1.1,3.2,1.8,5.3,15.7,,jacksis01,17.5,0.595,0.044,0.459,12.1,18.0,15.0,7.0,1.4,7.7,11.8,17.4,1.5,1.2,2.7,0.124,-1.7,0.9,-0.8,0.3,4.2,0.616,0.261,0.044,0.025,0.582,0.684,0.373,0.286,0.75,0.143,0.729,1.0,0.296,82,0.214,0,0
261,Dyson Daniels,19,NOP,PG,59,11,1042,3.0,7.2,0.418,0.9,3.0,0.314,2.1,4.2,0.492,0.483,0.9,1.4,0.65,1.2,5.3,6.5,4.6,1.5,0.4,2.0,3.4,7.8,,daniedy01,8.8,0.503,0.413,0.192,3.9,16.5,10.2,16.4,2.0,1.0,20.2,11.6,-0.1,1.4,1.3,0.061,-3.4,1.6,-1.8,0.0,13.4,0.303,0.221,0.048,0.01,0.492,0.635,0.348,0.3,0.0,0.314,0.55,0.889,0.029,6,0.291,3,0
262,Wenyen Gabriel,25,LAL,C,68,2,1024,5.4,9.1,0.596,0.4,1.3,0.278,5.1,7.9,0.647,0.615,1.8,3.0,0.619,4.1,6.0,10.1,1.3,0.9,1.2,1.6,5.1,13.1,,gabriwe01,14.4,0.626,0.138,0.323,12.6,17.2,15.0,4.8,1.2,2.9,13.4,14.1,1.5,1.3,2.8,0.132,-2.3,0.1,-2.2,-0.1,6.1,0.523,0.312,0.019,0.008,0.647,0.713,0.568,0.2,0.5,0.278,0.676,0.9,0.092,21,0.528,1,0
263,Austin Rivers,30,MIN,SG,52,10,1016,3.2,7.4,0.435,1.5,4.4,0.35,1.7,3.0,0.558,0.538,1.1,1.4,0.769,0.2,2.8,2.9,2.7,1.0,0.1,0.8,2.8,9.0,,riverau01,7.4,0.564,0.589,0.187,0.6,8.4,4.6,9.3,1.3,0.3,9.2,10.5,0.5,0.8,1.3,0.061,-3.3,0.5,-2.8,-0.2,15.7,0.201,0.191,0.019,0.0,0.558,0.786,0.35,0.25,,0.35,0.354,0.907,0.019,3,0.659,0,0
264,Hamidou Diallo,24,DET,SF,56,0,996,7.8,13.6,0.573,0.2,0.8,0.238,7.6,12.8,0.593,0.58,3.1,5.3,0.588,2.1,5.0,7.0,2.0,1.9,0.6,2.6,4.5,18.9,,diallha01,15.7,0.593,0.056,0.395,6.2,15.7,10.8,9.2,2.6,1.4,13.9,21.8,0.4,0.9,1.3,0.063,-1.8,0.4,-1.4,0.1,6.7,0.432,0.291,0.125,0.069,0.593,0.765,0.459,0.426,0.462,0.238,0.624,1.0,0.139,48,0.524,1,0
265,Will Barton,32,2TM,SG,56,2,993,5.0,13.2,0.379,2.4,6.5,0.367,2.6,6.7,0.391,0.47,1.3,1.7,0.787,0.5,4.4,5.0,4.1,1.0,0.5,1.7,2.0,13.7,,bartowi01,10.0,0.493,0.495,0.129,1.7,13.5,7.7,15.4,1.4,1.1,11.1,18.9,-0.4,0.8,0.4,0.021,-2.0,-0.6,-2.6,-0.2,17.0,0.121,0.195,0.093,0.091,0.391,0.591,0.31,0.324,0.364,0.367,0.444,0.727,0.022,7,0.183,2,0
265,Will Barton,32,WAS,SG,40,0,782,5.1,13.1,0.386,2.4,6.4,0.377,2.7,6.8,0.395,0.477,1.6,2.1,0.778,0.5,4.6,5.1,4.4,0.8,0.5,2.1,1.8,14.1,,bartowi01,10.0,0.504,0.484,0.158,1.5,13.8,7.9,16.5,1.1,1.1,12.9,19.4,-0.4,0.6,0.2,0.013,-1.7,-0.9,-2.7,-0.1,17.0,0.119,0.214,0.091,0.091,0.395,0.588,0.311,0.308,0.423,0.377,0.379,0.75,0.025,6,0.181,1,0
265,Will Barton,32,TOR,SG,16,2,211,4.8,13.5,0.354,2.4,7.2,0.333,2.4,6.3,0.378,0.443,0.3,0.3,1.0,0.9,3.6,4.4,2.9,1.9,0.5,0.5,2.9,12.3,,bartowi01,9.9,0.451,0.532,0.025,2.5,12.2,7.0,11.0,2.6,1.4,3.6,16.7,0.0,0.2,0.2,0.051,-2.9,0.5,-2.5,0.0,17.0,0.127,0.127,0.101,0.089,0.378,0.6,0.3,0.375,0.143,0.333,0.714,0.643,0.013,1,0.19,1,0
266,Marvin Bagley III,23,DET,C,42,25,990,7.3,13.9,0.529,0.7,2.4,0.288,6.7,11.5,0.579,0.554,2.9,3.9,0.75,3.4,6.4,9.8,1.3,0.7,1.1,1.7,2.9,18.3,,baglema01,17.2,0.587,0.173,0.283,10.2,20.2,15.1,5.9,0.9,2.7,9.7,20.4,1.3,0.7,2.0,0.095,0.3,-1.2,-0.9,0.3,8.8,0.296,0.366,0.11,0.029,0.579,0.779,0.479,0.452,0.364,0.288,0.612,0.947,0.071,27,0.288,1,0
267,Cam Reddish,23,2TM,SF,40,20,990,5.1,11.3,0.446,1.6,5.2,0.313,3.4,6.1,0.56,0.518,2.3,2.7,0.853,0.7,2.5,3.2,2.1,1.4,0.5,1.7,2.6,14.1,,reddica01,10.6,0.561,0.462,0.24,2.0,8.1,5.0,8.1,1.9,1.3,12.0,17.1,0.3,0.7,0.9,0.046,-2.6,-0.8,-3.4,-0.4,13.4,0.266,0.189,0.054,0.016,0.56,0.675,0.508,0.412,0.2,0.313,0.723,0.8,0.038,12,0.333,2,0
267,Cam Reddish,23,NYK,SF,20,8,438,5.0,11.2,0.449,1.4,4.6,0.304,3.6,6.6,0.55,0.511,2.4,2.7,0.879,0.6,2.0,2.5,1.6,1.2,0.7,1.2,2.6,13.8,,reddica01,10.6,0.558,0.412,0.243,1.7,6.0,3.9,6.3,1.7,1.7,9.1,16.2,0.3,0.4,0.7,0.071,-2.2,0.0,-2.3,0.0,12.8,0.316,0.206,0.044,0.022,0.55,0.651,0.464,0.333,0.333,0.304,0.75,0.941,0.059,8,0.339,1,0
267,Cam Reddish,23,POR,SF,20,12,552,5.1,11.5,0.443,1.8,5.7,0.318,3.3,5.7,0.568,0.523,2.3,2.7,0.833,0.7,3.0,3.7,2.4,1.6,0.4,2.1,2.6,14.3,,reddica01,10.6,0.563,0.5,0.239,2.3,9.6,5.9,9.6,2.1,1.0,14.1,17.8,0.0,0.3,0.3,0.025,-3.0,-1.4,-4.3,-0.3,14.0,0.227,0.176,0.063,0.011,0.568,0.7,0.548,0.455,0.0,0.318,0.7,0.714,0.023,4,0.33,1,0
268,Jock Landale,27,PHO,C,69,4,979,6.5,12.4,0.528,0.8,3.1,0.25,5.8,9.3,0.621,0.559,2.9,3.9,0.752,4.4,5.9,10.3,2.5,0.6,1.1,2.2,4.6,16.8,,landajo01,16.4,0.595,0.249,0.312,13.2,18.6,15.8,10.1,0.8,2.7,13.3,19.3,1.5,1.2,2.7,0.132,-0.7,-0.4,-1.1,0.2,9.8,0.377,0.297,0.053,0.024,0.621,0.74,0.53,0.333,0.5,0.25,0.771,1.0,0.139,42,0.036,1,0
269,Nassir Little,22,POR,SF,54,4,976,4.9,11.2,0.442,2.1,5.8,0.367,2.8,5.3,0.524,0.538,1.2,1.7,0.717,1.0,4.2,5.2,1.8,0.7,0.7,1.3,2.4,13.2,,littlna01,10.2,0.555,0.521,0.152,3.2,13.5,8.3,7.3,1.0,1.8,10.0,16.0,0.2,0.4,0.7,0.032,-1.6,-1.4,-3.0,-0.3,16.9,0.185,0.129,0.059,0.092,0.524,0.696,0.333,0.389,0.5,0.367,0.553,0.931,0.05,12,0.139,2,0
270,Usman Garuba,20,HOU,C,75,1,970,3.2,6.6,0.486,0.9,2.2,0.407,2.3,4.4,0.525,0.554,1.1,1.7,0.617,4.5,6.9,11.4,2.4,1.6,1.1,1.7,5.0,8.4,,garubus01,12.9,0.569,0.333,0.266,13.4,21.4,17.4,8.8,2.2,2.9,19.2,10.5,0.9,0.9,1.8,0.091,-2.0,0.6,-1.4,0.2,9.9,0.452,0.209,0.006,0.0,0.525,0.625,0.324,0.0,,0.407,0.613,1.0,0.062,11,0.492,0,0
271,JT Thor,20,CHO,PF,69,8,969,3.5,8.8,0.399,1.4,4.6,0.317,2.1,4.3,0.487,0.481,1.2,1.7,0.702,1.3,4.3,5.6,1.3,0.8,0.9,1.6,2.5,9.7,,thorjt01,7.0,0.506,0.517,0.197,3.9,13.0,8.4,4.9,1.1,2.1,14.5,13.1,-0.6,0.8,0.2,0.009,-4.3,-0.4,-4.7,-0.7,15.8,0.193,0.164,0.088,0.038,0.487,0.565,0.487,0.381,0.333,0.317,0.679,0.974,0.05,11,0.553,0,0
272,Haywood Highsmith,26,MIA,PF,54,11,969,3.5,8.0,0.431,1.4,4.0,0.339,2.1,4.0,0.523,0.516,0.5,1.0,0.464,2.1,4.9,7.0,1.6,1.3,0.6,1.7,3.0,8.8,,highsha01,8.5,0.517,0.505,0.13,6.7,16.4,11.4,6.2,1.9,1.8,16.5,12.5,-0.3,1.3,0.9,0.046,-3.7,0.7,-3.1,-0.3,15.4,0.241,0.148,0.069,0.037,0.523,0.692,0.406,0.267,0.375,0.339,0.625,0.973,0.06,13,0.44,0,0
273,Cameron Payne,28,PHO,PG,48,15,968,7.0,16.8,0.415,2.5,6.9,0.368,4.5,10.0,0.448,0.49,1.8,2.4,0.766,0.4,3.5,3.9,8.0,1.2,0.3,3.0,3.3,18.3,,payneca01,13.2,0.512,0.408,0.141,1.3,11.0,6.1,32.6,1.7,0.7,14.4,24.8,0.0,1.0,1.1,0.053,-0.5,-0.7,-1.2,0.2,15.8,0.124,0.267,0.146,0.055,0.448,0.607,0.388,0.439,0.4,0.368,0.3,0.662,0.0,0,0.097,3,0
274,Kendrick Nunn,27,2TM,SG,70,2,964,7.1,16.8,0.424,3.0,8.3,0.354,4.2,8.5,0.493,0.512,1.3,1.5,0.854,0.6,3.5,4.1,3.4,1.0,0.3,2.5,2.5,18.5,,nunnke01,11.1,0.53,0.496,0.091,1.8,10.3,6.2,13.8,1.4,0.6,12.4,23.7,-0.6,0.8,0.2,0.008,-2.0,-1.5,-3.5,-0.4,17.0,0.127,0.18,0.127,0.071,0.493,0.667,0.395,0.474,0.469,0.354,0.366,0.696,0.022,8,0.229,1,0
274,Kendrick Nunn,27,LAL,SG,39,2,528,7.0,17.1,0.406,2.8,8.6,0.325,4.2,8.5,0.488,0.488,1.2,1.4,0.81,0.3,3.4,3.7,2.3,0.7,0.2,2.1,2.4,17.9,,nunnke01,8.7,0.503,0.502,0.084,1.0,9.8,5.6,9.3,1.0,0.5,10.6,23.3,-0.6,0.4,-0.2,-0.021,-3.4,-1.6,-5.0,-0.4,16.8,0.131,0.179,0.12,0.068,0.488,0.667,0.444,0.4,0.412,0.325,0.459,0.756,0.02,4,0.214,0,0
274,Kendrick Nunn,27,WAS,SG,31,0,436,7.3,16.4,0.447,3.1,8.0,0.392,4.2,8.4,0.5,0.543,1.5,1.7,0.9,0.8,3.6,4.5,4.6,1.4,0.3,2.9,2.6,19.3,,nunnke01,14.1,0.563,0.487,0.101,2.7,10.8,6.9,19.2,1.9,0.8,14.4,24.2,0.0,0.4,0.4,0.043,-0.4,-1.3,-1.6,0.0,17.2,0.121,0.181,0.136,0.075,0.5,0.667,0.333,0.556,0.533,0.392,0.255,0.632,0.025,4,0.247,1,0
275,Karl-Anthony Towns,27,MIN,PF,29,29,957,8.0,16.1,0.495,2.3,6.2,0.366,5.7,9.9,0.576,0.565,4.4,5.1,0.874,1.8,7.1,8.9,5.3,0.8,0.6,3.2,4.2,22.6,,townska01,18.8,0.618,0.383,0.315,5.7,21.6,13.8,22.0,1.0,1.5,15.0,25.6,1.5,1.1,2.7,0.133,2.1,0.9,3.0,1.2,14.0,0.201,0.292,0.056,0.068,0.576,0.791,0.48,0.333,0.552,0.366,0.599,0.967,0.044,17,0.104,0,0
276,Zion Williamson,22,NOP,PF,29,29,956,10.7,17.7,0.608,0.3,0.7,0.368,10.5,16.9,0.618,0.615,6.7,9.3,0.714,2.2,5.4,7.6,5.0,1.2,0.6,3.7,2.4,28.4,AS,willizi01,25.2,0.652,0.041,0.529,6.9,17.0,12.0,24.4,1.6,1.6,14.6,30.4,2.3,1.2,3.6,0.18,4.8,1.0,5.8,1.9,4.1,0.618,0.307,0.026,0.009,0.618,0.721,0.438,0.5,0.0,0.368,0.457,0.857,0.113,42,0.0,0,0
277,Kevin Knox,23,2TM,SF,63,5,952,5.7,12.6,0.458,2.5,7.0,0.349,3.3,5.5,0.596,0.556,1.7,2.3,0.767,1.3,5.4,6.7,1.2,0.9,0.5,1.9,3.6,15.7,,knoxke01,11.1,0.579,0.56,0.181,3.9,17.3,10.5,5.2,1.2,1.1,12.2,18.4,0.2,0.5,0.7,0.034,-2.1,-1.4,-3.5,-0.4,16.5,0.235,0.102,0.066,0.036,0.596,0.692,0.5,0.5,0.417,0.349,0.644,1.0,0.06,18,0.344,0,0
277,Kevin Knox,23,DET,SF,42,1,593,5.1,10.9,0.469,2.6,7.0,0.371,2.5,3.8,0.651,0.589,1.6,2.0,0.788,1.2,5.3,6.6,0.9,0.8,0.7,1.9,4.5,14.4,,knoxke01,10.3,0.612,0.648,0.184,3.6,17.0,10.1,3.7,1.1,1.8,14.2,16.2,0.2,0.3,0.5,0.043,-2.1,-0.6,-2.8,-0.1,18.0,0.162,0.128,0.039,0.022,0.651,0.793,0.565,0.429,0.5,0.371,0.707,1.0,0.045,8,0.414,0,0
277,Kevin Knox,23,POR,PF,21,4,359,6.8,15.3,0.444,2.2,7.0,0.314,4.6,8.3,0.554,0.516,2.0,2.7,0.741,1.4,5.5,6.9,1.8,1.0,0.0,1.8,2.1,17.8,,knoxke01,12.4,0.54,0.458,0.176,4.4,17.7,11.0,7.7,1.4,0.0,9.8,22.1,0.0,0.2,0.1,0.019,-2.0,-2.7,-4.6,-0.2,14.9,0.32,0.072,0.098,0.052,0.554,0.633,0.364,0.533,0.375,0.314,0.587,1.0,0.078,10,0.229,0,0
278,Cam Thomas,21,BRK,SG,57,4,948,7.6,17.3,0.441,1.9,5.1,0.383,5.7,12.3,0.464,0.497,5.7,6.6,0.868,0.3,3.3,3.6,3.0,0.8,0.3,2.4,2.1,22.9,,thomaca02,14.7,0.567,0.292,0.382,1.0,10.1,5.6,12.7,1.0,0.6,10.6,27.8,0.3,0.7,1.0,0.049,-0.7,-2.0,-2.7,-0.2,14.6,0.125,0.226,0.228,0.129,0.464,0.684,0.466,0.346,0.458,0.383,0.327,0.451,0.011,5,0.105,0,0
279,Mike Muscala,31,2TM,C,63,9,945,5.0,11.1,0.449,3.1,7.9,0.391,1.9,3.2,0.588,0.587,1.5,2.0,0.769,1.4,6.3,7.7,1.9,0.6,0.9,0.9,3.7,14.6,,muscami01,13.0,0.608,0.709,0.178,4.2,19.1,11.6,7.1,0.8,2.3,6.8,15.1,1.4,1.1,2.5,0.128,-0.3,-0.1,-0.4,0.4,19.8,0.092,0.072,0.082,0.041,0.588,0.63,0.667,0.5,0.5,0.391,0.86,0.975,0.021,5,0.232,0,0
279,Mike Muscala,31,OKC,C,43,5,622,5.2,11.7,0.438,3.2,8.2,0.394,1.9,3.5,0.541,0.576,1.8,2.3,0.795,1.3,6.5,7.8,2.2,0.6,1.1,0.8,4.1,15.3,,muscami01,13.8,0.602,0.7,0.192,3.9,19.7,11.6,8.2,0.8,2.8,6.0,15.7,1.0,0.7,1.7,0.134,0.3,-0.1,0.1,0.3,20.7,0.103,0.049,0.094,0.054,0.541,0.667,0.4,0.526,0.455,0.394,0.879,0.982,0.02,3,0.183,0,0
279,Mike Muscala,31,BOS,C,20,4,323,4.7,9.9,0.472,2.8,7.2,0.385,1.9,2.7,0.708,0.612,1.0,1.4,0.692,1.6,6.0,7.6,1.3,0.4,0.6,1.0,3.1,13.2,,muscami01,11.6,0.623,0.73,0.146,4.8,18.0,11.5,5.0,0.6,1.3,8.7,14.0,0.4,0.4,0.8,0.116,-1.5,0.1,-1.4,0.1,18.9,0.067,0.124,0.056,0.011,0.708,0.5,0.909,0.4,1.0,0.385,0.824,0.96,0.022,2,0.338,0,0
280,Maxi Kleber,31,DAL,PF,37,5,930,3.0,6.5,0.456,1.5,4.3,0.348,1.5,2.2,0.667,0.571,1.0,1.5,0.711,1.2,4.1,5.2,2.0,0.5,1.2,1.0,3.3,8.5,,klebima01,8.7,0.592,0.663,0.225,3.7,13.3,8.4,7.5,0.6,2.9,12.7,10.3,0.7,0.6,1.3,0.067,-2.2,0.0,-2.2,0.0,18.1,0.237,0.047,0.036,0.018,0.667,0.725,0.5,0.667,0.333,0.348,0.868,0.974,0.077,11,0.277,0,0
281,Yuta Watanabe,28,BRK,SF,58,1,928,4.4,9.0,0.491,2.3,5.2,0.444,2.1,3.8,0.557,0.621,1.3,1.8,0.723,1.2,4.3,5.5,1.9,1.0,0.7,0.9,3.1,12.5,,watanyu01,12.1,0.637,0.582,0.203,3.7,13.1,8.5,7.0,1.3,1.6,8.0,13.1,1.3,0.9,2.1,0.111,-0.4,-0.2,-0.6,0.3,16.4,0.224,0.138,0.017,0.039,0.557,0.769,0.281,0.25,0.444,0.444,0.722,1.0,0.06,13,0.533,1,0
282,Ish Wainright,28,PHO,SF,60,2,915,3.3,8.9,0.37,2.2,6.8,0.329,1.1,2.1,0.5,0.496,1.0,1.2,0.839,1.8,3.7,5.5,2.1,1.5,0.9,0.9,4.6,9.9,,wainris01,9.2,0.522,0.762,0.137,5.3,11.6,8.4,7.4,2.0,2.2,8.4,12.2,0.5,1.2,1.7,0.089,-2.7,1.5,-1.2,0.2,19.8,0.15,0.075,0.009,0.004,0.5,0.529,0.471,0.5,0.0,0.329,0.519,0.982,0.026,3,0.514,2,0
283,Daishen Nix,20,HOU,PG,57,7,914,3.2,9.3,0.342,1.6,5.5,0.286,1.6,3.8,0.423,0.426,0.9,1.4,0.667,0.7,3.2,3.9,5.2,1.2,0.3,3.4,2.3,8.9,,nixda01,5.3,0.447,0.591,0.152,2.1,9.7,5.9,19.2,1.6,0.7,25.4,15.4,-1.5,0.3,-1.2,-0.062,-5.0,-1.5,-6.5,-1.0,17.4,0.19,0.194,0.004,0.021,0.423,0.489,0.37,1.0,0.2,0.286,0.439,0.825,0.013,2,0.15,3,0
284,Jaylin Williams,20,OKC,C,49,36,914,4.0,9.2,0.436,1.8,4.5,0.407,2.2,4.8,0.463,0.534,1.5,2.1,0.704,1.7,7.8,9.5,3.0,1.1,0.5,1.5,4.4,11.3,,willija07,11.2,0.559,0.483,0.231,5.1,23.6,14.1,10.7,1.5,1.2,12.6,13.5,0.7,1.2,1.9,0.099,-2.3,0.6,-1.7,0.1,16.2,0.192,0.15,0.107,0.068,0.463,0.667,0.2,0.32,0.688,0.407,0.839,0.957,0.047,8,0.159,0,0
285,Chris Duarte,25,IND,SF,46,12,897,4.9,13.4,0.369,2.2,7.0,0.316,2.7,6.4,0.428,0.452,2.4,2.9,0.847,0.8,3.9,4.6,2.6,1.0,0.4,1.6,2.6,14.5,,duartch01,8.6,0.496,0.523,0.216,2.4,11.9,7.1,9.7,1.3,0.9,10.1,19.0,-0.5,0.4,0.0,-0.003,-2.9,-1.6,-4.5,-0.6,17.2,0.183,0.099,0.096,0.09,0.428,0.541,0.485,0.25,0.3,0.316,0.456,0.782,0.015,4,0.328,3,0
286,Derrick Jones Jr.,25,CHI,PF,64,0,893,4.6,9.3,0.5,1.1,3.2,0.338,3.5,6.0,0.587,0.559,2.5,3.4,0.738,2.4,3.7,6.2,1.4,1.2,1.5,1.0,3.5,12.9,,jonesde02,13.8,0.597,0.348,0.365,7.7,11.6,9.7,5.1,1.6,4.0,8.6,14.5,1.2,1.2,2.4,0.131,-1.2,0.8,-0.4,0.3,9.7,0.548,0.096,0.009,0.0,0.587,0.627,0.364,0.5,,0.338,0.739,1.0,0.178,35,0.6,0,0
287,Dean Wade,26,CLE,PF,44,13,891,2.9,7.2,0.412,1.8,5.1,0.354,1.1,2.0,0.56,0.54,0.6,0.9,0.652,0.8,5.3,6.1,1.5,1.1,0.8,0.7,3.6,8.3,,wadede01,8.5,0.55,0.718,0.13,2.6,17.2,9.9,5.4,1.6,2.2,8.3,10.2,0.4,1.4,1.8,0.097,-2.9,2.1,-0.7,0.3,19.0,0.164,0.062,0.045,0.011,0.56,0.759,0.364,0.25,0.0,0.354,0.821,1.0,0.04,6,0.409,0,0
288,Vlatko Čančar,25,DEN,PF,60,9,889,4.4,9.2,0.476,1.7,4.7,0.374,2.6,4.5,0.58,0.57,1.5,1.7,0.927,1.0,4.2,5.2,3.2,0.9,0.6,1.5,3.4,12.0,,cancavl01,11.0,0.606,0.507,0.181,3.2,13.1,8.3,11.5,1.2,1.4,13.1,13.8,0.9,0.8,1.7,0.093,-1.7,-0.1,-1.8,0.0,15.3,0.233,0.22,0.035,0.004,0.58,0.717,0.48,0.25,1.0,0.374,0.662,0.977,0.026,4,0.33,4,1
289,Nickeil Alexander-Walker,24,2TM,SG,59,3,884,5.3,12.0,0.444,2.5,6.5,0.384,2.9,5.5,0.515,0.547,1.6,2.4,0.667,0.6,3.5,4.1,4.4,1.3,0.9,2.2,3.6,14.8,,alexani01,11.6,0.565,0.539,0.203,1.9,10.5,6.3,16.7,1.7,2.0,14.6,17.9,0.3,0.8,1.1,0.062,-1.4,0.4,-0.9,0.2,16.9,0.139,0.207,0.044,0.071,0.515,0.634,0.443,0.385,0.571,0.384,0.329,0.803,0.01,2,0.277,2,0
289,Nickeil Alexander-Walker,24,UTA,SG,36,3,528,5.7,11.6,0.488,2.4,5.9,0.402,3.3,5.7,0.578,0.591,1.8,2.7,0.692,0.5,3.5,4.0,5.2,1.6,1.0,3.1,4.0,15.5,,alexani01,13.0,0.609,0.512,0.229,1.7,10.3,6.0,19.9,2.2,2.2,19.4,18.4,0.3,0.5,0.8,0.074,-0.6,1.1,0.5,0.3,16.5,0.118,0.247,0.059,0.065,0.578,0.65,0.524,0.4,0.818,0.402,0.313,0.714,0.006,1,0.241,1,0
289,Nickeil Alexander-Walker,24,MIN,SG,23,0,356,4.9,12.6,0.384,2.6,7.3,0.361,2.2,5.4,0.415,0.488,1.3,2.1,0.619,0.7,3.5,4.2,3.2,0.8,0.7,1.0,3.0,13.7,,alexani01,9.6,0.503,0.576,0.168,2.2,10.8,6.6,12.0,1.1,1.7,6.9,17.3,0.0,0.3,0.3,0.044,-2.5,-0.5,-3.0,-0.1,17.4,0.168,0.152,0.024,0.08,0.415,0.619,0.263,0.333,0.3,0.361,0.364,0.923,0.016,1,0.319,1,0
290,Bismack Biyombo,30,PHO,C,61,14,874,4.9,8.5,0.578,0.0,0.0,,4.9,8.5,0.578,0.578,1.0,2.9,0.357,3.7,7.0,10.7,2.3,0.7,3.6,2.1,4.7,10.8,,biyombi01,14.4,0.555,0.0,0.34,11.0,22.1,16.5,8.7,1.0,9.0,17.7,14.0,0.2,1.6,1.9,0.102,-3.4,2.5,-0.9,0.2,4.4,0.417,0.49,0.092,0.0,0.578,0.814,0.406,0.421,,,0.824,,0.214,42,,0,0
291,Goran Dragić,36,2TM,PG,58,0,870,5.8,13.9,0.421,2.2,6.0,0.359,3.7,7.9,0.468,0.499,1.3,1.9,0.689,0.7,2.7,3.4,6.2,0.5,0.2,2.6,2.7,15.1,,dragigo01,10.3,0.514,0.433,0.134,2.1,8.2,5.2,24.3,0.7,0.4,15.1,21.1,-0.3,0.7,0.4,0.025,-2.1,-1.8,-3.9,-0.4,16.6,0.185,0.128,0.179,0.075,0.468,0.613,0.372,0.35,0.56,0.359,0.393,0.904,0.0,0,0.186,0,0
291,Goran Dragić,36,CHI,PG,51,0,787,5.8,13.7,0.425,2.1,5.9,0.352,3.8,7.8,0.48,0.5,1.2,1.9,0.659,0.6,2.6,3.2,6.4,0.5,0.2,2.6,2.9,14.9,,dragigo01,10.2,0.514,0.428,0.137,1.9,7.9,5.0,24.7,0.7,0.5,15.0,21.0,-0.2,0.6,0.4,0.023,-2.1,-1.6,-3.7,-0.3,15.5,0.191,0.13,0.181,0.07,0.48,0.632,0.359,0.352,0.619,0.352,0.39,0.911,0.0,0,0.195,0,0
291,Goran Dragić,36,MIL,PG,7,0,83,6.1,15.6,0.389,3.0,7.4,0.412,3.0,8.2,0.368,0.486,1.7,1.7,1.0,1.3,3.9,5.2,5.2,0.9,0.0,3.0,0.9,16.9,,dragigo01,11.4,0.516,0.472,0.111,3.9,10.9,7.5,20.2,1.2,0.0,15.6,22.7,0.0,0.1,0.1,0.037,-2.3,-2.9,-5.2,-0.1,17.7,0.139,0.111,0.167,0.111,0.368,0.4,0.5,0.333,0.25,0.412,0.429,0.857,0.0,0,0.118,0,0
292,James Wiseman,21,2TM,C,45,22,867,7.8,14.1,0.558,0.2,0.8,0.2,7.7,13.2,0.58,0.563,2.8,4.0,0.701,3.0,8.1,11.1,1.2,0.3,1.1,2.1,4.5,18.7,,wisemja01,15.6,0.589,0.059,0.286,9.2,25.2,17.0,5.5,0.4,2.7,11.8,21.2,0.7,0.7,1.4,0.077,-2.1,-1.4,-3.5,-0.3,6.3,0.366,0.407,0.086,0.056,0.58,0.742,0.536,0.31,0.263,0.2,0.697,1.0,0.239,72,0.05,0,0
292,James Wiseman,21,GSW,C,21,0,262,8.1,12.9,0.628,0.1,0.3,0.5,8.0,12.6,0.63,0.633,3.6,5.2,0.684,2.5,7.6,10.0,1.9,0.4,1.0,1.9,5.4,19.9,,wisemja01,17.1,0.655,0.021,0.404,7.7,22.7,15.3,8.0,0.5,2.4,11.2,20.0,0.5,0.3,0.8,0.144,-1.3,-0.5,-1.7,0.0,5.9,0.415,0.372,0.128,0.064,0.63,0.795,0.629,0.25,0.333,0.5,0.81,1.0,0.383,30,0.0,0,0
292,James Wiseman,21,DET,C,24,22,605,7.7,14.6,0.531,0.2,1.1,0.167,7.6,13.5,0.559,0.537,2.5,3.5,0.712,3.3,8.3,11.5,1.0,0.2,1.2,2.2,4.1,18.1,,wisemja01,15.0,0.563,0.073,0.241,9.8,26.3,17.8,4.4,0.3,2.9,12.0,21.7,0.2,0.4,0.6,0.049,-2.5,-1.8,-4.3,-0.4,6.6,0.347,0.42,0.069,0.053,0.559,0.718,0.505,0.353,0.231,0.167,0.646,1.0,0.184,42,0.056,0,0
293,Théo Maledon,21,CHO,PG,44,7,854,4.3,10.7,0.402,1.2,4.0,0.295,3.1,6.7,0.465,0.457,2.7,3.1,0.851,0.6,4.6,5.2,6.4,1.6,0.5,2.5,2.6,12.4,,maledth01,11.6,0.515,0.374,0.291,1.7,13.9,7.7,24.2,2.1,1.2,17.1,17.0,0.0,0.9,0.8,0.047,-3.0,0.5,-2.5,-0.1,14.0,0.217,0.256,0.134,0.02,0.465,0.582,0.354,0.471,0.6,0.295,0.324,0.821,0.0,0,0.074,2,0
294,Andre Drummond,29,CHI,C,67,0,849,7.0,11.6,0.606,0.0,0.1,0.0,7.0,11.5,0.613,0.606,2.8,5.3,0.536,5.9,13.0,18.8,1.4,1.9,1.1,3.2,5.0,16.9,,drumman01,20.8,0.606,0.011,0.456,18.7,40.2,29.6,5.7,2.6,3.1,18.6,21.0,0.8,2.0,2.8,0.159,-1.2,0.5,-0.8,0.3,2.3,0.763,0.215,0.011,0.0,0.613,0.66,0.475,0.0,,0.0,0.614,,0.277,66,0.333,0,0
295,Aaron Holiday,26,ATL,PG,63,6,845,3.9,9.4,0.418,1.5,3.7,0.409,2.4,5.6,0.424,0.5,1.2,1.4,0.844,1.1,2.1,3.2,3.8,1.6,0.5,1.5,3.4,10.5,,holidaa01,9.4,0.528,0.4,0.145,3.2,6.4,4.8,13.0,2.1,1.2,13.3,13.4,0.3,0.6,0.9,0.053,-2.9,0.9,-2.0,0.0,14.7,0.223,0.168,0.132,0.077,0.424,0.612,0.216,0.31,0.529,0.409,0.214,0.861,0.0,0,0.17,0,0
296,Romeo Langford,23,SAS,SG,43,21,844,5.2,11.0,0.467,0.7,2.6,0.262,4.5,8.4,0.53,0.498,1.7,2.4,0.696,2.4,2.4,4.9,2.1,1.0,0.6,1.3,2.9,12.7,,langfro01,10.4,0.524,0.236,0.216,7.1,7.7,7.4,7.9,1.3,1.3,9.6,15.4,0.3,0.2,0.5,0.029,-2.6,-1.5,-4.2,-0.5,10.1,0.29,0.351,0.093,0.031,0.53,0.68,0.429,0.458,0.5,0.262,0.543,1.0,0.054,13,0.541,0,0
297,Terence Davis,25,SAC,SG,64,5,841,6.6,15.6,0.423,3.8,10.4,0.366,2.8,5.2,0.537,0.545,1.5,1.8,0.791,0.9,5.1,6.0,2.9,1.8,0.5,2.3,4.5,18.4,,daviste02,12.9,0.563,0.668,0.118,2.7,16.1,9.4,11.1,2.4,1.2,12.2,22.2,0.0,0.9,0.9,0.054,-1.3,-0.3,-1.5,0.1,18.8,0.148,0.118,0.033,0.03,0.537,0.685,0.442,0.333,0.455,0.366,0.508,0.91,0.038,12,0.243,1,0
298,George Hill,36,2TM,SG,46,1,834,3.4,7.2,0.47,1.5,4.1,0.358,1.9,3.1,0.62,0.572,1.8,2.4,0.764,0.6,3.0,3.7,4.7,1.1,0.3,1.5,2.4,10.0,,hillge01,10.6,0.61,0.572,0.331,2.0,8.6,5.4,16.7,1.5,0.6,15.2,11.3,1.1,0.8,1.9,0.107,-2.4,0.9,-1.5,0.1,17.8,0.205,0.102,0.054,0.066,0.62,0.706,0.412,0.667,0.636,0.358,0.477,0.853,0.018,3,0.337,4,1
298,George Hill,36,MIL,PG,35,0,668,3.2,7.1,0.447,1.2,4.0,0.311,1.9,3.1,0.621,0.534,1.8,2.5,0.739,0.7,2.9,3.6,4.8,1.0,0.2,1.5,2.2,9.4,,hillge01,9.8,0.575,0.561,0.348,2.1,8.1,5.2,16.8,1.4,0.4,15.1,11.3,0.7,0.7,1.4,0.1,-2.8,1.2,-1.7,0.0,17.7,0.205,0.106,0.053,0.076,0.621,0.704,0.357,0.714,0.7,0.311,0.417,0.87,0.015,2,0.351,3,0
298,George Hill,36,IND,SG,11,1,166,4.1,7.4,0.559,2.4,4.6,0.524,1.7,2.8,0.615,0.721,1.7,2.0,0.889,0.4,3.5,3.9,4.6,1.5,0.7,1.5,3.0,12.4,,hillge01,14.1,0.751,0.618,0.265,1.3,10.7,6.0,16.7,2.0,1.6,15.6,11.4,0.4,0.1,0.5,0.136,-0.6,0.0,-0.6,0.1,17.9,0.206,0.088,0.059,0.029,0.615,0.714,0.667,0.5,0.0,0.524,0.75,0.818,0.029,1,0.286,1,1
299,Mark Williams,21,CHO,C,43,17,828,7.0,10.9,0.637,0.0,0.0,,7.0,10.9,0.637,0.637,2.9,4.2,0.691,4.0,9.2,13.2,0.8,1.2,2.0,1.7,4.1,16.8,,willima07,19.8,0.659,0.0,0.386,11.7,27.7,19.6,3.3,1.6,4.7,12.0,17.0,1.5,1.3,2.8,0.163,-0.5,0.6,0.1,0.4,3.1,0.673,0.267,0.048,0.012,0.637,0.751,0.388,0.417,0.667,,0.681,,0.303,71,,0,0
300,Robert Williams,25,BOS,C,35,20,824,5.5,7.4,0.747,0.0,0.0,0.0,5.5,7.4,0.751,0.747,1.1,1.8,0.61,4.5,8.2,12.8,2.2,1.0,2.1,1.5,3.0,12.2,,williro04,19.8,0.742,0.006,0.241,14.0,24.5,19.3,8.5,1.3,5.0,15.3,11.8,2.3,1.6,3.8,0.224,1.0,2.4,3.3,1.1,3.0,0.682,0.276,0.024,0.012,0.751,0.879,0.489,0.5,0.0,0.0,0.685,,0.341,56,1.0,0,0
301,Wesley Matthews,36,MIL,SF,52,0,820,2.5,7.0,0.363,1.7,5.4,0.315,0.8,1.6,0.528,0.484,1.1,1.2,0.857,1.5,3.5,5.0,1.5,0.9,0.6,0.8,3.1,7.9,,matthwe02,7.0,0.519,0.775,0.175,4.5,9.7,7.2,5.1,1.2,1.3,9.5,9.8,0.3,0.9,1.2,0.073,-3.4,0.8,-2.7,-0.1,21.0,0.106,0.056,0.05,0.013,0.528,0.706,0.333,0.5,0.0,0.315,0.842,0.974,0.0,0,0.339,0,0
302,Moses Moody,20,GSW,SG,63,3,817,4.8,10.0,0.476,2.2,5.9,0.363,2.6,4.1,0.641,0.584,1.6,2.3,0.698,1.2,3.4,4.6,2.2,0.8,0.3,1.5,2.4,13.3,,moodymo01,10.3,0.603,0.595,0.233,3.8,10.2,7.1,8.2,1.0,0.8,12.0,14.6,0.7,0.6,1.3,0.076,-1.7,-0.9,-2.6,-0.1,17.1,0.225,0.132,0.031,0.018,0.641,0.725,0.5,0.429,1.0,0.363,0.695,0.98,0.101,19,0.348,1,0
303,Rudy Gay,36,UTA,PF,56,0,816,4.8,12.7,0.38,1.5,5.7,0.254,3.4,6.9,0.484,0.437,1.9,2.2,0.857,1.5,5.7,7.2,2.5,0.8,0.8,1.6,3.0,12.9,,gayru01,9.0,0.475,0.453,0.171,4.4,17.0,10.8,9.4,1.1,1.9,10.7,17.7,-0.4,0.7,0.3,0.018,-3.6,-0.4,-4.0,-0.4,16.8,0.105,0.174,0.157,0.111,0.484,0.667,0.44,0.422,0.469,0.254,0.526,1.0,0.045,11,0.338,1,0
304,Ty Jerome,25,GSW,SG,45,2,816,5.2,10.7,0.488,1.5,4.0,0.389,3.7,6.7,0.546,0.56,1.7,1.8,0.927,0.3,3.1,3.4,6.0,1.0,0.2,1.3,2.8,13.6,,jeromty01,12.8,0.594,0.372,0.169,1.0,9.4,5.3,22.1,1.3,0.5,10.3,14.9,1.4,0.7,2.1,0.124,-1.1,0.3,-0.8,0.3,14.7,0.095,0.306,0.182,0.045,0.546,0.739,0.527,0.523,0.364,0.389,0.41,0.857,0.0,0,0.233,0,0
305,Jeremiah Robinson-Earl,22,OKC,PF,43,20,814,4.9,11.0,0.444,1.6,4.9,0.333,3.2,6.1,0.533,0.518,1.5,1.9,0.833,3.1,4.8,8.0,1.9,1.1,0.5,0.8,3.1,12.9,,robinje02,13.0,0.548,0.448,0.169,9.2,14.7,11.9,7.0,1.4,1.2,6.7,14.6,1.1,0.8,1.9,0.111,-0.8,-0.7,-1.5,0.1,12.9,0.395,0.101,0.02,0.036,0.533,0.612,0.32,0.6,0.222,0.333,0.795,1.0,0.085,18,0.351,0,0
306,Jericho Sims,24,NYK,C,52,16,812,3.7,4.7,0.776,0.0,0.0,0.0,3.7,4.7,0.783,0.776,0.5,0.7,0.75,4.4,6.3,10.7,1.1,0.7,1.2,1.2,4.3,7.9,,simsje01,13.8,0.78,0.009,0.15,13.3,19.4,16.4,4.0,0.9,3.2,19.1,7.4,1.6,0.9,2.6,0.153,-1.0,0.5,-0.5,0.3,2.5,0.832,0.103,0.056,0.0,0.783,0.831,0.545,0.5,,0.0,0.711,,0.626,61,0.0,1,0
307,Caleb Houstan,20,ORL,SF,51,4,812,2.9,8.1,0.363,2.0,6.0,0.338,0.9,2.0,0.435,0.489,0.7,0.8,0.833,1.5,2.9,4.4,1.3,0.5,0.3,0.8,2.8,8.6,,houstca01,6.2,0.508,0.747,0.099,4.7,9.1,6.9,4.9,0.7,0.8,8.7,11.0,0.1,0.5,0.7,0.039,-3.1,-0.9,-4.0,-0.4,20.1,0.159,0.038,0.005,0.049,0.435,0.483,0.429,0.0,0.333,0.338,0.65,1.0,0.005,0,0.338,0,0
308,Danuel House Jr.,29,PHI,SF,56,5,807,4.1,8.8,0.472,1.7,4.9,0.336,2.5,3.9,0.644,0.566,2.0,2.7,0.75,0.4,3.8,4.2,2.0,0.6,0.4,1.2,3.1,12.0,,houseda01,9.4,0.6,0.558,0.305,1.3,12.2,6.9,7.5,0.9,1.0,10.4,13.8,0.6,0.7,1.3,0.075,-2.5,-0.5,-3.0,-0.2,15.5,0.279,0.086,0.03,0.036,0.644,0.727,0.412,0.833,0.286,0.336,0.714,0.892,0.071,12,0.464,0,0
309,Landry Shamet,25,PHO,SG,40,9,807,5.0,13.4,0.377,3.3,8.9,0.377,1.7,4.5,0.376,0.502,2.0,2.3,0.882,0.5,2.5,3.0,4.1,1.2,0.2,1.6,2.7,15.4,,shamela01,10.9,0.537,0.663,0.17,1.5,7.9,4.6,15.7,1.6,0.6,10.0,18.9,0.5,0.7,1.2,0.071,-1.1,-0.3,-1.4,0.1,19.6,0.137,0.067,0.077,0.057,0.376,0.537,0.25,0.261,0.294,0.377,0.605,0.88,0.013,2,0.226,1,0
310,Dario Šarić,28,2TM,C,57,12,806,5.7,12.4,0.458,2.0,5.1,0.391,3.7,7.2,0.506,0.54,2.8,3.4,0.829,2.4,6.9,9.2,3.3,0.9,0.3,2.5,4.4,16.2,,saricda01,13.5,0.583,0.415,0.274,7.1,21.4,14.1,12.7,1.2,0.8,15.1,19.2,0.7,1.0,1.7,0.099,-1.5,0.1,-1.4,0.1,14.2,0.242,0.224,0.072,0.047,0.506,0.731,0.403,0.3,0.154,0.391,0.671,1.0,0.004,0,0.252,0,0
310,Dario Šarić,28,PHO,PF,37,12,533,5.1,12.0,0.427,1.8,4.7,0.391,3.3,7.4,0.45,0.503,2.4,3.0,0.818,2.6,7.0,9.6,3.8,0.9,0.3,2.4,4.7,14.5,,saricda01,12.3,0.545,0.388,0.247,7.9,21.9,14.8,14.6,1.2,0.8,15.4,18.7,0.3,0.7,0.9,0.085,-2.3,0.3,-2.0,0.0,13.5,0.236,0.247,0.073,0.056,0.45,0.643,0.386,0.308,0.1,0.391,0.633,1.0,0.006,0,0.319,0,0
310,Dario Šarić,28,OKC,C,20,0,273,6.7,13.1,0.515,2.4,6.1,0.391,4.4,7.0,0.623,0.606,3.6,4.2,0.844,1.8,6.7,8.6,2.2,0.9,0.3,2.5,4.0,19.4,,saricda01,15.9,0.65,0.465,0.323,5.4,20.5,12.8,8.9,1.2,0.7,14.4,20.2,0.4,0.3,0.7,0.127,0.1,-0.2,-0.2,0.1,14.9,0.253,0.182,0.071,0.03,0.623,0.88,0.444,0.286,0.333,0.391,0.727,1.0,0.0,0,0.152,0,0
311,Luke Kornet,27,BOS,C,69,0,804,5.1,7.6,0.665,0.1,0.6,0.231,4.9,7.0,0.701,0.674,1.4,1.7,0.821,3.9,5.0,8.8,2.4,0.5,2.1,1.1,3.6,11.7,,kornelu01,16.7,0.697,0.076,0.229,11.9,14.8,13.4,9.1,0.7,4.9,11.8,11.5,2.1,1.2,3.3,0.198,-0.4,1.3,1.0,0.6,4.6,0.647,0.206,0.041,0.0,0.701,0.773,0.6,0.286,,0.231,0.745,1.0,0.371,59,0.538,1,0
312,Christian Koloko,22,TOR,C,58,19,802,3.2,6.7,0.48,0.0,0.5,0.083,3.2,6.2,0.514,0.483,1.7,2.6,0.627,3.8,3.9,7.7,1.4,0.9,2.6,0.9,5.7,8.2,,kolokch01,11.4,0.517,0.08,0.393,11.1,13.3,12.1,5.0,1.3,6.9,10.2,10.4,0.7,1.0,1.7,0.104,-4.3,0.8,-3.5,-0.3,4.9,0.633,0.213,0.067,0.007,0.514,0.6,0.313,0.4,0.0,0.083,0.704,1.0,0.32,36,0.5,1,0
313,Khris Middleton,31,MIL,SF,33,19,801,8.0,18.2,0.436,2.3,7.3,0.315,5.7,11.0,0.516,0.499,4.1,4.6,0.902,1.3,5.0,6.3,7.3,1.0,0.2,3.2,3.1,22.3,,middlkh01,17.4,0.551,0.399,0.251,3.8,14.0,9.1,30.7,1.4,0.5,13.6,27.4,1.0,1.0,1.9,0.117,1.0,-0.3,0.8,0.6,16.4,0.111,0.18,0.175,0.135,0.516,0.644,0.548,0.423,0.491,0.315,0.333,0.608,0.002,1,0.142,0,0
314,JaMychal Green,32,GSW,PF,57,1,797,6.1,11.4,0.54,1.9,5.0,0.378,4.2,6.4,0.667,0.623,2.3,3.0,0.776,3.3,6.0,9.3,2.3,1.1,1.0,2.3,4.7,16.5,,greenja01,15.5,0.65,0.44,0.266,10.1,18.0,14.1,8.9,1.5,2.5,15.6,17.5,1.2,1.0,2.2,0.133,-0.7,0.2,-0.5,0.3,12.8,0.345,0.171,0.016,0.028,0.667,0.701,0.674,0.5,0.286,0.378,0.66,1.0,0.246,52,0.387,0,0
315,Thaddeus Young,34,TOR,PF,54,9,795,4.9,9.0,0.545,0.3,1.5,0.176,4.6,7.4,0.622,0.561,0.8,1.2,0.692,3.2,4.3,7.5,3.4,2.4,0.2,1.9,4.0,10.9,,youngth01,14.1,0.573,0.172,0.131,9.4,14.6,11.8,12.9,3.4,0.6,16.7,13.5,0.7,1.1,1.8,0.109,-1.8,1.9,0.1,0.4,7.9,0.364,0.409,0.04,0.015,0.622,0.806,0.494,0.25,0.667,0.176,0.549,1.0,0.051,10,0.706,1,0
316,Bryce McGowens,20,CHO,SG,46,7,787,3.7,9.2,0.396,1.2,3.7,0.325,2.5,5.6,0.443,0.46,2.7,3.7,0.75,0.9,3.3,4.3,2.5,0.7,0.3,2.0,2.2,11.3,,mcgowbr01,7.2,0.519,0.396,0.396,2.7,10.1,6.3,9.1,0.9,0.7,15.3,15.0,-0.4,0.4,0.1,0.005,-4.6,-1.4,-6.0,-0.8,13.0,0.327,0.193,0.059,0.025,0.443,0.576,0.333,0.25,0.0,0.325,0.648,0.923,0.059,9,0.35,1,0
317,Josh Christopher,21,HOU,SG,64,2,786,7.0,15.1,0.465,1.0,4.1,0.236,6.0,11.0,0.55,0.497,2.1,2.7,0.75,0.9,2.3,3.3,3.3,1.5,0.7,2.7,2.7,17.0,,chrisjo01,11.5,0.523,0.271,0.182,2.8,7.2,5.0,14.3,2.0,1.9,14.4,21.9,-0.3,0.3,0.0,-0.001,-3.0,-1.4,-4.3,-0.5,11.9,0.222,0.289,0.188,0.03,0.55,0.685,0.537,0.452,0.3,0.236,0.348,0.762,0.082,24,0.191,0,0
318,Robert Covington,32,LAC,PF,48,0,779,4.7,10.6,0.445,2.5,6.3,0.397,2.2,4.3,0.516,0.563,1.4,1.8,0.75,1.4,6.2,7.7,2.6,1.8,1.5,1.5,4.0,13.3,,covinro01,14.2,0.584,0.594,0.175,4.5,19.2,11.9,10.2,2.4,3.7,11.5,15.6,0.7,1.2,1.9,0.117,-0.5,2.1,1.7,0.7,16.8,0.205,0.157,0.031,0.013,0.516,0.702,0.361,0.143,0.333,0.397,0.75,0.981,0.035,7,0.147,0,0
319,Justise Winslow,26,POR,PF,29,11,776,3.8,9.2,0.409,0.6,2.1,0.311,3.1,7.1,0.438,0.444,0.9,1.3,0.714,2.3,4.5,6.7,4.5,1.4,0.5,2.0,4.1,9.1,,winslju01,9.3,0.466,0.227,0.141,7.2,14.3,10.7,17.2,1.9,1.3,17.0,14.2,-0.1,0.5,0.4,0.022,-3.4,0.6,-2.8,-0.2,9.8,0.348,0.288,0.106,0.03,0.438,0.551,0.386,0.286,0.167,0.311,0.567,1.0,0.02,3,0.444,0,0
320,Mo Bamba,24,2TM,C,49,7,769,5.5,11.3,0.485,2.2,5.8,0.387,3.2,5.5,0.59,0.585,1.9,2.9,0.661,2.7,7.8,10.5,2.2,0.6,2.0,1.4,4.9,15.1,,bambamo01,15.7,0.602,0.515,0.257,8.5,24.2,16.4,8.7,0.8,5.3,10.1,16.6,1.1,1.1,2.2,0.139,-0.2,0.7,0.5,0.5,15.5,0.32,0.104,0.033,0.029,0.59,0.74,0.24,0.5,0.286,0.387,0.754,1.0,0.178,36,0.113,0,0
320,Mo Bamba,24,ORL,C,40,6,681,5.6,11.3,0.495,2.3,5.7,0.398,3.3,5.6,0.594,0.596,1.9,2.7,0.686,2.5,7.2,9.7,2.2,0.6,2.0,1.2,4.5,15.3,,bambamo01,16.3,0.613,0.505,0.238,7.8,22.8,15.3,9.0,0.9,5.4,8.5,16.3,1.2,0.9,2.1,0.15,0.4,0.9,1.3,0.6,14.9,0.322,0.103,0.037,0.033,0.594,0.739,0.273,0.5,0.286,0.398,0.762,1.0,0.187,33,0.12,0,0
320,Mo Bamba,24,LAL,C,9,1,88,4.5,11.0,0.407,2.0,6.5,0.313,2.5,4.5,0.545,0.5,2.5,4.5,0.545,4.5,12.3,16.8,1.6,0.4,2.0,3.3,7.8,13.5,,bambamo01,11.4,0.518,0.593,0.407,13.9,35.3,24.9,6.0,0.5,4.8,20.1,19.1,-0.1,0.2,0.1,0.054,-5.3,-0.2,-5.5,-0.1,16.1,0.296,0.111,0.0,0.0,0.545,0.75,0.0,,,0.313,0.667,1.0,0.111,3,0.063,0,0
321,Simone Fontecchio,27,UTA,SF,52,6,766,5.4,14.7,0.369,3.0,9.0,0.33,2.4,5.7,0.43,0.47,1.6,2.1,0.795,1.5,2.6,4.0,2.0,0.7,0.4,1.8,2.9,15.4,,fontesi01,8.0,0.495,0.612,0.141,4.4,7.7,6.1,7.5,0.9,0.9,10.5,20.2,-0.4,0.3,-0.1,-0.004,-3.0,-2.1,-5.2,-0.6,18.5,0.106,0.157,0.067,0.058,0.43,0.545,0.327,0.524,0.389,0.33,0.731,0.952,0.042,10,0.225,0,0
322,Miles McBride,22,NYK,PG,64,2,760,3.6,10.2,0.358,1.9,6.3,0.299,1.8,3.8,0.457,0.451,1.3,2.0,0.667,0.6,1.8,2.4,3.4,1.8,0.4,1.2,2.8,10.5,,mcbrimi01,8.4,0.475,0.623,0.195,1.9,5.4,3.6,12.4,2.4,1.0,9.7,14.6,0.0,0.7,0.7,0.047,-3.6,1.4,-2.3,-0.1,18.6,0.153,0.079,0.079,0.065,0.457,0.636,0.294,0.353,0.357,0.299,0.541,0.875,0.028,4,0.373,1,0
323,Paul Reed,23,PHI,C,69,2,755,5.9,10.0,0.593,0.0,0.3,0.167,5.9,9.7,0.606,0.596,1.8,2.4,0.745,5.3,7.2,12.5,1.3,2.2,2.4,2.1,5.9,13.7,,reedpa01,19.2,0.62,0.029,0.244,17.8,23.1,20.5,5.3,3.0,6.3,16.3,16.4,1.2,1.6,2.8,0.18,-1.6,1.5,-0.1,0.4,4.0,0.651,0.215,0.057,0.029,0.606,0.706,0.356,0.333,0.5,0.167,0.659,1.0,0.144,25,0.167,0,0
324,John Wall,32,LAC,PG,34,3,755,6.6,16.1,0.408,1.6,5.2,0.303,5.0,10.9,0.459,0.457,3.7,5.4,0.681,0.7,3.7,4.4,8.5,1.3,0.6,3.8,2.8,18.4,,walljo01,13.6,0.498,0.322,0.334,2.1,11.4,6.8,35.3,1.8,1.4,17.1,27.0,-0.4,0.7,0.3,0.02,-0.8,-0.4,-1.2,0.1,14.5,0.213,0.216,0.08,0.169,0.459,0.597,0.466,0.37,0.316,0.303,0.143,0.939,0.012,4,0.101,0,0
325,R.J. Hampton,21,2TM,SG,47,3,750,4.9,11.4,0.43,2.0,5.6,0.353,2.9,5.8,0.504,0.517,2.7,3.6,0.75,0.9,3.3,4.2,2.6,1.3,0.4,2.0,2.4,14.5,,hamptrj01,10.8,0.558,0.489,0.321,2.6,10.5,6.5,10.4,1.7,1.1,13.4,17.8,0.1,0.5,0.7,0.042,-2.3,-0.6,-2.9,-0.2,15.8,0.156,0.211,0.089,0.038,0.504,0.676,0.44,0.476,0.222,0.353,0.41,0.805,0.025,6,0.25,0,0
325,R.J. Hampton,21,ORL,SG,26,0,361,5.0,11.4,0.439,1.8,5.3,0.34,3.2,6.1,0.525,0.518,3.1,3.7,0.838,0.9,3.0,3.9,3.4,1.6,0.4,2.1,2.2,14.9,,hamptrj01,12.5,0.572,0.465,0.325,2.8,9.4,6.1,13.4,2.1,1.1,13.9,18.0,0.2,0.4,0.6,0.077,-1.5,0.3,-1.2,0.1,15.8,0.167,0.219,0.079,0.07,0.525,0.684,0.52,0.444,0.25,0.34,0.25,0.722,0.018,2,0.283,0,0
325,R.J. Hampton,21,DET,SG,21,3,389,4.8,11.4,0.423,2.1,5.8,0.365,2.7,5.6,0.483,0.516,2.4,3.6,0.667,0.8,3.6,4.4,1.9,1.0,0.5,1.9,2.7,14.2,,hamptrj01,9.3,0.546,0.512,0.317,2.5,11.5,6.8,7.5,1.4,1.1,13.0,17.6,-0.1,0.2,0.1,0.01,-3.0,-1.4,-4.4,-0.2,15.7,0.146,0.203,0.098,0.008,0.483,0.667,0.36,0.5,0.0,0.365,0.586,0.87,0.033,4,0.222,0,0
326,Edmond Sumner,27,BRK,SG,53,12,736,6.1,13.2,0.461,1.5,4.3,0.356,4.5,8.9,0.511,0.519,4.8,5.3,0.917,0.6,3.2,3.9,3.3,1.5,0.5,2.4,4.1,18.5,,sumneed01,14.0,0.597,0.323,0.401,2.0,9.9,6.0,13.3,2.1,1.2,13.6,22.1,0.6,0.7,1.3,0.086,-2.4,-0.2,-2.6,-0.1,11.2,0.316,0.268,0.052,0.041,0.511,0.624,0.389,0.357,0.636,0.356,0.634,0.903,0.033,9,0.529,0,0
327,Zeke Nnaji,22,DEN,PF,53,5,728,5.4,9.7,0.561,0.8,3.2,0.262,4.6,6.5,0.71,0.605,2.0,3.1,0.645,3.2,3.6,6.8,0.9,0.8,1.1,1.5,5.2,13.7,,nnajize01,12.5,0.62,0.332,0.316,10.5,11.2,10.9,3.3,1.1,2.8,12.2,15.2,0.9,0.7,1.6,0.106,-2.7,-0.9,-3.7,-0.3,9.9,0.52,0.138,0.0,0.01,0.71,0.794,0.407,,0.5,0.262,0.72,1.0,0.168,32,0.369,2,0
328,Jaden Hardy,20,DAL,SG,48,5,708,7.4,16.9,0.438,3.2,7.9,0.404,4.2,9.0,0.469,0.533,3.3,4.0,0.823,0.6,4.0,4.5,3.3,0.9,0.4,2.3,3.3,21.4,,hardyja02,14.6,0.571,0.468,0.237,1.8,13.0,7.3,14.9,1.2,0.9,11.1,26.4,0.2,0.5,0.7,0.048,-0.4,-1.9,-2.3,0.0,15.0,0.279,0.138,0.057,0.057,0.469,0.548,0.435,0.263,0.368,0.404,0.422,0.825,0.024,7,0.231,2,1
329,Justin Holiday,33,2TM,SF,46,2,706,3.9,10.4,0.377,2.3,7.3,0.322,1.6,3.1,0.508,0.49,0.3,0.4,0.625,0.3,2.5,2.8,2.1,1.0,1.0,1.1,3.5,10.5,,holidju01,6.6,0.494,0.701,0.039,0.8,8.1,4.4,7.5,1.3,2.3,9.6,14.1,-0.4,0.5,0.1,0.008,-3.7,-0.1,-3.9,-0.3,19.6,0.147,0.02,0.034,0.098,0.508,0.7,0.5,0.143,0.35,0.322,0.871,0.913,0.039,8,0.538,0,0
329,Justin Holiday,33,ATL,SF,28,0,411,4.2,10.9,0.384,2.6,7.6,0.345,1.6,3.3,0.474,0.504,0.0,0.0,,0.2,1.8,2.0,2.2,0.4,0.9,1.1,3.2,11.0,,holidju01,6.1,0.504,0.696,0.0,0.5,5.7,3.1,7.6,0.6,2.1,8.8,14.0,-0.1,0.2,0.1,0.007,-3.1,-0.6,-3.7,-0.2,20.2,0.152,0.008,0.032,0.112,0.474,0.684,0.0,0.0,0.357,0.345,1.0,0.9,0.048,6,0.414,0,0
329,Justin Holiday,33,DAL,SF,18,2,295,3.5,9.6,0.367,2.0,6.8,0.286,1.6,2.8,0.565,0.468,0.6,1.0,0.625,0.4,3.5,3.9,2.0,1.7,1.1,1.2,3.8,9.6,,holidju01,7.4,0.479,0.709,0.101,1.2,11.6,6.3,7.5,2.4,2.7,10.8,14.2,-0.3,0.3,0.1,0.009,-4.6,0.5,-4.1,-0.2,19.1,0.139,0.038,0.038,0.076,0.565,0.727,0.667,0.333,0.333,0.286,0.692,0.938,0.025,2,0.732,0,0
330,MarJon Beauchamp,22,MIL,SF,52,11,701,4.9,12.5,0.395,2.4,7.3,0.331,2.5,5.2,0.485,0.492,1.4,1.9,0.73,2.0,4.0,5.9,1.8,1.1,0.4,2.3,3.6,13.7,,beaucma01,8.2,0.513,0.584,0.152,5.9,11.0,8.5,6.7,1.4,0.8,14.8,18.3,-0.4,0.8,0.4,0.027,-4.1,-0.6,-4.8,-0.5,17.5,0.21,0.095,0.041,0.07,0.485,0.667,0.261,0.5,0.235,0.331,0.551,0.872,0.058,13,0.387,1,0
331,Aleksej Pokusevski,21,OKC,PF,34,25,701,5.5,12.8,0.434,2.0,5.3,0.365,3.6,7.4,0.483,0.51,1.1,1.8,0.629,2.3,5.9,8.2,3.3,1.0,2.2,2.2,3.0,14.2,,pokusal01,13.4,0.522,0.418,0.141,6.8,17.8,12.2,12.4,1.4,5.7,14.0,18.3,0.0,1.0,1.0,0.066,-1.0,1.0,0.0,0.3,13.2,0.305,0.201,0.052,0.024,0.483,0.645,0.3,0.308,0.333,0.365,0.6,0.974,0.056,14,0.279,0,0
332,Juan Toscano-Anderson,29,2TM,SF,52,9,700,3.3,7.4,0.448,0.4,2.2,0.186,2.9,5.1,0.56,0.476,1.0,1.2,0.792,1.4,4.9,6.4,3.3,0.8,0.5,1.7,4.1,8.0,,toscaju01,7.2,0.505,0.301,0.168,4.4,14.4,9.5,11.8,1.1,1.2,18.1,11.3,-0.1,0.6,0.5,0.038,-4.6,0.8,-3.8,-0.3,11.2,0.294,0.308,0.063,0.035,0.56,0.667,0.5,0.333,0.6,0.186,0.661,1.0,0.035,4,0.465,1,0
332,Juan Toscano-Anderson,29,LAL,SF,30,7,365,3.3,6.5,0.5,0.4,2.0,0.2,2.9,4.5,0.63,0.53,1.1,1.5,0.733,1.4,4.6,6.0,2.5,1.0,0.7,1.7,4.5,8.0,,toscaju01,7.5,0.558,0.303,0.227,4.3,13.3,8.9,8.6,1.3,1.6,19.0,10.4,0.0,0.4,0.4,0.055,-4.6,1.2,-3.4,-0.1,11.1,0.333,0.288,0.03,0.045,0.63,0.864,0.421,0.0,0.667,0.2,0.793,1.0,0.03,2,0.35,0,0
332,Juan Toscano-Anderson,29,UTA,SF,22,2,335,3.3,8.3,0.403,0.4,2.5,0.174,2.9,5.8,0.5,0.429,0.9,1.0,0.889,1.5,5.3,6.8,4.3,0.6,0.3,1.8,3.7,8.0,,toscaju01,6.9,0.457,0.299,0.117,4.6,15.6,10.2,15.2,0.9,0.8,17.4,12.2,-0.1,0.2,0.1,0.019,-4.7,0.4,-4.3,-0.2,11.3,0.26,0.325,0.091,0.026,0.5,0.45,0.56,0.429,0.5,0.174,0.519,1.0,0.039,2,0.565,1,0
333,Malachi Flynn,24,TOR,PG,53,2,691,4.5,12.6,0.36,2.4,6.9,0.353,2.1,5.7,0.367,0.457,1.3,1.7,0.758,0.8,3.2,4.0,3.6,1.1,0.2,1.3,3.4,12.8,,flynnma01,8.7,0.479,0.55,0.136,2.3,10.8,6.2,13.7,1.5,0.6,8.9,17.4,0.0,0.5,0.5,0.034,-3.3,-0.8,-4.1,-0.4,18.3,0.12,0.145,0.083,0.103,0.367,0.517,0.286,0.5,0.2,0.353,0.375,0.872,0.0,0,0.158,0,0
334,Duncan Robinson,28,MIA,SF,42,1,691,4.6,12.3,0.371,3.3,10.0,0.328,1.3,2.3,0.556,0.504,1.5,1.7,0.906,0.4,3.2,3.6,2.4,0.7,0.0,1.5,4.0,14.0,,robindu01,7.8,0.534,0.81,0.135,1.3,10.7,5.9,9.7,1.0,0.0,10.0,17.9,-0.1,0.6,0.5,0.035,-3.5,-1.5,-5.0,-0.5,21.9,0.051,0.089,0.034,0.013,0.556,0.75,0.476,0.5,0.333,0.328,0.88,0.952,0.0,0,0.188,0,0
335,Chimezie Metu,25,SAC,PF,66,0,689,6.7,11.4,0.589,0.5,2.0,0.237,6.3,9.5,0.663,0.61,2.8,3.8,0.74,2.5,7.9,10.3,2.1,1.1,1.1,1.7,4.2,16.8,,metuch01,17.3,0.639,0.174,0.333,7.8,24.9,16.4,8.1,1.5,2.7,11.3,17.6,1.2,0.8,2.1,0.143,-0.3,0.2,-0.1,0.3,7.5,0.466,0.274,0.055,0.014,0.663,0.804,0.483,0.25,0.667,0.237,0.75,1.0,0.32,62,0.079,0,0
336,T.J. Warren,29,2TM,PF,42,0,687,6.9,14.1,0.489,1.2,3.5,0.328,5.8,10.6,0.542,0.53,1.5,1.8,0.8,1.4,5.0,6.3,2.1,1.2,0.6,1.0,3.4,16.5,,warretj01,13.5,0.55,0.248,0.13,4.2,15.4,9.8,8.7,1.6,1.5,6.5,19.5,0.4,0.8,1.2,0.081,-1.7,-0.2,-2.0,0.0,13.1,0.156,0.252,0.237,0.107,0.542,0.714,0.471,0.484,0.586,0.328,0.664,0.955,0.019,5,0.403,0,0
336,T.J. Warren,29,BRK,PF,26,0,490,7.5,14.7,0.51,1.2,3.5,0.333,6.3,11.2,0.566,0.55,2.0,2.4,0.818,1.0,4.3,5.3,2.1,1.1,0.5,1.2,3.3,18.1,,warretj01,14.3,0.576,0.24,0.165,3.1,13.2,8.3,9.1,1.5,1.2,7.3,20.9,0.3,0.5,0.8,0.081,-1.4,-0.6,-2.0,0.0,12.9,0.15,0.25,0.255,0.105,0.566,0.833,0.44,0.529,0.571,0.333,0.663,0.938,0.02,4,0.354,0,0
336,T.J. Warren,29,PHO,SF,16,0,197,5.5,12.8,0.429,1.1,3.5,0.316,4.4,9.3,0.471,0.471,0.2,0.4,0.5,2.4,6.6,9.0,2.0,1.3,0.9,0.5,3.7,12.2,,warretj01,11.6,0.473,0.271,0.029,7.2,20.7,13.8,7.7,1.7,2.3,4.1,16.0,0.0,0.3,0.3,0.08,-2.5,0.6,-1.9,0.0,13.3,0.171,0.257,0.186,0.114,0.471,0.417,0.556,0.308,0.625,0.316,0.667,1.0,0.014,1,0.526,0,0
337,Garrison Mathews,26,2TM,SG,54,0,686,3.8,10.5,0.363,3.3,9.4,0.35,0.5,1.1,0.476,0.52,2.5,2.8,0.906,0.6,3.3,3.8,1.4,1.3,0.3,1.0,3.3,13.5,,mathega01,9.7,0.573,0.896,0.264,1.7,10.0,5.8,5.1,1.7,0.7,7.8,14.7,0.7,0.3,1.0,0.067,-2.0,-0.4,-2.4,-0.1,22.9,0.045,0.04,0.01,0.01,0.476,0.667,0.25,0.5,0.5,0.35,0.5,0.952,0.01,2,0.228,0,0
337,Garrison Mathews,26,HOU,SG,45,0,602,3.6,10.2,0.353,3.2,9.3,0.342,0.4,0.9,0.467,0.509,2.5,2.7,0.911,0.6,3.1,3.7,1.4,1.4,0.2,1.1,3.3,12.8,,mathega01,9.1,0.564,0.912,0.265,1.8,9.6,5.7,5.1,1.9,0.6,8.7,14.3,0.5,0.2,0.7,0.058,-2.3,-0.2,-2.5,-0.1,24.1,0.041,0.035,0.0,0.012,0.467,0.571,0.333,,0.5,0.342,0.429,0.981,0.006,1,0.232,0,0
337,Garrison Mathews,26,ATL,SG,9,0,84,5.6,13.3,0.419,4.3,10.7,0.4,1.3,2.6,0.5,0.581,3.0,3.4,0.875,0.4,4.3,4.7,1.3,0.4,0.4,0.4,2.6,18.4,,mathega01,14.0,0.623,0.806,0.258,1.3,13.2,7.2,4.7,0.6,1.0,2.8,17.8,0.2,0.0,0.2,0.127,0.7,-2.4,-1.7,0.0,21.8,0.065,0.065,0.065,0.0,0.5,1.0,0.0,0.5,,0.4,0.667,0.8,0.032,1,0.2,0,0
338,Montrezl Harrell,29,PHI,C,57,7,681,6.6,11.0,0.598,0.0,0.3,0.0,6.6,10.7,0.616,0.598,3.7,5.3,0.693,3.5,4.9,8.4,1.7,0.9,1.3,1.9,4.0,16.9,,harremo01,17.6,0.631,0.029,0.483,11.8,15.7,13.8,7.4,1.2,3.4,12.1,18.9,1.3,0.8,2.2,0.153,-0.9,-0.4,-1.3,0.1,4.0,0.627,0.297,0.043,0.005,0.616,0.71,0.5,0.111,0.0,0.0,0.656,,0.263,48,0.167,1,0
339,Jordan McLaughlin,26,MIN,PG,43,0,678,3.2,7.7,0.421,1.3,4.1,0.308,2.0,3.6,0.552,0.503,0.8,1.0,0.833,0.8,2.5,3.3,7.9,1.7,0.2,1.8,1.5,8.5,,mclaujo01,11.8,0.526,0.538,0.124,2.5,7.6,5.1,27.4,2.2,0.5,17.7,11.7,0.7,0.6,1.3,0.094,-1.3,0.6,-0.7,0.2,16.7,0.166,0.241,0.034,0.021,0.552,0.708,0.457,0.4,0.667,0.308,0.73,0.833,0.0,0,0.295,5,0
340,Jae'Sean Tate,27,HOU,SF,31,7,677,5.8,12.2,0.48,0.7,2.4,0.283,5.2,9.7,0.53,0.509,2.7,3.7,0.725,2.2,4.1,6.3,4.5,1.1,0.4,2.5,5.6,15.0,,tateja01,12.2,0.546,0.201,0.301,6.6,12.6,9.6,18.2,1.5,1.0,15.3,18.8,0.4,0.3,0.7,0.049,-2.8,-0.7,-3.5,-0.3,8.5,0.306,0.437,0.044,0.013,0.53,0.614,0.5,0.3,0.333,0.283,0.351,0.923,0.009,1,0.348,1,0
341,Blake Wesley,19,SAS,SG,37,1,669,3.7,11.6,0.321,1.1,2.8,0.385,2.6,8.8,0.301,0.367,1.4,2.4,0.591,0.6,3.7,4.4,5.3,1.3,0.3,3.5,3.6,9.9,,weslebl01,3.5,0.393,0.242,0.205,1.9,11.7,6.6,18.6,1.8,0.6,21.7,18.5,-1.9,0.3,-1.6,-0.114,-7.9,-1.8,-9.6,-1.3,11.8,0.279,0.233,0.126,0.121,0.301,0.517,0.14,0.222,0.192,0.385,0.306,0.95,0.065,12,0.269,1,0
342,Sandro Mamukelashvili,23,2TM,C,43,7,660,5.3,12.5,0.422,1.6,5.4,0.303,3.7,7.1,0.511,0.487,2.1,3.1,0.684,3.8,6.3,10.1,3.4,0.8,0.7,1.9,2.8,14.3,,mamuksa01,13.4,0.516,0.43,0.248,11.2,19.0,15.1,12.8,1.0,1.5,12.1,18.2,0.4,0.5,0.9,0.063,-1.1,-1.3,-2.4,-0.1,14.0,0.335,0.183,0.043,0.009,0.511,0.61,0.429,0.2,0.0,0.303,0.642,1.0,0.048,6,0.202,0,0
342,Sandro Mamukelashvili,23,MIL,C,24,0,217,3.2,9.6,0.328,1.2,5.3,0.219,2.0,4.3,0.462,0.388,2.0,3.0,0.667,3.0,6.3,9.3,2.7,0.7,0.8,1.5,3.2,9.5,,mamuksa01,8.5,0.432,0.552,0.31,9.0,17.6,13.4,9.3,0.9,1.9,12.0,14.5,-0.1,0.3,0.2,0.049,-4.0,0.4,-3.6,-0.1,15.6,0.259,0.155,0.034,0.0,0.462,0.6,0.333,0.0,,0.219,0.667,1.0,0.121,3,0.25,0,0
342,Sandro Mamukelashvili,23,SAS,C,19,7,443,6.3,14.0,0.453,1.9,5.4,0.343,4.5,8.5,0.524,0.52,2.2,3.2,0.692,4.2,6.3,10.5,3.7,0.8,0.6,2.1,2.7,16.7,,mamuksa01,15.9,0.545,0.39,0.227,12.3,19.7,15.9,14.6,1.1,1.3,12.1,20.1,0.4,0.2,0.6,0.07,0.3,-2.1,-1.8,0.0,12.4,0.36,0.192,0.047,0.012,0.524,0.613,0.455,0.25,0.0,0.343,0.636,1.0,0.023,3,0.179,0,0
343,Eugene Omoruyi,25,2TM,SF,40,6,645,5.6,12.7,0.443,1.4,5.0,0.281,4.2,7.8,0.547,0.498,2.8,4.2,0.68,2.4,3.8,6.2,1.6,1.6,0.2,1.9,5.1,15.5,,omorueu01,10.9,0.533,0.39,0.329,7.1,11.8,9.4,6.3,2.1,0.4,11.5,19.3,0.1,0.5,0.6,0.042,-3.5,-0.9,-4.4,-0.4,11.4,0.404,0.18,0.013,0.013,0.547,0.707,0.244,0.333,0.0,0.281,0.618,1.0,0.053,11,0.472,1,0
343,Eugene Omoruyi,25,OKC,SF,23,2,272,5.8,12.4,0.468,1.1,4.1,0.258,4.8,8.3,0.571,0.511,2.3,3.7,0.607,2.9,4.0,6.9,1.5,1.9,0.0,2.1,6.1,15.0,,omorueu01,10.6,0.531,0.33,0.298,8.5,12.1,10.3,5.6,2.4,0.0,13.1,18.8,0.0,0.3,0.3,0.052,-4.4,-0.5,-4.9,-0.2,9.6,0.5,0.149,0.011,0.011,0.571,0.681,0.286,0.0,0.0,0.258,0.611,1.0,0.096,8,0.548,0,0
343,Eugene Omoruyi,25,DET,SF,17,4,373,5.5,12.9,0.425,1.6,5.6,0.293,3.9,7.3,0.526,0.489,3.3,4.5,0.723,2.0,3.7,5.7,1.6,1.4,0.3,1.7,4.3,15.9,,omorueu01,11.2,0.533,0.433,0.351,6.1,11.6,8.8,6.8,1.8,0.7,10.4,19.7,0.1,0.2,0.3,0.034,-2.9,-1.2,-4.1,-0.2,13.1,0.336,0.201,0.015,0.015,0.526,0.733,0.222,0.5,0.0,0.293,0.625,1.0,0.022,3,0.431,1,0
344,Payton Pritchard,25,BOS,PG,48,3,643,5.7,13.7,0.412,3.1,8.6,0.364,2.5,5.1,0.495,0.527,0.7,0.9,0.75,1.4,3.5,4.9,3.6,0.8,0.1,2.2,2.1,15.1,,pritcpa01,10.3,0.536,0.629,0.065,4.3,10.5,7.5,14.0,1.1,0.1,13.7,19.8,-0.1,0.7,0.6,0.045,-2.1,-1.2,-3.4,-0.2,18.6,0.159,0.118,0.033,0.053,0.495,0.615,0.414,0.375,0.385,0.364,0.422,0.857,0.004,0,0.182,3,0
345,Amir Coffey,25,LAC,SF,50,9,625,3.2,8.4,0.386,0.6,2.3,0.275,2.6,6.0,0.429,0.424,2.8,3.6,0.778,1.0,2.1,3.1,3.1,0.4,0.3,1.2,2.9,9.9,,coffeam01,7.0,0.498,0.276,0.434,3.1,6.4,4.7,11.2,0.5,0.7,10.8,13.5,0.1,0.3,0.4,0.033,-4.3,-0.7,-5.0,-0.5,12.1,0.172,0.366,0.124,0.062,0.429,0.6,0.377,0.389,0.333,0.275,0.6,1.0,0.041,5,0.45,1,0
346,Anthony Gill,30,WAS,PF,59,8,624,4.1,7.6,0.538,0.2,1.7,0.138,3.9,5.9,0.65,0.553,2.8,3.9,0.731,2.1,3.6,5.7,2.0,0.4,0.7,0.9,4.0,11.3,,gillan01,11.1,0.604,0.22,0.508,6.9,10.6,8.8,7.2,0.5,1.6,8.5,12.3,1.0,0.4,1.3,0.101,-2.4,-0.9,-3.3,-0.2,8.7,0.311,0.409,0.053,0.008,0.65,0.78,0.593,0.429,0.0,0.138,0.672,1.0,0.045,5,0.621,0,0
347,Jabari Walker,20,POR,SF,56,0,619,4.8,11.5,0.419,0.9,3.3,0.286,3.9,8.3,0.472,0.46,2.0,2.6,0.756,2.8,4.8,7.6,2.0,0.6,0.8,1.7,4.0,12.6,,walkeja01,9.6,0.496,0.283,0.227,8.8,15.5,12.2,7.8,0.8,1.9,11.8,17.3,-0.1,0.3,0.2,0.015,-3.9,-2.1,-6.1,-0.6,10.5,0.404,0.197,0.071,0.045,0.472,0.6,0.256,0.357,0.444,0.286,0.716,0.938,0.116,19,0.232,0,0
348,Darius Bazley,22,2TM,C,43,1,616,4.9,10.7,0.454,1.2,3.1,0.377,3.7,7.6,0.485,0.508,2.2,4.1,0.543,2.0,6.1,8.1,2.2,1.3,2.0,1.6,2.6,13.1,,bazleda01,13.1,0.524,0.29,0.383,5.8,18.5,12.1,8.3,1.7,5.1,11.2,16.4,0.1,0.9,1.0,0.078,-2.0,1.0,-1.0,0.2,10.3,0.448,0.175,0.071,0.016,0.485,0.598,0.281,0.385,0.0,0.377,0.794,0.95,0.186,30,0.358,0,0
348,Darius Bazley,22,OKC,C,36,1,555,4.6,10.2,0.449,1.2,2.9,0.4,3.4,7.3,0.469,0.506,2.3,4.2,0.554,1.9,6.0,7.9,2.1,1.2,1.9,1.4,2.3,12.7,,bazleda01,12.9,0.525,0.285,0.411,5.5,18.3,11.8,7.6,1.6,4.8,10.5,15.7,0.1,0.8,0.9,0.079,-1.8,0.8,-1.0,0.1,9.8,0.468,0.158,0.07,0.019,0.469,0.554,0.28,0.455,0.0,0.4,0.792,0.944,0.171,23,0.378,0,0
348,Darius Bazley,22,PHO,C,7,0,61,7.1,14.8,0.48,1.2,4.7,0.25,5.9,10.0,0.588,0.52,1.2,3.0,0.4,3.0,6.5,9.4,3.5,1.8,3.0,3.0,5.3,16.5,,bazleda01,15.5,0.515,0.32,0.2,8.9,20.4,14.5,14.5,2.4,7.3,15.5,22.5,0.0,0.1,0.1,0.066,-3.7,3.3,-0.4,0.0,10.7,0.32,0.28,0.08,0.0,0.588,1.0,0.286,0.0,,0.25,0.8,1.0,0.28,7,0.25,0,0
349,Juancho Hernangómez,27,TOR,PF,42,10,614,2.8,6.7,0.421,1.0,3.9,0.254,1.8,2.8,0.66,0.496,0.5,0.9,0.563,1.6,5.6,7.2,1.5,0.9,0.4,0.9,2.5,7.2,,hernaju01,7.6,0.504,0.588,0.14,4.6,19.1,11.3,5.2,1.3,0.9,11.0,9.4,0.1,0.6,0.7,0.053,-3.5,0.2,-3.3,-0.2,16.1,0.289,0.105,0.0,0.018,0.66,0.727,0.583,,0.0,0.254,0.677,1.0,0.018,2,0.418,0,0
350,Jaxson Hayes,22,NOP,C,47,2,610,5.1,9.2,0.551,0.2,1.7,0.103,4.9,7.5,0.654,0.561,3.4,4.9,0.699,2.3,5.5,7.8,2.0,1.2,1.1,1.8,4.0,13.8,,hayesja02,13.7,0.605,0.186,0.532,7.3,17.3,12.3,7.7,1.6,3.0,13.9,15.7,0.6,0.9,1.5,0.118,-2.2,1.0,-1.2,0.1,7.4,0.41,0.353,0.006,0.013,0.654,0.766,0.527,1.0,0.5,0.103,0.747,1.0,0.308,44,0.414,0,0
351,Frank Ntilikina,24,DAL,SG,47,5,607,2.8,7.8,0.364,1.0,4.0,0.254,1.8,3.9,0.477,0.428,1.3,2.0,0.667,0.4,3.3,3.7,3.4,0.9,0.4,1.7,3.9,8.0,,ntilila01,5.2,0.461,0.508,0.25,1.3,10.7,5.9,12.8,1.3,1.0,16.5,13.1,-0.5,0.4,-0.1,-0.01,-6.1,-0.7,-6.7,-0.7,16.9,0.144,0.159,0.091,0.098,0.477,0.579,0.238,0.417,0.769,0.254,0.581,0.941,0.0,0,0.343,1,0
352,DeAndre Jordan,34,DEN,C,39,8,586,5.4,7.1,0.765,0.1,0.1,1.0,5.3,7.0,0.763,0.77,1.4,2.9,0.458,3.2,9.2,12.4,2.1,0.7,1.4,2.9,4.4,12.2,,jordade01,14.7,0.731,0.009,0.417,10.5,28.6,19.8,7.7,1.0,3.5,26.1,13.7,0.5,0.9,1.4,0.112,-2.4,0.7,-1.8,0.0,2.2,0.8,0.174,0.009,0.009,0.763,0.837,0.45,1.0,0.0,1.0,0.759,1.0,0.565,60,0.0,0,0
353,Blake Griffin,33,BOS,C,41,16,569,4.0,8.2,0.485,1.5,4.2,0.348,2.5,4.0,0.625,0.573,1.3,2.0,0.656,3.0,6.8,9.8,3.9,0.9,0.6,1.4,4.7,10.8,,griffbl01,13.1,0.59,0.508,0.246,9.2,20.4,14.9,14.2,1.2,1.4,13.2,12.7,1.0,0.8,1.8,0.153,-1.4,1.5,0.1,0.3,13.6,0.308,0.162,0.008,0.0,0.625,0.675,0.524,0.0,,0.348,0.725,1.0,0.062,8,0.318,0,0
354,Ousmane Dieng,19,OKC,PF,39,1,569,4.8,11.5,0.42,1.6,6.2,0.265,3.2,5.3,0.602,0.492,0.9,1.5,0.652,1.2,5.4,6.6,2.9,0.9,0.4,1.6,2.7,12.2,,diengou01,9.3,0.505,0.541,0.127,3.5,16.5,9.9,10.7,1.2,1.1,12.0,15.9,-0.1,0.6,0.4,0.038,-3.1,-0.5,-3.6,-0.2,16.2,0.21,0.188,0.033,0.028,0.602,0.789,0.5,0.167,0.4,0.265,0.78,0.962,0.099,17,0.265,2,0
355,Kris Dunn,28,UTA,PG,22,3,568,7.4,13.7,0.537,1.1,2.3,0.472,6.3,11.4,0.55,0.576,2.6,3.4,0.774,0.6,5.8,6.3,7.9,1.6,0.6,2.2,3.7,18.4,,dunnkr01,19.1,0.606,0.167,0.245,1.7,17.1,9.5,32.3,2.1,1.5,12.8,20.2,1.3,0.6,1.9,0.162,0.7,1.7,2.4,0.6,9.3,0.139,0.583,0.102,0.009,0.55,0.767,0.524,0.409,0.5,0.472,0.162,0.824,0.023,4,0.139,0,0
356,Patty Mills,34,BRK,PG,40,2,567,5.5,13.3,0.411,3.1,8.5,0.366,2.3,4.8,0.493,0.529,1.6,1.9,0.833,0.5,2.3,2.8,3.6,1.0,0.2,1.9,2.0,15.6,,millspa02,10.6,0.554,0.641,0.144,1.6,7.0,4.4,13.9,1.3,0.5,11.9,19.7,0.0,0.4,0.4,0.035,-1.4,-1.7,-3.1,-0.2,20.9,0.062,0.057,0.077,0.163,0.493,0.769,0.5,0.25,0.5,0.366,0.568,0.857,0.0,0,0.254,1,0
357,Ricky Rubio,32,CLE,PG,33,2,566,3.9,11.3,0.343,1.3,5.2,0.256,2.5,6.1,0.417,0.402,1.8,2.2,0.8,0.6,3.9,4.5,7.3,1.7,0.4,2.0,3.2,10.9,,rubiori01,10.4,0.442,0.461,0.197,1.9,12.7,7.3,27.1,2.3,1.0,13.8,17.7,-0.2,0.9,0.7,0.062,-3.8,1.1,-2.8,-0.1,16.4,0.152,0.09,0.242,0.051,0.417,0.407,0.188,0.488,0.444,0.256,0.35,0.952,0.0,0,0.439,1,0
358,Ziaire Williams,21,MEM,SF,37,4,561,5.4,12.6,0.429,1.6,6.2,0.258,3.8,6.4,0.596,0.492,1.1,1.4,0.773,1.0,4.0,5.1,2.2,0.9,0.4,2.4,3.7,13.5,,willizi02,7.4,0.511,0.495,0.112,3.0,11.9,7.5,8.2,1.2,1.0,15.2,18.0,-0.5,0.6,0.1,0.011,-4.7,-0.8,-5.6,-0.5,15.6,0.25,0.107,0.102,0.046,0.596,0.776,0.381,0.5,0.333,0.258,0.78,0.88,0.128,21,0.433,1,1
359,Day'Ron Sharpe,21,BRK,C,48,3,552,6.1,11.2,0.544,0.4,0.7,0.545,5.7,10.4,0.544,0.561,2.3,3.6,0.636,6.5,6.6,13.0,2.4,1.0,2.1,2.7,5.8,14.8,,sharpda01,17.8,0.581,0.064,0.322,20.6,20.1,20.4,9.7,1.3,5.0,17.7,19.0,0.8,0.8,1.6,0.139,-1.8,-0.6,-2.3,0.0,3.8,0.684,0.228,0.018,0.006,0.544,0.641,0.282,0.333,0.0,0.545,0.632,0.833,0.228,32,0.091,0,0
360,Kai Jones,22,CHO,C,46,0,550,4.4,7.9,0.558,0.3,1.2,0.211,4.1,6.6,0.624,0.575,1.2,1.7,0.731,2.4,5.6,8.1,1.0,1.1,2.0,2.0,4.3,10.3,,joneska01,10.8,0.597,0.158,0.217,7.0,17.0,11.9,3.7,1.5,4.7,19.1,12.4,0.0,0.7,0.7,0.062,-4.8,0.8,-4.0,-0.3,7.2,0.508,0.242,0.058,0.033,0.624,0.836,0.31,0.429,0.0,0.211,0.619,1.0,0.408,44,0.421,0,0
361,Lindy Waters III,25,OKC,SG,41,0,531,4.7,12.1,0.393,3.9,11.0,0.358,0.8,1.1,0.75,0.556,1.1,1.4,0.8,1.1,4.0,5.1,1.9,0.9,0.7,0.7,2.8,14.5,,waterli01,11.8,0.573,0.91,0.112,3.2,12.2,7.6,7.0,1.3,1.9,5.1,15.5,0.6,0.5,1.1,0.101,0.5,-0.4,0.1,0.3,23.8,0.062,0.011,0.011,0.006,0.75,0.727,0.5,1.0,1.0,0.358,0.583,0.931,0.0,0,0.185,1,0
362,Rodney McGruder,31,DET,SG,32,12,524,4.3,10.4,0.408,2.8,6.7,0.423,1.4,3.8,0.382,0.543,1.2,1.5,0.818,1.4,3.7,5.1,1.9,1.1,0.1,0.8,2.7,12.6,,mcgruro01,10.7,0.566,0.638,0.145,4.1,11.8,7.8,7.6,1.5,0.2,6.4,14.0,0.5,0.2,0.7,0.068,-0.8,-0.7,-1.5,0.1,18.1,0.125,0.158,0.072,0.007,0.382,0.737,0.167,0.273,0.0,0.423,0.667,0.951,0.007,1,0.443,0,0
363,Chuma Okeke,24,ORL,SF,27,8,518,3.0,8.5,0.352,1.8,6.0,0.302,1.2,2.5,0.472,0.459,1.1,1.5,0.762,1.8,4.9,6.7,2.6,1.3,0.8,1.2,2.8,8.9,,okekech01,9.1,0.488,0.705,0.172,5.7,15.3,10.5,9.4,1.8,2.1,11.5,12.3,0.0,0.6,0.7,0.061,-2.4,0.8,-1.6,0.1,19.6,0.164,0.057,0.049,0.025,0.472,0.7,0.143,0.167,0.333,0.302,0.588,0.923,0.049,4,0.198,0,0
364,James Bouknight,22,CHO,SG,34,0,515,4.8,13.5,0.358,2.3,7.6,0.303,2.5,5.9,0.429,0.443,1.4,2.1,0.667,0.6,4.5,5.0,2.9,1.0,0.3,2.2,3.4,13.4,,bouknja01,6.2,0.463,0.565,0.155,1.6,13.5,7.5,11.1,1.3,0.8,13.4,19.5,-0.8,0.4,-0.4,-0.04,-5.4,-1.1,-6.5,-0.6,17.9,0.166,0.14,0.083,0.047,0.429,0.594,0.259,0.313,0.556,0.303,0.5,0.697,0.016,2,0.156,1,0
365,Max Christie,19,LAL,SG,41,3,512,3.1,7.5,0.415,1.8,4.4,0.419,1.3,3.1,0.409,0.538,1.0,1.1,0.875,0.5,4.8,5.3,1.5,0.6,0.5,0.9,2.3,9.0,,chrisma02,7.4,0.566,0.585,0.151,1.5,13.8,7.8,5.1,0.8,1.2,10.3,10.4,0.1,0.5,0.6,0.058,-3.2,0.0,-3.1,-0.1,18.0,0.113,0.132,0.085,0.085,0.409,0.417,0.429,0.333,0.444,0.419,0.556,0.962,0.038,3,0.435,0,0
366,Charles Bassey,22,SAS,C,35,2,508,6.2,9.6,0.644,0.2,0.6,0.375,6.0,9.0,0.661,0.656,1.6,2.6,0.595,5.3,8.4,13.7,3.4,1.1,2.3,2.9,5.2,14.1,,bassech01,18.8,0.658,0.059,0.274,15.5,26.4,20.7,13.2,1.5,5.4,21.3,15.6,0.8,0.6,1.3,0.123,-0.6,1.3,0.7,0.3,5.3,0.548,0.267,0.096,0.03,0.661,0.757,0.556,0.462,0.5,0.375,0.643,0.667,0.178,22,0.25,0,0
367,Raul Neto,30,CLE,PG,48,1,505,4.1,7.8,0.518,0.9,3.0,0.286,3.2,4.8,0.662,0.573,2.2,2.4,0.912,0.7,2.6,3.3,5.6,1.2,0.3,1.7,3.5,11.2,,netora01,12.6,0.628,0.382,0.309,2.3,8.4,5.4,21.0,1.7,0.7,16.1,13.2,0.8,0.6,1.5,0.142,-1.7,1.5,-0.2,0.2,13.2,0.345,0.155,0.082,0.036,0.662,0.711,0.471,1.0,0.25,0.286,0.444,0.917,0.0,0,0.19,1,0
368,Dāvis Bertāns,30,DAL,PF,45,1,492,5.0,11.7,0.431,4.0,10.3,0.39,1.0,1.4,0.737,0.603,1.0,1.1,0.867,0.7,3.1,3.9,1.5,0.8,0.6,0.7,3.9,15.1,,bertada01,11.9,0.618,0.881,0.094,2.3,10.3,6.3,6.2,1.1,1.5,5.7,16.2,0.6,0.3,0.9,0.09,0.0,-1.3,-1.2,0.1,23.4,0.081,0.025,0.006,0.006,0.737,0.769,0.5,1.0,1.0,0.39,0.929,0.982,0.031,4,0.22,1,0
369,Taj Gibson,37,WAS,C,49,2,480,4.9,9.4,0.52,0.6,1.8,0.333,4.3,7.6,0.564,0.552,2.3,3.2,0.714,2.4,4.6,7.0,2.5,1.1,0.9,1.9,6.3,12.6,,gibsota01,11.4,0.585,0.192,0.336,7.7,13.6,10.8,9.6,1.5,2.1,15.3,15.3,0.4,0.5,0.8,0.082,-3.6,0.5,-3.2,-0.1,10.3,0.288,0.28,0.144,0.096,0.564,0.806,0.429,0.5,0.333,0.333,0.667,1.0,0.064,8,0.458,0,0
370,Javonte Green,29,CHI,SF,32,1,480,4.6,8.1,0.565,1.0,2.6,0.371,3.6,5.5,0.658,0.625,2.3,3.4,0.667,2.0,4.6,6.6,1.7,1.8,1.6,1.5,3.9,12.4,,greenja02,14.5,0.646,0.324,0.417,6.5,14.2,10.4,6.4,2.4,4.2,13.5,13.6,0.6,0.8,1.4,0.142,-1.1,2.5,1.4,0.4,9.8,0.481,0.185,0.0,0.009,0.658,0.75,0.45,,0.0,0.371,0.667,1.0,0.222,24,0.457,0,0
371,Damian Jones,27,2TM,C,41,1,477,4.2,6.5,0.64,0.8,1.3,0.588,3.4,5.2,0.652,0.698,1.7,2.2,0.759,3.2,6.0,9.2,1.1,0.6,1.6,1.7,4.2,10.7,,jonesda03,12.9,0.719,0.198,0.337,9.7,17.7,13.8,4.1,0.8,3.7,18.9,10.7,0.7,0.5,1.2,0.119,-2.0,0.3,-1.7,0.0,7.1,0.593,0.186,0.012,0.012,0.652,0.706,0.5,0.0,1.0,0.588,0.733,0.9,0.302,21,0.765,1,0
371,Damian Jones,27,LAL,C,22,1,176,4.1,7.6,0.541,0.0,0.6,0.0,4.1,7.0,0.588,0.541,3.1,4.1,0.75,3.7,7.6,11.3,0.8,0.6,2.5,1.8,3.5,11.3,,jonesda03,13.8,0.6,0.081,0.541,11.3,21.8,16.7,2.9,0.8,5.8,16.4,13.2,0.2,0.3,0.4,0.117,-2.6,0.7,-2.0,0.0,6.0,0.595,0.27,0.027,0.027,0.588,0.727,0.3,0.0,1.0,0.0,0.7,,0.351,10,0.0,1,0
371,Damian Jones,27,UTA,C,19,0,301,4.2,5.9,0.714,1.2,1.7,0.714,3.0,4.2,0.714,0.816,0.8,1.1,0.778,2.9,5.1,8.0,1.3,0.6,1.1,1.7,4.5,10.4,,jonesda03,12.4,0.821,0.286,0.184,8.7,15.2,12.0,4.8,0.8,2.5,20.9,9.3,0.5,0.2,0.8,0.12,-1.7,0.2,-1.5,0.0,8.1,0.592,0.122,0.0,0.0,0.714,0.69,0.833,,,0.714,0.76,0.9,0.265,11,0.929,0,0
372,Isaiah Roby,24,SAS,PF,42,2,474,5.1,11.8,0.432,1.4,4.6,0.3,3.7,7.2,0.516,0.49,1.5,3.1,0.488,1.6,6.5,8.1,2.9,1.4,0.5,2.4,4.0,13.1,,robyis01,9.3,0.497,0.387,0.265,4.7,20.6,12.3,10.7,1.8,1.2,15.2,17.8,-0.4,0.3,-0.1,-0.011,-4.0,-0.6,-4.6,-0.3,13.1,0.265,0.277,0.026,0.045,0.516,0.707,0.395,0.25,0.286,0.3,0.612,1.0,0.084,12,0.183,0,0
373,Stanley Johnson,26,SAS,SF,30,0,469,5.0,9.4,0.533,1.4,3.1,0.45,3.6,6.3,0.573,0.607,2.0,3.0,0.667,1.7,5.6,7.3,5.1,1.2,0.5,2.5,3.7,13.4,,johnsst04,13.5,0.625,0.328,0.32,4.9,17.7,11.1,19.0,1.6,1.1,19.2,15.2,0.5,0.3,0.7,0.076,-0.8,-0.2,-1.0,0.1,12.1,0.262,0.287,0.098,0.025,0.573,0.688,0.514,0.417,0.667,0.45,0.468,0.944,0.016,2,0.35,1,0
374,Svi Mykhailiuk,25,2TM,SF,32,8,468,5.9,13.3,0.445,3.2,7.6,0.424,2.7,5.7,0.473,0.566,2.0,3.0,0.667,1.2,2.9,4.1,4.1,1.2,0.3,1.8,1.8,17.1,,mykhasv01,14.0,0.584,0.572,0.225,3.4,8.9,6.1,16.5,1.5,0.7,11.2,19.3,0.5,0.3,0.8,0.081,0.5,-0.7,-0.1,0.2,19.4,0.208,0.104,0.064,0.052,0.473,0.667,0.167,0.455,0.333,0.424,0.543,0.833,0.029,5,0.354,0,0
374,Svi Mykhailiuk,25,NYK,SF,13,0,40,5.4,10.8,0.5,5.4,9.0,0.6,0.0,1.8,0.0,0.75,2.7,4.5,0.6,0.0,6.3,6.3,0.9,0.9,0.0,1.8,0.9,18.9,,mykhasv01,15.8,0.739,0.833,0.417,0.0,19.3,9.6,3.5,1.2,0.0,12.3,17.4,0.1,0.0,0.1,0.141,3.6,0.5,4.1,0.1,22.0,0.0,0.167,0.0,0.0,0.0,,0.0,,,0.6,,1.0,0.0,0,0.3,0,0
374,Svi Mykhailiuk,25,CHO,SF,19,8,428,6.0,13.5,0.441,3.0,7.5,0.404,2.9,6.1,0.486,0.553,1.9,2.9,0.676,1.3,2.6,3.9,4.4,1.2,0.3,1.9,1.9,16.9,,mykhasv01,13.8,0.571,0.553,0.211,3.7,7.9,5.7,17.7,1.6,0.8,11.1,19.5,0.4,0.3,0.7,0.076,0.3,-0.8,-0.5,0.2,16.8,0.224,0.099,0.068,0.056,0.486,0.667,0.188,0.455,0.333,0.404,0.543,0.806,0.031,5,0.36,0,0
375,Evan Fournier,30,NYK,SG,27,7,459,4.4,13.0,0.337,2.7,8.9,0.307,1.6,4.1,0.404,0.443,1.4,1.6,0.857,0.3,3.5,3.8,2.8,1.3,0.2,1.7,3.6,12.9,,fournev01,6.9,0.471,0.687,0.127,1.0,10.8,5.9,10.6,1.7,0.6,11.2,18.4,-0.3,0.4,0.1,0.01,-4.0,0.0,-4.0,-0.2,20.4,0.072,0.09,0.102,0.048,0.404,0.5,0.467,0.353,0.25,0.307,0.476,0.857,0.0,0,0.237,1,0
376,Willy Hernangómez,28,NOP,C,38,2,458,7.0,13.3,0.527,0.2,0.9,0.273,6.8,12.4,0.544,0.536,6.4,8.2,0.779,4.6,9.6,14.1,2.6,1.3,1.0,3.1,5.0,20.6,,hernawi01,20.7,0.61,0.065,0.615,14.4,30.1,22.3,10.7,1.8,2.7,15.4,23.8,0.8,0.8,1.6,0.171,-0.2,0.5,0.3,0.3,5.0,0.503,0.379,0.036,0.018,0.544,0.635,0.453,0.5,0.0,0.273,0.709,1.0,0.101,15,0.273,0,0
377,Kevon Harris,25,ORL,SG,34,0,457,3.7,8.4,0.439,1.3,3.4,0.372,2.4,5.0,0.484,0.514,2.4,3.2,0.756,2.2,3.3,5.5,1.3,1.3,0.4,1.7,4.2,11.1,,harrike01,9.2,0.564,0.402,0.383,6.9,10.4,8.7,4.7,1.8,1.1,14.4,13.7,0.2,0.4,0.6,0.065,-3.5,-0.1,-3.6,-0.2,12.3,0.355,0.206,0.009,0.028,0.484,0.579,0.409,0.0,0.0,0.372,0.516,0.875,0.075,5,0.326,0,0
378,Goga Bitadze,23,2TM,C,38,1,457,5.4,9.8,0.552,0.5,2.0,0.231,5.0,7.8,0.636,0.576,1.8,3.3,0.548,4.8,6.0,10.8,3.1,1.3,2.0,1.7,5.0,13.2,,bitadgo01,17.1,0.582,0.208,0.336,15.0,18.7,16.8,12.1,1.7,5.3,13.3,15.4,0.8,0.6,1.3,0.141,-0.8,1.1,0.3,0.3,8.1,0.496,0.272,0.016,0.008,0.636,0.758,0.471,0.0,0.0,0.231,0.635,0.833,0.152,18,0.038,0,0
378,Goga Bitadze,23,IND,C,21,0,202,4.8,9.3,0.519,0.7,2.5,0.286,4.1,6.8,0.605,0.558,2.0,4.3,0.458,4.5,4.3,8.7,3.2,1.6,1.8,2.1,6.1,12.3,,bitadgo01,13.9,0.551,0.269,0.462,13.8,13.2,13.5,12.1,2.1,4.3,16.1,15.5,0.2,0.2,0.4,0.087,-2.3,1.2,-1.1,0.0,9.5,0.5,0.173,0.038,0.019,0.605,0.731,0.444,0.0,0.0,0.286,0.739,1.0,0.135,6,0.0,0,0
378,Goga Bitadze,23,ORL,C,17,1,255,5.9,10.3,0.575,0.3,1.7,0.167,5.6,8.6,0.656,0.589,1.7,2.5,0.667,5.1,7.3,12.4,3.0,1.0,2.3,1.4,4.2,13.8,,bitadgo01,19.7,0.606,0.164,0.247,15.9,23.1,19.5,12.2,1.3,6.1,11.0,15.3,0.6,0.4,1.0,0.184,0.4,1.0,1.3,0.2,6.6,0.493,0.342,0.0,0.0,0.656,0.778,0.48,,,0.167,0.575,0.5,0.164,12,0.083,0,0
379,Admiral Schofield,25,ORL,PF,37,0,451,4.4,9.7,0.451,1.9,5.9,0.324,2.5,3.8,0.646,0.549,1.7,1.8,0.913,1.8,3.1,4.9,2.5,0.6,0.4,1.3,4.9,12.4,,schofad01,10.1,0.587,0.607,0.189,5.8,9.8,7.8,9.6,0.9,1.1,10.8,14.1,0.5,0.3,0.8,0.089,-2.2,-0.7,-2.9,-0.1,16.4,0.221,0.164,0.008,0.0,0.646,0.704,0.6,0.0,,0.324,0.645,0.958,0.008,0,0.351,0,0
380,TyTy Washington Jr.,21,HOU,PG,31,2,433,4.8,13.3,0.363,1.6,6.7,0.238,3.2,6.7,0.488,0.422,0.8,1.5,0.556,0.2,3.6,3.7,3.9,1.2,0.2,1.2,2.4,12.1,,washity02,7.5,0.432,0.5,0.113,0.5,11.0,5.7,15.3,1.7,0.5,7.7,17.4,-0.3,0.1,-0.1,-0.016,-5.0,-1.3,-6.3,-0.5,17.5,0.056,0.213,0.181,0.05,0.488,0.444,0.5,0.517,0.375,0.238,0.436,0.789,0.0,0,0.238,0,0
381,Dewayne Dedmon,33,2TM,C,38,1,426,6.5,12.8,0.51,1.0,3.3,0.308,5.5,9.5,0.58,0.55,2.8,4.1,0.673,2.9,8.5,11.3,2.2,0.8,1.6,2.1,6.3,16.8,,dedmode01,15.5,0.577,0.258,0.325,9.1,28.3,18.5,9.5,1.1,4.4,12.7,20.6,0.3,0.7,1.0,0.115,-2.6,1.0,-1.6,0.0,8.6,0.351,0.311,0.06,0.02,0.58,0.66,0.511,0.444,0.667,0.308,0.738,0.917,0.073,7,0.128,0,0
381,Dewayne Dedmon,33,MIA,C,30,0,350,6.6,13.3,0.496,1.1,3.8,0.297,5.5,9.5,0.576,0.539,3.3,4.5,0.727,2.9,8.3,11.2,1.6,0.7,1.4,2.0,6.3,17.6,,dedmode01,15.6,0.576,0.287,0.341,9.1,28.1,18.2,7.3,1.0,4.1,11.4,21.2,0.3,0.5,0.8,0.115,-2.4,0.6,-1.8,0.0,10.8,0.341,0.287,0.07,0.016,0.576,0.636,0.541,0.444,0.5,0.297,0.755,1.0,0.062,4,0.135,0,0
381,Dewayne Dedmon,33,PHI,C,8,1,76,6.2,10.4,0.591,0.5,0.9,0.5,5.7,9.5,0.6,0.614,0.5,2.4,0.2,2.8,9.0,11.8,4.7,0.9,2.4,2.8,6.6,13.3,,dedmode01,15.5,0.579,0.091,0.227,9.5,29.0,19.4,19.6,1.3,6.1,19.9,17.8,0.0,0.1,0.2,0.113,-3.5,2.8,-0.7,0.0,6.4,0.409,0.455,0.0,0.045,0.6,0.778,0.4,,1.0,0.5,0.667,0.0,0.136,3,0.0,0,0
382,Orlando Robinson,22,MIA,C,31,1,425,4.0,7.5,0.528,0.0,0.5,0.0,4.0,7.0,0.566,0.528,1.9,2.6,0.71,4.1,6.6,10.7,2.1,1.0,1.0,1.4,4.5,9.8,,robinor01,13.4,0.565,0.067,0.348,12.8,22.3,17.4,8.4,1.4,2.9,13.5,12.4,0.5,0.6,1.1,0.129,-2.7,0.7,-2.1,0.0,5.3,0.416,0.472,0.034,0.011,0.566,0.757,0.452,0.0,0.0,0.0,0.574,,0.09,6,0.5,0,0
383,Johnny Davis,20,WAS,SG,28,5,423,5.6,14.6,0.386,1.4,6.0,0.243,4.2,8.6,0.485,0.436,1.2,2.3,0.519,0.9,4.7,5.5,2.4,0.9,0.7,1.4,4.1,13.9,,davisjo06,7.2,0.446,0.409,0.158,2.7,13.9,8.5,9.2,1.2,1.6,8.5,20.5,-0.6,0.3,-0.3,-0.033,-5.8,-1.7,-7.4,-0.6,15.8,0.14,0.187,0.164,0.099,0.485,0.708,0.438,0.393,0.412,0.243,0.633,1.0,0.012,2,0.271,0,0
384,Keon Johnson,20,POR,SG,40,0,416,5.8,15.4,0.376,2.4,7.0,0.346,3.4,8.4,0.402,0.455,2.3,3.5,0.659,1.0,2.9,3.8,5.1,1.6,0.5,3.7,3.7,16.4,,johnske07,9.0,0.482,0.455,0.23,3.0,9.2,6.1,20.9,2.2,1.3,18.0,25.0,-0.7,0.2,-0.5,-0.057,-3.8,-1.6,-5.4,-0.4,15.4,0.208,0.197,0.073,0.067,0.402,0.649,0.257,0.231,0.25,0.346,0.308,0.607,0.028,5,0.333,1,0
385,Jake LaRavia,21,MEM,PF,35,0,414,3.2,8.3,0.389,2.1,6.2,0.338,1.1,2.1,0.542,0.516,0.6,0.8,0.778,1.7,3.8,5.5,1.8,1.0,0.3,1.6,4.3,9.1,,laravja01,6.7,0.531,0.747,0.095,4.9,11.3,8.1,6.2,1.4,0.9,15.4,11.7,0.0,0.5,0.5,0.054,-3.9,0.4,-3.5,-0.2,20.1,0.158,0.084,0.011,0.0,0.542,0.533,0.5,1.0,,0.338,0.846,1.0,0.042,3,0.155,1,0
386,Dominick Barlow,19,SAS,PF,28,0,408,4.1,7.6,0.535,0.0,0.4,0.0,4.1,7.2,0.561,0.535,1.6,2.2,0.72,4.1,4.9,9.0,2.1,0.9,1.7,1.3,4.9,9.7,,barlodo01,12.4,0.567,0.047,0.291,11.9,15.6,13.7,7.6,1.2,3.8,13.4,11.3,0.5,0.2,0.7,0.082,-3.7,-0.9,-4.6,-0.3,5.5,0.523,0.256,0.14,0.035,0.561,0.711,0.409,0.25,0.667,0.0,0.739,,0.151,12,0.75,0,0
387,Bruno Fernando,24,2TM,C,39,4,405,5.2,10.0,0.527,0.0,0.4,0.0,5.2,9.6,0.546,0.527,3.1,4.4,0.7,4.8,7.4,12.2,2.8,0.5,3.0,2.2,6.6,13.6,,fernabr01,16.6,0.571,0.036,0.446,14.5,22.8,18.6,10.8,0.7,8.1,15.7,16.3,0.5,0.4,0.9,0.109,-2.8,0.7,-2.0,0.0,5.3,0.518,0.411,0.018,0.018,0.546,0.672,0.413,0.0,0.5,0.0,0.695,,0.304,29,0.5,0,0
387,Bruno Fernando,24,HOU,C,31,4,364,4.7,9.2,0.516,0.0,0.1,0.0,4.7,9.1,0.522,0.516,3.0,4.4,0.682,4.7,7.3,12.1,3.0,0.6,3.1,2.0,6.7,12.5,,fernabr01,16.1,0.561,0.011,0.473,14.3,22.6,18.4,11.6,0.8,8.3,15.1,15.1,0.5,0.4,0.8,0.111,-2.8,1.1,-1.7,0.0,3.7,0.538,0.419,0.011,0.022,0.522,0.68,0.333,0.0,0.5,0.0,0.688,,0.344,27,1.0,0,0
387,Bruno Fernando,24,ATL,C,8,0,41,9.7,16.7,0.579,0.0,2.6,0.0,9.7,14.0,0.688,0.579,4.4,5.3,0.833,5.3,7.9,13.2,0.9,0.0,2.6,4.4,5.3,23.7,,fernabr01,20.1,0.624,0.158,0.316,15.8,24.3,20.0,3.7,0.0,6.2,18.8,27.3,0.0,0.0,0.1,0.086,-2.6,-2.4,-5.0,0.0,7.0,0.421,0.368,0.053,0.0,0.688,0.625,0.857,0.0,,0.0,0.727,,0.105,2,0.333,0,0
388,Cade Cunningham,21,DET,PG,12,12,400,8.4,20.2,0.415,1.5,5.5,0.279,6.8,14.7,0.466,0.453,3.2,3.9,0.837,1.1,5.6,6.7,6.5,0.9,0.6,3.5,3.1,21.5,,cunnica01,14.0,0.492,0.272,0.192,3.2,17.7,10.3,30.7,1.2,1.5,13.8,30.0,-0.4,0.2,-0.1,-0.018,-0.1,-0.6,-0.7,0.1,14.2,0.183,0.223,0.147,0.174,0.466,0.561,0.42,0.394,0.487,0.279,0.158,0.588,0.013,3,0.066,1,0
389,Ish Smith,34,DEN,PG,43,0,398,4.7,11.8,0.397,0.2,1.1,0.167,4.5,10.8,0.42,0.405,0.2,0.4,0.5,0.5,4.4,4.9,9.0,0.7,0.6,4.0,3.0,9.8,,smithis01,6.5,0.407,0.092,0.031,1.5,13.8,7.8,32.5,1.0,1.6,24.9,19.3,-0.8,0.4,-0.5,-0.056,-5.5,-1.1,-6.6,-0.5,13.4,0.115,0.16,0.275,0.359,0.42,0.533,0.524,0.333,0.404,0.167,0.26,1.0,0.0,0,0.167,0,0
390,Duane Washington Jr.,22,PHO,SG,31,3,394,8.6,23.4,0.367,3.7,10.1,0.36,4.9,13.2,0.372,0.445,1.5,2.2,0.667,0.2,3.1,3.3,5.8,0.5,0.4,3.1,2.1,22.3,,washidu02,9.3,0.458,0.434,0.094,0.6,9.8,5.1,25.2,0.7,0.9,11.3,32.5,-0.8,0.3,-0.5,-0.065,-1.8,-2.8,-4.6,-0.3,16.8,0.117,0.199,0.133,0.117,0.372,0.467,0.333,0.353,0.367,0.36,0.222,0.625,0.0,0,0.189,2,0
391,Kessler Edwards,22,2TM,SF,36,4,385,3.4,8.7,0.387,1.6,5.1,0.309,1.8,3.6,0.5,0.478,1.0,1.4,0.733,2.2,3.6,5.7,2.2,1.3,0.6,1.2,3.7,9.4,,edwarke02,8.4,0.502,0.591,0.161,6.9,11.1,9.0,7.5,1.7,1.4,11.5,12.7,0.1,0.3,0.4,0.048,-3.2,-0.7,-3.9,-0.2,16.9,0.204,0.118,0.022,0.065,0.5,0.737,0.182,1.0,0.167,0.309,0.632,1.0,0.054,5,0.382,0,0
391,Kessler Edwards,22,BRK,SF,14,1,79,2.7,10.9,0.25,0.9,5.5,0.167,1.8,5.5,0.333,0.292,0.5,0.9,0.5,2.7,3.6,6.4,0.9,1.4,0.5,1.8,1.4,6.8,,edwarke02,2.4,0.301,0.5,0.083,8.7,11.1,10.0,3.2,1.9,1.1,13.9,16.2,-0.3,0.1,-0.2,-0.108,-6.7,-3.0,-9.7,-0.2,16.6,0.208,0.125,0.0,0.167,0.333,0.8,0.0,,0.0,0.167,0.5,1.0,0.125,3,0.417,0,0
391,Kessler Edwards,22,SAC,SF,22,3,306,3.5,8.1,0.435,1.8,5.1,0.349,1.8,3.1,0.577,0.543,1.2,1.5,0.769,2.0,3.5,5.5,2.5,1.3,0.6,1.1,4.4,10.0,,edwarke02,10.0,0.569,0.623,0.188,6.4,11.1,8.8,8.5,1.7,1.4,10.8,11.7,0.3,0.2,0.6,0.088,-2.3,-0.1,-2.5,0.0,17.3,0.203,0.116,0.029,0.029,0.577,0.714,0.25,1.0,0.5,0.349,0.667,1.0,0.029,2,0.372,0,0
392,Saben Lee,23,2TM,PG,25,1,373,4.7,11.7,0.405,1.1,2.9,0.367,3.7,8.8,0.418,0.45,4.1,5.5,0.737,1.3,3.1,4.3,6.5,1.8,0.1,2.3,3.1,14.6,,leesa01,13.1,0.517,0.248,0.471,3.8,9.7,6.7,24.3,2.5,0.2,14.1,19.5,0.2,0.4,0.7,0.088,-2.7,0.9,-1.8,0.0,8.2,0.43,0.248,0.025,0.05,0.418,0.538,0.233,0.667,0.167,0.367,0.263,0.818,0.05,3,0.3,0,0
392,Saben Lee,23,PHI,PG,2,0,10,10.8,14.4,0.75,0.0,3.6,0.0,10.8,10.8,1.0,0.75,0.0,0.0,,0.0,0.0,0.0,7.2,3.6,0.0,10.8,3.6,21.6,,leesa01,12.8,0.75,0.25,0.0,0.0,0.0,0.0,36.9,5.0,0.0,42.9,31.3,0.0,0.0,0.0,-0.096,-3.7,-0.6,-4.3,0.0,6.9,0.75,0.0,0.0,0.0,1.0,1.0,,,,0.0,0.333,,0.25,1,1.0,0,0
392,Saben Lee,23,PHO,PG,23,1,363,4.6,11.6,0.393,1.1,2.9,0.379,3.5,8.7,0.398,0.44,4.2,5.7,0.737,1.3,3.2,4.5,6.4,1.8,0.1,2.1,3.1,14.4,,leesa01,13.1,0.51,0.248,0.487,3.9,10.0,6.9,24.0,2.4,0.2,12.9,19.1,0.3,0.4,0.7,0.093,-2.7,0.9,-1.8,0.0,9.5,0.419,0.256,0.026,0.051,0.398,0.51,0.233,0.667,0.167,0.379,0.257,0.818,0.043,2,0.276,0,0
393,Gary Payton II,30,2TM,SG,22,1,367,4.0,6.8,0.594,1.3,2.6,0.5,2.7,4.2,0.651,0.688,0.6,0.7,0.857,2.4,4.4,6.8,2.9,2.2,0.5,1.6,4.2,9.9,,paytoga02,13.3,0.701,0.377,0.101,7.4,13.9,10.6,11.0,2.9,1.2,18.2,10.3,0.6,0.4,1.0,0.125,-1.2,1.5,0.3,0.2,10.4,0.449,0.159,0.014,0.0,0.651,0.677,0.636,0.0,,0.5,0.714,1.0,0.087,3,0.769,0,0
393,Gary Payton II,30,POR,SG,15,1,255,3.4,5.8,0.585,1.3,2.4,0.529,2.1,3.4,0.625,0.695,0.6,0.6,1.0,1.4,4.1,5.5,3.1,2.3,0.1,1.7,4.1,8.6,,paytoga02,11.3,0.713,0.415,0.098,4.5,13.2,8.8,11.6,3.1,0.3,21.9,9.3,0.3,0.2,0.5,0.097,-2.0,1.4,-0.6,0.1,11.2,0.488,0.073,0.024,0.0,0.625,0.7,0.333,0.0,,0.529,0.733,1.0,0.049,1,0.706,0,0
393,Gary Payton II,30,GSW,SG,7,0,112,5.5,9.0,0.607,1.3,2.9,0.444,4.2,6.1,0.684,0.679,0.6,1.0,0.667,4.5,5.1,9.6,2.6,1.9,1.3,1.3,4.5,12.9,,paytoga02,17.7,0.682,0.321,0.107,14.0,15.4,14.7,9.6,2.5,3.1,12.0,12.5,0.3,0.2,0.4,0.191,0.5,1.9,2.4,0.1,9.5,0.393,0.286,0.0,0.0,0.684,0.636,0.75,,,0.444,0.692,1.0,0.143,2,0.889,0,0
394,Udoka Azubuike,23,UTA,C,36,4,359,5.9,7.2,0.819,0.0,0.0,,5.9,7.2,0.819,0.819,0.7,2.0,0.35,3.1,8.8,11.9,1.1,0.6,1.5,1.8,3.4,12.5,,azubuud01,16.1,0.774,0.0,0.278,9.5,26.1,17.9,4.3,0.8,3.5,18.2,11.5,0.6,0.4,1.0,0.134,-1.2,0.5,-0.6,0.1,2.7,0.625,0.375,0.0,0.0,0.819,0.956,0.593,,,,0.864,,0.625,42,,0,0
395,Gorgui Dieng,33,SAS,C,31,1,358,4.5,11.8,0.385,2.1,7.5,0.28,2.4,4.2,0.571,0.474,1.0,1.3,0.769,2.7,8.0,10.8,5.3,0.4,1.4,3.2,5.7,12.2,,dienggo01,9.9,0.493,0.641,0.111,7.9,25.4,16.3,19.4,0.5,3.2,20.7,17.9,-0.2,0.2,0.0,0.001,-4.0,0.1,-3.9,-0.2,19.3,0.137,0.06,0.111,0.051,0.571,0.75,0.429,0.462,0.5,0.28,0.667,0.905,0.051,6,0.093,0,0
396,JaVale McGee,35,DAL,C,42,7,355,8.1,12.7,0.64,0.2,0.5,0.4,7.9,12.2,0.65,0.648,2.4,4.2,0.585,3.0,7.8,10.9,1.1,0.4,2.6,3.7,5.5,18.9,,mcgeeja01,17.2,0.65,0.04,0.328,9.7,25.5,17.5,5.2,0.6,6.5,20.1,22.8,0.1,0.5,0.6,0.076,-3.6,-0.1,-3.7,-0.1,4.0,0.56,0.368,0.032,0.0,0.65,0.814,0.413,0.5,,0.4,0.808,1.0,0.296,34,0.0,0,0
397,Markieff Morris,33,2TM,PF,35,2,355,4.8,11.7,0.409,2.8,7.2,0.394,1.9,4.5,0.432,0.53,1.0,1.0,1.0,1.3,5.9,7.2,3.1,0.9,0.5,1.8,4.9,13.4,,morrima02,10.4,0.553,0.617,0.087,4.2,18.2,11.3,12.2,1.2,1.2,13.1,17.2,0.1,0.4,0.4,0.059,-2.3,-0.4,-2.7,-0.1,20.4,0.061,0.087,0.157,0.078,0.432,0.571,0.2,0.556,0.333,0.394,0.737,1.0,0.009,1,0.31,0,0
397,Markieff Morris,33,BRK,PF,27,1,285,4.2,10.4,0.402,2.5,6.2,0.408,1.6,4.2,0.394,0.524,1.3,1.3,1.0,1.6,5.8,7.5,3.2,1.0,0.6,1.8,4.2,12.1,,morrima02,10.7,0.556,0.598,0.122,5.2,17.7,11.6,11.8,1.4,1.5,13.9,15.6,0.1,0.3,0.4,0.074,-1.8,-0.1,-1.9,0.0,18.9,0.073,0.122,0.159,0.049,0.394,0.5,0.2,0.462,0.5,0.408,0.846,1.0,0.012,1,0.367,0,0
397,Markieff Morris,33,DAL,PF,8,1,70,7.2,17.0,0.424,4.1,11.3,0.364,3.1,5.7,0.545,0.545,0.0,0.0,,0.0,6.2,6.2,3.1,0.5,0.0,2.1,7.7,18.5,,morrima02,9.1,0.545,0.667,0.0,0.0,20.2,10.0,13.7,0.7,0.0,10.8,23.9,0.0,0.1,0.0,0.002,-4.4,-1.4,-5.8,-0.1,21.8,0.03,0.0,0.152,0.152,0.545,1.0,,0.8,0.2,0.364,0.5,1.0,0.0,0,0.182,0,0
398,Furkan Korkmaz,25,PHI,SG,37,0,353,4.9,11.3,0.432,1.8,4.7,0.391,3.1,6.6,0.462,0.514,2.7,3.7,0.722,0.6,3.7,4.3,2.2,1.0,0.3,2.4,1.8,14.3,,korkmfu01,9.3,0.552,0.414,0.324,2.0,11.8,7.0,8.8,1.4,0.8,15.9,19.1,-0.2,0.3,0.1,0.019,-3.3,-1.0,-4.4,-0.2,14.7,0.198,0.243,0.072,0.072,0.462,0.818,0.222,0.5,0.25,0.391,0.567,0.889,0.027,3,0.326,1,0
399,Richaun Holmes,29,SAC,C,42,1,348,5.7,9.2,0.618,0.5,0.8,0.625,5.2,8.4,0.617,0.646,1.6,2.0,0.789,3.0,5.3,8.3,0.9,0.3,1.1,1.4,5.2,13.4,,holmeri01,12.9,0.668,0.09,0.213,9.6,16.6,13.1,3.5,0.4,2.8,12.6,13.7,0.6,0.3,0.8,0.113,-2.0,-0.9,-2.9,-0.1,6.4,0.438,0.337,0.135,0.0,0.617,0.744,0.533,0.417,,0.625,0.78,1.0,0.191,14,0.125,0,0
400,A.J. Green,23,MIL,SG,35,1,345,5.5,13.0,0.424,4.6,11.0,0.419,0.9,2.1,0.45,0.6,0.4,0.4,1.0,0.6,4.1,4.7,2.3,0.6,0.0,0.9,3.2,16.1,,greenaj01,11.5,0.607,0.84,0.032,1.9,11.3,6.8,8.7,0.8,0.0,6.6,16.6,0.5,0.3,0.8,0.111,-0.3,-0.6,-0.9,0.1,23.7,0.04,0.016,0.032,0.072,0.45,0.4,0.5,0.5,0.444,0.419,0.778,0.909,0.0,0,0.21,0,0
401,Davon Reed,27,2TM,SG,43,1,342,2.9,8.8,0.333,1.8,4.8,0.37,1.2,4.0,0.289,0.435,1.7,2.5,0.667,1.1,5.2,6.2,2.4,1.6,0.4,2.1,4.1,9.4,,reedda01,6.2,0.471,0.548,0.286,3.4,16.0,9.9,8.2,2.1,1.0,17.5,14.5,-0.4,0.4,0.1,0.008,-5.4,0.0,-5.3,-0.3,18.6,0.095,0.131,0.095,0.131,0.289,0.375,0.182,0.125,0.455,0.37,0.455,0.941,0.024,1,0.304,0,0
401,Davon Reed,27,DEN,SG,35,1,315,2.9,9.1,0.313,1.8,5.0,0.364,1.0,4.1,0.25,0.413,1.7,2.3,0.75,1.0,5.3,6.3,2.2,1.5,0.5,2.3,4.1,9.3,,reedda01,5.2,0.456,0.55,0.25,3.4,16.3,10.0,7.3,2.0,1.1,18.4,15.0,-0.4,0.4,-0.1,-0.009,-5.8,-0.3,-6.1,-0.3,18.6,0.088,0.138,0.1,0.125,0.25,0.286,0.182,0.125,0.4,0.364,0.333,0.938,0.025,1,0.318,0,0
401,Davon Reed,27,LAL,SG,8,0,27,4.0,5.3,0.75,1.3,2.7,0.5,2.7,2.7,1.0,0.875,1.3,5.3,0.25,1.3,4.0,5.3,5.3,2.7,0.0,0.0,4.0,10.7,,reedda01,16.7,0.694,0.5,1.0,4.1,11.5,7.9,19.2,3.5,0.0,0.0,9.0,0.1,0.0,0.1,0.208,-0.1,4.4,4.3,0.0,18.5,0.25,0.0,0.0,0.25,1.0,1.0,,,1.0,0.5,1.0,1.0,0.0,0,0.0,0,0
402,Jae Crowder,32,MIL,PF,18,3,340,4.8,10.0,0.479,2.5,5.8,0.436,2.2,4.1,0.538,0.606,1.1,1.3,0.833,1.8,5.5,7.3,2.9,1.3,0.6,0.7,2.9,13.1,,crowdja01,14.6,0.624,0.585,0.128,5.4,15.3,10.6,10.6,1.7,1.4,6.6,13.2,0.7,0.5,1.2,0.165,0.1,1.1,1.2,0.3,18.8,0.074,0.16,0.128,0.053,0.538,0.857,0.6,0.333,0.4,0.436,0.714,1.0,0.011,1,0.273,0,0
403,Derrick Rose,34,NYK,PG,27,0,338,6.5,16.9,0.384,2.0,6.7,0.302,4.5,10.2,0.438,0.443,1.2,1.3,0.917,0.9,3.4,4.3,4.9,0.7,0.5,2.3,1.9,16.2,,rosede01,10.1,0.463,0.396,0.075,2.6,10.4,6.5,19.9,1.0,1.4,11.8,23.6,-0.3,0.3,0.0,-0.001,-2.2,-1.5,-3.7,-0.1,14.2,0.189,0.258,0.094,0.063,0.438,0.567,0.366,0.467,0.3,0.302,0.333,0.737,0.0,0,0.19,0,0
404,McKinley Wright IV,24,DAL,PG,27,1,335,4.9,10.5,0.469,1.0,3.0,0.321,4.0,7.5,0.529,0.515,1.4,2.0,0.684,1.0,4.1,5.1,6.2,0.9,0.5,2.0,2.6,12.3,,wrighmc01,12.4,0.536,0.286,0.194,3.1,13.4,8.2,25.2,1.2,1.3,15.2,16.9,0.2,0.2,0.5,0.069,-1.9,-0.8,-2.7,-0.1,12.7,0.224,0.265,0.153,0.071,0.529,0.591,0.615,0.4,0.286,0.321,0.297,0.889,0.0,0,0.25,1,0
405,Theo Pinson,27,DAL,SG,40,1,323,3.5,9.7,0.356,2.5,6.9,0.355,1.0,2.8,0.36,0.483,1.2,1.4,0.846,1.1,5.9,7.0,5.1,0.7,0.1,1.3,3.8,10.6,,pinsoth01,10.1,0.512,0.713,0.149,3.6,19.3,11.4,19.6,0.9,0.3,11.5,14.7,0.2,0.2,0.5,0.071,-2.5,-0.9,-3.4,-0.1,19.6,0.126,0.126,0.023,0.011,0.36,0.364,0.364,0.5,0.0,0.355,0.778,0.818,0.023,1,0.145,0,0
406,Julian Champagnie,21,2TM,SF,17,3,320,6.6,14.6,0.454,3.7,9.2,0.402,2.9,5.4,0.542,0.581,1.6,1.9,0.824,1.1,5.6,6.8,1.1,0.7,0.6,1.2,2.9,18.6,,champju02,13.4,0.6,0.631,0.131,3.3,17.7,10.2,4.5,0.9,1.3,7.4,19.2,0.3,0.1,0.4,0.061,-0.6,-2.7,-3.3,-0.1,19.1,0.169,0.123,0.031,0.046,0.542,0.636,0.438,0.5,0.5,0.402,0.846,1.0,0.031,3,0.256,0,0
406,Julian Champagnie,21,PHI,SF,2,0,7,0.0,10.3,0.0,0.0,5.1,0.0,0.0,5.1,0.0,0.0,0.0,0.0,,0.0,0.0,0.0,0.0,5.1,0.0,0.0,0.0,0.0,,champju02,-3.8,0.0,0.5,0.0,0.0,0.0,0.0,0.0,7.1,0.0,0.0,12.8,0.0,0.0,0.0,-0.214,-12.0,-1.5,-13.5,0.0,20.3,0.0,0.0,0.0,0.5,0.0,,,,0.0,0.0,,,0.0,0,1.0,0,0
406,Julian Champagnie,21,SAS,SF,15,3,313,6.8,14.7,0.461,3.8,9.3,0.407,3.0,5.4,0.553,0.59,1.6,2.0,0.824,1.2,5.8,6.9,1.2,0.6,0.6,1.3,3.0,19.0,,champju02,13.8,0.609,0.633,0.133,3.4,18.1,10.5,4.6,0.8,1.3,7.5,19.3,0.3,0.1,0.4,0.067,-0.3,-2.7,-3.0,-0.1,17.9,0.172,0.125,0.031,0.039,0.553,0.636,0.438,0.5,0.6,0.407,0.846,1.0,0.031,3,0.247,0,0
407,Matt Ryan,25,2TM,SF,34,0,310,4.6,12.5,0.37,3.7,9.8,0.381,0.9,2.8,0.333,0.519,1.2,1.4,0.833,0.5,2.6,3.0,1.9,0.6,0.1,0.8,3.1,14.2,,ryanma01,8.1,0.538,0.778,0.111,1.4,7.6,4.6,6.9,0.8,0.3,5.8,16.5,0.1,0.2,0.3,0.044,-1.9,-1.5,-3.4,-0.1,22.2,0.046,0.046,0.009,0.12,0.333,0.8,0.2,0.0,0.231,0.381,0.75,1.0,0.0,0,0.345,0,0
407,Matt Ryan,25,LAL,SF,12,0,129,4.2,13.7,0.306,3.6,9.8,0.371,0.6,3.9,0.143,0.439,1.1,1.4,0.8,0.6,3.3,3.9,1.1,0.6,0.0,0.8,3.9,13.1,,ryanma01,4.6,0.459,0.714,0.102,1.7,9.6,5.8,4.0,0.7,0.0,5.5,17.7,-0.1,0.1,0.0,-0.014,-4.3,-1.4,-5.7,-0.1,22.9,0.0,0.041,0.02,0.224,0.143,,0.0,0.0,0.182,0.371,0.5,1.0,0.0,0,0.257,0,0
407,Matt Ryan,25,MIN,SF,22,0,181,5.0,11.7,0.424,3.8,9.7,0.388,1.2,2.0,0.6,0.585,1.2,1.4,0.857,0.4,2.0,2.4,2.4,0.6,0.2,0.8,2.6,14.9,,ryanma01,10.6,0.604,0.831,0.119,1.3,6.1,3.7,8.9,0.8,0.5,6.1,15.6,0.2,0.1,0.3,0.084,-0.2,-1.6,-1.7,0.0,21.5,0.085,0.051,0.0,0.034,0.6,0.8,0.333,,0.5,0.388,0.833,1.0,0.0,0,0.408,0,0
408,Robin Lopez,34,CLE,C,37,2,299,5.8,9.0,0.64,0.2,0.5,0.5,5.5,8.5,0.648,0.653,1.7,2.2,0.778,2.8,3.4,6.1,2.3,0.2,1.0,3.0,5.2,13.5,,lopezro01,11.6,0.675,0.053,0.24,9.1,11.0,10.0,9.1,0.3,2.5,23.2,16.1,0.2,0.3,0.6,0.094,-3.4,0.3,-3.0,-0.1,6.6,0.307,0.587,0.013,0.04,0.648,0.826,0.545,1.0,0.667,0.5,0.457,1.0,0.027,2,0.25,0,0
409,Moses Brown,23,2TM,C,36,1,294,7.5,11.8,0.635,0.0,0.0,,7.5,11.8,0.635,0.635,4.0,8.8,0.458,7.0,10.0,17.0,0.5,0.5,1.7,1.8,4.8,19.0,,brownmo01,22.2,0.607,0.0,0.75,22.0,30.9,26.5,2.1,0.7,4.2,10.5,21.2,0.7,0.4,1.1,0.179,0.6,-1.2,-0.6,0.1,2.1,0.729,0.26,0.01,0.0,0.635,0.7,0.48,0.0,,,0.607,,0.469,37,,0,0
409,Moses Brown,23,LAC,C,34,1,288,7.6,12.0,0.635,0.0,0.0,,7.6,12.0,0.635,0.635,4.1,9.0,0.458,7.1,10.2,17.4,0.5,0.4,1.7,1.7,4.7,19.4,,brownmo01,22.7,0.607,0.0,0.75,22.4,31.5,27.0,2.2,0.5,4.3,9.9,21.5,0.7,0.4,1.1,0.185,0.9,-1.3,-0.4,0.1,2.1,0.729,0.26,0.01,0.0,0.635,0.7,0.48,0.0,,,0.607,,0.469,37,,0,0
409,Moses Brown,23,BRK,C,2,0,6,0.0,0.0,,0.0,0.0,,0.0,0.0,,,0.0,0.0,,0.0,0.0,0.0,0.0,6.0,0.0,6.0,6.0,0.0,,brownmo01,-2.6,,,,0.0,0.0,0.0,0.0,8.1,0.0,100.0,7.4,0.0,0.0,0.0,-0.129,-12.7,2.8,-9.9,0.0,,,,,,,,,,,,,,,0,,0,0
410,Nathan Knight,25,MIN,C,38,0,291,5.7,10.0,0.568,1.0,2.7,0.364,4.7,7.3,0.644,0.617,4.8,7.1,0.684,2.7,4.2,6.9,1.6,1.2,0.7,2.6,5.1,17.2,,knighna01,14.5,0.655,0.272,0.704,8.6,12.8,10.8,6.1,1.6,1.8,16.5,18.7,0.4,0.3,0.7,0.116,-2.4,-0.8,-3.2,-0.1,8.8,0.444,0.272,0.012,0.0,0.644,0.778,0.455,0.0,,0.364,0.553,1.0,0.185,13,0.273,0,0
411,Kennedy Chandler,20,MEM,PG,36,0,281,4.5,10.6,0.422,0.3,1.9,0.133,4.2,8.7,0.485,0.434,0.8,1.7,0.462,1.2,3.7,4.9,7.4,1.5,0.6,2.3,1.9,10.0,,chandke01,10.6,0.44,0.181,0.157,3.4,10.9,7.2,26.4,2.0,1.6,16.9,15.8,-0.1,0.4,0.3,0.044,-3.3,0.6,-2.7,0.0,8.7,0.361,0.361,0.072,0.024,0.485,0.633,0.367,0.333,0.5,0.133,0.424,1.0,0.048,2,0.133,0,0
412,Dalano Banton,23,TOR,PG,31,2,279,7.1,16.8,0.423,1.9,6.6,0.294,5.2,10.2,0.506,0.481,2.2,3.1,0.708,1.4,4.4,5.8,4.6,1.7,1.7,2.3,4.4,18.3,,bantoda01,14.9,0.505,0.392,0.185,4.2,14.9,9.1,19.3,2.3,4.5,11.4,24.2,0.0,0.4,0.4,0.064,-1.1,0.6,-0.5,0.1,14.3,0.277,0.177,0.077,0.077,0.506,0.806,0.348,0.2,0.1,0.294,0.575,0.867,0.062,8,0.235,1,0
413,Trent Forrest,24,ATL,SG,23,3,277,3.2,7.8,0.417,0.0,0.3,0.0,3.2,7.5,0.431,0.417,0.3,0.4,0.667,0.6,4.2,4.8,4.9,0.9,0.3,1.9,2.2,6.8,,forretr01,6.1,0.424,0.033,0.05,2.0,12.8,7.3,16.5,1.2,0.6,19.7,11.6,-0.2,0.2,-0.1,-0.011,-5.3,0.2,-5.1,-0.2,6.6,0.25,0.617,0.1,0.0,0.431,0.333,0.459,0.5,,0.0,0.4,,0.017,1,0.5,0,0
414,Bryn Forbes,29,MIN,SG,25,0,268,4.0,11.1,0.361,1.9,6.2,0.304,2.1,5.0,0.432,0.446,2.0,2.0,1.0,0.5,1.5,2.0,2.3,0.9,0.3,1.6,3.0,12.0,,forbebr01,6.2,0.497,0.554,0.181,1.7,4.5,3.1,8.2,1.2,0.7,11.8,16.2,-0.2,0.2,0.0,0.0,-4.8,-1.5,-6.3,-0.3,18.9,0.06,0.181,0.072,0.133,0.432,0.6,0.4,0.167,0.545,0.304,0.813,0.857,0.0,0,0.261,1,0
415,Terry Taylor,23,2TM,PF,31,2,264,5.3,10.2,0.52,0.7,2.6,0.263,4.6,7.6,0.607,0.553,0.8,1.5,0.545,3.7,2.7,6.4,1.4,0.4,0.8,1.2,3.5,12.1,,taylote01,11.0,0.557,0.253,0.147,11.4,8.4,9.9,5.1,0.5,2.0,10.1,14.2,0.2,0.1,0.3,0.054,-2.3,-1.8,-4.1,-0.1,7.3,0.453,0.24,0.04,0.013,0.607,0.765,0.389,0.333,0.0,0.263,0.618,1.0,0.053,4,0.421,0,0
415,Terry Taylor,23,IND,PF,26,2,228,4.7,10.3,0.462,0.6,2.8,0.222,4.1,7.4,0.553,0.492,0.8,1.1,0.714,3.5,2.7,6.2,1.6,0.5,0.8,1.4,3.8,10.9,,taylote01,8.8,0.507,0.277,0.108,10.7,8.3,9.5,5.9,0.6,1.9,11.7,14.2,0.0,0.1,0.1,0.021,-3.4,-1.9,-5.3,-0.2,9.6,0.431,0.231,0.046,0.015,0.553,0.714,0.333,0.333,0.0,0.222,0.538,1.0,0.046,3,0.444,0,0
415,Terry Taylor,23,CHI,PF,5,0,36,9.0,10.0,0.9,1.0,1.0,1.0,8.0,9.0,0.889,0.95,1.0,4.0,0.25,5.0,3.0,8.0,0.0,0.0,1.0,0.0,2.0,20.0,,taylote01,25.0,0.85,0.1,0.4,16.0,9.3,12.6,0.0,0.0,2.7,0.0,14.5,0.2,0.0,0.2,0.262,4.6,-0.9,3.7,0.1,5.0,0.6,0.3,0.0,0.0,0.889,1.0,0.667,,,1.0,0.875,1.0,0.1,1,0.0,0,0
416,Jeff Dowtin Jr.,25,TOR,PG,25,0,259,3.5,7.9,0.439,0.7,2.2,0.313,2.8,5.7,0.488,0.482,0.8,1.3,0.667,0.8,2.4,3.2,4.3,1.3,0.4,0.7,1.8,8.5,,dowtije01,9.9,0.5,0.281,0.158,2.4,8.0,5.0,15.5,1.7,1.1,7.6,10.9,0.2,0.2,0.4,0.076,-2.8,0.9,-1.9,0.0,13.5,0.175,0.263,0.123,0.158,0.488,0.7,0.6,0.0,0.444,0.313,0.45,0.8,0.035,2,0.5,0,0
417,KZ Okpala,23,SAC,PF,35,3,248,2.3,5.5,0.421,1.0,3.0,0.333,1.3,2.5,0.529,0.513,1.0,1.2,0.875,1.0,3.9,4.9,1.9,1.0,1.0,1.0,5.7,6.7,,okpalkz01,6.2,0.554,0.553,0.211,3.2,12.4,7.8,6.3,1.4,2.5,14.4,8.4,0.1,0.2,0.3,0.057,-4.3,1.1,-3.2,-0.1,16.0,0.158,0.237,0.026,0.026,0.529,0.833,0.333,0.0,1.0,0.333,0.667,1.0,0.053,2,0.524,0,0
418,Brandon Boston Jr.,21,LAC,SF,22,1,248,7.4,17.7,0.418,1.7,4.2,0.414,5.7,13.5,0.419,0.467,4.2,5.5,0.763,1.0,3.3,4.4,2.9,1.3,0.0,1.7,3.0,20.8,,bostobr01,13.4,0.515,0.238,0.311,3.2,10.3,6.8,12.5,1.8,0.0,8.0,26.5,0.0,0.2,0.2,0.04,-1.5,-0.7,-2.2,0.0,12.6,0.238,0.213,0.164,0.148,0.419,0.724,0.154,0.4,0.333,0.414,0.538,0.583,0.09,9,0.172,0,0
419,Luka Garza,24,MIN,C,28,0,243,9.3,17.2,0.543,2.1,5.8,0.359,7.3,11.4,0.636,0.603,6.1,7.7,0.788,4.9,4.4,9.3,2.7,0.4,0.3,2.1,6.4,26.8,,garzalu01,23.0,0.652,0.336,0.448,15.5,13.5,14.5,11.8,0.6,0.7,9.2,26.9,0.9,0.2,1.1,0.211,2.2,-2.6,-0.4,0.1,11.5,0.345,0.25,0.06,0.009,0.636,0.825,0.414,0.571,0.0,0.359,0.51,1.0,0.017,2,0.077,0,0
420,Jamal Cain,23,MIA,PF,18,0,240,5.5,9.9,0.561,1.0,3.0,0.35,4.5,6.9,0.652,0.614,2.5,3.3,0.773,2.3,5.5,7.8,1.8,1.6,0.1,0.9,3.2,14.7,,cainja01,16.5,0.647,0.303,0.333,7.1,18.7,12.7,7.6,2.3,0.4,7.3,15.1,0.5,0.3,0.8,0.169,-0.5,1.3,0.8,0.2,10.5,0.394,0.258,0.045,0.0,0.652,0.731,0.588,0.333,,0.35,0.533,1.0,0.045,3,0.55,1,0
421,Kira Lewis Jr.,21,NOP,PG,25,0,235,6.1,13.5,0.455,2.3,5.2,0.441,3.8,8.3,0.463,0.54,2.9,3.4,0.864,0.8,4.3,5.1,3.5,1.5,0.3,1.5,3.7,17.5,,lewiski01,14.5,0.584,0.386,0.25,2.4,13.5,8.0,14.0,2.1,0.8,9.3,19.7,0.3,0.3,0.6,0.122,-0.8,0.5,-0.3,0.1,13.3,0.227,0.17,0.08,0.091,0.463,0.55,0.4,0.286,0.625,0.441,0.36,0.867,0.011,0,0.176,1,0
422,Frank Kaminsky,29,2TM,C,36,0,235,4.7,9.7,0.492,2.0,5.1,0.394,2.8,4.6,0.6,0.595,2.1,2.5,0.875,1.1,6.9,8.0,4.9,0.9,0.6,1.4,3.4,13.6,,kaminfr01,15.3,0.635,0.524,0.254,3.2,21.2,12.1,17.8,1.2,1.6,11.4,14.1,0.5,0.2,0.7,0.141,1.2,1.7,2.8,0.3,16.4,0.206,0.175,0.063,0.032,0.6,0.846,0.364,0.5,0.5,0.394,0.889,1.0,0.032,2,0.091,0,0
422,Frank Kaminsky,29,ATL,C,26,0,176,5.1,9.0,0.568,2.3,4.7,0.478,2.9,4.3,0.667,0.693,2.0,2.5,0.833,0.6,6.8,7.4,4.3,1.0,0.2,1.8,4.3,14.5,,kaminfr01,14.9,0.72,0.523,0.273,1.8,20.8,11.2,15.3,1.4,0.5,15.4,13.9,0.4,0.2,0.5,0.148,0.7,1.8,2.6,0.2,15.8,0.227,0.182,0.045,0.023,0.667,0.8,0.5,0.5,1.0,0.478,0.929,1.0,0.045,2,0.043,0,0
422,Frank Kaminsky,29,HOU,C,10,0,59,3.7,11.6,0.316,1.2,6.1,0.2,2.4,5.5,0.444,0.368,2.4,2.4,1.0,2.4,7.3,9.8,6.7,0.6,1.8,0.0,0.6,11.0,,kaminfr01,16.6,0.434,0.526,0.211,7.4,22.6,14.9,25.2,0.8,5.0,0.0,14.6,0.1,0.0,0.2,0.122,2.5,1.2,3.7,0.1,17.1,0.158,0.158,0.105,0.053,0.444,1.0,0.0,0.5,0.0,0.2,0.75,1.0,0.0,0,0.2,0,0
423,Johnny Juzang,21,UTA,SG,18,0,232,5.4,16.1,0.337,2.3,9.8,0.238,3.1,6.4,0.488,0.409,0.3,0.6,0.5,1.2,4.8,6.1,1.2,0.6,0.5,0.5,2.0,13.5,,juzanjo01,6.5,0.411,0.606,0.038,3.8,14.3,9.1,4.7,0.8,1.1,2.8,19.6,-0.3,0.1,-0.2,-0.032,-4.3,-2.2,-6.5,-0.3,19.2,0.058,0.163,0.077,0.096,0.488,0.833,0.471,0.25,0.5,0.238,0.55,0.867,0.0,0,0.27,0,0
424,David Duke Jr.,23,BRK,SG,23,0,228,5.7,12.3,0.462,0.2,1.9,0.083,5.5,10.4,0.53,0.468,1.9,2.7,0.706,1.7,2.8,4.6,3.3,1.6,0.2,2.8,4.9,13.4,,dukeda01,8.3,0.497,0.154,0.218,5.5,8.7,7.1,13.1,2.1,0.4,17.4,20.1,-0.3,0.2,-0.1,-0.011,-6.3,-1.0,-7.3,-0.3,7.1,0.487,0.269,0.064,0.026,0.53,0.605,0.429,0.2,1.0,0.083,0.543,1.0,0.051,3,0.5,0,0
425,Patrick Baldwin Jr.,20,GSW,SF,31,0,226,6.8,17.4,0.394,5.1,13.4,0.381,1.8,4.0,0.44,0.541,0.6,1.0,0.667,0.2,6.2,6.4,1.8,1.0,0.6,1.8,2.2,19.4,,baldwpa01,11.3,0.546,0.771,0.055,0.5,18.6,9.7,6.9,1.3,1.6,9.0,22.8,-0.1,0.3,0.1,0.029,-0.7,-1.4,-2.1,0.0,21.4,0.073,0.083,0.055,0.018,0.44,0.875,0.333,0.0,0.5,0.381,0.818,1.0,0.037,3,0.214,0,0
426,John Butler,20,POR,C,19,1,221,2.8,8.6,0.321,1.3,5.7,0.229,1.5,2.9,0.5,0.396,0.5,0.7,0.75,0.5,2.3,2.8,1.8,1.1,1.5,0.2,3.6,7.3,,butlejo01,5.7,0.411,0.66,0.075,1.5,7.3,4.4,6.5,1.5,3.6,1.8,11.0,-0.1,0.1,0.0,0.001,-5.4,-0.8,-6.2,-0.2,19.0,0.151,0.094,0.057,0.038,0.5,0.625,0.6,0.0,0.5,0.229,0.889,1.0,0.038,2,0.143,0,0
427,Cody Zeller,30,MIA,C,15,2,217,6.1,9.8,0.627,0.0,0.3,0.0,6.1,9.5,0.649,0.627,4.0,5.8,0.686,4.1,6.5,10.6,1.7,0.5,0.7,2.3,5.5,16.3,,zelleco01,16.4,0.659,0.034,0.593,13.0,21.8,17.3,7.2,0.7,1.9,15.8,18.1,0.4,0.3,0.7,0.147,-2.0,-0.7,-2.8,0.0,4.4,0.576,0.237,0.051,0.034,0.649,0.735,0.571,1.0,0.0,0.0,0.838,,0.153,8,0.5,0,0
428,Dalen Terry,20,CHI,SG,38,0,214,5.4,12.1,0.444,1.2,4.5,0.259,4.2,7.6,0.556,0.493,2.4,3.5,0.667,2.0,4.2,6.2,3.7,1.9,0.8,1.3,4.0,14.3,,terryda01,14.1,0.523,0.375,0.292,6.5,13.0,9.8,14.1,2.5,2.3,9.0,18.4,0.1,0.3,0.5,0.105,-1.7,1.7,0.0,0.1,11.6,0.431,0.139,0.0,0.056,0.556,0.581,0.5,,0.5,0.259,0.32,0.714,0.042,1,0.444,0,0
429,Matthew Dellavedova,32,SAC,PG,32,0,213,2.9,8.5,0.34,1.5,4.6,0.333,1.4,3.9,0.348,0.43,0.7,1.2,0.571,0.2,2.0,2.2,6.9,1.2,0.0,1.7,3.4,7.9,,dellama01,6.7,0.443,0.54,0.14,0.5,6.4,3.5,23.4,1.6,0.0,15.9,12.7,0.0,0.1,0.1,0.021,-4.4,-0.8,-5.2,-0.2,15.9,0.08,0.2,0.12,0.04,0.348,0.75,0.3,0.167,0.5,0.333,0.25,0.778,0.0,0,0.148,0,0
430,Thanasis Antetokounmpo,30,MIL,PF,37,0,206,3.5,8.0,0.435,0.0,1.4,0.0,3.5,6.6,0.526,0.435,1.9,3.8,0.5,2.6,5.1,7.7,2.6,0.5,0.5,2.1,3.8,8.9,,antetth01,6.7,0.458,0.174,0.478,7.9,14.1,11.1,9.3,0.7,1.2,17.7,13.8,-0.1,0.2,0.1,0.022,-6.5,-1.1,-7.6,-0.3,7.7,0.478,0.304,0.022,0.022,0.526,0.682,0.357,0.0,0.0,0.0,0.65,,0.13,6,0.375,1,0
431,Nikola Jović,19,MIA,PF,15,8,204,4.9,12.2,0.406,1.4,6.2,0.229,3.5,6.0,0.588,0.464,3.2,3.4,0.947,1.6,3.9,5.5,1.8,1.2,0.4,1.8,3.4,14.5,,jovicni01,10.6,0.53,0.507,0.275,5.0,13.1,8.9,7.3,1.7,1.0,11.4,19.0,0.0,0.2,0.2,0.053,-3.4,0.0,-3.4,-0.1,16.3,0.188,0.159,0.087,0.058,0.588,0.846,0.455,0.333,0.5,0.229,0.85,1.0,0.014,1,0.286,0,0
432,Jared Rhoden,23,DET,SG,14,0,198,3.1,8.0,0.386,0.9,3.6,0.25,2.2,4.4,0.5,0.443,1.1,1.1,1.0,2.0,4.7,6.7,0.7,0.7,0.2,0.5,4.2,8.2,,rhodeja01,6.5,0.482,0.455,0.136,6.0,15.0,10.4,2.8,1.0,0.4,6.0,10.7,0.0,0.1,0.1,0.027,-5.0,-1.1,-6.1,-0.2,14.8,0.159,0.205,0.091,0.045,0.5,0.571,0.333,0.75,0.0,0.25,0.583,1.0,0.045,2,0.4,0,0
433,Moussa Diabaté,21,LAC,C,22,1,195,4.4,8.7,0.511,0.2,0.4,0.5,4.2,8.3,0.511,0.521,1.8,3.0,0.625,5.7,3.5,9.2,0.7,1.3,1.5,1.7,2.8,10.9,,diabamo01,14.2,0.546,0.043,0.34,18.0,10.8,14.4,2.8,1.8,3.6,14.3,14.1,0.2,0.2,0.4,0.105,-1.9,-0.8,-2.8,0.0,4.0,0.574,0.34,0.043,0.0,0.511,0.556,0.5,0.0,,0.5,0.478,1.0,0.149,7,1.0,0,0
434,Nerlens Noel,28,2TM,C,17,4,195,2.4,6.6,0.361,0.2,0.4,0.5,2.2,6.3,0.353,0.375,1.5,2.2,0.667,1.8,6.6,8.5,1.8,3.0,1.8,2.4,5.9,6.5,,noelne01,7.9,0.424,0.056,0.333,5.6,21.0,13.1,6.7,4.0,4.5,23.9,12.0,-0.3,0.3,0.0,0.007,-6.5,2.6,-3.8,-0.1,9.1,0.25,0.25,0.306,0.139,0.353,0.444,0.222,0.364,0.4,0.5,0.833,1.0,0.028,0,0.0,0,0
434,Nerlens Noel,28,DET,C,14,3,152,2.8,7.1,0.4,0.2,0.5,0.5,2.6,6.6,0.393,0.417,1.7,2.4,0.7,1.7,7.1,8.8,1.7,3.1,2.1,1.9,5.9,7.6,,noelne01,10.0,0.465,0.067,0.333,5.0,22.6,13.5,6.2,4.1,5.2,18.9,11.9,-0.1,0.3,0.1,0.04,-5.1,3.1,-2.0,0.0,10.1,0.267,0.2,0.3,0.167,0.393,0.5,0.333,0.333,0.4,0.5,0.818,1.0,0.033,0,0.0,0,0
434,Nerlens Noel,28,BRK,C,3,1,43,0.8,5.0,0.167,0.0,0.0,,0.8,5.0,0.167,0.167,0.8,1.7,0.5,2.5,5.0,7.5,2.5,2.5,0.8,4.2,5.9,2.5,,noelne01,0.3,0.218,0.0,0.333,8.0,15.3,11.8,8.3,3.4,2.0,42.1,12.2,-0.2,0.1,-0.1,-0.112,-11.3,1.0,-10.3,-0.1,8.1,0.167,0.5,0.333,0.0,0.167,0.0,0.0,0.5,,,1.0,,0.0,0,,0,0
435,Skylar Mays,25,POR,PG,6,6,189,6.5,13.0,0.5,2.3,5.0,0.462,4.2,8.0,0.524,0.588,2.3,2.5,0.923,0.4,3.2,3.6,9.5,1.1,0.2,1.9,2.1,17.5,,mayssk01,19.4,0.624,0.382,0.191,1.2,10.4,5.8,40.0,1.5,0.5,11.9,19.3,0.6,0.1,0.7,0.171,2.1,-2.1,0.0,0.1,14.9,0.265,0.088,0.162,0.103,0.524,0.611,0.167,0.636,0.429,0.462,0.227,0.75,0.0,0,0.154,0,0
436,Peyton Watson,20,DEN,SG,23,2,186,5.6,11.4,0.492,1.2,2.7,0.429,4.5,8.7,0.511,0.542,2.1,3.9,0.55,1.5,5.6,7.2,2.1,0.4,2.1,1.5,2.7,14.5,,watsope01,12.8,0.553,0.237,0.339,5.1,17.4,11.4,7.9,0.5,5.2,10.6,17.7,0.1,0.2,0.3,0.073,-2.7,-0.1,-2.8,0.0,9.3,0.305,0.39,0.068,0.0,0.511,0.722,0.348,0.5,,0.429,0.652,1.0,0.119,6,0.429,0,0
437,Serge Ibaka,33,MIL,C,16,0,185,5.1,10.5,0.481,1.2,3.5,0.333,3.9,7.0,0.556,0.537,1.6,2.5,0.615,2.9,5.6,8.6,0.8,0.4,1.4,2.1,4.5,12.8,,ibakase01,9.8,0.553,0.333,0.241,8.8,15.7,12.4,2.9,0.5,3.1,15.6,16.1,0.0,0.2,0.2,0.058,-4.6,0.0,-4.5,-0.1,12.8,0.333,0.185,0.074,0.074,0.556,0.778,0.4,0.0,0.5,0.333,0.55,1.0,0.148,7,0.111,0,0
438,Kenneth Lofton Jr.,20,MEM,PF,24,1,176,10.0,19.0,0.527,1.2,3.5,0.353,8.8,15.5,0.566,0.559,3.3,5.5,0.593,3.9,6.5,10.4,4.1,1.0,0.4,2.5,5.7,24.5,,loftoke01,20.2,0.572,0.183,0.29,11.5,19.2,15.4,18.1,1.3,1.0,10.3,27.6,0.3,0.2,0.5,0.145,0.7,-1.1,-0.4,0.1,9.6,0.473,0.108,0.151,0.086,0.566,0.795,0.4,0.214,0.125,0.353,0.535,1.0,0.054,5,0.176,0,0
439,Mamadi Diakite,26,CLE,C,22,2,176,4.9,10.2,0.48,1.4,4.3,0.333,3.5,5.9,0.586,0.55,0.4,0.4,1.0,1.6,4.5,6.1,1.6,0.8,1.8,2.5,5.3,11.7,,diakima01,9.0,0.56,0.42,0.04,5.4,14.7,10.0,6.3,1.1,4.7,19.1,16.0,-0.1,0.3,0.2,0.051,-4.9,1.6,-3.4,-0.1,13.9,0.24,0.2,0.12,0.02,0.586,0.833,0.4,0.333,1.0,0.333,0.824,0.857,0.08,4,0.429,0,0
440,Ryan Arcidiacono,28,2TM,PG,20,4,172,1.9,7.7,0.243,1.7,4.8,0.348,0.2,2.9,0.071,0.351,0.0,0.0,,0.0,3.1,3.1,4.8,1.0,0.0,1.5,3.6,5.4,,arcidry01,2.7,0.351,0.622,0.0,0.0,10.0,5.0,16.9,1.4,0.0,15.9,11.1,-0.2,0.1,-0.2,-0.043,-7.3,-1.5,-8.8,-0.3,18.8,0.027,0.189,0.108,0.054,0.071,0.0,0.143,0.0,0.0,0.348,1.0,0.875,0.0,0,0.043,0,0
440,Ryan Arcidiacono,28,NYK,PG,11,0,26,1.4,6.9,0.2,1.4,4.2,0.333,0.0,2.8,0.0,0.3,0.0,0.0,,0.0,5.5,5.5,2.8,2.8,0.0,1.4,4.2,4.2,,arcidry01,3.1,0.3,0.6,0.0,0.0,17.0,8.4,9.3,3.8,0.0,16.7,9.9,0.0,0.0,0.0,-0.012,-8.9,3.8,-5.1,0.0,16.9,0.2,0.2,0.0,0.0,0.0,0.0,0.0,,,0.333,,1.0,0.0,0,0.333,0,0
440,Ryan Arcidiacono,28,POR,PG,9,4,146,2.0,7.9,0.25,1.7,4.9,0.35,0.2,3.0,0.083,0.359,0.0,0.0,,0.0,2.7,2.7,5.2,0.7,0.0,1.5,3.5,5.7,,arcidry01,2.6,0.359,0.625,0.0,0.0,8.7,4.3,18.3,1.0,0.0,15.8,11.3,-0.2,0.0,-0.1,-0.049,-7.0,-2.4,-9.4,-0.3,20.7,0.0,0.188,0.125,0.063,0.083,,0.167,0.0,0.0,0.35,1.0,0.857,0.0,0,0.0,0,0
441,Boban Marjanović,34,HOU,C,31,0,171,8.6,12.6,0.683,0.0,0.2,0.0,8.6,12.4,0.695,0.683,4.2,5.7,0.741,4.2,8.4,12.6,1.9,1.1,0.4,2.9,2.1,21.5,,marjabo01,23.4,0.71,0.017,0.45,12.7,26.0,19.3,8.7,1.4,1.1,16.3,20.8,0.4,0.1,0.6,0.158,3.0,-1.5,1.6,0.2,4.9,0.4,0.483,0.1,0.0,0.695,0.833,0.586,0.667,,0.0,0.561,,0.1,6,0.0,0,0
442,Noah Vonleh,27,BOS,C,23,1,171,2.3,5.1,0.458,0.2,0.8,0.25,2.1,4.2,0.5,0.479,0.4,0.4,1.0,3.8,6.3,10.1,1.5,0.4,1.7,2.3,7.4,5.3,,vonleno01,5.9,0.502,0.167,0.083,11.7,18.8,15.3,5.1,0.6,4.0,30.7,9.2,0.0,0.3,0.2,0.06,-7.0,0.7,-6.3,-0.2,6.8,0.458,0.292,0.083,0.0,0.5,0.727,0.143,0.5,,0.25,0.2,1.0,0.208,5,0.75,0,0
443,Vit Krejci,22,ATL,PG,29,0,165,3.3,8.1,0.405,1.1,4.6,0.238,2.2,3.5,0.625,0.473,0.2,0.4,0.5,1.3,4.4,5.7,3.7,1.1,0.2,1.1,3.7,7.9,,krejcvi01,7.7,0.475,0.568,0.054,3.9,13.4,8.6,12.4,1.4,0.5,11.7,10.9,0.0,0.1,0.1,0.042,-4.2,0.6,-3.6,-0.1,15.9,0.297,0.081,0.027,0.027,0.625,0.636,0.667,0.0,1.0,0.238,0.6,0.6,0.054,2,0.19,0,0
444,Garrett Temple,36,NOP,SG,25,0,162,4.0,10.0,0.4,2.4,5.8,0.423,1.6,4.2,0.368,0.522,0.7,0.9,0.75,1.1,2.7,3.8,2.9,2.0,0.4,0.9,3.3,11.1,,templga01,10.5,0.535,0.578,0.089,3.5,8.4,5.9,10.6,2.7,1.2,7.9,13.4,0.1,0.2,0.3,0.094,-2.5,1.6,-1.0,0.0,17.3,0.311,0.022,0.044,0.044,0.368,0.5,0.0,0.0,0.0,0.423,0.429,1.0,0.0,0,0.231,1,0
445,Khem Birch,30,TOR,C,20,0,162,4.2,7.1,0.594,0.2,0.4,0.5,4.0,6.7,0.6,0.609,0.9,1.1,0.8,1.8,3.8,5.6,1.6,1.1,1.1,1.8,5.3,9.6,,birchkh01,9.4,0.629,0.063,0.156,5.2,12.8,8.7,5.8,1.5,3.0,19.0,11.1,0.1,0.2,0.2,0.072,-4.6,1.1,-3.5,-0.1,6.5,0.375,0.469,0.063,0.031,0.6,0.833,0.467,0.5,0.0,0.5,0.944,1.0,0.25,8,1.0,0,0
446,James Johnson,35,IND,PF,18,1,162,4.9,10.9,0.449,0.7,3.3,0.2,4.2,7.6,0.559,0.48,0.9,1.8,0.5,0.9,5.8,6.7,3.3,1.6,1.3,1.8,7.1,11.3,,johnsja01,8.4,0.486,0.306,0.163,2.7,17.8,10.3,12.6,2.1,3.2,13.2,15.7,-0.1,0.2,0.1,0.017,-5.7,1.2,-4.4,-0.1,11.4,0.388,0.204,0.041,0.061,0.559,0.632,0.4,0.5,0.667,0.2,0.421,1.0,0.082,4,0.533,0,0
447,Alex Len,29,SAC,C,26,2,161,3.6,6.7,0.533,0.0,0.4,0.0,3.6,6.3,0.571,0.533,2.5,3.6,0.688,5.4,8.0,13.4,2.7,0.9,2.5,3.6,6.3,9.6,,lenal01,12.8,0.58,0.067,0.533,17.2,25.4,21.3,9.3,1.2,6.0,30.2,14.1,0.1,0.2,0.3,0.085,-4.9,0.9,-4.0,-0.1,5.5,0.633,0.133,0.1,0.067,0.571,0.737,0.0,0.667,0.0,0.0,0.563,,0.2,6,0.0,0,0
448,Luka Šamanić,23,UTA,PF,7,4,161,5.8,12.7,0.456,1.8,6.9,0.258,4.0,5.8,0.692,0.526,2.0,2.9,0.692,0.0,6.7,6.7,3.4,1.3,0.4,2.2,3.8,15.4,,samanlu01,11.0,0.55,0.544,0.228,0.0,19.9,10.1,13.0,1.8,1.1,13.8,18.9,0.0,0.2,0.2,0.045,-3.2,1.1,-2.1,0.0,15.4,0.246,0.175,0.018,0.018,0.692,0.786,0.7,0.0,0.0,0.258,0.778,1.0,0.088,5,0.226,0,0
449,Dru Smith,25,2TM,SG,15,1,158,4.1,10.3,0.4,1.1,4.3,0.263,3.0,5.9,0.5,0.456,0.7,0.7,1.0,0.5,5.0,5.5,5.0,2.3,0.9,0.7,5.2,10.0,,smithdr01,11.4,0.475,0.422,0.067,1.4,15.9,8.7,19.3,3.1,2.5,6.1,13.8,0.1,0.3,0.3,0.099,-3.8,2.9,-0.9,0.0,15.2,0.178,0.2,0.178,0.022,0.5,0.5,0.556,0.5,0.0,0.263,0.308,1.0,0.0,0,0.368,0,0
449,Dru Smith,25,MIA,SG,5,1,67,2.7,7.5,0.357,0.5,3.2,0.167,2.1,4.3,0.5,0.393,0.0,0.0,,0.5,4.3,4.8,2.7,2.1,1.6,0.5,5.4,5.9,,smithdr01,7.1,0.393,0.429,0.0,1.7,14.5,7.9,10.1,3.0,4.6,6.7,9.9,0.0,0.1,0.1,0.053,-6.3,3.1,-3.1,0.0,16.1,0.071,0.286,0.143,0.071,0.5,1.0,0.5,0.5,0.0,0.167,0.5,1.0,0.0,0,0.333,0,0
449,Dru Smith,25,BRK,SG,10,0,91,5.1,12.3,0.419,1.6,5.1,0.308,3.6,7.1,0.5,0.484,1.2,1.2,1.0,0.4,5.5,5.9,6.7,2.4,0.4,0.8,5.1,13.1,,smithdr01,14.6,0.511,0.419,0.097,1.3,16.9,9.3,26.0,3.2,0.9,5.8,16.7,0.1,0.1,0.3,0.132,-2.1,2.7,0.7,0.1,14.3,0.226,0.161,0.194,0.0,0.5,0.429,0.6,0.5,,0.308,0.222,1.0,0.0,0,0.385,0,0
450,Wendell Moore Jr.,21,MIN,SG,29,2,153,4.2,10.1,0.419,0.5,4.0,0.118,3.8,6.1,0.615,0.442,0.9,1.2,0.8,0.9,3.3,4.2,4.2,1.9,1.2,1.9,3.1,9.9,,moorewe01,9.3,0.465,0.395,0.116,3.0,10.0,6.6,15.3,2.5,2.8,15.0,14.9,-0.1,0.2,0.1,0.028,-3.8,1.3,-2.4,0.0,11.8,0.419,0.116,0.047,0.023,0.615,0.778,0.4,0.0,0.0,0.118,0.438,1.0,0.0,0,0.412,0,0
451,Otto Porter Jr.,29,TOR,SF,8,2,146,3.7,7.4,0.5,1.5,4.2,0.353,2.2,3.2,0.692,0.6,2.0,2.0,1.0,1.5,3.2,4.7,2.0,2.7,0.0,1.0,1.7,10.8,,porteot01,14.0,0.656,0.567,0.267,4.3,10.9,7.4,7.2,3.7,0.0,10.7,11.0,0.2,0.2,0.4,0.142,-1.3,2.0,0.7,0.1,18.8,0.133,0.1,0.033,0.167,0.692,1.0,1.0,0.0,0.4,0.353,0.556,1.0,0.0,0,0.235,0,0
452,Kemba Walker,32,DAL,PG,9,1,144,6.0,14.2,0.421,1.7,7.0,0.25,4.2,7.3,0.586,0.482,4.2,5.2,0.81,0.7,3.3,4.0,4.7,0.5,0.5,1.0,2.7,18.0,,walkeke02,15.0,0.543,0.491,0.368,2.4,10.6,6.5,20.1,0.7,1.2,5.7,22.1,0.2,0.1,0.3,0.098,0.3,-0.6,-0.3,0.1,16.5,0.211,0.123,0.088,0.088,0.586,0.583,0.571,0.6,0.6,0.25,0.176,0.429,0.0,0,0.071,0,0
453,Danny Green,35,2TM,SG,11,0,138,5.7,12.8,0.449,4.2,9.7,0.432,1.6,3.1,0.5,0.612,0.3,0.3,1.0,0.8,2.9,3.7,1.6,1.6,0.8,2.6,4.2,15.9,,greenda02,10.8,0.617,0.755,0.02,2.5,9.1,5.8,6.1,2.2,2.0,16.8,18.9,0.0,0.2,0.2,0.059,-2.1,0.2,-1.9,0.0,21.1,0.041,0.061,0.122,0.02,0.5,0.5,0.333,0.5,1.0,0.432,0.667,1.0,0.0,0,0.324,0,0
453,Danny Green,35,MEM,SG,3,0,43,2.5,9.2,0.273,2.5,6.7,0.375,0.0,2.5,0.0,0.409,0.0,0.0,,0.8,2.5,3.3,1.7,0.8,0.0,2.5,5.0,7.5,,greenda02,-0.2,0.409,0.727,0.0,2.5,7.4,4.9,5.6,1.1,0.0,21.4,13.5,-0.1,0.0,-0.1,-0.061,-7.9,-0.9,-8.8,-0.1,20.6,0.0,0.091,0.182,0.0,0.0,,0.0,0.0,,0.375,,1.0,0.0,0,0.5,0,0
453,Danny Green,35,CLE,SG,8,0,95,7.2,14.4,0.5,4.9,11.0,0.448,2.3,3.4,0.667,0.671,0.4,0.4,1.0,0.8,3.0,3.8,1.5,1.9,1.1,2.7,3.8,19.7,,greenda02,15.8,0.676,0.763,0.026,2.5,9.9,6.2,6.4,2.6,2.9,15.4,21.4,0.1,0.2,0.2,0.114,0.5,0.7,1.2,0.1,21.6,0.053,0.053,0.105,0.026,0.667,0.5,0.5,0.75,1.0,0.448,0.667,1.0,0.0,0,0.276,0,0
454,Jarrett Culver,23,ATL,SF,10,1,137,4.5,11.3,0.395,0.3,3.2,0.083,4.2,8.1,0.516,0.407,2.4,3.4,0.692,2.6,7.4,10.0,1.6,1.6,0.5,1.8,3.7,11.6,,culveja01,9.5,0.452,0.279,0.302,7.9,22.6,15.2,5.5,2.1,1.2,12.6,17.1,-0.1,0.2,0.0,0.014,-4.8,0.6,-4.2,-0.1,11.3,0.395,0.14,0.047,0.14,0.516,0.647,0.333,0.5,0.333,0.083,0.375,1.0,0.047,2,0.25,0,0
455,Quenton Jackson,24,WAS,PG,9,0,135,5.1,11.2,0.452,0.3,3.2,0.083,4.8,8.0,0.6,0.464,4.5,5.9,0.773,0.5,1.6,2.1,4.0,1.1,0.3,1.1,2.7,14.9,,jacksqu01,12.2,0.542,0.286,0.524,1.7,4.8,3.3,15.1,1.4,0.6,7.2,17.9,0.1,0.1,0.2,0.078,-3.7,-1.5,-5.1,-0.1,10.9,0.381,0.238,0.024,0.071,0.6,0.563,0.6,1.0,0.667,0.083,0.5,1.0,0.095,2,0.167,0,0
456,Cody Martin,27,CHO,SF,7,0,134,3.8,9.7,0.389,0.8,3.8,0.214,3.0,5.9,0.5,0.431,1.1,1.9,0.571,2.1,4.3,6.4,3.0,1.1,0.3,0.5,3.5,9.4,,martico01,8.7,0.448,0.389,0.194,6.2,13.0,9.5,11.0,1.4,0.6,4.9,12.9,0.0,0.1,0.1,0.045,-3.8,-0.8,-4.6,-0.1,13.3,0.361,0.083,0.083,0.083,0.5,0.615,0.333,0.333,0.333,0.214,0.545,1.0,0.083,2,0.429,0,0
457,Jeenathan Williams,23,POR,SG,5,4,127,6.8,11.1,0.615,0.9,2.3,0.375,6.0,8.8,0.677,0.654,0.6,0.9,0.667,2.8,1.4,4.3,2.8,0.9,0.6,1.1,3.7,15.0,,willije02,15.5,0.657,0.205,0.077,9.0,4.6,6.8,12.1,1.2,1.4,9.0,15.2,0.3,0.0,0.3,0.12,-1.0,-2.1,-3.0,0.0,7.2,0.615,0.154,0.0,0.026,0.677,0.792,0.333,,0.0,0.375,0.667,1.0,0.154,6,0.5,0,0
458,Xavier Cooks,27,WAS,PF,10,1,126,4.9,8.0,0.607,0.0,0.3,0.0,4.9,7.7,0.63,0.607,1.1,2.9,0.4,4.6,6.3,10.9,1.7,1.7,1.1,2.3,3.7,10.9,,cooksxa01,14.3,0.586,0.036,0.357,14.7,18.7,16.8,6.4,2.3,2.7,19.8,13.9,0.1,0.2,0.2,0.094,-3.2,-0.4,-3.6,-0.1,6.0,0.393,0.536,0.036,0.0,0.63,0.727,0.533,1.0,,0.0,0.647,,0.107,3,0.0,1,0
459,Jason Preston,23,LAC,PG,14,0,124,5.2,11.9,0.439,1.5,5.2,0.278,3.8,6.7,0.565,0.5,0.0,0.6,0.0,0.6,5.8,6.4,7.8,0.6,0.0,2.9,2.0,11.9,,prestja01,10.3,0.489,0.439,0.049,1.8,17.9,9.9,30.9,0.8,0.0,19.3,18.3,0.0,0.1,0.1,0.021,-2.1,-0.5,-2.6,0.0,17.1,0.122,0.293,0.122,0.024,0.565,0.8,0.417,0.6,1.0,0.278,0.308,0.6,0.0,0,0.222,1,0
460,Jonathan Isaac,25,ORL,PF,11,0,124,6.4,15.4,0.415,1.7,4.4,0.4,4.6,11.0,0.421,0.472,1.5,2.6,0.556,4.4,8.4,12.8,1.7,4.1,1.2,1.2,1.5,16.0,,isaacjo01,20.3,0.483,0.283,0.17,13.7,26.5,20.1,7.3,5.5,3.1,6.6,21.1,0.0,0.3,0.3,0.13,1.0,3.0,4.0,0.2,11.9,0.321,0.189,0.113,0.094,0.421,0.588,0.1,0.5,0.4,0.4,0.5,1.0,0.113,5,0.267,0,0
461,Shaquille Harrison,29,POR,SG,5,0,120,4.5,10.8,0.417,0.9,3.0,0.3,3.6,7.8,0.462,0.458,3.3,4.5,0.733,0.3,6.3,6.6,9.0,3.3,0.6,1.8,3.6,13.2,,harrish01,17.9,0.516,0.278,0.417,1.0,20.3,10.5,34.9,4.5,1.5,12.3,17.6,0.2,0.2,0.3,0.137,-2.5,2.6,0.1,0.1,11.0,0.444,0.111,0.083,0.083,0.462,0.5,0.5,0.333,0.333,0.3,0.5,1.0,0.028,1,0.1,0,0
462,Meyers Leonard,30,MIL,C,9,2,114,4.4,9.2,0.483,2.2,5.7,0.389,2.2,3.5,0.636,0.603,2.5,2.8,0.889,3.8,6.9,10.7,0.3,0.6,0.0,1.9,5.1,13.6,,leoname01,12.0,0.652,0.621,0.31,11.4,19.4,15.5,1.2,0.8,0.0,15.4,14.4,0.2,0.1,0.3,0.126,-2.8,-2.2,-5.0,-0.1,17.7,0.276,0.069,0.0,0.034,0.636,0.625,1.0,,0.0,0.389,0.857,1.0,0.103,2,0.167,0,0
463,Olivier Sarr,23,OKC,C,9,1,114,4.7,9.5,0.5,0.3,2.5,0.125,4.4,6.9,0.636,0.517,1.6,2.2,0.714,3.8,6.0,9.8,1.3,0.3,1.6,1.3,5.4,11.4,,sarrol01,11.5,0.544,0.267,0.233,11.1,18.2,14.6,4.6,0.4,4.1,10.8,13.6,0.1,0.1,0.2,0.094,-4.2,-0.7,-4.9,-0.1,8.3,0.6,0.1,0.033,0.0,0.636,0.611,0.667,1.0,,0.125,0.929,1.0,0.4,10,0.125,0,0
464,Andre Iguodala,39,GSW,PF,8,0,113,2.2,4.8,0.467,0.3,2.9,0.111,1.9,1.9,1.0,0.5,0.6,1.0,0.667,1.0,4.5,5.4,6.1,1.3,1.0,2.9,3.5,5.4,,iguodan01,7.3,0.521,0.6,0.2,3.0,13.4,8.3,20.3,1.7,2.3,35.5,9.4,0.0,0.1,0.1,0.044,-4.3,1.7,-2.5,0.0,15.9,0.267,0.133,0.0,0.0,1.0,1.0,1.0,,,0.111,0.667,1.0,0.267,4,0.222,0,0
465,Daniel Theis,30,IND,C,7,1,109,6.9,14.5,0.477,0.7,3.6,0.182,6.3,10.9,0.576,0.5,1.7,4.0,0.417,2.3,5.0,7.3,3.0,0.7,2.0,1.0,2.3,16.2,,theisda01,14.2,0.497,0.25,0.273,7.1,15.2,11.2,12.2,0.9,4.7,5.7,20.1,0.0,0.1,0.1,0.046,-0.9,-0.5,-1.4,0.0,10.4,0.409,0.205,0.136,0.0,0.576,0.611,0.667,0.333,,0.182,0.947,1.0,0.136,6,0.182,1,0
466,A.J. Lawson,22,2TM,SG,15,0,108,7.3,14.7,0.5,3.3,8.3,0.4,4.0,6.3,0.632,0.614,0.7,2.7,0.25,2.0,5.0,7.0,0.7,0.7,0.0,1.0,3.7,18.7,,lawsoaj01,13.9,0.589,0.568,0.182,6.4,16.3,11.3,3.0,0.9,0.0,5.9,21.1,0.1,0.1,0.1,0.063,-1.5,-2.9,-4.4,-0.1,7.7,0.318,0.114,0.0,0.0,0.632,0.714,0.4,,,0.4,0.5,1.0,0.136,5,0.56,0,0
466,A.J. Lawson,22,MIN,SG,1,0,2,18.0,18.0,1.0,0.0,0.0,,18.0,18.0,1.0,1.0,0.0,0.0,,0.0,18.0,18.0,0.0,0.0,0.0,0.0,18.0,36.0,,lawsoaj01,34.4,1.0,0.0,0.0,0.0,54.9,27.9,0.0,0.0,0.0,0.0,21.4,0.0,0.0,0.0,0.377,-2.3,7.5,5.2,0.0,0.5,1.0,0.0,0.0,0.0,1.0,1.0,,,,,1.0,,1.0,1,,0,0
466,A.J. Lawson,22,DAL,SG,14,0,106,7.1,14.6,0.488,3.4,8.5,0.4,3.7,6.1,0.611,0.605,0.7,2.7,0.25,2.0,4.8,6.8,0.7,0.7,0.0,1.0,3.4,18.3,,lawsoaj01,13.5,0.58,0.581,0.186,6.5,15.5,11.0,3.0,0.9,0.0,6.1,21.1,0.1,0.1,0.1,0.057,-1.5,-3.1,-4.6,-0.1,15.0,0.302,0.116,0.0,0.0,0.611,0.692,0.4,,,0.4,0.455,1.0,0.116,4,0.56,0,0
467,Justin Jackson,27,BOS,SF,23,0,107,2.4,9.1,0.259,1.7,6.7,0.25,0.7,2.4,0.286,0.352,0.3,0.7,0.5,0.7,5.0,5.7,3.0,1.3,1.3,0.7,2.4,6.7,,jacksju01,6.3,0.359,0.741,0.074,2.1,15.1,8.7,10.5,1.8,3.2,6.7,12.2,-0.1,0.2,0.1,0.025,-4.2,1.6,-2.6,0.0,21.1,0.074,0.074,0.074,0.037,0.286,0.5,0.0,0.5,0.0,0.25,0.5,0.8,0.0,0,0.3,0,0
468,Vince Williams Jr.,22,MEM,SG,15,1,105,4.1,13.7,0.3,1.4,9.6,0.143,2.7,4.1,0.667,0.35,0.7,0.7,1.0,1.4,3.8,5.1,1.4,2.1,0.7,1.7,4.1,10.3,,willivi01,3.9,0.367,0.7,0.05,4.0,11.1,7.6,4.8,2.7,1.7,10.9,18.1,-0.3,0.2,-0.1,-0.049,-8.3,-0.2,-8.5,-0.2,17.8,0.25,0.05,0.0,0.0,0.667,0.7,0.5,,,0.143,0.75,1.0,0.0,0,0.393,0,0
469,Josh Minott,20,MIN,SF,15,0,96,6.8,13.5,0.5,0.7,2.3,0.333,6.0,11.3,0.533,0.528,3.0,3.0,1.0,1.9,7.5,9.4,1.9,1.5,2.3,1.1,3.7,17.2,,minotjo01,17.9,0.582,0.167,0.222,5.9,22.9,14.6,7.5,2.0,5.4,7.1,18.9,0.1,0.2,0.3,0.146,-1.9,0.4,-1.6,0.0,6.6,0.389,0.417,0.028,0.0,0.533,0.714,0.4,0.0,,0.333,0.75,1.0,0.278,10,0.5,0,0
470,Jay Huff,24,WAS,C,7,0,95,5.7,9.5,0.6,2.3,4.5,0.5,3.4,4.9,0.692,0.72,5.7,6.1,0.938,2.3,5.7,8.0,3.8,1.1,1.5,1.9,5.7,19.3,,huffja01,22.3,0.796,0.48,0.64,7.3,16.9,12.3,14.7,1.5,3.6,13.5,16.9,0.4,0.1,0.5,0.261,2.8,1.2,4.0,0.1,15.5,0.32,0.08,0.08,0.04,0.692,0.875,0.5,0.0,1.0,0.5,1.0,1.0,0.16,4,0.083,0,0
471,Greg Brown III,21,POR,PF,16,0,93,4.3,10.8,0.393,0.4,2.7,0.143,3.9,8.1,0.476,0.411,1.9,4.6,0.417,0.8,6.6,7.4,1.2,1.5,1.9,2.3,5.0,10.8,,browngr01,5.8,0.421,0.25,0.429,2.5,21.2,11.7,4.5,2.1,4.8,15.3,18.4,-0.3,0.1,-0.1,-0.074,-8.5,0.0,-8.5,-0.2,9.1,0.536,0.143,0.0,0.071,0.476,0.667,0.0,,0.0,0.143,0.9,1.0,0.25,6,0.429,0,0
472,Joshua Primo,20,SAS,SG,4,0,93,3.5,10.1,0.346,1.2,4.6,0.25,2.3,5.4,0.429,0.404,2.7,3.5,0.778,0.8,4.3,5.0,7.0,0.4,0.8,4.3,3.1,10.8,,primojo01,6.1,0.467,0.462,0.346,2.3,13.4,7.6,24.4,0.5,1.8,26.9,18.2,-0.2,0.0,-0.1,-0.073,-4.7,-1.6,-6.3,-0.1,17.0,0.038,0.308,0.115,0.077,0.429,1.0,0.375,0.333,0.5,0.25,0.333,0.667,0.077,1,0.25,0,0
473,Buddy Boeheim,23,DET,SF,10,0,90,2.0,10.8,0.185,1.6,10.0,0.16,0.4,0.8,0.5,0.259,0.8,0.8,1.0,0.8,1.6,2.4,1.6,0.8,0.0,0.0,2.4,6.4,,boehebu01,0.5,0.287,0.926,0.074,2.4,5.1,3.7,5.8,1.1,0.0,0.0,13.2,-0.2,0.0,-0.2,-0.091,-7.5,-2.0,-9.5,-0.2,24.0,0.0,0.037,0.037,0.0,0.5,,1.0,0.0,,0.16,0.0,1.0,0.0,0,0.44,0,0
474,Jaden Springer,20,PHI,SG,16,2,89,6.9,14.2,0.486,0.8,2.0,0.4,6.1,12.1,0.5,0.514,2.4,3.2,0.75,2.4,3.2,5.7,3.2,2.8,1.2,1.2,6.1,17.0,,sprinja01,17.2,0.545,0.143,0.229,8.1,10.4,9.3,13.8,3.9,3.1,7.2,20.8,0.1,0.2,0.3,0.145,-2.6,2.9,0.3,0.1,8.9,0.343,0.257,0.2,0.057,0.5,0.75,0.444,0.286,0.0,0.4,0.333,0.5,0.086,3,0.4,0,0
475,Justin Minaya,23,POR,SF,4,0,89,2.8,9.3,0.304,1.2,4.9,0.25,1.6,4.4,0.364,0.37,0.0,0.4,0.0,1.2,4.9,6.1,1.6,0.8,2.0,1.6,3.6,6.9,,minayju01,4.0,0.363,0.522,0.043,3.8,15.6,9.7,5.9,1.1,5.0,14.6,13.4,-0.2,0.1,-0.1,-0.067,-7.2,-1.9,-9.0,-0.2,16.4,0.217,0.087,0.13,0.043,0.364,0.6,0.0,0.333,0.0,0.25,0.5,1.0,0.0,0,0.25,0,0
476,Lindell Wigginton,24,MIL,PG,7,1,87,7.4,15.3,0.486,2.5,7.4,0.333,5.0,7.9,0.632,0.568,3.3,3.7,0.889,0.0,2.9,2.9,5.8,0.0,0.8,5.0,2.9,20.7,,wiggili01,11.8,0.61,0.486,0.243,0.0,8.1,4.2,23.8,0.0,1.9,22.7,25.6,0.0,0.1,0.1,0.028,-3.1,-3.6,-6.7,-0.1,16.1,0.189,0.189,0.054,0.081,0.632,0.857,0.429,0.5,0.667,0.333,0.083,1.0,0.0,0,0.111,0,0
477,Isaiah Mobley,23,CLE,PF,12,0,84,5.1,12.0,0.429,1.3,3.4,0.375,3.9,8.6,0.45,0.482,1.7,1.7,1.0,1.7,6.9,8.6,1.3,1.7,1.3,0.4,3.4,13.3,,mobleis01,14.1,0.521,0.286,0.143,5.6,22.4,14.0,5.0,2.4,3.3,3.3,16.4,0.1,0.2,0.2,0.135,-2.5,1.1,-1.4,0.0,11.1,0.286,0.357,0.036,0.036,0.45,0.5,0.4,1.0,0.0,0.375,0.444,1.0,0.036,1,0.125,0,0
478,Jordan Hall,21,SAS,SF,9,0,83,3.9,12.1,0.321,1.3,6.5,0.2,2.6,5.6,0.462,0.375,3.0,3.9,0.778,1.3,3.9,5.2,4.8,0.4,0.0,3.0,2.6,12.1,,halljo02,5.5,0.438,0.536,0.321,3.8,12.3,7.9,17.0,0.6,0.0,18.0,19.4,-0.1,0.0,-0.1,-0.077,-4.7,-2.9,-7.6,-0.1,19.1,0.143,0.036,0.107,0.179,0.462,0.75,0.0,0.333,0.4,0.2,0.5,1.0,0.036,0,0.267,0,0
479,Omer Yurtseven,24,MIA,C,9,0,83,6.9,11.7,0.593,1.3,3.0,0.429,5.6,8.7,0.65,0.648,2.2,2.6,0.833,3.5,6.5,10.0,0.9,0.9,0.9,1.7,6.9,17.3,,yurtsom01,16.7,0.675,0.259,0.222,10.9,21.9,16.2,3.9,1.2,2.5,11.9,18.0,0.2,0.1,0.3,0.159,-2.5,-1.5,-3.9,0.0,10.3,0.222,0.444,0.074,0.0,0.65,0.667,0.667,0.5,,0.429,0.692,1.0,0.074,1,0.571,0,0
480,PJ Dozier,26,SAC,SF,16,0,79,4.6,15.0,0.303,0.9,7.3,0.125,3.6,7.7,0.471,0.333,0.0,0.0,,0.5,5.9,6.4,4.6,2.7,0.5,2.3,3.2,10.0,,doziepj01,5.2,0.333,0.485,0.0,1.5,18.7,10.1,16.3,3.6,1.1,13.2,20.6,-0.3,0.1,-0.2,-0.097,-8.6,0.7,-7.8,-0.1,17.9,0.152,0.091,0.121,0.152,0.471,0.8,0.333,0.0,0.6,0.125,0.375,1.0,0.0,0,0.313,1,0
481,Jared Butler,22,OKC,PG,6,1,77,7.0,15.0,0.469,3.3,6.5,0.5,3.7,8.4,0.444,0.578,0.0,0.0,,0.5,1.4,1.9,3.7,2.3,0.0,2.3,2.3,17.3,,butleja02,13.0,0.578,0.438,0.0,1.4,4.3,2.8,15.0,3.1,0.0,13.5,20.1,0.0,0.1,0.1,0.061,-2.2,-0.4,-2.6,0.0,14.5,0.188,0.344,0.031,0.0,0.444,0.333,0.545,0.0,,0.5,0.375,0.857,0.0,0,0.071,0,0
482,Keon Ellis,23,SAC,SG,16,0,71,3.5,8.1,0.438,3.0,6.1,0.5,0.5,2.0,0.25,0.625,2.0,3.5,0.571,2.0,2.0,4.1,3.0,2.5,0.5,0.5,5.1,12.2,,elliske01,14.0,0.629,0.75,0.438,6.5,6.4,6.4,10.5,3.4,1.2,5.0,12.1,0.2,0.1,0.2,0.162,-0.1,1.4,1.3,0.1,22.2,0.0,0.125,0.063,0.063,0.25,,0.5,0.0,0.0,0.5,1.0,0.667,0.0,0,0.167,0,0
483,Udonis Haslem,42,MIA,C,7,1,71,5.1,14.7,0.345,1.5,4.6,0.333,3.5,10.1,0.35,0.397,2.0,2.5,0.8,2.0,3.5,5.6,0.0,0.5,1.0,0.5,5.6,13.7,,hasleud01,6.2,0.433,0.31,0.172,6.4,12.0,9.1,0.0,0.7,2.9,3.1,20.1,-0.1,0.1,0.0,-0.009,-8.2,-3.9,-12.1,-0.2,14.7,0.138,0.103,0.31,0.138,0.35,0.25,0.333,0.556,0.0,0.333,0.714,1.0,0.034,1,0.444,0,0
484,Jamaree Bouyea,23,2TM,PG,5,0,71,3.0,7.1,0.429,1.0,3.0,0.333,2.0,4.1,0.5,0.5,0.5,1.0,0.5,0.5,2.5,3.0,2.0,2.0,1.0,2.0,3.0,7.6,,bouyeja01,6.5,0.504,0.429,0.143,1.6,8.4,4.9,7.8,2.8,2.9,21.2,11.8,-0.1,0.1,0.0,0.013,-5.8,1.6,-4.2,0.0,20.8,0.143,0.357,0.0,0.071,0.5,1.0,0.4,,0.0,0.333,0.5,0.5,0.0,0,0.0,0,0
484,Jamaree Bouyea,23,MIA,PG,4,0,65,3.3,7.2,0.462,1.1,2.8,0.4,2.2,4.4,0.5,0.538,0.6,1.1,0.5,0.6,2.2,2.8,2.2,2.2,1.1,2.2,2.8,8.3,,bouyeja01,7.8,0.54,0.385,0.154,1.7,7.5,4.5,8.6,3.1,3.1,22.4,12.2,-0.1,0.1,0.0,0.029,-4.9,1.9,-2.9,0.0,13.6,0.154,0.385,0.0,0.077,0.5,1.0,0.4,,0.0,0.4,0.5,0.5,0.0,0,0.0,0,0
484,Jamaree Bouyea,23,WAS,PG,1,0,6,0.0,6.0,0.0,0.0,6.0,0.0,0.0,0.0,,0.0,0.0,0.0,,0.0,6.0,6.0,0.0,0.0,0.0,0.0,6.0,0.0,,bouyeja01,-6.9,0.0,1.0,0.0,0.0,17.9,9.3,0.0,0.0,0.0,0.0,7.2,0.0,0.0,0.0,-0.15,-16.1,-1.7,-17.8,0.0,28.1,0.0,0.0,0.0,0.0,,,,,,0.0,,,0.0,0,0.0,0,0
485,Trevelin Queen,25,IND,SG,7,0,70,3.6,14.9,0.241,1.0,7.7,0.133,2.6,7.2,0.357,0.276,2.6,2.6,1.0,4.1,4.6,8.7,3.1,1.0,2.6,3.6,2.1,10.8,,queentr01,6.0,0.337,0.517,0.172,12.7,14.2,13.5,11.1,1.4,6.1,18.3,22.9,-0.3,0.1,-0.2,-0.133,-5.6,-1.5,-7.2,-0.1,15.6,0.31,0.138,0.0,0.034,0.357,0.556,0.0,,0.0,0.133,0.6,1.0,0.034,0,0.133,0,0
486,Leandro Bolmaro,22,UTA,SF,14,0,68,1.6,10.6,0.15,0.0,2.1,0.0,1.6,8.5,0.188,0.15,0.0,0.0,,2.1,1.6,3.7,3.7,1.6,0.5,3.7,5.3,3.2,,bolmale01,-5.0,0.15,0.2,0.0,6.5,4.7,5.6,12.3,2.1,1.2,25.9,16.6,-0.4,0.0,-0.3,-0.231,-12.4,-2.3,-14.7,-0.2,11.0,0.25,0.35,0.1,0.1,0.188,0.2,0.143,0.5,0.0,0.0,0.0,,0.0,0,0.0,0,0
487,Jack White,25,DEN,SF,17,0,66,4.4,10.4,0.421,1.6,4.9,0.333,2.7,5.5,0.5,0.5,1.1,1.6,0.667,3.3,6.0,9.3,2.2,1.6,1.1,1.1,4.9,11.5,,whiteja03,12.6,0.517,0.474,0.158,10.7,18.6,14.8,7.7,2.2,2.7,9.0,14.7,0.1,0.1,0.1,0.108,-2.6,0.7,-1.9,0.0,12.8,0.316,0.211,0.0,0.0,0.5,0.5,0.5,,,0.333,0.4,1.0,0.105,2,0.667,0,0
488,Tyrese Martin,23,ATL,SG,16,0,66,4.9,12.5,0.391,0.5,3.8,0.143,4.4,8.7,0.5,0.413,1.1,1.1,1.0,2.7,3.8,6.5,1.1,0.5,0.0,1.1,1.1,11.5,,martity01,7.7,0.44,0.304,0.087,8.2,11.7,10.0,3.9,0.7,0.0,7.7,16.5,0.0,0.0,0.0,-0.01,-4.2,-3.1,-7.4,-0.1,12.3,0.261,0.217,0.13,0.087,0.5,0.667,0.4,0.333,0.5,0.143,0.75,1.0,0.087,2,0.429,0,0
489,JD Davison,20,BOS,SG,12,0,66,4.4,10.4,0.421,1.1,3.8,0.286,3.3,6.5,0.5,0.474,0.5,1.1,0.5,1.1,3.8,4.9,6.0,1.1,1.1,2.2,2.7,10.4,,davisjd01,10.1,0.478,0.368,0.105,3.4,11.4,7.4,22.4,1.5,2.6,16.8,15.8,0.0,0.1,0.1,0.059,-4.5,0.4,-4.2,0.0,15.9,0.053,0.211,0.316,0.053,0.5,1.0,0.5,0.333,1.0,0.286,0.5,1.0,0.0,0,0.0,0,0
490,Ryan Rollins,20,GSW,PG,12,0,62,4.1,11.6,0.35,1.7,5.2,0.333,2.3,6.4,0.364,0.425,3.5,3.5,1.0,1.7,5.2,7.0,3.5,0.6,0.6,9.3,5.8,13.4,,rolliry01,-1.4,0.508,0.45,0.3,5.4,15.7,10.6,12.4,0.8,1.4,41.4,26.1,-0.3,0.1,-0.3,-0.218,-11.3,-3.7,-15.0,-0.2,13.1,0.35,0.15,0.05,0.0,0.364,0.429,0.333,0.0,,0.333,0.25,0.667,0.0,0,0.556,0,0
491,Isaiah Todd,21,WAS,PF,6,1,61,1.8,11.2,0.158,0.6,5.9,0.1,1.2,5.3,0.222,0.184,1.2,1.2,1.0,1.2,5.9,7.1,2.4,0.6,0.0,1.2,2.4,5.3,,toddis01,-1.0,0.226,0.526,0.105,3.8,17.6,10.9,7.9,0.8,0.0,9.1,15.6,-0.2,0.0,-0.2,-0.147,-10.3,-3.9,-14.2,-0.2,17.1,0.053,0.368,0.0,0.053,0.222,0.0,0.286,,0.0,0.1,1.0,1.0,0.053,0,0.2,0,0
492,Sam Merrill,26,CLE,SG,5,0,59,5.5,13.4,0.409,3.1,11.0,0.278,2.4,2.4,1.0,0.523,1.2,1.2,1.0,0.0,5.5,5.5,3.1,2.4,0.0,0.0,1.8,15.3,,merrisa01,15.5,0.546,0.818,0.091,0.0,18.0,9.0,12.0,3.4,0.0,0.0,17.3,0.1,0.1,0.2,0.16,-1.2,2.5,1.2,0.0,22.3,0.091,0.045,0.0,0.045,1.0,1.0,1.0,,1.0,0.278,1.0,1.0,0.0,0,0.056,0,0
493,Carlik Jones,25,CHI,PG,7,0,56,3.9,9.6,0.4,1.9,3.9,0.5,1.9,5.8,0.333,0.5,3.2,5.1,0.625,0.6,2.6,3.2,3.9,1.3,0.0,1.3,1.3,12.9,,jonesca03,11.1,0.54,0.4,0.533,2.1,8.0,5.1,13.9,1.7,0.0,9.7,16.2,0.0,0.1,0.1,0.078,-2.8,0.4,-2.5,0.0,16.0,0.133,0.267,0.0,0.2,0.333,0.5,0.25,,0.333,0.5,0.0,1.0,0.0,0,0.0,0,0
494,Gabe York,29,IND,SG,3,0,56,5.1,13.5,0.381,3.9,11.6,0.333,1.3,1.9,0.667,0.524,1.3,1.3,1.0,0.0,3.9,3.9,3.2,1.3,0.0,0.0,3.2,15.4,,yorkga01,11.8,0.548,0.857,0.095,0.0,11.9,5.9,12.3,1.7,0.0,0.0,16.4,0.1,0.0,0.1,0.091,-1.7,-1.8,-3.5,0.0,22.0,0.143,0.0,0.0,0.0,0.667,0.667,,,,0.333,0.5,1.0,0.0,0,0.278,0,0
495,Devon Dotson,23,WAS,PG,6,0,53,0.7,6.8,0.1,0.7,2.7,0.25,0.0,4.1,0.0,0.15,0.0,0.0,,4.1,2.7,6.8,5.4,3.4,0.0,2.0,6.1,2.0,,dotsode01,4.8,0.15,0.4,0.0,13.1,8.1,10.5,17.6,4.6,0.0,23.1,10.7,-0.1,0.1,0.0,-0.025,-7.0,1.8,-5.3,0.0,16.5,0.0,0.3,0.1,0.2,0.0,,0.0,0.0,0.0,0.25,,1.0,0.0,0,0.25,0,0
496,Facundo Campazzo,31,DAL,PG,8,0,52,2.1,9.0,0.231,2.1,7.6,0.273,0.0,1.4,0.0,0.346,0.7,1.4,0.5,0.0,1.4,1.4,6.2,4.2,0.0,2.1,2.1,6.9,,campafa01,7.8,0.36,0.846,0.154,0.0,4.5,2.2,22.6,5.7,0.0,17.8,14.7,-0.1,0.1,0.0,-0.012,-4.8,3.6,-1.2,0.0,22.0,0.077,0.077,0.0,0.0,0.0,0.0,0.0,,,0.273,,0.667,0.0,0,0.091,0,0
497,Micah Potter,24,UTA,PF,7,0,52,6.9,10.4,0.667,2.8,4.8,0.571,4.2,5.5,0.75,0.8,0.0,0.0,,2.1,9.0,11.1,2.8,0.7,0.0,1.4,3.5,16.6,,pottemi01,18.6,0.8,0.467,0.0,6.3,26.7,16.6,11.2,0.9,0.0,11.8,13.7,0.2,0.0,0.2,0.186,2.4,1.2,3.5,0.1,14.3,0.2,0.333,0.0,0.0,0.75,1.0,0.6,,,0.571,0.667,1.0,0.133,2,0.143,0,0
498,Joe Wieskamp,23,TOR,SF,9,0,50,2.2,10.1,0.214,2.2,8.6,0.25,0.0,1.4,0.0,0.321,0.0,0.0,,0.0,2.9,2.9,2.2,0.0,0.0,0.7,2.2,6.5,,wieskjo01,-0.4,0.321,0.857,0.0,0.0,9.8,4.5,7.4,0.0,0.0,6.7,12.8,-0.1,0.0,-0.1,-0.076,-7.0,-3.6,-10.6,-0.1,20.9,0.143,0.0,0.0,0.0,0.0,0.0,,,,0.25,,1.0,0.0,0,0.583,0,0
499,Ron Harper Jr.,22,TOR,PF,9,0,48,6.0,12.0,0.5,2.3,6.8,0.333,3.7,5.2,0.714,0.594,0.7,0.7,1.0,2.3,3.0,5.2,3.0,0.0,0.7,0.0,2.3,15.0,,harpero02,15.7,0.608,0.563,0.063,6.6,10.2,8.3,11.9,0.0,2.0,0.0,14.6,0.1,0.0,0.2,0.158,2.4,-1.2,1.2,0.0,15.5,0.188,0.25,0.0,0.0,0.714,0.667,0.75,,,0.333,0.6,1.0,0.0,0,0.444,0,0
500,Xavier Sneed,25,CHO,SF,4,0,48,3.7,7.5,0.5,2.3,4.5,0.5,1.5,3.0,0.5,0.65,3.0,3.0,1.0,0.0,3.7,3.7,3.7,0.0,0.7,2.3,5.2,12.7,,sneedxa01,9.5,0.723,0.6,0.4,0.0,11.3,5.6,13.9,0.0,1.8,20.3,12.9,0.1,0.0,0.1,0.086,-3.1,-0.4,-3.6,0.0,17.6,0.2,0.1,0.1,0.0,0.5,1.0,0.0,0.0,,0.5,1.0,1.0,0.1,1,0.167,0,0
501,Michael Carter-Williams,31,ORL,PG,4,0,44,4.9,11.5,0.429,0.8,2.5,0.333,4.1,9.0,0.455,0.464,3.3,5.7,0.571,0.8,3.3,4.1,5.7,0.8,0.8,3.3,4.1,13.9,,cartemi01,9.0,0.498,0.214,0.5,2.6,10.3,6.4,22.6,1.1,2.2,19.0,20.6,0.0,0.0,0.0,-0.003,-5.1,-1.2,-6.3,0.0,10.4,0.143,0.5,0.143,0.0,0.455,1.0,0.429,0.0,,0.333,0.0,1.0,0.0,0,0.333,0,0
502,Cole Swider,23,LAL,SF,7,0,41,2.6,7.9,0.333,2.6,7.0,0.375,0.0,0.9,0.0,0.5,0.0,0.0,,0.9,5.3,6.1,3.5,0.0,0.0,0.0,2.6,7.9,,swideco01,7.4,0.5,0.889,0.0,2.7,15.2,9.1,12.0,0.0,0.0,0.0,9.3,0.0,0.0,0.1,0.08,-2.9,-0.5,-3.4,0.0,24.2,0.0,0.0,0.111,0.0,0.0,,,0.0,,0.375,,1.0,0.0,0,0.25,0,0
503,Mac McClung,24,PHI,SG,2,0,41,7.9,17.6,0.45,3.5,9.7,0.364,4.4,7.9,0.556,0.55,2.6,4.4,0.6,2.6,6.1,8.8,7.9,0.0,0.0,2.6,2.6,22.0,,mccluma01,19.2,0.563,0.55,0.25,8.8,19.8,14.4,35.3,0.0,0.0,11.9,27.5,0.1,0.0,0.1,0.14,2.2,-1.7,0.5,0.0,15.3,0.3,0.1,0.0,0.05,0.556,0.667,0.5,,0.0,0.364,0.6,0.75,0.1,2,0.364,0,0
504,Jacob Gilyard,24,MEM,PG,1,0,41,0.9,2.6,0.333,0.9,2.6,0.333,0.0,0.0,,0.5,0.0,0.0,,0.0,3.5,3.5,6.1,2.6,0.0,1.8,2.6,2.6,,gilyaja01,7.3,0.5,1.0,0.0,0.0,10.3,5.2,19.4,3.5,0.0,40.0,5.1,0.0,0.1,0.1,0.079,-7.8,1.7,-6.1,0.0,24.4,0.0,0.0,0.0,0.0,,,,,,0.333,,1.0,0.0,0,0.333,0,0
505,Kendall Brown,19,IND,SG,6,0,40,3.6,6.3,0.571,0.0,0.9,0.0,3.6,5.4,0.667,0.571,0.9,1.8,0.5,1.8,3.6,5.4,2.7,3.6,0.0,1.8,8.1,8.1,,brownke03,9.1,0.571,0.143,0.286,5.6,11.1,8.3,9.7,4.7,0.0,20.2,10.4,0.0,0.1,0.1,0.071,-7.0,4.0,-2.9,0.0,7.1,0.429,0.286,0.143,0.0,0.667,1.0,0.0,1.0,,0.0,0.25,,0.286,2,1.0,0,0
506,Jarrell Brantley,26,UTA,PF,4,0,39,7.4,12.9,0.571,3.7,8.3,0.444,3.7,4.6,0.8,0.714,1.8,1.8,1.0,0.9,4.6,5.5,2.8,0.0,1.8,1.8,2.8,20.3,,brantja01,18.5,0.739,0.643,0.143,2.8,13.7,8.3,11.4,0.0,4.3,11.8,18.1,0.1,0.0,0.1,0.16,3.1,0.4,3.5,0.1,18.0,0.071,0.286,0.0,0.0,0.8,1.0,0.75,,,0.444,0.25,1.0,0.0,0,0.333,0,0
507,Mfiondu Kabengele,25,BOS,PF,4,0,36,2.0,7.0,0.286,0.0,3.0,0.0,2.0,4.0,0.5,0.286,2.0,2.0,1.0,5.0,5.0,10.0,0.0,2.0,0.0,1.0,3.0,6.0,,kabenmf01,8.1,0.381,0.429,0.286,15.4,14.9,15.2,0.0,2.7,0.0,11.3,10.8,0.0,0.1,0.1,0.067,-6.6,-2.4,-8.9,-0.1,12.7,0.429,0.143,0.0,0.0,0.5,0.667,0.0,,,0.0,0.5,,0.429,2,0.333,0,0
508,RaiQuan Gray,23,BRK,PF,1,0,35,6.2,12.3,0.5,2.1,5.1,0.4,4.1,7.2,0.571,0.583,2.1,2.1,1.0,3.1,6.2,9.3,7.2,0.0,1.0,4.1,5.1,16.5,,grayra01,15.5,0.621,0.417,0.167,9.9,18.8,14.4,29.0,0.0,2.4,23.7,21.4,0.0,0.0,0.1,0.106,-0.6,-1.4,-2.0,0.0,11.5,0.5,0.083,0.0,0.0,0.571,0.667,0.0,,,0.4,1.0,1.0,0.0,0,0.4,0,0
509,Justin Champagnie,21,2TM,SF,5,0,34,5.3,15.9,0.333,1.1,5.3,0.2,4.2,10.6,0.4,0.367,0.0,0.0,,3.2,5.3,8.5,4.2,1.1,0.0,0.0,2.1,11.6,,champju01,10.3,0.367,0.333,0.0,9.6,17.1,13.1,16.3,1.4,0.0,0.0,19.2,0.0,0.0,0.0,0.009,-5.1,-2.8,-7.9,-0.1,8.4,0.133,0.533,0.0,0.0,0.4,0.5,0.375,,,0.2,0.5,1.0,0.0,0,0.4,0,0
509,Justin Champagnie,21,TOR,SF,3,0,11,9.8,9.8,1.0,0.0,0.0,,9.8,9.8,1.0,1.0,0.0,0.0,,3.3,9.8,13.1,3.3,0.0,0.0,0.0,3.3,19.6,,champju01,28.9,1.0,0.0,0.0,9.6,33.3,20.6,15.3,0.0,0.0,0.0,11.6,0.1,0.0,0.1,0.332,6.1,1.9,8.1,0.0,3.7,0.333,0.667,0.0,0.0,1.0,1.0,1.0,,,,0.667,,0.0,0,,0,0
509,Justin Champagnie,21,BOS,SF,2,0,23,3.1,18.8,0.167,1.6,7.8,0.2,1.6,11.0,0.143,0.208,0.0,0.0,,3.1,3.1,6.3,4.7,1.6,0.0,0.0,1.6,7.8,,champju01,1.5,0.208,0.417,0.0,9.6,9.3,9.5,16.7,2.1,0.0,0.0,22.8,-0.1,0.0,-0.1,-0.145,-10.5,-5.1,-15.5,-0.1,13.1,0.083,0.5,0.0,0.0,0.143,0.0,0.167,,,0.2,0.0,1.0,0.0,0,0.4,0,0
510,Tony Bradley,25,CHI,C,12,0,33,6.5,13.1,0.5,3.3,5.5,0.6,3.3,7.6,0.429,0.625,4.4,4.4,1.0,1.1,10.9,12.0,1.1,1.1,1.1,1.1,2.2,20.7,,bradlto01,21.7,0.69,0.417,0.333,3.5,33.8,18.9,4.4,1.5,2.9,6.8,19.8,0.1,0.1,0.2,0.22,4.4,0.5,4.9,0.1,12.8,0.333,0.083,0.167,0.0,0.429,0.75,0.0,0.0,,0.6,0.667,1.0,0.083,1,0.8,0,0
511,Scotty Pippen Jr.,22,LAL,PG,6,0,32,4.5,13.5,0.333,1.1,3.4,0.333,3.4,10.1,0.333,0.375,5.6,10.1,0.556,2.3,2.3,4.5,2.3,2.3,1.1,2.3,3.4,15.8,,pippesc02,9.6,0.439,0.25,0.75,6.9,6.5,6.7,8.2,3.0,2.6,11.1,23.7,-0.1,0.0,0.0,-0.017,-5.1,-0.8,-5.9,0.0,11.8,0.167,0.333,0.167,0.083,0.333,0.5,0.5,0.0,0.0,0.333,0.333,0.0,0.0,0,0.333,0,0
512,Alize Johnson,26,SAS,PF,4,0,30,3.6,7.2,0.5,0.0,2.4,0.0,3.6,4.8,0.75,0.5,1.2,2.4,0.5,2.4,9.6,12.0,1.2,1.2,0.0,4.8,3.6,8.4,,johnsal02,4.3,0.509,0.333,0.333,7.0,30.3,18.2,4.2,1.6,0.0,36.8,15.0,-0.1,0.0,-0.1,-0.099,-7.4,-1.7,-9.1,-0.1,12.8,0.667,0.0,0.0,0.0,0.75,0.75,,,,0.0,0.333,,0.0,0,0.5,1,0
513,Jay Scrubb,22,ORL,SG,2,0,30,6.0,8.4,0.714,2.4,2.4,1.0,3.6,6.0,0.6,0.857,1.2,2.4,0.5,0.0,7.2,7.2,1.2,2.4,0.0,3.6,2.4,15.6,,scrubja01,14.2,0.825,0.286,0.286,0.0,22.7,11.3,5.0,3.2,0.0,27.6,15.6,0.0,0.0,0.1,0.083,-2.9,1.0,-1.9,0.0,9.7,0.429,0.286,0.0,0.0,0.6,0.667,0.5,,,1.0,0.333,0.5,0.143,1,0.5,0,0
514,Neemias Queta,23,SAC,C,5,0,29,7.4,11.2,0.667,0.0,0.0,,7.4,11.2,0.667,0.667,0.0,2.5,0.0,6.2,7.4,13.7,1.2,0.0,2.5,1.2,8.7,14.9,,quetane01,17.0,0.607,0.0,0.222,19.8,23.5,21.7,5.0,0.0,6.0,9.2,16.1,0.1,0.0,0.1,0.149,-2.6,-0.8,-3.4,0.0,3.0,0.444,0.556,0.0,0.0,0.667,0.75,0.6,,,,0.833,,0.444,4,,0,0
515,Louis King,23,PHI,PF,1,0,29,9.9,16.1,0.615,5.0,9.9,0.5,5.0,6.2,0.8,0.769,0.0,1.2,0.0,2.5,2.5,5.0,2.5,1.2,0.0,2.5,5.0,24.8,,kinglo02,21.3,0.744,0.615,0.077,8.3,8.0,8.1,12.2,1.7,0.0,13.0,23.8,0.1,0.0,0.1,0.157,3.3,-1.0,2.3,0.0,18.2,0.154,0.154,0.0,0.077,0.8,1.0,0.5,,1.0,0.5,0.5,0.75,0.0,0,0.125,0,0
516,Vernon Carey Jr.,21,WAS,C,11,0,28,2.6,10.3,0.25,0.0,0.0,,2.6,10.3,0.25,0.25,2.6,2.6,1.0,3.9,10.3,14.1,3.9,2.6,2.6,2.6,6.4,7.7,,careyve01,10.8,0.338,0.0,0.25,12.4,30.6,21.8,13.3,3.5,6.0,18.4,16.9,-0.1,0.1,0.0,0.014,-7.1,2.1,-5.0,0.0,7.7,0.375,0.25,0.125,0.25,0.25,0.667,0.0,0.0,0.0,,0.5,,0.125,1,,0,0
517,Trevor Hudgins,23,HOU,PG,5,0,28,2.6,11.6,0.222,2.6,10.3,0.25,0.0,1.3,0.0,0.333,3.9,3.9,1.0,0.0,0.0,0.0,3.9,0.0,0.0,1.3,1.3,11.6,,hudgitr01,4.2,0.436,0.889,0.333,0.0,0.0,0.0,13.9,0.0,0.0,8.8,16.8,0.0,0.0,0.0,-0.035,-3.8,-4.7,-8.4,0.0,24.8,0.0,0.111,0.0,0.0,0.0,,0.0,,,0.25,,1.0,0.0,0,0.0,0,0
518,Kobi Simmons,25,CHO,SG,5,0,28,1.3,7.7,0.167,1.3,6.4,0.2,0.0,1.3,0.0,0.25,2.6,2.6,1.0,1.3,3.9,5.1,6.4,0.0,2.6,1.3,0.0,6.4,,simmoko01,9.0,0.363,0.833,0.333,3.7,11.7,7.6,21.8,0.0,6.2,12.7,11.8,0.0,0.0,0.0,0.019,-1.0,0.1,-0.9,0.0,22.2,0.167,0.0,0.0,0.0,0.0,0.0,,,,0.2,,1.0,0.0,0,0.0,0,0
519,Darius Days,23,HOU,SF,4,0,25,7.2,17.3,0.417,4.3,14.4,0.3,2.9,2.9,1.0,0.542,2.9,2.9,1.0,1.4,7.2,8.6,1.4,0.0,1.4,0.0,2.9,21.6,,daysda01,18.3,0.582,0.833,0.167,4.3,22.2,13.2,6.2,0.0,3.9,0.0,21.4,0.1,0.0,0.1,0.156,4.7,-1.2,3.5,0.0,20.5,0.167,0.0,0.0,0.0,1.0,1.0,,,,0.3,0.5,1.0,0.0,0,0.5,0,0
520,Sterling Brown,27,LAL,SF,4,0,24,0.0,6.0,0.0,0.0,3.0,0.0,0.0,3.0,0.0,0.0,0.0,0.0,,4.5,7.5,12.0,3.0,4.5,0.0,0.0,6.0,0.0,,brownst02,7.0,0.0,0.5,0.0,13.9,21.6,17.8,9.4,5.9,0.0,0.0,7.0,0.0,0.1,0.0,0.04,-7.7,4.3,-3.3,0.0,13.2,0.5,0.0,0.0,0.0,0.0,0.0,,,,0.0,,,0.0,0,0.5,0,0
521,Chance Comanche,26,POR,C,1,0,21,5.1,8.6,0.6,0.0,0.0,,5.1,8.6,0.6,0.6,1.7,6.9,0.25,3.4,1.7,5.1,0.0,0.0,1.7,0.0,0.0,12.0,,comanch01,12.2,0.518,0.0,0.8,10.9,5.5,8.2,0.0,0.0,4.2,0.0,14.0,0.0,0.0,0.0,0.043,-2.6,-4.9,-7.5,0.0,12.7,0.4,0.0,0.0,0.6,0.6,0.5,,,0.667,,0.667,,0.4,1,,0,0
522,Marko Simonovic,23,CHI,C,7,0,20,3.6,12.6,0.286,1.8,7.2,0.25,1.8,5.4,0.333,0.357,1.8,3.6,0.5,1.8,1.8,3.6,0.0,0.0,0.0,0.0,9.0,10.8,,simonma01,-0.1,0.381,0.571,0.286,5.8,5.6,5.7,0.0,0.0,0.0,0.0,17.4,0.0,0.0,0.0,-0.052,-10.5,-3.8,-14.4,-0.1,18.5,0.0,0.429,0.0,0.0,0.333,,0.333,,,0.25,1.0,1.0,0.0,0,0.0,0,0
523,Xavier Moon,28,LAC,SG,4,0,20,5.4,16.2,0.333,1.8,5.4,0.333,3.6,10.8,0.333,0.389,0.0,0.0,,0.0,5.4,5.4,9.0,0.0,0.0,1.8,3.6,12.6,,moonxa01,7.2,0.389,0.333,0.0,0.0,16.6,8.4,35.7,0.0,0.0,10.0,21.8,0.0,0.0,0.0,-0.03,-4.1,-1.0,-5.1,0.0,18.1,0.0,0.111,0.222,0.333,0.333,,1.0,0.0,0.333,0.333,0.0,1.0,0.0,0,0.333,0,0
524,Lester Quiñones,22,GSW,SG,4,0,18,4.0,10.0,0.4,4.0,8.0,0.5,0.0,2.0,0.0,0.6,8.0,12.0,0.667,2.0,4.0,6.0,4.0,2.0,0.0,10.0,0.0,20.0,,quinole01,8.6,0.654,0.8,1.2,6.2,12.0,9.2,14.2,2.6,0.0,39.6,29.4,-0.1,0.0,0.0,-0.103,-6.4,-3.7,-10.2,0.0,22.3,0.0,0.2,0.0,0.0,0.0,,0.0,,,0.5,,0.5,0.0,0,0.25,0,0
525,Dereon Seabron,22,NOP,SG,5,0,12,6.0,15.0,0.4,0.0,0.0,,6.0,15.0,0.4,0.4,0.0,0.0,,3.0,0.0,3.0,0.0,0.0,0.0,0.0,3.0,12.0,,seabrde01,4.6,0.4,0.0,0.0,9.5,0.0,4.7,0.0,0.0,0.0,0.0,17.9,0.0,0.0,0.0,-0.034,-6.6,-4.7,-11.3,0.0,5.6,0.4,0.6,0.0,0.0,0.4,1.0,0.0,,,,0.5,,0.2,1,,0,0
526,Dylan Windler,26,CLE,SF,3,0,10,7.2,10.8,0.667,3.6,7.2,0.5,3.6,3.6,1.0,0.833,0.0,0.0,,0.0,0.0,0.0,3.6,3.6,0.0,3.6,0.0,18.0,,windldy01,19.0,0.833,0.667,0.0,0.0,0.0,0.0,15.2,5.0,0.0,25.0,17.9,0.0,0.0,0.0,0.149,3.2,3.5,6.7,0.0,17.4,0.333,0.0,0.0,0.0,1.0,1.0,,,,0.5,1.0,1.0,0.0,0,0.5,0,0
527,Malcolm Hill,27,CHI,SF,5,0,9,8.0,16.0,0.5,4.0,12.0,0.333,4.0,4.0,1.0,0.625,0.0,0.0,,0.0,12.0,12.0,0.0,0.0,0.0,0.0,4.0,20.0,,hillma01,15.4,0.625,0.75,0.0,0.0,37.2,18.9,0.0,0.0,0.0,0.0,19.7,0.0,0.0,0.0,0.125,1.6,0.8,2.4,0.0,18.7,0.25,0.0,0.0,0.0,1.0,1.0,,,,0.333,1.0,1.0,0.25,1,0.333,0,0
528,Braxton Key,25,DET,SF,3,0,9,4.0,4.0,1.0,0.0,0.0,,4.0,4.0,1.0,1.0,8.0,8.0,1.0,0.0,4.0,4.0,0.0,0.0,0.0,0.0,0.0,16.0,,keybr01,18.6,1.064,0.0,2.0,0.0,12.7,6.2,0.0,0.0,0.0,0.0,8.9,0.0,0.0,0.0,0.242,2.1,0.8,2.9,0.0,14.0,0.0,0.0,1.0,0.0,1.0,,,1.0,,,1.0,,0.0,0,,0,0
529,Tyler Dorsey,26,DAL,SF,3,0,8,18.0,22.5,0.8,4.5,9.0,0.5,13.5,13.5,1.0,0.9,0.0,0.0,,4.5,4.5,9.0,0.0,0.0,0.0,0.0,0.0,40.5,,dorsety01,45.5,0.9,0.4,0.0,14.4,14.7,14.5,0.0,0.0,0.0,0.0,28.3,0.1,0.0,0.1,0.367,17.0,0.8,17.8,0.0,21.0,0.0,0.0,0.0,0.6,1.0,,,,1.0,0.5,0.667,1.0,0.0,0,0.5,0,0
530,Trevor Keels,19,NYK,SG,3,0,8,4.5,18.0,0.25,4.5,18.0,0.25,0.0,0.0,,0.375,0.0,0.0,,0.0,9.0,9.0,0.0,0.0,0.0,0.0,0.0,13.5,,keelstr01,3.7,0.375,1.0,0.0,0.0,27.6,13.7,0.0,0.0,0.0,0.0,21.4,0.0,0.0,0.0,-0.062,-7.4,-5.6,-13.0,0.0,25.2,0.0,0.0,0.0,0.0,,,,,,0.25,,1.0,0.0,0,0.0,0,0
531,Chima Moneke,27,SAC,SF,2,0,8,4.5,9.0,0.5,0.0,0.0,,4.5,9.0,0.5,0.5,0.0,9.0,0.0,9.0,0.0,9.0,4.5,0.0,0.0,9.0,9.0,9.0,,monekch01,-3.5,0.347,0.0,1.0,28.8,0.0,14.3,16.1,0.0,0.0,41.0,26.2,0.0,0.0,0.0,-0.288,-12.7,-8.0,-20.7,0.0,2.2,1.0,0.0,0.0,0.0,0.5,0.5,,,,,1.0,,0.0,0,,0,0
532,Deonte Burton,29,SAC,PF,2,0,6,0.0,12.0,0.0,0.0,6.0,0.0,0.0,6.0,0.0,0.0,0.0,0.0,,0.0,0.0,0.0,0.0,0.0,0.0,0.0,0.0,0.0,,burtode02,-12.6,0.0,0.5,0.0,0.0,0.0,0.0,0.0,0.0,0.0,0.0,14.3,0.0,0.0,0.0,-0.347,-13.9,-10.4,-24.2,0.0,13.8,0.0,0.5,0.0,0.0,0.0,,0.0,,,0.0,,,0.0,0,1.0,0,0
533,Jordan Schakel,24,WAS,SF,2,0,6,6.0,12.0,0.5,6.0,6.0,1.0,0.0,6.0,0.0,0.75,0.0,0.0,,0.0,0.0,0.0,6.0,6.0,0.0,0.0,6.0,18.0,,schakjo01,24.3,0.75,0.5,0.0,0.0,0.0,0.0,23.5,8.1,0.0,0.0,14.5,0.0,0.0,0.0,0.314,7.7,9.3,17.0,0.0,16.1,0.0,0.5,0.0,0.0,0.0,,0.0,,,1.0,,1.0,0.0,0,0.0,0,0
534,Frank Jackson,24,UTA,PG,1,0,5,0.0,21.6,0.0,0.0,7.2,0.0,0.0,14.4,0.0,0.0,0.0,0.0,,7.2,7.2,14.4,7.2,0.0,0.0,0.0,0.0,0.0,,jacksfr01,-6.8,0.0,0.333,0.0,21.9,21.3,21.6,22.7,0.0,0.0,0.0,25.1,0.0,0.0,0.0,-0.378,-12.5,-9.8,-22.2,0.0,13.9,0.0,0.333,0.333,0.0,0.0,,0.0,0.0,,0.0,,,0.0,0,0.0,0,0
535,Alondes Williams,23,BRK,SG,1,0,5,0.0,0.0,,0.0,0.0,,0.0,0.0,,,0.0,0.0,,0.0,7.2,7.2,0.0,0.0,0.0,14.4,7.2,0.0,,willial06,-20.9,,,,0.0,22.0,11.2,0.0,0.0,0.0,100.0,17.7,-0.1,0.0,-0.1,-0.517,-21.3,-5.2,-26.5,0.0,,,,,,,,,,,,,,,0,,0,0
536,Donovan Williams,21,ATL,SG,2,0,4,18.0,45.0,0.4,0.0,18.0,0.0,18.0,27.0,0.667,0.4,0.0,0.0,,0.0,18.0,18.0,0.0,0.0,0.0,0.0,0.0,36.0,,willido02,14.5,0.4,0.4,0.0,0.0,55.4,27.4,0.0,0.0,0.0,0.0,52.5,0.0,0.0,0.0,-0.225,-9.1,-6.1,-15.2,0.0,12.1,0.2,0.4,0.0,0.0,0.667,1.0,0.5,,,0.0,0.5,,0.0,0,0.5,0,0
537,Chris Silva,26,DAL,PF,1,0,3,12.0,12.0,1.0,0.0,0.0,,12.0,12.0,1.0,1.0,0.0,0.0,,0.0,0.0,0.0,0.0,0.0,0.0,12.0,24.0,24.0,,silvach01,-2.2,1.0,0.0,0.0,0.0,0.0,0.0,0.0,0.0,0.0,50.0,30.1,0.0,0.0,0.0,-0.26,-22.5,-0.1,-22.6,0.0,7.4,0.0,1.0,0.0,0.0,1.0,,1.0,,,,0.0,,0.0,0,,0,0
538,Stanley Umude,23,DET,SG,1,0,2,0.0,18.0,0.0,0.0,18.0,0.0,0.0,0.0,,0.0,36.0,36.0,1.0,0.0,0.0,0.0,0.0,18.0,18.0,0.0,0.0,36.0,,umudest01,65.6,0.532,1.0,2.0,0.0,0.0,0.0,0.0,24.2,44.1,0.0,40.0,0.0,0.0,0.0,0.626,15.9,32.7,48.6,0.0,24.8,0.0,0.0,0.0,0.0,,,,,,0.0,,,0.0,0,1.0,0,0
539,Michael Foster Jr.,20,PHI,PF,1,0,1,0.0,0.0,,0.0,0.0,,0.0,0.0,,,0.0,0.0,,0.0,0.0,0.0,0.0,0.0,0.0,0.0,0.0,0.0,,fostemi02,0.0,,,,0.0,0.0,0.0,0.0,0.0,0.0,,0.0,0.0,0.0,0.0,0.01,-7.2,-1.9,-9.2,0.0,,,,,,,,,,,,,,,0,,0,0
