Rk,Player,Age,Team,Pos,G,GS,MP,FG,FGA,FG%,3P,3PA,3P%,2P,2PA,2P%,eFG%,FT,FTA,FT%,ORB,DRB,TRB,AST,STL,BLK,TOV,PF,PTS,Awards,Player-additional
1,Julius Randle,26,NYK,PF,71,71,2667,8.1,17.8,.456,2.2,5.3,.411,6.0,12.6,.474,.516,4.7,5.8,.811,1.1,8.6,9.8,5.8,0.9,0.2,3.3,3.0,23.1,MVP-8MIP-1ASNBA2,randlju01
2,RJ Barrett,20,NYK,SG,72,72,2511,6.7,15.2,.441,1.8,4.4,.401,4.9,10.8,.457,.499,3.0,4.0,.746,1.0,5.0,5.9,3.1,0.8,0.3,2.0,2.7,18.1,,barrerj01
3,Nikola Jokić,25,DEN,C,72,72,2488,10.6,18.7,.566,1.3,3.4,.388,9.3,15.3,.606,.602,4.9,5.7,.868,3.0,8.3,11.3,8.7,1.4,0.7,3.2,2.8,27.5,MVP-1ASNBA1,jokicni01
4,Buddy Hield,28,SAC,SG,71,71,2433,6.0,14.7,.406,4.2,10.7,.391,1.8,4.0,.446,.548,1.3,1.5,.846,0.4,4.5,4.9,3.8,0.9,0.4,1.9,2.6,17.4,,hieldbu01
5,Damian Lillard,30,POR,PG,67,67,2398,9.0,20.0,.451,4.1,10.6,.391,4.9,9.5,.519,.554,6.7,7.3,.928,0.5,3.8,4.2,7.6,0.9,0.3,3.0,1.5,28.9,MVP-7ASNBA2,lillada01
6,Terry Rozier,26,CHO,SG,69,69,2383,7.7,17.1,.450,3.4,8.6,.389,4.4,8.5,.512,.548,2.5,3.1,.817,0.7,3.9,4.6,4.4,1.3,0.4,1.9,1.8,21.3,,roziete01
7,Russell Westbrook,32,WAS,PG,65,65,2369,8.3,18.8,.439,1.3,4.1,.315,7.0,14.7,.475,.474,4.1,6.3,.656,1.7,9.7,11.4,11.6,1.4,0.3,4.7,2.9,22.0,MVP-11,westbru01
8,Andrew Wiggins,25,GSW,PF,71,71,2364,7.7,16.1,.477,2.1,5.6,.380,5.6,10.5,.529,.543,2.6,3.6,.714,1.2,4.0,5.3,2.5,1.0,1.1,1.9,2.4,20.1,,wiggian01
9,Mikal Bridges,24,PHO,SF,72,72,2348,5.6,10.3,.543,2.1,4.8,.425,3.5,5.4,.647,.643,1.7,2.0,.840,1.2,3.6,4.7,2.3,1.2,1.0,0.9,1.8,14.9,,bridgmi01
10,Nikola Vučević,30,2TM,C,70,70,2348,10.2,21.4,.477,2.7,6.7,.400,7.5,14.7,.513,.540,2.0,2.4,.840,2.2,10.3,12.5,4.1,1.0,0.7,1.9,2.1,25.1,AS,vucevni01
10,Nikola Vučević,30,ORL,C,44,44,1500,10.5,21.8,.480,2.8,6.9,.406,7.7,14.9,.515,.545,2.2,2.6,.827,2.1,10.3,12.4,4.0,1.0,0.7,2.0,1.9,25.9,,vucevni01
10,Nikola Vučević,30,CHI,C,26,26,848,9.8,20.7,.471,2.5,6.5,.388,7.3,14.3,.509,.532,1.7,2.0,.870,2.5,10.2,12.7,4.3,1.0,0.8,1.8,2.5,23.7,,vucevni01
11,Anthony Edwards,19,MIN,SG,72,55,2314,7.9,18.8,.417,2.7,8.1,.329,5.2,10.8,.483,.488,3.3,4.2,.776,0.9,4.3,5.2,3.3,1.3,0.6,2.5,2.0,21.7,ROY-2,edwaran01
12,Jayson Tatum,22,BOS,SF,64,64,2290,9.5,20.7,.459,2.9,7.6,.386,6.6,13.1,.502,.530,4.6,5.3,.868,0.8,6.6,7.4,4.3,1.2,0.5,2.7,1.9,26.6,AS,tatumja01
13,Devin Booker,24,PHO,SG,67,67,2270,9.9,20.4,.484,2.0,5.9,.340,7.9,14.5,.543,.533,5.4,6.2,.867,0.5,3.9,4.5,4.6,0.8,0.3,3.3,2.9,27.2,AS,bookede01
14,Khris Middleton,29,MIL,SF,68,68,2269,8.1,17.0,.476,2.4,5.8,.414,5.7,11.2,.508,.546,3.4,3.7,.898,0.9,5.6,6.4,5.9,1.2,0.1,2.8,2.5,22.0,,middlkh01
15,Duncan Robinson,26,MIA,SF,72,72,2262,5.0,11.4,.439,4.0,9.8,.408,1.0,1.7,.625,.614,1.0,1.2,.827,0.1,3.9,4.0,2.0,0.7,0.3,1.3,2.9,15.0,,robindu01
16,Luka Dončić,21,DAL,PG,66,66,2262,10.3,21.5,.479,3.1,8.7,.350,7.2,12.8,.567,.550,5.5,7.5,.730,0.9,7.5,8.4,9.0,1.0,0.6,4.5,2.4,29.1,MVP-6ASNBA1,doncilu01
17,Robert Covington,30,POR,PF,70,70,2243,3.3,8.2,.401,2.2,5.7,.379,1.1,2.5,.451,.533,0.8,1.0,.806,1.0,6.5,7.5,1.9,1.6,1.3,1.0,3.1,9.5,,covinro01
18,Royce O'Neale,27,UTA,SF,71,71,2241,2.8,6.3,.444,1.7,4.5,.385,1.1,1.9,.586,.580,0.6,0.7,.848,1.4,6.4,7.8,2.9,0.9,0.5,1.3,2.9,8.0,,onealro01
19,Domantas Sabonis,24,IND,PF,62,62,2231,7.8,14.6,.535,0.8,2.6,.321,7.0,12.0,.582,.564,3.9,5.3,.732,2.4,9.6,12.0,6.7,1.2,0.5,3.4,3.3,20.3,AS,sabondo01
20,Bojan Bogdanović,31,UTA,SF,72,72,2216,6.6,15.0,.439,2.9,7.5,.390,3.7,7.5,.487,.536,3.8,4.3,.879,0.6,3.9,4.6,2.2,0.7,0.1,2.1,1.9,19.9,,bogdabo02
21,Norman Powell,27,2TM,SG,69,58,2205,7.2,15.0,.477,2.8,6.8,.411,4.4,8.2,.532,.570,3.9,4.4,.871,0.7,2.8,3.5,2.1,1.3,0.3,1.9,2.6,20.9,,powelno01
21,Norman Powell,27,TOR,SG,42,31,1277,7.9,16.0,.498,3.3,7.6,.439,4.6,8.4,.552,.602,4.0,4.6,.865,0.5,3.0,3.6,2.2,1.3,0.2,2.2,2.8,23.2,,powelno01
21,Norman Powell,27,POR,SF,27,27,928,6.1,13.7,.443,2.1,5.7,.361,4.0,8.0,.502,.518,3.7,4.2,.880,0.9,2.6,3.5,2.0,1.4,0.4,1.6,2.4,17.8,,powelno01
22,Chris Paul,35,PHO,PG,70,70,2199,7.2,14.4,.499,1.7,4.2,.395,5.5,10.2,.543,.557,2.8,3.0,.934,0.4,4.7,5.1,10.2,1.6,0.3,2.6,2.7,18.8,MVP-5ASNBA2,paulch01
23,Rudy Gobert,28,UTA,C,71,71,2187,6.4,9.5,.675,0.0,0.1,.000,6.4,9.5,.680,.675,3.8,6.2,.623,4.0,11.9,15.8,1.5,0.7,3.1,1.9,2.7,16.7,MVP-10DPOY-1ASNBA3DEF1,goberru01
24,Justin Holiday,31,IND,SG,72,52,2183,4.3,10.3,.413,2.9,7.5,.382,1.4,2.8,.494,.551,1.1,1.4,.788,0.5,3.7,4.2,2.0,1.2,0.7,0.9,2.2,12.5,,holidju01
25,Isaac Okoro,20,CLE,SG,67,67,2173,3.9,9.3,.420,1.0,3.5,.290,2.9,5.7,.501,.476,1.9,2.6,.726,1.1,2.3,3.4,2.1,1.0,0.4,1.4,3.1,10.7,,okorois01
26,Coby White,20,CHI,PG,69,54,2156,6.3,15.1,.416,2.7,7.6,.359,3.5,7.5,.473,.506,2.1,2.4,.901,0.5,4.3,4.7,5.5,0.6,0.3,2.6,3.0,17.4,,whiteco01
27,Stephen Curry,32,GSW,PG,63,63,2152,11.0,22.8,.482,5.6,13.4,.421,5.4,9.4,.569,.605,6.1,6.6,.916,0.5,5.3,5.8,6.1,1.3,0.1,3.6,2.0,33.7,MVP-3ASNBA1,curryst01
28,Bradley Beal,27,WAS,SG,60,60,2147,11.2,23.2,.485,2.2,6.3,.349,9.1,16.9,.535,.532,6.8,7.7,.889,1.2,3.5,4.7,4.4,1.2,0.4,3.1,2.3,31.5,ASNBA3,bealbr01
29,Bam Adebayo,23,MIA,C,64,64,2143,7.7,13.4,.570,0.0,0.1,.250,7.6,13.3,.573,.571,4.8,5.9,.799,2.4,7.2,9.6,5.8,1.3,1.1,2.8,2.4,20.1,DPOY-4DEF2,adebaba01
30,Joe Harris,29,BRK,SF,69,65,2141,6.0,11.9,.505,3.5,7.5,.475,2.5,4.4,.555,.654,0.8,1.1,.778,0.7,3.4,4.2,2.2,0.8,0.2,1.0,2.4,16.4,,harrijo01
31,Dejounte Murray,24,SAS,PG,67,67,2139,7.4,16.4,.453,1.1,3.3,.317,6.4,13.0,.488,.485,1.8,2.3,.791,1.0,7.0,8.0,6.1,1.7,0.1,2.0,2.3,17.7,,murrade01
32,Kevin Huerter,22,ATL,SG,69,49,2126,5.4,12.4,.432,2.4,6.5,.363,3.0,5.8,.510,.528,0.8,1.1,.781,0.6,3.3,3.9,4.1,1.4,0.3,1.3,2.8,13.9,,huertke01
33,Trae Young,22,ATL,PG,63,63,2125,8.3,18.8,.438,2.3,6.7,.343,5.9,12.1,.491,.499,8.2,9.2,.886,0.6,3.5,4.2,10.1,0.9,0.2,4.4,1.9,27.0,,youngtr01
34,Deandre Ayton,22,PHO,C,69,69,2115,7.3,11.7,.626,0.1,0.3,.200,7.3,11.4,.639,.629,2.3,2.9,.769,3.9,8.5,12.4,1.7,0.7,1.4,1.8,3.3,17.0,,aytonde01
35,Collin Sexton,22,CLE,SG,60,60,2115,8.9,18.8,.475,1.7,4.5,.371,7.3,14.3,.508,.519,5.3,6.5,.815,1.0,2.2,3.2,4.5,1.1,0.2,2.8,2.7,24.9,,sextoco01
36,Eric Bledsoe,31,NOP,SG,71,70,2111,5.2,12.4,.421,2.1,6.1,.341,3.2,6.4,.496,.503,2.3,3.3,.687,0.5,3.7,4.2,4.6,0.9,0.4,1.9,1.9,14.8,,bledser01
37,Harrison Barnes,28,SAC,PF,58,58,2102,5.5,11.0,.497,1.7,4.4,.391,3.8,6.6,.567,.575,3.3,4.0,.830,1.1,5.5,6.6,3.4,0.7,0.2,1.6,1.3,16.0,,barneha02
38,Brandon Ingram,23,NOP,SF,61,61,2093,8.8,18.9,.466,2.5,6.5,.381,6.4,12.5,.510,.531,4.8,5.5,.878,0.6,4.6,5.1,5.1,0.7,0.6,2.6,2.1,24.9,,ingrabr01
39,DeMar DeRozan,31,SAS,PF,61,61,2056,8.0,16.1,.495,0.3,1.3,.257,7.6,14.8,.515,.505,6.8,7.7,.880,0.7,3.8,4.5,7.4,1.0,0.3,2.1,2.2,23.0,,derozde01
40,Ja Morant,21,MEM,PG,63,63,2053,7.5,16.8,.449,1.3,4.2,.303,6.3,12.6,.499,.487,4.8,6.5,.728,1.0,3.4,4.4,8.2,1.0,0.2,3.6,1.5,21.1,,moranja01
41,Jae'Sean Tate,25,HOU,SF,70,58,2043,5.6,11.0,.506,1.1,3.4,.308,4.5,7.6,.595,.554,1.8,2.6,.694,2.3,4.3,6.6,3.1,1.5,0.6,1.7,3.9,14.0,,tateja01
42,De'Aaron Fox,23,SAC,PG,58,58,2036,9.4,19.6,.477,1.8,5.7,.322,7.5,14.0,.539,.523,5.3,7.4,.719,0.6,3.0,3.6,7.4,1.5,0.5,3.1,3.0,25.8,,foxde01
43,Zach LaVine,25,CHI,SG,58,58,2034,10.1,19.9,.507,3.5,8.4,.419,6.5,11.4,.571,.596,4.5,5.3,.849,0.6,4.5,5.1,5.0,0.8,0.5,3.6,2.4,28.2,AS,lavinza01
44,Zion Williamson,20,NOP,PF,61,61,2026,11.3,18.4,.611,0.2,0.6,.294,11.1,17.8,.622,.616,6.6,9.4,.698,3.0,4.9,7.8,4.0,1.0,0.7,3.0,2.4,29.3,AS,willizi01
45,Tobias Harris,28,PHI,PF,62,62,2014,8.5,16.5,.512,1.5,3.7,.394,7.0,12.8,.546,.556,3.3,3.6,.892,1.1,6.4,7.5,3.9,1.0,0.9,1.9,2.1,21.6,,harrito02
46,Giannis Antetokounmpo,26,MIL,PF,61,61,2013,11.2,19.7,.569,1.2,4.0,.303,10.0,15.7,.636,.600,7.1,10.4,.685,1.7,10.3,12.0,6.4,1.3,1.3,3.7,3.0,30.7,MVP-4DPOY-5ASNBA1DEF1,antetgi01
47,Pascal Siakam,26,TOR,PF,56,56,2006,7.8,17.2,.455,1.3,4.4,.297,6.5,12.8,.509,.493,4.5,5.4,.827,1.7,5.6,7.3,4.5,1.1,0.7,2.3,3.1,21.5,,siakapa01
48,Jaylen Brown,24,BOS,SG,58,58,1999,9.7,20.0,.484,2.9,7.4,.397,6.8,12.6,.536,.558,3.4,4.5,.764,1.3,5.0,6.2,3.5,1.3,0.6,2.8,3.0,25.8,AS,brownja02
49,Dillon Brooks,25,MEM,SF,67,67,1997,7.8,18.6,.419,2.3,6.7,.344,5.5,11.9,.461,.481,2.9,3.5,.815,1.0,2.6,3.5,2.8,1.4,0.5,2.1,4.3,20.7,,brookdi01
50,Kelly Olynyk,29,2TM,PF,70,62,1997,6.1,12.6,.484,2.3,6.6,.342,3.8,5.9,.641,.574,2.6,3.2,.829,1.6,7.2,8.8,3.7,1.4,0.8,2.3,3.7,17.0,,olynyke01
50,Kelly Olynyk,29,MIA,C,43,38,1157,5.0,11.7,.431,2.4,7.6,.317,2.6,4.1,.639,.533,1.0,1.2,.775,1.4,6.8,8.1,2.8,1.2,0.8,1.7,3.8,13.4,,olynyke01
50,Kelly Olynyk,29,HOU,PF,27,24,840,7.5,13.8,.545,2.1,5.4,.392,5.4,8.4,.643,.621,4.9,5.8,.844,1.8,7.9,9.8,4.8,1.7,0.7,3.0,3.6,22.0,,olynyke01
51,Tim Hardaway Jr.,28,DAL,SG,70,31,1985,7.4,16.5,.447,3.8,9.6,.391,3.6,6.9,.524,.560,2.6,3.2,.816,0.4,3.8,4.2,2.3,0.6,0.2,1.2,2.0,21.1,6MOY-5,hardati02
52,Patrick Williams,19,CHI,PF,71,71,1983,4.6,9.6,.483,1.0,2.5,.391,3.6,7.1,.515,.534,1.7,2.3,.728,1.2,4.7,5.9,1.8,1.2,0.8,1.8,2.3,11.9,,willipa01
53,Draymond Green,30,GSW,PF,63,63,1982,3.1,6.9,.447,0.6,2.3,.270,2.5,4.6,.535,.492,1.3,1.6,.795,1.0,7.1,8.1,10.1,1.9,0.9,3.4,3.5,8.1,DPOY-3DEF1,greendr01
54,Keldon Johnson,21,SAS,SF,69,67,1968,6.2,12.9,.479,1.1,3.3,.331,5.1,9.6,.531,.522,2.7,3.6,.740,1.7,5.8,7.5,2.2,0.7,0.4,1.4,2.6,16.1,,johnske04
55,Dennis Schröder,27,LAL,SG,61,61,1956,6.1,14.0,.437,1.3,3.9,.335,4.8,10.1,.476,.484,3.8,4.5,.848,0.6,3.3,3.9,6.5,1.3,0.2,3.0,2.9,17.3,,schrode01
56,Kyle Kuzma,25,LAL,SF,68,32,1954,6.2,13.9,.443,2.5,7.0,.361,3.6,6.9,.525,.533,1.2,1.8,.691,2.0,5.7,7.7,2.3,0.6,0.8,2.1,2.2,16.1,,kuzmaky01
57,P.J. Washington,22,CHO,PF,64,61,1954,5.6,12.6,.440,2.1,5.3,.386,3.5,7.3,.480,.522,2.0,2.7,.745,1.7,6.0,7.7,3.0,1.3,1.5,2.4,3.2,15.2,,washipj01
58,Reggie Bullock,29,NYK,SF,65,64,1949,4.6,10.4,.442,3.0,7.4,.410,1.6,3.0,.521,.587,0.9,1.0,.909,0.3,3.8,4.1,1.8,1.0,0.2,0.8,2.7,13.1,,bullore01
59,Danny Green,33,PHI,SF,69,69,1934,4.2,10.1,.412,3.3,8.0,.405,0.9,2.1,.438,.573,0.6,0.7,.775,1.0,3.8,4.8,2.2,1.7,1.0,1.2,2.3,12.2,,greenda02
60,Miles Bridges,22,CHO,PF,66,19,1932,5.8,11.6,.503,2.2,5.4,.400,3.7,6.2,.593,.596,1.8,2.1,.867,1.5,5.9,7.4,2.7,0.8,1.0,2.0,2.7,15.7,6MOY-12,bridgmi02
61,Malcolm Brogdon,28,IND,PG,56,56,1930,8.3,18.3,.453,2.7,7.0,.388,5.6,11.3,.493,.527,2.9,3.3,.864,1.1,4.4,5.5,6.1,0.9,0.3,2.1,2.1,22.1,,brogdma01
62,Dorian Finney-Smith,27,DAL,PF,60,60,1921,4.1,8.7,.472,2.2,5.7,.394,1.9,3.1,.616,.600,0.6,0.8,.756,1.8,4.3,6.1,1.9,1.0,0.5,0.9,2.6,11.1,,finnedo01
63,Michael Porter Jr.,22,DEN,SF,61,54,1912,8.3,15.4,.542,3.2,7.2,.445,5.1,8.2,.628,.646,2.0,2.5,.791,1.7,6.7,8.4,1.3,0.8,1.0,1.4,2.4,21.9,,portemi01
64,Saddiq Bey,21,DET,SF,70,53,1909,5.3,13.0,.404,3.3,8.7,.380,2.0,4.4,.450,.530,2.3,2.8,.844,0.8,5.2,6.0,1.8,1.0,0.3,1.1,2.1,16.2,ROY-4,beysa01
65,Jrue Holiday,30,MIL,PG,59,56,1907,7.8,15.5,.503,2.1,5.3,.392,5.7,10.2,.561,.570,2.0,2.6,.787,1.4,3.7,5.1,6.7,1.8,0.7,2.4,1.9,19.7,DPOY-8DEF1,holidjr01
66,Brook Lopez,32,MIL,C,70,70,1902,6.1,12.1,.503,1.8,5.3,.338,4.3,6.8,.632,.577,2.3,2.7,.845,2.0,4.6,6.6,0.9,0.8,1.9,1.2,2.8,16.3,,lopezbr01
67,Kentavious Caldwell-Pope,27,LAL,SG,67,67,1902,4.1,9.6,.431,2.3,5.5,.410,1.9,4.0,.460,.549,1.8,2.1,.866,0.5,2.9,3.4,2.4,1.2,0.5,1.2,2.2,12.4,DPOY-11,caldwke01
68,Fred VanVleet,26,TOR,SG,52,52,1899,6.4,16.5,.389,3.3,9.0,.366,3.1,7.5,.416,.489,3.2,3.6,.885,0.6,3.6,4.2,6.2,1.6,0.7,1.8,2.3,19.3,,vanvlfr01
69,Clint Capela,26,ATL,C,63,63,1898,7.8,13.2,.594,0.0,0.0,,7.8,13.2,.594,.594,2.5,4.3,.573,5.6,11.5,17.1,0.9,0.8,2.4,1.4,2.8,18.1,DPOY-6,capelca01
70,Kyle Anderson,27,MEM,PF,69,69,1887,5.9,12.6,.468,1.8,5.0,.360,4.1,7.6,.539,.540,2.7,3.5,.783,1.0,6.6,7.6,4.8,1.6,1.1,1.6,2.3,16.3,,anderky01
71,Kyrie Irving,28,BRK,PG,54,54,1886,10.5,20.7,.506,2.9,7.2,.402,7.6,13.5,.561,.576,3.8,4.2,.922,1.0,3.9,4.9,6.2,1.5,0.7,2.5,2.7,27.7,ASNBA3,irvinky01
72,Ben Simmons,24,PHI,PG,58,58,1877,6.2,11.2,.557,0.1,0.2,.300,6.2,11.0,.562,.560,3.4,5.5,.613,1.8,6.2,8.0,7.7,1.8,0.7,3.3,3.3,15.9,MVP-12DPOY-2ASDEF1,simmobe01
73,Joe Ingles,33,UTA,SF,67,30,1867,5.3,10.8,.489,3.5,7.8,.451,1.8,3.0,.590,.652,1.5,1.7,.844,0.5,4.2,4.7,6.1,0.9,0.2,2.3,2.3,15.6,6MOY-2,inglejo01
74,Jarrett Allen,22,2TM,C,63,45,1864,5.8,9.3,.618,0.1,0.4,.316,5.6,8.9,.631,.624,3.9,5.6,.703,3.8,8.4,12.2,2.0,0.6,1.7,1.9,1.9,15.6,,allenja01
74,Jarrett Allen,22,BRK,C,12,5,320,5.0,7.3,.677,0.0,0.0,,5.0,7.3,.677,.677,5.2,6.9,.754,4.3,9.8,14.1,2.3,0.8,2.1,2.5,2.4,15.1,,allenja01
74,Jarrett Allen,22,CLE,C,51,40,1544,5.9,9.7,.609,0.1,0.4,.316,5.8,9.3,.623,.616,3.7,5.3,.690,3.7,8.1,11.8,2.0,0.6,1.7,1.8,1.7,15.7,,allenja01
75,Dwayne Bacon,25,ORL,SG,72,50,1853,5.7,14.1,.402,1.1,4.0,.285,4.5,10.1,.449,.443,2.8,3.4,.824,0.6,3.7,4.4,1.8,0.9,0.1,0.9,2.0,15.3,,bacondw01
76,John Collins,23,ATL,PF,63,63,1848,8.4,15.0,.556,1.6,4.1,.399,6.7,11.0,.615,.610,3.3,4.0,.833,2.3,6.8,9.1,1.5,0.7,1.2,1.6,3.8,21.6,,collijo01
77,Jakob Poeltl,25,SAS,C,69,51,1845,5.2,8.4,.616,0.0,0.0,,5.2,8.4,.616,.616,1.2,2.4,.508,4.3,6.4,10.7,2.6,0.9,2.4,1.6,3.4,11.6,,poeltja01
78,Jeff Green,34,BRK,PF,68,38,1835,5.1,10.4,.492,2.0,4.9,.412,3.1,5.5,.564,.590,2.5,3.2,.776,0.7,4.5,5.2,2.1,0.7,0.5,1.1,2.4,14.7,,greenje02
79,Nicolas Batum,32,LAC,SF,67,38,1835,3.7,8.1,.464,2.2,5.3,.404,1.6,2.7,.579,.597,0.9,1.1,.828,1.0,5.2,6.2,2.9,1.4,0.7,1.0,2.0,10.6,,batumni01
80,Jerami Grant,26,DET,SF,54,54,1829,7.9,18.3,.429,2.3,6.5,.350,5.6,11.9,.473,.491,5.7,6.8,.845,0.7,4.2,4.9,3.0,0.7,1.1,2.1,2.5,23.7,,grantje01
81,Paul George,30,LAC,SF,54,54,1821,8.8,18.8,.467,3.4,8.2,.411,5.4,10.6,.510,.557,3.9,4.5,.868,0.9,6.2,7.1,5.5,1.2,0.5,3.5,2.6,24.9,ASNBA3,georgpa01
82,Jordan Clarkson,28,UTA,SG,68,1,1818,9.0,21.3,.425,4.1,11.9,.347,4.9,9.4,.523,.522,2.6,2.9,.896,0.9,4.5,5.4,3.3,1.2,0.2,2.3,2.2,24.8,6MOY-1,clarkjo01
83,Donte DiVincenzo,24,MIL,SG,66,66,1814,5.0,12.0,.420,2.6,6.9,.379,2.4,5.1,.475,.528,1.0,1.4,.718,1.6,5.9,7.5,4.0,1.4,0.3,1.8,2.2,13.7,,divindo01
84,Gary Trent Jr.,22,2TM,SG,58,38,1802,6.4,15.7,.408,3.3,8.6,.385,3.1,7.1,.435,.513,1.7,2.1,.783,0.5,2.5,3.0,1.6,1.1,0.2,0.9,1.8,17.7,,trentga02
84,Gary Trent Jr.,22,POR,SG,41,23,1262,6.2,14.9,.414,3.5,8.7,.397,2.7,6.2,.438,.530,1.7,2.1,.773,0.6,2.0,2.6,1.7,1.1,0.2,0.9,1.8,17.5,,trentga02
84,Gary Trent Jr.,22,TOR,SG,17,15,540,6.9,17.4,.395,2.9,8.3,.355,3.9,9.1,.431,.479,1.7,2.1,.806,0.4,3.7,4.1,1.5,1.3,0.3,0.8,1.9,18.3,,trentga02
85,Rui Hachimura,22,WAS,PF,57,57,1797,6.2,13.0,.478,0.9,2.7,.328,5.3,10.2,.519,.513,2.5,3.2,.770,1.0,5.3,6.3,1.6,0.9,0.1,1.4,2.4,15.8,,hachiru01
86,T.J. McConnell,28,IND,PG,69,3,1796,5.5,9.8,.559,0.3,1.0,.313,5.2,8.9,.586,.574,0.7,1.0,.688,1.1,4.0,5.1,9.1,2.6,0.5,2.7,2.3,11.9,6MOY-11,mccontj01
87,Josh Richardson,27,DAL,SG,59,56,1790,5.3,12.4,.427,1.8,5.4,.330,3.5,7.1,.501,.498,2.0,2.2,.917,1.0,2.9,3.9,3.1,1.2,0.5,1.6,2.6,14.4,,richajo01
88,Darius Garland,21,CLE,PG,54,50,1790,7.3,16.1,.451,2.1,5.3,.395,5.2,10.8,.479,.517,2.3,2.7,.848,0.5,2.1,2.6,6.6,1.3,0.1,3.3,2.2,18.9,,garlada01
89,Richaun Holmes,27,SAC,C,61,61,1782,7.4,11.6,.637,0.0,0.2,.182,7.4,11.4,.645,.638,2.7,3.4,.794,2.9,7.3,10.2,2.0,0.8,1.9,1.5,4.3,17.6,,holmeri01
90,Théo Maledon,19,OKC,PG,65,49,1778,4.6,12.4,.368,2.1,6.3,.335,2.4,6.1,.402,.454,2.0,2.7,.748,0.5,3.8,4.3,4.6,1.1,0.2,2.9,2.6,13.3,,maledth01
91,Kawhi Leonard,29,LAC,SF,52,52,1773,9.4,18.4,.512,2.1,5.2,.398,7.4,13.3,.557,.568,5.3,6.0,.885,1.1,5.7,6.8,5.5,1.6,0.4,2.1,1.7,26.2,MVP-13ASNBA1DEF2,leonaka01
92,Ricky Rubio,30,MIN,PG,68,51,1772,3.9,10.1,.388,1.3,4.3,.308,2.6,5.8,.447,.454,2.6,3.0,.867,0.6,4.0,4.5,8.8,2.0,0.1,2.3,2.8,11.8,,rubiori01
93,Donovan Mitchell,24,UTA,PG,53,53,1771,9.7,22.2,.438,3.6,9.4,.386,6.1,12.8,.476,.520,5.4,6.4,.845,1.0,3.8,4.8,5.6,1.1,0.3,3.0,2.4,28.5,AS,mitchdo01
94,Enes Freedom,28,POR,C,72,35,1758,6.9,11.5,.604,0.0,0.1,.250,6.9,11.4,.607,.605,2.6,3.4,.774,5.8,10.5,16.3,1.7,0.7,1.0,1.6,3.4,16.5,6MOY-10,kanteen01
95,Jonas Valančiūnas,28,MEM,C,62,61,1755,9.0,15.2,.592,0.4,1.2,.368,8.6,14.1,.611,.606,3.2,4.2,.773,5.2,10.7,15.9,2.3,0.7,1.2,2.1,3.7,21.7,,valanjo01
96,Delon Wright,28,2TM,PG,63,39,1748,4.9,10.7,.463,1.3,3.5,.372,3.6,7.1,.509,.525,2.1,2.6,.802,1.3,4.2,5.5,5.7,2.1,0.6,1.7,1.5,13.3,,wrighde01
96,Delon Wright,28,DET,PG,36,31,1052,4.7,10.0,.464,1.1,3.0,.348,3.6,7.0,.515,.517,2.4,3.1,.789,1.3,4.3,5.6,6.2,2.0,0.7,1.6,1.5,12.8,,wrighde01
96,Delon Wright,28,SAC,PG,27,8,696,5.4,11.6,.462,1.7,4.3,.398,3.7,7.3,.500,.536,1.6,1.9,.833,1.4,4.0,5.4,5.0,2.2,0.6,1.8,1.6,14.0,,wrighde01
97,Lonzo Ball,23,NOP,PG,55,55,1747,6.0,14.4,.414,3.5,9.4,.378,2.4,5.0,.482,.537,1.0,1.3,.781,0.7,4.7,5.4,6.5,1.7,0.6,2.5,2.1,16.5,,balllo01
98,Tyrese Haliburton,20,SAC,PG,58,20,1746,6.0,12.8,.472,2.5,6.1,.409,3.5,6.7,.529,.569,1.0,1.2,.857,0.8,2.8,3.6,6.4,1.6,0.6,1.9,1.7,15.5,ROY-3,halibty01
99,Jimmy Butler,31,MIA,SF,52,52,1745,7.6,15.2,.497,0.5,2.1,.245,7.0,13.1,.538,.514,7.4,8.6,.863,1.9,5.5,7.4,7.6,2.2,0.4,2.2,1.5,23.0,DPOY-10NBA3DEF2,butleji01
100,Will Barton,30,DEN,SF,56,52,1736,5.4,12.6,.426,2.0,5.3,.381,3.3,7.3,.459,.507,2.0,2.5,.785,0.8,3.9,4.7,3.8,1.0,0.5,2.0,2.0,14.7,,bartowi01
101,Darius Bazley,20,OKC,PF,55,55,1714,5.7,14.5,.396,1.7,6.0,.290,4.0,8.5,.470,.456,2.6,3.7,.702,1.1,7.2,8.3,2.1,0.6,0.5,2.6,1.3,15.8,,bazleda01
102,Jamal Murray,23,DEN,PG,48,48,1704,8.0,16.7,.477,2.7,6.7,.408,5.3,10.1,.523,.559,2.8,3.2,.869,0.8,3.3,4.1,4.9,1.4,0.3,2.3,2.0,21.5,,murraja01
103,Jalen Brunson,24,DAL,PG,68,12,1697,7.0,13.3,.523,1.7,4.2,.405,5.2,9.1,.578,.588,2.5,3.2,.795,0.6,4.3,4.9,5.1,0.7,0.0,1.7,2.3,18.2,6MOY-4,brunsja01
104,Carmelo Anthony,36,POR,PF,69,3,1690,7.0,16.6,.421,2.8,6.9,.409,4.1,9.6,.429,.506,2.9,3.3,.890,0.7,3.9,4.6,2.2,1.0,0.8,1.3,3.1,19.7,6MOY-7,anthoca01
105,Karl-Anthony Towns,25,MIN,C,50,50,1689,9.1,18.7,.486,2.6,6.7,.387,6.5,11.9,.541,.555,5.7,6.6,.859,2.8,8.4,11.3,4.8,0.8,1.2,3.4,4.0,26.4,,townska01
106,Kelly Oubre Jr.,25,GSW,SF,55,50,1687,6.8,15.4,.439,1.9,6.1,.316,4.9,9.4,.519,.501,2.6,3.8,.695,1.7,5.3,7.0,1.6,1.2,0.9,1.5,2.6,18.1,,oubreke01
107,Patty Mills,32,SAS,PG,68,1,1685,5.4,13.1,.412,3.4,9.2,.375,1.9,3.9,.500,.544,1.5,1.7,.910,0.4,2.1,2.5,3.5,0.9,0.1,1.4,1.7,15.7,,millspa02
108,Devonte' Graham,25,CHO,PG,55,44,1659,5.5,14.5,.377,3.9,10.4,.375,1.6,4.2,.380,.510,2.9,3.4,.842,0.5,2.7,3.2,6.4,1.0,0.1,1.8,1.7,17.7,,grahade01
109,Thaddeus Young,32,CHI,PF,68,23,1652,8.1,14.4,.559,0.3,1.0,.267,7.8,13.4,.580,.568,1.5,2.5,.628,3.7,5.6,9.2,6.3,1.6,0.9,3.0,3.3,17.9,6MOY-14,youngth01
110,Kendrick Nunn,25,MIA,PG,56,44,1650,7.0,14.4,.485,2.7,7.0,.381,4.3,7.4,.583,.578,1.2,1.3,.933,0.5,3.4,3.9,3.2,1.1,0.3,1.7,2.4,17.8,,nunnke01
111,Jae Crowder,30,PHO,PF,60,42,1648,4.3,10.7,.404,3.2,8.3,.389,1.1,2.4,.455,.555,1.2,1.6,.760,0.7,5.5,6.2,2.8,1.0,0.6,1.2,2.7,13.2,,crowdja01
112,Seth Curry,30,PHI,SG,57,57,1638,5.7,12.1,.467,2.8,6.2,.450,2.9,6.0,.485,.582,1.5,1.7,.896,0.2,2.8,3.0,3.4,1.0,0.2,1.4,2.1,15.6,,curryse01
113,Tyler Herro,21,MIA,SG,54,15,1635,6.8,15.4,.439,2.4,6.5,.360,4.4,8.9,.498,.516,2.1,2.6,.803,0.6,5.4,5.9,4.1,0.8,0.4,2.2,1.6,17.9,,herroty01
114,Doug McDermott,29,IND,PF,66,29,1619,7.9,14.8,.532,2.5,6.4,.388,5.4,8.4,.641,.616,1.8,2.2,.816,1.3,3.6,4.9,1.9,0.4,0.1,1.2,2.6,20.0,,mcderdo01
115,Ivica Zubac,23,LAC,C,72,33,1609,5.8,8.8,.652,0.0,0.1,.250,5.7,8.7,.656,.654,3.0,3.8,.789,4.2,7.4,11.6,2.0,0.5,1.4,1.8,4.2,14.5,,zubaciv01
116,James Harden,31,2TM,PG,44,43,1609,7.7,16.4,.466,2.7,7.5,.362,4.9,8.9,.553,.548,6.2,7.2,.861,0.8,7.0,7.8,10.6,1.2,0.7,4.0,2.2,24.2,MVP-13AS,hardeja01
116,James Harden,31,HOU,PG,8,8,290,7.4,16.8,.444,3.1,8.9,.347,4.3,7.8,.556,.537,6.6,7.4,.883,0.6,4.5,5.1,10.3,0.9,0.7,4.2,1.7,24.6,,hardeja01
116,James Harden,31,BRK,PG,36,35,1319,7.7,16.3,.471,2.6,7.2,.366,5.1,9.2,.552,.551,6.1,7.2,.856,0.8,7.6,8.4,10.7,1.3,0.7,3.9,2.3,24.2,,hardeja01
117,Steven Adams,27,NOP,C,58,58,1605,4.2,6.9,.614,0.0,0.1,.000,4.2,6.8,.620,.614,1.3,3.0,.444,4.8,6.8,11.5,2.5,1.2,0.9,1.7,2.5,9.8,,adamsst01
118,Kyle Lowry,34,TOR,PG,46,46,1601,5.8,13.4,.436,2.9,7.4,.396,2.9,6.0,.487,.546,3.1,3.6,.875,0.8,4.8,5.6,7.6,1.0,0.3,2.8,3.2,17.8,,lowryky01
119,Daniel Theis,28,2TM,C,65,51,1601,5.7,10.5,.541,1.1,3.4,.322,4.6,7.1,.646,.593,1.7,2.5,.673,2.1,5.9,8.0,2.4,0.9,1.3,1.5,3.8,14.1,,theisda01
119,Daniel Theis,28,BOS,C,42,37,1027,5.6,10.1,.552,1.2,3.3,.347,4.4,6.8,.653,.609,1.6,2.3,.687,1.9,5.8,7.7,2.3,0.9,1.5,1.4,4.2,13.9,,theisda01
119,Daniel Theis,28,CHI,C,23,14,574,5.8,11.2,.522,1.0,3.6,.281,4.8,7.6,.636,.567,1.8,2.7,.651,2.4,6.1,8.5,2.6,1.0,0.9,1.6,2.9,14.4,,theisda01
120,CJ McCollum,29,POR,SG,47,47,1600,9.1,19.9,.458,3.8,9.5,.402,5.3,10.4,.509,.554,2.4,3.0,.812,0.7,3.5,4.2,5.0,1.0,0.5,1.5,2.0,24.5,,mccolcj01
121,Joel Embiid,26,PHI,C,51,51,1585,10.5,20.4,.513,1.3,3.5,.377,9.2,16.9,.541,.545,10.7,12.4,.859,2.6,9.7,12.2,3.3,1.1,1.6,3.6,2.8,33.0,MVP-2DPOY-7ASNBA2DEF2,embiijo01
122,Marcus Smart,26,BOS,PG,48,45,1581,4.6,11.6,.398,2.1,6.4,.330,2.5,5.2,.482,.489,2.9,3.7,.790,0.8,3.0,3.8,6.2,1.6,0.5,2.2,2.9,14.3,,smartma01
123,Montrezl Harrell,27,LAL,C,69,1,1580,8.5,13.7,.622,0.0,0.2,.000,8.5,13.5,.632,.622,4.1,5.8,.707,3.6,6.2,9.8,1.7,1.0,1.1,1.7,2.9,21.2,6MOY-6,harremo01
124,Pat Connaughton,28,MIL,SG,69,4,1575,3.8,8.8,.434,2.3,6.2,.371,1.5,2.6,.583,.565,0.7,0.9,.775,1.4,6.1,7.6,1.9,1.1,0.5,0.8,2.3,10.7,,connapa01
125,Josh Jackson,23,DET,SG,62,25,1560,6.8,16.3,.419,1.8,5.9,.300,5.1,10.4,.487,.473,3.7,5.0,.729,1.3,4.5,5.9,3.3,1.2,1.1,3.3,4.1,19.1,,jacksjo02
126,Nerlens Noel,26,NYK,C,64,41,1547,3.2,5.2,.614,0.0,0.1,.000,3.2,5.1,.623,.614,1.2,1.6,.714,3.3,6.2,9.5,1.1,1.6,3.3,1.5,4.1,7.5,,noelne01
127,Reggie Jackson,30,LAC,SG,67,43,1544,6.1,13.6,.450,2.8,6.6,.433,3.3,7.1,.465,.554,1.6,1.9,.817,0.6,3.9,4.5,4.8,1.0,0.2,1.7,3.0,16.7,,jacksre01
128,Luguentz Dort,21,OKC,SG,52,52,1543,5.8,14.9,.387,2.6,7.7,.343,3.1,7.2,.432,.475,2.8,3.8,.744,0.9,3.5,4.4,2.1,1.0,0.4,1.8,3.1,17.0,,dortlu01
129,Khem Birch,28,2TM,C,67,22,1529,4.4,8.9,.497,0.3,1.2,.250,4.1,7.7,.537,.514,2.1,3.0,.705,4.1,5.0,9.1,2.1,1.1,1.2,1.0,2.7,11.3,,birchkh01
129,Khem Birch,28,ORL,C,48,5,952,3.6,7.9,.450,0.2,0.8,.190,3.4,7.1,.479,.459,2.4,3.2,.741,4.4,4.8,9.2,2.0,1.2,1.1,0.9,2.5,9.6,,birchkh01
129,Khem Birch,28,TOR,C,19,17,577,5.9,10.7,.556,0.6,1.9,.290,5.4,8.7,.614,.582,1.7,2.7,.636,3.6,5.4,9.0,2.2,1.0,1.4,1.3,2.9,14.2,,birchkh01
130,Garrett Temple,34,CHI,SG,56,25,1528,3.7,9.0,.415,1.6,4.7,.335,2.1,4.3,.503,.503,0.9,1.2,.800,0.7,3.1,3.8,2.9,1.0,0.7,1.4,3.0,10.0,,templga01
131,Lonnie Walker IV,22,SAS,SG,60,38,1522,6.1,14.4,.420,2.4,6.7,.355,3.7,7.7,.477,.502,1.3,1.7,.814,0.3,3.3,3.7,2.4,0.7,0.4,1.5,2.4,15.8,,walkelo01
132,Desmond Bane,22,MEM,SG,68,17,1519,5.5,11.8,.469,2.8,6.4,.432,2.8,5.4,.513,.586,0.9,1.2,.816,0.7,4.2,5.0,2.8,1.0,0.4,1.4,3.0,14.8,,banede01
133,Solomon Hill,29,ATL,PF,71,16,1513,2.5,7.1,.359,1.6,5.0,.321,0.9,2.0,.453,.473,0.8,1.1,.761,1.0,4.1,5.1,1.8,1.2,0.3,1.0,2.8,7.5,,hillso01
134,Jaden McDaniels,20,MIN,PF,63,27,1511,3.9,8.7,.447,1.7,4.7,.364,2.2,4.0,.544,.545,0.6,1.1,.600,1.2,4.3,5.5,1.7,0.8,1.4,1.1,4.1,10.2,,mcdanja02
135,Cedi Osman,25,CLE,SF,59,26,1510,5.2,14.0,.374,2.4,7.7,.306,2.9,6.2,.458,.458,1.8,2.3,.800,0.9,3.9,4.8,4.1,1.3,0.2,1.9,2.8,14.6,,osmande01
136,LeBron James,36,LAL,PG,45,45,1504,10.1,19.7,.513,2.5,6.8,.365,7.6,12.9,.591,.576,4.3,6.1,.698,0.7,7.6,8.3,8.4,1.1,0.6,4.0,1.7,27.0,MVP-13ASNBA2,jamesle01
137,Marcus Morris,31,LAC,PF,57,29,1502,6.6,14.0,.473,3.4,7.1,.473,3.3,6.9,.472,.592,1.7,2.1,.820,0.8,4.8,5.6,1.4,0.8,0.4,1.4,2.8,18.3,,morrima03
138,Mason Plumlee,30,DET,C,56,56,1499,5.6,9.2,.614,0.0,0.2,.000,5.6,9.0,.626,.614,2.7,4.1,.669,3.5,9.0,12.5,4.9,1.0,1.2,2.5,4.5,14.0,,plumlma01
139,Mike Conley,33,UTA,PG,51,51,1498,6.8,15.4,.444,3.3,8.1,.412,3.5,7.3,.479,.552,2.9,3.4,.852,0.9,3.4,4.3,7.3,1.7,0.2,2.4,2.4,19.9,AS,conlemi01
140,Gordon Hayward,30,CHO,SF,44,44,1496,7.5,15.8,.473,2.0,4.9,.415,5.4,10.9,.499,.537,3.8,4.5,.843,0.9,5.3,6.2,4.4,1.3,0.3,2.2,1.8,20.8,,haywago01
141,Caris LeVert,26,2TM,SG,47,39,1486,8.7,19.7,.441,2.0,6.3,.326,6.7,13.5,.495,.493,3.5,4.4,.811,0.8,4.4,5.2,5.9,1.6,0.7,2.5,2.5,23.0,,leverca01
141,Caris LeVert,26,BRK,SG,12,4,334,9.4,21.6,.435,2.4,6.8,.349,7.0,14.8,.474,.490,2.8,3.7,.765,1.1,4.5,5.6,7.8,1.4,0.6,2.8,2.2,23.9,,leverca01
141,Caris LeVert,26,IND,SG,35,35,1152,8.5,19.2,.443,1.9,6.1,.318,6.6,13.1,.501,.493,3.7,4.6,.822,0.7,4.3,5.1,5.4,1.7,0.7,2.4,2.7,22.7,,leverca01
142,Elfrid Payton,26,NYK,PG,63,63,1484,6.5,15.1,.432,0.7,2.4,.286,5.8,12.7,.460,.455,1.8,2.6,.682,1.6,3.7,5.2,4.9,1.1,0.2,2.5,2.8,15.5,,paytoel01
143,LaMelo Ball,19,CHO,PG,51,31,1469,7.2,16.5,.436,2.3,6.4,.352,4.9,10.1,.489,.504,3.1,4.0,.758,1.5,5.9,7.4,7.7,2.0,0.4,3.6,3.3,19.7,ROY-1,ballla01
144,Dāvis Bertāns,28,WAS,PF,57,7,1464,4.7,11.8,.404,4.2,10.5,.395,0.6,1.2,.480,.581,2.5,2.8,.870,0.4,3.7,4.1,1.2,0.8,0.3,0.8,3.3,16.1,,bertada01
145,Shake Milton,24,PHI,SG,63,4,1461,7.4,16.4,.450,1.7,5.0,.350,5.6,11.4,.494,.503,3.6,4.3,.830,0.8,2.8,3.6,4.8,1.0,0.4,2.5,3.2,20.1,6MOY-12,miltosh01
146,Isaiah Stewart,19,DET,C,68,14,1455,5.6,10.1,.553,0.5,1.6,.333,5.1,8.6,.592,.578,1.6,2.3,.696,3.9,7.3,11.2,1.5,1.0,2.1,1.7,4.6,13.3,,stewais01
147,Myles Turner,24,IND,C,47,47,1455,5.1,10.7,.477,1.7,5.1,.335,3.4,5.6,.606,.557,2.7,3.5,.782,1.6,6.0,7.6,1.2,1.0,3.9,1.7,4.1,14.6,DPOY-9,turnemy01
148,Chris Boucher,28,TOR,C,60,14,1453,7.1,13.9,.514,2.2,5.8,.383,4.9,8.1,.609,.595,3.8,4.8,.788,2.9,7.1,10.0,1.6,0.9,2.8,1.1,4.1,20.3,6MOY-8,bouchch01
149,Bruce Brown,24,BRK,PG,65,37,1451,5.8,10.5,.556,0.4,1.5,.288,5.4,9.0,.599,.576,2.1,2.9,.735,2.8,5.9,8.7,2.6,1.4,0.7,1.3,3.6,14.2,,brownbr01
150,Cory Joseph,29,2TM,PG,63,13,1446,5.0,10.6,.469,1.1,3.3,.341,3.9,7.3,.527,.522,1.8,2.2,.818,0.9,3.1,4.0,5.3,1.5,0.4,2.0,3.5,12.9,,josepco01
150,Cory Joseph,29,SAC,PG,44,2,944,4.2,9.5,.444,1.2,3.6,.330,3.1,5.9,.513,.506,1.4,1.8,.766,1.0,2.8,3.8,4.1,1.5,0.3,1.7,3.7,11.0,,josepco01
150,Cory Joseph,29,DET,PG,19,11,502,6.4,12.6,.506,1.0,2.7,.368,5.4,9.9,.543,.545,2.6,2.9,.878,0.7,3.6,4.3,7.5,1.6,0.6,2.5,2.9,16.4,,josepco01
151,Cameron Johnson,24,PHO,PF,60,11,1437,5.1,12.1,.420,2.9,8.4,.349,2.2,3.7,.581,.541,1.3,1.5,.847,0.8,4.2,5.0,2.2,0.9,0.4,1.0,2.1,14.4,,johnsca02
152,OG Anunoby,23,TOR,SF,43,43,1433,6.3,13.0,.480,2.6,6.6,.398,3.6,6.5,.562,.580,2.0,2.6,.784,1.4,4.6,6.0,2.4,1.7,0.8,1.9,2.9,17.1,,anunoog01
153,Kenrich Williams,26,OKC,PF,66,13,1426,5.5,10.4,.533,1.3,3.0,.444,4.2,7.4,.568,.596,0.9,1.6,.571,2.1,4.8,6.9,3.8,1.4,0.4,1.9,3.6,13.3,,willike04
154,Facundo Campazzo,29,DEN,PG,65,19,1425,3.0,8.0,.381,1.9,5.5,.352,1.1,2.5,.444,.502,2.0,2.3,.879,0.6,2.8,3.4,5.9,2.0,0.4,1.8,3.3,10.0,6MOY-15,campafa01
155,Isaiah Roby,22,OKC,PF,61,34,1425,5.2,10.8,.483,0.8,2.8,.294,4.4,8.1,.547,.520,2.2,3.0,.744,2.2,6.4,8.6,2.7,1.3,0.9,2.9,4.1,13.5,,robyis01
156,Lou Williams,34,2TM,PG,66,4,1423,6.7,16.3,.410,1.7,4.4,.399,5.0,12.0,.414,.464,3.8,4.4,.867,0.5,3.0,3.5,5.7,1.2,0.2,2.7,1.6,18.9,,willilo02
156,Lou Williams,34,LAC,PG,42,3,918,7.1,16.9,.421,1.8,4.7,.378,5.3,12.2,.437,.473,4.0,4.7,.866,0.6,2.9,3.5,5.6,1.5,0.2,2.6,1.6,20.0,,willilo02
156,Lou Williams,34,ATL,PG,24,1,505,6.0,15.4,.389,1.7,3.8,.444,4.3,11.5,.370,.444,3.4,3.8,.870,0.4,3.1,3.6,5.8,0.6,0.1,3.0,1.4,17.0,,willilo02
157,Brandon Clarke,24,MEM,PF,59,16,1415,6.5,12.6,.517,0.5,2.0,.260,6.0,10.6,.565,.537,2.0,2.9,.690,2.5,5.9,8.3,2.4,1.5,1.3,0.8,2.1,15.5,,clarkbr01
158,Raul Neto,28,WAS,PG,64,22,1403,5.4,11.5,.468,1.6,4.2,.390,3.7,7.3,.512,.539,1.9,2.2,.882,0.7,3.3,4.0,3.7,1.9,0.2,1.4,2.8,14.3,,netora01
159,Landry Shamet,23,BRK,SG,61,12,1403,4.8,11.7,.408,3.3,8.5,.387,1.5,3.2,.463,.549,1.7,2.0,.846,0.3,2.6,2.9,2.5,0.8,0.3,1.2,2.4,14.5,,shamela01
160,Aaron Gordon,25,2TM,PF,50,50,1384,6.0,13.0,.463,1.5,4.6,.335,4.5,8.4,.533,.522,2.5,3.9,.651,2.0,5.4,7.4,4.2,0.9,0.9,2.5,2.3,16.1,,gordoaa01
160,Aaron Gordon,25,ORL,PF,25,25,736,6.3,14.3,.437,2.1,5.5,.375,4.2,8.9,.475,.509,3.2,5.1,.629,1.9,6.2,8.1,5.1,0.8,1.0,3.3,2.4,17.8,,gordoaa01
160,Aaron Gordon,25,DEN,PF,25,25,648,5.7,11.4,.500,0.9,3.6,.266,4.8,7.9,.606,.541,1.7,2.4,.705,2.1,4.4,6.6,3.1,0.9,0.8,1.7,2.2,14.1,,gordoaa01
161,Wendell Carter Jr.,21,2TM,C,54,44,1375,6.0,12.0,.503,0.4,1.3,.294,5.6,10.6,.530,.520,3.4,4.7,.732,3.5,8.1,11.6,2.7,0.9,1.1,2.0,3.8,15.9,,cartewe01
161,Wendell Carter Jr.,21,CHI,C,32,25,792,5.9,11.5,.512,0.4,1.0,.364,5.5,10.5,.526,.528,3.7,5.0,.739,3.2,8.2,11.4,3.1,0.8,1.1,2.2,4.4,15.8,,cartewe01
161,Wendell Carter Jr.,21,ORL,C,22,19,583,6.2,12.7,.493,0.4,1.8,.241,5.8,10.9,.534,.510,3.0,4.2,.721,3.8,8.1,11.9,2.2,1.0,1.1,1.8,3.1,15.9,,cartewe01
162,Bobby Portis,25,MIL,C,66,7,1372,8.2,15.7,.523,1.9,4.1,.471,6.3,11.6,.542,.585,1.4,1.9,.740,3.3,9.0,12.2,1.9,1.4,0.7,1.5,3.0,19.8,6MOY-9,portibo01
163,Kemba Walker,30,BOS,PG,43,43,1369,7.5,17.8,.420,3.3,9.3,.360,4.1,8.5,.486,.514,3.5,3.9,.899,0.4,4.0,4.5,5.6,1.3,0.3,2.3,1.6,21.8,,walkeke02
164,Rudy Gay,34,SAS,PF,63,1,1358,7.0,16.6,.420,2.8,7.4,.381,4.2,9.3,.451,.505,2.2,2.7,.804,1.1,6.9,8.0,2.3,1.2,1.1,1.7,3.0,19.0,,gayru01
165,P.J. Tucker,35,2TM,PF,52,33,1356,1.8,4.7,.373,1.1,3.2,.336,0.7,1.5,.448,.486,0.6,0.7,.750,1.4,4.1,5.4,1.6,1.0,0.5,1.1,3.3,5.1,,tuckepj01
165,P.J. Tucker,35,HOU,PF,32,32,959,1.8,4.9,.366,1.0,3.2,.314,0.8,1.7,.467,.469,0.7,0.9,.783,1.2,4.3,5.6,1.7,1.1,0.7,1.2,3.4,5.3,,tuckepj01
165,P.J. Tucker,35,MIL,PF,20,1,397,1.6,4.2,.391,1.2,3.0,.394,0.5,1.2,.385,.533,0.3,0.5,.600,1.6,3.4,5.1,1.5,0.9,0.2,0.6,3.1,4.7,,tuckepj01
166,Robin Lopez,32,WAS,C,71,9,1354,7.2,11.3,.633,0.1,0.5,.278,7.0,10.8,.649,.639,2.6,3.6,.723,3.7,3.5,7.2,1.5,0.4,1.2,2.0,2.9,17.1,,lopezro01
167,Bryn Forbes,27,MIL,SG,70,10,1354,6.6,14.1,.473,4.1,9.1,.452,2.6,5.0,.511,.618,1.2,1.6,.770,0.3,2.7,3.0,1.2,0.6,0.0,1.2,2.0,18.6,,forbebr01
168,Bismack Biyombo,28,CHO,C,66,36,1349,3.8,6.5,.587,0.0,0.0,.000,3.8,6.4,.589,.587,1.3,2.8,.448,3.7,5.6,9.3,2.2,0.5,2.0,1.9,3.8,8.8,,biyombi01
169,Josh Hart,25,NOP,SF,47,4,1349,4.0,9.2,.439,1.7,5.2,.326,2.3,4.0,.583,.531,1.8,2.4,.775,1.4,8.6,10.1,2.9,1.0,0.3,1.3,3.0,11.6,,hartjo01
170,Naz Reid,21,MIN,C,70,15,1347,8.1,15.5,.523,1.6,4.7,.351,6.5,10.9,.597,.576,3.1,4.4,.693,2.2,6.4,8.6,1.9,0.9,2.0,1.8,4.8,21.0,,reidna01
171,Terrence Ross,29,ORL,SG,46,2,1347,6.8,16.5,.412,2.4,7.1,.337,4.4,9.4,.469,.485,3.2,3.7,.870,0.4,3.8,4.2,2.9,1.3,0.6,2.0,2.4,19.2,,rosste01
172,Maxi Kleber,29,DAL,PF,50,40,1341,3.1,7.4,.422,2.3,5.7,.410,0.8,1.7,.460,.580,0.9,1.0,.919,1.3,5.7,7.0,1.8,0.6,0.9,0.8,2.8,9.5,,klebima01
173,Andre Iguodala,37,MIA,SF,63,5,1339,2.6,6.7,.383,1.6,4.9,.330,0.9,1.8,.530,.504,0.7,1.0,.658,1.0,4.9,5.9,3.8,1.5,0.9,1.8,2.4,7.4,,iguodan01
174,Goran Dragić,34,MIA,PG,50,11,1337,6.5,14.9,.432,2.5,6.6,.373,4.0,8.4,.479,.514,2.7,3.3,.828,0.7,3.9,4.6,5.9,0.9,0.2,3.2,3.0,18.1,,dragigo01
175,Kent Bazemore,31,GSW,SF,67,18,1333,4.8,10.6,.449,2.0,5.0,.408,2.7,5.6,.486,.545,1.5,2.1,.692,0.7,5.5,6.2,2.9,1.9,0.9,2.2,4.3,13.0,,bazemke01
176,Kristaps Porziņģis,25,DAL,C,43,43,1327,8.8,18.5,.476,2.6,7.0,.376,6.2,11.5,.536,.547,3.2,3.7,.855,2.2,8.1,10.3,1.8,0.5,1.6,1.4,3.1,23.5,,porzikr01
177,Christian Wood,25,HOU,C,41,41,1326,8.9,17.4,.514,2.1,5.6,.374,6.8,11.8,.581,.574,3.4,5.4,.631,2.1,8.7,10.7,1.9,0.9,1.3,2.2,2.4,23.3,,woodch01
178,Svi Mykhailiuk,23,2TM,SF,66,14,1324,5.7,13.8,.411,2.9,8.5,.334,2.8,5.2,.536,.515,1.0,1.4,.760,0.7,3.8,4.4,3.0,1.4,0.3,2.4,1.7,15.2,,mykhasv01
178,Svi Mykhailiuk,23,DET,SF,36,5,634,4.8,12.7,.377,3.2,9.7,.333,1.5,3.0,.519,.504,1.4,1.7,.800,0.6,3.6,4.2,3.2,1.5,0.3,2.2,1.9,14.1,,mykhasv01
178,Svi Mykhailiuk,23,OKC,SF,30,9,690,6.5,14.8,.438,2.5,7.5,.336,4.0,7.3,.543,.523,0.7,1.0,.700,0.7,4.0,4.6,2.8,1.3,0.3,2.6,1.6,16.2,,mykhasv01
179,Derrick Jones Jr.,23,POR,SF,58,43,1318,4.0,8.3,.484,1.2,3.7,.316,2.8,4.6,.619,.554,1.6,2.5,.648,2.1,3.5,5.6,1.3,1.0,1.5,0.9,3.5,10.8,,jonesde02
180,Lauri Markkanen,23,CHI,PF,51,26,1317,6.8,14.2,.480,3.3,8.1,.402,3.6,6.2,.582,.594,2.1,2.5,.826,1.0,6.4,7.3,1.2,0.7,0.4,1.4,2.1,19.0,,markkla01
181,Tomáš Satoranský,29,CHI,SG,58,18,1307,4.7,9.1,.514,1.2,3.3,.356,3.5,5.8,.602,.578,1.8,2.2,.848,0.8,3.1,3.9,7.5,1.1,0.4,2.6,2.5,12.3,,satorto01
182,Bogdan Bogdanović,28,ATL,SG,44,27,1305,7.4,15.6,.473,4.0,9.2,.438,3.3,6.4,.522,.602,1.1,1.2,.909,0.6,3.9,4.4,4.1,1.4,0.4,1.5,2.7,19.9,,bogdabo01
183,Talen Horton-Tucker,20,LAL,SG,65,4,1304,6.2,13.5,.458,1.0,3.6,.282,5.2,9.9,.522,.496,2.8,3.6,.775,0.7,4.0,4.7,5.0,1.7,0.6,2.9,3.5,16.2,,hortota01
184,Matisse Thybulle,23,PHI,SG,65,8,1298,2.8,6.7,.420,1.2,4.0,.301,1.6,2.8,.590,.508,0.2,0.5,.444,0.8,2.6,3.4,1.7,2.9,2.0,0.9,3.5,7.1,DPOY-11DEF2,thybuma01
185,John Wall,30,HOU,PG,40,40,1288,8.2,20.3,.404,2.2,7.0,.317,6.0,13.3,.449,.458,4.4,5.9,.749,0.5,3.1,3.6,7.7,1.2,0.9,3.9,1.3,23.0,,walljo01
186,Tristan Thompson,29,BOS,C,54,43,1287,4.7,9.1,.518,0.0,0.1,.000,4.7,9.0,.523,.518,2.0,3.4,.592,4.7,7.6,12.3,1.9,0.7,0.9,1.7,3.3,11.4,,thomptr01
187,Derrick Rose,32,2TM,PG,50,3,1279,8.1,17.2,.470,1.4,3.6,.388,6.7,13.6,.492,.511,3.1,3.6,.866,0.6,3.1,3.7,5.9,1.4,0.5,2.2,1.6,20.7,MVP-96MOY-3,rosede01
187,Derrick Rose,32,DET,PG,15,0,342,8.3,19.4,.429,1.4,4.1,.333,6.9,15.3,.455,.465,4.4,5.3,.840,0.6,2.4,3.1,6.6,1.9,0.4,3.1,1.8,22.4,,rosede01
187,Derrick Rose,32,NYK,PG,35,3,937,8.0,16.4,.487,1.4,3.5,.411,6.6,12.9,.507,.530,2.6,3.0,.883,0.5,3.3,3.9,5.6,1.2,0.6,1.9,1.5,20.0,,rosede01
188,Cole Anthony,20,ORL,PG,47,34,1273,6.2,15.6,.397,1.6,4.9,.337,4.6,10.7,.424,.449,3.1,3.7,.832,1.1,5.2,6.2,5.4,0.8,0.5,3.0,2.8,17.1,,anthoco01
189,Payton Pritchard,23,BOS,SG,66,4,1268,5.2,11.9,.440,2.9,7.0,.411,2.3,4.8,.482,.562,1.1,1.3,.889,0.9,3.5,4.5,3.4,1.1,0.3,1.5,3.0,14.5,,pritcpa01
190,Terance Mann,24,LAC,SG,67,10,1263,5.1,10.0,.509,1.1,2.6,.418,4.0,7.4,.541,.563,2.2,2.7,.830,1.6,5.3,6.9,3.0,0.8,0.4,1.1,3.6,13.5,,mannte01
191,Grayson Allen,25,MEM,SG,50,38,1259,4.9,11.8,.418,3.1,7.8,.391,1.9,4.0,.471,.547,2.3,2.6,.868,0.5,4.0,4.6,3.1,1.3,0.2,1.4,2.0,15.2,,allengr01
192,Evan Fournier,28,2TM,SF,42,36,1259,7.1,15.5,.457,3.3,8.1,.413,3.7,7.4,.504,.565,3.1,3.9,.788,0.3,3.4,3.7,4.1,1.3,0.5,2.1,2.7,20.6,,fournev01
192,Evan Fournier,28,ORL,SF,26,26,787,7.8,16.9,.461,3.3,8.6,.388,4.4,8.3,.536,.560,4.5,5.6,.797,0.2,3.2,3.4,4.3,1.2,0.4,2.5,2.5,23.4,,fournev01
192,Evan Fournier,28,BOS,SF,16,10,472,5.9,13.1,.448,3.4,7.2,.463,2.5,5.9,.429,.576,0.8,1.1,.714,0.4,3.7,4.0,3.7,1.5,0.8,1.4,3.1,15.9,,fournev01
193,Deni Avdija,20,WAS,SF,54,32,1257,3.7,8.9,.417,1.5,4.8,.315,2.2,4.1,.535,.502,0.8,1.3,.644,0.6,6.9,7.5,1.8,0.9,0.4,0.9,4.0,9.8,,avdijde01
194,Alec Burks,29,NYK,SG,49,5,1255,6.0,14.3,.420,2.9,7.1,.415,3.1,7.3,.425,.522,2.9,3.4,.856,0.6,5.9,6.5,3.1,0.9,0.4,1.4,2.9,17.9,,burksal01
195,DeAndre Jordan,32,BRK,C,57,43,1246,5.5,7.2,.763,0.0,0.0,.000,5.5,7.2,.766,.763,1.3,2.7,.500,3.4,9.0,12.3,2.7,0.5,1.9,2.5,3.4,12.3,,jordade01
196,Immanuel Quickley,21,NYK,PG,64,3,1243,6.6,16.8,.395,3.4,8.8,.389,3.2,8.0,.401,.497,4.5,5.0,.891,0.7,3.2,4.0,3.7,0.9,0.3,1.7,3.3,21.2,,quickim01
197,Andre Drummond,27,2TM,C,46,46,1242,8.2,16.6,.493,0.0,0.2,.000,8.2,16.3,.500,.493,3.6,5.9,.600,4.8,11.2,16.0,2.7,1.8,1.4,3.6,4.3,19.9,,drumman01
197,Andre Drummond,27,CLE,C,25,25,722,9.0,18.9,.474,0.0,0.4,.000,9.0,18.5,.484,.474,3.8,6.4,.597,5.0,11.8,16.8,3.2,2.0,1.4,4.0,3.4,21.8,,drumman01
197,Andre Drummond,27,LAL,C,21,21,520,7.1,13.3,.531,0.0,0.0,,7.1,13.3,.531,.531,3.2,5.3,.605,4.5,10.3,14.8,2.1,1.6,1.4,3.0,5.5,17.3,,drumman01
198,Luke Kennard,24,LAC,SG,63,17,1232,5.8,12.1,.476,2.9,6.5,.446,2.8,5.6,.511,.597,0.8,0.9,.839,0.4,4.3,4.7,3.0,0.7,0.3,1.4,2.7,15.2,,kennalu01
199,Sterling Brown,25,HOU,SG,51,14,1229,4.4,9.8,.448,2.7,6.3,.423,1.7,3.5,.492,.584,0.7,0.9,.806,1.1,5.4,6.6,2.1,1.1,0.4,1.2,2.8,12.2,,brownst02
200,Hamidou Diallo,22,2TM,SF,52,9,1226,6.6,13.8,.477,0.8,2.4,.341,5.8,11.4,.505,.506,3.8,5.9,.640,1.7,6.3,8.0,3.0,1.2,0.7,2.2,3.9,17.7,,diallha01
200,Hamidou Diallo,22,OKC,SG,32,5,761,6.8,14.0,.481,0.6,1.9,.293,6.2,12.1,.512,.502,3.9,6.2,.629,1.8,6.1,7.8,3.6,1.5,0.6,2.3,3.9,18.0,,diallha01
200,Hamidou Diallo,22,DET,SF,20,4,465,6.3,13.4,.468,1.2,3.2,.390,5.0,10.2,.492,.514,3.5,5.3,.662,1.7,6.6,8.3,1.9,0.8,0.9,2.1,3.9,17.3,,diallha01
201,Tyus Jones,24,MEM,PG,70,9,1222,5.2,12.2,.431,1.3,4.1,.321,3.9,8.0,.487,.485,1.2,1.3,.911,0.6,3.5,4.1,7.6,1.9,0.2,1.4,0.9,13.0,,jonesty01
202,Danilo Gallinari,32,ATL,PF,51,4,1222,6.1,14.0,.434,3.0,7.5,.406,3.0,6.5,.466,.542,4.7,5.1,.925,0.5,5.7,6.2,2.2,0.9,0.3,1.3,3.1,19.9,,gallida01
203,Alex Caruso,26,LAL,PG,58,6,1216,3.9,9.0,.436,1.6,4.1,.401,2.3,5.0,.464,.526,1.5,2.3,.645,0.9,4.1,5.0,4.7,1.9,0.4,2.3,3.2,11.0,,carusal01
204,Malik Beasley,24,MIN,SG,37,36,1214,7.8,17.8,.440,3.8,9.5,.399,4.0,8.3,.487,.547,2.0,2.4,.850,0.8,4.0,4.8,2.6,0.9,0.2,1.8,1.8,21.5,,beaslma01
205,Dean Wade,24,CLE,PF,63,19,1212,4.0,9.2,.431,2.3,6.3,.366,1.7,2.9,.571,.556,0.9,1.2,.769,1.1,5.3,6.4,2.2,1.0,0.6,0.9,2.3,11.2,,wadede01
206,Markieff Morris,31,LAL,PF,61,27,1200,4.6,11.3,.405,1.9,6.3,.311,2.6,5.1,.521,.491,1.1,1.5,.720,1.4,6.5,8.0,2.2,0.7,0.6,1.6,3.2,12.2,,morrima02
207,Josh Okogie,22,MIN,SG,59,37,1197,3.1,7.6,.402,0.9,3.2,.269,2.2,4.4,.500,.459,2.5,3.2,.769,1.9,2.8,4.7,1.9,1.6,0.8,1.3,3.7,9.5,,okogijo01
208,Dwight Howard,35,PHI,C,69,6,1196,5.4,9.1,.587,0.2,0.6,.250,5.2,8.5,.611,.596,3.6,6.3,.576,5.7,11.7,17.5,1.8,0.9,1.9,3.4,6.0,14.5,,howardw01
209,Monte Morris,25,DEN,PG,47,13,1196,5.6,11.6,.481,1.5,4.0,.381,4.1,7.6,.534,.547,1.7,2.2,.795,0.3,2.6,2.9,4.5,1.0,0.4,1.0,1.4,14.5,,morrimo01
210,D'Angelo Russell,24,MIN,PG,42,26,1196,8.5,19.6,.431,3.6,9.3,.387,4.8,10.3,.471,.523,3.4,4.5,.765,0.5,2.9,3.3,7.3,1.4,0.5,3.4,2.0,24.0,,russeda01
211,Blake Griffin,31,2TM,PF,46,30,1186,5.3,12.5,.423,2.1,6.2,.341,3.2,6.3,.505,.509,2.6,3.6,.744,1.1,5.8,6.8,4.2,1.0,0.5,1.9,3.4,15.3,,griffbl01
211,Blake Griffin,31,DET,PF,20,20,626,4.7,12.8,.365,2.2,7.1,.315,2.4,5.6,.429,.453,2.5,3.6,.710,0.4,5.6,6.0,4.4,0.8,0.1,1.8,2.4,14.1,,griffbl01
211,Blake Griffin,31,BRK,PF,26,10,560,6.0,12.2,.492,2.0,5.2,.383,4.0,6.9,.574,.574,2.8,3.5,.782,1.8,6.0,7.8,4.1,1.2,0.8,1.9,4.4,16.7,,griffbl01
212,Shai Gilgeous-Alexander,22,OKC,SG,35,35,1180,8.8,17.2,.508,2.2,5.2,.418,6.6,12.1,.547,.571,5.6,7.0,.808,0.6,4.5,5.1,6.3,0.8,0.7,3.2,2.1,25.3,,gilgesh01
213,Aaron Holiday,24,IND,PG,66,8,1176,5.2,13.3,.390,2.1,5.6,.368,3.2,7.8,.406,.467,2.1,2.5,.819,0.5,2.3,2.7,3.8,1.4,0.4,2.0,2.9,14.5,,holidaa01
214,Paul Millsap,35,DEN,PF,56,36,1162,5.9,12.4,.476,1.5,4.4,.343,4.4,8.0,.550,.537,2.2,3.0,.724,2.4,5.8,8.1,3.0,1.6,1.1,1.6,3.4,15.6,,millspa01
215,Anthony Davis,27,LAL,PF,36,36,1162,9.3,19.0,.491,0.8,3.1,.260,8.5,15.9,.536,.512,4.9,6.6,.738,1.9,6.9,8.9,3.4,1.4,1.8,2.3,1.9,24.4,AS,davisan02
216,Kevon Looney,24,GSW,C,61,34,1161,3.3,6.1,.548,0.1,0.5,.235,3.2,5.6,.578,.558,1.0,1.5,.646,3.6,6.4,10.0,3.7,0.7,0.7,1.1,4.2,7.8,,looneke01
217,Kevin Durant,32,BRK,PF,35,32,1157,10.1,18.8,.537,2.6,5.9,.450,7.4,12.9,.577,.608,6.5,7.4,.882,0.4,7.3,7.7,6.1,0.8,1.4,3.7,2.2,29.3,AS,duranke01
218,Georges Niang,27,UTA,PF,72,10,1154,5.5,12.6,.437,3.9,9.1,.425,1.7,3.5,.469,.590,0.7,0.7,.957,0.9,4.6,5.5,1.8,0.8,0.2,1.6,3.6,15.6,,niangge01
219,Jarred Vanderbilt,21,MIN,PF,64,30,1139,4.5,7.5,.606,0.0,0.2,.200,4.5,7.3,.615,.608,1.8,3.2,.559,3.7,7.9,11.6,2.4,2.0,1.5,1.7,3.9,10.9,,vandeja01
220,Grant Williams,22,BOS,PF,63,9,1138,3.4,7.8,.437,1.5,4.1,.372,1.9,3.7,.508,.534,0.9,1.6,.588,1.5,4.1,5.6,2.0,1.0,0.8,1.8,5.1,9.3,,willigr01
221,Chuma Okeke,22,ORL,PF,45,19,1133,4.3,10.3,.417,1.6,4.5,.348,2.7,5.8,.470,.492,1.0,1.3,.750,1.3,4.4,5.8,3.2,1.5,0.7,1.2,1.5,11.1,,okekech01
222,Wesley Matthews,34,LAL,SG,58,10,1130,2.8,8.0,.353,2.1,6.3,.335,0.7,1.8,.418,.484,1.1,1.3,.854,0.6,2.3,3.0,1.7,1.2,0.5,0.8,2.5,8.9,,matthwe02
223,D.J. Augustin,33,2TM,PG,57,12,1129,4.3,10.9,.394,2.6,6.9,.382,1.7,4.0,.413,.515,2.7,3.0,.904,0.6,2.4,3.0,6.0,0.9,0.0,2.1,1.8,14.0,,augusdj01
223,D.J. Augustin,33,MIL,PG,37,6,713,3.6,9.7,.370,2.5,6.5,.380,1.1,3.2,.349,.497,1.8,2.0,.900,0.6,2.0,2.5,5.6,1.0,0.1,1.7,1.7,11.5,,augusdj01
223,D.J. Augustin,33,HOU,PG,20,6,416,5.5,13.1,.424,2.9,7.6,.386,2.6,5.5,.476,.536,4.2,4.7,.907,0.8,3.0,3.8,6.8,0.7,0.0,2.7,2.0,18.3,,augusdj01
224,JaMychal Green,30,DEN,PF,58,5,1120,5.6,12.0,.463,2.5,6.4,.399,3.0,5.7,.534,.568,1.5,1.8,.807,2.7,6.2,8.9,1.7,0.8,0.7,1.7,4.6,15.1,,greenja01
225,Marvin Bagley III,21,SAC,PF,43,42,1112,8.0,15.9,.504,1.2,3.5,.343,6.8,12.4,.550,.542,2.5,4.3,.575,3.4,6.9,10.3,1.4,0.7,0.7,1.9,3.2,19.7,,baglema01
226,Juan Toscano-Anderson,27,GSW,SG,53,16,1107,3.9,6.8,.579,1.2,3.0,.402,2.7,3.8,.718,.667,0.7,1.0,.710,0.9,6.7,7.6,4.9,1.3,0.8,2.0,3.6,9.8,,toscaju01
227,Anfernee Simons,21,POR,SG,64,0,1104,5.5,13.1,.419,3.9,9.2,.426,1.6,3.9,.403,.569,1.5,1.9,.807,0.5,4.1,4.6,2.9,0.6,0.3,1.4,3.1,16.4,,simonan01
228,Larry Nance Jr.,28,CLE,PF,35,27,1091,4.2,9.0,.471,1.4,3.8,.360,2.9,5.2,.551,.546,1.0,1.6,.612,1.8,6.0,7.8,3.5,2.0,0.6,1.8,2.4,10.8,,nancela02
229,Aleksej Pokusevski,19,OKC,PF,45,28,1090,4.6,13.5,.341,1.9,6.8,.280,2.7,6.6,.403,.412,1.0,1.4,.738,1.0,6.0,7.0,3.2,0.7,1.4,3.3,1.9,12.1,,pokusal01
230,PJ Dozier,24,DEN,SG,50,6,1088,4.9,11.7,.417,1.6,4.9,.315,3.3,6.8,.490,.483,1.4,2.2,.636,1.2,4.9,6.0,3.0,1.0,0.7,1.5,2.8,12.7,,doziepj01
231,Xavier Tillman Sr.,22,MEM,PF,59,12,1085,5.5,9.9,.559,0.7,2.2,.338,4.8,7.8,.620,.595,1.1,1.8,.642,2.5,6.0,8.5,2.5,1.5,1.1,1.5,3.8,12.9,,tillmxa01
232,Victor Oladipo,28,3TM,SG,33,33,1080,7.8,19.2,.408,2.6,8.0,.326,5.2,11.2,.466,.476,3.5,4.6,.754,0.4,4.9,5.3,5.0,1.5,0.5,2.8,2.7,21.7,,oladivi01
232,Victor Oladipo,28,IND,SG,9,9,300,7.7,18.2,.421,3.0,8.3,.362,4.7,10.0,.470,.503,3.2,4.4,.730,0.1,6.0,6.1,4.6,1.8,0.2,2.2,2.8,21.6,,oladivi01
232,Victor Oladipo,28,HOU,SG,20,20,669,8.3,20.5,.407,2.6,8.2,.320,5.7,12.3,.465,.471,3.5,4.5,.783,0.4,4.7,5.1,5.3,1.3,0.5,2.7,2.4,22.8,,oladivi01
232,Victor Oladipo,28,MIA,SG,4,4,111,5.2,13.9,.372,1.3,5.5,.235,3.9,8.4,.462,.419,3.9,5.8,.667,1.0,3.6,4.5,4.5,2.3,0.6,4.5,4.2,15.6,,oladivi01
233,Gary Harris,26,2TM,SG,39,38,1080,4.6,11.5,.400,1.6,4.7,.340,3.0,6.8,.441,.470,2.1,2.6,.821,0.7,1.9,2.6,2.6,0.9,0.4,1.2,2.4,12.9,,harriga01
233,Gary Harris,26,DEN,SG,19,19,581,4.3,9.7,.442,1.5,4.6,.320,2.8,5.0,.556,.519,1.4,1.9,.733,0.8,2.1,2.9,2.0,1.1,0.2,0.9,2.3,11.4,,harriga01
233,Gary Harris,26,ORL,SG,20,19,499,5.0,13.6,.365,1.7,4.8,.364,3.2,8.9,.366,.429,3.0,3.5,.875,0.6,1.7,2.3,3.3,0.8,0.5,1.7,2.5,14.7,,harriga01
234,Cameron Payne,26,PHO,PG,60,1,1079,6.4,13.2,.484,2.4,5.5,.440,3.9,7.6,.515,.576,1.7,1.9,.893,0.5,4.3,4.8,7.2,1.2,0.5,2.0,3.2,16.8,,payneca01
235,Damion Lee,28,GSW,SG,57,1,1079,4.3,9.1,.467,2.6,6.5,.397,1.7,2.7,.638,.608,1.3,1.5,.909,0.7,5.3,6.0,2.4,1.3,0.3,1.0,3.0,12.4,,leeda03
236,Terence Davis,23,2TM,SG,61,4,1074,6.5,15.3,.428,3.3,8.9,.367,3.3,6.3,.513,.535,1.5,1.8,.818,0.7,4.5,5.2,2.8,1.5,0.5,2.1,3.3,17.9,,daviste02
236,Terence Davis,23,TOR,SG,34,4,493,6.4,15.3,.414,3.2,8.9,.361,3.1,6.4,.489,.519,1.2,1.3,.889,0.7,4.2,4.8,2.7,1.2,0.5,2.1,3.5,17.1,,daviste02
236,Terence Davis,23,SAC,SG,27,0,581,6.7,15.2,.439,3.3,9.0,.372,3.3,6.3,.535,.549,1.8,2.3,.784,0.7,4.8,5.5,2.9,1.7,0.4,2.1,3.0,18.5,,daviste02
237,KJ Martin,20,HOU,SF,45,8,1068,5.5,10.7,.509,1.2,3.2,.365,4.3,7.5,.572,.564,2.0,2.8,.714,2.5,5.7,8.2,1.6,1.0,1.4,1.3,3.0,14.1,,martike04
238,Derrick White,26,SAS,SG,36,32,1064,6.3,15.3,.411,2.8,8.2,.346,3.5,7.1,.486,.503,3.3,3.9,.851,0.4,3.2,3.6,4.3,0.9,1.2,1.5,3.1,18.7,,whitede01
239,Furkan Korkmaz,23,PHI,SG,55,11,1062,5.8,14.4,.401,3.4,9.1,.375,2.3,5.3,.445,.520,2.0,2.8,.732,0.6,3.3,3.8,2.8,1.7,0.3,1.6,2.2,17.0,,korkmfu01
240,Devin Vassell,20,SAS,SF,62,7,1056,4.2,10.3,.406,1.8,5.1,.347,2.4,5.2,.464,.492,1.5,1.7,.843,0.8,5.1,5.9,1.9,1.5,0.6,0.7,3.0,11.6,,vassede01
241,Brad Wanamaker,31,2TM,PG,61,0,1053,3.9,10.2,.385,0.5,2.9,.188,3.4,7.3,.463,.411,3.1,3.5,.891,0.6,3.0,3.6,5.9,1.5,0.4,2.4,3.2,11.5,,wanambr01
241,Brad Wanamaker,31,GSW,PG,39,0,625,3.5,10.0,.353,0.7,3.5,.213,2.8,6.5,.429,.390,2.9,3.2,.893,0.5,3.3,3.8,5.7,1.5,0.3,2.1,3.2,10.7,,wanambr01
241,Brad Wanamaker,31,CHO,PG,22,0,428,4.5,10.6,.429,0.3,2.0,.125,4.3,8.6,.500,.440,3.4,3.8,.889,0.8,2.4,3.3,6.3,1.4,0.4,2.9,3.3,12.7,,wanambr01
242,Timothé Luwawu-Cabarrot,25,BRK,SF,58,7,1050,4.5,12.2,.365,2.6,8.2,.314,1.9,4.0,.470,.471,1.2,1.5,.814,1.0,3.5,4.4,2.4,1.1,0.2,1.5,3.4,12.7,,luwawti01
243,De'Anthony Melton,22,MEM,PG,52,1,1045,5.9,13.5,.438,3.0,7.3,.412,2.9,6.3,.467,.548,1.4,1.8,.804,1.0,4.5,5.5,4.5,2.1,1.1,2.3,2.9,16.3,,meltode01
244,James Johnson,33,2TM,PF,51,12,1043,5.0,11.3,.446,1.1,4.1,.258,4.0,7.1,.556,.494,1.6,2.6,.592,1.1,5.0,6.1,3.4,1.4,1.4,1.9,4.1,12.7,,johnsja01
244,James Johnson,33,DAL,PF,29,1,504,4.8,10.4,.462,1.1,4.3,.250,3.7,6.1,.612,.514,1.2,2.1,.586,1.0,5.1,6.1,3.6,1.7,1.6,1.9,4.2,11.9,,johnsja01
244,James Johnson,33,NOP,PF,22,11,539,5.3,12.2,.434,1.1,4.0,.267,4.2,8.1,.516,.478,1.9,3.1,.596,1.2,4.9,6.1,3.2,1.2,1.3,1.9,4.1,13.5,,johnsja01
245,Derrick Favors,29,UTA,C,68,0,1039,5.4,8.4,.638,0.0,0.1,.000,5.4,8.4,.643,.638,2.0,2.8,.738,4.8,8.2,13.0,1.5,1.1,2.4,1.2,5.0,12.8,,favorde01
246,Garrison Mathews,24,WAS,SG,64,24,1038,3.4,8.2,.409,2.6,6.9,.384,0.7,1.4,.538,.570,2.9,3.3,.884,0.6,2.5,3.0,0.9,1.0,0.2,0.3,3.7,12.3,,mathega01
247,Denzel Valentine,27,CHI,SG,62,3,1036,5.4,14.5,.373,2.8,8.4,.331,2.6,6.0,.431,.469,0.6,0.6,.941,0.8,6.0,6.8,3.6,1.0,0.2,1.5,2.4,14.1,,valende01
248,Wayne Ellington,33,DET,SG,46,31,1012,5.3,12.0,.441,4.1,9.8,.422,1.2,2.2,.524,.612,1.0,1.2,.800,0.4,2.6,3.0,2.4,0.6,0.3,1.2,2.1,15.7,,ellinwa01
249,Nickeil Alexander-Walker,22,NOP,SG,46,13,1007,6.9,16.4,.419,2.7,7.8,.347,4.1,8.5,.485,.502,1.7,2.4,.727,0.5,4.7,5.1,3.6,1.7,0.8,2.5,3.1,18.2,,alexani01
250,Stanley Johnson,24,TOR,PF,61,13,1006,3.2,8.3,.382,1.6,4.9,.328,1.6,3.4,.458,.479,1.6,2.0,.800,1.0,4.4,5.5,3.2,1.9,0.6,1.9,4.2,9.6,,johnsst04
251,Cody Zeller,28,CHO,C,48,21,1005,6.5,11.6,.559,0.1,1.0,.143,6.3,10.6,.598,.565,3.0,4.3,.714,4.3,7.5,11.7,3.1,1.0,0.6,1.8,4.3,16.2,,zelleco01
252,Marc Gasol,36,LAL,C,52,42,993,3.2,7.0,.454,1.8,4.4,.410,1.4,2.6,.528,.582,1.3,1.8,.720,1.4,6.4,7.8,4.0,0.9,2.1,1.9,4.2,9.5,,gasolma01
253,Tony Snell,29,ATL,SG,47,23,992,3.2,6.2,.515,2.3,4.0,.569,0.9,2.3,.419,.696,0.4,0.4,1.000,0.7,3.4,4.1,2.1,0.5,0.4,0.8,2.7,9.0,,snellto01
254,Jordan Poole,21,GSW,SG,51,7,988,7.5,17.3,.432,3.5,10.1,.351,3.9,7.2,.545,.535,3.8,4.3,.882,0.5,2.8,3.4,3.6,0.9,0.3,1.9,3.1,22.3,,poolejo01
255,James Ennis III,30,ORL,SF,41,37,986,4.2,8.9,.473,1.6,3.8,.433,2.6,5.1,.504,.566,2.6,3.2,.805,1.6,4.5,6.1,2.3,1.2,0.3,1.3,3.1,12.6,,ennisja01
256,Robert Williams,23,BOS,C,52,13,985,6.8,9.4,.721,0.0,0.1,.000,6.8,9.4,.727,.721,1.6,2.7,.616,4.9,8.2,13.1,3.4,1.6,3.3,1.9,3.8,15.2,,williro04
257,Aron Baynes,34,TOR,C,53,31,980,4.9,11.2,.441,1.0,3.8,.262,3.9,7.4,.532,.485,1.1,1.5,.707,3.2,6.8,10.0,1.7,0.6,0.8,1.7,4.4,11.9,,baynear01
258,Alex Len,27,2TM,C,64,42,979,6.3,10.2,.615,0.3,0.9,.320,6.0,9.3,.644,.629,2.7,4.3,.629,2.9,6.7,9.6,1.8,0.7,2.4,2.0,4.7,15.6,,lenal01
258,Alex Len,27,TOR,C,7,2,76,2.4,4.7,.500,1.4,2.8,.500,0.9,1.9,.500,.650,1.4,2.8,.500,0.0,5.2,5.2,1.4,0.5,2.8,3.8,4.7,7.6,,lenal01
258,Alex Len,27,WAS,C,57,40,903,6.6,10.7,.619,0.2,0.8,.263,6.4,9.9,.647,.629,2.8,4.4,.636,3.1,6.8,9.9,1.8,0.8,2.3,1.9,4.7,16.2,,lenal01
259,DeAndre' Bembry,26,TOR,SF,51,12,972,4.3,8.4,.513,0.5,2.0,.264,3.8,6.5,.589,.544,1.7,2.4,.682,1.2,4.2,5.4,4.0,2.0,0.7,2.6,3.2,10.9,,bembrde01
260,Dwight Powell,29,DAL,C,58,19,966,4.5,7.2,.619,0.2,0.8,.238,4.3,6.4,.665,.631,3.6,4.6,.782,3.0,5.7,8.7,2.3,1.3,1.1,1.5,5.0,12.7,,poweldw01
261,Jaxson Hayes,20,NOP,C,60,3,964,6.5,10.5,.625,0.2,0.5,.429,6.3,9.9,.635,.636,3.5,4.5,.775,3.4,6.2,9.6,1.3,0.9,1.4,1.5,3.8,16.8,,hayesja02
262,Serge Ibaka,31,LAC,C,41,39,955,7.0,13.8,.510,1.5,4.3,.339,5.5,9.4,.588,.563,1.6,2.0,.811,2.8,7.6,10.4,2.8,0.3,1.8,1.7,2.9,17.1,,ibakase01
263,Semi Ojeleye,26,BOS,PF,56,15,950,3.4,8.4,.403,2.2,6.0,.367,1.2,2.4,.492,.534,0.9,1.2,.750,1.2,4.4,5.6,1.4,0.6,0.0,0.8,2.1,9.9,,ojelese01
264,Jeff Teague,32,2TM,PG,55,7,950,4.7,10.8,.433,1.4,3.1,.439,3.3,7.7,.431,.496,3.4,4.0,.848,0.6,2.8,3.3,5.0,1.3,0.5,2.4,2.1,14.1,,teaguje01
264,Jeff Teague,32,BOS,PG,34,5,616,4.6,11.0,.415,1.5,3.3,.464,3.0,7.7,.394,.484,3.0,3.6,.836,0.6,2.7,3.3,4.3,1.5,0.4,2.3,2.5,13.6,,teaguje01
264,Jeff Teague,32,MIL,PG,21,2,334,4.9,10.3,.469,1.1,2.8,.385,3.8,7.5,.500,.521,4.1,4.7,.864,0.5,2.8,3.3,6.4,0.9,0.5,2.7,1.4,14.9,,teaguje01
265,Rodney Hood,28,2TM,SF,55,5,942,3.6,9.9,.362,1.3,4.3,.301,2.3,5.6,.408,.427,0.9,1.1,.857,0.9,3.1,3.9,2.0,0.9,0.3,1.4,2.8,9.4,,hoodro01
265,Rodney Hood,28,POR,SF,38,5,726,3.6,10.0,.363,1.2,4.2,.298,2.4,5.8,.410,.425,0.4,0.6,.750,0.9,2.7,3.6,2.3,1.0,0.2,1.5,2.9,8.9,,hoodro01
265,Rodney Hood,28,TOR,SF,17,0,216,3.5,9.8,.356,1.5,4.8,.310,2.0,5.0,.400,.432,2.5,2.7,.938,0.8,4.2,5.0,1.0,0.7,0.5,0.8,2.5,11.0,,hoodro01
266,Jordan McLaughlin,24,MIN,PG,51,2,938,3.8,9.3,.413,1.3,3.5,.359,2.6,5.8,.447,.481,0.9,1.2,.767,0.8,3.3,4.1,7.4,2.0,0.2,2.0,1.7,9.8,,mclaujo01
267,Taj Gibson,35,NYK,C,45,3,936,3.8,6.1,.627,0.1,0.6,.200,3.7,5.5,.671,.636,1.5,2.1,.727,3.8,5.8,9.6,1.4,1.2,1.9,0.8,3.8,9.3,,gibsota01
268,Tyrese Maxey,20,PHI,SG,61,8,935,7.6,16.5,.462,1.2,4.0,.301,6.4,12.6,.512,.498,2.3,2.7,.871,0.4,3.6,4.0,4.6,1.0,0.5,1.6,3.0,18.8,,maxeyty01
269,Danuel House Jr.,27,HOU,SF,36,23,932,4.2,10.5,.404,2.1,6.0,.346,2.2,4.5,.483,.504,1.6,2.4,.651,0.7,4.4,5.1,2.7,0.8,0.6,1.4,2.6,12.2,,houseda01
270,Malachi Flynn,22,TOR,PG,47,14,928,4.9,13.2,.374,2.1,6.5,.321,2.8,6.7,.424,.453,1.7,2.2,.804,0.4,4.1,4.5,5.3,1.5,0.3,1.7,2.6,13.7,,flynnma01
271,Ish Smith,32,WAS,PG,44,1,924,5.0,11.6,.434,0.7,1.9,.367,4.3,9.7,.448,.465,0.7,1.3,.576,0.9,5.0,5.8,6.7,1.2,0.5,1.6,2.4,11.5,,smithis01
272,Moses Brown,21,OKC,C,43,32,920,5.7,10.5,.545,0.0,0.0,,5.7,10.5,.545,.545,3.1,4.9,.619,6.0,9.0,15.0,0.4,1.2,1.8,1.7,3.6,14.5,,brownmo01
273,Trey Burke,28,DAL,PG,62,1,911,6.0,13.9,.428,2.3,6.5,.354,3.7,7.5,.492,.510,2.0,2.3,.895,0.4,1.7,2.1,3.2,1.4,0.3,1.3,2.5,16.2,,burketr01
274,Damyean Dotson,26,CLE,SG,46,7,907,4.7,11.6,.406,1.8,6.3,.289,2.9,5.3,.545,.485,1.0,1.4,.667,0.2,3.5,3.7,3.6,0.6,0.2,1.7,1.7,12.2,,dotsoda01
275,Willie Cauley-Stein,27,DAL,C,53,16,906,4.6,7.2,.632,0.0,0.4,.091,4.5,6.8,.667,.635,1.9,3.1,.628,2.6,6.8,9.4,1.4,0.8,1.7,1.2,5.1,11.1,,caulewi01
276,Taurean Prince,26,2TM,PF,41,10,905,5.2,13.0,.401,2.5,6.2,.400,2.7,6.8,.401,.495,2.6,3.0,.855,0.8,4.9,5.6,3.0,1.1,0.9,1.9,3.0,15.5,,princta02
276,Taurean Prince,26,BRK,PF,12,4,218,5.0,12.2,.405,2.1,6.1,.351,2.8,6.1,.459,.493,4.0,4.5,.889,0.3,5.3,5.6,1.2,1.3,1.3,1.8,3.5,16.0,,princta02
276,Taurean Prince,26,CLE,PF,29,6,687,5.3,13.3,.399,2.6,6.2,.415,2.7,7.1,.385,.496,2.1,2.6,.837,0.9,4.8,5.7,3.6,1.0,0.8,1.9,2.8,15.3,,princta02
277,Ben McLemore,27,2TM,SG,53,5,905,5.4,14.5,.370,3.9,11.1,.346,1.5,3.4,.447,.503,1.6,2.1,.736,0.6,3.4,4.0,1.6,0.9,0.4,1.7,3.5,16.2,,mclembe01
277,Ben McLemore,27,HOU,SG,32,4,537,5.4,15.0,.357,3.7,11.1,.331,1.7,3.9,.431,.480,1.5,2.1,.719,0.7,3.7,4.4,1.9,1.3,0.2,1.9,3.4,16.0,,mclembe01
277,Ben McLemore,27,LAL,SG,21,1,368,5.4,13.8,.390,4.1,11.2,.368,1.3,2.6,.481,.539,1.6,2.1,.762,0.4,2.9,3.3,1.1,0.3,0.6,1.4,3.6,16.4,,mclembe01
278,Kira Lewis Jr.,19,NOP,PG,54,0,904,5.2,13.4,.386,1.6,4.8,.333,3.6,8.6,.415,.445,1.7,2.0,.843,0.5,2.3,2.8,4.9,1.5,0.4,1.4,3.5,13.7,,lewiski01
279,Jalen McDaniels,23,CHO,SF,47,18,904,5.3,11.3,.468,1.4,4.2,.333,3.9,7.1,.547,.530,1.8,2.5,.703,1.8,4.9,6.7,2.1,1.1,0.8,1.8,3.8,13.8,,mcdanja01
280,Juancho Hernangómez,25,MIN,PF,52,6,900,5.2,12.0,.435,2.2,6.7,.327,3.0,5.2,.573,.527,2.4,3.9,.619,1.8,6.4,8.2,1.4,0.8,0.3,1.1,2.1,15.0,,hernaju01
281,R.J. Hampton,19,2TM,SG,51,1,888,5.5,12.7,.435,1.1,3.5,.310,4.4,9.2,.482,.478,2.2,3.3,.671,1.2,6.1,7.3,3.5,0.9,0.4,2.1,2.5,14.4,,hamptrj01
281,R.J. Hampton,19,DEN,SG,25,0,233,3.9,9.3,.417,0.8,2.8,.278,3.1,6.5,.476,.458,1.4,1.9,.750,1.5,6.2,7.7,2.2,0.8,0.3,1.7,3.4,9.9,,hamptrj01
281,R.J. Hampton,19,ORL,SG,26,1,655,6.1,13.9,.439,1.2,3.8,.319,4.9,10.1,.484,.482,2.5,3.8,.657,1.0,6.0,7.1,4.0,0.9,0.4,2.3,2.1,15.9,,hamptrj01
282,Jusuf Nurkić,26,POR,C,37,37,880,7.0,13.6,.514,0.5,1.2,.400,6.5,12.4,.525,.532,2.9,4.6,.619,3.5,10.1,13.6,5.1,1.6,1.6,3.0,4.2,17.3,,nurkiju01
283,Malik Monk,22,CHO,SG,42,0,878,7.1,16.4,.434,3.5,8.7,.401,3.6,7.7,.471,.540,2.4,3.0,.819,0.6,3.6,4.1,3.6,0.8,0.2,2.3,1.9,20.1,,monkma01
284,Dario Šarić,26,PHO,C,50,4,871,6.3,14.1,.447,1.9,5.6,.348,4.4,8.6,.512,.516,3.5,4.1,.848,1.9,6.0,7.9,2.7,1.2,0.2,2.4,3.9,18.1,,saricda01
285,Sekou Doumbouya,20,DET,PF,56,11,869,4.4,11.7,.379,1.1,4.8,.226,3.4,6.9,.485,.426,1.9,2.7,.703,1.6,4.3,5.9,1.9,1.0,0.4,1.8,3.9,11.8,,doumbse01
286,Edmond Sumner,25,IND,SG,53,24,861,6.2,11.8,.525,1.5,3.7,.398,4.7,8.1,.582,.587,2.8,3.5,.819,0.8,3.2,3.9,2.0,1.4,0.4,2.1,3.7,16.7,,sumneed01
287,Mitchell Robinson,22,NYK,C,31,29,853,4.9,7.4,.653,0.0,0.0,,4.9,7.4,.653,.653,1.1,2.2,.491,4.8,5.9,10.6,0.7,1.5,1.9,1.1,3.6,10.8,,robinmi01
288,Mike Scott,32,PHI,PF,51,12,852,3.2,8.9,.360,2.2,6.5,.342,1.0,2.4,.411,.486,0.3,0.5,.667,0.5,4.6,5.1,1.7,1.0,0.6,0.8,3.0,9.0,,scottmi01
289,Cody Martin,25,CHO,SF,52,10,849,3.5,8.0,.441,0.7,2.5,.276,2.8,5.5,.515,.484,1.1,1.8,.581,2.2,4.6,6.8,3.6,1.6,0.5,1.7,2.2,8.8,,martico01
290,Willy Hernangómez,26,NOP,C,47,12,846,6.4,11.4,.563,0.0,0.4,.100,6.4,11.0,.581,.565,2.6,4.0,.667,5.0,9.2,14.2,2.1,0.9,1.0,1.4,2.9,15.5,,hernawi01
291,Austin Rivers,28,2TM,SG,36,7,845,4.4,10.4,.424,2.3,6.3,.369,2.1,4.1,.510,.537,0.9,1.3,.710,0.3,3.2,3.5,3.5,1.3,0.1,1.5,2.7,12.1,,riverau01
291,Austin Rivers,28,NYK,SG,21,2,442,4.7,11.0,.430,2.3,6.3,.364,2.4,4.7,.517,.533,0.8,1.1,.714,0.4,3.4,3.8,3.4,1.0,0.0,1.8,2.6,12.5,,riverau01
291,Austin Rivers,28,DEN,SG,15,5,403,4.1,9.8,.418,2.4,6.4,.375,1.7,3.4,.500,.541,1.1,1.5,.706,0.3,2.9,3.1,3.5,1.6,0.2,1.3,2.9,11.7,,riverau01
292,Trevor Ariza,35,MIA,SF,30,27,841,4.2,10.3,.411,2.1,6.1,.350,2.1,4.2,.500,.515,1.5,1.9,.773,1.2,5.0,6.2,2.4,1.3,0.8,0.9,2.4,12.1,,arizatr01
293,Chasson Randle,27,ORL,PG,41,5,837,4.0,10.2,.388,1.9,5.6,.338,2.1,4.6,.449,.481,1.6,2.1,.792,0.3,3.2,3.5,3.2,0.9,0.2,2.0,2.8,11.4,,randlch01
294,James Wiseman,19,GSW,C,39,27,836,8.2,15.8,.519,0.5,1.6,.316,7.7,14.2,.542,.535,2.3,3.7,.628,2.4,7.4,9.7,1.1,0.5,1.6,2.6,5.2,19.3,,wisemja01
295,Kevin Porter Jr.,20,HOU,SG,26,23,835,6.7,15.8,.425,2.2,6.9,.311,4.6,8.9,.515,.493,3.0,4.1,.734,0.9,3.4,4.3,7.1,0.8,0.3,3.9,2.6,18.6,,porteke02
296,Patrick Beverley,32,LAC,PG,37,34,832,4.0,9.5,.423,2.4,6.1,.397,1.6,3.4,.468,.550,1.6,1.9,.800,1.3,3.9,5.1,3.3,1.3,1.2,1.5,4.7,12.0,,beverpa01
297,Caleb Martin,25,CHO,SF,53,3,818,4.2,11.3,.375,1.4,5.5,.248,2.9,5.8,.496,.436,1.8,2.8,.641,1.4,4.8,6.2,2.9,1.6,0.5,1.5,2.7,11.6,,martica02
298,Torrey Craig,30,2TM,SF,50,8,803,4.9,10.2,.480,1.7,4.8,.368,3.1,5.4,.579,.566,0.8,1.0,.773,2.6,6.3,8.8,2.2,1.3,1.2,1.1,3.7,12.3,,craigto01
298,Torrey Craig,30,MIL,SF,18,0,201,3.2,8.2,.391,1.4,3.9,.364,1.8,4.3,.417,.478,0.2,0.4,.500,2.3,5.4,7.7,2.9,1.6,1.3,0.9,4.3,8.1,,craigto01
298,Torrey Craig,30,PHO,SF,32,8,602,5.4,10.8,.503,1.9,5.0,.369,3.6,5.8,.619,.588,1.0,1.2,.800,2.6,6.6,9.2,2.0,1.1,1.1,1.2,3.5,13.7,,craigto01
299,Michael Carter-Williams,29,ORL,SG,31,25,800,4.7,12.2,.389,0.7,2.7,.246,4.1,9.4,.431,.417,2.2,3.6,.613,1.8,4.5,6.3,5.8,1.1,0.8,3.1,3.6,12.3,,cartemi01
300,Daniel Gafford,22,2TM,C,54,11,791,7.0,10.2,.684,0.0,0.0,,7.0,10.2,.684,.684,3.3,4.9,.667,4.3,6.2,10.5,1.3,1.2,3.4,1.9,4.5,17.3,,gaffoda01
300,Daniel Gafford,22,CHI,C,31,11,383,5.6,8.2,.690,0.0,0.0,,5.6,8.2,.690,.690,2.5,3.9,.659,4.1,5.5,9.7,1.6,1.0,3.2,2.1,5.1,13.8,,gaffoda01
300,Daniel Gafford,22,WAS,C,23,0,408,8.3,12.2,.681,0.0,0.0,,8.3,12.2,.681,.681,4.0,5.9,.672,4.4,6.9,11.3,1.1,1.3,3.6,1.7,3.9,20.6,,gaffoda01
301,Eric Gordon,32,HOU,SG,27,13,789,7.3,16.7,.433,3.1,9.6,.329,4.1,7.2,.573,.527,4.3,5.2,.825,0.4,2.3,2.6,3.2,0.6,0.6,2.3,2.0,21.9,,gordoer01
302,Ty Jerome,23,OKC,SG,33,1,788,5.8,13.1,.446,3.2,7.7,.423,2.6,5.4,.479,.570,1.2,1.6,.765,0.5,3.7,4.2,5.5,0.9,0.3,2.1,2.8,16.1,,jeromty01
303,Al Horford,34,OKC,C,28,28,782,7.5,16.6,.450,2.6,7.0,.368,4.9,9.6,.510,.528,0.8,1.0,.818,1.3,7.3,8.7,4.3,1.2,1.2,1.3,2.2,18.3,,horfoal01
304,Saben Lee,21,DET,PG,48,7,781,4.6,9.7,.471,0.4,1.1,.348,4.2,8.6,.487,.490,2.8,4.1,.685,0.9,3.5,4.5,8.0,1.5,0.6,2.5,3.5,12.3,,leesa01
305,Maurice Harkless,27,2TM,SF,37,23,772,3.2,7.7,.418,1.1,3.9,.274,2.1,3.8,.568,.488,1.5,2.0,.767,0.6,3.5,4.2,2.1,1.4,0.9,1.0,4.0,9.0,,harklma01
305,Maurice Harkless,27,MIA,SF,11,3,124,1.5,3.8,.385,1.5,3.2,.455,0.0,0.6,.000,.577,0.0,0.6,.000,0.6,3.2,3.8,2.0,0.6,1.2,0.9,4.1,4.4,,harklma01
305,Maurice Harkless,27,SAC,PF,26,20,648,3.6,8.4,.421,1.0,4.1,.247,2.6,4.4,.582,.480,1.8,2.3,.805,0.6,3.6,4.2,2.1,1.6,0.9,1.1,4.0,9.9,,harklma01
306,Rajon Rondo,34,2TM,PG,45,3,770,4.4,10.1,.442,1.7,4.2,.404,2.8,5.9,.468,.526,0.7,0.8,.941,0.8,4.3,5.1,9.3,1.7,0.2,3.7,2.5,11.3,,rondora01
306,Rajon Rondo,34,ATL,PG,27,2,402,3.9,9.9,.400,1.5,4.0,.378,2.4,5.8,.415,.477,0.1,0.2,.500,0.4,4.6,4.9,8.5,1.7,0.2,3.5,2.2,9.5,,rondora01
306,Rajon Rondo,34,LAC,PG,18,1,368,5.0,10.3,.486,1.9,4.3,.432,3.1,6.0,.525,.576,1.5,1.5,1.000,1.4,4.0,5.4,10.2,1.8,0.2,3.9,2.7,13.3,,rondora01
307,Mychal Mulder,26,GSW,PG,60,6,766,5.6,12.5,.449,4.0,10.1,.397,1.6,2.4,.667,.609,0.7,1.0,.636,0.4,2.4,2.8,1.2,0.6,0.6,0.8,2.6,15.8,,muldemy01
308,Jeremy Lamb,28,IND,SG,36,8,765,5.6,13.0,.435,2.4,6.0,.406,3.2,7.0,.459,.529,3.3,3.5,.947,1.2,5.0,6.2,2.5,1.6,1.1,1.0,3.4,17.1,,lambje01
309,Jaylen Nowell,21,MIN,SG,42,0,759,6.7,15.9,.424,2.4,7.1,.333,4.4,8.8,.497,.499,2.1,2.6,.818,0.9,3.6,4.5,2.9,1.0,0.6,1.3,3.4,18.0,,nowelja01
310,Drew Eubanks,23,SAS,C,54,3,755,5.5,9.8,.566,0.1,0.1,1.000,5.4,9.7,.562,.571,3.7,5.1,.726,3.5,8.0,11.5,2.0,0.9,2.3,2.1,4.2,14.8,,eubandr01
311,Cam Reddish,21,ATL,SF,26,21,750,4.6,12.6,.365,1.6,6.0,.262,3.0,6.6,.460,.428,3.2,3.9,.817,1.1,3.9,5.0,1.7,1.6,0.4,1.6,3.3,14.0,,reddica01
312,Frank Jackson,22,DET,PG,40,6,738,6.5,14.3,.457,3.0,7.3,.407,3.6,7.0,.510,.561,3.0,3.7,.813,0.7,3.5,4.2,1.8,0.7,0.0,1.7,2.6,19.0,,jacksfr01
313,Precious Achiuwa,21,MIA,PF,61,4,737,6.1,11.1,.544,0.0,0.0,.000,6.1,11.1,.546,.544,2.7,5.4,.509,3.6,6.6,10.2,1.4,1.0,1.4,2.1,4.4,14.8,,achiupr01
314,Mo Bamba,22,ORL,C,46,5,725,7.1,14.9,.472,1.9,5.9,.322,5.2,9.1,.568,.535,2.2,3.3,.682,3.8,9.4,13.2,1.7,0.7,2.9,1.8,4.3,18.2,,bambamo01
315,Yuta Watanabe,26,TOR,SF,50,4,723,3.9,9.0,.439,1.8,4.5,.400,2.1,4.5,.478,.539,1.2,1.4,.828,1.8,6.1,7.9,2.0,1.3,0.9,0.9,2.8,10.9,,watanyu01
316,JJ Redick,36,2TM,SG,44,0,723,5.3,13.3,.397,3.3,8.9,.371,2.0,4.4,.449,.521,2.4,2.6,.942,0.2,3.0,3.2,2.5,0.5,0.1,1.8,2.5,16.3,,redicjj01
316,JJ Redick,36,NOP,SG,31,0,576,5.4,13.4,.407,3.2,8.7,.364,2.3,4.6,.486,.526,2.8,2.9,.957,0.2,3.1,3.2,2.5,0.6,0.1,1.6,2.3,16.9,,redicjj01
316,JJ Redick,36,DAL,SG,13,0,147,4.7,13.0,.358,3.7,9.3,.395,1.0,3.7,.267,.500,1.0,1.2,.800,0.2,2.7,2.9,2.7,0.5,0.2,2.7,3.2,14.0,,redicjj01
317,Moritz Wagner,23,3TM,C,45,24,722,5.2,11.4,.454,1.5,4.5,.341,3.6,6.9,.529,.522,3.5,4.3,.816,1.3,5.9,7.3,2.5,1.3,0.9,2.1,5.4,15.5,,wagnemo01
317,Moritz Wagner,23,WAS,C,25,13,375,6.0,11.7,.508,1.2,4.0,.310,4.7,7.7,.613,.561,3.9,5.0,.788,1.2,5.8,7.0,3.1,2.1,0.8,2.0,6.0,17.1,,wagnemo01
317,Moritz Wagner,23,BOS,C,9,1,61,2.4,8.3,.286,1.2,3.5,.333,1.2,4.7,.250,.357,0.6,1.2,.500,1.8,9.4,11.2,3.5,0.0,0.6,5.3,5.9,6.5,,wagnemo01
317,Moritz Wagner,23,ORL,C,11,10,286,4.8,11.7,.409,2.0,5.4,.372,2.8,6.3,.440,.495,3.7,4.2,.879,1.4,5.4,6.8,1.5,0.5,1.1,1.6,4.5,15.2,,wagnemo01
318,Jevon Carter,25,PHO,PG,60,1,717,4.7,11.2,.422,2.8,7.6,.371,1.9,3.6,.528,.547,0.2,0.4,.571,0.8,3.8,4.6,3.6,1.5,0.5,0.8,2.8,12.5,,carteje01
319,Frank Kaminsky,27,PHO,C,47,13,715,6.1,12.9,.471,1.6,4.3,.365,4.5,8.7,.523,.531,1.9,3.0,.617,1.8,7.7,9.5,4.0,0.7,0.9,1.1,3.5,15.6,,kaminfr01
320,DeMarcus Cousins,30,2TM,C,41,11,713,6.6,15.4,.426,2.4,6.8,.348,4.2,8.6,.488,.503,3.0,4.1,.728,2.7,10.6,13.3,3.8,1.7,1.2,3.2,5.4,18.5,,couside01
320,DeMarcus Cousins,30,HOU,C,25,11,506,5.6,14.9,.376,2.8,8.3,.336,2.8,6.7,.426,.469,3.1,4.2,.746,2.1,11.5,13.6,4.3,1.5,1.3,2.8,5.3,17.1,,couside01
320,DeMarcus Cousins,30,LAC,C,16,0,207,8.9,16.5,.537,1.4,3.3,.421,7.5,13.2,.566,.579,2.6,3.8,.682,4.0,8.5,12.5,2.8,2.3,1.0,4.3,5.7,21.7,,couside01
321,Naji Marshall,23,NOP,SF,32,10,700,4.2,10.7,.392,1.5,4.3,.349,2.7,6.5,.421,.462,2.7,3.9,.707,0.8,6.8,7.6,4.5,1.3,0.5,2.0,3.0,12.7,,marshna01
322,Eric Paschall,24,GSW,PF,40,2,695,7.7,15.4,.497,0.9,2.8,.333,6.7,12.6,.533,.527,3.5,4.9,.713,1.5,5.2,6.6,2.6,0.6,0.4,2.2,3.5,19.7,,pascher01
323,Tyler Johnson,28,BRK,SG,39,3,684,3.8,9.6,.393,2.5,6.9,.364,1.3,2.7,.471,.525,0.9,1.1,.857,0.3,3.7,4.1,2.5,0.7,0.0,0.9,2.3,11.1,,johnsty01
324,Tony Bradley,23,2TM,C,42,8,684,6.9,10.4,.665,0.0,0.2,.000,6.9,10.2,.675,.665,2.0,2.9,.691,4.5,8.1,12.6,1.9,0.8,1.6,1.7,3.2,15.8,,bradlto01
324,Tony Bradley,23,PHI,C,20,8,287,6.4,9.4,.680,0.0,0.1,.000,6.4,9.3,.689,.680,0.9,1.4,.636,4.9,8.2,13.0,2.1,0.8,1.6,0.8,3.5,13.7,,bradlto01
324,Tony Bradley,23,OKC,C,22,0,397,7.3,11.1,.656,0.0,0.2,.000,7.3,10.9,.667,.656,2.8,4.0,.705,4.2,8.1,12.2,1.8,0.8,1.5,2.4,3.0,17.3,,bradlto01
325,Obi Toppin,22,NYK,PF,62,0,683,5.5,11.0,.498,1.4,4.5,.306,4.1,6.5,.629,.560,1.0,1.4,.731,1.4,5.9,7.3,1.5,0.9,0.8,1.2,2.9,13.3,,toppiob01
326,David Nwaba,28,HOU,SF,30,9,679,5.6,11.6,.486,0.9,3.3,.270,4.7,8.2,.574,.525,2.5,3.6,.691,2.1,4.1,6.3,1.6,1.6,1.1,0.9,3.2,14.6,,nwabada01
327,De'Andre Hunter,23,ATL,SF,23,19,678,6.4,13.2,.484,1.6,5.0,.326,4.7,8.1,.582,.546,3.9,4.5,.859,0.9,4.9,5.8,2.3,1.0,0.6,1.5,3.1,18.3,,huntede01
328,JaVale McGee,33,2TM,C,46,2,678,7.6,15.0,.511,0.3,1.3,.208,7.4,13.7,.539,.520,2.3,3.6,.657,4.1,8.6,12.7,2.1,1.0,2.9,3.2,6.4,17.9,,mcgeeja01
328,JaVale McGee,33,CLE,C,33,1,503,8.0,15.4,.521,0.4,1.4,.250,7.7,14.0,.549,.533,2.6,3.9,.655,3.9,8.3,12.2,2.4,1.1,2.9,3.2,5.7,19.0,,mcgeeja01
328,JaVale McGee,33,DEN,C,13,1,175,6.6,13.8,.478,0.0,0.8,.000,6.6,13.0,.508,.478,1.6,2.5,.667,4.7,9.5,14.2,1.2,0.6,2.9,3.1,8.4,14.8,,mcgeeja01
329,LaMarcus Aldridge,35,2TM,C,26,23,674,7.5,15.8,.473,1.7,4.3,.388,5.8,11.5,.505,.525,2.2,2.5,.872,1.0,5.3,6.3,2.6,0.6,1.5,1.4,2.5,18.8,,aldrila01
329,LaMarcus Aldridge,35,SAS,C,21,18,544,7.6,16.4,.464,1.8,5.0,.360,5.8,11.4,.509,.518,2.1,2.4,.838,1.1,5.1,6.2,2.4,0.5,1.2,1.3,2.4,19.1,,aldrila01
329,LaMarcus Aldridge,35,BRK,C,5,5,130,6.9,13.3,.521,1.1,1.4,.800,5.8,11.9,.488,.563,2.8,2.8,1.000,0.6,6.1,6.6,3.6,0.8,3.0,1.9,3.0,17.7,,aldrila01
330,George Hill,34,2TM,PG,30,17,672,5.1,10.6,.482,1.7,4.3,.388,3.4,6.3,.547,.561,2.1,2.7,.800,0.9,2.4,3.3,3.9,1.2,0.3,1.7,1.7,14.0,,hillge01
330,George Hill,34,OKC,PG,14,14,369,6.0,11.7,.508,2.1,5.6,.386,3.8,6.1,.619,.600,2.0,2.4,.840,0.8,2.0,2.8,4.2,1.2,0.2,1.2,1.2,16.1,,hillge01
330,George Hill,34,PHI,PG,16,3,303,4.0,9.1,.442,1.1,2.7,.391,3.0,6.4,.463,.500,2.3,3.0,.760,1.0,2.9,3.8,3.6,1.3,0.4,2.3,2.3,11.4,,hillge01
331,Killian Hayes,19,DET,PG,26,18,670,3.8,10.8,.353,1.1,3.9,.278,2.7,6.9,.395,.403,0.8,0.9,.824,0.3,3.4,3.7,7.4,1.5,0.5,4.5,3.1,9.5,,hayeski01
332,Aaron Nesmith,21,BOS,SF,46,1,669,4.2,9.6,.438,2.2,5.8,.370,2.0,3.8,.543,.551,1.2,1.5,.786,1.5,5.3,6.8,1.2,0.8,0.5,1.2,4.7,11.7,,nesmiaa01
333,Gabe Vincent,24,MIA,PG,50,7,655,4.8,12.8,.378,2.5,8.2,.309,2.3,4.6,.500,.476,1.1,1.3,.870,0.5,2.5,3.1,3.7,1.2,0.1,1.9,4.3,13.3,,vincega01
334,Gary Clark,26,3TM,SF,39,11,654,2.2,7.3,.303,1.7,5.9,.287,0.5,1.3,.375,.420,0.4,0.6,.800,1.8,4.5,6.3,1.7,0.7,0.4,0.9,1.9,6.6,,clarkga01
334,Gary Clark,26,ORL,SF,35,11,637,2.3,7.4,.305,1.8,6.1,.287,0.5,1.3,.391,.424,0.5,0.6,.800,1.9,4.5,6.3,1.7,0.7,0.4,1.0,1.9,6.7,,clarkga01
334,Gary Clark,26,DEN,SF,2,0,4,0.0,0.0,,0.0,0.0,,0.0,0.0,,,0.0,0.0,,0.0,9.0,9.0,0.0,0.0,0.0,0.0,0.0,0.0,,clarkga01
334,Gary Clark,26,PHI,PF,2,0,13,0.0,2.8,.000,0.0,0.0,,0.0,2.8,.000,.000,0.0,0.0,,0.0,5.5,5.5,2.8,2.8,0.0,0.0,2.8,0.0,,clarkga01
335,Mike Muscala,29,OKC,C,35,0,645,6.6,14.9,.446,3.8,10.3,.370,2.8,4.6,.614,.573,1.8,2.0,.917,1.1,6.3,7.4,1.6,0.4,0.6,1.2,3.0,18.9,,muscami01
336,Nassir Little,20,POR,PF,48,2,640,4.4,9.4,.467,1.6,4.5,.350,2.8,4.9,.575,.551,2.0,2.5,.800,1.8,5.4,7.2,1.3,0.3,0.7,1.0,2.9,12.4,,littlna01
337,Jake Layman,26,MIN,SF,45,11,627,5.2,10.6,.495,1.3,4.5,.295,3.9,6.1,.642,.557,1.5,2.1,.703,0.7,3.1,3.8,1.6,1.7,1.1,1.5,2.5,13.3,,laymaja01
338,Kevin Love,32,CLE,PF,25,25,622,6.0,14.6,.409,3.3,9.0,.365,2.7,5.6,.479,.522,2.4,3.0,.824,1.0,9.8,10.8,3.6,0.9,0.1,2.2,1.5,17.7,,loveke01
339,Brandon Goodwin,25,ATL,PG,47,5,620,4.9,12.9,.377,1.9,6.0,.311,3.0,7.0,.433,.448,1.6,2.5,.651,0.5,3.5,4.0,5.5,1.0,0.0,2.1,2.4,13.2,,goodwbr01
340,Otto Porter Jr.,27,2TM,SF,28,6,606,5.8,13.5,.432,2.3,6.2,.375,3.5,7.3,.480,.518,2.1,2.5,.857,1.7,7.4,9.0,3.3,1.0,0.2,1.5,2.4,16.1,,porteot01
340,Otto Porter Jr.,27,CHI,SF,25,6,540,5.9,13.5,.441,2.5,6.3,.400,3.4,7.1,.477,.535,2.1,2.5,.838,1.9,7.3,9.2,3.3,0.8,0.3,1.7,2.5,16.5,,porteot01
340,Otto Porter Jr.,27,ORL,PF,3,0,66,4.9,13.6,.360,0.5,4.9,.111,4.4,8.7,.500,.380,2.7,2.7,1.000,0.0,7.6,7.6,2.7,2.2,0.0,0.0,2.2,13.1,,porteot01
341,Avery Bradley,30,2TM,SG,27,6,602,3.8,10.2,.374,2.0,6.0,.327,1.9,4.2,.443,.471,0.7,0.9,.800,0.5,2.9,3.4,2.8,1.3,0.2,1.7,3.3,10.3,,bradlav01
341,Avery Bradley,30,MIA,SG,10,1,211,5.3,11.3,.470,2.7,6.5,.421,2.6,4.8,.536,.591,1.2,1.5,.778,0.3,2.7,3.1,2.4,1.2,0.2,1.5,4.4,14.5,,bradlav01
341,Avery Bradley,30,HOU,SG,17,5,391,3.0,9.7,.314,1.6,5.8,.270,1.5,3.9,.381,.395,0.5,0.6,.833,0.6,3.0,3.6,2.9,1.3,0.2,1.7,2.7,8.1,,bradlav01
342,Onyeka Okongwu,20,ATL,C,50,4,601,5.8,8.9,.644,0.0,0.2,.000,5.8,8.7,.658,.644,2.2,3.4,.632,3.7,6.0,9.8,1.1,1.4,2.0,1.7,6.0,13.7,,okongon01
343,Nemanja Bjelica,32,2TM,PF,37,3,595,5.4,11.9,.454,1.6,5.1,.318,3.8,6.7,.559,.523,2.2,3.1,.725,1.8,5.9,7.7,4.2,0.9,0.3,2.0,4.1,14.6,,bjeline01
343,Nemanja Bjelica,32,SAC,PF,26,1,439,5.7,12.3,.460,1.4,4.8,.293,4.3,7.5,.565,.517,2.6,3.4,.762,2.0,6.2,8.2,4.0,0.7,0.2,2.3,3.9,15.3,,bjeline01
343,Nemanja Bjelica,32,MIA,PF,11,2,156,4.6,10.6,.435,2.3,6.2,.370,2.3,4.4,.526,.543,1.2,2.1,.556,1.2,5.1,6.2,4.6,1.6,0.7,1.2,4.6,12.7,,bjeline01
344,Nic Claxton,21,BRK,C,32,1,594,5.5,8.8,.621,0.1,0.3,.200,5.4,8.5,.636,.624,1.9,3.9,.484,2.6,7.5,10.1,1.7,1.4,2.4,1.1,4.1,12.8,,claxtni01
345,Patrick Patterson,31,LAC,PF,38,5,582,4.5,10.2,.436,2.5,6.9,.357,2.0,3.3,.604,.558,0.8,1.1,.765,1.2,3.5,4.6,1.8,0.9,0.5,0.7,2.8,12.2,,pattepa01
346,Justin Jackson,25,2TM,SF,34,3,577,5.6,13.8,.403,2.2,7.3,.308,3.3,6.5,.510,.484,1.9,2.3,.838,1.0,3.8,4.8,3.2,0.9,0.1,2.0,2.0,15.3,,jacksju01
346,Justin Jackson,25,OKC,SF,33,3,544,5.7,14.0,.406,2.3,7.3,.306,3.4,6.7,.515,.486,2.0,2.3,.857,0.9,3.8,4.7,3.4,1.0,0.1,2.1,2.1,15.6,,jacksju01
346,Justin Jackson,25,MIL,SF,1,0,33,3.3,9.8,.333,2.2,6.5,.333,1.1,3.3,.333,.444,1.1,2.2,.500,2.2,4.4,6.5,1.1,0.0,0.0,1.1,1.1,9.8,,jacksju01
347,John Konchar,24,MEM,SG,43,0,575,4.3,8.6,.500,1.3,3.5,.375,3.0,5.1,.585,.576,1.6,1.9,.833,2.2,5.8,8.0,2.9,1.9,0.6,1.1,2.5,11.5,,konchjo01
348,Nicolò Melli,30,2TM,PF,45,4,566,2.9,9.0,.326,1.5,5.4,.271,1.5,3.6,.411,.408,1.2,1.6,.760,1.8,5.9,7.8,2.8,0.9,0.2,0.8,3.7,8.5,,mellini01
348,Nicolò Melli,30,NOP,PF,22,0,241,2.2,8.8,.254,1.0,5.5,.189,1.2,3.3,.364,.314,0.9,1.0,.857,1.8,6.7,8.5,3.7,1.3,0.1,1.0,4.2,6.4,,mellini01
348,Nicolò Melli,30,DAL,PF,23,4,325,3.4,9.1,.378,1.8,5.3,.333,1.7,3.8,.441,.476,1.4,2.0,.722,1.9,5.3,7.2,2.1,0.6,0.2,0.6,3.3,10.1,,mellini01
349,Goga Bitadze,21,IND,C,45,3,561,5.3,12.4,.428,1.3,5.1,.253,4.0,7.4,.548,.479,2.9,3.9,.738,3.9,5.8,9.6,2.4,0.6,3.9,1.1,6.0,14.8,,bitadgo01
350,Isaiah Hartenstein,22,2TM,C,46,2,559,6.1,11.0,.550,0.1,0.4,.333,5.9,10.6,.558,.556,3.0,4.6,.648,4.2,7.5,11.7,3.5,1.2,2.5,2.8,6.7,15.2,,harteis01
350,Isaiah Hartenstein,22,DEN,C,30,0,272,5.4,10.6,.513,0.0,0.0,,5.4,10.6,.513,.513,2.9,4.8,.611,5.3,6.0,11.3,2.0,1.5,2.6,2.8,7.8,13.8,,harteis01
350,Isaiah Hartenstein,22,CLE,C,16,2,287,6.6,11.4,.582,0.3,0.8,.333,6.4,10.7,.600,.593,3.0,4.4,.686,3.1,8.9,12.0,5.0,1.0,2.4,2.9,5.6,16.6,,harteis01
351,Gorgui Dieng,31,2TM,C,38,1,552,5.5,10.6,.521,2.0,4.6,.429,3.6,6.1,.591,.613,3.8,4.4,.866,2.6,6.5,9.1,3.1,1.7,1.0,2.1,3.7,16.8,,dienggo01
351,Gorgui Dieng,31,MEM,C,22,1,371,5.4,10.5,.519,2.2,4.7,.479,3.2,5.8,.550,.625,3.7,4.2,.884,2.7,6.8,9.5,2.8,1.6,1.4,2.1,3.7,16.8,,dienggo01
351,Gorgui Dieng,31,SAS,C,16,0,181,5.8,10.9,.527,1.4,4.4,.318,4.4,6.6,.667,.591,4.0,4.8,.833,2.4,6.0,8.4,3.8,1.8,0.4,2.0,3.6,16.9,,dienggo01
352,Thanasis Antetokounmpo,28,MIL,SF,57,3,551,4.4,9.0,.489,0.5,1.9,.241,3.9,7.1,.556,.515,1.6,3.2,.510,3.5,4.6,8.1,3.0,1.4,0.7,2.8,4.8,10.8,,antetth01
353,Damian Jones,25,3TM,C,39,10,547,4.6,6.8,.680,0.1,0.3,.200,4.5,6.4,.704,.684,2.8,3.8,.724,2.4,5.6,8.0,1.9,0.7,1.9,1.7,5.1,12.0,,jonesda03
353,Damian Jones,25,PHO,C,14,0,94,3.1,6.1,.500,0.0,0.4,.000,3.1,5.7,.533,.500,2.3,4.2,.545,2.7,4.2,6.9,1.5,0.4,1.9,2.3,7.3,8.4,,jonesda03
353,Damian Jones,25,LAL,C,8,6,112,5.1,5.5,.941,0.0,0.0,,5.1,5.5,.941,.941,3.5,3.9,.917,2.6,5.8,8.4,0.3,0.3,2.3,1.6,7.1,13.8,,jonesda03
353,Damian Jones,25,SAC,C,17,4,341,4.9,7.4,.657,0.1,0.4,.250,4.8,7.0,.682,.664,2.6,3.7,.714,2.2,5.9,8.1,2.5,1.0,1.8,1.6,3.8,12.5,,jonesda03
354,Hassan Whiteside,31,SAC,C,36,4,546,8.3,14.8,.563,0.0,0.1,.000,8.3,14.7,.565,.563,2.7,5.2,.519,4.0,10.2,14.2,1.3,0.6,3.0,2.6,4.8,19.3,,whiteha01
355,Wes Iwundu,26,2TM,SF,41,4,539,2.3,6.8,.333,0.3,2.7,.122,1.9,4.1,.475,.358,1.7,2.1,.839,1.0,5.0,6.0,1.2,1.0,0.3,1.3,3.3,6.6,,iwundwe01
355,Wes Iwundu,26,DAL,SF,23,3,288,2.1,6.5,.327,0.4,2.9,.130,1.7,3.6,.483,.356,1.5,1.7,.857,0.7,4.7,5.5,1.2,1.1,0.4,0.7,3.2,6.1,,iwundwe01
355,Wes Iwundu,26,NOP,SF,18,1,251,2.4,7.2,.340,0.3,2.6,.111,2.2,4.6,.469,.360,2.0,2.4,.824,1.3,5.3,6.6,1.1,0.9,0.1,1.9,3.3,7.2,,iwundwe01
356,Troy Brown Jr.,21,2TM,SF,34,0,524,4.3,9.9,.431,1.5,4.8,.314,2.7,5.1,.541,.507,1.0,1.4,.714,1.4,5.8,7.2,2.0,0.7,0.4,1.4,3.4,11.1,,browntr01
356,Troy Brown Jr.,21,WAS,SF,21,0,287,4.1,11.2,.371,1.8,5.8,.304,2.4,5.4,.442,.449,1.3,1.9,.667,1.4,6.3,7.7,2.4,0.4,0.5,2.0,3.6,11.3,,browntr01
356,Troy Brown Jr.,21,CHI,SF,13,0,237,4.4,8.4,.527,1.2,3.6,.333,3.2,4.7,.677,.600,0.8,0.9,.833,1.4,5.3,6.7,1.5,1.1,0.3,0.8,3.0,10.8,,browntr01
357,Armoni Brooks,22,HOU,SG,20,5,520,5.4,13.3,.406,4.2,10.9,.382,1.2,2.4,.514,.563,0.5,0.8,.583,0.7,4.0,4.7,2.1,0.8,0.3,1.5,2.4,15.4,,brookar01
358,Miye Oni,23,UTA,SG,54,0,519,2.4,6.9,.354,2.1,6.1,.341,0.3,0.8,.455,.505,0.3,0.4,.833,1.6,4.2,5.8,1.9,0.8,0.6,1.1,4.2,7.3,,onimi01
359,Oshae Brissett,22,IND,SF,21,16,519,5.1,10.5,.483,2.3,5.4,.423,2.8,5.1,.548,.593,3.5,4.5,.769,2.0,6.0,8.0,1.2,1.3,1.4,0.7,2.2,15.9,,brissos01
360,Dylan Windler,24,CLE,SF,31,0,513,4.0,9.1,.438,1.8,5.4,.338,2.2,3.7,.585,.538,1.5,1.9,.778,1.4,6.1,7.5,2.3,1.3,0.8,2.2,2.6,11.3,,windldy01
361,Max Strus,24,MIA,SF,39,0,507,6.0,13.3,.455,3.6,10.5,.338,2.5,2.8,.897,.588,1.1,1.7,.667,0.4,2.6,2.9,1.7,0.8,0.1,0.6,3.1,16.8,,strusma01
362,Justise Winslow,24,MEM,SF,26,1,507,5.3,14.9,.352,0.7,3.8,.185,4.5,11.1,.410,.376,1.4,2.5,.571,1.3,7.1,8.4,3.6,1.1,0.9,2.6,3.3,12.6,,winslju01
363,Lamar Stevens,23,CLE,PF,40,0,499,4.5,9.8,.456,0.3,1.8,.160,4.2,8.0,.523,.471,2.7,3.7,.725,1.7,5.2,6.9,1.8,1.2,0.9,1.7,3.8,11.9,,stevela01
364,Jarrett Culver,21,MIN,SG,34,7,499,5.0,12.1,.411,0.9,3.8,.245,4.0,8.3,.487,.449,2.1,3.5,.604,2.5,5.1,7.5,1.7,1.2,0.6,2.0,4.2,13.0,,culveja01
365,DaQuan Jeffries,23,2TM,SG,31,5,493,3.7,8.8,.417,1.5,4.9,.299,2.2,3.9,.566,.500,0.5,0.6,.875,1.4,3.8,5.2,1.6,1.1,0.7,1.0,3.5,9.3,,jeffrda01
365,DaQuan Jeffries,23,SAC,SG,18,2,232,3.7,8.8,.421,1.4,4.3,.321,2.3,4.5,.517,.500,0.9,1.1,.857,1.4,3.1,4.5,0.9,1.1,0.6,1.2,3.6,9.8,,jeffrda01
365,DaQuan Jeffries,23,HOU,SG,13,3,261,3.6,8.7,.413,1.5,5.4,.282,2.1,3.3,.625,.500,0.1,0.1,1.000,1.4,4.4,5.8,2.2,1.1,0.8,0.8,3.4,8.8,,jeffrda01
366,Chimezie Metu,23,SAC,C,36,6,488,6.7,13.2,.508,1.0,2.7,.351,5.8,10.5,.549,.545,2.3,3.2,.721,2.3,6.0,8.3,2.1,1.0,1.3,2.1,4.4,16.7,,metuch01
367,Javonte Green,27,2TM,SF,41,2,473,4.0,7.8,.520,0.8,2.3,.333,3.3,5.5,.597,.569,2.3,3.0,.750,2.0,3.4,5.4,1.3,2.1,0.5,1.4,3.4,11.1,,greenja02
367,Javonte Green,27,BOS,SF,25,2,345,4.1,7.4,.549,0.7,2.3,.318,3.3,5.1,.653,.599,2.1,3.1,.667,2.1,3.3,5.4,1.1,1.9,0.2,1.4,3.3,11.0,,greenja02
367,Javonte Green,27,CHI,SG,16,0,128,3.9,8.7,.452,0.8,2.3,.375,3.1,6.5,.478,.500,2.8,2.8,1.000,1.7,3.7,5.3,1.7,2.8,1.1,1.7,3.7,11.5,,greenja02
368,Kevin Knox,21,NYK,SF,42,0,464,4.3,11.1,.392,2.7,6.9,.393,1.6,4.2,.389,.514,1.2,1.6,.800,0.8,4.0,4.7,1.5,0.9,0.5,1.3,2.9,12.6,,knoxke01
369,Ryan Arcidiacono,26,CHI,PG,44,0,450,3.9,9.4,.419,2.0,5.4,.373,1.9,4.0,.480,.526,1.0,1.6,.650,0.4,5.0,5.4,4.5,0.7,0.0,0.8,3.8,10.9,,arcidry01
370,KZ Okpala,21,MIA,PF,37,9,447,2.9,7.7,.375,1.0,4.0,.240,1.9,3.7,.522,.438,0.6,1.2,.533,1.7,3.8,5.5,1.5,0.8,0.9,1.2,4.8,7.4,,okpalkz01
371,Josh Green,20,DAL,SG,39,5,445,3.4,7.5,.452,0.3,2.0,.160,3.1,5.5,.559,.473,1.1,1.9,.565,2.3,4.0,6.3,2.3,1.3,0.2,1.4,2.8,8.2,,greenjo02
372,Langston Galloway,29,PHO,SG,40,0,438,5.4,12.1,.449,3.0,7.0,.424,2.5,5.1,.484,.571,1.8,1.9,.957,0.6,2.9,3.5,2.1,0.7,0.0,1.1,2.1,15.6,,gallola01
373,Tyler Cook,23,2TM,SF,32,1,438,5.7,8.5,.670,0.1,0.2,.500,5.6,8.3,.673,.675,1.4,2.9,.486,2.3,5.5,7.8,1.4,0.7,0.2,1.7,2.9,12.8,,cookty01
373,Tyler Cook,23,BRK,PF,4,0,17,2.1,6.4,.333,0.0,0.0,,2.1,6.4,.333,.333,0.0,0.0,,2.1,2.1,4.2,4.2,0.0,0.0,2.1,4.2,4.2,,cookty01
373,Tyler Cook,23,DET,SF,28,1,421,5.8,8.6,.680,0.1,0.2,.500,5.7,8.4,.684,.685,1.5,3.0,.486,2.3,5.6,8.0,1.3,0.7,0.2,1.7,2.8,13.2,,cookty01
374,Al-Farouq Aminu,30,2TM,PF,23,14,434,3.2,8.2,.384,0.7,3.1,.216,2.5,5.1,.484,.424,1.5,1.8,.818,1.8,7.3,9.1,2.6,1.6,0.7,2.3,2.4,8.5,,aminual01
374,Al-Farouq Aminu,30,ORL,PF,17,14,367,3.5,8.7,.404,0.7,3.0,.226,2.8,5.7,.500,.444,1.4,1.7,.824,2.0,7.0,8.9,2.8,1.7,0.9,2.5,2.2,9.1,,aminual01
374,Al-Farouq Aminu,30,CHI,PF,6,0,67,1.1,5.4,.200,0.5,3.2,.167,0.5,2.1,.250,.250,2.1,2.7,.800,1.1,9.1,10.2,1.1,1.1,0.0,1.6,3.8,4.8,,aminual01
375,D.J. Wilson,24,2TM,PF,35,1,433,5.7,14.0,.405,2.5,7.2,.345,3.2,6.7,.469,.494,1.4,2.1,.680,1.7,7.6,9.3,1.9,0.9,1.3,1.8,3.7,15.2,,wilsodj01
375,D.J. Wilson,24,MIL,PF,12,0,105,5.5,14.7,.372,3.4,9.6,.357,2.1,5.1,.400,.488,0.3,0.7,.500,1.0,7.5,8.6,1.0,0.3,1.4,1.4,4.5,14.7,,wilsodj01
375,D.J. Wilson,24,HOU,PF,23,1,328,5.7,13.7,.416,2.2,6.5,.339,3.5,7.2,.485,.496,1.8,2.5,.696,1.9,7.7,9.5,2.2,1.1,1.3,2.0,3.4,15.4,,wilsodj01
376,Isaac Bonga,21,WAS,SF,40,8,432,2.5,6.8,.370,1.1,3.9,.277,1.4,2.8,.500,.451,0.4,0.7,.625,1.5,4.0,5.5,1.9,0.9,0.7,1.8,5.2,6.5,,bongais01
377,Dennis Smith Jr.,23,2TM,PG,23,9,420,5.0,12.4,.400,1.6,5.0,.328,3.3,7.5,.448,.466,1.6,2.2,.731,1.0,3.7,4.7,6.6,2.0,1.2,2.2,3.2,13.2,,smithde03
377,Dennis Smith Jr.,23,NYK,PG,3,0,28,2.6,12.9,.200,0.0,5.1,.000,2.6,7.7,.333,.200,6.4,7.7,.833,0.0,2.6,2.6,3.9,3.9,0.0,1.3,5.1,11.6,,smithde03
377,Dennis Smith Jr.,23,DET,PG,20,9,392,5.1,12.4,.415,1.7,5.0,.352,3.4,7.4,.457,.485,1.3,1.8,.700,1.1,3.8,4.9,6.8,1.8,1.3,2.3,3.0,13.3,,smithde03
378,Anthony Lamb,23,HOU,SF,24,3,415,4.0,10.2,.390,2.0,6.2,.324,2.0,4.1,.489,.487,1.6,1.8,.857,2.3,3.7,6.1,2.0,0.5,0.4,1.6,2.9,11.5,,lamban01
379,Brodric Thomas,24,2TM,SG,32,1,399,3.5,9.7,.361,1.4,5.3,.271,2.1,4.4,.469,.435,2.8,4.2,.674,0.7,4.1,4.8,2.7,1.4,0.9,2.0,3.6,11.3,,thomabr01
379,Brodric Thomas,24,HOU,SG,4,0,24,3.0,10.5,.286,1.5,9.0,.167,1.5,1.5,1.000,.357,7.5,10.5,.714,1.5,4.5,6.0,6.0,1.5,1.5,6.0,7.5,15.0,,thomabr01
379,Brodric Thomas,24,CLE,SG,28,1,375,3.6,9.7,.366,1.4,5.1,.283,2.1,4.6,.458,.441,2.5,3.7,.667,0.7,4.0,4.7,2.5,1.3,0.9,1.7,3.4,11.0,,thomabr01
380,Zeke Nnaji,20,DEN,PF,42,1,397,4.5,9.4,.481,2.2,5.4,.407,2.4,4.1,.578,.596,1.1,1.4,.800,1.3,4.6,5.9,0.9,0.7,0.4,0.6,2.6,12.3,,nnajize01
381,Amir Coffey,23,LAC,SG,44,1,394,4.1,9.4,.437,2.1,5.1,.411,2.0,4.3,.468,.549,2.5,3.5,.711,0.9,3.1,4.0,2.0,0.9,0.0,1.4,2.7,12.8,,coffeam01
382,Freddie Gillespie,23,TOR,PF,20,2,392,4.0,7.7,.524,0.0,0.0,,4.0,7.7,.524,.524,2.1,3.0,.697,3.9,5.1,8.9,0.8,1.2,1.8,1.1,3.9,10.2,,gillefr01
383,E'Twaun Moore,31,PHO,SG,27,1,389,5.1,11.2,.455,1.0,3.2,.314,4.1,8.0,.512,.500,1.1,1.3,.857,1.3,2.9,4.2,3.7,1.4,0.5,2.1,3.0,12.3,,mooreet01
384,Isaiah Joe,21,PHI,SG,41,1,383,4.5,12.5,.361,3.7,10.0,.368,0.8,2.5,.333,.508,1.7,2.3,.750,0.6,2.8,3.4,1.9,1.1,0.4,1.0,3.2,14.4,,joeis01
385,Glenn Robinson III,27,SAC,SF,23,2,369,4.1,9.7,.424,1.6,4.3,.364,2.5,5.4,.473,.505,2.0,2.2,.913,1.1,3.3,4.4,2.0,0.4,0.3,1.1,2.2,11.8,,robingl02
386,Nico Mannion,19,GSW,PG,30,1,364,3.9,11.3,.342,2.2,5.9,.367,1.7,5.3,.315,.439,2.3,2.8,.821,0.6,4.0,4.5,6.9,1.6,0.1,3.1,2.9,12.2,,mannini01
387,Trey Lyles,25,SAS,PF,23,9,358,4.3,9.1,.478,1.4,4.0,.350,2.9,5.0,.580,.556,1.5,2.3,.652,0.9,7.7,8.6,1.4,0.6,0.1,0.6,1.3,11.6,,lylestr01
388,Abdel Nader,27,PHO,SF,24,0,355,5.8,11.8,.491,1.8,4.4,.419,4.0,7.4,.534,.569,2.8,3.8,.757,0.7,5.6,6.3,1.9,1.0,0.9,1.9,3.4,16.2,,naderab01
389,Harry Giles,22,POR,C,38,0,348,4.3,10.0,.433,0.8,2.4,.348,3.5,7.7,.459,.474,1.7,2.8,.593,3.2,10.6,13.8,3.0,0.8,1.3,2.1,5.6,11.2,,gilesha01
390,Luke Kornet,25,2TM,C,31,2,348,4.6,10.4,.436,1.6,6.1,.254,3.0,4.3,.690,.510,0.3,0.6,.500,1.4,5.5,6.9,2.5,0.4,3.3,0.7,2.1,11.0,,kornelu01
390,Luke Kornet,25,CHI,C,13,0,94,3.4,10.3,.333,2.3,8.8,.261,1.1,1.5,.750,.444,0.8,1.5,.500,0.4,5.4,5.7,1.5,0.8,2.7,0.4,0.4,10.0,,kornelu01
390,Luke Kornet,25,BOS,C,18,2,254,5.0,10.5,.473,1.3,5.1,.250,3.7,5.4,.684,.534,0.1,0.3,.500,1.8,5.5,7.4,2.8,0.3,3.5,0.9,2.7,11.3,,kornelu01
391,Jahlil Okafor,25,DET,C,27,2,347,6.5,10.6,.618,0.2,0.9,.222,6.3,9.6,.656,.627,1.8,2.5,.708,2.4,4.5,6.8,1.3,0.6,0.5,2.2,4.0,15.0,,okafoja01
392,Chandler Hutchison,24,2TM,SF,25,1,346,4.1,10.7,.379,0.8,2.3,.364,3.2,8.4,.383,.417,2.2,2.6,.840,0.6,7.5,8.1,1.8,1.2,0.5,2.1,3.4,11.1,,hutchch01
392,Chandler Hutchison,24,CHI,SF,7,0,64,2.8,10.1,.278,0.6,1.7,.333,2.3,8.4,.267,.306,1.1,1.1,1.000,0.6,10.7,11.3,2.3,0.6,0.0,2.8,5.1,7.3,,hutchch01
392,Chandler Hutchison,24,WAS,SF,18,1,282,4.3,10.9,.400,0.9,2.4,.368,3.4,8.4,.409,.441,2.4,2.9,.826,0.6,6.8,7.4,1.7,1.4,0.6,1.9,3.1,12.0,,hutchch01
393,Josh Hall,20,OKC,SF,21,1,336,3.2,10.6,.303,0.4,4.0,.108,2.8,6.6,.419,.323,2.4,4.7,.500,0.6,5.7,6.3,3.0,0.4,0.1,2.7,4.0,9.2,,halljo01
394,Mason Jones,22,2TM,SG,32,1,334,5.6,13.3,.423,2.6,7.1,.364,3.0,6.1,.491,.520,4.3,6.9,.625,0.8,5.2,5.9,4.5,0.8,0.1,3.1,2.6,18.1,,jonesma05
394,Mason Jones,22,HOU,SG,26,1,307,5.5,13.4,.412,2.7,7.5,.359,2.8,5.9,.480,.513,4.1,6.7,.614,0.5,5.5,6.0,4.6,0.7,0.1,3.3,2.6,17.8,,jonesma05
394,Mason Jones,22,PHI,SG,6,0,27,6.7,12.0,.556,1.3,2.7,.500,5.3,9.3,.571,.611,6.7,9.3,.714,4.0,1.3,5.3,4.0,1.3,0.0,1.3,2.7,21.3,,jonesma05
395,Shaquille Harrison,27,2TM,SG,34,0,333,2.8,8.4,.333,0.3,1.7,.188,2.5,6.7,.371,.353,1.9,2.4,.818,0.8,4.4,5.2,2.7,1.8,0.5,1.2,3.6,7.9,,harrish01
395,Shaquille Harrison,27,UTA,SG,17,0,56,3.9,12.9,.300,0.0,1.3,.000,3.9,11.6,.333,.300,3.2,3.9,.833,1.9,3.9,5.8,5.8,1.3,0.0,3.2,1.9,10.9,,harrish01
395,Shaquille Harrison,27,DEN,SG,17,0,277,2.6,7.5,.345,0.4,1.8,.214,2.2,5.7,.386,.371,1.7,2.1,.813,0.5,4.5,5.1,2.1,1.9,0.6,0.8,3.9,7.3,,harrish01
396,Matt Thomas,26,2TM,SG,45,0,326,5.5,14.0,.394,3.0,8.8,.338,2.5,5.2,.489,.500,1.3,1.5,.857,0.8,4.1,4.9,2.1,0.4,0.0,1.5,2.0,15.3,,thomama02
396,Matt Thomas,26,TOR,SG,26,0,192,4.5,11.6,.387,3.2,7.7,.415,1.3,3.9,.333,.524,1.1,1.3,.857,0.6,3.4,3.9,1.7,0.4,0.0,1.1,1.9,13.3,,thomama02
396,Matt Thomas,26,UTA,SG,19,0,134,7.0,17.5,.400,2.7,10.5,.256,4.3,7.0,.615,.477,1.6,1.9,.857,1.1,5.1,6.2,2.7,0.5,0.0,2.1,2.1,18.3,,thomama02
397,Kelan Martin,25,IND,SF,35,0,322,6.9,15.4,.449,2.7,6.7,.400,4.2,8.7,.487,.536,1.0,1.1,.900,2.0,6.7,8.7,1.9,1.1,1.1,1.8,3.9,17.6,,martike03
398,Frank Ntilikina,22,NYK,PG,33,4,322,3.2,8.8,.367,2.6,5.4,.479,0.7,3.5,.194,.513,0.9,2.0,.444,0.7,2.8,3.5,2.1,2.0,0.4,1.2,5.0,10.0,,ntilila01
399,Jaylen Hoard,21,OKC,SF,19,0,320,5.0,9.9,.500,0.0,1.2,.000,5.0,8.7,.571,.500,3.2,4.6,.683,2.4,5.0,7.3,2.7,1.5,0.6,1.9,2.1,13.1,,hoardja01
400,JaKarr Sampson,27,IND,PF,29,4,316,6.4,12.9,.496,0.3,1.7,.200,6.0,11.2,.541,.509,2.2,3.3,.655,3.1,5.7,8.8,0.5,0.2,1.6,1.7,5.9,15.3,,sampsja02
401,Justin James,24,SAC,SF,36,0,310,6.0,12.9,.468,1.6,4.4,.368,4.4,8.5,.521,.532,2.4,4.2,.583,1.0,2.4,3.5,2.6,0.9,0.3,1.7,2.7,16.1,,jamesju01
402,Luka Šamanić,21,SAS,PF,33,4,308,5.5,12.3,.448,1.4,5.0,.279,4.1,7.2,.565,.505,1.9,3.4,.552,1.9,6.1,7.9,1.8,0.9,0.9,2.3,5.0,14.3,,samanlu01
403,Jerome Robinson,23,WAS,SG,17,6,305,3.3,11.2,.295,1.3,5.0,.262,2.0,6.3,.321,.353,1.9,2.4,.800,0.5,4.0,4.5,3.0,1.4,0.7,2.2,3.7,9.8,,robinje01
404,Trent Forrest,22,UTA,PG,30,0,302,3.8,8.5,.451,0.6,3.1,.192,3.2,5.4,.600,.486,2.3,2.3,1.000,1.3,3.9,5.2,5.4,1.1,0.5,2.5,2.6,10.5,,forretr01
405,Ed Davis,31,MIN,C,23,7,299,2.3,5.3,.432,0.0,0.0,,2.3,5.3,.432,.432,1.2,1.4,.833,5.5,8.3,13.8,2.5,1.6,1.6,0.8,6.7,5.8,,davised01
406,Paul Watson,26,TOR,SF,27,2,297,4.6,9.9,.463,3.6,7.8,.469,1.0,2.2,.444,.646,0.6,1.0,.625,0.5,5.0,5.5,2.1,0.7,0.4,1.1,4.4,13.5,,watsopa01
407,Romeo Langford,21,BOS,SG,18,4,283,2.7,7.5,.356,0.6,2.3,.278,2.0,5.2,.390,.398,1.1,1.5,.750,1.5,2.9,4.5,1.7,0.8,0.6,1.3,3.1,7.1,,langfro01
408,Vlatko Čančar,23,DEN,PF,41,1,281,4.2,9.2,.458,1.2,4.2,.273,3.1,5.0,.615,.521,1.3,1.7,.769,1.4,5.0,6.4,1.8,1.4,0.3,1.8,2.3,10.9,,cancavl01
409,Mfiondu Kabengele,23,2TM,PF,39,0,280,4.2,11.4,.371,1.7,6.4,.260,2.6,5.0,.513,.444,2.1,2.6,.800,1.5,6.2,7.7,2.2,1.0,1.7,1.9,4.6,12.2,,kabenmf01
409,Mfiondu Kabengele,23,LAC,PF,23,0,94,3.4,12.3,.281,1.5,6.9,.222,1.9,5.4,.357,.344,1.9,2.3,.833,0.4,5.0,5.4,1.9,0.8,1.1,2.3,6.9,10.3,,kabenmf01
409,Mfiondu Kabengele,23,CLE,PF,16,0,186,4.6,11.0,.421,1.7,6.2,.281,2.9,4.8,.600,.500,2.1,2.7,.786,2.1,6.8,8.9,2.3,1.2,1.9,1.7,3.5,13.2,,kabenmf01
410,Nathan Knight,23,ATL,PF,33,0,279,4.8,12.9,.370,0.8,4.3,.182,4.0,8.6,.463,.400,5.7,7.1,.800,3.5,5.8,9.3,1.0,1.2,1.3,1.9,2.8,16.0,,knighna01
411,Carsen Edwards,22,BOS,SG,31,1,276,6.1,14.5,.423,2.3,8.2,.286,3.8,6.3,.604,.505,1.4,1.7,.846,0.4,3.0,3.4,1.8,0.9,0.1,0.9,3.3,16.0,,edwarca01
412,Jordan Nwora,22,MIL,SF,30,2,274,8.1,17.7,.459,3.7,8.1,.452,4.5,9.6,.466,.563,2.5,3.3,.760,1.2,6.7,7.9,0.9,2.1,0.9,3.2,2.9,22.5,,nworajo01
413,Boban Marjanović,32,DAL,C,33,3,271,8.2,16.2,.508,0.1,1.1,.125,8.1,15.1,.535,.512,4.1,5.0,.816,6.2,10.8,17.0,1.3,0.3,0.8,1.6,3.9,20.7,,marjabo01
414,Thomas Bryant,23,WAS,C,10,10,271,7.8,12.1,.648,1.2,2.8,.429,6.6,9.3,.714,.698,2.1,3.2,.667,2.4,5.7,8.1,2.0,0.5,1.1,1.5,4.1,19.0,,bryanth01
415,Tre Jones,21,SAS,PG,37,1,269,5.0,10.4,.474,0.4,0.7,.600,4.6,9.8,.466,.494,2.3,2.5,.895,1.1,1.7,2.8,5.2,1.1,0.0,1.7,1.7,12.6,,jonestr01
416,Skylar Mays,23,ATL,SG,33,0,269,5.9,13.1,.449,1.9,5.4,.350,4.0,7.8,.517,.520,2.9,3.3,.880,1.3,3.3,4.7,4.0,1.9,0.3,1.2,2.0,16.6,,mayssk01
417,Alfonzo McKinnie,28,LAL,SF,39,0,258,6.7,13.0,.516,2.2,5.4,.410,4.5,7.5,.593,.602,1.4,2.5,.556,3.1,4.5,7.5,0.8,1.0,0.0,0.7,3.6,17.0,,mckinal01
418,Jaren Jackson Jr.,21,MEM,C,11,4,258,7.4,17.4,.424,2.4,8.4,.283,5.0,9.1,.554,.492,4.9,5.9,.833,2.4,6.3,8.7,1.7,1.7,2.5,2.1,5.9,22.0,,jacksja02
419,Ignas Brazdeikis,22,3TM,SF,13,0,249,5.1,12.0,.422,1.6,4.0,.393,3.5,8.0,.436,.488,1.4,2.0,.714,1.6,4.9,6.5,2.5,0.6,0.4,1.7,3.2,13.2,,brazdig01
419,Ignas Brazdeikis,22,NYK,SF,4,0,7,0.0,5.1,.000,0.0,0.0,,0.0,5.1,.000,.000,10.3,10.3,1.000,5.1,5.1,10.3,5.1,0.0,0.0,5.1,0.0,10.3,,brazdig01
419,Ignas Brazdeikis,22,PHI,SF,1,0,8,0.0,13.5,.000,0.0,4.5,.000,0.0,9.0,.000,.000,0.0,0.0,,0.0,9.0,9.0,0.0,0.0,0.0,0.0,0.0,0.0,,brazdig01
419,Ignas Brazdeikis,22,ORL,SF,8,0,234,5.4,12.2,.443,1.7,4.2,.407,3.7,8.0,.462,.513,1.2,1.8,.667,1.5,4.8,6.3,2.5,0.6,0.5,1.7,3.4,13.7,,brazdig01
420,Justin Patton,23,HOU,C,13,6,247,4.2,10.2,.414,1.3,5.0,.265,2.9,5.2,.556,.479,0.4,0.6,.750,2.0,5.1,7.1,2.0,1.7,2.0,0.6,5.0,10.2,,pattoju01
421,Keita Bates-Diop,25,SAS,SF,30,0,245,4.4,9.8,.448,0.7,2.5,.294,3.7,7.3,.500,.485,2.1,3.1,.667,1.3,5.9,7.2,1.8,1.6,0.7,1.0,1.6,11.6,,bateske01
422,Wenyen Gabriel,23,NOP,PF,21,0,241,3.6,9.0,.400,1.9,4.8,.406,1.6,4.2,.393,.508,1.6,2.5,.647,3.0,5.1,8.1,1.6,1.3,1.2,2.2,4.8,10.8,,gabriwe01
423,Tremont Waters,23,BOS,PG,26,3,238,5.1,12.7,.405,2.3,5.7,.395,2.9,7.0,.413,.494,2.4,2.6,.941,0.8,2.4,3.2,9.4,2.3,0.2,4.1,2.6,15.0,,watertr01
424,Mike James,30,BRK,PG,13,1,236,5.2,14.0,.370,1.7,4.7,.355,3.5,9.3,.377,.429,3.2,4.1,.778,0.5,4.4,4.9,8.2,0.9,0.2,3.1,1.5,15.3,,jamesmi02
425,Kyle Guy,23,SAC,PG,31,0,235,4.4,13.5,.330,2.0,7.0,.283,2.5,6.4,.381,.403,2.5,3.1,.800,0.8,4.6,5.4,4.9,0.9,0.0,1.7,3.1,13.3,,guyky01
426,Sam Merrill,24,MIL,SG,30,2,233,4.9,11.1,.444,3.2,7.3,.447,1.7,3.9,.440,.590,0.6,0.6,1.000,0.9,3.7,4.6,3.2,1.2,0.2,1.5,2.6,13.8,,merrisa01
427,Chris Chiozza,25,BRK,PG,22,1,232,4.8,13.7,.352,2.0,6.5,.310,2.8,7.1,.391,.426,2.0,2.6,.765,0.5,3.3,3.7,10.1,1.1,0.9,2.5,2.9,13.7,,chiozch01
428,Bruno Fernando,22,ATL,C,33,0,226,2.9,7.0,.409,0.0,0.3,.000,2.9,6.7,.429,.409,2.4,3.5,.682,2.5,9.9,12.4,1.6,0.6,0.5,3.3,3.7,8.1,,fernabr01
429,Matthew Dellavedova,30,CLE,PG,13,1,224,2.3,9.0,.250,0.6,4.0,.160,1.6,5.0,.323,.286,0.6,0.6,1.000,1.0,2.9,3.9,9.3,0.6,0.2,1.0,3.4,5.8,,dellama01
430,Anthony Gill,28,WAS,PF,26,4,218,5.0,9.9,.500,1.2,4.0,.292,3.8,5.9,.639,.558,2.1,2.6,.813,2.6,5.8,8.4,1.8,1.7,0.7,1.3,4.5,13.2,,gillan01
431,Sindarius Thornwell,26,2TM,SG,21,1,217,2.5,7.6,.326,1.2,3.8,.304,1.3,3.8,.348,.402,0.7,1.3,.500,0.5,2.5,3.0,3.5,2.2,0.3,1.2,2.5,6.8,,thornsi01
431,Sindarius Thornwell,26,NOP,SG,14,1,73,3.5,10.4,.333,1.5,4.4,.333,2.0,5.9,.333,.405,0.0,1.0,.000,0.5,2.0,2.5,2.0,2.5,0.5,2.0,1.5,8.4,,thornsi01
431,Sindarius Thornwell,26,ORL,SG,7,0,144,2.0,6.2,.320,1.0,3.5,.286,1.0,2.8,.364,.400,1.0,1.5,.667,0.5,2.8,3.2,4.2,2.0,0.2,0.7,3.0,6.0,,thornsi01
432,Markelle Fultz,22,ORL,PG,8,8,215,6.9,17.4,.394,0.7,2.7,.250,6.2,14.7,.420,.413,2.8,3.2,.895,0.8,3.3,4.2,7.2,1.3,0.3,3.0,3.0,17.2,,fultzma01
433,Gabriel Deck,25,OKC,PF,10,0,212,5.4,11.4,.478,0.3,2.5,.133,5.1,8.8,.577,.493,3.1,3.7,.818,2.7,4.1,6.8,4.1,1.4,0.0,1.0,1.5,14.3,,deckga01
434,Reggie Perry,20,BRK,PF,26,0,211,5.5,13.3,.410,0.7,3.6,.190,4.8,9.7,.491,.436,1.7,2.2,.769,4.6,7.8,12.5,2.4,1.0,1.0,2.6,6.8,13.3,,perryre01
435,Dewayne Dedmon,31,MIA,C,16,0,210,7.9,11.1,.708,0.2,0.9,.200,7.7,10.3,.750,.715,3.4,4.6,.741,4.8,9.9,14.7,2.1,1.5,1.0,2.2,6.2,19.4,,dedmode01
436,Markus Howard,21,DEN,SG,37,1,205,7.0,18.6,.377,3.2,11.4,.277,3.9,7.2,.537,.462,1.2,1.6,.778,0.2,3.5,3.7,3.2,0.7,0.2,3.2,4.0,18.4,,howarma02
437,Darius Miller,30,OKC,SF,18,0,197,4.0,8.8,.458,3.1,7.7,.405,0.9,1.1,.833,.635,2.2,2.2,1.000,0.4,4.0,4.4,3.8,2.4,0.9,1.5,2.4,13.3,,milleda01
438,Jordan Bone,23,ORL,PG,14,0,196,4.2,9.9,.426,1.8,5.9,.313,2.4,4.0,.591,.519,0.0,0.0,,0.7,3.7,4.4,3.3,0.4,0.0,0.6,2.0,10.3,,bonejo01
439,Rodney McGruder,29,DET,SG,16,2,194,6.9,13.0,.529,2.0,4.5,.458,4.8,8.5,.565,.607,1.1,1.5,.750,1.5,2.6,4.1,3.0,1.5,0.2,1.3,2.2,16.9,,mcgruro01
440,CJ Elleby,20,POR,SF,30,0,192,4.7,12.4,.379,1.3,6.4,.206,3.4,6.0,.563,.432,2.1,2.8,.733,2.1,3.9,6.0,1.9,1.1,0.6,0.9,5.1,12.7,,ellebcj01
441,Alize Johnson,24,BRK,PF,18,0,189,7.6,13.0,.588,0.2,1.1,.167,7.4,11.8,.629,.596,2.5,2.5,1.000,5.1,12.0,17.1,2.7,1.0,1.0,1.7,3.0,17.9,,johnsal02
442,Killian Tillie,22,MEM,C,18,1,182,3.8,11.3,.333,2.0,6.5,.303,1.8,4.7,.375,.421,1.8,2.2,.818,1.2,3.6,4.7,1.6,1.0,1.6,0.4,4.0,11.3,,tilliki02
443,Donta Hall,23,ORL,PF,13,0,179,5.0,7.0,.714,0.0,0.0,,5.0,7.0,.714,.714,4.6,6.8,.676,4.8,7.6,12.5,2.2,1.0,2.0,1.6,3.6,14.7,,halldo01
444,Paul Reed,21,PHI,PF,26,0,177,8.5,15.9,.538,0.0,1.2,.000,8.5,14.6,.583,.538,0.8,1.6,.500,6.1,6.3,12.4,2.4,2.0,2.6,2.4,5.9,17.9,,reedpa01
445,Jalen Harris,22,TOR,SG,13,2,172,7.5,15.1,.500,3.6,7.5,.472,4.0,7.5,.528,.618,1.5,1.9,.778,0.6,3.1,3.8,3.6,1.7,0.0,2.9,3.1,20.1,,harrija01
446,Jabari Parker,25,2TM,PF,13,0,165,6.5,12.0,.545,0.4,2.4,.182,6.1,9.6,.636,.564,2.2,2.8,.769,2.2,7.0,9.2,2.4,0.2,1.1,2.2,2.8,15.7,,parkeja01
446,Jabari Parker,25,SAC,PF,3,0,27,5.3,9.3,.571,0.0,1.3,.000,5.3,8.0,.667,.571,0.0,0.0,,1.3,6.7,8.0,1.3,0.0,1.3,4.0,5.3,10.7,,parkeja01
446,Jabari Parker,25,BOS,PF,10,0,138,6.8,12.5,.542,0.5,2.6,.200,6.3,9.9,.632,.563,2.6,3.4,.769,2.3,7.0,9.4,2.6,0.3,1.0,1.8,2.3,16.7,,parkeja01
447,Daniel Oturu,21,LAC,C,30,0,161,4.9,11.6,.423,0.2,1.1,.200,4.7,10.5,.447,.433,2.0,2.7,.750,4.7,6.0,10.7,2.2,0.9,1.6,2.0,5.4,12.1,,oturuda01
448,Bol Bol,21,DEN,PF,32,2,160,5.6,13.1,.431,2.0,5.4,.375,3.6,7.7,.471,.509,2.3,3.4,.667,0.0,5.4,5.4,1.6,0.7,2.3,2.9,3.2,15.5,,bolbo01
449,Sean McDermott,24,MEM,SF,18,0,158,3.0,7.5,.394,1.1,5.0,.227,1.8,2.5,.727,.470,1.8,1.8,1.000,1.4,3.0,4.3,0.9,0.5,0.7,0.9,1.8,8.9,,mcderse01
450,Quinn Cook,27,2TM,PG,23,0,157,6.6,15.6,.426,2.5,6.0,.423,4.1,9.6,.429,.507,1.6,1.8,.875,0.5,3.4,3.9,4.1,0.9,0.2,1.6,2.3,17.4,,cookqu01
450,Quinn Cook,27,LAL,PG,16,0,62,7.0,15.1,.462,2.9,7.5,.385,4.1,7.5,.538,.558,2.3,2.9,.800,0.0,2.9,2.9,2.9,0.6,0.6,1.7,1.2,19.2,,cookqu01
450,Quinn Cook,27,CLE,PG,7,0,95,6.4,15.9,.405,2.3,4.9,.462,4.2,11.0,.379,.476,1.1,1.1,1.000,0.8,3.8,4.5,4.9,1.1,0.0,1.5,3.0,16.3,,cookqu01
451,Jalen Smith,20,PHO,PF,27,1,156,5.1,11.5,.440,0.9,3.9,.235,4.2,7.6,.545,.480,1.2,1.6,.714,1.6,6.9,8.5,0.9,0.2,1.2,1.6,3.7,12.2,,smithja04
452,Khyri Thomas,24,HOU,SG,5,2,153,7.5,15.5,.485,2.1,6.4,.333,5.4,9.2,.590,.553,2.1,2.1,1.000,1.6,2.6,4.2,5.9,2.1,1.4,1.4,1.9,19.3,,thomakh01
453,Charlie Brown Jr.,23,OKC,SG,9,1,152,3.1,10.2,.302,1.2,5.0,.238,1.9,5.2,.364,.360,2.1,2.4,.900,0.7,3.3,4.0,2.1,0.9,0.5,1.4,4.5,9.5,,brownch02
454,Ersan İlyasova,33,UTA,PF,17,1,148,5.1,13.1,.389,4.4,10.0,.439,0.7,3.2,.231,.556,1.2,1.2,1.000,1.7,5.4,7.1,1.0,2.4,0.7,1.9,7.1,15.8,,ilyaser01
455,Juwan Morgan,23,UTA,PF,29,0,147,3.4,7.3,.467,1.0,3.2,.308,2.4,4.2,.588,.533,0.7,1.7,.429,2.2,4.7,6.9,2.2,1.0,0.2,1.0,5.1,8.6,,morgaju01
456,Mamadi Diakite,24,MIL,PF,14,1,141,4.1,10.2,.400,0.3,2.0,.125,3.8,8.2,.469,.413,2.8,3.6,.786,2.0,6.6,8.7,2.0,1.8,1.5,0.8,4.1,11.2,,diakima01
457,Jarrell Brantley,24,UTA,PF,28,0,138,6.5,13.6,.481,3.1,7.3,.429,3.4,6.3,.542,.596,0.5,0.5,1.000,2.3,4.7,7.0,3.9,1.8,0.5,2.1,4.4,16.7,,brantja01
458,Tacko Fall,25,BOS,C,19,0,136,5.6,7.7,.724,0.0,0.0,,5.6,7.7,.724,.724,1.3,4.0,.333,4.2,9.5,13.8,0.8,0.3,5.3,1.6,5.8,12.4,,fallta01
459,Yogi Ferrell,27,2TM,PG,10,0,136,5.3,15.1,.351,2.4,7.4,.321,2.9,7.7,.379,.430,1.9,2.4,.778,1.3,3.7,5.0,5.8,1.9,0.8,0.8,2.9,14.8,,ferreyo01
459,Yogi Ferrell,27,CLE,PG,2,0,40,7.2,18.9,.381,2.7,8.1,.333,4.5,10.8,.417,.452,0.0,1.8,.000,2.7,3.6,6.3,4.5,2.7,0.9,2.7,3.6,17.1,,ferreyo01
459,Yogi Ferrell,27,LAC,PG,8,0,96,4.5,13.5,.333,2.3,7.1,.316,2.3,6.4,.353,.417,2.6,2.6,1.000,0.7,3.8,4.5,6.4,1.5,0.7,0.0,2.6,13.9,,ferreyo01
460,Deividas Sirvydis,20,DET,SG,20,0,133,3.8,10.8,.350,2.7,7.6,.357,1.1,3.2,.333,.475,0.8,1.6,.500,0.0,7.8,7.8,1.4,0.5,0.0,1.4,2.4,11.1,,sirvyde01
461,Rodions Kurucs,22,3TM,PF,21,0,125,3.2,9.2,.344,1.7,6.0,.286,1.4,3.2,.455,.438,0.9,1.2,.750,1.4,5.2,6.6,2.9,2.6,1.2,3.7,4.6,8.9,,kurucro01
461,Rodions Kurucs,22,BRK,PF,5,0,16,2.3,6.8,.333,2.3,4.5,.500,0.0,2.3,.000,.500,0.0,0.0,,0.0,6.8,6.8,4.5,0.0,0.0,0.0,2.3,6.8,,kurucro01
461,Rodions Kurucs,22,HOU,SF,11,0,75,2.4,10.1,.238,1.0,7.2,.133,1.4,2.9,.500,.286,0.5,1.0,.500,1.0,4.3,5.3,1.9,2.9,1.9,4.3,3.4,6.2,,kurucro01
461,Rodions Kurucs,22,MIL,SF,5,0,34,5.3,8.5,.625,3.2,4.2,.750,2.1,4.2,.500,.813,2.1,2.1,1.000,3.2,6.4,9.5,4.2,3.2,0.0,4.2,8.5,15.9,,kurucro01
462,Dakota Mathias,25,PHI,SG,8,2,123,5.6,14.0,.396,2.3,7.6,.308,3.2,6.4,.500,.479,0.6,1.8,.333,0.3,1.8,2.0,3.8,0.3,0.9,0.3,2.0,14.0,,mathida01
463,Quinndary Weatherspoon,24,SAS,SG,20,0,121,4.8,10.4,.457,0.3,1.8,.167,4.5,8.6,.517,.471,3.9,4.8,.813,0.9,2.4,3.3,2.4,2.4,0.6,3.0,5.4,13.7,,weathqu01
464,T.J. Warren,27,IND,SF,4,4,117,8.3,15.7,.529,0.0,2.2,.000,8.3,13.5,.614,.529,2.5,3.1,.800,0.6,3.7,4.3,1.5,0.6,0.0,1.2,4.9,19.1,,warretj01
465,Dante Exum,25,CLE,SG,6,3,116,3.1,8.1,.385,0.6,3.4,.182,2.5,4.7,.533,.423,0.3,0.6,.500,0.6,4.7,5.3,4.0,1.2,0.6,2.2,2.8,7.1,,exumda01
466,Vernon Carey Jr.,19,CHO,C,19,4,115,5.6,11.3,.500,0.3,2.2,.143,5.3,9.1,.586,.514,2.8,3.4,.818,1.9,6.6,8.5,0.6,0.3,1.6,1.6,4.1,14.4,,careyve01
467,Rondae Hollis-Jefferson,26,POR,PF,11,1,107,3.0,6.1,.500,0.0,0.3,.000,3.0,5.7,.529,.500,3.0,5.4,.563,3.7,5.0,8.7,4.4,0.7,1.3,0.7,5.0,9.1,,holliro01
468,Robert Franks,24,ORL,PF,7,0,101,4.6,10.0,.464,1.8,5.3,.333,2.9,4.6,.615,.554,4.3,4.6,.923,2.1,2.9,5.0,1.8,1.1,1.1,0.7,2.9,15.3,,frankro01
469,Anthony Tolliver,35,PHI,PF,11,0,99,1.5,6.2,.235,1.5,5.1,.286,0.0,1.1,.000,.353,1.8,2.2,.833,1.1,2.5,3.6,0.7,1.1,0.7,1.1,2.5,6.2,,tollian01
470,Cassius Winston,22,WAS,PG,22,0,98,5.1,12.1,.424,2.9,6.2,.471,2.2,5.9,.375,.545,1.8,2.2,.833,0.0,3.3,3.3,4.4,0.7,0.4,1.8,2.9,15.1,,winstca01
471,Devontae Cacok,24,LAL,PF,20,1,98,6.2,10.7,.586,0.0,0.0,,6.2,10.7,.586,.586,1.8,4.0,.455,4.4,7.3,11.8,0.4,1.8,1.5,1.8,2.9,14.3,,cacokde01
472,Jahmi'us Ramsey,19,SAC,SG,13,0,94,5.7,14.6,.395,1.9,7.3,.263,3.8,7.3,.526,.461,1.9,1.9,1.000,0.8,3.1,3.8,2.3,1.5,0.4,1.1,3.1,15.3,,ramseja01
473,Cassius Stanley,21,IND,SG,24,0,93,5.0,16.6,.302,1.2,5.0,.231,3.9,11.6,.333,.337,2.7,3.5,.778,3.1,4.6,7.7,0.4,0.4,0.8,0.4,5.4,13.9,,stanlca01
474,Nate Hinton,21,DAL,SG,21,0,93,5.8,16.3,.357,1.5,7.4,.211,4.3,8.9,.478,.405,2.7,3.9,.700,0.4,3.1,3.5,3.1,2.7,0.8,1.9,3.1,15.9,,hintona01
475,Chris Silva,24,2TM,PF,15,0,92,3.9,6.3,.625,0.4,0.4,1.000,3.5,5.9,.600,.656,4.3,5.9,.733,2.7,7.8,10.6,2.3,0.4,2.3,3.9,9.4,12.5,,silvach01
475,Chris Silva,24,MIA,PF,11,0,83,3.9,5.6,.692,0.4,0.4,1.000,3.5,5.2,.667,.731,4.8,6.5,.733,3.0,7.8,10.8,2.6,0.4,2.2,3.9,8.7,13.0,,silvach01
475,Chris Silva,24,SAC,PF,4,0,9,4.0,12.0,.333,0.0,0.0,,4.0,12.0,.333,.333,0.0,0.0,,0.0,8.0,8.0,0.0,0.0,4.0,4.0,16.0,8.0,,silvach01
476,Karim Mané,20,ORL,PG,10,0,88,1.2,5.3,.231,0.4,0.8,.500,0.8,4.5,.182,.269,1.6,2.0,.800,0.4,5.3,5.7,1.6,0.0,0.8,1.2,4.1,4.5,,maneka01
477,Justin Robinson,23,OKC,PG,9,0,88,2.9,8.6,.333,1.6,5.7,.286,1.2,2.9,.429,.429,1.2,2.0,.600,0.4,2.5,2.9,3.7,1.2,0.0,0.8,4.1,8.6,,robinju01
478,Cameron Oliver,24,HOU,SF,4,0,87,7.9,13.7,.576,1.7,5.4,.308,6.2,8.3,.750,.636,0.4,1.7,.250,2.1,6.6,8.7,2.1,0.8,1.7,1.2,4.6,17.8,,oliveca01
479,Louis King,21,SAC,SF,6,1,85,7.2,14.4,.500,1.7,4.7,.364,5.5,9.7,.565,.559,2.5,2.5,1.000,2.1,5.5,7.6,3.8,3.0,1.3,1.7,3.8,18.6,,kinglo02
480,Cristiano Felício,28,CHI,C,18,0,84,3.0,5.6,.538,0.0,0.9,.000,3.0,4.7,.636,.538,3.9,6.9,.563,4.3,6.9,11.1,3.9,1.7,0.0,1.7,4.3,9.9,,feliccr01
481,Alen Smailagić,20,GSW,PF,15,1,84,4.7,11.6,.407,1.7,4.3,.400,3.0,7.3,.412,.481,0.9,2.6,.333,2.6,4.3,6.9,1.7,1.3,2.1,2.1,4.7,12.0,,smailal01
482,Jay Scrubb,20,LAC,SG,4,1,84,6.0,15.4,.389,0.9,3.9,.222,5.1,11.6,.444,.417,2.1,2.1,1.000,0.9,5.1,6.0,0.4,1.7,0.0,3.0,2.1,15.0,,scrubja01
483,Norvel Pelle,27,3TM,C,13,0,84,3.4,6.4,.533,0.0,0.0,,3.4,6.4,.533,.533,1.7,2.6,.667,2.6,5.6,8.1,0.9,0.4,3.9,1.3,6.0,8.6,,pelleno01
483,Norvel Pelle,27,BRK,C,3,0,28,3.9,9.0,.429,0.0,0.0,,3.9,9.0,.429,.429,0.0,0.0,,3.9,5.1,9.0,0.0,0.0,3.9,3.9,11.6,7.7,,pelleno01
483,Norvel Pelle,27,SAC,C,1,0,4,0.0,9.0,.000,0.0,0.0,,0.0,9.0,.000,.000,27.0,36.0,.750,9.0,0.0,9.0,9.0,0.0,0.0,0.0,9.0,27.0,,pelleno01
483,Norvel Pelle,27,NYK,C,9,0,52,3.5,4.8,.714,0.0,0.0,,3.5,4.8,.714,.714,0.7,1.4,.500,1.4,6.2,7.6,0.7,0.7,4.2,0.0,2.8,7.6,,pelleno01
484,Jordan Bell,26,2TM,C,6,1,82,3.1,9.7,.318,0.0,0.9,.000,3.1,8.8,.350,.318,0.4,0.9,.500,3.1,7.5,10.5,3.1,1.3,2.2,1.8,3.1,6.6,,belljo01
484,Jordan Bell,26,WAS,C,5,1,67,3.8,10.7,.350,0.0,1.1,.000,3.8,9.7,.389,.350,0.0,0.0,,3.2,7.0,10.2,2.7,1.6,1.6,1.6,2.7,7.5,,belljo01
484,Jordan Bell,26,GSW,C,1,0,15,0.0,4.8,.000,0.0,0.0,,0.0,4.8,.000,.000,2.4,4.8,.500,2.4,9.6,12.0,4.8,0.0,4.8,2.4,4.8,2.4,,belljo01
485,Jared Dudley,35,LAL,PF,12,0,81,0.9,4.0,.222,0.9,2.7,.333,0.0,1.3,.000,.333,0.0,0.0,,1.8,7.6,9.3,2.2,0.4,0.4,0.9,3.1,2.7,,dudleja01
486,Frank Mason III,26,ORL,PG,4,1,79,4.1,10.9,.375,0.9,2.3,.400,3.2,8.7,.368,.417,2.3,3.2,.714,1.4,4.1,5.5,5.5,0.0,0.0,2.3,3.2,11.4,,masonfr01
487,Thon Maker,23,CLE,C,8,0,76,4.7,8.5,.556,0.0,0.9,.000,4.7,7.6,.625,.556,4.7,5.2,.909,3.8,4.7,8.5,1.9,0.9,1.9,1.4,3.3,14.2,,makerth01
488,Keljin Blevins,25,POR,SF,17,0,75,2.4,9.6,.250,1.0,3.8,.250,1.4,5.8,.250,.300,0.0,0.0,,1.4,3.4,4.8,1.9,1.0,0.0,2.4,3.8,5.8,,blevike01
489,Jeremiah Martin,24,CLE,PG,9,0,75,4.3,15.8,.273,1.4,5.8,.250,2.9,10.1,.286,.318,0.5,2.4,.200,1.0,2.4,3.4,1.9,2.4,1.0,2.9,0.5,10.6,,martije02
490,Devin Cannady,24,ORL,PG,8,0,74,5.4,13.6,.393,2.9,7.8,.375,2.4,5.8,.417,.500,2.9,3.4,.857,0.0,2.4,2.4,0.5,2.4,0.5,1.0,4.4,16.5,,cannade01
491,Tyler Bey,22,DAL,SF,18,0,71,3.5,11.2,.318,0.5,2.0,.250,3.0,9.1,.333,.341,1.5,2.5,.600,4.1,5.6,9.6,1.5,0.0,0.5,1.5,3.0,9.1,,beyty01
492,Rayjon Tucker,23,PHI,PG,14,0,68,4.8,9.5,.500,1.1,3.7,.286,3.7,5.8,.636,.556,7.4,10.1,.737,0.5,5.3,5.8,3.2,1.1,0.0,2.1,4.2,18.0,,tuckera01
493,Elijah Hughes,22,UTA,SF,18,0,64,5.6,16.9,.333,4.5,12.9,.348,1.1,3.9,.286,.467,1.7,2.3,.750,0.6,4.5,5.1,3.4,0.6,0.6,3.4,0.6,17.4,,hugheel01
494,Spencer Dinwiddie,27,BRK,SG,3,3,64,3.4,9.0,.375,1.1,3.9,.286,2.3,5.1,.444,.438,3.4,3.4,1.000,0.0,7.3,7.3,5.1,1.1,0.6,2.8,2.3,11.3,,dinwisp01
495,Nick Richards,23,CHO,PF,18,0,63,2.3,5.1,.444,0.0,0.6,.000,2.3,4.6,.500,.444,4.0,6.3,.636,2.3,4.0,6.3,1.1,0.0,0.0,1.7,4.0,8.6,,richani01
496,Andre Roberson,29,BRK,SG,5,0,63,1.1,8.0,.143,0.6,4.6,.125,0.6,3.4,.167,.179,0.6,1.1,.500,4.0,4.6,8.6,2.3,1.7,0.6,1.1,2.3,3.4,,roberan03
497,Tim Frazier,30,MEM,PG,5,0,62,1.7,11.6,.150,0.0,4.6,.000,1.7,7.0,.250,.150,1.2,3.5,.333,0.0,4.6,4.6,9.3,1.2,0.6,2.3,4.1,4.6,,fraziti01
498,Axel Toupane,28,MIL,SF,8,1,61,2.4,6.5,.364,0.6,1.2,.500,1.8,5.3,.333,.409,3.0,4.1,.714,0.0,3.5,3.5,2.4,1.2,1.8,0.0,3.5,8.3,,toupaax01
499,Udoka Azubuike,21,UTA,C,15,0,57,2.5,5.7,.444,0.0,0.0,,2.5,5.7,.444,.444,5.1,6.3,.800,2.5,5.7,8.2,0.0,0.6,2.5,1.9,5.7,10.1,,azubuud01
500,Kostas Antetokounmpo,23,LAL,PF,15,0,56,1.9,6.4,.300,0.0,0.0,,1.9,6.4,.300,.300,3.9,8.4,.462,2.6,9.6,12.2,0.6,1.3,2.6,7.1,5.1,7.7,,antetko01
501,Adam Mokoka,22,CHI,SG,14,0,56,4.5,12.2,.368,0.6,6.4,.100,3.9,5.8,.667,.395,0.0,0.6,.000,0.6,2.6,3.2,3.2,1.3,0.6,3.2,3.2,9.6,,mokokad01
502,Tyrell Terry,20,DAL,PG,11,0,56,3.2,10.3,.313,0.0,4.5,.000,3.2,5.8,.556,.313,0.6,1.9,.333,0.0,3.9,3.9,3.9,3.2,0.0,1.3,1.3,7.1,,terryty01
503,Didi Louzada,21,NOP,SF,3,0,56,1.9,8.4,.231,1.3,5.1,.250,0.6,3.2,.200,.308,0.0,0.0,,0.6,1.3,1.9,1.9,1.3,0.0,1.9,3.2,5.1,,louzama01
504,Jontay Porter,21,MEM,PF,11,0,54,5.3,10.0,.533,2.0,5.3,.375,3.3,4.7,.714,.633,2.0,3.3,.600,2.7,6.7,9.3,0.7,2.0,0.7,4.7,8.0,14.7,,portejo01
505,Devon Dotson,21,CHI,PG,11,0,50,7.9,15.1,.524,0.7,5.0,.143,7.2,10.1,.714,.548,0.0,0.0,,1.4,2.2,3.6,5.0,2.9,0.0,0.0,2.2,16.6,,dotsode01
506,Terrance Ferguson,22,PHI,SG,13,0,49,0.7,5.1,.143,0.0,3.7,.000,0.7,1.5,.500,.143,0.0,0.0,,0.0,0.7,0.7,1.5,0.7,0.0,2.9,5.1,1.5,,fergute01
507,James Nunnally,30,NOP,SF,9,0,48,3.7,9.7,.385,3.0,9.0,.333,0.7,0.7,1.000,.538,0.7,1.5,.500,1.5,5.3,6.8,2.3,0.0,0.0,1.5,0.7,11.3,,nunnaja01
508,Isaiah Thomas,31,NOP,PG,3,0,48,6.8,20.3,.333,2.3,9.0,.250,4.5,11.3,.400,.389,1.5,1.5,1.000,0.7,2.3,3.0,3.7,0.7,0.0,4.5,2.3,17.2,,thomais02
509,Ty-Shon Alexander,22,PHO,SG,15,0,47,2.3,9.2,.250,1.5,6.9,.222,0.8,2.3,.333,.333,0.8,1.5,.500,1.5,6.1,7.7,4.6,0.0,0.8,2.3,1.5,6.9,,alexaty01
510,Robert Woodard II,21,SAC,SF,13,0,45,6.4,16.0,.400,0.8,4.8,.167,5.6,11.2,.500,.425,2.4,6.4,.375,3.2,9.6,12.8,1.6,0.0,2.4,0.8,3.2,16.0,,woodaro01
511,Kris Dunn,26,ATL,PG,4,0,45,0.8,9.6,.083,0.0,1.6,.000,0.8,8.0,.100,.083,2.4,3.2,.750,0.0,4.8,4.8,1.6,1.6,1.6,2.4,8.0,4.0,,dunnkr01
512,Gary Payton II,28,GSW,PG,10,0,40,9.0,11.7,.769,1.8,3.6,.500,7.2,8.1,.889,.846,2.7,3.6,.750,1.8,8.1,9.9,0.9,5.4,0.9,0.9,7.2,22.5,,paytoga02
513,Cameron Reynolds,25,2TM,SF,5,0,40,5.4,16.2,.333,2.7,10.8,.250,2.7,5.4,.500,.417,0.0,0.0,,1.8,2.7,4.5,1.8,0.0,0.0,0.0,1.8,13.5,,reynoca01
513,Cameron Reynolds,25,SAS,SF,3,0,6,6.0,12.0,.500,0.0,0.0,,6.0,12.0,.500,.500,0.0,0.0,,0.0,0.0,0.0,0.0,0.0,0.0,0.0,0.0,12.0,,reynoca01
513,Cameron Reynolds,25,HOU,SF,2,0,34,5.3,16.9,.313,3.2,12.7,.250,2.1,4.2,.500,.406,0.0,0.0,,2.1,3.2,5.3,2.1,0.0,0.0,0.0,2.1,13.8,,reynoca01
514,Vincent Poirier,27,PHI,C,10,0,39,2.8,11.1,.250,0.0,0.9,.000,2.8,10.2,.273,.250,1.8,5.5,.333,5.5,7.4,12.9,1.8,0.0,2.8,3.7,7.4,7.4,,poirivi01
515,Henry Ellenson,24,TOR,PF,2,0,38,4.7,13.3,.357,1.9,8.5,.222,2.8,4.7,.600,.429,2.8,3.8,.750,2.8,8.5,11.4,4.7,0.0,0.0,0.0,6.6,14.2,,ellenhe01
516,Bruno Caboclo,25,HOU,PF,6,0,36,8.0,17.0,.471,0.0,5.0,.000,8.0,12.0,.667,.471,1.0,2.0,.500,3.0,11.0,14.0,1.0,0.0,2.0,4.0,6.0,17.0,,cabocbr01
517,Anderson Varejão,38,CLE,C,5,0,36,4.0,16.0,.250,0.0,1.0,.000,4.0,15.0,.267,.250,5.0,9.0,.556,7.0,13.0,20.0,3.0,0.0,2.0,1.0,3.0,13.0,,varejan01
518,T.J. Leaf,23,POR,PF,7,0,35,5.1,10.3,.500,0.0,0.0,,5.1,10.3,.500,.500,2.1,2.1,1.000,0.0,5.1,5.1,1.0,2.1,1.0,2.1,1.0,12.3,,leaftj01
519,Theo Pinson,25,NYK,SG,17,0,34,1.1,9.5,.111,0.0,8.5,.000,1.1,1.1,1.000,.111,0.0,0.0,,0.0,5.3,5.3,1.1,0.0,0.0,1.1,4.2,2.1,,pinsoth01
520,Patrick McCaw,25,TOR,SF,5,0,33,1.1,1.1,1.000,0.0,0.0,,1.1,1.1,1.000,1.000,3.3,3.3,1.000,1.1,2.2,3.3,4.4,2.2,0.0,0.0,6.5,5.5,,mccawpa01
521,Elijah Bryant,25,MIL,SG,1,0,32,6.8,14.6,.462,1.1,5.6,.200,5.6,9.0,.625,.500,3.4,3.4,1.000,2.3,4.5,6.8,3.4,0.0,1.1,4.5,4.5,18.0,,bryanel01
522,Marques Bolden,22,CLE,C,6,0,29,1.2,3.7,.333,0.0,0.0,,1.2,3.7,.333,.333,6.2,9.9,.625,3.7,3.7,7.4,0.0,2.5,2.5,2.5,0.0,8.7,,boldema01
523,Amida Brimah,26,IND,C,5,0,29,6.2,9.9,.625,0.0,0.0,,6.2,9.9,.625,.625,3.7,3.7,1.000,2.5,7.4,9.9,1.2,0.0,6.2,5.0,5.0,16.1,,brimaam01
524,Meyers Leonard,28,MIA,C,3,2,29,3.7,8.7,.429,3.7,8.7,.429,0.0,0.0,,.643,1.2,2.5,.500,0.0,8.7,8.7,2.5,0.0,0.0,2.5,6.2,12.4,,leoname01
525,Grant Riller,23,CHO,PG,7,0,27,10.7,16.0,.667,2.7,5.3,.500,8.0,10.7,.750,.750,0.0,0.0,,0.0,1.3,1.3,4.0,1.3,0.0,1.3,0.0,24.0,,rillegr01
526,Marquese Chriss,23,GSW,PF,2,0,27,6.7,18.7,.357,1.3,6.7,.200,5.3,12.0,.444,.393,2.7,5.3,.500,4.0,13.3,17.3,2.7,0.0,2.7,2.7,4.0,17.3,,chrisma01
527,Nate Darling,22,CHO,SG,7,0,26,2.8,9.7,.286,2.8,9.7,.286,0.0,0.0,,.429,4.2,4.2,1.000,1.4,0.0,1.4,1.4,0.0,1.4,1.4,1.4,12.5,,darlina01
528,Ray Spalding,23,HOU,C,2,0,19,3.8,7.6,.500,0.0,1.9,.000,3.8,5.7,.667,.500,0.0,3.8,.000,3.8,3.8,7.6,0.0,0.0,3.8,5.7,5.7,7.6,,spaldra01
529,Jaylen Adams,24,MIL,PG,7,0,18,2.0,16.0,.125,0.0,4.0,.000,2.0,12.0,.167,.125,0.0,0.0,,0.0,6.0,6.0,4.0,0.0,0.0,0.0,2.0,4.0,,adamsja01
530,Jared Harper,23,NYK,PG,8,0,16,0.0,9.0,.000,0.0,2.3,.000,0.0,6.8,.000,.000,6.8,9.0,.750,0.0,4.5,4.5,2.3,0.0,0.0,6.8,2.3,6.8,,harpeja01
531,Brian Bowen,22,IND,SF,6,0,15,2.4,9.6,.250,0.0,2.4,.000,2.4,7.2,.333,.250,2.4,2.4,1.000,0.0,7.2,7.2,0.0,0.0,0.0,0.0,2.4,7.2,,bowenbr02
532,Jalen Lecque,20,IND,PG,4,0,12,3.0,27.0,.111,0.0,3.0,.000,3.0,24.0,.125,.111,9.0,9.0,1.000,6.0,9.0,15.0,6.0,0.0,0.0,0.0,0.0,15.0,,lecquja01
533,Greg Whittington,27,DEN,PF,4,0,12,0.0,9.0,.000,0.0,6.0,.000,0.0,3.0,.000,.000,0.0,0.0,,0.0,0.0,0.0,0.0,0.0,0.0,0.0,0.0,0.0,,whittgr01
534,Noah Vonleh,25,BRK,C,4,0,11,0.0,9.8,.000,0.0,6.5,.000,0.0,3.3,.000,.000,0.0,0.0,,0.0,3.3,3.3,3.3,0.0,0.0,6.5,6.5,0.0,,vonleno01
535,Malik Fitts,23,LAC,PF,3,0,11,3.3,9.8,.333,3.3,6.5,.500,0.0,3.3,.000,.500,0.0,0.0,,0.0,9.8,9.8,0.0,0.0,0.0,0.0,9.8,9.8,,fittsma01
536,Iman Shumpert,30,BRK,SG,2,0,11,3.3,13.1,.250,0.0,9.8,.000,3.3,3.3,1.000,.250,0.0,0.0,,3.3,0.0,3.3,0.0,3.3,0.0,3.3,0.0,6.5,,shumpim01
537,Anžejs Pasečņiks,25,WAS,C,1,0,6,0.0,6.0,.000,0.0,6.0,.000,0.0,0.0,,.000,0.0,0.0,,6.0,0.0,6.0,6.0,0.0,0.0,30.0,12.0,0.0,,pasecan01
538,Ashton Hagans,21,MIN,PG,2,0,4,0.0,0.0,,0.0,0.0,,0.0,0.0,,,0.0,0.0,,0.0,0.0,0.0,0.0,0.0,0.0,9.0,0.0,0.0,,haganas01
539,Udonis Haslem,40,MIA,C,1,0,3,24.0,24.0,1.000,0.0,0.0,,24.0,24.0,1.000,1.000,0.0,0.0,,0.0,12.0,12.0,0.0,0.0,0.0,0.0,0.0,48.0,,hasleud01
540,Will Magnay,22,NOP,C,1,0,3,0.0,12.0,.000,0.0,12.0,.000,0.0,0.0,,.000,0.0,0.0,,0.0,0.0,0.0,0.0,0.0,0.0,12.0,12.0,0.0,,magnawi01