Rk,Player,Age,Team,Pos,G,GS,MP,FG,FGA,FG%,3P,3PA,3P%,2P,2PA,2P%,eFG%,FT,FTA,FT%,ORB,DRB,TRB,AST,STL,BLK,TOV,PF,PTS,Awards,Player-additional,PER,TS%,3PAr,FTr,ORB%,DRB%,TRB%,AST%,STL%,BLK%,TOV%,USG%,OWS,DWS,WS,WS/48,OBPM,DBPM,BPM,VORP,Dist.,0-3,3-10,10-16,16-3P,2P.1,0-3.1,3-10.1,10-16.1,16-3P.1,3P.1,2P.2,3P.2,%FGA,#,%3PA,Att.,Md.
1,Mikal Bridges,25,PHO,SF,82,82,2854,5.8,10.8,0.534,1.5,3.9,0.369,4.3,6.9,0.628,0.601,1.7,2.0,0.834,0.9,3.4,4.4,2.3,1.2,0.5,0.9,1.9,14.7,DPOY-2DEF1,bridgmi01,14.4,0.627,0.364,0.183,2.9,10.0,6.5,8.7,1.6,1.1,6.8,15.0,5.2,3.7,8.9,0.15,0.5,1.1,1.6,2.6,13.2,0.224,0.203,0.155,0.045,0.628,0.792,0.621,0.504,0.256,0.369,0.752,0.974,0.064,52,0.551,0,0
2,Miles Bridges,23,CHO,PF,80,80,2837,7.6,15.4,0.491,2.0,5.9,0.331,5.6,9.5,0.59,0.554,3.4,4.2,0.802,1.1,6.0,7.1,3.8,0.9,0.9,1.9,2.4,20.5,,bridgmi02,17.9,0.593,0.383,0.274,3.3,17.8,10.4,15.7,1.3,2.2,9.9,22.6,5.0,2.3,7.2,0.123,1.8,-0.3,1.5,2.5,12.4,0.357,0.212,0.02,0.029,0.59,0.723,0.412,0.458,0.343,0.331,0.597,0.825,0.107,118,0.275,6,0
3,DeMar DeRozan,32,CHI,PF,76,76,2743,10.2,20.1,0.504,0.7,1.9,0.352,9.5,18.3,0.52,0.521,6.8,7.8,0.877,0.7,4.4,5.1,4.9,0.9,0.3,2.4,2.3,27.8,MVP-10ASNBA2,derozde01,23.1,0.59,0.093,0.386,2.3,13.7,8.0,23.3,1.2,0.8,9.2,31.8,7.0,1.8,8.8,0.154,3.4,-0.9,2.5,3.1,13.0,0.164,0.158,0.297,0.288,0.52,0.671,0.494,0.511,0.457,0.352,0.217,0.9,0.026,33,0.387,4,0
4,Jayson Tatum,23,BOS,SF,76,76,2731,9.3,20.6,0.453,3.0,8.6,0.353,6.3,12.0,0.524,0.526,5.3,6.2,0.853,1.1,6.9,8.0,4.4,1.0,0.6,2.9,2.3,27.0,MVP-6ASNBA1,tatumja01,21.8,0.578,0.416,0.3,3.5,20.2,12.1,21.1,1.4,1.6,10.9,32.1,5.0,4.6,9.6,0.169,4.3,0.6,5.0,4.8,15.0,0.219,0.169,0.087,0.1,0.524,0.746,0.4,0.331,0.41,0.353,0.425,0.565,0.052,76,0.117,2,0
5,Saddiq Bey,22,DET,SF,82,82,2704,6.0,15.1,0.396,2.8,8.1,0.346,3.2,7.0,0.454,0.489,2.8,3.4,0.827,1.4,4.4,5.9,3.1,1.0,0.2,1.3,1.7,17.6,,beysa01,14.0,0.529,0.537,0.224,4.1,14.1,8.8,13.8,1.3,0.5,7.1,21.3,2.4,1.6,4.0,0.071,0.9,-1.2,-0.3,1.2,17.4,0.166,0.157,0.072,0.068,0.454,0.619,0.348,0.329,0.429,0.346,0.431,0.891,0.021,23,0.252,9,0
6,Tyrese Haliburton,21,2TM,PG,77,77,2695,5.7,12.1,0.473,2.2,5.2,0.414,3.6,6.9,0.517,0.562,2.1,2.5,0.842,0.8,3.3,4.2,8.4,1.8,0.7,2.7,1.6,15.8,,halibty01,18.2,0.595,0.428,0.209,2.5,10.3,6.3,34.1,2.4,1.6,16.7,19.0,5.2,1.8,7.0,0.125,2.7,-0.1,2.6,3.1,16.5,0.127,0.183,0.157,0.099,0.517,0.713,0.41,0.517,0.456,0.414,0.279,0.571,0.026,24,0.136,9,0
6,Tyrese Haliburton,21,SAC,SG,51,51,1757,5.5,12.0,0.457,2.1,5.2,0.413,3.4,6.8,0.491,0.546,1.8,2.1,0.837,0.8,3.3,4.1,7.8,1.8,0.7,2.4,1.5,14.9,,halibty01,17.0,0.575,0.43,0.177,2.4,10.0,6.2,31.4,2.4,1.7,15.4,18.3,2.7,1.2,4.0,0.109,2.2,0.4,2.6,2.0,16.4,0.113,0.183,0.162,0.102,0.491,0.742,0.355,0.453,0.5,0.413,0.238,0.567,0.019,11,0.143,3,0
6,Tyrese Haliburton,21,IND,PG,26,26,938,6.2,12.4,0.502,2.2,5.3,0.416,4.0,7.1,0.565,0.59,2.8,3.3,0.849,0.8,3.5,4.3,9.6,1.8,0.6,3.2,1.9,17.4,,halibty01,20.5,0.629,0.424,0.266,2.6,10.9,6.7,38.9,2.5,1.4,18.9,20.3,2.5,0.6,3.0,0.156,3.8,-1.0,2.8,1.1,16.6,0.152,0.183,0.149,0.093,0.565,0.673,0.508,0.646,0.367,0.416,0.343,0.579,0.04,13,0.124,6,0
7,Russell Westbrook,33,LAL,PG,78,78,2678,7.4,16.6,0.444,1.1,3.6,0.298,6.3,13.0,0.485,0.476,3.6,5.4,0.667,1.5,6.3,7.8,7.4,1.0,0.3,4.0,3.2,19.4,,westbru01,15.0,0.512,0.215,0.324,4.4,18.8,11.6,31.6,1.3,0.7,17.3,27.3,-0.6,2.3,1.7,0.03,-0.7,-0.9,-1.6,0.2,10.5,0.329,0.231,0.105,0.109,0.485,0.623,0.389,0.377,0.37,0.298,0.23,0.633,0.021,17,0.174,0,0
8,Trae Young,23,ATL,PG,76,76,2652,9.7,21.0,0.46,3.2,8.3,0.382,6.5,12.7,0.512,0.536,6.8,7.5,0.904,0.7,3.2,3.9,10.0,1.0,0.1,4.1,1.7,29.3,ASNBA3,youngtr01,25.4,0.603,0.395,0.358,2.1,9.6,5.9,46.7,1.3,0.2,14.5,34.4,9.0,1.0,10.0,0.181,7.1,-2.0,5.2,4.8,16.3,0.155,0.199,0.113,0.124,0.512,0.619,0.451,0.463,0.518,0.382,0.138,0.219,0.0,0,0.048,1,0
9,Tyrese Maxey,21,PHI,PG,75,74,2650,6.6,13.5,0.485,1.8,4.2,0.427,4.8,9.3,0.512,0.552,2.9,3.3,0.866,0.4,2.9,3.3,4.4,0.7,0.4,1.2,2.1,17.8,,maxeyty01,16.2,0.594,0.311,0.247,1.1,8.9,5.1,19.1,1.0,1.1,7.4,20.2,5.4,1.9,7.3,0.132,1.3,-0.7,0.6,1.8,12.9,0.258,0.237,0.121,0.073,0.512,0.654,0.466,0.317,0.479,0.427,0.45,0.712,0.017,14,0.181,2,0
10,Dorian Finney-Smith,28,DAL,PF,80,80,2644,4.4,9.4,0.471,2.3,5.9,0.395,2.1,3.5,0.599,0.595,0.8,1.1,0.675,1.7,3.4,5.1,2.0,1.2,0.5,1.1,2.5,12.0,,finnedo01,12.5,0.604,0.629,0.12,5.1,10.7,7.9,8.2,1.7,1.3,9.9,13.8,3.4,3.2,6.6,0.121,0.1,0.7,0.8,1.9,17.0,0.233,0.098,0.025,0.016,0.599,0.752,0.324,0.471,0.273,0.395,0.766,0.983,0.082,49,0.414,2,0
11,Scottie Barnes,20,TOR,PF,74,74,2617,6.3,12.8,0.492,0.8,2.7,0.301,5.5,10.2,0.543,0.524,2.2,3.0,0.735,2.7,5.0,7.7,3.5,1.1,0.8,1.9,2.6,15.6,ROY-1,barnesc01,16.3,0.552,0.207,0.231,7.7,15.8,11.5,14.7,1.5,2.1,11.7,19.0,3.7,2.9,6.6,0.122,0.5,0.4,0.9,1.9,10.7,0.26,0.315,0.114,0.086,0.543,0.711,0.503,0.396,0.388,0.301,0.421,0.845,0.074,61,0.28,4,1
12,Harrison Barnes,29,SAC,PF,77,77,2587,5.4,11.6,0.469,2.0,5.0,0.394,3.5,6.6,0.525,0.554,4.7,5.7,0.826,1.1,4.9,6.0,2.6,0.7,0.2,1.6,1.3,17.6,,barneha02,15.7,0.623,0.432,0.495,3.4,14.9,9.1,10.5,1.0,0.5,10.4,18.8,5.0,1.0,6.0,0.112,1.5,-1.3,0.2,1.4,13.3,0.23,0.278,0.04,0.006,0.525,0.677,0.405,0.455,0.4,0.394,0.546,0.937,0.034,25,0.303,0,0
13,Pascal Siakam,27,TOR,PF,68,68,2578,8.3,16.9,0.494,1.0,3.0,0.344,7.3,13.8,0.527,0.525,4.0,5.3,0.749,1.8,6.3,8.1,5.0,1.2,0.6,2.5,3.1,21.7,NBA3,siakapa01,20.3,0.565,0.181,0.314,5.1,20.1,12.2,23.0,1.6,1.6,11.6,25.8,4.9,3.2,8.1,0.151,2.7,0.8,3.5,3.6,11.2,0.216,0.34,0.132,0.132,0.527,0.716,0.498,0.447,0.371,0.344,0.292,0.947,0.026,31,0.183,1,0
14,Julius Randle,27,NYK,PF,72,72,2544,7.2,17.6,0.411,1.7,5.5,0.308,5.5,12.1,0.458,0.459,4.3,5.7,0.756,1.8,8.4,10.1,5.2,0.7,0.6,3.5,2.9,20.5,,randlju01,15.7,0.509,0.313,0.322,5.2,25.5,15.1,25.1,1.0,1.5,14.7,28.7,-0.3,3.4,3.1,0.059,0.4,0.2,0.5,1.6,13.8,0.254,0.152,0.137,0.144,0.458,0.627,0.368,0.374,0.335,0.308,0.362,0.8,0.04,43,0.115,0,0
15,Tobias Harris,29,PHI,PF,73,73,2543,7.0,14.5,0.482,1.4,3.9,0.367,5.5,10.6,0.525,0.532,2.4,2.9,0.842,1.1,5.9,7.0,3.6,0.7,0.6,1.6,2.3,17.8,,harrito02,15.9,0.566,0.269,0.198,3.4,18.1,10.9,15.9,0.9,1.5,9.5,21.7,3.0,2.6,5.6,0.105,0.6,-0.6,0.0,1.3,11.7,0.25,0.282,0.156,0.043,0.525,0.699,0.444,0.428,0.386,0.367,0.444,0.891,0.045,43,0.262,1,0
16,Jalen Brunson,25,DAL,SG,79,61,2524,7.2,14.4,0.502,1.3,3.6,0.373,5.9,10.8,0.545,0.549,2.6,3.0,0.84,0.6,3.8,4.4,5.4,0.9,0.0,1.8,2.2,18.3,,brunsja01,17.1,0.583,0.25,0.211,1.9,11.7,6.8,24.3,1.3,0.1,10.1,21.9,4.9,2.7,7.5,0.143,0.9,0.0,0.9,1.9,13.1,0.147,0.288,0.189,0.126,0.545,0.703,0.524,0.518,0.449,0.373,0.262,0.809,0.005,5,0.298,0,0
17,Buddy Hield,29,2TM,SG,81,32,2499,6.4,15.8,0.406,3.8,10.3,0.366,2.7,5.5,0.482,0.526,1.6,1.8,0.874,1.0,4.1,5.1,3.3,1.1,0.4,2.2,2.7,18.2,,hieldbu01,12.9,0.548,0.652,0.116,2.9,12.8,7.8,13.8,1.4,0.9,11.7,22.4,0.8,1.1,1.9,0.036,0.5,-1.7,-1.2,0.5,19.0,0.129,0.081,0.068,0.064,0.482,0.606,0.382,0.427,0.443,0.366,0.44,0.821,0.006,7,0.154,2,1
17,Buddy Hield,29,SAC,SG,55,6,1574,6.1,15.9,0.382,4.2,11.3,0.368,1.9,4.5,0.419,0.514,1.8,2.1,0.87,1.0,4.1,5.1,2.4,1.1,0.3,2.1,2.6,18.1,,hieldbu01,11.9,0.54,0.714,0.133,2.9,12.4,7.6,10.0,1.5,0.8,10.9,22.5,0.0,0.8,0.7,0.023,0.2,-1.5,-1.3,0.3,20.4,0.11,0.061,0.051,0.056,0.419,0.605,0.19,0.314,0.436,0.368,0.482,0.802,0.006,4,0.131,2,1
17,Buddy Hield,29,IND,SG,26,26,925,7.0,15.8,0.447,3.1,8.6,0.362,3.9,7.2,0.549,0.546,1.2,1.4,0.886,0.9,4.2,5.1,4.8,1.0,0.4,2.5,2.8,18.4,,hieldbu01,14.5,0.563,0.546,0.086,2.7,13.4,8.0,20.3,1.3,0.9,13.0,22.4,0.8,0.3,1.1,0.059,1.1,-2.2,-1.1,0.2,17.7,0.163,0.116,0.099,0.077,0.549,0.606,0.553,0.525,0.452,0.362,0.406,0.863,0.007,3,0.204,0,0
18,Nikola Jokić,26,DEN,C,74,74,2476,11.1,19.1,0.583,1.4,4.2,0.337,9.7,14.9,0.652,0.62,5.5,6.8,0.81,3.0,11.8,14.8,8.5,1.6,0.9,4.1,2.8,29.1,MVP-1ASNBA1,jokicni01,32.8,0.661,0.22,0.357,9.6,35.5,23.0,42.6,2.2,2.3,15.6,31.9,10.8,4.5,15.2,0.296,9.2,4.5,13.7,9.8,10.2,0.268,0.384,0.082,0.046,0.652,0.776,0.606,0.565,0.467,0.337,0.58,0.918,0.025,31,0.038,3,0
19,Karl-Anthony Towns,26,MIN,C,74,74,2476,9.3,17.7,0.529,2.2,5.3,0.41,7.2,12.3,0.58,0.591,5.6,6.8,0.822,2.8,7.7,10.6,3.9,1.0,1.2,3.3,3.9,26.4,ASNBA3,townska01,24.1,0.64,0.301,0.385,8.2,23.6,15.7,18.0,1.4,3.2,13.7,27.8,7.1,3.2,10.3,0.199,4.5,0.5,5.0,4.4,11.4,0.329,0.254,0.049,0.06,0.58,0.684,0.539,0.35,0.356,0.41,0.524,0.873,0.09,97,0.085,0,0
20,Anthony Edwards,20,MIN,SG,72,72,2466,8.0,18.2,0.441,3.1,8.8,0.357,4.9,9.4,0.519,0.527,3.2,4.1,0.786,0.9,4.1,5.0,4.0,1.5,0.7,2.8,2.4,22.4,,edwaran01,16.5,0.56,0.484,0.225,2.6,12.5,7.5,17.4,2.0,1.8,12.2,26.4,1.8,2.4,4.3,0.084,1.6,-0.4,1.2,2.0,14.9,0.277,0.124,0.052,0.051,0.519,0.658,0.368,0.308,0.359,0.357,0.356,0.549,0.055,57,0.085,2,0
21,Fred VanVleet,27,TOR,PG,65,65,2462,6.5,16.0,0.403,3.5,9.4,0.377,2.9,6.7,0.44,0.513,2.8,3.2,0.874,0.6,3.6,4.2,6.3,1.6,0.5,2.5,2.4,19.3,AS,vanvlfr01,17.3,0.552,0.585,0.202,1.8,11.4,6.4,26.7,2.3,1.4,12.5,23.7,3.9,2.8,6.7,0.131,3.1,0.5,3.6,3.5,19.7,0.081,0.121,0.088,0.114,0.44,0.663,0.316,0.423,0.432,0.377,0.225,0.591,0.0,0,0.125,6,0
22,Terry Rozier,27,CHO,SG,73,73,2458,7.6,17.1,0.444,3.3,8.7,0.374,4.3,8.4,0.516,0.539,2.2,2.6,0.852,0.8,3.8,4.6,4.8,1.4,0.4,1.4,1.7,20.6,,roziete01,17.6,0.566,0.508,0.151,2.4,11.3,6.8,19.7,1.8,1.0,7.2,23.2,4.3,1.6,5.9,0.115,2.4,-0.7,1.7,2.3,16.4,0.181,0.165,0.082,0.064,0.516,0.649,0.396,0.521,0.44,0.374,0.439,0.838,0.011,10,0.364,3,0
23,Gary Trent Jr.,23,TOR,SG,70,69,2448,6.6,16.0,0.414,3.1,8.0,0.383,3.5,8.0,0.445,0.511,2.6,3.0,0.853,0.4,2.4,2.8,2.1,1.8,0.3,1.1,2.1,18.9,,trentga02,14.7,0.546,0.502,0.188,1.1,7.7,4.2,8.8,2.5,0.8,5.8,21.8,3.1,2.5,5.6,0.11,-0.1,0.3,0.2,1.3,18.3,0.087,0.128,0.112,0.163,0.445,0.579,0.41,0.484,0.379,0.383,0.407,0.761,0.015,14,0.194,1,0
24,Darius Garland,22,CLE,PG,68,68,2430,8.0,17.4,0.462,2.6,6.7,0.383,5.5,10.7,0.512,0.536,3.2,3.6,0.892,0.6,2.7,3.3,8.6,1.3,0.1,3.7,1.7,21.8,AS,garlada01,19.0,0.576,0.387,0.205,1.8,8.2,5.1,39.9,1.8,0.3,16.2,27.8,3.8,2.5,6.3,0.125,3.4,-0.8,2.6,2.8,15.4,0.194,0.182,0.137,0.095,0.512,0.604,0.453,0.497,0.455,0.383,0.261,0.489,0.001,0,0.126,2,1
25,Franz Wagner,20,ORL,SF,79,79,2429,6.8,14.5,0.468,1.4,4.0,0.354,5.3,10.4,0.511,0.517,2.8,3.2,0.863,1.2,4.0,5.3,3.4,1.0,0.5,1.8,2.4,17.7,ROY-5,wagnefr01,14.7,0.559,0.278,0.225,3.6,11.9,7.7,15.7,1.4,1.3,10.0,21.2,2.1,1.9,4.0,0.079,-0.4,-0.3,-0.7,0.8,10.4,0.295,0.367,0.043,0.016,0.511,0.625,0.455,0.31,0.25,0.354,0.531,0.833,0.063,59,0.225,0,0
26,LaMelo Ball,20,CHO,PG,75,75,2422,8.0,18.6,0.429,3.3,8.4,0.389,4.7,10.2,0.462,0.517,3.2,3.6,0.872,1.6,5.8,7.4,8.5,1.8,0.4,3.6,3.5,22.4,AS,ballla01,19.7,0.554,0.451,0.194,4.7,17.4,11.0,35.7,2.4,1.2,15.3,28.2,3.4,2.5,5.8,0.116,3.3,0.1,3.4,3.3,15.9,0.204,0.176,0.104,0.065,0.462,0.582,0.398,0.389,0.37,0.389,0.264,0.75,0.023,24,0.152,2,0
27,James Harden,32,2TM,PG,65,65,2419,6.1,14.8,0.41,2.2,6.7,0.33,3.9,8.1,0.476,0.485,7.0,8.0,0.877,0.8,6.6,7.4,9.9,1.2,0.5,4.2,2.3,21.3,AS,hardeja01,20.9,0.583,0.452,0.54,2.6,19.7,11.3,40.3,1.7,1.3,18.8,27.2,4.9,2.7,7.6,0.152,3.7,0.3,4.0,3.7,14.8,0.229,0.231,0.06,0.024,0.476,0.599,0.371,0.433,0.458,0.33,0.185,0.25,0.005,5,0.049,0,0
27,James Harden,32,BRK,PG,44,44,1627,6.5,15.6,0.414,2.3,6.8,0.332,4.2,8.8,0.476,0.486,6.7,7.7,0.869,0.9,6.8,7.8,9.9,1.2,0.7,4.7,2.3,21.9,,hardeja01,20.4,0.576,0.435,0.496,2.9,20.2,11.7,39.7,1.7,1.7,19.8,28.3,2.6,1.8,4.4,0.13,3.7,0.4,4.1,2.5,13.9,0.237,0.241,0.059,0.023,0.476,0.575,0.388,0.429,0.563,0.332,0.153,0.225,0.007,5,0.052,0,0
27,James Harden,32,PHI,PG,21,21,792,5.2,13.0,0.402,2.1,6.4,0.326,3.1,6.6,0.476,0.483,7.5,8.5,0.892,0.6,6.2,6.8,10.0,1.2,0.2,3.3,2.2,20.1,,hardeja01,21.8,0.601,0.493,0.65,1.9,18.9,10.5,41.4,1.6,0.6,16.4,24.9,2.3,0.9,3.3,0.197,3.8,0.1,3.8,1.2,15.6,0.21,0.206,0.063,0.028,0.476,0.667,0.322,0.444,0.25,0.326,0.275,0.304,0.0,0,0.043,0,0
28,Nikola Vučević,31,CHI,C,73,73,2418,8.1,17.2,0.473,1.5,4.9,0.314,6.6,12.3,0.537,0.518,1.4,1.8,0.76,2.1,9.9,12.0,3.5,1.0,1.1,2.0,2.7,19.2,,vucevni01,18.2,0.533,0.287,0.105,6.6,30.7,18.7,15.2,1.4,2.5,10.1,24.5,1.4,3.2,4.5,0.09,0.8,0.1,0.9,1.8,13.0,0.223,0.253,0.137,0.101,0.537,0.708,0.49,0.449,0.397,0.314,0.713,1.0,0.032,34,0.06,2,0
29,RJ Barrett,21,NYK,SF,70,70,2417,7.3,17.8,0.408,2.1,6.0,0.342,5.2,11.8,0.442,0.466,4.3,6.0,0.714,1.0,5.1,6.1,3.1,0.6,0.2,2.2,2.1,20.9,,barrerj01,13.7,0.511,0.338,0.34,2.9,15.5,9.1,14.9,0.9,0.7,9.9,27.6,0.1,2.2,2.3,0.046,-0.3,-1.3,-1.6,0.2,12.0,0.309,0.243,0.068,0.042,0.442,0.596,0.307,0.309,0.3,0.342,0.398,0.913,0.04,40,0.248,1,0
30,Royce O'Neale,28,UTA,SF,77,77,2406,3.0,6.6,0.457,1.8,4.6,0.389,1.3,2.1,0.609,0.591,0.7,0.8,0.804,1.0,4.5,5.5,2.9,1.3,0.5,1.2,2.7,8.5,,onealro01,10.3,0.608,0.689,0.126,3.0,13.4,8.4,10.5,1.8,1.2,14.4,9.9,2.7,2.8,5.5,0.109,-0.8,1.7,0.8,1.7,18.7,0.194,0.106,0.011,0.0,0.609,0.686,0.532,0.0,,0.389,0.679,0.983,0.025,10,0.307,1,0
31,Keldon Johnson,22,SAS,SF,75,74,2392,7.1,15.2,0.466,2.4,6.0,0.398,4.7,9.2,0.51,0.545,2.7,3.5,0.756,1.2,5.7,6.9,2.4,0.9,0.2,1.4,2.2,19.2,,johnske04,15.2,0.574,0.395,0.231,3.5,16.7,10.0,9.5,1.2,0.5,7.6,21.3,2.9,2.0,4.9,0.099,0.7,-1.2,-0.5,0.9,13.4,0.218,0.295,0.064,0.029,0.51,0.645,0.45,0.369,0.414,0.398,0.644,0.969,0.028,25,0.228,1,0
32,Aaron Gordon,26,DEN,PF,75,75,2376,6.6,12.6,0.52,1.3,3.9,0.335,5.3,8.7,0.605,0.573,2.6,3.5,0.743,1.9,4.8,6.7,2.8,0.7,0.7,2.0,2.2,17.1,,gordoaa01,15.3,0.602,0.312,0.276,6.1,14.3,10.3,11.6,0.9,1.7,12.5,19.7,3.2,2.0,5.2,0.105,0.5,-1.1,-0.6,0.9,11.5,0.381,0.169,0.084,0.054,0.605,0.796,0.369,0.329,0.422,0.335,0.628,0.851,0.173,130,0.419,4,0
33,Dejounte Murray,25,SAS,PG,68,68,2366,8.7,18.9,0.462,1.5,4.5,0.327,7.3,14.4,0.504,0.5,3.0,3.8,0.794,1.2,7.3,8.6,9.5,2.1,0.3,2.7,2.1,21.9,AS,murrade01,22.3,0.533,0.237,0.199,3.5,21.6,12.5,40.6,2.8,0.8,11.8,27.3,3.9,3.4,7.3,0.149,3.7,1.7,5.4,4.4,12.7,0.214,0.206,0.226,0.116,0.504,0.665,0.418,0.456,0.451,0.327,0.189,0.698,0.019,23,0.17,0,0
34,Evan Fournier,29,NYK,SG,80,80,2358,6.1,14.7,0.417,3.7,9.5,0.389,2.5,5.3,0.465,0.541,1.2,1.7,0.708,0.5,2.7,3.2,2.6,1.2,0.3,1.6,2.7,17.2,,fournev01,12.3,0.554,0.641,0.117,1.5,8.2,4.8,11.9,1.7,0.8,9.4,20.8,1.5,2.2,3.7,0.075,-0.4,-0.3,-0.7,0.7,19.6,0.081,0.122,0.079,0.077,0.465,0.603,0.39,0.474,0.432,0.389,0.478,0.88,0.004,3,0.281,2,0
35,Patty Mills,33,BRK,SG,81,48,2346,5.0,12.2,0.408,3.5,8.7,0.4,1.5,3.5,0.429,0.551,0.7,0.9,0.814,0.3,2.1,2.4,2.8,0.8,0.3,1.1,1.7,14.2,,millspa02,10.4,0.563,0.715,0.074,0.9,6.2,3.6,10.6,1.1,0.6,8.2,16.4,1.9,0.9,2.8,0.058,-0.3,-1.4,-1.7,0.2,21.2,0.063,0.037,0.065,0.116,0.429,0.74,0.207,0.365,0.37,0.4,0.608,0.925,0.0,0,0.254,3,0
36,Devin Booker,25,PHO,SG,68,68,2345,10.2,21.8,0.466,2.8,7.3,0.383,7.4,14.5,0.508,0.53,4.8,5.6,0.868,0.7,4.6,5.3,5.1,1.2,0.4,2.5,2.8,28.0,MVP-4ASNBA1,bookede01,21.3,0.576,0.336,0.255,2.1,13.2,7.8,22.4,1.6,1.0,9.3,32.0,4.3,3.3,7.6,0.156,3.9,0.2,4.1,3.6,15.8,0.108,0.153,0.22,0.168,0.508,0.699,0.475,0.468,0.473,0.383,0.395,0.634,0.016,21,0.121,2,0
37,Reggie Jackson,31,LAC,SG,75,75,2337,7.4,18.8,0.392,2.6,7.9,0.326,4.8,10.9,0.439,0.46,2.1,2.5,0.847,0.6,3.6,4.2,5.5,0.8,0.2,2.7,2.4,19.5,,jacksre01,12.1,0.488,0.419,0.133,1.8,10.2,6.1,24.6,1.2,0.5,11.8,27.6,-1.7,2.0,0.4,0.008,-1.4,-1.6,-3.0,-0.6,16.1,0.143,0.188,0.106,0.138,0.439,0.634,0.443,0.349,0.302,0.326,0.202,0.575,0.011,10,0.186,2,0
38,Herbert Jones,23,NOP,PF,78,69,2335,4.2,8.9,0.476,0.9,2.6,0.337,3.3,6.3,0.533,0.525,2.1,2.5,0.84,1.5,3.1,4.6,2.6,2.0,0.9,1.5,3.7,11.4,ROY-6,joneshe01,12.3,0.573,0.293,0.283,4.5,9.6,7.0,10.0,2.7,2.5,13.4,13.7,2.1,2.5,4.6,0.096,-2.0,1.5,-0.5,0.9,10.6,0.41,0.205,0.016,0.071,0.533,0.682,0.288,0.444,0.39,0.337,0.631,0.982,0.104,52,0.521,1,0
39,Evan Mobley,20,CLE,PF,69,69,2331,6.5,12.8,0.508,0.4,1.4,0.25,6.2,11.4,0.541,0.522,2.6,3.9,0.663,2.2,6.6,8.8,2.7,0.9,1.8,2.1,2.3,16.0,ROY-2,mobleev01,16.1,0.549,0.111,0.304,6.9,19.8,13.5,11.6,1.2,4.4,12.4,20.4,1.5,3.7,5.2,0.107,-0.9,1.5,0.6,1.5,8.4,0.357,0.305,0.142,0.073,0.541,0.764,0.383,0.449,0.328,0.25,0.647,0.957,0.194,148,0.228,1,0
40,Kentavious Caldwell-Pope,28,WAS,SG,77,77,2329,5.6,12.8,0.435,2.5,6.3,0.39,3.1,6.5,0.48,0.531,2.1,2.4,0.89,0.6,3.4,4.0,2.2,1.3,0.4,1.5,2.1,15.7,,caldwke01,12.6,0.568,0.492,0.186,2.0,10.3,6.2,9.1,1.8,0.9,9.8,19.0,1.4,1.4,2.8,0.058,-0.9,-0.6,-1.5,0.3,18.0,0.105,0.116,0.112,0.174,0.48,0.678,0.365,0.43,0.465,0.39,0.614,0.899,0.011,6,0.336,0,0
41,Andrew Wiggins,26,GSW,SF,73,73,2329,7.3,15.8,0.466,2.4,6.2,0.393,4.9,9.6,0.513,0.543,2.3,3.6,0.634,1.3,3.7,5.0,2.5,1.2,0.8,1.7,2.4,19.4,AS,wiggian01,15.0,0.56,0.392,0.231,4.1,10.9,7.6,10.8,1.6,2.1,9.0,23.1,1.8,3.4,5.1,0.105,0.3,0.1,0.4,1.4,14.9,0.161,0.242,0.094,0.111,0.513,0.732,0.49,0.365,0.372,0.393,0.497,0.898,0.051,45,0.261,0,0
42,Zach LaVine,26,CHI,SG,67,67,2328,8.7,18.3,0.476,2.9,7.3,0.389,5.9,11.0,0.534,0.554,4.9,5.8,0.853,0.3,4.4,4.8,4.7,0.6,0.4,2.6,1.9,25.3,AS,lavinza01,20.0,0.605,0.401,0.316,1.1,13.8,7.4,20.8,0.9,0.9,11.2,28.8,4.5,1.3,5.8,0.12,3.9,-1.5,2.4,2.6,15.2,0.264,0.103,0.086,0.147,0.534,0.7,0.451,0.343,0.408,0.389,0.35,0.568,0.055,62,0.139,0,0
43,Alec Burks,30,NYK,SG,81,44,2318,4.4,11.3,0.391,2.4,6.0,0.404,2.0,5.3,0.378,0.499,3.4,4.1,0.822,0.7,5.4,6.2,3.7,1.3,0.4,1.4,3.3,14.7,,burksal01,13.7,0.559,0.534,0.363,2.1,16.6,9.2,15.7,1.8,1.1,9.7,17.7,3.2,2.9,6.1,0.126,-0.4,1.2,0.8,1.7,17.4,0.124,0.165,0.111,0.066,0.378,0.444,0.342,0.358,0.375,0.404,0.43,0.752,0.004,3,0.226,0,0
44,Terance Mann,25,LAC,SF,81,33,2317,5.2,10.7,0.484,1.2,3.2,0.365,4.0,7.5,0.535,0.539,2.0,2.5,0.78,1.6,5.0,6.6,3.2,0.9,0.3,1.3,2.8,13.5,,mannte01,13.4,0.572,0.301,0.238,4.9,14.3,9.7,13.1,1.2,0.8,9.9,16.0,3.1,2.4,5.5,0.113,-0.8,0.2,-0.6,0.8,12.1,0.312,0.178,0.133,0.068,0.535,0.693,0.455,0.402,0.298,0.365,0.516,0.829,0.097,56,0.385,5,0
45,Luka Dončić,22,DAL,PG,65,65,2301,10.0,22.0,0.457,3.1,8.9,0.353,6.9,13.0,0.528,0.529,5.7,7.7,0.744,0.9,8.4,9.3,8.9,1.2,0.6,4.6,2.3,28.9,MVP-5ASNBA1,doncilu01,25.1,0.571,0.406,0.349,2.7,26.0,14.3,46.0,1.6,1.4,15.3,37.4,3.8,3.8,7.6,0.159,6.4,1.8,8.2,5.9,15.9,0.128,0.239,0.165,0.062,0.528,0.778,0.499,0.44,0.356,0.353,0.107,0.219,0.006,7,0.049,2,0
46,Joel Embiid,27,PHI,C,68,68,2297,10.4,20.9,0.499,1.5,3.9,0.371,9.0,17.0,0.529,0.534,10.2,12.6,0.814,2.3,10.2,12.5,4.5,1.2,1.6,3.4,2.8,32.6,MVP-2ASNBA2,embiijo01,31.2,0.616,0.188,0.602,7.2,31.1,19.4,23.5,1.7,3.9,11.3,37.2,7.9,4.1,12.0,0.252,7.2,2.0,9.2,6.5,11.9,0.253,0.194,0.24,0.124,0.529,0.763,0.409,0.431,0.428,0.371,0.513,0.71,0.06,74,0.048,1,0
47,Marcus Smart,27,BOS,PG,71,71,2296,4.7,11.3,0.418,1.9,5.6,0.331,2.8,5.6,0.506,0.501,2.2,2.8,0.793,0.7,3.6,4.2,6.5,1.9,0.3,2.5,2.5,13.5,DPOY-1DEF1,smartma01,13.6,0.54,0.501,0.249,2.0,10.5,6.4,25.6,2.6,0.7,16.6,18.3,1.9,3.7,5.6,0.116,-1.2,1.7,0.5,1.5,15.9,0.146,0.249,0.074,0.026,0.506,0.695,0.441,0.509,0.105,0.331,0.365,0.908,0.013,8,0.233,2,0
48,Jordan Poole,22,GSW,SG,76,51,2283,7.5,16.7,0.448,3.3,9.1,0.364,4.1,7.5,0.55,0.548,3.9,4.2,0.925,0.5,3.6,4.1,4.8,0.9,0.4,2.9,3.2,22.2,,poolejo01,16.1,0.598,0.548,0.251,1.7,10.5,6.2,21.0,1.3,1.0,13.7,26.0,3.1,2.9,6.0,0.126,1.3,-0.3,1.0,1.7,17.8,0.142,0.182,0.066,0.061,0.55,0.68,0.523,0.457,0.431,0.364,0.414,0.706,0.019,16,0.16,5,1
49,Will Barton,31,DEN,SG,71,71,2277,6.2,14.2,0.438,2.5,6.8,0.365,3.7,7.4,0.504,0.525,1.6,2.0,0.803,0.7,4.7,5.4,4.4,0.9,0.5,2.0,1.8,16.5,,bartowi01,13.4,0.548,0.48,0.142,2.2,14.1,8.3,17.6,1.2,1.2,11.8,20.8,1.2,1.9,3.2,0.067,0.4,-0.9,-0.5,0.9,16.0,0.186,0.18,0.067,0.087,0.504,0.701,0.398,0.433,0.359,0.365,0.498,0.771,0.027,23,0.216,1,0
50,Desmond Bane,23,MEM,SG,76,76,2266,8.1,17.5,0.461,3.6,8.3,0.436,4.4,9.2,0.484,0.565,2.2,2.5,0.903,0.7,4.6,5.3,3.3,1.5,0.5,1.8,3.1,22.0,,banede01,17.6,0.592,0.475,0.141,2.1,13.6,7.7,13.5,1.9,1.1,8.7,23.1,4.5,2.7,7.2,0.153,2.5,0.3,2.7,2.7,16.6,0.153,0.154,0.114,0.099,0.484,0.673,0.376,0.437,0.413,0.436,0.589,0.82,0.005,6,0.18,1,0
51,Donovan Mitchell,25,UTA,SG,67,67,2266,9.8,21.9,0.448,3.7,10.4,0.355,6.1,11.5,0.533,0.533,4.2,5.0,0.853,0.9,3.6,4.5,5.7,1.6,0.2,3.2,2.6,27.5,AS,mitchdo01,21.6,0.572,0.475,0.227,2.7,10.6,6.8,27.7,2.2,0.5,11.7,32.9,4.7,2.5,7.2,0.152,4.6,-0.3,4.3,3.6,16.7,0.14,0.236,0.077,0.072,0.533,0.708,0.465,0.519,0.434,0.355,0.177,0.483,0.018,21,0.09,2,0
52,Jonas Valančiūnas,29,NOP,C,74,74,2240,8.2,15.1,0.544,0.9,2.5,0.361,7.3,12.5,0.581,0.574,3.8,4.6,0.82,3.6,9.9,13.5,3.1,0.7,1.0,2.9,4.0,21.1,,valanjo01,21.2,0.617,0.168,0.308,10.9,31.2,20.8,14.0,0.9,2.6,14.4,23.8,4.6,2.7,7.3,0.156,2.0,-0.1,1.9,2.2,9.0,0.323,0.32,0.131,0.043,0.581,0.7,0.527,0.48,0.45,0.361,0.623,0.982,0.063,52,0.019,0,0
53,Monte Morris,26,DEN,PG,75,74,2239,6.0,12.4,0.484,2.0,5.0,0.395,4.0,7.4,0.545,0.564,1.2,1.4,0.869,0.4,3.2,3.6,5.4,0.9,0.2,1.3,1.5,15.2,,morrimo01,14.7,0.583,0.406,0.109,1.4,9.6,5.6,21.4,1.2,0.6,8.8,17.4,3.9,1.5,5.4,0.116,0.8,-0.8,0.0,1.1,16.1,0.155,0.137,0.132,0.169,0.545,0.725,0.491,0.49,0.466,0.395,0.472,0.935,0.0,0,0.328,0,0
54,Jaylen Brown,25,BOS,SF,66,66,2220,9.3,19.7,0.473,2.7,7.5,0.358,6.6,12.2,0.544,0.541,3.9,5.2,0.758,0.9,5.7,6.6,3.7,1.1,0.3,2.9,2.6,25.3,,brownja02,18.9,0.574,0.381,0.261,2.6,16.7,9.8,17.9,1.6,0.7,11.6,30.5,2.3,3.4,5.8,0.124,1.9,0.1,2.1,2.2,14.3,0.199,0.229,0.09,0.09,0.544,0.764,0.427,0.491,0.436,0.358,0.471,0.759,0.034,31,0.185,2,0
55,Stephen Curry,33,GSW,PG,64,64,2211,8.7,19.9,0.437,4.6,12.2,0.38,4.1,7.7,0.527,0.554,4.5,4.9,0.923,0.6,4.9,5.5,6.6,1.4,0.4,3.4,2.1,26.5,MVP-8ASNBA2,curryst01,21.4,0.601,0.613,0.243,1.7,14.4,8.3,30.4,1.9,1.0,13.2,30.8,4.6,3.4,8.0,0.173,5.4,0.4,5.8,4.4,19.8,0.12,0.134,0.062,0.071,0.527,0.599,0.53,0.513,0.414,0.38,0.368,0.572,0.0,0,0.091,5,0
56,Jrue Holiday,31,MIL,PG,67,64,2207,7.8,15.6,0.501,2.2,5.2,0.411,5.6,10.3,0.547,0.57,2.2,2.9,0.761,1.1,3.8,4.9,7.5,1.8,0.5,3.0,2.2,20.0,DPOY-8DEF2,holidjr01,19.8,0.593,0.336,0.189,3.4,10.9,7.2,31.8,2.4,1.3,15.0,23.5,4.5,2.4,6.9,0.15,2.9,0.3,3.2,2.9,13.6,0.222,0.246,0.124,0.071,0.547,0.651,0.464,0.542,0.515,0.411,0.197,0.432,0.004,4,0.103,1,0
57,Giannis Antetokounmpo,27,MIL,PF,67,67,2204,11.3,20.3,0.553,1.2,4.0,0.293,10.1,16.4,0.616,0.582,9.0,12.5,0.722,2.2,10.5,12.7,6.3,1.2,1.5,3.6,3.5,32.7,MVP-3DPOY-6ASNBA1DEF1,antetgi01,32.1,0.633,0.194,0.615,6.6,30.4,18.7,31.7,1.6,4.0,12.2,34.9,9.2,3.7,12.9,0.281,7.6,3.5,11.2,7.4,9.8,0.399,0.194,0.119,0.08,0.616,0.805,0.419,0.419,0.43,0.293,0.426,0.423,0.147,174,0.025,2,0
58,Kyle Kuzma,26,WAS,PF,66,66,2204,6.9,15.3,0.452,2.1,6.1,0.341,4.8,9.2,0.526,0.52,2.5,3.6,0.712,1.1,8.0,9.2,3.8,0.7,0.9,2.8,2.1,18.5,,kuzmaky01,15.2,0.547,0.401,0.234,3.6,24.3,14.1,16.3,0.9,2.2,14.1,24.2,0.0,2.0,2.0,0.044,0.2,-0.4,-0.2,1.0,14.7,0.167,0.254,0.107,0.065,0.526,0.744,0.496,0.39,0.311,0.341,0.485,0.875,0.024,19,0.227,1,0
59,Derrick White,27,2TM,SG,75,52,2199,5.5,13.1,0.421,1.9,6.0,0.312,3.6,7.1,0.515,0.493,3.3,3.8,0.864,0.6,3.7,4.3,6.0,1.0,0.9,1.9,2.8,16.2,,whitede01,14.8,0.549,0.461,0.294,1.8,10.7,6.3,22.9,1.4,2.3,11.6,19.9,2.8,2.3,5.1,0.111,0.4,0.6,0.9,1.6,15.6,0.159,0.231,0.12,0.029,0.515,0.614,0.503,0.479,0.217,0.312,0.401,0.835,0.009,7,0.195,1,0
59,Derrick White,27,SAS,SG,49,48,1486,5.9,13.8,0.426,2.0,6.3,0.314,3.9,7.6,0.519,0.497,3.4,3.9,0.869,0.6,3.6,4.2,6.6,1.2,1.0,2.1,2.8,17.1,,whitede01,15.7,0.551,0.453,0.281,1.8,10.5,6.1,25.2,1.6,2.4,12.0,20.7,2.0,1.3,3.3,0.107,1.2,0.6,1.8,1.4,15.2,0.168,0.228,0.126,0.025,0.519,0.594,0.515,0.472,0.286,0.314,0.358,0.815,0.009,5,0.182,0,0
59,Derrick White,27,BOS,SG,26,4,713,4.7,11.6,0.409,1.7,5.6,0.306,3.0,6.0,0.504,0.483,3.2,3.8,0.853,0.7,3.8,4.4,4.6,0.8,0.8,1.6,2.8,14.4,,whitede01,12.9,0.544,0.483,0.326,2.0,11.1,6.7,18.2,1.0,2.0,10.8,18.2,0.9,0.9,1.8,0.121,-1.4,0.5,-0.9,0.2,16.0,0.135,0.239,0.104,0.039,0.504,0.677,0.473,0.5,0.111,0.306,0.517,0.882,0.009,2,0.225,1,0
60,Kevin Huerter,23,ATL,SF,74,60,2188,5.7,12.5,0.454,2.6,6.8,0.389,3.0,5.7,0.53,0.559,0.7,0.9,0.808,0.5,3.7,4.2,3.3,0.9,0.4,1.5,3.0,14.7,,huertke01,11.9,0.57,0.541,0.068,1.6,11.0,6.4,13.2,1.2,1.1,10.4,17.5,1.8,1.0,2.8,0.062,-0.5,-0.7,-1.2,0.4,17.8,0.107,0.134,0.136,0.079,0.53,0.667,0.49,0.505,0.467,0.389,0.519,0.9,0.004,3,0.258,2,0
61,Devonte' Graham,26,NOP,PG,76,63,2162,4.9,13.6,0.363,3.2,9.4,0.341,1.7,4.2,0.413,0.481,2.0,2.3,0.843,0.6,2.3,2.9,5.3,1.2,0.2,1.7,1.6,15.0,,grahade01,12.1,0.514,0.691,0.172,1.9,7.3,4.5,21.0,1.6,0.5,10.7,19.5,1.6,1.2,2.8,0.062,0.2,-1.2,-1.0,0.5,20.8,0.081,0.067,0.054,0.098,0.413,0.621,0.291,0.409,0.325,0.341,0.298,0.734,0.001,1,0.13,3,1
62,Tyler Herro,22,MIA,SG,66,10,2151,8.4,18.8,0.447,2.9,7.3,0.399,5.5,11.4,0.477,0.525,3.2,3.7,0.868,0.5,5.0,5.5,4.4,0.7,0.1,2.9,1.6,22.9,6MOY-1,herroty01,16.2,0.561,0.391,0.195,1.7,15.4,8.7,20.9,1.0,0.4,12.5,28.8,1.3,2.4,3.8,0.084,1.6,-0.9,0.7,1.5,15.7,0.136,0.191,0.15,0.122,0.477,0.686,0.407,0.452,0.394,0.399,0.328,0.709,0.014,14,0.205,5,0
63,CJ McCollum,30,2TM,PG,62,62,2145,9.0,19.5,0.46,3.1,7.9,0.388,5.9,11.7,0.509,0.539,1.9,2.9,0.682,0.9,3.6,4.5,5.3,1.2,0.4,2.1,2.0,23.0,,mccolcj01,18.3,0.553,0.403,0.146,2.6,11.5,6.9,26.1,1.6,1.0,9.3,27.5,2.6,1.0,3.6,0.081,3.2,-1.3,1.9,2.1,15.9,0.124,0.18,0.16,0.124,0.509,0.646,0.445,0.505,0.486,0.388,0.254,0.637,0.003,4,0.122,0,0
63,CJ McCollum,30,POR,SG,36,36,1267,8.2,18.9,0.436,3.2,8.2,0.384,5.1,10.7,0.476,0.52,1.4,1.9,0.706,1.0,3.4,4.3,4.6,1.0,0.6,2.0,2.2,21.0,,mccolcj01,15.8,0.532,0.435,0.102,2.8,10.7,6.6,22.5,1.4,1.6,9.2,26.1,0.7,0.3,1.0,0.04,1.8,-1.7,0.1,0.7,16.2,0.12,0.159,0.15,0.117,0.476,0.613,0.415,0.49,0.423,0.384,0.223,0.622,0.003,2,0.152,0,0
63,CJ McCollum,30,NOP,PG,26,26,878,10.1,20.5,0.493,2.9,7.4,0.394,7.2,13.1,0.549,0.564,2.8,4.2,0.667,0.8,4.0,4.8,6.2,1.4,0.0,2.3,1.8,25.9,,mccolcj01,21.9,0.58,0.361,0.204,2.3,12.5,7.3,31.3,1.9,0.1,9.5,29.4,1.9,0.7,2.6,0.14,5.3,-0.7,4.5,1.5,15.6,0.128,0.206,0.172,0.132,0.549,0.688,0.476,0.523,0.561,0.394,0.286,0.662,0.004,2,0.072,0,0
64,Jordan Clarkson,29,UTA,SG,79,1,2141,7.8,18.7,0.419,3.2,10.0,0.318,4.6,8.7,0.535,0.504,2.4,2.9,0.828,1.1,3.5,4.6,3.3,1.1,0.3,2.2,2.5,21.3,6MOY-4,clarkjo01,14.9,0.532,0.536,0.156,3.5,10.2,7.0,14.5,1.5,0.7,9.8,26.8,1.5,2.0,3.5,0.079,0.5,-1.2,-0.6,0.7,16.9,0.099,0.272,0.075,0.018,0.535,0.627,0.515,0.554,0.25,0.318,0.221,0.674,0.012,8,0.193,2,0
65,Khris Middleton,30,MIL,SF,66,66,2141,7.6,17.2,0.443,2.7,7.3,0.373,4.9,9.9,0.494,0.522,4.4,4.9,0.89,0.7,5.3,6.0,6.0,1.3,0.3,3.2,2.7,22.3,AS,middlkh01,18.1,0.577,0.425,0.285,2.1,15.3,8.8,25.5,1.7,0.8,14.2,26.7,3.2,2.2,5.3,0.119,1.9,-0.3,1.6,1.9,17.0,0.103,0.137,0.187,0.14,0.494,0.733,0.414,0.497,0.385,0.373,0.328,0.63,0.008,6,0.106,0,0
66,Malik Monk,23,LAL,SG,76,37,2139,6.6,13.9,0.473,2.9,7.4,0.391,3.7,6.5,0.568,0.578,1.6,2.0,0.795,0.6,3.7,4.3,3.7,1.0,0.5,2.1,2.3,17.6,,monkma01,14.4,0.597,0.535,0.142,1.9,11.0,6.4,15.2,1.4,1.2,12.2,20.1,2.3,1.4,3.6,0.081,0.5,-1.0,-0.5,0.8,16.1,0.225,0.162,0.034,0.04,0.568,0.72,0.448,0.393,0.303,0.391,0.537,0.827,0.067,52,0.17,0,0
67,Chris Paul,36,PHO,PG,65,65,2139,6.1,12.4,0.493,1.1,3.3,0.317,5.0,9.0,0.559,0.536,2.8,3.4,0.837,0.4,4.4,4.8,11.8,2.0,0.3,2.6,2.3,16.1,MVP-9ASNBA3,paulch01,20.8,0.581,0.27,0.274,1.1,12.8,7.1,44.5,2.7,0.8,15.6,19.7,5.8,3.6,9.4,0.21,3.1,2.3,5.4,4.0,16.3,0.033,0.148,0.344,0.192,0.559,0.75,0.569,0.597,0.482,0.317,0.097,0.413,0.0,0,0.08,3,0
68,Jalen Green,19,HOU,SG,67,67,2138,6.8,16.1,0.426,2.6,7.7,0.343,4.2,8.4,0.502,0.508,3.2,4.0,0.797,0.6,3.2,3.8,3.0,0.7,0.3,2.3,1.7,19.5,ROY-4,greenja05,12.5,0.547,0.48,0.247,1.7,10.0,5.8,13.1,1.0,0.8,11.3,23.7,0.5,0.2,0.7,0.015,-0.5,-2.4,-2.9,-0.5,15.7,0.271,0.129,0.031,0.088,0.502,0.68,0.252,0.333,0.381,0.343,0.438,0.662,0.087,69,0.146,1,0
69,Domantas Sabonis,25,2TM,PF,62,61,2136,7.5,13.0,0.573,0.7,2.1,0.312,6.8,10.9,0.623,0.598,4.1,5.6,0.741,3.4,9.3,12.7,5.4,1.0,0.5,3.3,3.4,19.7,,sabondo01,21.9,0.637,0.162,0.429,10.3,29.0,19.5,23.6,1.3,1.1,17.5,22.3,5.3,1.8,7.1,0.159,3.2,0.9,4.1,3.2,7.4,0.484,0.261,0.047,0.041,0.623,0.738,0.515,0.389,0.219,0.312,0.614,0.974,0.085,59,0.136,0,0
69,Domantas Sabonis,25,IND,PF,47,46,1632,7.3,12.6,0.58,0.8,2.4,0.324,6.5,10.2,0.639,0.61,4.2,5.7,0.74,3.4,9.1,12.5,5.2,1.0,0.5,3.2,3.2,19.6,,sabondo01,22.2,0.649,0.189,0.452,10.4,28.6,19.4,22.2,1.4,1.2,17.3,21.7,4.4,1.3,5.7,0.168,3.6,1.0,4.6,2.7,7.9,0.51,0.221,0.042,0.032,0.639,0.749,0.5,0.292,0.278,0.324,0.618,1.0,0.088,45,0.148,0,0
69,Domantas Sabonis,25,SAC,PF,15,15,504,8.0,14.4,0.554,0.3,1.2,0.235,7.7,13.2,0.584,0.564,3.9,5.3,0.743,3.3,9.9,13.2,6.2,0.9,0.4,3.7,4.1,20.2,,sabondo01,21.0,0.603,0.084,0.366,9.8,30.3,20.0,28.0,1.2,0.9,18.1,24.4,0.9,0.5,1.4,0.132,1.8,0.5,2.3,0.5,6.8,0.411,0.376,0.059,0.069,0.584,0.699,0.539,0.583,0.143,0.235,0.602,0.75,0.079,14,0.059,0,0
70,Seth Curry,31,2TM,SG,64,64,2135,6.1,12.5,0.487,2.7,6.3,0.422,3.4,6.2,0.553,0.594,1.4,1.6,0.872,0.4,3.0,3.4,3.9,0.9,0.2,1.8,2.5,16.2,,curryse01,13.7,0.615,0.506,0.127,1.1,9.1,5.2,16.3,1.2,0.6,12.3,18.5,2.7,1.5,4.2,0.095,0.3,-0.9,-0.6,0.8,19.6,0.053,0.1,0.133,0.208,0.553,0.692,0.568,0.51,0.539,0.422,0.465,0.829,0.0,0,0.182,0,0
70,Seth Curry,31,PHI,SG,45,45,1566,5.9,12.1,0.485,2.3,5.7,0.4,3.6,6.4,0.561,0.58,1.5,1.7,0.877,0.4,3.1,3.5,4.2,0.8,0.3,1.9,2.3,15.5,,curryse01,13.3,0.603,0.473,0.138,1.2,9.4,5.4,17.7,1.1,0.6,13.0,18.5,1.7,1.1,2.9,0.088,-0.1,-0.9,-1.0,0.4,19.1,0.055,0.11,0.138,0.223,0.561,0.69,0.552,0.548,0.542,0.4,0.481,0.78,0.0,0,0.152,0,0
70,Seth Curry,31,BRK,SG,19,19,569,6.6,13.3,0.493,3.7,7.8,0.468,2.9,5.5,0.529,0.63,1.1,1.3,0.857,0.3,2.8,3.1,3.1,1.1,0.2,1.6,3.0,18.0,,curryse01,14.6,0.645,0.588,0.1,0.8,8.4,4.7,12.5,1.4,0.5,10.2,18.5,1.0,0.3,1.3,0.112,1.5,-0.8,0.7,0.4,20.2,0.047,0.076,0.118,0.171,0.529,0.7,0.625,0.4,0.528,0.468,0.413,0.914,0.0,0,0.242,0,0
71,Kyle Lowry,35,MIA,PG,63,63,2133,4.7,10.6,0.44,2.4,6.4,0.377,2.2,4.1,0.539,0.555,2.5,2.9,0.851,0.6,4.2,4.8,8.0,1.1,0.3,2.8,3.0,14.2,,lowryky01,15.0,0.6,0.609,0.278,1.8,13.0,7.5,32.3,1.6,0.8,19.3,18.2,3.7,2.7,6.4,0.143,1.1,0.8,2.0,2.1,19.6,0.118,0.091,0.089,0.088,0.539,0.716,0.456,0.446,0.473,0.377,0.303,0.653,0.0,0,0.147,4,0
72,Bojan Bogdanović,32,UTA,PF,69,69,2131,7.1,15.7,0.455,3.1,7.9,0.387,4.1,7.8,0.524,0.552,3.8,4.4,0.858,1.0,4.0,5.0,2.0,0.6,0.0,2.0,2.0,21.1,,bogdabo02,15.7,0.599,0.504,0.28,3.1,11.8,7.6,8.7,0.8,0.0,10.2,23.7,3.6,1.6,5.2,0.118,1.6,-1.6,0.0,1.1,15.6,0.147,0.25,0.084,0.015,0.524,0.684,0.483,0.41,0.286,0.387,0.568,0.917,0.016,11,0.376,0,0
73,Jaren Jackson Jr.,22,MEM,PF,78,78,2126,7.3,17.5,0.415,2.2,6.8,0.319,5.1,10.8,0.476,0.477,4.8,5.8,0.823,2.0,5.7,7.7,1.5,1.2,3.0,2.2,4.6,21.5,DPOY-5DEF1,jacksja02,17.0,0.535,0.387,0.333,5.7,16.9,11.2,5.8,1.6,7.4,9.9,25.4,1.7,3.7,5.4,0.121,-0.9,0.8,-0.1,1.0,12.8,0.217,0.331,0.054,0.005,0.476,0.613,0.399,0.411,0.4,0.319,0.556,0.977,0.051,46,0.17,1,0
74,Rudy Gobert,29,UTA,C,66,66,2120,6.1,8.6,0.713,0.0,0.1,0.0,6.1,8.6,0.718,0.713,5.1,7.5,0.69,4.1,12.3,16.4,1.2,0.8,2.3,2.0,3.0,17.4,DPOY-3ASDEF1,goberru01,24.7,0.732,0.008,0.864,12.9,36.3,25.0,5.1,1.0,5.7,14.5,16.9,7.3,4.3,11.7,0.264,2.9,1.7,4.6,3.6,2.7,0.738,0.244,0.008,0.002,0.718,0.803,0.468,0.75,0.0,0.0,0.724,,0.494,233,0.0,2,0
75,Ayo Dosunmu,22,CHI,SG,77,40,2110,4.7,9.1,0.52,1.2,3.2,0.376,3.5,6.0,0.596,0.585,0.9,1.3,0.679,0.5,3.2,3.7,4.4,1.0,0.5,1.8,3.1,11.6,,dosunay01,11.2,0.596,0.348,0.146,1.4,9.9,5.7,16.5,1.4,1.2,15.9,14.1,1.7,1.3,3.0,0.069,-1.9,-0.1,-2.0,0.0,12.3,0.368,0.114,0.097,0.073,0.596,0.701,0.377,0.481,0.564,0.376,0.572,0.986,0.045,20,0.489,1,1
76,Christian Wood,26,HOU,C,68,67,2094,7.6,15.1,0.501,2.3,5.8,0.39,5.3,9.3,0.57,0.576,3.6,5.7,0.623,1.9,9.9,11.8,2.7,0.9,1.1,2.2,2.9,20.9,,woodch01,19.1,0.595,0.383,0.378,5.7,30.4,18.0,12.2,1.2,2.8,11.0,23.3,2.9,2.0,4.9,0.112,2.1,-0.4,1.6,1.9,13.0,0.312,0.211,0.054,0.041,0.57,0.737,0.454,0.34,0.194,0.39,0.605,0.847,0.147,120,0.116,1,0
77,Cade Cunningham,20,DET,SG,64,64,2088,7.4,17.8,0.416,2.0,6.3,0.314,5.4,11.5,0.472,0.471,2.4,2.9,0.845,1.0,5.1,6.1,6.1,1.3,0.7,4.0,3.4,19.2,ROY-3,cunnica01,13.1,0.504,0.352,0.163,2.9,16.2,9.2,29.1,1.8,1.9,17.5,27.5,-2.4,1.9,-0.5,-0.011,-1.1,-0.5,-1.6,0.2,13.8,0.214,0.249,0.113,0.072,0.472,0.588,0.432,0.431,0.324,0.314,0.235,0.711,0.02,19,0.143,2,0
78,LeBron James,37,LAL,C,56,56,2084,11.1,21.1,0.524,2.8,7.7,0.359,8.3,13.4,0.62,0.59,4.4,5.8,0.756,1.1,6.8,7.9,6.0,1.3,1.0,3.4,2.1,29.3,MVP-10ASNBA3,jamesle01,26.2,0.619,0.367,0.275,3.3,20.4,11.8,30.6,1.7,2.5,12.5,32.3,5.2,2.3,7.5,0.172,6.9,0.8,7.7,5.1,13.8,0.325,0.141,0.073,0.094,0.62,0.796,0.465,0.382,0.426,0.359,0.407,0.559,0.07,85,0.074,0,0
79,De'Aaron Fox,24,SAC,PG,59,59,2083,8.9,18.9,0.473,1.3,4.3,0.297,7.6,14.6,0.524,0.506,4.5,6.0,0.75,0.4,3.6,4.0,5.7,1.2,0.4,2.9,3.0,23.6,,foxde01,17.4,0.549,0.228,0.319,1.3,10.9,6.0,26.8,1.6,1.0,11.9,29.1,1.5,1.0,2.5,0.058,0.6,-1.2,-0.6,0.7,12.2,0.196,0.263,0.185,0.114,0.524,0.72,0.463,0.46,0.448,0.297,0.213,0.541,0.013,14,0.129,0,0
80,D'Angelo Russell,25,MIN,PG,65,65,2077,7.0,16.9,0.411,3.1,9.0,0.34,3.9,7.9,0.492,0.502,3.4,4.2,0.825,0.4,3.3,3.7,8.0,1.1,0.4,2.9,2.3,20.4,,russeda01,16.3,0.544,0.531,0.246,1.3,10.1,5.6,33.1,1.4,1.0,13.2,25.1,2.9,1.5,4.4,0.101,2.2,-1.5,0.8,1.4,17.6,0.125,0.124,0.101,0.105,0.492,0.689,0.405,0.459,0.373,0.34,0.262,0.619,0.008,5,0.081,2,0
81,Davion Mitchell,23,SAC,PG,75,19,2076,6.1,14.6,0.418,1.8,5.5,0.316,4.4,9.1,0.48,0.477,1.0,1.5,0.659,0.6,2.3,2.9,5.4,1.0,0.4,2.0,2.4,14.9,,mitchda01,10.8,0.489,0.38,0.101,1.7,7.0,4.4,22.5,1.3,1.0,11.5,20.6,-0.5,0.6,0.1,0.003,-2.1,-1.7,-3.8,-0.9,15.4,0.187,0.154,0.108,0.167,0.48,0.646,0.438,0.352,0.418,0.316,0.231,0.653,0.004,3,0.116,4,0
82,Cole Anthony,21,ORL,PG,65,65,2059,6.2,15.9,0.391,2.3,6.8,0.338,3.9,9.1,0.432,0.464,3.8,4.4,0.854,0.6,5.5,6.1,6.5,0.8,0.3,3.0,3.0,18.6,,anthoco01,13.5,0.519,0.429,0.277,1.6,16.2,8.9,28.9,1.1,0.8,14.2,25.1,-0.1,1.7,1.6,0.038,-0.6,-0.6,-1.2,0.4,16.2,0.147,0.214,0.095,0.115,0.432,0.59,0.385,0.448,0.305,0.338,0.24,0.667,0.025,14,0.087,2,0
83,Mike Conley,34,UTA,PG,72,72,2058,6.0,13.8,0.435,3.0,7.2,0.408,3.1,6.6,0.464,0.542,2.3,2.8,0.796,0.8,3.0,3.8,6.7,1.7,0.4,2.2,2.5,17.2,,conlemi01,17.2,0.572,0.523,0.205,2.6,8.8,5.8,27.7,2.3,0.9,12.5,20.9,4.4,2.3,6.7,0.157,2.4,0.7,3.1,2.7,17.1,0.075,0.268,0.109,0.025,0.464,0.559,0.453,0.442,0.4,0.408,0.257,0.521,0.001,0,0.167,1,0
84,Justin Holiday,32,2TM,SF,74,65,2057,4.6,11.6,0.394,3.1,8.4,0.367,1.5,3.2,0.467,0.528,0.9,1.1,0.806,0.5,2.8,3.3,2.2,1.0,0.6,1.2,2.7,13.1,,holidju01,9.5,0.543,0.728,0.094,1.5,8.8,5.1,8.6,1.3,1.4,9.2,15.8,0.8,0.6,1.4,0.033,-1.4,-0.8,-2.2,-0.1,20.4,0.103,0.048,0.044,0.073,0.467,0.603,0.344,0.483,0.375,0.367,0.786,0.955,0.021,12,0.284,1,0
84,Justin Holiday,32,IND,SF,49,40,1416,4.8,11.6,0.415,3.2,8.5,0.378,1.6,3.1,0.516,0.553,0.9,1.0,0.829,0.5,3.0,3.4,2.3,0.9,0.5,1.2,2.7,13.8,,holidju01,10.3,0.568,0.734,0.09,1.4,9.4,5.3,8.8,1.2,1.1,9.3,15.9,1.0,0.3,1.4,0.047,-0.8,-0.8,-1.7,0.1,20.7,0.098,0.037,0.05,0.074,0.516,0.689,0.353,0.478,0.441,0.378,0.825,0.961,0.017,7,0.286,1,0
84,Justin Holiday,32,SAC,SG,25,25,641,4.0,11.5,0.348,2.8,8.2,0.342,1.2,3.3,0.362,0.471,0.9,1.2,0.762,0.6,2.5,3.1,2.1,1.2,0.8,1.2,2.8,11.7,,holidju01,7.9,0.488,0.716,0.103,1.8,7.5,4.7,8.1,1.6,2.0,9.0,15.7,-0.3,0.3,0.0,0.004,-2.6,-0.8,-3.4,-0.2,20.0,0.113,0.074,0.029,0.069,0.362,0.435,0.333,0.5,0.214,0.342,0.667,0.94,0.029,5,0.281,0,0
85,Jae'Sean Tate,26,HOU,PF,78,77,2056,6.4,12.8,0.498,1.1,3.5,0.312,5.3,9.2,0.569,0.541,2.3,3.2,0.707,2.4,5.0,7.4,3.9,1.3,0.7,2.4,5.0,16.1,,tateja01,14.3,0.567,0.277,0.252,7.2,15.3,11.2,16.9,1.7,1.8,14.6,19.6,1.9,1.1,3.0,0.071,-1.3,-0.5,-1.8,0.1,9.2,0.414,0.295,0.01,0.004,0.569,0.705,0.391,0.286,0.333,0.312,0.49,0.937,0.064,43,0.391,0,0
86,Kevin Durant,33,BRK,PF,55,55,2047,10.2,19.6,0.518,2.0,5.3,0.383,8.1,14.3,0.568,0.57,6.5,7.2,0.91,0.5,6.6,7.2,6.2,0.8,0.9,3.4,2.0,28.9,MVP-10ASNBA2,duranke01,25.6,0.634,0.269,0.367,1.6,19.6,10.8,29.1,1.1,2.3,12.9,31.2,6.4,2.0,8.4,0.198,6.4,0.7,7.2,4.8,14.9,0.105,0.141,0.313,0.16,0.568,0.744,0.516,0.53,0.579,0.383,0.492,0.548,0.032,33,0.067,0,0
87,Duncan Robinson,27,MIA,SG,79,68,2043,5.1,12.8,0.399,4.1,11.0,0.372,1.0,1.8,0.569,0.559,0.9,1.1,0.836,0.4,3.2,3.6,2.3,0.7,0.2,1.1,3.5,15.2,,robindu01,10.6,0.573,0.86,0.084,1.4,9.8,5.6,9.3,1.0,0.7,7.4,17.7,1.9,2.0,3.9,0.092,-0.3,-0.3,-0.6,0.7,22.4,0.077,0.039,0.012,0.012,0.569,0.679,0.393,0.556,0.444,0.372,0.828,0.953,0.003,2,0.236,0,0
88,Clint Capela,27,ATL,C,74,73,2042,6.5,10.6,0.613,0.0,0.0,0.0,6.5,10.6,0.614,0.613,1.4,3.0,0.473,4.9,10.5,15.5,1.6,1.0,1.6,0.8,2.9,14.5,,capelca01,21.4,0.604,0.002,0.28,15.0,31.9,23.5,6.6,1.3,4.1,6.1,15.5,5.6,2.7,8.3,0.195,2.1,-0.1,2.0,2.1,2.2,0.757,0.22,0.007,0.002,0.614,0.687,0.391,0.5,0.0,0.0,0.759,,0.293,163,0.0,1,0
89,Bobby Portis,26,MIL,C,72,59,2028,7.4,15.5,0.479,2.4,6.0,0.393,5.0,9.5,0.533,0.555,1.5,2.0,0.752,3.2,8.5,11.7,1.5,0.9,0.9,1.6,3.1,18.7,,portibo01,17.7,0.571,0.388,0.13,9.6,24.4,17.2,6.4,1.3,2.4,8.9,21.3,2.9,2.6,5.5,0.131,1.2,-1.0,0.2,1.1,14.3,0.217,0.184,0.125,0.082,0.533,0.64,0.5,0.45,0.437,0.393,0.546,1.0,0.036,23,0.376,2,0
90,Al Horford,35,BOS,C,69,69,2005,4.8,10.2,0.467,1.6,4.8,0.336,3.2,5.5,0.582,0.546,1.4,1.7,0.842,1.9,7.6,9.5,4.2,0.9,1.7,1.2,2.3,12.6,DPOY-9,horfoal01,16.7,0.574,0.466,0.167,6.0,22.2,14.3,16.4,1.2,4.2,9.6,14.8,3.7,3.8,7.6,0.181,1.4,2.9,4.3,3.2,15.1,0.162,0.237,0.069,0.053,0.582,0.772,0.519,0.538,0.333,0.336,0.661,0.955,0.054,30,0.279,0,0
91,Steven Adams,28,MEM,C,76,75,1999,3.8,6.9,0.547,0.0,0.0,0.0,3.8,6.9,0.548,0.547,1.9,3.6,0.543,6.3,7.4,13.7,4.6,1.2,1.1,2.1,2.8,9.5,,adamsst01,17.6,0.56,0.003,0.518,17.9,22.0,19.9,16.1,1.6,2.7,19.6,12.0,3.8,3.0,6.8,0.163,1.0,1.0,2.0,2.0,2.8,0.682,0.25,0.042,0.003,0.548,0.637,0.354,0.438,0.0,0.0,0.481,,0.143,48,0.0,1,0
92,Kelly Oubre Jr.,26,CHO,SF,76,13,1999,7.4,16.8,0.44,3.4,10.0,0.345,3.9,6.8,0.578,0.542,2.3,3.4,0.667,1.4,4.0,5.4,1.5,1.4,0.6,1.2,3.4,20.5,6MOY-7,oubreke01,14.9,0.56,0.593,0.203,4.1,12.0,8.0,6.2,1.8,1.5,6.2,23.0,1.8,1.4,3.3,0.079,0.2,-1.6,-1.4,0.3,16.9,0.231,0.121,0.042,0.013,0.578,0.716,0.425,0.308,0.417,0.345,0.612,0.932,0.063,53,0.313,2,0
93,Deni Avdija,21,WAS,SF,82,8,1984,4.5,10.5,0.432,1.5,4.7,0.317,3.0,5.8,0.525,0.503,1.9,2.5,0.757,0.9,6.8,7.7,3.0,1.1,0.8,1.6,3.4,12.4,,avdijde01,11.6,0.536,0.447,0.235,3.0,20.5,11.9,11.8,1.5,1.9,12.0,16.3,0.6,1.8,2.4,0.058,-2.1,0.4,-1.7,0.1,14.3,0.219,0.261,0.04,0.031,0.525,0.63,0.464,0.435,0.389,0.317,0.583,0.927,0.021,6,0.247,1,0
94,P.J. Tucker,36,MIA,PF,71,70,1981,3.8,7.8,0.484,1.5,3.5,0.415,2.3,4.3,0.54,0.577,0.8,1.1,0.738,1.8,5.2,7.0,2.7,1.1,0.3,1.2,2.9,9.8,,tuckepj01,11.3,0.593,0.451,0.143,5.8,16.2,11.1,10.6,1.5,0.8,12.7,11.7,2.4,2.6,5.0,0.121,-0.8,1.4,0.6,1.3,13.4,0.199,0.245,0.077,0.016,0.54,0.6,0.543,0.455,0.286,0.415,0.811,0.95,0.007,3,0.86,0,0
95,Isaac Okoro,21,CLE,SF,67,61,1981,3.8,7.8,0.48,1.0,2.9,0.35,2.8,5.0,0.555,0.544,2.2,2.8,0.768,1.3,2.3,3.7,2.2,1.0,0.4,1.1,3.0,10.7,,okorois01,10.4,0.589,0.364,0.36,4.1,7.1,5.6,8.5,1.4,1.0,10.4,12.4,2.4,1.9,4.2,0.103,-2.4,0.7,-1.7,0.1,10.4,0.487,0.123,0.009,0.016,0.555,0.648,0.264,0.25,0.143,0.35,0.717,0.945,0.09,36,0.732,0,0
96,Spencer Dinwiddie,28,2TM,PG,67,51,1980,5.6,13.4,0.416,2.0,6.0,0.339,3.5,7.4,0.479,0.493,3.5,4.6,0.774,0.8,4.3,5.1,6.3,0.8,0.2,1.9,2.7,16.7,,dinwisp01,15.1,0.543,0.449,0.343,2.6,13.0,7.8,25.7,1.1,0.6,10.9,21.4,2.7,1.4,4.1,0.098,0.8,-0.4,0.3,1.1,15.0,0.174,0.227,0.086,0.049,0.479,0.641,0.395,0.444,0.333,0.339,0.201,0.536,0.007,3,0.182,1,0
96,Spencer Dinwiddie,28,WAS,PG,44,44,1330,5.0,13.3,0.376,1.9,6.1,0.31,3.1,7.2,0.432,0.447,3.1,3.9,0.811,1.0,4.6,5.6,6.9,0.7,0.2,2.0,2.9,15.0,,dinwisp01,13.2,0.501,0.459,0.291,3.0,14.0,8.6,27.5,1.0,0.4,11.6,21.0,0.9,0.7,1.6,0.058,-0.2,-0.7,-0.9,0.3,15.8,0.15,0.222,0.087,0.059,0.432,0.568,0.376,0.372,0.345,0.31,0.148,0.5,0.006,1,0.142,1,0
96,Spencer Dinwiddie,28,DAL,PG,23,7,650,6.7,13.5,0.498,2.3,5.8,0.404,4.4,7.7,0.568,0.584,4.4,6.0,0.725,0.5,3.5,4.0,5.0,0.9,0.3,1.7,2.4,20.1,,dinwisp01,19.0,0.624,0.428,0.449,1.5,10.8,6.2,22.0,1.3,0.8,9.6,22.3,1.8,0.7,2.5,0.182,2.8,0.1,2.9,0.8,14.2,0.222,0.239,0.082,0.029,0.568,0.741,0.431,0.6,0.286,0.404,0.278,0.595,0.008,2,0.269,0,0
97,Malik Beasley,25,MIN,SG,79,18,1976,6.0,15.5,0.391,4.4,11.6,0.377,1.7,3.9,0.432,0.532,0.9,1.1,0.817,0.5,3.7,4.1,2.1,0.8,0.2,0.8,1.6,17.4,,beaslma01,11.9,0.544,0.749,0.071,1.4,11.2,6.2,8.5,1.0,0.6,4.7,19.4,1.7,1.2,2.9,0.069,0.7,-1.5,-0.7,0.7,20.6,0.088,0.066,0.052,0.045,0.432,0.587,0.357,0.341,0.342,0.377,0.652,0.896,0.02,16,0.316,4,0
98,Jakob Poeltl,26,SAS,C,68,67,1970,7.5,12.1,0.618,0.0,0.0,1.0,7.5,12.1,0.618,0.619,1.7,3.5,0.495,4.8,6.8,11.6,3.5,0.8,2.2,2.0,3.9,16.7,,poeltja01,20.8,0.613,0.002,0.287,13.9,20.0,16.9,14.0,1.1,5.0,12.7,18.3,4.4,2.5,6.9,0.168,0.9,0.7,1.6,1.7,4.7,0.471,0.391,0.133,0.005,0.618,0.747,0.514,0.477,0.333,1.0,0.702,1.0,0.072,44,0.0,1,1
99,Shai Gilgeous-Alexander,23,OKC,PG,56,56,1942,8.8,19.5,0.453,1.6,5.5,0.3,7.2,14.0,0.514,0.496,6.1,7.5,0.81,0.7,4.5,5.2,6.1,1.3,0.9,2.9,2.6,25.4,,gilgesh01,20.9,0.557,0.282,0.385,1.9,13.0,7.4,31.1,1.8,2.2,11.1,30.8,2.8,1.8,4.6,0.113,2.9,0.5,3.4,2.7,11.8,0.217,0.317,0.13,0.047,0.514,0.667,0.447,0.445,0.49,0.3,0.137,0.303,0.023,23,0.077,0,0
100,Robert Covington,31,2TM,PF,71,42,1940,3.9,9.2,0.42,2.4,6.3,0.378,1.5,3.0,0.509,0.548,1.1,1.3,0.841,1.1,6.2,7.3,1.7,1.9,1.7,1.4,3.5,11.2,,covinro01,12.4,0.572,0.681,0.139,3.3,18.9,11.0,6.8,2.6,4.4,12.4,13.5,0.8,2.4,3.2,0.08,-1.6,1.7,0.2,1.1,18.6,0.171,0.108,0.022,0.018,0.509,0.659,0.333,0.273,0.444,0.378,0.654,0.922,0.03,12,0.192,0,0
100,Robert Covington,31,POR,PF,48,40,1431,3.2,8.5,0.381,2.0,5.8,0.343,1.2,2.7,0.462,0.499,0.8,0.9,0.833,1.0,5.9,6.9,1.7,1.9,1.6,1.5,3.3,9.2,,covinro01,10.0,0.519,0.685,0.107,3.0,18.6,10.5,6.7,2.5,4.3,14.2,12.4,-0.3,1.4,1.1,0.037,-2.8,1.6,-1.2,0.3,18.6,0.164,0.11,0.021,0.021,0.462,0.6,0.324,0.286,0.286,0.343,0.612,0.949,0.021,6,0.183,0,0
100,Robert Covington,31,LAC,PF,23,2,509,5.7,11.5,0.5,3.5,7.7,0.45,2.3,3.7,0.604,0.651,2.0,2.3,0.848,1.3,7.0,8.3,1.7,2.1,2.0,1.2,4.1,16.9,,covinro01,19.4,0.677,0.673,0.204,3.9,20.0,12.2,7.0,2.8,4.7,8.8,16.7,1.1,1.0,2.1,0.2,1.9,2.2,4.1,0.8,18.7,0.185,0.105,0.025,0.012,0.604,0.767,0.353,0.25,1.0,0.45,0.719,0.878,0.049,6,0.211,0,0
101,Devin Vassell,21,SAS,SF,71,32,1937,6.1,14.2,0.427,2.5,7.1,0.361,3.5,7.1,0.492,0.516,1.5,1.8,0.838,0.8,4.9,5.7,2.5,1.4,0.8,1.1,2.7,16.2,,vassede01,13.3,0.54,0.497,0.13,2.4,14.3,8.3,9.7,1.9,1.8,6.7,18.9,1.3,2.0,3.3,0.082,-0.5,0.0,-0.5,0.7,17.3,0.131,0.126,0.151,0.096,0.492,0.67,0.448,0.417,0.425,0.361,0.672,0.971,0.043,28,0.326,1,0
102,Jimmy Butler,32,MIA,SF,57,57,1931,7.4,15.5,0.48,0.5,2.2,0.233,6.9,13.3,0.52,0.496,7.4,8.5,0.87,1.9,4.4,6.3,5.8,1.8,0.5,2.3,1.6,22.7,AS,butleji01,23.6,0.592,0.14,0.549,6.1,13.5,9.9,26.4,2.4,1.5,10.5,26.5,6.2,2.9,9.2,0.228,4.5,1.9,6.3,4.0,9.4,0.296,0.286,0.191,0.066,0.52,0.706,0.422,0.468,0.327,0.233,0.369,0.778,0.051,38,0.466,2,0
103,Darius Bazley,21,OKC,PF,69,53,1924,5.1,12.1,0.422,1.5,5.0,0.297,3.6,7.1,0.511,0.484,2.2,3.2,0.688,1.3,6.8,8.2,1.8,1.1,1.3,1.7,1.3,13.9,,bazleda01,12.6,0.515,0.414,0.262,3.7,19.8,11.6,7.7,1.5,3.4,11.1,18.3,-0.5,2.2,1.8,0.044,-2.1,0.3,-1.8,0.1,12.4,0.297,0.251,0.011,0.017,0.511,0.611,0.405,0.571,0.182,0.297,0.634,0.913,0.14,75,0.234,1,0
104,Luke Kennard,25,LAC,SG,70,13,1919,5.4,12.0,0.449,3.6,7.9,0.449,1.8,4.1,0.449,0.598,1.3,1.4,0.896,0.4,3.9,4.3,2.7,0.8,0.1,1.1,1.9,15.6,6MOY-5,kennalu01,13.3,0.619,0.662,0.121,1.1,11.2,6.3,11.2,1.1,0.3,8.2,16.8,2.8,1.7,4.5,0.113,0.8,-0.3,0.5,1.2,20.5,0.05,0.086,0.121,0.08,0.449,0.625,0.455,0.416,0.392,0.449,0.66,0.911,0.0,0,0.139,0,0
105,Kevin Porter Jr.,21,HOU,PG,61,61,1907,6.3,15.3,0.415,2.9,7.8,0.375,3.4,7.5,0.456,0.511,2.3,3.6,0.642,0.8,4.2,5.0,7.1,1.3,0.4,3.6,2.9,17.9,,porteke02,13.5,0.531,0.511,0.239,2.5,13.0,7.7,30.7,1.7,1.0,17.7,24.1,0.0,0.8,0.8,0.021,-0.1,-1.6,-1.6,0.2,16.5,0.203,0.157,0.058,0.071,0.456,0.646,0.291,0.362,0.351,0.375,0.267,0.516,0.052,34,0.107,0,0
106,Reggie Bullock,30,DAL,SF,68,37,1902,3.8,9.5,0.401,2.7,7.4,0.36,1.1,2.1,0.55,0.542,0.8,0.9,0.833,0.6,3.9,4.6,1.6,0.8,0.3,0.8,2.1,11.0,,bullore01,9.2,0.558,0.782,0.096,1.9,12.2,7.0,6.1,1.1,0.7,7.1,13.3,1.2,2.0,3.2,0.08,-1.4,0.0,-1.4,0.3,20.9,0.096,0.048,0.032,0.042,0.55,0.688,0.292,0.688,0.429,0.36,0.767,0.986,0.004,2,0.446,0,0
107,Ja Morant,22,MEM,PG,57,57,1889,11.1,22.4,0.493,1.7,4.9,0.344,9.4,17.6,0.534,0.53,6.0,7.9,0.761,1.5,4.7,6.2,7.3,1.3,0.4,3.7,1.6,29.8,MVP-7MIP-1ASNBA2,moranja01,24.4,0.575,0.218,0.353,4.2,14.1,9.0,34.1,1.7,1.0,12.6,33.7,4.6,2.1,6.7,0.171,6.2,-0.1,6.1,3.9,10.1,0.33,0.29,0.134,0.024,0.534,0.709,0.434,0.38,0.25,0.344,0.248,0.477,0.057,58,0.082,3,0
108,Jae Crowder,31,PHO,PF,67,67,1886,4.1,10.4,0.399,2.4,7.0,0.348,1.7,3.4,0.503,0.516,1.4,1.7,0.789,0.6,6.2,6.8,2.4,1.8,0.6,1.0,3.3,12.1,,crowdja01,11.3,0.541,0.671,0.165,1.8,18.0,10.1,8.3,2.4,1.4,8.6,14.6,0.9,3.4,4.3,0.11,-1.3,2.4,1.1,1.5,20.4,0.053,0.09,0.079,0.097,0.503,0.655,0.449,0.488,0.491,0.348,0.8,0.913,0.004,2,0.205,1,0
109,Jarred Vanderbilt,22,MIN,PF,74,67,1880,4.1,6.9,0.587,0.0,0.3,0.143,4.0,6.6,0.605,0.59,1.6,2.5,0.656,4.1,7.8,11.9,1.8,1.9,0.9,1.4,3.5,9.8,,vandeja01,15.3,0.612,0.039,0.363,12.0,23.9,17.8,6.7,2.5,2.4,14.8,10.9,3.1,2.9,6.0,0.153,-0.8,1.0,0.2,1.1,3.0,0.717,0.208,0.019,0.0,0.605,0.707,0.293,0.143,,0.143,0.681,1.0,0.341,116,0.643,0,0
110,Lauri Markkanen,24,CLE,SF,61,61,1878,6.0,13.5,0.445,2.6,7.3,0.358,3.4,6.2,0.548,0.542,2.6,3.0,0.868,1.1,5.5,6.6,1.6,0.9,0.6,1.0,2.5,17.3,,markkla01,14.7,0.582,0.541,0.226,3.5,16.5,10.2,6.6,1.2,1.4,6.5,19.5,2.7,2.3,5.0,0.127,0.4,-0.1,0.4,1.1,16.4,0.223,0.142,0.061,0.028,0.548,0.675,0.45,0.326,0.5,0.358,0.678,0.993,0.08,51,0.2,0,0
111,Grant Williams,23,BOS,PF,77,21,1875,3.9,8.3,0.475,2.0,5.0,0.411,1.9,3.3,0.569,0.597,1.7,1.8,0.905,1.2,4.0,5.3,1.5,0.7,1.1,1.2,3.6,11.6,,willigr01,11.2,0.635,0.597,0.22,3.8,11.8,7.9,5.7,1.0,2.8,11.6,12.6,2.4,2.6,5.1,0.13,-1.4,1.1,-0.4,0.8,16.5,0.185,0.167,0.035,0.014,0.569,0.75,0.5,0.133,0.167,0.411,0.717,0.991,0.032,11,0.481,0,0
112,Brandon Ingram,24,NOP,SF,55,55,1869,8.7,18.9,0.461,1.4,4.4,0.327,7.3,14.6,0.501,0.498,5.1,6.2,0.826,0.7,5.5,6.2,5.9,0.7,0.5,2.9,2.3,24.0,,ingrabr01,18.7,0.554,0.23,0.328,2.0,17.3,9.5,27.8,0.9,1.3,11.8,29.3,2.5,1.3,3.9,0.099,2.6,-0.6,2.0,1.9,14.3,0.14,0.149,0.245,0.222,0.501,0.681,0.438,0.51,0.427,0.327,0.396,0.851,0.045,39,0.128,3,1
113,Cody Martin,26,CHO,SF,71,11,1866,3.9,8.2,0.482,1.2,3.1,0.384,2.8,5.1,0.542,0.554,1.4,2.1,0.701,1.6,3.9,5.5,3.5,1.7,0.6,1.2,2.2,10.5,,martico01,12.7,0.579,0.376,0.253,4.6,11.7,8.1,12.4,2.3,1.6,11.5,12.1,2.4,1.5,3.9,0.101,-1.2,0.7,-0.5,0.7,12.1,0.39,0.137,0.045,0.052,0.542,0.679,0.345,0.316,0.227,0.384,0.636,0.885,0.092,34,0.597,1,0
114,Ivica Zubac,24,LAC,C,76,76,1852,6.0,9.6,0.626,0.0,0.0,,6.0,9.6,0.626,0.626,3.2,4.4,0.727,4.2,8.3,12.5,2.3,0.7,1.5,2.2,3.9,15.3,,zubaciv01,19.2,0.66,0.0,0.459,12.8,23.7,18.4,9.8,1.0,3.5,16.1,16.8,4.3,2.9,7.2,0.187,-0.1,0.8,0.7,1.3,3.4,0.572,0.378,0.032,0.006,0.626,0.714,0.508,0.5,0.333,,0.706,,0.242,108,,0,0
115,Wendell Carter Jr.,22,ORL,PF,62,61,1852,7.0,13.3,0.525,1.4,4.2,0.327,5.6,9.1,0.615,0.576,2.8,4.0,0.691,2.7,9.9,12.6,3.3,0.7,0.8,2.3,3.3,18.1,,cartewe01,18.4,0.601,0.313,0.303,7.9,29.1,18.5,15.4,0.9,2.1,13.1,20.9,2.6,2.4,5.0,0.129,1.0,0.6,1.6,1.7,12.1,0.327,0.202,0.101,0.057,0.615,0.781,0.457,0.478,0.462,0.327,0.609,1.0,0.143,90,0.103,1,0
116,Jeff Green,35,DEN,PF,75,63,1849,5.4,10.3,0.524,1.0,3.3,0.315,4.4,7.0,0.62,0.574,3.2,3.9,0.833,0.8,3.7,4.5,1.9,0.5,0.5,1.4,2.9,15.0,,greenje02,12.5,0.627,0.318,0.374,2.6,11.1,7.0,7.3,0.7,1.3,10.3,16.3,2.7,1.2,3.9,0.101,-1.2,-1.3,-2.5,-0.2,11.3,0.342,0.233,0.078,0.03,0.62,0.79,0.496,0.415,0.188,0.315,0.821,0.981,0.153,74,0.548,2,0
117,Mitchell Robinson,23,NYK,C,72,62,1848,5.1,6.7,0.761,0.0,0.0,,5.1,6.7,0.761,0.761,1.7,3.5,0.486,5.7,6.3,12.0,0.7,1.1,2.6,1.2,3.8,11.9,,robinmi01,20.7,0.722,0.0,0.528,16.8,19.1,17.9,3.2,1.6,7.1,12.4,11.4,5.3,3.2,8.5,0.221,1.0,1.2,2.2,2.0,1.2,0.918,0.082,0.0,0.0,0.761,0.781,0.536,,,,0.517,,0.583,178,,0,0
118,Bogdan Bogdanović,29,ATL,SG,63,27,1848,6.7,15.5,0.431,3.3,8.9,0.368,3.4,6.5,0.516,0.537,1.9,2.2,0.843,0.6,4.3,4.9,3.8,1.3,0.3,1.4,2.6,18.5,6MOY-6,bogdabo01,15.4,0.562,0.578,0.145,1.7,13.0,7.4,15.5,1.8,0.7,7.7,21.6,2.5,1.2,3.7,0.095,1.5,-0.2,1.3,1.5,18.4,0.111,0.113,0.106,0.084,0.516,0.625,0.444,0.524,0.478,0.368,0.376,0.781,0.005,3,0.227,3,0
119,Dennis Schröder,28,2TM,PG,64,29,1837,6.1,14.2,0.431,1.7,4.9,0.344,4.4,9.3,0.477,0.49,3.1,3.6,0.853,0.7,3.5,4.2,5.8,1.0,0.2,2.8,3.0,17.0,,schrode01,13.0,0.539,0.345,0.254,2.0,10.5,6.3,24.2,1.4,0.4,15.1,22.6,1.0,1.9,2.9,0.076,-1.5,-0.4,-1.9,0.0,14.8,0.167,0.221,0.123,0.131,0.477,0.636,0.45,0.382,0.432,0.344,0.265,0.698,0.0,0,0.104,1,0
119,Dennis Schröder,28,BOS,PG,49,25,1433,6.5,14.7,0.44,1.7,4.8,0.349,4.8,9.8,0.485,0.497,3.1,3.6,0.848,0.7,3.4,4.1,5.2,1.0,0.1,2.6,2.9,17.7,,schrode01,13.5,0.543,0.329,0.248,2.2,10.0,6.2,22.0,1.4,0.3,13.8,23.1,1.0,1.8,2.8,0.092,-1.2,0.0,-1.2,0.3,14.1,0.161,0.231,0.128,0.135,0.485,0.649,0.481,0.413,0.392,0.349,0.289,0.701,0.0,0,0.115,1,0
119,Dennis Schröder,28,HOU,PG,15,4,404,4.9,12.5,0.393,1.7,5.2,0.328,3.2,7.3,0.439,0.461,3.0,3.5,0.872,0.5,3.9,4.5,7.8,1.1,0.3,3.5,3.4,14.5,,schrode01,11.5,0.519,0.414,0.279,1.6,12.0,6.8,32.0,1.4,0.7,19.9,20.6,0.1,0.1,0.2,0.02,-2.5,-1.9,-4.4,-0.2,15.6,0.193,0.179,0.1,0.114,0.439,0.593,0.28,0.214,0.625,0.328,0.139,0.684,0.0,0,0.069,0,0
120,Bam Adebayo,24,MIA,C,56,56,1825,8.0,14.4,0.557,0.0,0.1,0.0,8.0,14.3,0.562,0.557,5.0,6.7,0.753,2.7,8.4,11.1,3.7,1.6,0.9,2.9,3.4,21.1,DPOY-4DEF2,adebaba01,21.8,0.608,0.008,0.466,8.7,26.1,17.5,17.5,2.2,2.6,14.4,25.0,3.6,3.5,7.2,0.188,1.7,2.1,3.8,2.7,6.9,0.38,0.306,0.196,0.086,0.562,0.776,0.471,0.406,0.317,0.0,0.596,,0.173,114,0.0,2,0
121,Mo Bamba,23,ORL,C,71,69,1824,5.8,12.2,0.48,2.1,5.5,0.381,3.7,6.6,0.563,0.566,1.1,1.4,0.781,2.9,8.4,11.3,1.7,0.7,2.3,1.5,3.6,14.9,,bambamo01,16.5,0.582,0.455,0.118,8.5,24.6,16.5,7.4,1.0,5.9,10.6,17.2,1.8,2.7,4.5,0.118,-0.2,0.9,0.7,1.2,14.3,0.285,0.157,0.045,0.057,0.563,0.727,0.433,0.286,0.314,0.381,0.566,0.991,0.159,85,0.27,0,0
122,Isaiah Stewart,20,DET,C,71,71,1816,5.0,9.7,0.51,0.3,0.9,0.326,4.7,8.8,0.529,0.526,1.5,2.0,0.718,4.5,7.8,12.2,1.6,0.4,1.5,1.7,4.2,11.7,,stewais01,14.0,0.55,0.094,0.21,12.8,24.5,18.4,6.9,0.6,3.9,13.7,14.6,1.6,1.8,3.4,0.091,-2.5,-0.8,-3.3,-0.6,5.6,0.584,0.243,0.039,0.041,0.529,0.591,0.445,0.158,0.5,0.326,0.689,0.933,0.061,28,0.087,0,0
123,Jarrett Allen,23,CLE,C,56,56,1809,7.3,10.8,0.677,0.0,0.2,0.1,7.3,10.6,0.688,0.678,3.3,4.6,0.708,3.8,8.2,12.0,1.8,0.9,1.5,1.9,1.9,18.0,AS,allenja01,23.0,0.698,0.018,0.428,12.0,24.5,18.4,8.2,1.2,3.7,12.7,18.1,5.4,3.0,8.5,0.225,2.7,1.2,3.9,2.7,3.7,0.622,0.288,0.042,0.018,0.688,0.808,0.478,0.478,0.6,0.1,0.731,0.0,0.341,163,0.5,0,0
124,Grayson Allen,26,MIL,SG,66,61,1805,5.1,11.3,0.448,3.2,7.8,0.409,1.9,3.6,0.533,0.588,1.3,1.5,0.865,0.6,3.8,4.4,2.0,0.9,0.4,0.9,1.9,14.6,,allengr01,12.7,0.609,0.684,0.13,1.9,10.9,6.5,7.6,1.2,1.0,6.7,15.2,2.8,1.4,4.2,0.11,0.6,-0.2,0.4,1.1,18.8,0.155,0.097,0.047,0.012,0.533,0.67,0.4,0.37,0.429,0.409,0.625,0.893,0.021,9,0.257,0,0
125,Robert Williams,24,BOS,C,61,61,1804,5.4,7.3,0.736,0.0,0.0,0.0,5.4,7.3,0.738,0.736,1.3,1.8,0.722,4.7,7.0,11.7,2.4,1.1,2.7,1.3,2.7,12.1,DPOY-7DEF2,williro04,22.1,0.745,0.003,0.245,14.6,20.5,17.6,9.7,1.5,6.8,13.4,11.5,6.0,3.9,9.9,0.262,2.4,3.1,5.5,3.4,2.4,0.758,0.19,0.014,0.014,0.738,0.796,0.571,0.2,0.4,0.0,0.675,,0.465,155,0.0,0,0
126,Jaden McDaniels,21,MIN,PF,70,31,1803,5.1,11.1,0.46,1.6,5.0,0.317,3.5,6.0,0.579,0.532,1.1,1.4,0.803,1.5,4.3,5.9,1.6,1.0,1.1,1.5,4.5,12.9,,mcdanja02,10.3,0.553,0.455,0.128,4.4,13.2,8.7,6.1,1.4,2.9,11.4,15.3,0.7,1.7,2.4,0.065,-2.9,-0.1,-2.9,-0.4,13.7,0.283,0.179,0.054,0.029,0.579,0.726,0.364,0.533,0.563,0.317,0.72,0.975,0.101,46,0.484,1,0
127,Immanuel Quickley,22,NYK,PG,78,3,1802,5.7,14.5,0.392,2.7,7.9,0.346,2.9,6.6,0.448,0.487,3.5,4.0,0.881,0.6,4.3,4.9,5.5,1.1,0.1,2.0,3.3,17.6,6MOY-10,quickim01,14.6,0.543,0.547,0.278,1.8,13.1,7.4,24.5,1.5,0.2,10.9,22.2,2.5,1.8,4.2,0.113,0.2,0.0,0.2,1.0,18.4,0.09,0.167,0.13,0.066,0.448,0.631,0.421,0.404,0.354,0.346,0.299,0.526,0.004,2,0.104,0,0
128,Corey Kispert,22,WAS,SF,77,36,1801,4.7,10.3,0.455,2.2,6.4,0.35,2.4,3.9,0.629,0.564,1.1,1.2,0.871,1.1,3.1,4.2,1.7,0.7,0.4,1.0,1.9,12.7,,kispeco01,10.9,0.586,0.623,0.121,3.3,9.4,6.4,6.7,1.0,1.0,8.5,14.6,1.6,0.7,2.3,0.061,-0.8,-1.5,-2.3,-0.1,18.0,0.167,0.132,0.045,0.033,0.629,0.791,0.515,0.565,0.353,0.35,0.803,0.982,0.025,12,0.325,0,0
129,Dwight Powell,30,DAL,C,82,71,1798,5.4,8.0,0.671,0.3,0.7,0.351,5.1,7.3,0.703,0.687,3.3,4.2,0.783,3.5,4.6,8.1,1.9,0.7,0.8,1.3,4.4,14.4,,poweldw01,18.1,0.725,0.092,0.529,10.7,14.3,12.5,8.1,1.0,2.0,11.5,14.0,6.0,2.2,8.2,0.219,0.4,0.5,0.9,1.3,4.6,0.708,0.16,0.02,0.02,0.703,0.792,0.422,0.375,0.125,0.351,0.855,1.0,0.302,108,0.216,1,0
130,Mason Plumlee,31,CHO,C,73,73,1793,4.1,6.4,0.641,0.0,0.0,0.0,4.1,6.4,0.645,0.641,1.3,3.4,0.392,3.5,7.8,11.3,4.5,1.2,1.0,2.0,4.5,9.6,,plumlma01,14.7,0.603,0.006,0.534,10.2,23.3,16.7,16.4,1.6,2.7,20.2,11.7,2.7,2.0,4.7,0.127,-1.5,1.5,0.0,0.9,3.1,0.681,0.266,0.044,0.003,0.645,0.752,0.424,0.357,0.0,0.0,0.776,,0.375,108,0.0,1,0
131,Carmelo Anthony,37,LAL,PF,69,3,1793,6.4,14.5,0.441,3.0,8.0,0.375,3.4,6.5,0.521,0.544,2.7,3.2,0.83,1.2,4.5,5.8,1.4,0.9,1.0,1.2,3.3,18.5,,anthoca01,14.8,0.579,0.549,0.22,3.7,13.5,8.6,5.6,1.3,2.6,6.9,20.4,2.2,1.4,3.6,0.097,0.4,-0.8,-0.5,0.7,18.7,0.097,0.066,0.151,0.129,0.521,0.657,0.417,0.505,0.484,0.375,0.465,0.913,0.018,10,0.171,0,0
132,Josh Hart,26,2TM,SG,54,53,1791,5.8,11.4,0.504,1.5,4.3,0.343,4.3,7.2,0.601,0.569,3.2,4.2,0.758,1.2,6.6,7.8,4.5,1.2,0.3,2.3,3.0,16.2,,hartjo01,16.1,0.61,0.374,0.371,3.7,20.7,12.0,18.9,1.7,0.7,14.7,18.6,2.8,1.5,4.4,0.117,0.5,0.5,0.9,1.3,13.0,0.399,0.134,0.06,0.033,0.601,0.705,0.434,0.382,0.421,0.343,0.472,0.74,0.035,19,0.169,0,0
132,Josh Hart,26,NOP,SG,41,40,1374,5.1,10.1,0.505,1.1,3.4,0.323,4.0,6.7,0.598,0.56,3.0,4.0,0.753,1.4,6.9,8.3,4.4,1.2,0.3,2.1,3.1,14.4,,hartjo01,15.2,0.604,0.337,0.399,4.2,21.9,12.8,17.7,1.6,0.8,15.1,16.7,2.1,1.4,3.4,0.119,-0.2,0.9,0.7,0.9,11.4,0.44,0.137,0.052,0.034,0.598,0.688,0.415,0.4,0.462,0.323,0.503,0.857,0.039,14,0.208,0,0
132,Josh Hart,26,POR,SG,13,13,417,7.9,15.8,0.503,2.7,7.2,0.373,5.3,8.6,0.61,0.587,3.8,4.9,0.772,0.8,5.3,6.0,4.8,1.4,0.2,2.8,2.8,22.4,,hartjo01,19.4,0.622,0.454,0.311,2.3,16.7,9.2,23.1,1.9,0.5,13.7,25.0,0.8,0.2,1.0,0.112,2.7,-1.0,1.8,0.4,14.5,0.311,0.126,0.077,0.033,0.61,0.754,0.478,0.357,0.333,0.373,0.393,0.581,0.027,5,0.108,0,0
133,Caris LeVert,27,2TM,SG,58,49,1781,7.7,17.3,0.444,1.7,5.2,0.32,6.0,12.1,0.497,0.492,3.0,3.9,0.756,0.9,3.5,4.3,5.0,1.0,0.5,2.2,2.6,19.9,,leverca01,15.1,0.525,0.3,0.226,2.7,10.7,6.7,22.0,1.4,1.1,10.3,25.4,1.2,1.0,2.2,0.059,0.0,-1.2,-1.2,0.4,12.7,0.207,0.26,0.201,0.032,0.497,0.638,0.441,0.442,0.37,0.32,0.303,0.634,0.023,20,0.129,0,0
133,Caris LeVert,27,IND,SG,39,39,1214,8.2,18.4,0.447,1.8,5.6,0.323,6.4,12.8,0.501,0.496,3.3,4.3,0.76,0.9,3.6,4.4,5.1,1.0,0.5,2.2,2.7,21.6,,leverca01,16.3,0.53,0.304,0.235,2.7,11.2,6.9,22.8,1.4,1.3,9.9,26.8,1.1,0.4,1.5,0.06,1.0,-1.3,-0.3,0.5,13.0,0.195,0.259,0.211,0.032,0.501,0.661,0.453,0.42,0.45,0.323,0.295,0.574,0.024,15,0.138,0,0
133,Caris LeVert,27,CLE,SG,19,10,567,6.4,14.7,0.435,1.3,4.3,0.313,5.1,10.5,0.485,0.481,2.2,3.0,0.745,0.8,3.2,4.1,4.8,1.0,0.3,2.1,2.5,16.4,,leverca01,12.4,0.511,0.289,0.203,2.6,9.7,6.2,20.5,1.4,0.8,11.6,22.3,0.1,0.6,0.7,0.057,-2.1,-1.1,-3.1,-0.2,12.4,0.241,0.263,0.177,0.03,0.485,0.589,0.41,0.512,0.143,0.313,0.325,0.81,0.022,5,0.104,0,0
134,Bruce Brown,25,BRK,SF,72,45,1774,5.2,10.3,0.506,0.8,1.9,0.404,4.4,8.4,0.529,0.543,2.0,2.6,0.758,2.0,5.0,7.0,3.0,1.6,1.1,1.1,3.6,13.1,,brownbr01,15.0,0.575,0.186,0.253,6.3,14.7,10.6,11.5,2.1,2.6,9.1,15.0,2.8,2.0,4.8,0.13,-0.4,1.1,0.7,1.2,8.2,0.389,0.3,0.099,0.016,0.529,0.695,0.382,0.38,0.125,0.404,0.743,0.921,0.071,34,0.617,0,0
135,P.J. Washington,23,CHO,C,65,28,1768,5.1,10.8,0.47,2.2,6.1,0.365,2.9,4.7,0.606,0.573,1.2,1.6,0.716,1.7,5.2,6.9,3.0,1.2,1.2,1.7,3.1,13.6,,washipj01,13.6,0.588,0.566,0.152,4.8,15.5,10.1,11.2,1.5,3.3,12.6,15.6,1.8,1.6,3.4,0.091,-0.2,0.2,-0.1,0.9,15.8,0.286,0.132,0.015,0.002,0.606,0.711,0.4,0.5,0.0,0.365,0.793,0.973,0.103,51,0.252,3,0
136,Chuma Okeke,23,ORL,PF,70,20,1749,4.4,11.8,0.376,2.4,7.6,0.318,2.0,4.2,0.48,0.478,1.1,1.3,0.846,1.0,6.2,7.1,2.4,2.0,0.9,1.2,2.0,12.5,,okekech01,12.0,0.501,0.645,0.113,2.8,18.2,10.5,10.1,2.7,2.2,8.6,16.4,-0.3,2.5,2.2,0.06,-1.6,1.5,-0.1,0.8,18.6,0.137,0.139,0.045,0.033,0.48,0.658,0.413,0.346,0.211,0.318,0.531,0.966,0.054,29,0.24,0,0
137,Georges Niang,28,PHI,PF,76,7,1736,5.1,11.7,0.437,3.2,8.0,0.403,1.9,3.6,0.511,0.575,1.1,1.2,0.881,0.5,3.7,4.2,2.1,0.6,0.3,1.2,3.9,14.5,,niangge01,10.7,0.594,0.687,0.105,1.6,11.3,6.5,8.7,0.9,0.7,9.1,16.8,1.5,1.3,2.8,0.077,-0.8,-1.1,-1.9,0.0,19.1,0.119,0.153,0.032,0.009,0.511,0.627,0.465,0.389,0.2,0.403,0.711,0.981,0.004,2,0.305,1,0
138,Kevon Looney,25,GSW,C,82,80,1732,4.3,7.6,0.571,0.0,0.0,0.0,4.3,7.5,0.573,0.571,1.6,2.6,0.6,4.3,8.1,12.4,3.4,1.0,1.1,1.4,4.5,10.2,,looneke01,15.7,0.586,0.003,0.343,13.5,23.8,18.8,13.2,1.4,2.9,13.8,12.2,3.5,3.2,6.8,0.187,-0.9,1.7,0.9,1.3,4.6,0.541,0.308,0.066,0.082,0.573,0.675,0.554,0.292,0.2,0.0,0.736,,0.239,83,0.0,0,0
139,Cameron Johnson,25,PHO,PF,66,16,1730,5.8,12.6,0.46,3.5,8.1,0.425,2.4,4.5,0.523,0.596,2.0,2.4,0.86,0.9,4.8,5.7,2.1,1.2,0.3,1.0,2.4,17.1,6MOY-3,johnsca02,15.2,0.625,0.644,0.188,2.7,14.0,8.5,7.7,1.6,0.8,6.7,17.5,3.2,2.4,5.6,0.156,2.0,0.7,2.7,2.1,18.4,0.127,0.147,0.041,0.041,0.523,0.766,0.483,0.24,0.2,0.425,0.673,0.976,0.035,19,0.368,1,0
140,Gary Harris,27,ORL,SG,61,30,1730,5.0,11.5,0.434,2.4,6.3,0.384,2.6,5.2,0.494,0.539,1.7,2.0,0.874,0.7,1.8,2.5,2.2,1.2,0.2,1.3,2.3,14.1,,harriga01,10.9,0.571,0.546,0.172,2.2,5.3,3.7,9.5,1.6,0.5,9.3,16.4,1.1,1.0,2.2,0.06,-2.0,-0.4,-2.4,-0.2,17.2,0.145,0.152,0.051,0.107,0.494,0.675,0.464,0.429,0.322,0.384,0.589,0.931,0.014,7,0.464,0,0
141,OG Anunoby,24,TOR,SF,48,48,1728,6.4,14.5,0.443,2.4,6.6,0.363,4.0,7.9,0.511,0.526,1.9,2.5,0.754,1.5,4.0,5.5,2.6,1.5,0.5,1.7,2.7,17.1,,anunoog01,14.8,0.549,0.455,0.169,4.4,12.6,8.3,11.0,2.1,1.4,9.7,20.5,1.8,1.9,3.7,0.104,0.4,0.1,0.5,1.1,14.7,0.255,0.118,0.08,0.076,0.511,0.691,0.354,0.393,0.283,0.363,0.448,0.835,0.109,62,0.29,0,0
142,Precious Achiuwa,22,TOR,C,73,28,1725,5.5,12.6,0.439,1.2,3.3,0.359,4.4,9.3,0.468,0.486,1.6,2.7,0.595,3.0,6.8,9.9,1.7,0.8,0.9,1.8,3.2,13.9,,achiupr01,12.7,0.503,0.259,0.217,8.7,21.7,14.9,6.9,1.1,2.3,11.3,18.5,0.4,2.1,2.5,0.07,-2.0,-0.6,-2.6,-0.2,10.1,0.343,0.267,0.083,0.035,0.468,0.618,0.335,0.38,0.19,0.359,0.584,0.964,0.143,67,0.429,0,0
143,Deandre Ayton,23,PHO,C,58,58,1713,9.3,14.6,0.634,0.1,0.4,0.368,9.1,14.2,0.642,0.639,2.2,3.0,0.746,3.1,9.3,12.5,1.8,0.8,0.8,1.9,3.0,21.0,,aytonde01,21.9,0.656,0.027,0.204,9.6,27.1,18.6,7.6,1.1,2.1,10.7,21.4,4.1,3.1,7.3,0.203,2.2,0.6,2.8,2.1,6.9,0.321,0.395,0.184,0.056,0.642,0.79,0.593,0.555,0.385,0.368,0.795,1.0,0.141,92,0.0,0,0
144,Garrison Mathews,25,HOU,SG,65,33,1712,3.9,9.7,0.399,2.9,8.1,0.36,0.9,1.6,0.6,0.55,3.0,3.8,0.794,0.7,3.3,4.0,1.3,1.2,0.5,0.9,3.5,13.7,,mathega01,11.0,0.602,0.837,0.39,2.0,10.2,6.1,5.3,1.6,1.3,7.1,14.4,2.2,0.5,2.8,0.077,-1.3,-1.0,-2.3,-0.1,22.5,0.104,0.041,0.009,0.009,0.6,0.771,0.316,0.25,0.25,0.36,0.756,0.978,0.024,10,0.244,0,0
145,Josh Giddey,19,OKC,SF,54,54,1700,6.0,14.2,0.419,1.2,4.5,0.263,4.8,9.7,0.492,0.461,1.2,1.7,0.709,2.1,6.8,8.9,7.3,1.1,0.4,3.6,1.9,14.3,,giddejo01,13.3,0.478,0.318,0.118,5.8,19.8,12.7,32.3,1.5,1.1,19.5,22.2,-1.3,1.7,0.4,0.01,-1.2,0.3,-0.9,0.5,12.4,0.193,0.33,0.096,0.052,0.492,0.659,0.439,0.422,0.314,0.263,0.302,0.786,0.009,4,0.202,0,0
146,Pat Connaughton,29,MIL,SF,65,19,1691,4.8,10.6,0.458,3.1,7.9,0.395,1.7,2.7,0.643,0.605,1.0,1.1,0.833,1.0,4.9,5.8,1.7,1.3,0.3,0.7,1.8,13.7,,connapa01,13.4,0.62,0.746,0.109,2.9,14.0,8.6,6.6,1.7,0.9,6.3,14.0,2.8,1.6,4.4,0.125,0.8,0.3,1.2,1.4,19.7,0.157,0.065,0.022,0.006,0.643,0.744,0.5,0.636,0.0,0.395,0.778,0.938,0.018,8,0.284,1,0
147,Chris Boucher,29,TOR,SF,80,9,1690,5.7,12.3,0.464,1.4,4.9,0.297,4.3,7.4,0.575,0.523,3.2,4.1,0.777,3.8,6.7,10.5,0.5,1.0,1.6,0.9,3.7,16.1,,bouchch01,17.9,0.57,0.397,0.334,10.9,21.3,15.8,2.2,1.4,4.3,6.0,17.8,3.5,2.4,6.0,0.169,0.5,-0.4,0.1,0.9,12.0,0.426,0.113,0.026,0.033,0.575,0.659,0.4,0.4,0.211,0.297,0.665,0.985,0.128,67,0.275,1,0
148,Matisse Thybulle,24,PHI,SG,66,50,1685,3.2,6.4,0.5,1.0,3.1,0.313,2.2,3.3,0.673,0.575,0.7,0.9,0.791,0.9,2.3,3.2,1.6,2.5,1.5,0.8,3.4,8.1,DPOY-11DEF2,thybuma01,11.2,0.594,0.48,0.143,2.8,7.1,5.0,6.1,3.4,3.8,10.9,9.5,1.2,2.5,3.7,0.107,-2.2,3.3,1.1,1.3,13.1,0.407,0.097,0.017,0.0,0.673,0.795,0.276,0.0,,0.313,0.733,0.956,0.203,60,0.486,0,0
149,Anfernee Simons,22,POR,SG,57,30,1681,7.6,17.1,0.443,3.8,9.5,0.405,3.7,7.6,0.49,0.555,2.2,2.5,0.888,0.6,2.7,3.2,4.7,0.6,0.1,2.5,2.4,21.2,,simonan01,15.3,0.583,0.555,0.146,1.6,8.5,4.9,22.2,0.9,0.4,11.9,24.8,2.0,-0.1,1.9,0.055,1.9,-2.7,-0.7,0.5,18.7,0.112,0.118,0.108,0.104,0.49,0.562,0.489,0.488,0.422,0.405,0.195,0.631,0.011,8,0.09,2,0
150,Coby White,21,CHI,PG,61,17,1675,6.0,13.8,0.433,2.9,7.6,0.385,3.1,6.3,0.491,0.539,1.7,2.0,0.857,0.4,3.5,3.9,3.8,0.6,0.2,1.5,2.9,16.6,,whiteco01,12.6,0.564,0.548,0.141,1.1,11.0,6.1,15.0,0.8,0.6,9.3,19.8,1.6,0.8,2.4,0.067,-0.4,-1.7,-2.1,0.0,17.4,0.183,0.13,0.065,0.073,0.491,0.661,0.357,0.381,0.404,0.385,0.42,0.897,0.008,5,0.198,2,0
151,Danilo Gallinari,33,ATL,PF,66,18,1672,5.6,12.9,0.434,2.4,6.3,0.381,3.2,6.5,0.485,0.528,3.0,3.4,0.904,0.8,5.9,6.6,2.2,0.6,0.3,0.8,2.0,16.6,,gallida01,14.3,0.579,0.492,0.261,2.3,17.8,10.1,8.5,0.8,0.6,5.4,18.4,2.8,0.8,3.6,0.105,1.0,-1.2,-0.2,0.8,18.2,0.114,0.087,0.151,0.149,0.485,0.721,0.385,0.467,0.382,0.381,0.463,0.911,0.032,19,0.116,2,1
152,Eric Gordon,33,HOU,SG,57,46,1669,5.8,12.2,0.475,2.7,6.5,0.412,3.1,5.7,0.548,0.585,2.3,2.9,0.778,0.3,2.1,2.4,3.3,0.6,0.4,2.3,1.4,16.5,,gordoer01,12.1,0.614,0.534,0.239,1.0,6.5,3.7,14.1,0.8,1.0,14.6,18.6,1.5,-0.1,1.4,0.04,-0.1,-2.2,-2.3,-0.1,16.2,0.238,0.2,0.021,0.007,0.548,0.679,0.416,0.333,0.5,0.412,0.34,0.718,0.005,3,0.066,0,0
153,Kevin Love,33,CLE,C,74,4,1665,7.1,16.5,0.43,4.0,10.3,0.392,3.0,6.1,0.493,0.553,3.6,4.3,0.838,1.9,9.7,11.6,3.5,0.6,0.4,2.1,2.2,21.8,6MOY-2,loveke01,19.6,0.594,0.627,0.26,5.9,29.2,17.8,15.3,0.8,1.0,10.4,25.1,3.2,2.5,5.7,0.164,4.4,0.1,4.5,2.7,19.5,0.109,0.097,0.084,0.075,0.493,0.723,0.473,0.391,0.333,0.392,0.564,0.93,0.007,4,0.17,1,0
154,Luguentz Dort,22,OKC,SG,51,51,1665,6.3,15.7,0.404,2.8,8.5,0.332,3.5,7.2,0.487,0.493,3.5,4.1,0.843,0.8,3.8,4.6,1.9,1.0,0.4,1.9,3.2,19.0,,dortlu01,12.3,0.541,0.539,0.263,2.3,10.9,6.5,8.6,1.3,1.0,9.8,23.3,0.2,1.1,1.4,0.04,-1.5,-0.7,-2.3,-0.1,16.2,0.187,0.201,0.029,0.032,0.487,0.618,0.425,0.238,0.348,0.332,0.485,0.869,0.034,22,0.141,1,0
155,John Collins,24,ATL,PF,54,53,1663,7.3,13.9,0.526,1.4,3.8,0.364,6.0,10.1,0.588,0.576,2.9,3.7,0.793,2.0,7.1,9.1,2.1,0.7,1.2,1.3,3.6,19.0,,collijo01,18.7,0.61,0.273,0.262,6.2,21.5,13.9,8.9,1.0,3.0,7.7,20.5,3.6,1.4,5.1,0.146,1.5,0.0,1.5,1.5,10.9,0.325,0.208,0.124,0.054,0.588,0.746,0.463,0.438,0.4,0.364,0.771,0.984,0.141,82,0.318,0,0
156,De'Anthony Melton,23,MEM,SG,73,15,1657,6.1,15.1,0.404,3.0,8.1,0.374,3.1,7.0,0.44,0.504,2.0,2.6,0.75,1.4,5.7,7.1,4.2,2.3,0.8,2.4,2.8,17.2,6MOY-8,meltode01,15.2,0.529,0.535,0.173,4.0,17.1,10.4,16.0,3.0,2.1,13.0,21.3,0.9,2.8,3.7,0.107,0.3,1.6,1.9,1.6,17.0,0.164,0.164,0.068,0.065,0.44,0.605,0.368,0.383,0.289,0.374,0.472,0.856,0.037,21,0.156,3,0
157,KJ Martin,21,HOU,SF,79,2,1656,6.1,11.4,0.533,1.3,3.7,0.357,4.8,7.7,0.617,0.591,1.7,2.7,0.634,1.7,4.7,6.5,2.2,0.7,0.9,1.3,2.5,15.1,,martike04,14.3,0.603,0.321,0.235,5.3,14.5,9.9,9.4,1.0,2.2,9.4,16.3,2.3,0.6,2.9,0.084,0.0,-1.2,-1.2,0.4,9.8,0.455,0.222,0.002,0.0,0.617,0.739,0.371,0.0,,0.357,0.735,1.0,0.256,114,0.274,0,0
158,Killian Hayes,20,DET,PG,66,40,1647,3.8,10.0,0.383,1.0,3.7,0.263,2.9,6.4,0.452,0.431,1.2,1.6,0.77,0.8,3.8,4.6,6.1,1.7,0.8,2.4,4.0,9.9,,hayeski01,9.3,0.461,0.364,0.161,2.2,12.0,6.9,24.6,2.3,1.9,18.4,15.7,-1.0,1.5,0.5,0.014,-4.3,0.8,-3.5,-0.6,14.3,0.163,0.253,0.135,0.085,0.452,0.747,0.345,0.387,0.308,0.263,0.341,0.909,0.031,13,0.359,0,0
159,Montrezl Harrell,28,2TM,C,71,3,1641,7.9,12.2,0.645,0.1,0.4,0.235,7.8,11.8,0.658,0.649,4.7,6.5,0.716,3.3,6.2,9.5,3.2,0.6,0.9,1.6,3.0,20.4,6MOY-9,harremo01,23.2,0.68,0.031,0.533,10.0,18.7,14.4,13.9,0.9,2.3,9.5,20.2,6.1,1.2,7.3,0.213,3.7,0.1,3.9,2.4,4.3,0.577,0.258,0.077,0.034,0.658,0.769,0.524,0.395,0.316,0.235,0.641,1.0,0.285,149,0.118,2,0
159,Montrezl Harrell,28,WAS,C,46,3,1117,8.0,12.3,0.645,0.1,0.5,0.267,7.8,11.9,0.66,0.65,4.8,6.6,0.727,3.1,6.9,10.0,3.1,0.6,1.0,1.6,2.8,20.9,,harremo01,23.9,0.684,0.039,0.535,9.7,20.8,15.3,13.9,0.8,2.4,9.6,20.8,4.2,0.9,5.1,0.218,4.3,0.6,4.8,1.9,5.3,0.509,0.295,0.086,0.037,0.66,0.785,0.531,0.455,0.357,0.267,0.63,1.0,0.269,100,0.133,2,0
159,Montrezl Harrell,28,CHO,C,25,0,524,7.6,11.8,0.645,0.0,0.1,0.0,7.6,11.7,0.653,0.645,4.3,6.3,0.692,3.6,4.7,8.4,3.4,0.8,0.8,1.5,3.4,19.6,,harremo01,21.7,0.672,0.012,0.529,10.6,14.2,12.3,13.9,1.0,2.2,9.4,19.0,1.9,0.3,2.2,0.203,2.6,-0.8,1.8,0.5,3.3,0.727,0.174,0.058,0.029,0.653,0.744,0.5,0.2,0.2,0.0,0.667,,0.32,49,0.0,0,0
160,Lonnie Walker IV,23,SAS,SG,70,6,1612,6.9,17.1,0.407,2.5,7.9,0.314,4.5,9.2,0.487,0.48,2.6,3.3,0.784,0.4,3.6,4.0,3.4,1.0,0.4,1.6,2.2,19.0,,walkelo01,12.3,0.512,0.462,0.194,1.2,10.7,5.9,13.4,1.3,1.0,7.9,23.6,0.1,1.1,1.2,0.037,-1.2,-1.3,-2.5,-0.2,17.0,0.166,0.122,0.093,0.157,0.487,0.693,0.43,0.366,0.383,0.314,0.54,0.856,0.029,21,0.195,5,0
161,Cory Joseph,30,DET,PG,65,39,1600,4.0,9.0,0.445,1.5,3.5,0.414,2.5,5.5,0.465,0.526,2.3,2.5,0.885,0.7,3.3,3.9,5.3,0.9,0.4,1.9,3.3,11.7,,josepco01,11.4,0.579,0.393,0.283,1.9,10.3,5.9,21.8,1.3,1.0,15.9,14.3,1.7,0.8,2.5,0.075,-2.0,-0.1,-2.1,0.0,14.7,0.22,0.21,0.065,0.113,0.465,0.614,0.429,0.346,0.311,0.414,0.416,0.862,0.003,0,0.248,2,0
162,Josh Richardson,28,2TM,SG,65,7,1600,5.3,12.0,0.438,2.3,5.5,0.415,3.0,6.5,0.458,0.534,2.2,2.4,0.889,0.9,3.2,4.2,2.6,1.3,0.7,1.5,2.6,15.0,,richajo01,12.8,0.573,0.461,0.202,2.8,9.4,6.2,10.1,1.7,1.6,10.2,17.6,1.6,2.0,3.5,0.106,-0.6,0.7,0.1,0.9,17.2,0.109,0.154,0.178,0.099,0.458,0.655,0.39,0.432,0.396,0.415,0.477,0.99,0.017,8,0.183,1,0
162,Josh Richardson,28,BOS,SG,44,0,1087,5.0,11.4,0.443,2.1,5.2,0.397,3.0,6.2,0.481,0.534,2.0,2.4,0.859,0.9,3.3,4.1,2.2,1.1,0.8,1.3,2.7,14.1,,richajo01,12.2,0.57,0.455,0.207,2.7,9.6,6.2,8.7,1.6,1.9,9.4,16.7,1.0,1.5,2.6,0.113,-1.0,1.2,0.3,0.6,17.1,0.108,0.155,0.175,0.108,0.481,0.703,0.453,0.4,0.432,0.397,0.444,0.984,0.012,3,0.218,0,0
162,Josh Richardson,28,SAS,SG,21,7,513,5.8,13.4,0.429,2.8,6.3,0.444,2.9,7.1,0.416,0.534,2.5,2.6,0.946,1.1,3.1,4.2,3.4,1.5,0.4,1.9,2.4,16.8,,richajo01,14.0,0.577,0.471,0.194,3.2,9.1,6.1,13.0,2.1,1.0,11.5,19.3,0.5,0.4,1.0,0.091,0.1,-0.3,-0.2,0.2,17.4,0.11,0.152,0.183,0.084,0.416,0.571,0.276,0.486,0.313,0.444,0.548,1.0,0.026,5,0.122,1,0
163,Torrey Craig,31,2TM,SF,78,16,1596,4.5,9.9,0.454,1.7,5.3,0.329,2.8,4.7,0.594,0.541,0.9,1.2,0.75,1.9,5.1,7.0,2.1,1.0,0.8,1.5,3.4,11.6,,craigto01,11.0,0.556,0.531,0.118,5.9,15.4,10.7,7.6,1.4,2.0,12.6,14.3,0.9,1.4,2.3,0.07,-1.7,-0.1,-1.8,0.1,16.1,0.229,0.141,0.057,0.041,0.594,0.723,0.532,0.4,0.333,0.329,0.577,0.935,0.041,18,0.397,2,0
163,Torrey Craig,31,IND,SF,51,14,1034,4.5,9.8,0.456,1.6,4.8,0.333,2.9,5.0,0.573,0.537,0.9,1.2,0.771,2.1,4.7,6.8,2.0,0.8,0.7,1.4,3.3,11.5,,craigto01,10.8,0.555,0.491,0.125,6.3,14.9,10.5,7.7,1.1,1.6,11.6,13.9,0.8,0.4,1.2,0.056,-1.6,-0.6,-2.2,-0.1,14.9,0.256,0.135,0.057,0.057,0.573,0.708,0.5,0.375,0.313,0.333,0.549,0.935,0.036,10,0.42,1,0
163,Torrey Craig,31,PHO,SF,27,2,562,4.6,10.2,0.45,2.0,6.1,0.323,2.6,4.1,0.641,0.547,0.8,1.1,0.706,1.7,5.6,7.4,2.1,1.4,1.1,1.8,3.6,12.0,,craigto01,11.4,0.558,0.6,0.106,5.3,16.4,11.0,7.5,1.9,2.7,14.3,15.0,0.2,1.0,1.1,0.096,-1.9,0.9,-1.1,0.1,17.2,0.181,0.15,0.056,0.013,0.641,0.759,0.583,0.444,0.5,0.323,0.634,0.935,0.05,8,0.365,1,0
164,Gabe Vincent,25,MIA,PG,68,27,1589,4.8,11.6,0.417,2.7,7.3,0.368,2.2,4.3,0.5,0.533,1.0,1.2,0.815,0.5,2.4,2.9,4.8,1.4,0.3,2.2,3.6,13.4,,vincega01,10.6,0.551,0.63,0.105,1.6,7.3,4.5,19.4,2.0,0.8,15.4,17.8,0.7,1.9,2.5,0.076,-1.9,0.5,-1.4,0.2,19.5,0.138,0.078,0.082,0.072,0.5,0.563,0.475,0.524,0.378,0.368,0.4,0.798,0.002,1,0.251,5,0
165,Max Strus,25,MIA,SF,68,16,1587,5.6,12.8,0.441,4.1,10.0,0.41,1.5,2.8,0.557,0.602,1.0,1.2,0.792,0.5,4.0,4.6,2.1,0.6,0.4,1.3,2.6,16.4,,strusma01,12.7,0.614,0.784,0.094,1.7,12.5,7.2,8.8,0.9,1.1,8.8,18.1,2.0,1.7,3.6,0.11,1.4,-0.4,0.9,1.2,20.9,0.133,0.053,0.016,0.012,0.557,0.667,0.433,0.222,0.429,0.41,0.779,0.95,0.016,7,0.256,1,0
166,Jusuf Nurkić,27,POR,C,56,56,1579,7.3,13.7,0.535,0.3,1.3,0.268,7.0,12.4,0.563,0.548,4.2,6.1,0.69,3.8,10.3,14.1,3.6,1.4,0.8,3.3,4.3,19.2,,nurkiju01,20.0,0.586,0.093,0.447,11.2,32.6,21.5,16.6,1.9,2.1,16.6,23.6,2.0,1.7,3.6,0.11,0.1,0.2,0.3,0.9,5.9,0.478,0.35,0.03,0.037,0.563,0.648,0.481,0.278,0.364,0.268,0.614,0.933,0.06,34,0.018,0,0
167,De'Andre Hunter,24,ATL,SF,53,52,1577,5.8,13.1,0.442,1.7,4.5,0.379,4.1,8.7,0.474,0.506,2.9,3.8,0.765,0.6,3.4,4.0,1.6,0.8,0.5,1.6,3.5,16.2,,huntede01,10.6,0.547,0.339,0.289,1.8,10.4,6.1,6.1,1.1,1.2,9.6,19.9,0.4,0.7,1.1,0.034,-2.4,-1.5,-3.9,-0.8,13.7,0.214,0.174,0.151,0.106,0.474,0.65,0.41,0.402,0.328,0.379,0.644,0.919,0.042,21,0.405,0,0
168,Amir Coffey,24,LAC,SG,69,30,1567,4.8,10.7,0.453,2.2,5.8,0.378,2.6,4.9,0.542,0.556,2.3,2.7,0.863,0.6,3.9,4.5,2.8,0.9,0.3,1.0,2.0,14.2,,coffeam01,13.0,0.598,0.545,0.251,1.8,11.2,6.7,11.4,1.2,0.8,8.0,15.8,2.3,1.5,3.8,0.116,-0.3,0.0,-0.3,0.7,16.8,0.165,0.167,0.077,0.045,0.542,0.779,0.449,0.417,0.238,0.378,0.591,0.938,0.034,14,0.291,1,0
169,Oshae Brissett,23,IND,SF,67,25,1564,4.8,11.6,0.411,1.9,5.5,0.35,2.9,6.2,0.465,0.493,2.6,3.8,0.695,2.5,5.8,8.2,1.7,1.0,0.7,1.2,2.7,14.1,,brissos01,12.9,0.53,0.468,0.324,7.6,18.1,12.8,6.4,1.4,1.6,8.5,17.3,1.4,0.9,2.2,0.069,-0.5,-1.7,-2.2,-0.1,13.7,0.318,0.152,0.024,0.03,0.465,0.578,0.299,0.167,0.267,0.35,0.648,0.964,0.075,32,0.321,1,0
170,Marcus Morris,32,LAC,PF,54,54,1564,6.9,15.9,0.434,2.3,6.3,0.367,4.6,9.6,0.478,0.507,3.0,3.4,0.872,0.6,4.9,5.5,2.6,0.6,0.4,1.6,2.6,19.1,,morrima03,13.7,0.549,0.398,0.214,1.8,14.0,8.1,11.3,0.9,1.0,8.4,23.2,0.9,1.5,2.4,0.074,-0.3,-1.0,-1.4,0.3,17.6,0.046,0.145,0.24,0.171,0.478,0.688,0.49,0.47,0.424,0.367,0.327,0.901,0.001,0,0.215,2,0
171,Gordon Hayward,31,CHO,SF,49,48,1564,6.5,14.2,0.459,2.0,5.1,0.391,4.5,9.1,0.496,0.528,2.9,3.4,0.846,0.9,4.3,5.2,4.1,1.1,0.5,1.9,2.0,17.9,,haywago01,15.1,0.57,0.357,0.241,2.5,12.8,7.6,16.1,1.4,1.3,10.6,20.7,1.9,1.0,2.8,0.087,0.1,-0.8,-0.7,0.5,14.4,0.214,0.173,0.157,0.099,0.496,0.682,0.327,0.381,0.574,0.391,0.579,0.872,0.032,19,0.205,0,0
172,Tyus Jones,25,MEM,PG,73,23,1549,5.8,12.8,0.451,1.9,4.8,0.39,3.9,8.1,0.487,0.524,1.3,1.5,0.818,0.4,3.7,4.1,7.5,1.5,0.0,1.1,0.7,14.7,6MOY-11,jonesty01,16.5,0.544,0.371,0.12,1.1,11.0,5.9,28.2,2.0,0.1,7.3,16.6,3.4,1.6,5.1,0.158,1.2,0.5,1.7,1.4,15.0,0.098,0.241,0.241,0.045,0.487,0.593,0.496,0.459,0.36,0.39,0.367,0.813,0.0,0,0.2,0,0
173,Chris Duarte,24,IND,SG,55,39,1541,6.3,14.5,0.432,2.2,6.0,0.369,4.1,8.6,0.475,0.507,2.1,2.6,0.804,1.0,4.3,5.3,2.7,1.3,0.2,2.1,2.2,16.8,,duartch01,12.3,0.537,0.411,0.18,2.9,13.6,8.2,10.9,1.8,0.6,11.8,21.1,0.2,0.7,0.9,0.029,-1.2,-1.1,-2.3,-0.1,15.2,0.196,0.134,0.143,0.103,0.475,0.631,0.373,0.371,0.453,0.369,0.466,0.766,0.026,14,0.271,4,0
174,Trey Lyles,26,2TM,PF,75,23,1537,6.1,13.2,0.466,1.6,4.9,0.321,4.6,8.3,0.552,0.526,4.6,5.7,0.802,2.1,6.8,8.9,2.1,0.7,0.7,1.7,2.9,18.4,,lylestr01,16.4,0.588,0.372,0.432,6.0,21.2,13.4,9.0,0.9,1.9,9.8,20.7,2.4,1.2,3.5,0.111,0.5,-0.8,-0.3,0.7,12.5,0.292,0.224,0.077,0.036,0.552,0.671,0.516,0.279,0.4,0.321,0.6,1.0,0.046,23,0.239,1,0
174,Trey Lyles,26,DET,PF,51,3,990,6.4,14.0,0.456,1.6,5.3,0.301,4.8,8.7,0.55,0.513,5.0,6.4,0.784,2.2,6.7,8.9,2.1,0.8,0.9,2.0,3.3,19.3,,lylestr01,16.7,0.576,0.38,0.458,6.2,21.2,13.3,9.5,1.1,2.4,10.5,22.3,1.3,0.9,2.2,0.106,0.5,-0.4,0.0,0.5,13.2,0.284,0.216,0.073,0.047,0.55,0.651,0.53,0.321,0.389,0.301,0.588,1.0,0.039,14,0.205,1,0
174,Trey Lyles,26,SAC,PF,24,20,547,5.7,11.7,0.489,1.5,4.1,0.365,4.2,7.6,0.557,0.553,3.8,4.4,0.851,1.9,7.0,8.9,2.0,0.5,0.4,1.3,2.1,16.7,,lylestr01,16.0,0.612,0.354,0.376,5.7,21.3,13.4,8.1,0.6,1.0,8.4,17.8,1.1,0.3,1.4,0.12,0.7,-1.6,-1.0,0.1,11.8,0.309,0.242,0.084,0.011,0.557,0.709,0.488,0.2,0.5,0.365,0.625,1.0,0.062,9,0.317,0,0
175,Javonte Green,28,CHI,SF,65,45,1519,4.2,7.7,0.542,0.9,2.4,0.356,3.3,5.3,0.625,0.597,1.9,2.3,0.833,2.2,4.4,6.5,1.4,1.6,0.8,0.7,3.1,11.1,,greenja02,14.0,0.637,0.311,0.295,6.8,13.6,10.2,5.3,2.2,1.8,7.6,11.5,2.9,1.5,4.4,0.139,-0.6,0.7,0.1,0.8,9.1,0.535,0.123,0.031,0.0,0.625,0.695,0.425,0.2,,0.356,0.679,1.0,0.194,58,0.594,0,0
176,Talen Horton-Tucker,21,LAL,SG,60,19,1511,5.3,12.8,0.416,1.2,4.3,0.269,4.2,8.5,0.492,0.462,2.4,3.0,0.8,0.9,3.7,4.6,3.8,1.4,0.7,2.0,3.5,14.2,,hortota01,11.0,0.503,0.338,0.232,2.6,11.1,6.9,14.9,1.9,1.7,12.1,19.2,-0.2,1.2,1.1,0.033,-3.2,-0.2,-3.3,-0.5,12.8,0.297,0.204,0.1,0.059,0.492,0.613,0.409,0.389,0.344,0.269,0.406,0.796,0.035,16,0.187,0,0
177,Jerami Grant,27,DET,PF,47,47,1500,7.2,16.8,0.426,2.2,6.1,0.358,5.0,10.7,0.465,0.491,5.2,6.2,0.838,0.7,3.9,4.6,2.7,1.1,1.2,2.0,2.6,21.7,,grantje01,16.1,0.556,0.363,0.371,1.9,12.4,6.9,12.5,1.4,2.9,9.5,25.7,1.2,1.1,2.3,0.075,1.4,-0.2,1.2,1.2,15.2,0.202,0.149,0.106,0.18,0.465,0.631,0.442,0.243,0.429,0.358,0.498,0.967,0.049,29,0.358,1,0
178,Alperen Şengün,19,HOU,C,72,13,1489,6.0,12.7,0.474,0.7,2.8,0.248,5.3,9.9,0.539,0.502,4.0,5.6,0.711,3.3,6.2,9.5,4.5,1.4,1.6,3.5,5.2,16.7,,sengual01,16.0,0.552,0.223,0.442,10.1,18.9,14.5,19.1,1.9,4.1,18.8,22.0,0.8,1.3,2.1,0.068,-1.6,0.6,-1.0,0.4,9.0,0.429,0.297,0.042,0.01,0.539,0.671,0.385,0.318,0.4,0.248,0.436,0.966,0.099,44,0.085,6,0
179,Kyle Anderson,28,MEM,PF,69,11,1484,5.1,11.4,0.446,0.9,2.6,0.33,4.2,8.7,0.481,0.484,1.6,2.5,0.638,1.7,7.3,8.9,4.4,1.9,1.1,1.7,2.6,12.6,,anderky01,14.4,0.506,0.232,0.224,4.8,21.6,13.0,16.2,2.5,2.7,12.1,16.2,1.0,2.5,3.5,0.113,-0.9,2.1,1.2,1.2,10.5,0.273,0.301,0.141,0.045,0.481,0.648,0.44,0.333,0.238,0.33,0.514,0.944,0.043,19,0.413,0,0
180,Kristaps Porziņģis,26,2TM,PF,51,51,1481,8.6,18.6,0.459,1.9,6.1,0.31,6.7,12.5,0.532,0.51,6.0,7.0,0.867,2.5,7.5,10.0,2.9,0.9,2.0,2.0,3.3,25.0,,porzikr01,23.7,0.577,0.329,0.373,7.7,23.1,15.4,13.7,1.3,5.0,8.3,29.5,3.2,2.4,5.6,0.18,3.3,0.6,3.9,2.2,14.3,0.214,0.183,0.186,0.089,0.532,0.762,0.414,0.42,0.456,0.31,0.682,0.987,0.124,85,0.028,1,0
180,Kristaps Porziņģis,26,DAL,PF,34,34,1002,8.2,18.3,0.451,1.8,6.2,0.283,6.5,12.0,0.537,0.499,5.3,6.1,0.865,2.3,7.1,9.4,2.5,0.9,2.1,1.9,3.2,23.5,,porzikr01,21.8,0.561,0.341,0.335,7.1,21.9,14.5,11.7,1.3,5.3,8.3,28.6,1.6,1.8,3.4,0.161,2.2,0.8,3.0,1.3,14.3,0.23,0.161,0.191,0.077,0.537,0.778,0.427,0.392,0.41,0.283,0.711,1.0,0.132,60,0.029,0,0
180,Kristaps Porziņģis,26,WAS,PF,17,17,479,9.2,19.5,0.475,2.2,5.9,0.367,7.1,13.5,0.522,0.531,7.6,8.7,0.871,2.9,8.4,11.3,3.8,0.9,1.9,2.1,3.7,28.3,,porzikr01,27.7,0.606,0.305,0.448,8.9,25.5,17.3,17.9,1.2,4.4,8.3,31.4,1.6,0.6,2.2,0.22,5.4,0.2,5.7,0.9,14.3,0.181,0.224,0.178,0.112,0.522,0.723,0.397,0.478,0.517,0.367,0.628,0.966,0.108,25,0.025,1,0
181,Austin Rivers,29,DEN,SG,67,18,1480,3.6,8.5,0.417,1.9,5.6,0.342,1.6,2.9,0.563,0.53,0.8,1.1,0.727,0.5,2.3,2.8,2.2,1.2,0.1,1.3,2.9,9.8,,riverau01,7.2,0.546,0.66,0.126,1.5,6.9,4.3,8.0,1.7,0.4,12.8,12.6,0.1,1.1,1.2,0.037,-3.5,-0.3,-3.8,-0.7,17.9,0.16,0.151,0.02,0.009,0.563,0.75,0.453,0.143,0.0,0.342,0.463,0.848,0.006,2,0.45,0,0
182,Patrick Beverley,33,MIN,PG,58,54,1476,4.3,10.6,0.406,2.0,5.9,0.343,2.3,4.7,0.485,0.501,2.3,3.2,0.722,1.5,4.3,5.9,6.5,1.6,1.3,1.8,4.2,13.0,,beverpa01,14.8,0.539,0.555,0.305,4.4,13.2,8.7,24.5,2.2,3.4,12.9,16.1,2.3,1.7,4.1,0.132,0.6,2.1,2.7,1.7,16.3,0.17,0.206,0.05,0.018,0.485,0.568,0.433,0.545,0.125,0.343,0.255,0.759,0.0,0,0.227,1,0
183,Nickeil Alexander-Walker,23,2TM,SG,65,21,1466,6.2,16.7,0.372,2.6,8.3,0.311,3.6,8.4,0.433,0.449,2.0,2.7,0.743,0.9,3.7,4.6,3.8,1.1,0.6,2.3,2.5,17.0,,alexani01,10.5,0.475,0.497,0.16,2.7,11.5,7.1,16.1,1.5,1.5,11.3,24.1,-1.1,1.1,0.1,0.003,-1.8,-1.1,-2.9,-0.3,16.8,0.207,0.16,0.069,0.056,0.433,0.574,0.321,0.383,0.289,0.311,0.385,0.876,0.015,8,0.234,2,0
183,Nickeil Alexander-Walker,23,NOP,SG,50,19,1317,6.5,17.3,0.375,2.6,8.3,0.311,3.9,8.9,0.434,0.45,1.9,2.7,0.722,1.0,3.5,4.5,3.8,1.1,0.5,2.3,2.4,17.5,,alexani01,10.5,0.474,0.483,0.153,3.0,11.0,6.9,16.1,1.5,1.4,11.2,24.8,-1.1,0.9,-0.1,-0.005,-1.7,-1.3,-3.0,-0.3,15.2,0.21,0.165,0.073,0.059,0.434,0.579,0.337,0.37,0.27,0.311,0.394,0.895,0.014,8,0.223,2,0
183,Nickeil Alexander-Walker,23,UTA,SG,15,2,149,3.9,11.6,0.333,2.4,8.0,0.303,1.4,3.6,0.4,0.438,2.7,2.9,0.917,0.2,5.3,5.6,4.1,1.2,1.0,1.9,3.6,12.8,,alexani01,10.2,0.497,0.688,0.25,0.8,15.6,8.5,15.5,1.7,2.4,13.1,17.9,0.0,0.2,0.2,0.07,-2.9,1.2,-1.7,0.0,18.4,0.167,0.104,0.021,0.021,0.4,0.5,0.0,1.0,1.0,0.303,0.167,0.7,0.021,0,0.333,0,0
184,Cedi Osman,26,CLE,SF,66,3,1462,6.1,14.1,0.432,3.2,8.8,0.357,2.9,5.2,0.559,0.544,2.1,3.2,0.664,0.6,3.0,3.6,3.3,1.3,0.2,1.6,3.1,17.5,,osmande01,13.3,0.563,0.628,0.229,1.9,9.0,5.5,14.1,1.8,0.6,9.6,21.1,1.3,1.6,2.9,0.094,-0.3,0.5,0.2,0.8,17.9,0.227,0.107,0.017,0.021,0.559,0.654,0.443,0.2,0.417,0.357,0.689,0.867,0.014,8,0.181,1,0
185,Nicolas Batum,33,LAC,PF,59,54,1462,4.4,9.5,0.463,2.7,6.6,0.4,1.7,2.9,0.607,0.602,0.6,0.9,0.658,0.7,5.5,6.3,2.5,1.4,1.0,1.0,2.0,12.1,,batumni01,13.5,0.608,0.698,0.098,2.2,15.8,9.2,9.7,1.9,2.4,9.0,13.3,1.6,2.1,3.7,0.123,0.5,1.9,2.3,1.6,19.5,0.116,0.041,0.057,0.075,0.607,0.822,0.375,0.636,0.379,0.4,0.803,0.944,0.044,13,0.307,0,0
186,Norman Powell,28,2TM,SF,45,41,1458,6.9,14.9,0.461,2.6,6.2,0.419,4.3,8.7,0.491,0.549,4.7,5.8,0.811,0.5,3.1,3.6,2.4,1.0,0.5,1.7,2.6,21.1,,powelno01,16.3,0.603,0.418,0.385,1.5,9.7,5.4,10.8,1.4,1.4,8.9,23.1,2.4,0.4,2.8,0.093,1.2,-1.5,-0.3,0.6,14.3,0.256,0.179,0.058,0.089,0.491,0.568,0.407,0.514,0.426,0.419,0.509,0.877,0.026,13,0.316,0,0
186,Norman Powell,28,POR,SF,40,39,1333,6.7,14.6,0.456,2.5,6.2,0.406,4.2,8.5,0.492,0.542,4.3,5.3,0.803,0.5,3.1,3.5,2.2,1.1,0.5,1.7,2.5,20.1,,powelno01,15.3,0.593,0.423,0.365,1.4,9.8,5.4,10.0,1.5,1.3,9.0,22.5,1.8,0.3,2.1,0.076,0.6,-1.6,-1.0,0.3,14.4,0.264,0.172,0.052,0.09,0.492,0.559,0.409,0.464,0.469,0.406,0.513,0.914,0.028,12,0.332,0,0
186,Norman Powell,28,LAC,SG,5,2,125,9.2,18.1,0.508,3.7,6.9,0.542,5.5,11.2,0.487,0.611,8.6,10.1,0.857,0.9,3.2,4.0,4.0,0.6,1.2,2.0,4.0,30.8,,powelno01,27.1,0.682,0.381,0.556,2.6,9.1,5.9,19.5,0.8,2.7,8.2,30.0,0.6,0.1,0.7,0.272,7.8,-0.1,7.7,0.3,14.2,0.19,0.238,0.111,0.079,0.487,0.667,0.4,0.714,0.0,0.542,0.474,0.615,0.016,1,0.167,0,0
187,Delon Wright,29,ATL,SG,77,8,1452,3.0,6.7,0.454,1.1,2.9,0.379,1.9,3.8,0.51,0.535,1.3,1.6,0.857,1.2,4.2,5.5,4.7,2.3,0.5,1.1,1.4,8.5,,wrighde01,13.8,0.576,0.431,0.234,3.8,12.7,8.3,16.6,3.1,1.2,13.2,10.3,2.2,1.5,3.6,0.121,-0.2,2.4,2.2,1.6,13.9,0.29,0.178,0.045,0.041,0.51,0.615,0.417,0.25,0.455,0.379,0.436,0.818,0.022,6,0.25,3,0
188,Maxi Kleber,30,DAL,PF,59,21,1450,3.5,8.8,0.398,2.1,6.3,0.325,1.4,2.5,0.586,0.516,1.1,1.6,0.708,1.7,7.0,8.7,1.7,0.7,1.4,1.2,3.4,10.2,6MOY-11,klebima01,11.0,0.537,0.72,0.184,5.4,21.5,13.4,6.5,1.0,3.6,10.9,13.3,0.7,2.3,3.0,0.098,-1.6,1.2,-0.4,0.6,19.9,0.164,0.051,0.04,0.025,0.586,0.845,0.278,0.214,0.111,0.325,0.845,0.988,0.056,20,0.231,1,0
189,Terrence Ross,30,ORL,SG,63,0,1448,5.5,13.8,0.397,1.9,6.6,0.292,3.6,7.2,0.493,0.467,2.8,3.2,0.862,0.5,3.5,4.0,2.9,0.7,0.3,1.9,1.7,15.6,,rosste01,10.0,0.515,0.477,0.235,1.5,10.3,5.9,12.5,0.9,0.8,10.9,20.5,-0.5,0.9,0.3,0.011,-2.5,-1.1,-3.7,-0.6,18.0,0.108,0.125,0.155,0.135,0.493,0.7,0.435,0.523,0.347,0.292,0.524,0.779,0.023,10,0.133,4,0
190,Daniel Gafford,23,WAS,C,72,53,1444,7.1,10.2,0.693,0.0,0.0,0.0,7.1,10.2,0.695,0.693,2.7,3.8,0.699,3.9,6.3,10.1,1.7,0.7,2.5,1.6,4.2,16.9,,gaffoda01,21.8,0.708,0.002,0.372,12.1,19.0,15.6,7.3,1.0,5.8,12.0,16.7,4.4,1.6,6.0,0.198,1.1,0.5,1.6,1.3,2.9,0.655,0.304,0.022,0.012,0.695,0.836,0.448,0.333,0.0,0.0,0.737,,0.438,158,0.0,0,0
191,Bradley Beal,28,WAS,SG,40,40,1439,8.7,19.3,0.451,1.6,5.3,0.3,7.1,14.0,0.508,0.492,4.2,5.1,0.833,1.0,3.8,4.7,6.6,0.9,0.4,3.4,2.4,23.2,,bealbr01,17.5,0.539,0.272,0.263,3.0,11.4,7.3,30.8,1.2,0.9,13.6,30.8,0.6,0.7,1.4,0.046,2.0,-1.2,0.8,1.0,12.6,0.195,0.237,0.17,0.101,0.508,0.693,0.415,0.473,0.462,0.3,0.358,0.603,0.017,13,0.229,0,0
192,Landry Shamet,24,PHO,SG,69,14,1437,4.8,12.2,0.394,3.1,8.4,0.368,1.7,3.8,0.45,0.521,1.7,2.0,0.84,0.4,2.8,3.2,2.7,0.7,0.2,1.0,2.3,14.4,,shamela01,10.2,0.55,0.689,0.167,1.2,8.0,4.7,9.7,0.9,0.6,7.3,16.8,1.1,1.5,2.6,0.085,-0.9,-0.4,-1.2,0.3,20.0,0.087,0.109,0.058,0.056,0.45,0.643,0.34,0.393,0.444,0.368,0.603,0.943,0.029,13,0.302,2,0
193,Andre Drummond,28,2TM,C,73,36,1437,6.2,10.8,0.57,0.0,0.1,0.0,6.2,10.8,0.574,0.57,2.2,4.1,0.524,5.7,11.3,17.0,3.3,2.0,1.7,2.9,4.8,14.5,,drumman01,21.0,0.574,0.007,0.379,18.0,34.1,26.2,13.7,2.7,4.2,18.5,19.0,2.0,3.1,5.1,0.17,-0.1,1.4,1.3,1.2,2.8,0.707,0.261,0.021,0.005,0.574,0.641,0.434,0.222,0.0,0.0,0.591,,0.249,93,0.0,2,0
193,Andre Drummond,28,PHI,C,49,12,902,5.1,9.5,0.538,0.0,0.1,0.0,5.1,9.4,0.542,0.538,1.7,3.3,0.512,5.4,11.9,17.3,3.9,2.2,1.8,3.2,4.8,11.9,,drumman01,19.3,0.544,0.008,0.345,17.1,36.1,26.8,16.0,3.1,4.5,22.4,17.6,0.7,2.2,2.9,0.153,-1.2,2.5,1.3,0.7,2.7,0.706,0.265,0.021,0.0,0.542,0.643,0.286,0.4,,0.0,0.539,,0.235,48,0.0,1,0
193,Andre Drummond,28,BRK,C,24,24,535,8.0,13.1,0.61,0.0,0.1,0.0,8.0,13.1,0.613,0.61,3.0,5.5,0.537,6.3,10.4,16.6,2.3,1.5,1.5,2.4,4.8,19.0,,drumman01,23.8,0.61,0.005,0.421,19.4,30.6,25.1,9.8,2.0,3.8,13.5,21.5,1.3,0.9,2.2,0.199,1.7,-0.5,1.2,0.4,3.0,0.708,0.256,0.021,0.01,0.613,0.638,0.62,0.0,0.0,0.0,0.647,,0.267,45,0.0,1,0
194,Austin Reaves,23,LAL,SG,61,19,1418,3.7,8.1,0.459,1.3,4.2,0.317,2.4,3.8,0.616,0.542,2.5,3.0,0.839,1.1,3.8,4.9,2.8,0.7,0.5,1.0,2.2,11.3,,reaveau01,11.5,0.6,0.525,0.371,3.4,11.2,7.3,10.3,1.0,1.3,9.8,12.4,2.1,0.8,2.9,0.097,-1.3,-0.6,-1.9,0.0,16.3,0.211,0.157,0.066,0.035,0.616,0.746,0.56,0.571,0.182,0.317,0.548,0.981,0.019,6,0.281,3,0
195,Furkan Korkmaz,24,PHI,SG,67,19,1414,4.6,12.0,0.387,2.0,6.8,0.289,2.7,5.2,0.515,0.469,1.7,2.1,0.81,0.6,3.9,4.5,3.2,0.8,0.2,1.2,1.5,13.0,,korkmfu01,10.2,0.502,0.566,0.179,1.8,11.9,6.9,13.1,1.2,0.6,8.6,17.6,0.1,1.1,1.2,0.041,-2.0,-1.1,-3.1,-0.4,17.4,0.187,0.149,0.047,0.051,0.515,0.739,0.314,0.5,0.292,0.289,0.524,0.87,0.021,8,0.199,2,0
196,Avery Bradley,31,LAL,SG,62,45,1406,3.8,9.0,0.423,2.1,5.4,0.39,1.7,3.6,0.471,0.54,0.4,0.5,0.889,0.8,2.7,3.5,1.2,1.4,0.2,1.0,3.0,10.1,,bradlav01,7.8,0.55,0.6,0.051,2.4,8.0,5.2,4.5,1.8,0.6,9.6,12.1,0.3,0.9,1.2,0.04,-3.5,-0.1,-3.6,-0.6,17.8,0.129,0.091,0.083,0.089,0.471,0.6,0.281,0.483,0.452,0.39,0.621,0.902,0.003,1,0.533,0,0
197,Anthony Davis,28,LAL,C,40,40,1404,9.5,17.8,0.532,0.3,1.8,0.186,9.2,16.0,0.571,0.542,4.5,6.3,0.713,2.7,7.4,10.1,3.1,1.3,2.3,2.1,2.5,23.8,,davisan02,23.9,0.578,0.101,0.351,8.1,22.0,15.1,14.7,1.7,5.7,9.3,27.1,2.6,2.0,4.5,0.155,2.6,1.2,3.8,2.0,9.3,0.363,0.191,0.142,0.173,0.571,0.794,0.481,0.323,0.408,0.186,0.63,0.846,0.174,109,0.1,0,0
198,R.J. Hampton,20,ORL,SG,64,14,1402,4.5,11.7,0.383,1.6,4.7,0.35,2.9,7.0,0.405,0.453,1.9,3.0,0.641,0.6,4.4,5.0,4.1,1.1,0.3,2.2,2.6,12.6,,hamptrj01,8.5,0.481,0.4,0.256,1.7,12.9,7.3,16.9,1.4,0.8,14.6,18.4,-1.3,1.1,-0.2,-0.005,-4.0,-0.1,-4.1,-0.7,13.7,0.217,0.304,0.044,0.035,0.405,0.525,0.36,0.2,0.313,0.35,0.333,0.906,0.028,9,0.197,1,0
199,Jaxson Hayes,21,NOP,C,70,28,1398,6.3,10.2,0.616,0.5,1.5,0.351,5.8,8.8,0.66,0.641,3.7,4.8,0.766,3.0,5.2,8.1,1.1,0.8,1.4,1.4,4.0,16.8,,hayesja02,18.5,0.68,0.143,0.472,8.9,16.2,12.5,4.7,1.2,3.8,10.1,16.4,3.7,1.3,5.1,0.174,0.6,-0.3,0.2,0.8,6.6,0.533,0.259,0.04,0.018,0.66,0.774,0.485,0.375,0.286,0.351,0.747,0.95,0.276,103,0.316,1,0
200,Otto Porter Jr.,28,GSW,PF,63,15,1396,5.0,10.7,0.464,2.1,5.6,0.37,2.9,5.2,0.565,0.56,1.3,1.6,0.803,2.2,7.1,9.3,2.4,1.8,0.7,1.0,2.1,13.3,,porteot01,15.9,0.581,0.519,0.147,6.9,21.0,14.2,9.6,2.4,2.0,7.7,15.0,2.2,2.7,4.9,0.168,1.0,2.1,3.1,1.8,16.7,0.161,0.163,0.087,0.07,0.565,0.746,0.515,0.444,0.414,0.37,0.735,0.95,0.029,11,0.241,0,0
201,Raul Neto,29,WAS,PG,70,19,1372,5.4,11.6,0.463,0.9,3.1,0.292,4.4,8.4,0.526,0.502,2.2,2.8,0.769,0.3,3.2,3.5,5.7,1.4,0.1,2.1,2.7,13.8,,netora01,12.4,0.538,0.272,0.245,1.1,9.6,5.4,22.9,2.0,0.2,13.9,18.4,0.7,0.8,1.5,0.053,-2.5,-0.5,-2.9,-0.4,12.0,0.231,0.313,0.159,0.025,0.526,0.667,0.449,0.471,0.545,0.292,0.331,0.686,0.0,0,0.142,2,0
202,Caleb Martin,26,MIA,SF,60,12,1372,5.5,10.8,0.507,1.7,4.1,0.413,3.8,6.7,0.565,0.585,1.9,2.4,0.763,1.8,4.2,6.0,1.7,1.5,0.8,1.4,2.7,14.5,,martica02,14.8,0.611,0.378,0.227,5.9,13.0,9.5,7.0,2.1,2.3,10.3,16.3,1.9,2.1,4.0,0.139,0.1,0.9,1.1,1.1,12.6,0.373,0.144,0.034,0.068,0.565,0.739,0.237,0.143,0.5,0.413,0.604,0.906,0.107,36,0.452,1,0
203,Tre Mann,20,OKC,PG,60,26,1367,6.1,15.5,0.393,2.6,7.2,0.36,3.5,8.3,0.421,0.476,1.7,2.2,0.793,0.7,3.8,4.5,2.4,1.2,0.3,1.9,2.7,16.5,,manntr01,10.2,0.501,0.463,0.139,1.9,11.2,6.4,10.7,1.7,0.8,10.2,22.0,-1.0,1.0,0.1,0.002,-3.3,-1.1,-4.4,-0.8,16.6,0.102,0.264,0.092,0.078,0.421,0.533,0.394,0.407,0.37,0.36,0.286,0.663,0.014,6,0.143,4,0
204,Eric Bledsoe,32,LAC,PG,54,29,1361,5.2,12.4,0.421,1.3,4.3,0.313,3.9,8.1,0.479,0.475,2.4,3.1,0.761,0.7,4.1,4.8,6.0,1.8,0.5,3.1,2.2,14.1,,bledser01,12.5,0.514,0.348,0.25,2.2,11.6,7.1,24.1,2.5,1.2,18.3,20.5,-0.5,1.8,1.3,0.047,-2.1,1.3,-0.8,0.4,14.0,0.226,0.19,0.107,0.12,0.479,0.623,0.449,0.44,0.286,0.313,0.295,0.902,0.002,1,0.123,2,0
205,Danny Green,34,PHI,SF,62,28,1353,3.4,8.5,0.394,2.7,7.2,0.38,0.6,1.3,0.469,0.555,0.3,0.4,0.786,0.9,3.3,4.2,1.7,1.6,1.0,1.2,2.8,9.7,,greenda02,9.5,0.561,0.847,0.044,2.7,10.1,6.5,6.5,2.2,2.5,12.1,12.3,0.3,1.6,1.9,0.067,-1.4,0.8,-0.5,0.5,21.8,0.069,0.047,0.019,0.019,0.469,0.682,0.2,0.5,0.333,0.38,0.87,0.922,0.003,1,0.487,1,0
206,Ziaire Williams,20,MEM,SF,62,31,1346,5.1,11.3,0.45,2.0,6.5,0.314,3.1,4.9,0.632,0.54,1.2,1.5,0.782,0.7,2.8,3.5,1.7,0.9,0.3,1.1,3.0,13.4,,willizi02,9.7,0.559,0.571,0.13,2.0,8.2,5.0,6.3,1.2,0.8,8.4,14.9,1.1,1.1,2.2,0.08,-2.4,-0.6,-3.0,-0.3,17.0,0.179,0.108,0.083,0.059,0.632,0.855,0.478,0.343,0.64,0.314,0.8,0.947,0.104,44,0.463,2,0
207,Josh Christopher,20,HOU,SG,74,2,1334,6.0,13.5,0.448,1.5,5.1,0.296,4.5,8.4,0.54,0.504,2.2,3.0,0.735,1.4,3.6,5.0,4.0,1.8,0.4,3.1,2.6,15.8,,chrisjo01,12.2,0.534,0.378,0.226,4.3,11.1,7.7,17.3,2.3,0.9,17.2,21.1,-0.4,0.7,0.3,0.01,-2.2,-1.3,-3.5,-0.5,13.3,0.3,0.188,0.114,0.02,0.54,0.647,0.532,0.333,0.2,0.296,0.423,0.768,0.078,35,0.217,6,0
208,Draymond Green,31,GSW,PF,46,44,1329,3.7,7.0,0.525,0.4,1.5,0.296,3.2,5.5,0.586,0.556,1.6,2.5,0.659,1.2,7.9,9.1,8.7,1.7,1.4,3.8,3.7,9.4,DPOY-10ASDEF2,greendr01,14.3,0.582,0.21,0.354,3.8,23.2,13.8,32.5,2.2,3.6,31.9,14.3,0.8,2.8,3.6,0.131,-1.4,4.6,3.2,1.8,9.8,0.315,0.377,0.058,0.039,0.586,0.716,0.557,0.267,0.3,0.296,0.714,1.0,0.093,21,0.222,4,0
209,Bones Hyland,21,DEN,SG,69,4,1310,6.3,15.7,0.403,3.6,9.8,0.366,2.7,5.9,0.465,0.518,2.9,3.4,0.856,0.4,4.8,5.2,5.2,1.1,0.5,2.4,4.2,19.2,,hylanbo01,14.4,0.558,0.627,0.219,1.2,14.4,8.0,21.2,1.5,1.4,12.1,23.8,1.1,1.3,2.4,0.088,0.3,-0.7,-0.4,0.5,19.4,0.123,0.13,0.072,0.049,0.465,0.7,0.284,0.341,0.536,0.366,0.364,0.687,0.009,3,0.173,2,0
210,Jalen Suggs,20,ORL,PG,48,45,1307,5.5,15.1,0.361,1.2,5.4,0.214,4.3,9.7,0.443,0.4,3.5,4.5,0.773,0.7,4.0,4.7,5.8,1.6,0.5,3.9,3.9,15.5,,suggsja01,8.6,0.455,0.358,0.297,2.1,11.7,6.9,24.9,2.2,1.3,18.7,25.3,-3.0,1.3,-1.6,-0.06,-5.3,-0.2,-5.6,-1.2,13.3,0.263,0.245,0.069,0.066,0.443,0.611,0.313,0.395,0.306,0.214,0.365,0.667,0.035,15,0.122,1,0
211,John Konchar,25,MEM,SG,72,7,1292,3.8,7.3,0.515,1.4,3.5,0.413,2.3,3.8,0.61,0.615,0.8,1.4,0.551,2.4,6.7,9.2,3.0,1.3,0.6,0.8,2.5,9.7,,konchjo01,14.0,0.615,0.481,0.187,6.9,20.1,13.3,10.6,1.7,1.5,9.3,9.9,2.4,1.8,4.2,0.155,0.2,1.3,1.5,1.2,14.0,0.324,0.092,0.053,0.038,0.61,0.741,0.458,0.429,0.1,0.413,0.59,0.904,0.08,18,0.452,0,0
212,Bryn Forbes,28,2TM,SG,75,2,1286,6.5,15.1,0.429,3.4,8.3,0.414,3.1,6.8,0.447,0.542,2.2,2.4,0.908,0.3,2.3,2.6,2.1,0.7,0.1,1.6,2.7,18.6,,forbebr01,11.5,0.574,0.547,0.161,0.9,6.9,3.9,8.3,0.9,0.3,8.8,21.2,0.8,0.6,1.4,0.054,-0.7,-2.2,-2.9,-0.3,19.6,0.043,0.137,0.109,0.163,0.447,0.609,0.432,0.525,0.364,0.414,0.697,0.959,0.0,0,0.173,0,0
212,Bryn Forbes,28,SAS,SG,40,1,676,6.8,15.8,0.432,3.4,8.0,0.417,3.5,7.7,0.448,0.539,2.3,2.6,0.898,0.2,3.1,3.4,2.2,0.9,0.2,1.8,2.2,19.3,,forbebr01,12.4,0.572,0.51,0.166,0.6,9.2,4.9,8.6,1.2,0.4,9.4,21.9,0.3,0.4,0.7,0.053,-0.3,-1.3,-1.6,0.1,18.9,0.054,0.132,0.155,0.149,0.448,0.688,0.359,0.478,0.409,0.417,0.708,0.937,0.0,0,0.179,0,0
212,Bryn Forbes,28,DEN,SG,35,1,610,6.1,14.3,0.424,3.5,8.5,0.41,2.6,5.8,0.444,0.545,2.1,2.2,0.921,0.4,1.4,1.8,2.0,0.5,0.1,1.4,3.1,17.7,,forbebr01,10.6,0.578,0.593,0.156,1.1,4.3,2.7,8.0,0.6,0.3,8.1,20.3,0.5,0.2,0.7,0.054,-1.1,-3.2,-4.3,-0.4,20.2,0.029,0.144,0.053,0.181,0.444,0.429,0.514,0.692,0.318,0.41,0.682,0.983,0.0,0,0.167,0,0
213,Ben McLemore,28,POR,SG,64,6,1285,6.1,15.1,0.401,4.2,11.7,0.362,1.8,3.4,0.533,0.541,2.0,2.5,0.818,0.3,2.5,2.9,1.7,1.1,0.3,1.5,2.9,18.4,,mclembe01,11.7,0.567,0.774,0.163,1.0,8.1,4.4,7.3,1.4,0.8,8.7,21.3,0.7,0.2,0.8,0.031,-0.7,-2.5,-3.2,-0.4,21.9,0.091,0.033,0.006,0.096,0.533,0.694,0.389,0.333,0.442,0.362,0.846,0.967,0.017,8,0.309,2,0
214,Chimezie Metu,24,SAC,C,60,20,1279,5.7,12.6,0.452,1.6,5.2,0.306,4.1,7.4,0.555,0.516,2.0,2.6,0.78,1.0,8.5,9.4,1.7,1.4,0.9,1.7,2.6,15.0,,metuch01,13.4,0.546,0.414,0.203,2.9,25.9,14.3,6.9,1.9,2.2,11.1,18.5,0.1,1.4,1.5,0.056,-1.6,0.1,-1.5,0.2,14.0,0.229,0.223,0.085,0.049,0.555,0.718,0.49,0.368,0.409,0.306,0.74,0.965,0.167,63,0.301,0,0
215,Cameron Payne,27,PHO,PG,58,12,1278,6.8,16.5,0.409,2.0,5.9,0.336,4.8,10.6,0.449,0.469,2.1,2.5,0.843,0.7,4.3,4.9,7.9,1.1,0.5,2.9,3.4,17.6,,payneca01,13.8,0.5,0.359,0.152,2.1,12.3,7.3,30.7,1.5,1.2,14.1,24.6,0.2,1.8,1.9,0.073,-0.4,0.4,0.0,0.7,13.8,0.187,0.3,0.112,0.041,0.449,0.536,0.381,0.53,0.333,0.336,0.183,0.634,0.002,1,0.085,1,0
216,Hamidou Diallo,23,DET,SG,58,29,1269,7.4,14.9,0.496,0.7,2.6,0.247,6.8,12.3,0.55,0.518,2.6,4.0,0.65,2.0,5.9,7.9,2.1,2.0,0.5,1.6,4.1,18.0,,diallha01,15.7,0.541,0.177,0.266,5.6,18.7,11.8,9.8,2.7,1.2,9.0,21.8,0.6,1.5,2.1,0.079,-1.2,0.7,-0.5,0.5,9.5,0.333,0.3,0.122,0.068,0.55,0.691,0.5,0.391,0.361,0.247,0.517,0.913,0.101,51,0.505,2,0
217,Damion Lee,29,GSW,SG,63,5,1256,4.8,11.0,0.441,1.8,5.4,0.337,3.0,5.6,0.541,0.523,1.9,2.1,0.88,0.8,5.0,5.8,1.8,1.1,0.2,1.1,2.7,13.4,,leeda03,10.9,0.561,0.488,0.196,2.4,14.9,8.8,7.1,1.5,0.5,8.4,15.8,0.9,1.8,2.7,0.102,-2.4,0.4,-2.0,0.0,16.4,0.188,0.146,0.091,0.086,0.541,0.833,0.429,0.343,0.303,0.337,0.736,0.984,0.005,2,0.396,2,0
218,George Hill,35,MIL,PG,54,17,1253,3.4,7.9,0.429,1.2,3.8,0.306,2.2,4.1,0.546,0.504,1.6,1.8,0.919,1.1,3.4,4.5,3.4,1.2,0.2,1.2,2.0,9.6,,hillge01,10.2,0.552,0.487,0.225,3.3,9.7,6.6,12.4,1.6,0.5,11.9,11.7,1.3,1.0,2.3,0.087,-2.2,0.6,-1.6,0.1,15.1,0.262,0.131,0.058,0.047,0.546,0.736,0.306,0.313,0.462,0.306,0.429,0.902,0.015,3,0.366,1,0
219,Gary Payton II,29,GSW,SG,71,16,1247,6.1,9.9,0.616,1.2,3.5,0.358,4.9,6.5,0.754,0.679,1.0,1.7,0.603,2.1,5.1,7.1,1.8,2.8,0.6,1.2,3.8,14.5,,paytoga02,17.8,0.679,0.349,0.169,6.5,14.9,10.8,7.6,3.8,1.7,9.8,14.3,2.5,2.6,5.2,0.199,0.3,3.4,3.7,1.8,10.4,0.398,0.244,0.003,0.006,0.754,0.825,0.655,0.0,0.5,0.358,0.787,1.0,0.18,55,0.6,1,0
220,Brandon Clarke,25,MEM,PF,64,1,1246,8.3,12.9,0.644,0.1,0.6,0.227,8.2,12.3,0.666,0.65,2.5,3.8,0.654,3.9,6.0,9.9,2.5,1.1,2.0,1.0,3.5,19.2,6MOY-11,clarkbr01,23.7,0.66,0.049,0.291,11.1,17.8,14.4,10.3,1.5,4.9,6.3,17.7,4.4,1.9,6.3,0.241,3.1,1.1,4.2,2.0,5.4,0.499,0.311,0.116,0.016,0.666,0.776,0.568,0.462,0.571,0.227,0.689,1.0,0.179,76,0.682,0,0
221,Tim Hardaway Jr.,29,DAL,SG,42,20,1245,6.0,15.3,0.394,2.9,8.8,0.336,3.1,6.5,0.473,0.491,2.3,3.0,0.757,0.4,4.1,4.5,2.7,1.1,0.2,1.0,2.1,17.3,,hardati02,12.7,0.52,0.574,0.194,1.2,12.8,7.0,11.4,1.5,0.4,5.6,22.0,0.5,1.5,2.0,0.077,-0.4,0.2,-0.2,0.6,19.6,0.094,0.092,0.098,0.142,0.473,0.68,0.429,0.404,0.413,0.336,0.664,0.804,0.034,15,0.194,4,0
222,Drew Eubanks,24,2TM,C,71,31,1245,6.4,10.7,0.596,0.1,0.7,0.217,6.2,10.1,0.621,0.602,2.9,3.8,0.762,3.8,7.3,11.0,2.5,0.9,1.2,2.3,3.5,15.8,,eubandr01,18.0,0.638,0.062,0.35,11.0,22.2,16.5,10.1,1.2,2.8,15.9,17.5,2.2,1.1,3.4,0.13,-0.5,-0.9,-1.4,0.2,6.2,0.442,0.364,0.094,0.038,0.621,0.683,0.563,0.657,0.357,0.217,0.759,1.0,0.237,77,0.174,0,0
222,Drew Eubanks,24,SAS,C,49,9,595,5.1,9.6,0.528,0.1,0.5,0.125,5.0,9.1,0.55,0.531,3.6,4.8,0.747,3.9,8.0,11.9,3.0,0.8,1.8,2.8,3.7,13.8,,eubandr01,16.0,0.588,0.05,0.497,11.2,23.4,17.3,11.1,1.0,4.2,19.2,17.0,0.6,0.8,1.4,0.114,-1.9,0.7,-1.2,0.1,5.7,0.453,0.384,0.069,0.044,0.55,0.597,0.541,0.455,0.286,0.125,0.759,1.0,0.226,31,0.25,0,0
222,Drew Eubanks,24,POR,C,22,22,650,7.6,11.7,0.646,0.2,0.8,0.267,7.4,10.9,0.675,0.656,2.2,2.8,0.784,3.7,6.6,10.3,1.9,1.0,0.6,1.9,3.4,17.6,,eubandr01,19.9,0.678,0.071,0.241,10.8,21.0,15.7,9.1,1.4,1.5,13.0,18.0,1.6,0.3,2.0,0.144,0.8,-2.3,-1.5,0.1,6.6,0.434,0.349,0.113,0.033,0.675,0.75,0.581,0.75,0.429,0.267,0.759,1.0,0.245,46,0.133,0,0
223,Myles Turner,25,IND,C,42,42,1235,5.8,11.5,0.509,1.8,5.3,0.333,4.1,6.1,0.662,0.587,2.3,3.1,0.752,1.9,6.8,8.7,1.3,0.8,3.4,1.6,3.5,15.7,,turnemy01,17.4,0.615,0.466,0.267,5.8,21.3,13.4,5.1,1.1,8.3,10.9,17.1,1.7,1.4,3.1,0.12,0.1,1.4,1.4,1.1,14.5,0.239,0.211,0.048,0.025,0.662,0.798,0.566,0.526,0.5,0.333,0.676,0.984,0.061,22,0.186,0,0
224,Aleksej Pokusevski,20,OKC,PF,61,12,1233,5.4,13.3,0.408,1.7,5.8,0.289,3.8,7.6,0.498,0.47,1.0,1.5,0.7,2.1,7.2,9.3,3.8,1.1,1.1,2.7,2.6,13.5,,pokusal01,12.0,0.485,0.432,0.11,6.0,20.8,13.3,16.5,1.5,2.9,16.4,20.0,-1.1,1.5,0.4,0.014,-2.7,0.1,-2.6,-0.2,14.5,0.2,0.248,0.07,0.05,0.498,0.703,0.416,0.344,0.304,0.289,0.535,0.947,0.075,32,0.203,0,0
225,Obi Toppin,23,NYK,PF,72,10,1230,7.3,13.8,0.531,1.5,4.9,0.308,5.8,8.9,0.655,0.586,2.8,3.6,0.758,2.0,5.8,7.8,2.3,0.7,1.0,1.6,3.0,19.0,,toppiob01,18.3,0.614,0.357,0.262,5.9,17.7,11.7,10.9,1.0,2.6,9.6,20.8,2.5,1.5,3.9,0.153,1.7,0.3,2.0,1.2,10.5,0.505,0.108,0.017,0.013,0.655,0.728,0.392,0.375,0.333,0.308,0.824,1.0,0.235,102,0.491,1,0
226,Doug McDermott,30,SAS,PF,51,51,1223,6.3,13.7,0.462,3.2,7.5,0.422,3.1,6.2,0.512,0.578,1.2,1.5,0.784,0.5,2.9,3.4,1.9,0.4,0.2,1.3,2.3,17.0,,mcderdo01,11.4,0.593,0.551,0.11,1.5,8.4,4.9,7.3,0.5,0.4,8.1,18.3,1.1,0.5,1.6,0.062,-0.4,-2.1,-2.5,-0.1,16.6,0.176,0.185,0.06,0.028,0.512,0.646,0.395,0.464,0.538,0.422,0.85,0.991,0.011,5,0.188,0,0
227,Isaiah Hartenstein,23,LAC,C,68,0,1216,6.8,10.8,0.626,0.4,0.9,0.467,6.4,9.9,0.64,0.645,2.7,3.9,0.689,3.5,6.4,9.8,4.7,1.5,2.3,2.5,4.9,16.7,,harteis01,22.0,0.664,0.082,0.361,10.5,18.2,14.5,20.5,2.0,5.4,16.5,18.4,3.3,2.2,5.5,0.215,1.4,3.1,4.5,2.0,5.8,0.454,0.361,0.093,0.0,0.64,0.759,0.523,0.559,,0.467,0.744,0.857,0.197,66,0.2,0,0
228,Naz Reid,22,MIN,C,77,6,1215,6.9,14.1,0.489,1.7,4.9,0.343,5.2,9.2,0.568,0.549,3.4,4.4,0.765,3.0,5.9,8.9,2.1,1.2,2.1,2.4,5.1,18.9,,reidna01,17.2,0.588,0.349,0.313,8.8,18.0,13.3,8.7,1.6,5.6,13.2,21.4,1.5,1.6,3.2,0.125,-0.5,0.5,0.0,0.6,10.6,0.395,0.242,0.008,0.0,0.568,0.681,0.374,0.5,,0.343,0.608,0.982,0.097,39,0.223,0,0
229,Lonzo Ball,24,CHI,PG,35,35,1212,4.8,11.4,0.423,3.3,7.7,0.423,1.5,3.7,0.423,0.567,0.6,0.8,0.75,1.0,4.6,5.6,5.3,1.9,0.9,2.4,2.5,13.5,,balllo01,14.5,0.575,0.679,0.073,3.3,14.3,8.8,20.0,2.6,2.2,17.2,17.4,0.8,1.4,2.2,0.088,0.9,1.6,2.5,1.4,19.9,0.154,0.047,0.057,0.063,0.423,0.61,0.333,0.273,0.167,0.423,0.404,0.845,0.018,6,0.235,2,0
230,Aaron Wiggins,23,OKC,SG,50,35,1209,4.6,10.0,0.463,1.3,4.1,0.304,3.4,5.9,0.573,0.525,1.8,2.5,0.729,1.5,3.8,5.3,2.0,0.9,0.3,1.6,2.8,12.4,,wiggiaa01,10.3,0.556,0.409,0.252,4.3,11.0,7.6,8.5,1.2,0.8,12.6,15.3,0.5,0.8,1.2,0.048,-3.4,-0.9,-4.3,-0.7,12.7,0.249,0.318,0.018,0.006,0.573,0.655,0.514,0.5,0.5,0.304,0.561,0.976,0.05,15,0.362,0,0
231,Malcolm Brogdon,29,IND,PG,36,36,1206,7.3,16.2,0.448,1.7,5.6,0.312,5.5,10.7,0.518,0.501,4.3,5.0,0.856,1.0,4.5,5.5,6.3,0.9,0.4,2.3,2.1,20.5,,brogdma01,18.0,0.557,0.343,0.308,3.0,14.3,8.6,26.9,1.2,1.0,11.1,24.6,2.2,0.4,2.7,0.106,2.8,-0.5,2.3,1.3,13.0,0.273,0.188,0.103,0.076,0.518,0.628,0.451,0.411,0.415,0.312,0.238,0.569,0.009,4,0.167,1,0
232,James Johnson,34,BRK,PF,62,10,1191,4.4,9.3,0.469,0.7,2.6,0.271,3.7,6.7,0.545,0.507,0.9,1.7,0.527,1.5,5.0,6.5,3.9,0.9,1.0,1.5,4.9,10.3,,johnsja01,10.3,0.513,0.277,0.179,4.8,14.6,9.8,14.5,1.2,2.6,12.7,13.7,0.6,1.1,1.7,0.068,-2.7,0.6,-2.2,-0.1,9.4,0.476,0.192,0.033,0.023,0.545,0.651,0.39,0.2,0.143,0.271,0.512,0.913,0.091,25,0.376,0,0
233,Jonathan Kuminga,19,GSW,SF,70,12,1185,7.2,14.0,0.513,1.5,4.5,0.336,5.7,9.4,0.598,0.567,3.9,5.8,0.684,1.6,5.5,7.1,1.9,0.9,0.7,2.2,4.4,19.8,,kuminjo01,15.2,0.6,0.324,0.413,5.1,16.1,10.8,8.4,1.3,1.8,12.0,22.7,1.3,1.8,3.0,0.123,-1.3,-0.2,-1.5,0.1,11.0,0.341,0.276,0.043,0.015,0.598,0.771,0.433,0.4,0.286,0.336,0.608,1.0,0.172,74,0.349,2,0
234,Jordan Nwora,23,MIL,SF,62,13,1185,5.7,14.0,0.403,2.4,6.9,0.348,3.3,7.1,0.455,0.488,1.1,1.3,0.837,1.1,5.6,6.7,1.8,0.8,0.5,1.7,2.4,14.8,,nworajo01,9.9,0.506,0.491,0.093,3.4,16.1,9.9,7.0,1.0,1.4,10.6,19.4,-0.4,1.1,0.6,0.025,-2.7,-1.5,-4.1,-0.6,16.4,0.188,0.128,0.095,0.091,0.455,0.667,0.356,0.341,0.31,0.348,0.617,0.709,0.03,10,0.291,0,0
235,Facundo Campazzo,30,DEN,PG,65,4,1184,3.3,9.0,0.361,1.8,5.9,0.301,1.5,3.1,0.476,0.459,1.8,2.4,0.769,0.7,2.9,3.6,6.7,1.9,0.7,2.0,3.8,10.1,,campafa01,11.1,0.503,0.652,0.264,2.2,8.6,5.5,24.1,2.6,1.8,16.9,14.7,0.6,1.3,2.0,0.081,-2.1,1.3,-0.8,0.4,19.4,0.149,0.142,0.041,0.017,0.476,0.614,0.381,0.25,0.6,0.301,0.388,0.741,0.003,0,0.197,9,0
236,Shake Milton,25,PHI,SG,55,6,1179,5.3,12.3,0.429,1.3,4.1,0.323,4.0,8.2,0.481,0.483,1.9,2.2,0.836,0.9,3.4,4.3,4.2,0.9,0.5,1.3,3.0,13.7,,miltosh01,11.9,0.517,0.33,0.181,2.9,10.4,6.7,17.6,1.2,1.3,9.2,18.3,0.7,1.0,1.7,0.069,-1.6,-0.6,-2.2,-0.1,13.4,0.199,0.278,0.136,0.057,0.481,0.7,0.402,0.4,0.304,0.323,0.369,0.93,0.005,1,0.233,1,0
237,Taurean Prince,27,MIN,PF,69,8,1177,5.4,11.9,0.454,2.6,7.0,0.376,2.8,4.9,0.565,0.564,1.9,2.5,0.756,0.8,4.5,5.3,2.1,1.4,0.7,1.6,3.5,15.4,,princta02,12.4,0.589,0.587,0.21,2.3,13.8,7.9,8.1,1.9,1.9,11.1,17.0,1.0,1.2,2.2,0.09,-1.0,0.0,-0.9,0.3,16.9,0.174,0.138,0.059,0.038,0.565,0.676,0.463,0.609,0.333,0.376,0.681,0.942,0.023,7,0.402,2,0
238,Cam Thomas,20,BRK,SG,67,2,1176,6.7,15.4,0.433,1.4,5.3,0.27,5.2,10.1,0.52,0.48,2.7,3.2,0.829,0.5,4.4,4.9,2.4,1.0,0.2,1.7,2.0,17.4,,thomaca02,11.7,0.519,0.346,0.209,1.5,13.1,7.5,9.7,1.4,0.6,9.1,22.1,0.0,0.8,0.8,0.033,-2.0,-1.4,-3.4,-0.4,16.0,0.107,0.145,0.25,0.151,0.52,0.574,0.521,0.548,0.434,0.27,0.415,0.702,0.002,0,0.172,0,0
239,CJ Elleby,21,POR,SF,58,28,1174,3.7,9.4,0.393,1.1,3.9,0.294,2.6,5.6,0.462,0.453,1.8,2.6,0.714,2.0,4.9,7.0,2.7,1.1,0.6,1.7,3.6,10.4,,ellebcj01,9.2,0.491,0.409,0.273,6.0,15.6,10.6,10.6,1.5,1.6,14.0,14.8,-0.1,0.5,0.4,0.016,-3.8,-1.5,-5.3,-1.0,13.3,0.312,0.169,0.075,0.036,0.462,0.615,0.231,0.478,0.182,0.294,0.631,0.973,0.036,10,0.317,1,0
240,JaVale McGee,34,PHO,C,74,17,1172,8.8,14.1,0.629,0.1,0.3,0.222,8.8,13.8,0.637,0.631,3.1,4.5,0.699,5.0,10.2,15.2,1.3,0.7,2.5,3.0,5.6,20.9,,mcgeeja01,22.6,0.651,0.02,0.319,15.3,29.7,22.7,5.4,0.9,6.1,15.8,22.8,2.4,2.6,4.9,0.201,-0.1,0.9,0.8,0.8,4.2,0.528,0.369,0.052,0.022,0.637,0.702,0.592,0.375,0.4,0.222,0.682,1.0,0.225,98,0.0,0,0
241,Frank Jackson,23,DET,PG,53,7,1164,6.0,14.9,0.402,2.7,8.6,0.308,3.3,6.3,0.529,0.491,2.7,3.2,0.827,0.6,2.1,2.7,1.7,0.8,0.3,1.2,2.8,17.3,,jacksfr01,10.6,0.53,0.578,0.215,1.7,6.7,4.0,7.6,1.1,0.7,6.7,20.9,0.3,0.4,0.7,0.031,-1.8,-1.7,-3.5,-0.4,17.4,0.166,0.159,0.068,0.029,0.529,0.725,0.338,0.515,0.5,0.308,0.676,0.942,0.01,5,0.33,0,0
242,Hassan Whiteside,32,UTA,C,65,8,1162,6.7,10.2,0.652,0.0,0.0,,6.7,10.2,0.652,0.652,3.2,5.2,0.623,5.1,10.2,15.3,0.8,0.7,3.2,1.6,5.5,16.5,,whiteha01,22.9,0.662,0.0,0.506,16.2,29.9,23.3,3.4,0.9,7.8,11.6,17.1,3.4,2.3,5.8,0.238,0.6,1.4,2.1,1.2,3.8,0.552,0.376,0.058,0.015,0.652,0.802,0.516,0.263,0.0,,0.637,,0.282,86,,0,0
243,Tre Jones,22,SAS,PG,69,11,1148,5.2,10.6,0.49,0.3,1.6,0.196,4.9,9.0,0.542,0.504,2.2,2.9,0.78,0.9,4.0,4.9,7.3,1.3,0.2,1.4,2.4,13.0,,jonestr01,15.0,0.545,0.15,0.268,2.6,11.6,7.1,27.0,1.8,0.5,10.8,15.6,1.9,0.9,2.9,0.121,-0.9,0.4,-0.5,0.4,9.7,0.307,0.307,0.201,0.035,0.542,0.615,0.5,0.485,0.583,0.196,0.455,0.8,0.006,1,0.451,3,0
244,Alex Caruso,27,CHI,SG,41,18,1147,3.2,8.0,0.398,1.3,4.0,0.333,1.9,4.1,0.462,0.48,1.8,2.3,0.795,1.0,3.6,4.6,5.2,2.2,0.5,1.8,3.3,9.5,,carusal01,11.7,0.528,0.492,0.285,3.3,11.2,7.3,18.5,3.0,1.1,16.5,13.3,0.7,1.2,2.0,0.082,-2.2,2.3,0.2,0.6,15.4,0.258,0.145,0.043,0.063,0.462,0.591,0.324,0.364,0.313,0.333,0.567,0.929,0.023,4,0.373,2,0
245,Marvin Bagley III,22,2TM,PF,48,25,1146,7.1,14.0,0.504,0.7,3.0,0.237,6.3,11.0,0.579,0.53,2.1,3.2,0.663,3.3,7.3,10.6,1.1,0.7,0.6,1.2,2.9,17.0,,baglema01,15.7,0.551,0.217,0.226,9.7,22.6,16.0,5.2,0.9,1.4,7.4,19.8,1.2,0.9,2.0,0.085,-0.5,-1.8,-2.3,-0.1,9.1,0.327,0.363,0.081,0.011,0.579,0.795,0.457,0.306,0.2,0.237,0.658,0.913,0.126,52,0.485,1,0
245,Marvin Bagley III,22,SAC,PF,30,17,656,6.3,13.5,0.463,0.8,3.4,0.242,5.4,10.1,0.538,0.494,1.9,2.6,0.745,3.7,8.1,11.8,0.9,0.5,0.6,1.2,2.7,15.3,,baglema01,14.3,0.521,0.252,0.191,11.0,24.8,17.8,3.9,0.7,1.5,7.3,18.8,0.5,0.4,0.9,0.068,-1.1,-2.4,-3.5,-0.3,10.0,0.289,0.35,0.098,0.012,0.538,0.718,0.442,0.375,0.333,0.242,0.596,0.867,0.089,18,0.613,1,0
245,Marvin Bagley III,22,DET,PF,18,8,490,8.2,14.7,0.555,0.6,2.6,0.229,7.6,12.1,0.624,0.575,2.4,4.0,0.593,2.8,6.2,9.0,1.4,1.0,0.5,1.3,3.2,19.2,,baglema01,17.7,0.585,0.175,0.27,8.0,19.8,13.6,6.9,1.3,1.3,7.4,21.2,0.7,0.4,1.1,0.107,0.4,-0.9,-0.6,0.2,8.1,0.375,0.38,0.06,0.01,0.624,0.867,0.474,0.167,0.0,0.229,0.718,1.0,0.17,34,0.257,0,0
246,Nemanja Bjelica,33,GSW,C,71,0,1142,5.0,10.8,0.468,1.7,4.7,0.362,3.3,6.1,0.549,0.547,1.9,2.6,0.728,2.0,7.3,9.3,5.0,1.3,0.8,2.7,4.0,13.6,,bjeline01,14.2,0.573,0.436,0.237,6.1,21.5,14.1,19.8,1.8,2.2,18.7,17.8,1.0,2.1,3.0,0.128,-0.9,2.3,1.4,1.0,14.1,0.26,0.26,0.023,0.02,0.549,0.674,0.438,0.5,0.429,0.362,0.689,0.944,0.026,9,0.128,0,0
247,Ish Smith,33,2TM,PG,65,1,1126,5.9,13.7,0.43,0.8,2.1,0.373,5.1,11.6,0.441,0.459,0.5,0.8,0.625,0.8,3.7,4.5,7.8,1.5,0.7,2.5,2.5,13.1,,smithis01,12.5,0.465,0.156,0.056,2.4,11.1,6.8,31.5,2.0,1.8,15.0,20.1,-0.3,0.9,0.5,0.023,-2.2,-0.6,-2.9,-0.2,13.1,0.2,0.172,0.205,0.267,0.441,0.5,0.392,0.364,0.487,0.373,0.181,0.72,0.002,1,0.224,1,0
247,Ish Smith,33,CHO,PG,37,1,511,5.1,13.0,0.395,0.7,1.8,0.4,4.4,11.3,0.394,0.422,0.8,1.3,0.632,0.8,3.2,4.0,6.9,1.4,0.7,2.5,2.4,11.8,,smithis01,9.6,0.434,0.135,0.103,2.2,9.7,5.9,25.9,1.9,1.8,15.7,19.1,-0.5,0.3,-0.1,-0.011,-3.7,-0.7,-4.5,-0.3,11.7,0.254,0.211,0.205,0.195,0.394,0.489,0.282,0.368,0.417,0.4,0.238,0.8,0.0,0,0.24,1,0
247,Ish Smith,33,WAS,PG,28,0,615,6.6,14.3,0.457,0.9,2.5,0.357,5.7,11.9,0.478,0.488,0.2,0.3,0.6,0.8,4.0,4.9,8.5,1.6,0.8,2.5,2.6,14.2,,smithis01,15.0,0.489,0.171,0.02,2.6,12.2,7.5,36.1,2.2,1.8,14.5,20.9,0.1,0.5,0.7,0.052,-0.9,-0.6,-1.5,0.1,14.4,0.159,0.143,0.204,0.322,0.478,0.513,0.514,0.36,0.519,0.357,0.144,0.667,0.004,1,0.214,0,0
248,Joe Ingles,34,UTA,SF,45,15,1122,3.7,9.1,0.404,2.5,7.2,0.347,1.2,1.9,0.617,0.54,0.5,0.7,0.773,0.4,3.8,4.2,5.1,0.7,0.2,1.5,2.6,10.4,,inglejo01,10.0,0.551,0.789,0.077,1.2,11.2,6.4,19.0,1.0,0.4,13.5,13.2,1.3,0.9,2.2,0.094,-0.7,0.5,-0.3,0.5,21.3,0.039,0.147,0.014,0.011,0.617,0.818,0.619,0.25,0.333,0.347,0.595,0.756,0.0,0,0.187,0,0
249,Garrett Temple,35,NOP,SG,59,16,1098,3.6,9.7,0.376,1.9,6.1,0.319,1.7,3.6,0.473,0.476,0.9,1.3,0.683,1.0,3.7,4.7,2.4,1.4,0.8,1.4,2.7,10.1,,templga01,8.6,0.494,0.627,0.139,2.9,11.8,7.2,9.2,1.9,2.0,11.8,13.9,-0.1,1.0,0.8,0.037,-2.8,0.3,-2.5,-0.1,18.0,0.169,0.071,0.071,0.051,0.473,0.62,0.429,0.238,0.267,0.319,0.596,0.983,0.01,3,0.459,0,0
250,Stanley Johnson,25,LAL,PF,48,27,1094,3.9,8.3,0.466,1.1,3.5,0.314,2.8,4.8,0.575,0.532,1.7,2.4,0.716,1.1,4.0,5.1,2.6,1.4,0.5,1.2,3.6,10.5,,johnsst04,10.5,0.564,0.418,0.295,3.4,11.9,7.6,9.8,1.9,1.1,11.0,12.5,0.9,0.9,1.8,0.079,-2.8,0.1,-2.7,-0.2,13.7,0.243,0.215,0.088,0.036,0.575,0.738,0.37,0.682,0.444,0.314,0.548,0.939,0.008,2,0.39,0,0
251,Kyrie Irving,29,BRK,PG,29,29,1091,9.5,20.3,0.469,3.3,7.9,0.418,6.2,12.4,0.501,0.55,3.9,4.3,0.915,0.5,3.7,4.2,5.5,1.4,0.6,2.4,2.7,26.3,,irvinky01,21.4,0.592,0.388,0.209,1.6,10.8,6.3,25.2,1.8,1.4,9.8,29.4,2.4,0.9,3.3,0.147,4.2,-1.2,3.0,1.4,16.5,0.093,0.188,0.203,0.128,0.501,0.702,0.543,0.432,0.405,0.418,0.233,0.59,0.002,1,0.146,0,0
252,Nassir Little,21,POR,SF,42,23,1088,4.8,10.4,0.46,1.7,5.1,0.331,3.1,5.3,0.584,0.541,2.3,3.1,0.734,1.9,5.9,7.8,1.8,0.8,1.2,1.3,2.7,13.6,,littlna01,13.5,0.575,0.489,0.298,5.7,18.7,11.9,7.4,1.1,3.3,10.1,15.8,1.2,0.6,1.7,0.076,-0.9,-0.6,-1.4,0.2,14.8,0.273,0.14,0.038,0.051,0.584,0.733,0.386,0.333,0.438,0.331,0.67,0.922,0.111,31,0.279,0,0
253,Jeremiah Robinson-Earl,21,OKC,C,49,36,1087,4.4,10.7,0.414,1.9,5.5,0.352,2.5,5.3,0.478,0.503,1.3,1.8,0.741,2.5,6.6,9.1,1.6,1.0,0.5,1.3,2.5,12.1,,robinje02,11.7,0.526,0.509,0.167,7.0,19.1,13.0,6.7,1.3,1.3,10.1,15.4,0.4,1.0,1.5,0.066,-1.9,-0.4,-2.2,-0.1,15.3,0.244,0.151,0.062,0.034,0.478,0.608,0.429,0.2,0.273,0.352,0.75,1.0,0.056,15,0.279,0,0
254,JaMychal Green,31,DEN,PF,67,8,1085,5.3,10.8,0.486,1.1,4.1,0.266,4.2,6.7,0.621,0.537,2.7,3.1,0.871,2.7,6.6,9.3,2.0,1.4,0.9,1.9,5.2,14.3,,greenja01,14.1,0.587,0.379,0.284,8.6,19.9,14.5,7.6,1.9,2.2,13.4,17.2,1.2,1.4,2.7,0.118,-2.0,0.1,-1.8,0.0,12.1,0.391,0.156,0.034,0.04,0.621,0.734,0.392,0.273,0.692,0.266,0.69,1.0,0.217,61,0.306,2,0
255,Paul George,31,LAC,PF,31,31,1077,9.0,21.3,0.421,3.0,8.6,0.354,5.9,12.7,0.467,0.493,4.2,4.9,0.858,0.4,6.7,7.1,5.9,2.2,0.4,4.2,2.5,25.2,,georgpa01,18.6,0.538,0.404,0.233,1.2,19.2,10.5,28.1,3.0,1.0,15.2,33.7,-0.6,1.9,1.3,0.057,1.8,1.9,3.7,1.6,16.1,0.14,0.118,0.156,0.164,0.467,0.674,0.333,0.455,0.394,0.354,0.209,0.484,0.017,9,0.148,0,0
256,Richaun Holmes,28,SAC,C,45,37,1074,6.6,10.1,0.66,0.1,0.2,0.4,6.6,9.9,0.664,0.663,2.3,3.0,0.778,3.1,7.5,10.6,1.6,0.6,1.4,1.9,4.3,15.7,,holmeri01,17.8,0.689,0.017,0.3,9.3,22.9,16.1,6.8,0.8,3.3,14.2,15.8,2.4,0.9,3.2,0.145,-0.4,-0.1,-0.5,0.4,5.4,0.48,0.27,0.197,0.01,0.664,0.771,0.556,0.559,0.667,0.4,0.724,1.0,0.223,59,0.0,0,0
257,Kenrich Williams,27,OKC,SF,49,0,1072,4.9,10.6,0.461,1.4,4.1,0.339,3.5,6.6,0.536,0.525,1.0,1.8,0.545,2.5,4.9,7.4,3.6,1.5,0.3,1.5,2.7,12.2,,willike04,13.3,0.532,0.382,0.174,7.1,14.1,10.5,15.3,2.0,0.9,11.9,15.6,0.8,1.0,1.8,0.081,-1.3,1.1,-0.3,0.5,13.5,0.24,0.224,0.079,0.069,0.536,0.645,0.479,0.48,0.409,0.339,0.581,0.805,0.082,23,0.331,1,0
258,Dewayne Dedmon,32,MIA,C,67,15,1065,5.5,9.8,0.566,0.6,1.6,0.404,4.9,8.2,0.597,0.598,2.5,3.4,0.75,3.5,9.5,13.0,1.6,0.8,1.4,2.4,5.9,14.3,,dedmode01,15.9,0.632,0.162,0.345,11.4,29.4,20.6,6.7,1.1,4.2,17.3,16.9,1.5,2.0,3.5,0.157,-2.2,1.1,-1.0,0.3,8.0,0.424,0.283,0.062,0.038,0.597,0.691,0.537,0.444,0.182,0.404,0.69,0.947,0.121,30,0.106,1,0
259,Damian Lillard,31,POR,PG,29,29,1056,7.6,18.8,0.402,3.1,9.7,0.324,4.4,9.1,0.485,0.486,5.4,6.2,0.878,0.4,3.6,4.1,7.2,0.6,0.4,2.8,1.3,23.7,,lillada01,18.5,0.55,0.514,0.328,1.3,11.6,6.2,34.0,0.8,1.0,11.6,29.3,1.7,0.1,1.7,0.079,4.0,-2.7,1.3,0.9,17.2,0.23,0.069,0.069,0.098,0.485,0.575,0.316,0.447,0.481,0.324,0.192,0.446,0.005,2,0.053,0,0
260,Troy Brown Jr.,22,CHI,SF,66,7,1055,3.7,8.8,0.419,1.6,4.5,0.353,2.1,4.3,0.488,0.51,0.7,0.9,0.769,1.3,5.6,6.9,2.3,1.2,0.2,0.9,2.1,9.7,,browntr01,10.1,0.525,0.516,0.101,4.2,17.4,10.8,8.2,1.7,0.4,8.8,12.3,0.5,0.9,1.4,0.065,-1.7,-0.2,-1.8,0.1,15.0,0.283,0.132,0.027,0.043,0.488,0.562,0.412,0.143,0.455,0.353,0.672,0.957,0.027,5,0.594,2,0
261,LaMarcus Aldridge,36,BRK,C,47,12,1050,8.6,15.7,0.55,0.5,1.6,0.304,8.2,14.1,0.578,0.566,3.1,3.5,0.873,2.5,6.3,8.8,1.4,0.5,1.6,1.5,2.7,20.8,,aldrila01,19.6,0.604,0.1,0.223,7.8,18.7,13.4,6.3,0.6,4.0,8.0,22.4,2.1,1.0,3.1,0.141,1.3,-0.6,0.7,0.7,12.2,0.205,0.168,0.24,0.277,0.578,0.723,0.519,0.509,0.559,0.304,0.739,1.0,0.039,18,0.283,0,0
262,Larry Nance Jr.,29,2TM,PF,46,11,1040,4.5,8.6,0.522,0.8,2.4,0.329,3.7,6.1,0.599,0.569,1.4,2.0,0.702,2.5,6.1,8.6,2.8,1.5,0.7,1.3,2.9,11.1,,nancela02,14.4,0.59,0.283,0.231,7.4,19.3,13.1,11.4,2.0,1.9,12.0,12.8,1.5,0.8,2.3,0.104,-0.4,0.3,-0.1,0.5,9.0,0.445,0.17,0.057,0.024,0.599,0.7,0.476,0.214,0.333,0.329,0.66,1.0,0.178,40,0.3,1,0
262,Larry Nance Jr.,29,POR,C,37,11,858,4.3,8.3,0.515,0.8,2.6,0.306,3.5,5.7,0.61,0.563,1.3,2.1,0.653,2.4,6.3,8.8,3.1,1.6,0.5,1.1,2.8,10.7,,nancela02,14.4,0.581,0.313,0.247,7.2,20.1,13.4,12.5,2.2,1.5,11.0,12.4,1.3,0.6,1.9,0.104,-0.3,0.6,0.3,0.5,10.4,0.424,0.162,0.051,0.025,0.61,0.667,0.563,0.3,0.4,0.306,0.627,1.0,0.182,32,0.274,1,0
262,Larry Nance Jr.,29,NOP,PF,9,0,182,5.3,9.7,0.551,0.8,1.6,0.5,4.5,8.1,0.561,0.592,1.6,1.6,1.0,2.8,4.9,7.7,1.6,1.0,1.4,2.0,3.4,13.1,,nancela02,14.2,0.628,0.163,0.163,8.3,15.6,11.9,6.4,1.4,3.7,16.0,14.7,0.2,0.2,0.4,0.104,-1.1,-0.8,-1.9,0.0,7.6,0.531,0.204,0.082,0.02,0.561,0.808,0.2,0.0,0.0,0.5,0.783,1.0,0.163,8,0.5,0,0
263,Josh Green,21,DAL,SG,67,3,1039,4.5,8.9,0.508,1.0,2.7,0.359,3.5,6.2,0.573,0.563,1.1,1.6,0.689,1.8,3.8,5.6,2.7,1.6,0.5,1.5,4.0,11.1,,greenjo02,11.9,0.578,0.305,0.176,5.6,11.7,8.6,11.0,2.2,1.2,13.8,13.9,1.0,1.4,2.4,0.111,-2.4,1.4,-1.0,0.3,11.1,0.328,0.227,0.098,0.043,0.573,0.786,0.397,0.4,0.273,0.359,0.784,1.0,0.082,20,0.679,1,0
264,Rudy Gay,35,UTA,PF,55,1,1038,5.4,13.1,0.414,2.4,7.0,0.345,3.0,6.1,0.494,0.507,2.2,2.7,0.785,1.9,6.5,8.4,1.9,0.9,0.7,1.6,3.3,15.5,,gayru01,13.0,0.539,0.536,0.208,6.0,19.1,12.8,7.8,1.2,1.6,10.2,19.3,0.8,1.3,2.1,0.097,-0.7,-0.3,-1.0,0.3,17.4,0.142,0.15,0.111,0.061,0.494,0.778,0.333,0.405,0.391,0.345,0.506,0.929,0.047,14,0.286,0,0
265,DeAndre' Bembry,27,2TM,SF,56,20,1026,4.4,7.8,0.561,0.5,1.3,0.417,3.8,6.5,0.589,0.595,0.7,1.2,0.6,1.5,4.2,5.7,2.3,1.7,0.9,1.1,4.0,10.0,,bembrde01,11.9,0.601,0.163,0.158,4.6,12.5,8.6,8.6,2.3,2.2,11.6,11.2,1.1,1.1,2.2,0.104,-2.2,1.5,-0.7,0.3,5.2,0.575,0.24,0.0,0.005,0.589,0.669,0.415,,0.0,0.417,0.716,1.0,0.104,20,0.611,0,0
265,DeAndre' Bembry,27,BRK,SF,48,20,949,4.6,8.1,0.568,0.6,1.4,0.417,4.0,6.7,0.599,0.603,0.8,1.3,0.6,1.4,4.3,5.8,2.3,1.8,0.9,1.1,3.9,10.5,,bembrde01,12.4,0.609,0.169,0.164,4.5,12.8,8.7,8.5,2.4,2.4,11.6,11.7,1.1,1.1,2.1,0.108,-2.0,1.6,-0.4,0.4,6.0,0.563,0.249,0.0,0.0,0.599,0.683,0.415,,,0.417,0.717,1.0,0.103,20,0.611,0,0
265,DeAndre' Bembry,27,MIL,SF,8,0,77,1.4,3.7,0.375,0.0,0.0,,1.4,3.7,0.375,0.375,0.0,0.0,,1.9,3.3,5.1,2.8,0.9,0.0,0.5,4.2,2.8,,bembrde01,4.8,0.375,0.0,0.0,5.6,9.4,7.6,9.4,1.2,0.0,11.1,5.0,0.0,0.1,0.1,0.053,-4.4,0.5,-3.9,0.0,4.4,0.875,0.0,0.0,0.125,0.375,0.429,,,0.0,,0.667,,0.125,0,,0,0
266,Aaron Holiday,25,2TM,PG,63,15,1021,5.3,11.9,0.447,1.4,3.6,0.379,3.9,8.3,0.477,0.504,2.1,2.4,0.868,0.8,3.5,4.3,5.4,1.5,0.3,2.4,3.2,14.1,,holidaa01,12.6,0.544,0.305,0.201,2.6,10.3,6.5,20.7,2.0,0.7,15.4,18.7,0.5,0.9,1.5,0.068,-1.9,0.3,-1.7,0.1,13.0,0.175,0.293,0.16,0.056,0.477,0.61,0.475,0.389,0.263,0.379,0.348,0.692,0.003,0,0.155,0,0
266,Aaron Holiday,25,WAS,PG,41,14,663,5.4,11.6,0.467,1.2,3.6,0.343,4.2,8.0,0.524,0.521,1.5,1.9,0.8,0.5,3.1,3.6,4.2,1.3,0.5,2.1,3.3,13.6,,holidaa01,11.3,0.547,0.313,0.164,1.5,9.5,5.6,17.1,1.8,1.2,14.5,18.0,0.1,0.4,0.5,0.038,-2.4,0.3,-2.1,0.0,12.5,0.178,0.308,0.154,0.028,0.524,0.605,0.53,0.455,0.167,0.343,0.364,0.696,0.0,0,0.179,0,0
266,Aaron Holiday,25,PHO,PG,22,1,358,5.1,12.5,0.411,1.6,3.6,0.444,3.5,8.8,0.398,0.476,3.1,3.3,0.939,1.5,4.0,5.5,7.5,1.8,0.0,2.8,3.2,15.0,,holidaa01,14.9,0.538,0.29,0.266,4.6,11.7,8.2,27.4,2.4,0.0,16.8,20.0,0.4,0.5,0.9,0.125,-1.0,0.3,-0.8,0.1,13.5,0.169,0.266,0.169,0.105,0.398,0.619,0.364,0.286,0.308,0.444,0.314,0.688,0.008,0,0.111,0,0
267,Damian Jones,26,SAC,C,56,15,1017,6.2,9.4,0.658,0.4,1.0,0.345,5.8,8.4,0.696,0.677,3.3,4.6,0.718,2.7,6.1,8.7,2.4,0.9,1.7,2.1,4.6,16.1,,jonesda03,18.3,0.701,0.109,0.492,7.9,18.5,13.2,10.2,1.2,4.0,15.4,16.2,2.4,0.9,3.3,0.156,-0.2,0.5,0.3,0.6,7.4,0.489,0.241,0.06,0.102,0.696,0.877,0.469,0.438,0.519,0.345,0.794,0.9,0.252,57,0.241,1,0
268,Lamar Stevens,24,CLE,PF,63,13,1015,5.5,11.3,0.489,0.6,2.3,0.277,4.9,9.0,0.543,0.517,1.9,2.7,0.707,1.7,4.1,5.8,1.6,1.1,0.6,1.5,3.8,13.6,,stevela01,11.3,0.544,0.204,0.235,5.2,12.5,8.9,6.5,1.5,1.6,10.4,17.1,0.4,1.2,1.6,0.078,-3.2,0.3,-2.9,-0.2,9.7,0.373,0.201,0.122,0.088,0.543,0.739,0.266,0.487,0.464,0.277,0.601,1.0,0.11,32,0.569,0,0
269,Cam Reddish,22,2TM,SF,49,7,1012,5.9,14.5,0.404,2.3,6.5,0.359,3.5,8.0,0.442,0.485,3.6,4.0,0.902,0.9,2.8,3.7,1.7,1.7,0.5,2.0,2.1,17.7,,reddica01,12.8,0.543,0.451,0.275,2.7,8.6,5.7,7.0,2.3,1.4,11.1,22.2,0.2,0.8,1.0,0.046,-1.0,-0.3,-1.3,0.2,15.3,0.211,0.125,0.105,0.105,0.442,0.593,0.471,0.279,0.279,0.359,0.525,0.833,0.042,13,0.272,0,0
269,Cam Reddish,22,ATL,SF,34,7,797,6.2,15.5,0.402,2.6,6.9,0.379,3.6,8.6,0.421,0.487,3.3,3.6,0.9,0.9,2.9,3.8,1.7,1.6,0.5,2.0,2.0,18.3,,reddica01,12.8,0.537,0.446,0.233,2.8,8.7,5.8,6.9,2.2,1.2,10.4,23.2,0.1,0.5,0.6,0.034,-0.8,-0.7,-1.5,0.1,15.4,0.21,0.111,0.117,0.114,0.421,0.583,0.447,0.3,0.231,0.379,0.5,0.828,0.041,12,0.275,0,0
269,Cam Reddish,22,NYK,SF,15,0,215,4.5,10.9,0.415,1.3,5.2,0.258,3.2,5.7,0.559,0.477,4.9,5.4,0.906,0.8,2.7,3.5,1.7,2.0,0.7,2.2,2.5,15.2,,reddica01,12.9,0.575,0.477,0.492,2.5,8.2,5.3,7.1,2.8,1.8,14.1,18.8,0.1,0.3,0.4,0.092,-2.0,1.2,-0.8,0.1,15.1,0.215,0.2,0.046,0.062,0.559,0.643,0.538,0.0,0.75,0.258,0.632,0.875,0.046,1,0.258,0,0
270,Donte DiVincenzo,25,2TM,SG,42,1,1006,4.2,12.0,0.351,2.6,7.8,0.339,1.6,4.2,0.373,0.461,2.5,3.0,0.843,1.4,4.7,6.1,4.2,1.7,0.3,2.6,2.5,13.6,,divindo01,11.3,0.51,0.649,0.247,4.3,14.0,9.1,16.1,2.3,0.7,16.2,18.9,-0.1,0.9,0.7,0.035,-1.8,-0.5,-2.3,-0.1,18.5,0.155,0.137,0.027,0.033,0.373,0.538,0.239,0.444,0.091,0.339,0.477,0.824,0.009,2,0.216,1,0
270,Donte DiVincenzo,25,MIL,SG,17,0,341,4.1,12.5,0.331,2.2,7.8,0.284,1.9,4.6,0.409,0.419,2.4,2.9,0.852,1.9,4.4,6.3,3.1,1.2,0.3,3.0,2.7,12.9,,divindo01,7.9,0.47,0.627,0.229,5.7,12.8,9.3,11.3,1.5,0.8,17.7,19.8,-0.4,0.3,-0.1,-0.009,-3.8,-1.6,-5.5,-0.3,17.9,0.212,0.11,0.017,0.034,0.409,0.52,0.308,0.5,0.0,0.284,0.556,0.714,0.025,2,0.284,1,0
270,Donte DiVincenzo,25,SAC,SG,25,1,665,4.3,11.8,0.362,2.9,7.8,0.368,1.4,4.0,0.351,0.484,2.5,3.0,0.839,1.2,4.8,6.0,4.8,2.0,0.3,2.4,2.3,14.0,,divindo01,13.0,0.532,0.661,0.257,3.6,14.5,9.0,18.6,2.7,0.7,15.4,18.5,0.2,0.6,0.8,0.058,-0.8,0.2,-0.6,0.2,19.0,0.124,0.151,0.032,0.032,0.351,0.556,0.212,0.429,0.143,0.368,0.423,0.868,0.0,0,0.181,0,0
271,Wesley Matthews,35,MIL,SG,49,14,1002,3.1,7.9,0.395,1.9,5.6,0.338,1.2,2.3,0.54,0.516,0.8,1.0,0.786,1.1,2.2,3.3,1.3,0.8,0.3,0.6,3.1,8.9,,matthwe02,6.9,0.536,0.714,0.127,3.2,6.4,4.9,4.6,1.1,0.8,7.2,10.7,0.6,0.6,1.2,0.056,-3.0,-0.3,-3.3,-0.3,19.1,0.155,0.091,0.041,0.0,0.54,0.676,0.4,0.333,,0.338,0.647,0.981,0.0,0,0.382,0,0
272,Payton Pritchard,24,BOS,PG,71,2,1001,5.8,13.4,0.429,3.6,8.8,0.412,2.1,4.6,0.461,0.564,0.8,0.8,1.0,1.2,3.7,4.8,5.0,0.9,0.2,1.5,2.2,15.9,,pritcpa01,15.0,0.578,0.657,0.056,3.5,10.8,7.2,20.4,1.2,0.5,9.7,18.6,1.8,1.2,3.1,0.148,1.7,0.1,1.8,1.0,20.6,0.094,0.091,0.062,0.097,0.461,0.629,0.353,0.478,0.389,0.412,0.356,0.802,0.003,1,0.167,0,0
273,Juan Toscano-Anderson,28,GSW,SF,73,6,994,4.2,8.5,0.489,1.0,3.2,0.322,3.2,5.4,0.588,0.549,1.4,2.5,0.571,1.0,5.4,6.4,4.6,1.7,0.6,2.5,4.2,10.8,,toscaju01,11.0,0.561,0.37,0.298,3.2,15.8,9.7,17.6,2.4,1.6,20.4,14.7,0.3,1.8,2.0,0.098,-3.3,2.4,-0.8,0.3,11.7,0.328,0.277,0.013,0.013,0.588,0.662,0.538,0.0,0.333,0.322,0.69,0.857,0.102,21,0.253,1,0
274,Onyeka Okongwu,21,ATL,C,48,6,992,5.7,8.2,0.69,0.0,0.0,,5.7,8.2,0.69,0.69,2.9,4.0,0.727,4.2,6.1,10.3,1.9,1.1,2.2,1.6,5.4,14.2,,okongon01,19.8,0.714,0.0,0.487,12.8,18.4,15.6,7.6,1.5,5.4,13.8,14.0,3.1,1.1,4.2,0.202,0.0,0.8,0.8,0.7,2.7,0.677,0.296,0.027,0.0,0.69,0.765,0.522,0.667,,,0.795,,0.274,59,,0,0
275,Khem Birch,29,TOR,C,55,28,991,3.5,7.3,0.485,0.0,0.5,0.0,3.5,6.8,0.522,0.485,1.9,2.6,0.746,4.4,4.3,8.7,2.0,1.1,0.9,1.1,3.8,9.0,,birchkh01,13.2,0.534,0.07,0.355,12.7,13.5,13.1,7.6,1.5,2.6,11.1,11.2,1.5,1.1,2.6,0.126,-1.7,0.4,-1.3,0.2,6.3,0.385,0.36,0.155,0.005,0.522,0.597,0.5,0.419,0.0,0.0,0.784,,0.13,24,0.857,0,0
276,Kessler Edwards,21,BRK,SF,48,23,987,4.0,9.7,0.412,1.8,5.0,0.353,2.3,4.8,0.473,0.502,0.6,0.7,0.842,1.6,4.7,6.3,1.1,1.1,0.9,1.5,3.1,10.4,,edwarke02,8.3,0.516,0.509,0.071,5.0,13.8,9.5,4.1,1.4,2.2,13.2,13.8,-0.2,0.9,0.6,0.031,-3.1,-0.8,-3.8,-0.5,15.4,0.266,0.116,0.071,0.037,0.473,0.493,0.387,0.526,0.5,0.353,0.645,1.0,0.094,18,0.456,1,0
277,Dean Wade,25,CLE,PF,51,28,980,3.6,8.0,0.456,1.9,5.2,0.359,1.8,2.8,0.64,0.574,0.7,1.1,0.667,1.1,4.4,5.5,1.9,1.1,0.3,0.6,3.2,9.9,,wadede01,10.1,0.584,0.654,0.138,3.6,13.1,8.5,7.3,1.5,0.6,6.5,11.1,1.1,1.1,2.3,0.111,-1.9,1.3,-0.6,0.4,18.3,0.198,0.055,0.069,0.023,0.64,0.767,0.5,0.267,1.0,0.359,0.563,0.98,0.065,14,0.268,0,0
278,Daniel Theis,29,2TM,C,47,27,977,5.6,10.7,0.519,1.2,3.9,0.308,4.3,6.8,0.641,0.576,1.8,2.7,0.681,2.2,6.2,8.4,1.5,0.7,1.1,1.7,4.1,14.1,,theisda01,13.2,0.595,0.368,0.247,6.6,18.8,12.7,6.3,1.0,2.9,12.5,16.2,0.9,1.0,1.9,0.093,-1.9,-0.2,-2.1,0.0,11.9,0.378,0.134,0.076,0.045,0.641,0.745,0.59,0.364,0.385,0.308,0.797,0.97,0.189,48,0.252,1,0
278,Daniel Theis,29,HOU,C,26,21,584,5.2,11.0,0.469,1.4,4.9,0.291,3.8,6.2,0.61,0.534,1.7,2.5,0.675,2.0,6.0,8.0,1.2,0.7,1.0,1.9,3.8,13.4,,theisda01,10.7,0.554,0.441,0.223,6.0,18.5,12.2,5.1,0.9,2.6,13.6,16.5,0.1,0.3,0.3,0.028,-2.6,-0.9,-3.4,-0.2,14.2,0.346,0.089,0.078,0.045,0.61,0.71,0.625,0.357,0.25,0.291,0.77,1.0,0.162,24,0.203,1,0
278,Daniel Theis,29,BOS,C,21,6,393,6.1,10.3,0.598,0.9,2.6,0.357,5.2,7.7,0.679,0.643,2.0,2.9,0.688,2.5,6.5,9.0,1.9,0.8,1.3,1.4,4.5,15.2,,theisda01,17.0,0.658,0.25,0.286,7.6,19.1,13.5,8.0,1.1,3.3,10.6,15.8,0.9,0.7,1.6,0.19,-1.0,0.9,-0.1,0.2,9.7,0.429,0.205,0.071,0.045,0.679,0.792,0.565,0.375,0.6,0.357,0.825,0.9,0.232,24,0.393,0,0
279,Jaylen Nowell,22,MIN,SG,62,1,975,7.2,15.2,0.475,2.3,5.9,0.394,4.9,9.3,0.526,0.551,2.7,3.4,0.783,0.8,3.7,4.5,4.8,1.0,0.4,1.3,2.7,19.5,,nowelja01,16.8,0.581,0.387,0.223,2.4,11.4,6.8,20.2,1.3,1.0,7.4,21.0,2.1,0.7,2.8,0.138,1.5,-0.7,0.8,0.7,14.1,0.203,0.225,0.143,0.041,0.526,0.679,0.43,0.508,0.353,0.394,0.429,0.778,0.022,8,0.169,2,0
280,Nic Claxton,22,BRK,C,47,19,974,6.6,9.8,0.674,0.0,0.0,,6.6,9.8,0.674,0.674,2.0,3.4,0.581,3.4,6.4,9.8,1.6,0.9,1.9,1.4,4.1,15.2,,claxtni01,18.6,0.672,0.0,0.352,10.4,18.9,14.8,6.4,1.2,4.7,11.1,15.1,2.3,1.2,3.5,0.171,0.3,0.2,0.5,0.6,2.5,0.697,0.284,0.019,0.0,0.674,0.815,0.347,0.4,,,0.736,,0.356,88,,0,0
281,Dwight Howard,36,LAL,C,60,27,971,5.0,8.1,0.612,0.3,0.6,0.533,4.7,7.6,0.618,0.63,3.6,5.4,0.658,4.4,8.8,13.2,1.3,1.3,1.3,1.7,4.3,13.8,,howardw01,18.2,0.657,0.068,0.667,13.1,26.3,19.7,5.0,1.7,3.3,14.2,14.6,2.2,1.3,3.5,0.174,-0.2,0.0,-0.2,0.4,4.5,0.626,0.251,0.037,0.014,0.618,0.73,0.418,0.25,0.0,0.533,0.667,0.875,0.228,39,0.133,0,0
282,Ricky Rubio,31,CLE,PG,34,8,970,5.5,15.3,0.363,2.2,6.5,0.339,3.3,8.8,0.38,0.434,3.3,3.8,0.854,0.6,4.7,5.2,8.4,1.8,0.3,3.3,2.8,16.5,,rubiori01,14.0,0.488,0.423,0.251,1.7,14.1,8.0,34.6,2.5,0.6,16.5,24.9,-0.1,1.4,1.3,0.064,-1.0,1.2,0.2,0.5,15.1,0.185,0.163,0.129,0.075,0.38,0.474,0.299,0.358,0.29,0.339,0.256,0.661,0.0,0,0.282,2,0
283,Duane Washington Jr.,21,IND,PG,48,7,968,6.4,15.9,0.405,3.0,8.0,0.377,3.4,7.9,0.434,0.5,1.7,2.3,0.754,0.1,2.9,3.1,3.2,1.0,0.1,2.1,2.5,17.6,,washidu02,10.2,0.521,0.504,0.143,0.5,9.3,4.8,13.0,1.3,0.3,11.2,22.6,-0.2,0.2,0.0,-0.002,-1.9,-2.8,-4.7,-0.7,16.3,0.201,0.155,0.08,0.061,0.434,0.535,0.379,0.353,0.346,0.377,0.522,0.926,0.016,6,0.34,2,0
284,Joshua Primo,19,SAS,SF,50,16,965,3.8,10.1,0.374,1.6,5.1,0.307,2.2,5.0,0.444,0.452,1.6,2.2,0.746,1.2,3.0,4.2,3.0,0.7,0.9,2.1,2.9,10.7,,primojo01,7.1,0.487,0.507,0.219,3.5,8.9,6.1,10.6,1.0,2.0,16.1,15.4,-0.6,0.6,0.0,0.001,-3.8,-1.1,-5.0,-0.7,15.9,0.2,0.178,0.07,0.044,0.444,0.611,0.375,0.263,0.25,0.307,0.525,0.929,0.033,8,0.35,1,0
285,Moritz Wagner,24,ORL,C,63,3,960,7.4,14.9,0.497,2.5,7.5,0.328,4.9,7.3,0.672,0.581,3.9,4.8,0.806,1.6,7.1,8.7,3.3,0.7,0.5,2.1,4.6,21.2,,wagnemo01,18.1,0.623,0.508,0.326,4.6,21.0,12.8,15.4,1.0,1.2,11.0,22.9,1.8,1.0,2.8,0.138,1.5,0.1,1.6,0.9,14.4,0.316,0.169,0.0,0.008,0.672,0.752,0.552,,0.0,0.328,0.763,0.985,0.149,50,0.119,0,0
286,Blake Griffin,32,BRK,C,56,24,958,5.0,11.8,0.425,1.4,5.4,0.262,3.6,6.3,0.565,0.486,2.1,2.9,0.724,2.3,6.3,8.6,3.9,1.0,0.5,1.2,3.6,13.5,,griffbl01,13.7,0.518,0.463,0.243,7.0,18.6,13.0,15.0,1.4,1.3,8.2,16.9,1.2,0.9,2.1,0.106,-0.6,0.1,-0.5,0.3,13.2,0.332,0.15,0.035,0.013,0.565,0.615,0.532,0.273,0.5,0.262,0.611,0.921,0.054,12,0.241,1,0
287,Keita Bates-Diop,26,SAS,SF,59,14,956,5.1,9.9,0.517,0.6,2.1,0.309,4.5,7.8,0.572,0.549,1.7,2.3,0.754,2.3,6.4,8.7,1.5,1.0,0.5,1.7,2.3,12.6,,bateske01,12.4,0.578,0.209,0.232,6.8,18.7,12.7,5.7,1.4,1.2,13.4,14.8,0.6,1.0,1.6,0.08,-2.1,-0.5,-2.6,-0.1,8.4,0.502,0.198,0.046,0.046,0.572,0.682,0.385,0.5,0.25,0.309,0.756,0.941,0.072,19,0.455,0,0
288,Isaiah Roby,23,OKC,PF,45,28,948,6.3,12.3,0.514,1.7,3.8,0.444,4.6,8.5,0.545,0.582,3.0,4.4,0.672,2.8,5.4,8.2,2.7,1.4,1.3,1.6,4.1,17.2,,robyis01,18.3,0.607,0.307,0.359,8.0,15.6,11.8,12.1,1.8,3.3,10.3,19.0,1.8,1.1,2.9,0.147,0.4,0.2,0.6,0.6,10.7,0.31,0.325,0.031,0.015,0.545,0.7,0.419,0.3,0.4,0.444,0.664,0.886,0.136,36,0.273,0,0
289,Kemba Walker,31,NYK,PG,37,37,948,5.7,14.1,0.403,2.8,7.6,0.367,2.9,6.5,0.444,0.501,2.3,2.7,0.845,0.5,3.7,4.2,5.0,1.0,0.3,1.8,1.4,16.4,,walkeke02,13.9,0.537,0.538,0.192,1.6,11.2,6.3,22.2,1.4,0.7,10.7,20.8,1.0,0.9,1.8,0.093,0.7,-0.2,0.4,0.6,18.0,0.138,0.13,0.084,0.111,0.444,0.569,0.375,0.323,0.463,0.367,0.211,0.507,0.0,0,0.03,0,0
290,Taj Gibson,36,NYK,C,52,4,946,3.3,6.3,0.518,0.6,1.4,0.395,2.7,4.9,0.555,0.563,1.6,2.0,0.808,3.3,5.4,8.7,1.2,0.8,1.5,1.0,5.2,8.7,,gibsota01,12.0,0.606,0.229,0.313,9.8,16.3,13.0,4.9,1.2,4.2,12.5,10.0,1.4,1.2,2.7,0.135,-3.0,1.0,-2.0,0.0,9.9,0.398,0.181,0.102,0.09,0.555,0.667,0.433,0.529,0.333,0.395,0.676,1.0,0.127,18,0.658,0,0
291,Rui Hachimura,23,WAS,PF,42,13,943,7.1,14.5,0.491,2.1,4.7,0.447,5.0,9.8,0.512,0.563,1.8,2.5,0.697,1.0,5.2,6.1,1.8,0.9,0.3,1.3,2.0,18.1,,hachiru01,14.9,0.579,0.323,0.173,3.0,15.6,9.4,7.9,1.2,0.8,7.4,20.9,0.9,0.6,1.4,0.073,0.2,-1.7,-1.4,0.1,14.7,0.197,0.15,0.16,0.171,0.512,0.84,0.404,0.393,0.338,0.447,0.606,0.982,0.063,22,0.285,0,0
292,Klay Thompson,31,GSW,SG,32,32,941,9.4,21.9,0.429,4.4,11.3,0.385,5.0,10.6,0.477,0.529,1.8,2.0,0.902,0.6,4.2,4.8,3.4,0.6,0.7,1.6,2.1,24.9,,thompkl01,16.7,0.547,0.517,0.089,1.8,12.4,7.3,16.1,0.8,1.7,6.7,29.6,0.6,1.2,1.8,0.091,2.6,-1.6,1.1,0.7,18.9,0.061,0.129,0.162,0.131,0.477,0.714,0.486,0.409,0.44,0.385,0.636,0.886,0.009,5,0.166,1,0
293,Jeremy Lamb,29,2TM,SF,56,0,935,5.1,13.4,0.383,2.1,6.5,0.324,3.0,6.8,0.441,0.463,3.4,4.1,0.84,1.0,4.9,5.9,3.1,1.2,0.8,1.4,2.3,15.8,,lambje01,13.3,0.521,0.49,0.305,3.0,15.3,9.1,12.3,1.6,2.0,8.6,19.7,0.6,0.6,1.2,0.063,-0.4,-0.5,-0.8,0.3,16.9,0.089,0.196,0.147,0.066,0.441,0.581,0.412,0.412,0.391,0.324,0.346,0.8,0.0,0,0.188,4,0
293,Jeremy Lamb,29,IND,SF,39,0,613,5.0,13.4,0.373,2.3,6.9,0.333,2.7,6.5,0.414,0.458,3.9,4.7,0.838,0.9,4.6,5.5,3.0,1.4,0.8,1.4,2.6,16.2,,lambje01,13.4,0.524,0.513,0.351,2.7,14.6,8.5,11.6,1.8,2.0,8.4,20.0,0.5,0.4,0.9,0.07,-0.2,-0.2,-0.5,0.2,17.6,0.083,0.175,0.154,0.057,0.414,0.474,0.425,0.4,0.308,0.333,0.326,0.872,0.0,0,0.205,3,0
293,Jeremy Lamb,29,SAC,SG,17,0,322,5.4,13.3,0.403,1.8,5.9,0.302,3.6,7.4,0.485,0.471,2.5,2.9,0.846,1.2,5.5,6.7,3.4,0.9,0.9,1.5,1.7,15.0,,lambje01,13.1,0.514,0.445,0.218,3.7,16.7,10.1,13.5,1.2,2.2,9.1,19.1,0.1,0.2,0.3,0.051,-0.6,-0.9,-1.5,0.0,16.3,0.101,0.235,0.134,0.084,0.485,0.75,0.393,0.438,0.5,0.302,0.375,0.625,0.0,0,0.151,1,0
294,Jalen Smith,21,2TM,PF,51,8,925,6.8,13.6,0.503,1.6,4.7,0.328,5.3,8.9,0.596,0.56,3.0,4.0,0.765,3.9,8.0,11.9,0.9,0.6,1.6,1.6,3.7,18.3,,smithja04,18.4,0.595,0.349,0.291,12.0,24.5,18.2,3.9,0.8,3.9,9.6,20.3,1.7,1.1,2.8,0.145,0.9,-1.4,-0.5,0.3,12.2,0.291,0.246,0.063,0.051,0.596,0.765,0.5,0.364,0.389,0.328,0.721,1.0,0.111,38,0.27,0,0
294,Jalen Smith,21,PHO,PF,29,4,382,5.9,12.9,0.46,0.8,3.7,0.231,5.1,9.2,0.551,0.493,3.8,4.9,0.769,5.2,7.9,13.1,0.6,0.6,1.7,2.1,4.9,16.5,,smithja04,15.9,0.547,0.285,0.38,15.9,23.0,19.5,2.1,0.8,4.2,12.1,20.5,0.4,0.7,1.1,0.137,-1.9,-0.5,-2.3,0.0,11.4,0.248,0.328,0.073,0.066,0.551,0.706,0.556,0.2,0.333,0.231,0.685,1.0,0.08,10,0.179,0,0
294,Jalen Smith,21,IND,PF,22,4,543,7.5,14.1,0.531,2.1,5.5,0.373,5.4,8.6,0.631,0.603,2.5,3.3,0.76,3.0,8.1,11.1,1.2,0.6,1.5,1.3,2.9,19.6,,smithja04,20.2,0.628,0.39,0.235,9.3,25.5,17.3,5.1,0.8,3.7,7.8,20.1,1.3,0.4,1.7,0.15,2.9,-2.1,0.8,0.4,13.1,0.319,0.192,0.056,0.042,0.631,0.794,0.439,0.5,0.444,0.373,0.744,1.0,0.131,28,0.313,0,0
295,Théo Maledon,20,OKC,PG,51,7,908,4.7,12.6,0.375,1.7,5.9,0.293,3.0,6.6,0.449,0.445,3.1,4.0,0.79,0.8,4.4,5.2,4.4,1.2,0.4,2.6,2.7,14.3,,maledth01,10.6,0.5,0.473,0.315,2.2,12.8,7.4,18.5,1.7,1.1,15.3,20.3,-0.5,0.8,0.3,0.015,-3.7,-0.7,-4.4,-0.6,15.2,0.117,0.331,0.054,0.022,0.449,0.514,0.467,0.294,0.286,0.293,0.453,0.864,0.003,1,0.18,0,0
296,Tomáš Satoranský,30,3TM,SG,55,13,906,2.9,7.6,0.377,0.4,2.1,0.208,2.4,5.5,0.442,0.406,1.7,2.1,0.796,1.1,3.9,5.0,7.3,1.2,0.2,1.8,2.8,7.9,,satorto01,10.2,0.461,0.277,0.283,3.3,12.1,7.7,27.0,1.6,0.5,17.6,12.6,0.5,0.6,1.0,0.055,-3.3,-0.3,-3.7,-0.4,13.0,0.241,0.236,0.152,0.094,0.442,0.63,0.333,0.379,0.333,0.208,0.443,1.0,0.037,6,0.208,3,0
296,Tomáš Satoranský,30,NOP,SG,32,3,481,2.4,8.0,0.299,0.4,2.3,0.161,2.0,5.7,0.355,0.322,1.4,1.9,0.76,1.3,3.4,4.8,5.7,1.0,0.1,1.7,2.5,6.6,,satorto01,6.5,0.373,0.29,0.234,4.1,10.8,7.4,20.6,1.4,0.2,16.3,12.6,-0.3,0.3,0.0,-0.003,-5.1,-0.5,-5.6,-0.4,12.7,0.234,0.262,0.15,0.065,0.355,0.52,0.286,0.375,0.0,0.161,0.519,1.0,0.019,1,0.161,1,0
296,Tomáš Satoranský,30,SAS,SF,1,0,9,0.0,0.0,,0.0,0.0,,0.0,0.0,,,12.0,16.0,0.75,0.0,4.0,4.0,0.0,0.0,0.0,0.0,0.0,12.0,,satorto01,12.8,0.852,,,0.0,11.7,5.8,0.0,0.0,0.0,0.0,8.3,0.0,0.0,0.0,0.2,0.8,-2.1,-1.3,0.0,,,,,,,,,,,,,,,0,,0,0
296,Tomáš Satoranský,30,WAS,PG,22,10,416,3.5,7.3,0.476,0.5,1.9,0.273,2.9,5.4,0.548,0.512,1.8,2.2,0.84,0.8,4.5,5.3,9.3,1.3,0.3,2.0,3.3,9.3,,satorto01,14.4,0.563,0.262,0.298,2.4,13.6,8.1,35.0,1.8,0.8,19.5,12.6,0.7,0.3,1.0,0.12,-1.4,0.0,-1.5,0.1,13.3,0.25,0.202,0.155,0.131,0.548,0.762,0.412,0.385,0.545,0.273,0.382,1.0,0.06,5,0.273,2,0
297,Jevon Carter,26,2TM,PG,66,3,905,3.9,10.1,0.387,2.6,6.8,0.388,1.3,3.3,0.386,0.518,0.6,0.7,0.833,0.6,3.8,4.4,3.8,1.0,0.6,1.4,2.7,11.0,,carteje01,9.6,0.531,0.672,0.071,1.7,11.2,6.6,14.0,1.3,1.4,11.5,14.0,0.5,0.7,1.2,0.062,-1.8,-0.4,-2.2,-0.1,20.4,0.055,0.043,0.067,0.162,0.386,0.429,0.273,0.471,0.366,0.388,0.438,0.773,0.004,1,0.324,1,0
297,Jevon Carter,26,BRK,PG,46,1,552,3.8,11.3,0.333,2.7,8.3,0.331,1.0,3.1,0.34,0.454,0.5,0.7,0.7,0.6,3.8,4.4,3.0,0.9,0.7,1.7,2.9,10.8,,carteje01,6.5,0.462,0.73,0.057,1.8,11.2,6.6,10.9,1.2,1.6,12.7,15.9,-0.4,0.4,-0.1,-0.005,-3.6,-0.9,-4.4,-0.3,21.9,0.04,0.023,0.057,0.149,0.34,0.143,0.25,0.4,0.385,0.331,0.563,0.786,0.006,1,0.276,1,0
297,Jevon Carter,26,MIL,PG,20,2,353,4.1,8.1,0.506,2.4,4.4,0.558,1.6,3.7,0.444,0.658,0.8,0.8,1.0,0.5,3.9,4.4,5.1,1.0,0.4,0.8,2.2,11.4,,carteje01,14.4,0.679,0.544,0.101,1.5,11.2,6.5,18.8,1.4,1.1,8.8,10.9,0.9,0.3,1.2,0.167,0.9,0.3,1.2,0.3,18.9,0.089,0.089,0.089,0.19,0.444,0.714,0.286,0.571,0.333,0.558,0.313,0.75,0.0,0,0.465,0,0
298,Jordan McLaughlin,25,MIN,PG,62,3,902,3.5,8.0,0.44,1.1,3.4,0.318,2.4,4.6,0.53,0.508,1.2,1.6,0.75,0.9,2.9,3.8,7.2,2.3,0.4,1.5,2.2,9.3,,mclaujo01,13.4,0.535,0.425,0.2,2.6,8.8,5.6,26.1,3.0,1.1,14.9,11.8,1.3,1.0,2.3,0.123,-1.2,1.6,0.4,0.6,13.3,0.29,0.23,0.05,0.005,0.53,0.707,0.326,0.4,1.0,0.318,0.492,0.852,0.015,3,0.365,3,0
299,Derrick Jones Jr.,24,CHI,PF,51,8,899,4.2,7.8,0.538,0.8,2.4,0.328,3.4,5.4,0.634,0.59,2.2,2.8,0.8,2.4,4.4,6.8,1.2,1.0,1.3,1.2,4.2,11.5,,jonesde02,13.0,0.633,0.313,0.359,7.6,13.6,10.6,4.4,1.4,3.2,11.7,12.5,1.4,0.8,2.2,0.119,-1.5,0.5,-0.9,0.2,8.9,0.549,0.128,0.005,0.005,0.634,0.701,0.32,1.0,1.0,0.328,0.706,1.0,0.205,39,0.672,0,0
300,Tristan Thompson,30,3TM,C,57,6,897,5.7,10.7,0.528,0.0,0.1,0.333,5.6,10.6,0.53,0.53,2.4,4.7,0.526,4.8,6.7,11.6,1.4,0.9,0.8,1.8,3.9,13.8,,thomptr01,14.9,0.541,0.011,0.434,14.7,20.8,17.7,5.5,1.2,2.0,12.4,17.5,0.9,0.8,1.6,0.087,-1.6,-1.5,-3.1,-0.3,4.6,0.487,0.464,0.034,0.004,0.53,0.608,0.452,0.556,0.0,0.333,0.657,1.0,0.157,33,0.0,2,0
300,Tristan Thompson,30,SAC,C,30,3,455,6.0,11.9,0.503,0.1,0.1,1.0,5.9,11.9,0.5,0.507,2.5,4.7,0.533,5.7,7.0,12.7,1.4,0.9,0.9,2.3,4.1,14.6,,thomptr01,15.1,0.521,0.007,0.397,17.1,21.5,19.3,5.9,1.2,2.3,14.1,19.5,0.3,0.4,0.6,0.065,-2.0,-1.7,-3.7,-0.2,3.9,0.497,0.47,0.026,0.0,0.5,0.56,0.423,0.75,,1.0,0.64,1.0,0.172,18,0.0,0,0
300,Tristan Thompson,30,IND,C,4,0,66,7.1,13.1,0.542,0.0,0.0,,7.1,13.1,0.542,0.542,1.6,4.4,0.375,3.8,6.0,9.8,1.1,0.0,1.1,2.2,3.8,15.8,,thomptr01,12.5,0.527,0.0,0.333,11.6,18.9,15.2,4.6,0.0,2.6,12.7,20.4,0.0,0.0,0.0,0.013,-3.2,-3.5,-6.8,-0.1,4.9,0.292,0.667,0.042,0.0,0.542,0.857,0.375,1.0,,,0.846,,0.083,2,,0,0
300,Tristan Thompson,30,CHI,C,23,3,376,5.0,8.8,0.565,0.0,0.2,0.0,5.0,8.6,0.578,0.565,2.5,4.6,0.542,3.9,6.5,10.4,1.3,1.1,0.7,1.1,3.7,12.4,,thomptr01,15.0,0.575,0.022,0.522,12.3,20.3,16.3,5.1,1.6,1.6,9.6,14.7,0.6,0.4,1.0,0.126,-0.9,-0.8,-1.7,0.0,4.8,0.522,0.402,0.043,0.011,0.578,0.646,0.541,0.25,0.0,0.0,0.635,,0.152,13,0.0,2,0
301,Jalen McDaniels,24,CHO,SF,55,2,895,4.9,10.2,0.484,1.6,4.3,0.38,3.3,5.9,0.562,0.565,2.1,2.9,0.736,1.5,5.3,6.8,2.3,1.0,0.9,1.4,3.7,13.7,,mcdanja01,12.7,0.595,0.425,0.283,4.3,16.0,10.1,8.7,1.4,2.3,11.2,15.3,1.0,0.7,1.7,0.093,-1.9,-0.4,-2.3,-0.1,13.4,0.283,0.224,0.051,0.016,0.562,0.75,0.386,0.231,0.75,0.38,0.61,1.0,0.075,17,0.38,1,0
302,Dillon Brooks,26,MEM,SF,32,31,885,9.2,21.4,0.432,1.9,6.1,0.309,7.4,15.3,0.48,0.475,3.7,4.3,0.849,1.2,3.0,4.1,3.6,1.5,0.3,2.0,4.3,24.0,,brookdi01,15.5,0.515,0.283,0.202,3.4,8.8,6.0,15.4,1.9,0.8,8.0,28.8,0.7,0.9,1.6,0.087,-1.0,-0.8,-1.8,0.0,13.3,0.196,0.249,0.186,0.086,0.48,0.68,0.389,0.398,0.467,0.309,0.47,0.826,0.029,12,0.161,3,0
303,D.J. Augustin,34,2TM,PG,55,2,883,3.8,9.1,0.423,2.8,6.7,0.415,1.1,2.4,0.448,0.577,1.5,1.8,0.884,0.4,2.3,2.8,4.4,0.7,0.0,2.3,1.6,12.0,,augusdj01,9.7,0.61,0.739,0.194,1.4,7.0,4.2,16.8,0.9,0.1,18.9,14.3,0.7,0.1,0.8,0.043,-1.2,-2.4,-3.6,-0.4,20.4,0.131,0.086,0.018,0.027,0.448,0.586,0.368,0.25,0.167,0.415,0.308,0.824,0.0,0,0.238,0,0
303,D.J. Augustin,34,HOU,PG,34,2,510,3.9,9.6,0.404,2.8,6.8,0.406,1.1,2.8,0.4,0.548,2.3,2.7,0.868,0.5,2.4,2.9,5.2,0.7,0.0,3.2,1.2,12.8,,augusdj01,9.7,0.596,0.706,0.279,1.5,7.4,4.4,20.5,0.9,0.0,22.8,16.4,0.2,0.0,0.2,0.017,-1.4,-2.9,-4.3,-0.3,19.8,0.162,0.074,0.022,0.037,0.4,0.545,0.3,0.0,0.2,0.406,0.375,0.769,0.0,0,0.156,0,0
303,D.J. Augustin,34,LAL,PG,21,0,373,3.8,8.3,0.453,2.8,6.6,0.426,1.0,1.7,0.556,0.622,0.5,0.5,1.0,0.4,2.2,2.6,3.2,0.7,0.1,1.1,2.1,10.8,,augusdj01,9.7,0.635,0.791,0.058,1.2,6.6,3.9,11.8,0.9,0.2,11.1,11.4,0.5,0.1,0.6,0.078,-1.0,-1.6,-2.6,-0.1,21.1,0.081,0.105,0.012,0.012,0.556,0.714,0.444,1.0,0.0,0.426,0.2,0.897,0.0,0,0.353,0,0
304,Serge Ibaka,32,2TM,C,54,12,877,6.1,12.2,0.5,1.5,4.1,0.374,4.6,8.1,0.563,0.563,1.3,1.8,0.727,2.5,7.7,10.3,2.0,0.5,1.4,1.8,4.2,15.0,,ibakase01,14.4,0.579,0.334,0.149,7.7,22.2,15.1,8.4,0.6,3.3,12.0,17.8,0.8,1.1,2.0,0.108,-1.3,-0.2,-1.5,0.1,13.8,0.193,0.274,0.105,0.095,0.563,0.789,0.506,0.516,0.321,0.374,0.703,1.0,0.074,21,0.091,0,0
304,Serge Ibaka,32,LAC,C,35,10,538,6.3,12.8,0.49,1.6,4.1,0.387,4.7,8.7,0.538,0.552,1.3,1.9,0.69,2.7,7.4,10.0,2.4,0.5,1.7,2.2,3.7,15.5,,ibakase01,14.9,0.567,0.323,0.151,8.1,21.0,14.8,10.2,0.6,4.1,13.9,19.4,0.3,0.8,1.1,0.096,-1.3,0.3,-1.0,0.1,13.9,0.182,0.271,0.12,0.104,0.538,0.743,0.519,0.435,0.35,0.387,0.7,1.0,0.068,12,0.032,0,0
304,Serge Ibaka,32,MIL,C,19,2,339,5.7,11.0,0.519,1.4,3.9,0.351,4.4,7.1,0.612,0.582,1.3,1.6,0.8,2.3,8.3,10.6,1.4,0.4,0.7,1.1,4.9,14.1,,ibakase01,13.7,0.601,0.356,0.144,7.0,23.9,15.7,5.4,0.6,2.0,8.3,15.2,0.5,0.4,0.9,0.128,-1.4,-1.0,-2.4,0.0,13.7,0.212,0.279,0.077,0.077,0.612,0.864,0.483,0.75,0.25,0.351,0.707,1.0,0.087,9,0.189,0,0
305,Trendon Watford,21,POR,SF,48,10,869,5.9,11.1,0.532,0.4,1.6,0.237,5.5,9.5,0.581,0.549,2.9,3.9,0.755,2.4,5.9,8.2,3.4,1.0,1.2,1.8,4.8,15.1,,watfotr01,15.8,0.59,0.142,0.352,7.0,18.6,12.6,14.6,1.4,3.2,12.5,17.6,1.4,0.5,1.9,0.104,-1.4,-0.4,-1.7,0.1,8.0,0.371,0.337,0.135,0.015,0.581,0.768,0.478,0.361,0.25,0.237,0.579,0.889,0.03,7,0.237,0,0
306,Trey Murphy III,21,NOP,SF,62,1,864,4.5,11.5,0.394,3.0,7.7,0.382,1.6,3.8,0.418,0.522,1.9,2.1,0.882,2.0,4.2,6.1,1.6,1.0,0.3,0.7,2.5,13.9,,murphtr02,12.5,0.558,0.671,0.184,5.9,13.1,9.4,6.2,1.3,0.8,5.1,15.7,1.3,0.6,1.9,0.104,0.2,-1.4,-1.2,0.2,18.1,0.191,0.083,0.018,0.025,0.418,0.585,0.174,0.2,0.143,0.382,0.553,0.944,0.069,16,0.387,1,0
307,Maurice Harkless,28,SAC,SF,47,24,863,3.5,7.6,0.459,1.3,4.2,0.307,2.2,3.3,0.65,0.544,0.8,1.2,0.714,0.5,4.2,4.7,1.0,1.2,1.0,1.3,3.2,9.1,,harklma01,7.7,0.561,0.558,0.155,1.5,12.7,7.1,3.6,1.6,2.4,13.8,11.2,-0.1,0.6,0.5,0.026,-3.7,0.4,-3.3,-0.3,14.8,0.26,0.155,0.0,0.017,0.65,0.681,0.643,,0.333,0.307,0.769,1.0,0.116,17,0.594,0,0
308,Thaddeus Young,33,2TM,PF,52,1,845,6.0,11.6,0.518,0.7,2.0,0.354,5.3,9.5,0.554,0.55,1.0,2.1,0.469,3.4,5.5,8.9,4.4,2.3,0.8,2.2,3.5,13.7,,youngth01,17.0,0.548,0.176,0.18,9.8,16.8,13.1,17.7,3.1,2.0,15.0,17.4,0.9,1.3,2.2,0.126,0.1,2.1,2.2,0.9,7.6,0.382,0.393,0.026,0.022,0.554,0.625,0.523,0.286,0.167,0.354,0.524,1.0,0.037,7,0.604,0,0
308,Thaddeus Young,33,SAS,PF,26,1,370,7.2,12.5,0.578,0.0,0.5,0.0,7.2,12.0,0.602,0.578,1.0,2.1,0.455,3.9,5.2,9.0,5.7,2.2,0.7,2.9,3.7,15.4,,youngth01,18.6,0.574,0.039,0.172,11.3,15.1,13.2,22.9,3.0,1.6,17.9,19.1,0.5,0.5,1.0,0.124,0.5,1.8,2.4,0.4,5.1,0.391,0.516,0.031,0.023,0.602,0.72,0.561,0.0,0.333,0.0,0.554,,0.039,3,0.2,0,0
308,Thaddeus Young,33,TOR,PF,26,0,475,5.1,10.9,0.465,1.3,3.3,0.395,3.8,7.7,0.495,0.524,1.0,2.0,0.481,3.0,5.7,8.7,3.4,2.3,0.8,1.7,3.3,12.4,,youngth01,15.8,0.526,0.299,0.188,8.7,18.1,13.1,13.6,3.3,2.3,12.4,16.0,0.5,0.8,1.3,0.127,-0.2,2.2,2.0,0.5,10.1,0.375,0.285,0.021,0.021,0.495,0.537,0.463,0.667,0.0,0.395,0.48,1.0,0.035,4,0.651,0,0
309,Armoni Brooks,23,2TM,SG,54,11,844,4.2,12.3,0.339,3.2,10.6,0.297,1.0,1.7,0.6,0.467,0.8,0.9,0.857,0.9,3.5,4.4,2.6,1.2,0.5,1.2,3.2,12.3,,brookar01,8.4,0.483,0.862,0.073,2.5,10.9,6.7,10.4,1.6,1.2,8.3,16.4,-0.1,0.4,0.2,0.014,-2.6,-1.3,-3.9,-0.4,24.0,0.083,0.035,0.01,0.01,0.6,0.708,0.6,0.0,0.333,0.297,0.667,0.824,0.014,3,0.137,1,0
309,Armoni Brooks,23,HOU,SG,41,8,690,4.5,13.1,0.347,3.3,11.1,0.3,1.2,2.0,0.605,0.474,0.8,1.0,0.842,0.6,3.6,4.2,2.6,1.1,0.4,1.2,3.1,13.3,,brookar01,8.4,0.49,0.849,0.076,1.9,11.1,6.4,10.3,1.4,1.0,8.1,17.4,-0.2,0.2,0.0,0.002,-2.6,-1.8,-4.4,-0.4,23.2,0.092,0.036,0.012,0.012,0.605,0.739,0.556,0.0,0.333,0.3,0.652,0.813,0.016,3,0.131,1,0
309,Armoni Brooks,23,TOR,PG,13,3,154,2.6,8.9,0.289,2.3,8.4,0.278,0.2,0.5,0.5,0.421,0.5,0.5,1.0,1.9,3.3,5.1,3.0,1.6,0.7,0.9,3.3,7.9,,brookar01,8.6,0.437,0.947,0.053,5.3,10.4,7.7,11.0,2.3,1.9,9.3,11.9,0.0,0.2,0.2,0.067,-2.8,1.2,-1.6,0.0,24.7,0.026,0.026,0.0,0.0,0.5,0.0,1.0,,,0.278,1.0,0.9,0.0,0,0.167,0,0
310,Willy Hernangómez,27,NOP,C,50,8,839,7.3,14.0,0.52,0.2,0.5,0.333,7.1,13.5,0.527,0.526,4.7,6.1,0.773,6.1,8.4,14.5,2.7,0.9,0.8,2.2,4.2,19.4,,hernawi01,22.2,0.582,0.037,0.431,18.5,26.3,22.3,11.9,1.2,2.2,11.6,22.5,2.2,0.9,3.2,0.18,1.8,-1.5,0.2,0.5,4.2,0.563,0.352,0.043,0.006,0.527,0.63,0.391,0.357,0.0,0.333,0.687,1.0,0.098,30,0.083,1,0
311,Jose Alvarado,23,NOP,PG,54,1,834,5.7,12.7,0.446,1.4,4.7,0.291,4.3,7.9,0.538,0.5,1.6,2.3,0.679,1.1,3.2,4.3,6.6,3.1,0.3,1.7,3.2,14.2,,alvarjo01,16.4,0.52,0.374,0.18,3.2,10.2,6.6,26.9,4.2,0.8,11.2,18.4,1.0,1.1,2.1,0.121,-0.5,2.4,1.9,0.8,13.6,0.235,0.248,0.099,0.044,0.538,0.609,0.507,0.483,0.462,0.291,0.303,0.969,0.0,0,0.227,1,0
312,Josh Jackson,24,2TM,SF,51,3,830,5.2,13.0,0.4,1.4,5.6,0.254,3.8,7.4,0.512,0.455,2.4,3.3,0.714,0.9,5.2,6.1,2.3,1.1,1.0,2.0,3.8,14.2,,jacksjo02,9.5,0.491,0.433,0.257,2.6,16.4,9.2,10.0,1.5,2.4,12.3,19.7,-0.7,0.7,0.0,0.001,-4.1,-0.4,-4.5,-0.5,14.4,0.243,0.17,0.06,0.093,0.512,0.712,0.392,0.389,0.286,0.254,0.517,0.879,0.043,9,0.238,0,0
312,Josh Jackson,24,DET,SF,39,3,707,5.2,12.8,0.41,1.5,5.8,0.265,3.7,7.0,0.529,0.47,2.0,2.9,0.714,0.9,5.4,6.3,2.5,1.1,0.9,1.9,3.6,14.1,,jacksjo02,9.9,0.501,0.45,0.223,2.5,17.1,9.4,10.7,1.4,2.3,12.1,19.0,-0.4,0.6,0.2,0.013,-3.5,-0.2,-3.7,-0.3,15.2,0.243,0.163,0.056,0.088,0.529,0.721,0.39,0.429,0.318,0.265,0.507,0.867,0.052,9,0.257,0,0
312,Josh Jackson,24,SAC,SF,12,0,123,5.0,14.3,0.347,0.9,5.0,0.176,4.1,9.4,0.438,0.378,4.4,6.1,0.714,1.2,4.1,5.3,1.5,1.5,1.2,2.6,5.0,15.2,,jacksjo02,7.1,0.446,0.347,0.429,3.5,12.5,8.0,5.8,2.0,2.8,13.4,23.5,-0.3,0.1,-0.2,-0.067,-7.2,-2.0,-9.2,-0.2,13.7,0.245,0.204,0.082,0.122,0.438,0.667,0.4,0.25,0.167,0.176,0.571,1.0,0.0,0,0.118,0,0
313,Tony Snell,30,2TM,SG,53,12,823,3.0,7.5,0.404,2.0,5.6,0.352,1.0,1.9,0.558,0.535,0.2,0.2,1.0,0.7,3.8,4.5,1.2,0.7,0.4,0.8,3.1,8.2,,snellto01,6.3,0.541,0.749,0.023,2.1,12.0,6.9,4.7,1.0,1.1,9.9,10.1,0.2,0.2,0.4,0.023,-3.4,-0.8,-4.2,-0.5,19.9,0.105,0.094,0.035,0.018,0.558,0.722,0.375,0.5,0.667,0.352,0.75,0.956,0.018,3,0.477,0,0
313,Tony Snell,30,POR,SG,38,10,546,2.4,6.4,0.371,1.6,4.9,0.32,0.8,1.5,0.545,0.495,0.2,0.2,1.0,0.7,4.0,4.7,1.3,0.5,0.5,0.7,2.9,6.5,,snellto01,5.2,0.503,0.773,0.031,2.1,12.7,7.2,5.0,0.7,1.3,10.1,8.7,0.0,0.1,0.1,0.005,-4.1,-1.0,-5.0,-0.4,20.8,0.082,0.072,0.052,0.021,0.545,0.5,0.429,0.6,1.0,0.32,0.75,0.958,0.01,1,0.52,0,0
313,Tony Snell,30,NOP,SG,15,2,277,4.3,9.6,0.446,2.7,6.9,0.396,1.6,2.7,0.571,0.588,0.1,0.1,1.0,0.6,3.4,4.0,1.0,1.0,0.3,1.0,3.4,11.4,,snellto01,8.6,0.591,0.716,0.014,2.0,10.6,6.2,4.0,1.4,0.7,9.7,12.8,0.2,0.2,0.3,0.058,-2.0,-0.6,-2.6,0.0,18.9,0.135,0.122,0.014,0.014,0.571,0.9,0.333,0.0,0.0,0.396,0.75,0.952,0.027,2,0.415,0,0
314,Lance Stephenson,31,2TM,SG,46,1,814,6.5,14.3,0.455,1.2,4.0,0.3,5.3,10.3,0.515,0.497,2.8,3.5,0.788,0.5,5.1,5.6,7.3,1.1,0.2,3.2,4.2,17.0,,stephla01,13.6,0.536,0.279,0.248,1.6,16.0,8.7,30.2,1.4,0.4,16.7,22.6,0.4,0.4,0.8,0.048,-1.6,-1.6,-3.2,-0.2,14.9,0.22,0.164,0.08,0.257,0.515,0.662,0.547,0.423,0.398,0.3,0.2,0.593,0.003,1,0.178,0,0
314,Lance Stephenson,31,ATL,SG,6,0,70,2.6,6.7,0.385,0.0,1.5,0.0,2.6,5.1,0.5,0.385,0.5,1.0,0.5,0.5,7.2,7.7,5.7,0.0,0.0,2.1,4.1,5.7,,stephla01,4.5,0.396,0.231,0.154,1.6,21.8,11.7,19.9,0.0,0.0,22.4,11.2,-0.1,0.0,0.0,-0.023,-6.8,-0.8,-7.7,-0.1,15.5,0.231,0.0,0.154,0.385,0.5,0.667,,0.5,0.4,0.0,0.6,,0.0,0,0.333,0,0
314,Lance Stephenson,31,IND,PG,40,1,744,6.9,15.0,0.458,1.3,4.2,0.31,5.6,10.8,0.516,0.502,3.0,3.8,0.795,0.5,4.9,5.4,7.5,1.2,0.2,3.3,4.3,18.0,,stephla01,14.5,0.542,0.281,0.252,1.6,15.4,8.4,31.2,1.6,0.5,16.5,23.7,0.5,0.3,0.8,0.055,-1.1,-1.7,-2.8,-0.1,14.2,0.219,0.171,0.077,0.252,0.516,0.662,0.547,0.417,0.397,0.31,0.183,0.593,0.003,1,0.172,0,0
315,Wayne Ellington,34,LAL,SG,43,9,810,4.4,10.5,0.414,3.6,9.4,0.389,0.7,1.2,0.615,0.586,0.4,0.5,0.818,0.4,3.0,3.4,1.3,1.0,0.2,0.8,1.9,12.8,,ellinwa01,9.9,0.593,0.89,0.046,1.3,8.9,5.1,5.0,1.4,0.5,7.3,13.8,0.6,0.4,1.0,0.062,-0.7,-0.6,-1.4,0.1,23.4,0.042,0.025,0.03,0.013,0.615,0.8,0.667,0.429,0.333,0.389,0.875,0.951,0.0,0,0.28,0,0
316,Dāvis Bertāns,29,2TM,PF,56,0,807,4.4,12.3,0.36,3.4,10.3,0.335,1.0,2.0,0.489,0.5,1.6,1.8,0.9,0.5,4.7,5.2,1.4,0.8,0.5,0.8,3.8,13.9,,bertada01,9.4,0.531,0.836,0.145,1.7,14.3,8.0,5.5,1.0,1.3,6.1,17.3,0.2,0.7,0.9,0.053,-1.7,-0.9,-2.6,-0.1,22.7,0.062,0.069,0.015,0.011,0.489,0.588,0.421,0.0,0.667,0.335,0.773,0.974,0.036,9,0.222,1,0
316,Dāvis Bertāns,29,WAS,PF,34,0,501,4.3,12.3,0.351,3.3,10.3,0.319,1.0,1.9,0.519,0.485,2.0,2.2,0.933,0.4,4.0,4.4,1.1,0.8,0.4,1.0,4.0,13.9,,bertada01,8.3,0.527,0.842,0.175,1.3,12.0,6.7,4.4,1.1,1.0,7.1,17.6,0.0,0.3,0.3,0.025,-2.5,-1.3,-3.8,-0.2,23.4,0.047,0.064,0.023,0.012,0.519,0.625,0.545,0.0,0.5,0.319,0.643,0.978,0.029,5,0.194,1,0
316,Dāvis Bertāns,29,DAL,PF,22,0,306,4.6,12.2,0.375,3.6,10.1,0.36,0.9,2.1,0.444,0.524,0.9,1.2,0.8,0.7,5.9,6.6,1.8,0.7,0.7,0.6,3.5,13.8,,bertada01,11.2,0.54,0.827,0.096,2.2,18.2,10.2,7.1,1.0,1.8,4.4,16.7,0.2,0.4,0.6,0.098,-0.4,-0.3,-0.6,0.1,22.1,0.087,0.077,0.0,0.01,0.444,0.556,0.25,,1.0,0.36,1.0,0.968,0.048,4,0.267,0,0
317,Ty Jerome,24,OKC,SG,48,4,801,5.6,14.7,0.378,2.4,8.4,0.29,3.1,6.4,0.493,0.46,1.7,2.1,0.809,0.9,2.7,3.5,4.9,1.3,0.2,1.7,3.3,15.3,,jeromty01,11.3,0.488,0.567,0.143,2.4,7.7,5.0,21.3,1.8,0.6,9.6,20.8,0.0,0.5,0.5,0.032,-2.2,-0.2,-2.3,-0.1,17.9,0.07,0.235,0.113,0.015,0.493,0.478,0.481,0.568,0.2,0.29,0.3,0.796,0.0,0,0.156,1,0
318,Lou Williams,35,ATL,PG,56,0,799,5.6,14.4,0.391,1.7,4.6,0.363,4.0,9.8,0.404,0.448,3.0,3.5,0.859,0.7,3.2,3.9,4.7,1.3,0.1,1.9,2.2,15.9,,willilo02,12.1,0.5,0.319,0.244,2.2,9.7,6.0,18.6,1.7,0.3,10.8,21.7,0.2,0.4,0.6,0.034,-2.0,-1.4,-3.4,-0.3,15.3,0.116,0.159,0.244,0.163,0.404,0.514,0.392,0.372,0.385,0.363,0.341,0.73,0.003,1,0.373,0,0
319,Quentin Grimes,21,NYK,SG,46,6,786,4.4,10.8,0.404,3.3,8.7,0.381,1.1,2.1,0.5,0.557,0.6,0.9,0.684,1.1,3.2,4.3,2.0,1.4,0.5,1.3,3.3,12.6,,grimequ01,10.7,0.565,0.804,0.081,3.2,9.8,6.4,8.5,2.0,1.4,10.3,15.1,0.6,0.9,1.4,0.087,-1.2,0.9,-0.3,0.3,22.1,0.089,0.017,0.021,0.068,0.5,0.714,0.0,0.2,0.438,0.381,0.609,0.958,0.013,3,0.249,0,0
320,Justise Winslow,25,2TM,PF,48,11,774,5.1,12.0,0.428,0.7,3.1,0.227,4.4,8.9,0.497,0.457,1.8,3.1,0.591,2.3,7.1,9.4,3.9,1.6,1.2,2.3,3.1,12.7,,winslju01,13.1,0.479,0.257,0.257,7.0,20.9,14.0,16.1,2.2,2.9,14.6,18.9,-0.3,1.1,0.8,0.048,-2.7,1.0,-1.7,0.1,10.7,0.35,0.253,0.07,0.062,0.497,0.678,0.385,0.222,0.25,0.227,0.695,1.0,0.023,5,0.394,2,0
320,Justise Winslow,25,LAC,PF,37,1,479,4.7,10.6,0.447,0.4,2.2,0.172,4.4,8.4,0.518,0.465,1.9,3.1,0.61,2.3,7.7,10.0,3.9,1.6,1.4,2.8,3.5,11.7,,winslju01,12.4,0.49,0.206,0.291,6.8,22.1,14.7,15.5,2.1,3.2,18.9,18.0,-0.3,0.9,0.6,0.056,-3.5,2.0,-1.5,0.1,9.3,0.355,0.312,0.078,0.035,0.518,0.68,0.432,0.273,0.2,0.172,0.672,1.0,0.028,3,0.483,2,0
320,Justise Winslow,25,POR,PF,11,10,295,5.7,14.2,0.405,1.2,4.5,0.27,4.5,9.6,0.468,0.448,1.7,3.1,0.56,2.4,6.0,8.4,3.9,1.7,0.9,1.5,2.6,14.4,,winslju01,14.1,0.465,0.319,0.216,7.2,18.9,12.8,16.9,2.3,2.3,8.6,20.4,0.0,0.2,0.2,0.037,-1.3,-0.7,-2.0,0.0,12.0,0.345,0.181,0.06,0.095,0.468,0.675,0.286,0.143,0.273,0.27,0.73,1.0,0.017,2,0.324,0,0
321,Romeo Langford,22,2TM,SG,48,5,771,3.9,8.9,0.435,1.4,4.0,0.341,2.5,4.9,0.509,0.51,1.1,2.0,0.548,1.4,3.6,5.0,1.0,1.0,0.7,0.7,2.2,10.2,,langfro01,9.2,0.52,0.445,0.22,4.3,10.7,7.6,3.7,1.4,1.9,7.1,12.9,0.3,1.0,1.3,0.082,-2.3,1.0,-1.4,0.1,13.4,0.204,0.241,0.079,0.031,0.509,0.718,0.37,0.467,0.333,0.341,0.722,0.966,0.047,8,0.518,1,0
321,Romeo Langford,22,BOS,SG,44,5,728,3.9,9.1,0.429,1.4,4.1,0.349,2.5,5.0,0.495,0.508,1.0,1.7,0.588,1.5,3.7,5.1,0.9,1.0,0.8,0.8,2.3,10.2,,langfro01,9.3,0.52,0.451,0.185,4.6,10.7,7.7,3.6,1.4,2.0,7.4,13.0,0.2,1.0,1.3,0.084,-2.3,1.1,-1.2,0.2,14.5,0.207,0.239,0.076,0.027,0.495,0.711,0.364,0.429,0.2,0.349,0.7,0.966,0.043,7,0.518,1,0
321,Romeo Langford,22,SAS,SG,4,0,43,3.3,5.9,0.571,0.0,1.7,0.0,3.3,4.2,0.8,0.571,2.5,6.7,0.375,0.0,3.3,3.3,1.7,0.8,0.0,0.0,0.8,9.2,,langfro01,8.1,0.523,0.286,1.143,0.0,9.8,4.9,5.8,1.1,0.0,0.0,10.3,0.0,0.0,0.0,0.053,-3.8,-0.4,-4.2,0.0,12.3,0.143,0.286,0.143,0.143,0.8,1.0,0.5,1.0,1.0,0.0,1.0,,0.143,1,0.5,0,0
322,Trent Forrest,23,UTA,PG,60,6,765,3.6,7.3,0.49,0.2,1.3,0.185,3.3,6.0,0.555,0.506,1.8,2.3,0.792,1.1,3.6,4.7,5.0,1.4,0.3,2.3,2.0,9.2,,forretr01,10.9,0.554,0.174,0.31,3.4,10.5,7.1,18.6,1.9,0.7,21.4,12.8,0.5,0.8,1.3,0.084,-2.3,1.2,-1.0,0.2,8.8,0.316,0.439,0.058,0.013,0.555,0.592,0.529,0.556,0.5,0.185,0.225,1.0,0.026,3,0.63,2,0
323,Kelly Olynyk,30,DET,C,40,1,764,6.0,13.5,0.448,1.9,5.6,0.336,4.1,7.9,0.527,0.517,3.3,4.2,0.775,2.5,5.8,8.3,5.2,1.5,0.9,2.7,4.7,17.2,,olynyke01,16.7,0.561,0.416,0.311,7.3,18.3,12.5,23.3,2.0,2.2,15.1,21.5,0.8,0.8,1.6,0.104,0.5,1.0,1.6,0.7,14.2,0.301,0.175,0.045,0.063,0.527,0.64,0.38,0.385,0.5,0.336,0.625,0.875,0.052,11,0.017,1,0
324,Brandon Boston Jr.,20,LAC,SG,51,0,760,5.9,15.4,0.385,1.6,5.3,0.306,4.3,10.1,0.425,0.437,2.8,3.4,0.819,0.8,4.5,5.3,2.4,1.2,0.6,1.5,2.0,16.2,,bostobr01,11.2,0.481,0.342,0.222,2.4,12.7,7.7,10.1,1.7,1.5,8.0,22.4,-0.5,0.9,0.4,0.026,-3.0,-0.4,-3.3,-0.3,14.7,0.258,0.126,0.123,0.151,0.425,0.631,0.122,0.45,0.306,0.306,0.615,0.588,0.062,15,0.207,3,0
325,Rodney McGruder,30,DET,SG,51,2,754,4.7,10.7,0.436,2.8,7.0,0.397,1.9,3.8,0.506,0.564,0.9,1.2,0.731,1.5,3.8,5.3,2.3,1.0,0.3,1.1,2.8,13.0,,mcgruro01,11.6,0.577,0.649,0.116,4.2,12.1,8.0,9.6,1.4,0.8,9.2,14.8,0.7,0.4,1.2,0.075,-0.7,-0.7,-1.4,0.1,18.2,0.169,0.12,0.044,0.018,0.506,0.605,0.37,0.4,0.75,0.397,0.65,1.0,0.009,1,0.459,1,0
326,Eric Paschall,25,UTA,PF,58,3,736,5.6,11.5,0.485,2.0,5.3,0.37,3.6,6.2,0.583,0.57,3.2,4.2,0.767,1.5,3.7,5.2,1.8,0.4,0.2,1.3,2.5,16.3,,pascher01,13.9,0.612,0.46,0.366,4.6,10.9,7.9,7.1,0.6,0.6,9.0,17.7,1.4,0.5,2.0,0.128,0.5,-1.0,-0.5,0.3,13.4,0.315,0.183,0.034,0.009,0.583,0.649,0.512,0.25,1.0,0.37,0.581,0.95,0.094,17,0.519,2,0
327,Naji Marshall,24,NOP,SF,55,4,735,5.3,13.2,0.405,1.0,5.1,0.2,4.3,8.0,0.537,0.444,3.6,4.6,0.796,1.9,5.1,7.0,3.0,1.6,0.4,2.3,3.4,15.3,,marshna01,12.3,0.505,0.39,0.346,5.6,16.0,10.7,12.3,2.2,1.0,12.9,20.8,0.0,0.7,0.8,0.05,-2.7,-0.5,-3.2,-0.2,12.4,0.32,0.193,0.071,0.026,0.537,0.581,0.538,0.526,0.0,0.2,0.557,0.81,0.063,14,0.305,0,0
328,Goga Bitadze,22,IND,C,50,16,729,6.5,12.4,0.52,1.1,4.0,0.288,5.3,8.5,0.628,0.565,3.2,4.6,0.681,3.9,4.8,8.7,2.7,1.0,2.1,2.3,5.3,17.2,,bitadgo01,18.0,0.595,0.317,0.373,11.9,15.3,13.5,11.2,1.4,5.0,13.6,19.9,1.3,0.6,1.9,0.122,-0.2,-0.6,-0.8,0.2,10.4,0.464,0.175,0.032,0.008,0.628,0.735,0.409,0.375,0.0,0.288,0.694,1.0,0.119,26,0.063,0,0
329,Danuel House Jr.,28,3TM,SF,42,7,727,4.0,9.8,0.404,2.2,5.8,0.376,1.8,4.0,0.444,0.515,2.2,2.9,0.759,0.9,4.6,5.5,2.2,1.0,0.8,1.6,2.5,12.3,,houseda01,10.6,0.555,0.591,0.293,2.8,13.8,8.4,8.4,1.4,2.1,12.9,15.2,0.4,0.7,1.0,0.068,-1.3,0.2,-1.1,0.2,20.0,0.207,0.116,0.045,0.04,0.444,0.634,0.174,0.333,0.375,0.376,0.75,0.932,0.061,7,0.521,1,0
329,Danuel House Jr.,28,HOU,SF,16,1,233,3.9,11.4,0.338,1.5,5.3,0.294,2.3,6.2,0.375,0.405,2.6,2.9,0.895,0.6,6.0,6.6,2.9,0.8,0.8,2.8,2.5,11.9,,houseda01,6.8,0.467,0.459,0.257,1.9,18.5,10.1,11.5,1.0,1.9,17.9,18.3,-0.3,0.1,-0.2,-0.049,-4.8,-0.7,-5.6,-0.2,15.2,0.311,0.081,0.068,0.081,0.375,0.391,0.167,0.4,0.5,0.294,0.8,0.8,0.095,2,0.353,1,0
329,Danuel House Jr.,28,NYK,SF,1,0,3,0.0,12.0,0.0,0.0,12.0,0.0,0.0,0.0,,0.0,0.0,0.0,,0.0,0.0,0.0,0.0,0.0,0.0,0.0,0.0,0.0,,houseda01,-13.4,0.0,1.0,0.0,0.0,0.0,0.0,0.0,0.0,0.0,0.0,14.6,0.0,0.0,0.0,-0.342,-12.6,-7.8,-20.4,0.0,27.0,0.0,0.0,0.0,0.0,,,,,,0.0,,,0.0,0,0.0,0,0
329,Danuel House Jr.,28,UTA,SF,25,6,491,4.0,9.0,0.447,2.5,6.0,0.415,1.5,3.0,0.512,0.585,2.0,2.9,0.692,1.0,4.0,5.0,1.8,1.2,0.9,1.1,2.6,12.5,,houseda01,12.5,0.61,0.667,0.317,3.2,11.7,7.6,7.0,1.6,2.2,9.7,13.8,0.7,0.6,1.3,0.125,0.5,0.7,1.2,0.4,17.8,0.146,0.138,0.033,0.016,0.512,0.944,0.176,0.25,0.0,0.415,0.714,0.971,0.041,5,0.598,0,0
330,DeMarcus Cousins,31,2TM,C,48,7,718,7.5,16.2,0.46,1.9,6.1,0.303,5.6,10.1,0.554,0.517,4.8,6.3,0.76,3.7,9.8,13.5,3.6,1.8,1.1,4.3,7.0,21.6,,couside01,18.2,0.567,0.377,0.386,11.7,29.1,20.6,15.2,2.4,2.7,18.3,28.1,0.3,1.3,1.6,0.104,-1.8,0.2,-1.6,0.1,12.1,0.361,0.225,0.015,0.022,0.554,0.65,0.452,0.2,0.286,0.303,0.598,1.0,0.068,20,0.049,0,0
330,DeMarcus Cousins,31,MIL,C,17,5,287,6.9,14.8,0.466,1.6,6.0,0.271,5.3,8.8,0.6,0.521,3.9,4.8,0.816,3.0,9.3,12.3,2.3,2.0,1.0,2.0,5.8,19.3,,couside01,19.0,0.572,0.407,0.322,9.1,26.8,18.1,9.3,2.7,2.7,10.6,22.4,0.5,0.5,1.0,0.162,-0.3,0.9,0.6,0.2,12.2,0.39,0.186,0.008,0.008,0.6,0.674,0.5,0.0,0.0,0.271,0.738,1.0,0.068,8,0.125,0,0
330,DeMarcus Cousins,31,DEN,C,31,2,431,7.9,17.2,0.456,2.0,6.2,0.324,5.8,11.0,0.53,0.515,5.3,7.3,0.736,4.2,10.2,14.4,4.4,1.6,1.1,5.8,7.8,23.1,,couside01,17.6,0.565,0.359,0.422,13.4,30.6,22.3,19.1,2.2,2.7,22.0,31.9,-0.2,0.8,0.6,0.065,-2.8,-0.2,-3.1,-0.1,12.0,0.345,0.248,0.019,0.029,0.53,0.634,0.431,0.25,0.333,0.324,0.514,1.0,0.068,12,0.0,0,0
331,Svi Mykhailiuk,24,TOR,SF,56,5,716,4.6,11.8,0.389,2.1,6.7,0.306,2.5,5.0,0.5,0.476,1.6,1.9,0.865,1.0,3.6,4.6,2.3,1.3,0.2,1.6,2.7,12.8,,mykhasv01,9.6,0.509,0.573,0.158,2.9,11.5,7.0,8.8,1.8,0.5,11.3,16.9,0.1,0.7,0.8,0.052,-2.7,-0.2,-2.9,-0.2,16.8,0.209,0.098,0.06,0.051,0.5,0.571,0.522,0.286,0.333,0.306,0.54,0.927,0.034,6,0.291,0,0
332,Terry Taylor,22,IND,PF,33,7,714,6.8,11.1,0.614,0.6,1.9,0.316,6.2,9.2,0.676,0.641,1.8,2.6,0.706,4.8,3.9,8.7,2.1,0.7,0.4,1.2,3.1,16.0,,taylote01,19.0,0.656,0.173,0.232,14.6,12.2,13.4,8.6,1.0,1.0,8.7,15.9,2.2,0.2,2.4,0.16,2.1,-2.8,-0.6,0.2,7.2,0.482,0.282,0.045,0.018,0.676,0.755,0.565,0.6,0.5,0.316,0.667,0.917,0.064,11,0.658,1,0
333,Rodney Hood,29,2TM,SF,52,0,709,2.9,8.0,0.369,1.5,4.6,0.33,1.4,3.4,0.424,0.465,0.9,1.0,0.895,0.8,3.1,3.9,1.9,0.8,0.3,0.6,1.6,8.3,,hoodro01,7.2,0.493,0.58,0.121,2.3,9.1,5.8,6.9,1.0,0.8,6.2,10.7,0.2,0.5,0.7,0.048,-3.0,-0.3,-3.3,-0.2,18.7,0.089,0.096,0.102,0.134,0.424,0.857,0.267,0.438,0.238,0.33,0.536,0.8,0.006,1,0.275,0,0
333,Rodney Hood,29,MIL,PF,39,0,581,2.9,8.1,0.351,1.5,5.0,0.3,1.4,3.2,0.431,0.443,0.8,0.9,0.929,0.8,3.3,4.2,1.9,0.7,0.2,0.4,1.7,8.0,,hoodro01,6.7,0.47,0.611,0.107,2.4,9.7,6.1,6.5,1.0,0.7,4.9,10.6,0.1,0.4,0.5,0.042,-3.2,-0.2,-3.5,-0.2,19.3,0.099,0.084,0.084,0.122,0.431,0.846,0.273,0.455,0.188,0.3,0.545,0.875,0.008,1,0.288,0,0
333,Rodney Hood,29,LAC,SF,13,0,128,3.4,7.3,0.462,1.7,3.1,0.545,1.7,4.2,0.4,0.577,1.1,1.4,0.8,0.6,2.3,2.8,2.3,0.8,0.6,1.1,1.1,9.6,,hoodro01,9.3,0.603,0.423,0.192,1.7,6.4,4.1,8.5,1.1,1.3,12.4,11.1,0.1,0.1,0.2,0.075,-1.8,-0.5,-2.4,0.0,18.1,0.038,0.154,0.192,0.192,0.4,1.0,0.25,0.4,0.4,0.545,0.5,0.5,0.0,0,0.182,0,0
334,Omer Yurtseven,23,MIA,C,56,12,706,6.6,12.6,0.526,0.1,0.6,0.091,6.6,12.0,0.547,0.528,1.9,3.1,0.623,4.3,10.7,15.0,2.5,0.9,1.0,2.1,4.3,15.2,,yurtsom01,17.4,0.546,0.045,0.247,13.9,33.0,23.6,11.0,1.2,3.0,13.0,19.9,0.8,1.4,2.1,0.145,-1.4,0.4,-1.0,0.2,5.8,0.437,0.385,0.113,0.02,0.547,0.722,0.432,0.357,0.0,0.091,0.783,1.0,0.178,39,0.182,0,0
335,Xavier Tillman Sr.,23,MEM,PF,53,2,701,5.0,11.1,0.454,0.5,2.5,0.204,4.5,8.6,0.527,0.477,2.4,3.6,0.648,3.4,4.9,8.3,3.2,2.5,0.8,1.7,3.2,12.9,,tillmxa01,15.1,0.51,0.227,0.329,9.6,14.5,12.0,11.6,3.3,1.9,12.1,16.4,0.6,1.2,1.8,0.121,-1.1,1.8,0.7,0.5,9.5,0.389,0.245,0.106,0.032,0.527,0.595,0.472,0.478,0.286,0.204,0.67,0.8,0.093,16,0.265,0,0
336,Zeke Nnaji,21,DEN,PF,41,1,698,5.0,9.6,0.516,1.9,4.1,0.463,3.0,5.5,0.557,0.616,2.1,3.4,0.631,2.9,4.7,7.6,0.9,0.8,0.7,1.2,4.1,13.9,,nnajize01,13.5,0.629,0.43,0.349,9.3,14.1,11.8,3.4,1.1,1.7,9.7,14.9,1.2,0.6,1.8,0.123,-0.7,-1.6,-2.2,0.0,13.1,0.355,0.156,0.005,0.054,0.557,0.727,0.241,0.0,0.4,0.463,0.576,0.946,0.124,20,0.425,0,0
337,Keon Johnson,19,2TM,SG,37,12,697,5.0,14.0,0.353,1.8,5.2,0.34,3.2,8.9,0.36,0.415,2.1,2.6,0.804,1.2,2.9,4.2,3.9,1.4,0.6,2.4,3.6,13.8,,johnske07,8.7,0.453,0.368,0.188,3.7,9.1,6.3,16.3,2.0,1.7,13.5,21.2,-0.8,0.4,-0.5,-0.031,-4.0,-2.0,-5.9,-0.7,12.4,0.276,0.188,0.103,0.066,0.36,0.507,0.353,0.214,0.0,0.34,0.484,0.559,0.044,12,0.18,0,0
337,Keon Johnson,19,LAC,SG,15,0,135,4.5,13.6,0.333,0.8,2.9,0.273,3.7,10.7,0.35,0.363,4.3,5.6,0.762,1.6,4.0,5.6,3.5,1.9,0.5,1.9,5.6,14.1,,johnske07,9.4,0.44,0.216,0.412,4.8,11.4,8.2,13.7,2.5,1.3,10.4,21.9,-0.1,0.2,0.1,0.018,-6.0,0.3,-5.7,-0.1,11.0,0.294,0.255,0.098,0.137,0.35,0.6,0.308,0.2,0.0,0.273,0.714,0.667,0.059,3,0.545,0,0
337,Keon Johnson,19,POR,SG,22,12,562,5.1,14.2,0.357,2.0,5.7,0.348,3.1,8.5,0.364,0.428,1.6,1.9,0.833,1.2,2.7,3.8,4.0,1.3,0.6,2.5,3.1,13.7,,johnske07,8.5,0.457,0.403,0.136,3.4,8.5,5.9,17.0,1.8,1.8,14.3,21.1,-0.7,0.2,-0.5,-0.043,-3.5,-2.5,-6.0,-0.6,13.9,0.271,0.172,0.104,0.05,0.364,0.483,0.368,0.217,0.0,0.348,0.417,0.548,0.041,9,0.135,0,0
338,Rajon Rondo,35,2TM,PG,39,1,697,3.5,9.1,0.386,1.6,4.5,0.352,1.9,4.5,0.42,0.474,1.0,1.3,0.731,0.8,4.8,5.6,8.8,1.5,0.3,3.5,2.9,9.6,,rondora01,10.9,0.496,0.5,0.148,2.4,14.4,8.5,33.1,2.1,0.8,26.6,16.0,-0.1,0.8,0.7,0.048,-2.4,0.7,-1.7,0.1,15.3,0.205,0.159,0.091,0.017,0.42,0.639,0.25,0.313,0.0,0.352,0.081,0.806,0.0,0,0.114,0,0
338,Rajon Rondo,35,LAL,PG,18,0,289,2.9,8.8,0.324,1.0,3.7,0.267,1.9,5.1,0.366,0.38,0.1,0.2,0.5,1.2,4.9,6.1,8.3,1.5,0.6,4.2,3.1,6.9,,rondora01,6.5,0.383,0.423,0.028,3.7,14.5,9.1,29.9,2.0,1.5,32.1,15.7,-0.6,0.3,-0.3,-0.053,-4.8,0.3,-4.5,-0.2,13.1,0.211,0.197,0.085,0.014,0.366,0.6,0.143,0.333,0.0,0.267,0.067,0.875,0.0,0,0.067,0,0
338,Rajon Rondo,35,CLE,PG,21,1,408,4.0,9.3,0.429,2.0,5.1,0.397,1.9,4.1,0.468,0.538,1.6,2.1,0.75,0.4,4.8,5.2,9.1,1.6,0.1,3.0,2.7,11.6,,rondora01,13.9,0.567,0.552,0.229,1.4,14.3,8.0,35.3,2.2,0.2,22.7,16.2,0.5,0.5,1.0,0.119,-0.7,1.0,0.3,0.2,17.4,0.2,0.133,0.095,0.019,0.468,0.667,0.357,0.3,0.0,0.397,0.091,0.783,0.0,0,0.138,0,0
339,Dalano Banton,22,TOR,PG,64,1,696,4.3,10.4,0.411,0.7,2.6,0.255,3.6,7.8,0.464,0.443,1.3,2.3,0.591,2.0,4.4,6.4,5.1,1.4,0.5,2.7,3.5,10.6,,bantoda01,10.0,0.463,0.252,0.218,5.6,14.1,9.7,19.8,2.0,1.4,19.3,16.9,-0.4,0.8,0.4,0.03,-3.5,0.4,-3.1,-0.2,10.6,0.322,0.223,0.119,0.064,0.464,0.615,0.356,0.292,0.385,0.255,0.329,0.615,0.03,6,0.235,1,1
340,Vit Krejci,21,OKC,SG,30,8,690,3.5,8.7,0.407,1.7,5.1,0.327,1.9,3.6,0.522,0.503,1.0,1.1,0.864,0.9,4.3,5.3,3.0,1.0,0.4,1.5,3.4,9.8,,krejcvi01,8.5,0.529,0.587,0.132,2.6,12.6,7.5,11.9,1.3,1.1,14.1,12.9,0.1,0.5,0.6,0.042,-4.3,-1.0,-5.3,-0.6,17.5,0.102,0.257,0.012,0.042,0.522,0.824,0.442,0.0,0.429,0.327,0.556,0.906,0.03,5,0.194,1,0
341,Frank Ntilikina,23,DAL,SG,58,5,685,4.7,11.7,0.399,2.0,5.8,0.342,2.7,5.9,0.455,0.484,1.3,1.3,0.96,0.6,3.5,4.2,3.6,1.4,0.4,1.6,3.2,12.6,,ntilila01,10.4,0.513,0.498,0.112,1.9,10.9,6.4,14.7,2.0,0.9,11.7,17.4,0.1,0.9,0.9,0.065,-2.8,0.9,-1.9,0.0,17.5,0.117,0.157,0.094,0.135,0.455,0.462,0.429,0.429,0.5,0.342,0.529,0.895,0.013,1,0.315,1,0
342,Timothé Luwawu-Cabarrot,26,ATL,SF,52,18,685,3.9,9.8,0.398,2.3,6.4,0.361,1.6,3.4,0.469,0.516,1.8,2.2,0.854,0.9,3.4,4.3,2.1,0.9,0.3,1.1,4.0,11.9,,luwawti01,9.3,0.556,0.656,0.22,2.7,10.3,6.6,7.7,1.3,0.8,8.9,14.3,0.6,0.3,0.9,0.061,-2.3,-1.0,-3.3,-0.2,17.5,0.22,0.07,0.038,0.016,0.469,0.512,0.385,0.429,0.333,0.361,0.7,0.977,0.032,6,0.459,0,0
343,Davon Reed,26,DEN,SG,48,5,668,4.4,8.7,0.503,2.0,4.6,0.43,2.4,4.0,0.587,0.618,0.5,0.8,0.667,0.8,5.1,5.8,2.9,1.3,0.5,0.9,3.4,11.3,,reedda01,12.2,0.624,0.534,0.093,2.4,15.2,9.0,10.7,1.8,1.2,8.7,12.1,0.9,0.7,1.6,0.117,-0.6,0.3,-0.3,0.3,18.0,0.099,0.161,0.075,0.13,0.587,0.688,0.5,0.583,0.619,0.43,0.591,0.919,0.025,2,0.302,0,0
344,Derrick Favors,30,OKC,C,39,18,653,5.2,10.0,0.516,0.1,0.9,0.125,5.1,9.2,0.554,0.522,0.9,1.4,0.64,3.2,6.9,10.1,1.4,0.9,0.7,0.5,3.4,11.4,,favorde01,13.6,0.534,0.088,0.137,9.0,20.2,14.5,5.9,1.3,1.7,4.5,13.4,0.8,0.7,1.4,0.105,-2.3,0.3,-2.1,0.0,9.6,0.302,0.165,0.225,0.176,0.554,0.673,0.433,0.537,0.406,0.125,0.761,1.0,0.071,11,0.875,0,0
345,T.J. McConnell,29,IND,PG,27,8,652,5.5,11.5,0.481,0.6,1.8,0.303,5.0,9.7,0.514,0.505,1.0,1.3,0.826,1.1,3.9,5.0,7.2,1.6,0.6,1.6,2.9,12.6,,mccontj01,15.1,0.525,0.159,0.111,3.4,12.2,7.7,28.7,2.2,1.3,11.7,16.2,1.0,0.4,1.3,0.098,-0.4,1.4,0.9,0.5,9.8,0.274,0.317,0.163,0.058,0.514,0.561,0.576,0.382,0.25,0.303,0.256,0.9,0.0,0,0.333,2,0
346,Greg Brown III,20,POR,SF,48,6,640,4.6,10.7,0.426,1.1,3.4,0.311,3.5,7.3,0.481,0.476,2.5,3.7,0.677,2.1,5.5,7.6,2.0,1.5,1.4,2.0,5.1,12.7,,browngr01,11.0,0.515,0.321,0.342,6.3,17.3,11.6,8.1,2.0,3.7,14.1,17.2,-0.1,0.5,0.4,0.029,-4.0,-0.7,-4.7,-0.4,10.7,0.437,0.158,0.016,0.058,0.481,0.639,0.2,0.333,0.091,0.311,0.629,1.0,0.258,40,0.377,0,0
347,Brandon Williams,22,POR,PG,24,16,640,5.9,15.9,0.372,1.7,6.0,0.292,4.2,9.9,0.42,0.427,3.8,5.5,0.701,1.1,3.1,4.2,5.3,1.4,0.6,3.3,2.9,17.4,,willibr03,11.0,0.476,0.376,0.344,3.1,9.8,6.4,23.1,1.8,1.5,15.2,25.9,-0.7,0.2,-0.5,-0.037,-2.6,-3.1,-5.7,-0.6,14.1,0.259,0.184,0.099,0.082,0.42,0.507,0.327,0.429,0.348,0.292,0.311,0.71,0.004,1,0.208,3,0
348,Dennis Smith Jr.,24,POR,PG,37,4,638,4.5,10.7,0.418,0.3,1.5,0.222,4.1,9.1,0.451,0.434,2.4,3.6,0.656,1.1,3.8,5.0,7.4,2.5,0.7,2.9,2.9,11.6,,smithde03,13.2,0.474,0.143,0.339,3.3,12.2,7.6,30.5,3.4,1.9,19.0,18.2,-0.1,0.5,0.4,0.031,-2.8,1.2,-1.7,0.1,8.9,0.349,0.307,0.09,0.106,0.451,0.53,0.431,0.235,0.45,0.222,0.329,0.333,0.026,3,0.185,0,0
349,Derrick Rose,33,NYK,PG,26,4,636,6.9,15.5,0.445,2.1,5.2,0.402,4.8,10.3,0.467,0.513,1.7,1.8,0.968,1.2,3.2,4.4,5.8,1.2,0.7,2.2,0.8,17.6,,rosede01,16.9,0.541,0.336,0.113,3.5,9.8,6.6,27.5,1.7,1.9,11.9,22.5,0.8,0.7,1.4,0.108,2.3,0.0,2.3,0.7,13.4,0.245,0.23,0.088,0.102,0.467,0.582,0.508,0.292,0.25,0.402,0.259,0.757,0.0,0,0.185,1,0
350,Sterling Brown,26,DAL,SG,49,3,628,3.4,8.9,0.381,1.6,5.3,0.304,1.8,3.6,0.492,0.471,0.8,0.9,0.933,1.5,7.1,8.5,1.9,0.8,0.4,1.3,3.2,9.2,,brownst02,8.4,0.495,0.594,0.097,4.6,21.8,13.2,7.5,1.1,1.0,12.5,13.2,-0.1,0.9,0.8,0.061,-3.4,0.5,-2.9,-0.1,17.1,0.206,0.116,0.039,0.045,0.492,0.625,0.278,0.333,0.571,0.304,0.774,0.857,0.013,0,0.5,1,0
351,DeAndre Jordan,33,2TM,C,48,20,622,5.3,8.3,0.643,0.0,0.0,,5.3,8.3,0.643,0.643,1.3,2.3,0.55,4.8,10.5,15.3,1.2,0.7,2.0,2.1,4.1,11.9,,jordade01,17.2,0.641,0.0,0.28,14.7,31.4,23.1,4.9,0.9,5.0,18.7,13.9,0.9,1.0,1.9,0.145,-1.5,0.1,-1.4,0.1,1.7,0.797,0.168,0.007,0.007,0.643,0.693,0.417,0.0,0.0,,0.761,,0.517,66,,0,0
351,DeAndre Jordan,33,LAL,C,32,19,408,5.3,7.9,0.674,0.0,0.0,,5.3,7.9,0.674,0.674,1.1,2.3,0.462,4.5,10.7,15.2,1.1,0.9,2.3,1.9,4.4,11.6,,jordade01,17.5,0.657,0.0,0.292,13.5,31.8,22.7,4.5,1.2,5.7,17.3,12.8,0.7,0.6,1.3,0.153,-1.5,0.9,-0.6,0.2,1.8,0.764,0.191,0.0,0.011,0.674,0.735,0.412,,0.0,,0.733,,0.528,42,,0,0
351,DeAndre Jordan,33,PHI,C,16,1,214,5.4,9.1,0.593,0.0,0.0,,5.4,9.1,0.593,0.593,1.7,2.4,0.714,5.4,10.1,15.5,1.3,0.3,1.5,2.7,3.5,12.4,,jordade01,16.5,0.615,0.0,0.259,17.0,30.8,24.0,5.6,0.5,3.8,21.0,16.0,0.3,0.3,0.6,0.131,-1.6,-1.4,-2.9,0.0,1.6,0.852,0.13,0.019,0.0,0.593,0.63,0.429,0.0,,,0.813,,0.5,24,,0,0
352,Alex Len,28,SAC,C,39,10,620,5.5,10.2,0.534,0.3,1.2,0.286,5.1,9.0,0.568,0.551,2.4,3.7,0.651,3.0,6.3,9.3,2.6,0.8,1.5,2.5,5.8,13.6,,lenal01,13.1,0.577,0.119,0.358,9.0,19.3,14.1,10.6,1.0,3.5,17.4,17.1,0.4,0.5,0.9,0.07,-3.2,0.3,-2.9,-0.1,6.7,0.409,0.33,0.125,0.006,0.568,0.708,0.448,0.455,0.0,0.286,0.761,0.667,0.17,26,0.238,0,0
353,Robin Lopez,33,ORL,C,36,9,612,6.5,11.7,0.553,0.1,0.4,0.333,6.4,11.4,0.56,0.558,1.9,3.2,0.593,4.0,3.4,7.4,3.2,0.1,1.1,2.6,3.9,14.9,,lopezro01,13.7,0.57,0.03,0.271,11.7,10.0,10.9,14.4,0.2,2.7,16.5,18.9,0.5,0.3,0.8,0.064,-2.4,-1.4,-3.8,-0.3,6.2,0.281,0.618,0.055,0.015,0.56,0.714,0.512,0.364,0.333,0.333,0.519,1.0,0.035,7,0.167,1,0
354,Isaiah Joe,22,PHI,SG,55,1,609,3.7,10.5,0.35,2.7,8.0,0.333,1.0,2.5,0.405,0.477,1.7,1.8,0.935,0.4,3.0,3.3,2.1,0.8,0.2,1.1,2.8,11.7,,joeis01,7.7,0.519,0.763,0.175,1.1,9.0,5.1,8.1,1.1,0.4,9.1,15.5,0.0,0.4,0.4,0.035,-3.1,-1.5,-4.6,-0.4,22.2,0.079,0.034,0.045,0.079,0.405,0.643,0.333,0.375,0.214,0.333,0.647,1.0,0.023,4,0.296,1,0
355,David Nwaba,29,HOU,SF,46,4,609,5.0,10.4,0.483,0.9,2.9,0.306,4.1,7.5,0.551,0.526,2.8,4.0,0.716,2.4,6.5,8.9,2.1,1.7,1.2,1.2,3.3,13.8,,nwabada01,15.3,0.567,0.278,0.381,7.4,20.0,13.6,8.5,2.2,2.9,9.3,15.8,0.8,0.5,1.3,0.105,-0.6,0.0,-0.6,0.2,9.0,0.511,0.193,0.017,0.0,0.551,0.656,0.294,0.333,,0.306,0.543,1.0,0.125,22,0.408,0,0
356,Moses Moody,19,GSW,SG,52,11,607,4.7,10.9,0.437,2.4,6.5,0.364,2.4,4.3,0.548,0.546,1.7,2.1,0.778,1.0,3.7,4.7,1.4,0.4,0.6,0.8,2.6,13.5,,moodymo01,10.5,0.573,0.601,0.197,3.2,11.0,7.2,5.3,0.6,1.6,6.1,15.2,0.6,0.7,1.3,0.101,-1.4,-1.1,-2.5,-0.1,17.5,0.213,0.082,0.049,0.055,0.548,0.641,0.467,0.667,0.2,0.364,0.7,1.0,0.06,11,0.336,0,0
357,Saben Lee,22,DET,PG,37,0,604,4.1,10.5,0.39,0.8,3.6,0.233,3.3,7.0,0.47,0.429,3.3,4.2,0.789,1.1,4.1,5.2,6.4,2.1,0.7,2.1,2.6,12.4,,leesa01,13.8,0.499,0.339,0.401,3.1,13.0,7.8,26.2,2.9,1.8,14.7,17.3,0.3,0.7,0.9,0.073,-1.9,1.5,-0.4,0.2,11.2,0.379,0.232,0.04,0.011,0.47,0.597,0.341,0.143,0.0,0.233,0.455,0.786,0.051,7,0.233,0,0
358,Andre Iguodala,38,GSW,SF,31,0,603,2.7,7.2,0.38,1.0,4.4,0.23,1.7,2.8,0.617,0.45,0.9,1.2,0.75,1.3,4.7,6.0,6.8,1.6,1.3,1.7,2.0,7.4,,iguodan01,12.3,0.478,0.612,0.165,3.9,13.9,9.1,24.7,2.2,3.5,17.7,11.4,0.5,1.1,1.6,0.125,-0.9,3.7,2.7,0.7,18.1,0.207,0.116,0.025,0.041,0.617,0.76,0.571,0.0,0.4,0.23,0.621,0.941,0.157,17,0.338,3,0
359,Mike Muscala,30,OKC,C,43,0,592,6.9,15.1,0.456,4.3,9.9,0.429,2.6,5.2,0.506,0.597,2.9,3.5,0.842,1.3,6.6,7.8,1.3,1.1,1.6,0.9,3.5,20.9,,muscami01,19.7,0.63,0.657,0.23,3.6,19.1,11.2,6.2,1.5,4.1,4.9,20.9,1.4,0.7,2.1,0.17,3.8,1.2,5.0,1.1,19.6,0.129,0.097,0.089,0.028,0.506,0.688,0.458,0.318,0.429,0.429,0.814,1.0,0.036,9,0.178,0,0
360,Jock Landale,26,SAS,C,54,1,589,6.2,12.5,0.495,1.8,5.4,0.326,4.4,7.0,0.626,0.566,2.1,2.5,0.829,3.9,4.6,8.4,2.8,0.6,0.9,1.9,3.2,16.2,,landajo01,16.0,0.597,0.436,0.201,11.1,13.5,12.3,10.6,0.8,2.0,12.3,18.1,1.0,0.4,1.5,0.121,0.7,-1.1,-0.4,0.2,13.3,0.368,0.152,0.025,0.02,0.626,0.707,0.484,0.2,0.75,0.326,0.708,1.0,0.118,23,0.225,1,0
361,Aaron Nesmith,22,BOS,SF,52,3,574,4.5,11.4,0.396,1.9,7.2,0.27,2.6,4.2,0.612,0.481,1.3,1.6,0.808,0.9,4.6,5.6,1.4,1.3,0.3,1.9,4.4,12.3,,nesmiaa01,7.3,0.507,0.632,0.143,2.9,13.6,8.4,5.4,1.7,0.8,13.8,17.2,-0.4,0.9,0.4,0.038,-4.9,0.7,-4.3,-0.3,18.4,0.126,0.154,0.033,0.055,0.612,0.87,0.464,0.167,0.7,0.27,0.805,0.935,0.027,5,0.383,0,0
362,Keifer Sykes,28,IND,PG,32,11,566,4.4,12.1,0.363,1.7,5.7,0.3,2.7,6.4,0.42,0.434,1.0,1.1,0.882,0.5,2.4,2.9,3.9,0.8,0.3,2.1,3.2,11.4,,sykeske01,5.9,0.456,0.474,0.089,1.5,7.4,4.4,14.9,1.0,0.6,14.3,17.4,-0.5,0.1,-0.5,-0.04,-4.4,-2.4,-6.9,-0.7,17.3,0.168,0.079,0.116,0.163,0.42,0.688,0.333,0.182,0.355,0.3,0.429,0.889,0.021,4,0.3,0,0
363,Nerlens Noel,27,NYK,C,25,11,562,2.0,3.8,0.533,0.0,0.2,0.0,2.0,3.7,0.561,0.533,1.3,1.9,0.7,3.1,6.0,9.0,1.5,1.9,2.0,1.3,4.3,5.4,,noelne01,11.8,0.581,0.05,0.5,9.0,18.1,13.5,5.7,2.7,5.4,21.5,7.3,0.4,1.0,1.5,0.128,-3.1,3.3,0.3,0.3,5.9,0.533,0.25,0.167,0.0,0.561,0.563,0.533,0.6,,0.0,0.75,,0.117,3,0.667,1,0
364,Jericho Sims,23,NYK,PF,41,5,555,2.5,3.5,0.722,0.0,0.0,,2.5,3.5,0.722,0.722,0.8,1.9,0.414,4.0,7.0,11.0,1.4,0.7,1.4,1.3,4.3,5.8,,simsje01,11.6,0.674,0.0,0.537,11.6,21.3,16.4,5.3,1.0,3.9,23.1,6.9,0.7,0.8,1.5,0.128,-2.8,1.1,-1.7,0.0,2.0,0.815,0.148,0.037,0.0,0.722,0.795,0.5,0.0,,,0.795,,0.63,33,,0,0
365,Tony Bradley,24,CHI,C,55,7,549,4.7,8.1,0.585,0.0,0.0,,4.7,8.1,0.585,0.585,1.2,1.9,0.655,4.4,7.8,12.2,1.8,0.7,2.2,2.2,4.1,10.7,,bradlto01,14.9,0.6,0.0,0.236,13.8,24.3,19.1,6.7,0.9,5.2,20.0,13.6,0.6,0.7,1.3,0.112,-2.0,0.2,-1.8,0.0,3.9,0.626,0.252,0.065,0.057,0.585,0.649,0.484,0.375,0.571,,0.75,,0.138,13,,0,0
366,Elfrid Payton,27,PHO,PG,50,1,549,4.4,11.5,0.383,0.3,1.2,0.222,4.1,10.3,0.401,0.394,0.8,2.1,0.375,1.4,4.4,5.8,6.5,1.6,0.4,3.1,2.5,9.8,,paytoel01,7.9,0.397,0.103,0.183,4.2,12.8,8.6,23.0,2.2,1.0,19.9,18.5,-1.0,0.8,-0.2,-0.014,-4.6,1.2,-3.5,-0.2,7.8,0.246,0.474,0.091,0.046,0.401,0.488,0.373,0.313,0.25,0.222,0.254,0.75,0.023,3,0.333,0,0
367,Kent Bazemore,32,LAL,SF,39,14,545,3.0,9.2,0.324,1.9,5.3,0.363,1.1,3.9,0.271,0.428,0.9,1.1,0.765,0.9,3.7,4.6,2.2,1.7,0.6,1.4,4.6,8.7,,bazemke01,6.0,0.451,0.576,0.122,2.6,11.0,6.8,8.1,2.2,1.5,12.5,13.2,-0.4,0.5,0.1,0.006,-5.1,0.8,-4.3,-0.3,17.2,0.165,0.094,0.058,0.101,0.271,0.304,0.308,0.125,0.214,0.363,0.75,0.828,0.014,1,0.475,2,0
368,Isaiah Jackson,20,IND,C,36,15,541,7.7,13.7,0.563,0.3,1.1,0.313,7.4,12.6,0.584,0.575,4.0,5.9,0.682,4.0,5.9,9.9,0.7,1.7,3.5,2.7,6.1,19.8,,jacksis01,20.5,0.607,0.078,0.427,12.2,18.7,15.4,2.9,2.3,8.4,14.0,22.5,0.7,0.7,1.4,0.126,-1.6,0.0,-1.6,0.0,5.0,0.617,0.214,0.053,0.029,0.584,0.677,0.455,0.182,0.333,0.313,0.757,1.0,0.248,46,0.063,0,0
369,Malachi Flynn,23,TOR,PG,44,5,537,4.8,12.3,0.393,2.0,6.0,0.333,2.8,6.2,0.452,0.475,1.0,1.6,0.625,0.7,3.6,4.2,4.7,1.3,0.3,0.9,3.0,12.7,,flynnma01,11.7,0.488,0.492,0.131,1.9,11.3,6.4,18.5,1.9,0.7,6.3,16.5,0.5,0.5,1.0,0.092,-1.8,0.4,-1.5,0.1,18.1,0.12,0.148,0.077,0.158,0.452,0.545,0.481,0.571,0.31,0.333,0.214,0.8,0.0,0,0.122,2,0
370,Ignas Brazdeikis,23,ORL,SF,42,1,536,5.4,12.6,0.431,1.8,5.8,0.31,3.6,6.8,0.535,0.503,1.4,2.1,0.656,1.5,3.3,4.8,2.5,0.7,0.2,1.1,3.2,14.1,,brazdig01,10.2,0.52,0.463,0.17,4.5,9.7,7.1,10.7,0.9,0.5,7.8,17.7,0.2,0.3,0.5,0.041,-2.7,-1.6,-4.3,-0.3,14.0,0.293,0.202,0.027,0.016,0.535,0.636,0.421,0.2,0.667,0.31,0.574,0.926,0.005,0,0.333,0,0
371,Terence Davis,24,SAC,SG,30,11,536,7.6,17.9,0.423,3.3,10.0,0.329,4.3,7.9,0.542,0.515,2.4,3.0,0.818,0.7,5.6,6.3,2.7,1.7,0.7,2.2,4.7,20.9,,daviste02,14.6,0.543,0.558,0.165,2.2,17.0,9.5,11.9,2.2,1.8,10.3,25.6,0.0,0.5,0.5,0.044,-0.6,-0.4,-0.9,0.2,15.8,0.221,0.15,0.03,0.03,0.542,0.712,0.375,0.375,0.5,0.329,0.563,0.796,0.037,7,0.201,1,0
372,Josh Okogie,23,MIN,SG,49,6,516,2.9,7.3,0.404,1.0,3.3,0.298,2.0,4.0,0.491,0.471,2.4,3.6,0.686,2.0,2.9,4.9,1.7,1.8,0.8,1.6,3.7,9.3,,okogijo01,9.0,0.526,0.452,0.49,5.9,8.7,7.3,6.2,2.4,2.2,15.4,12.1,0.1,0.5,0.7,0.062,-3.7,0.9,-2.7,-0.1,12.3,0.365,0.173,0.01,0.0,0.491,0.526,0.444,0.0,,0.298,0.607,1.0,0.115,9,0.468,0,0
373,Bismack Biyombo,29,PHO,C,36,3,506,6.1,10.3,0.593,0.0,0.0,,6.1,10.3,0.593,0.593,2.7,5.1,0.535,4.5,7.4,11.9,1.6,0.9,1.8,1.8,5.0,14.9,,biyombi01,17.3,0.596,0.0,0.49,13.7,21.5,17.7,6.2,1.1,4.6,12.4,17.1,0.9,0.9,1.8,0.17,-1.7,0.4,-1.3,0.1,4.3,0.517,0.393,0.083,0.007,0.593,0.747,0.474,0.25,0.0,,0.744,,0.234,34,,0,0
374,Brandon Goodwin,26,CLE,PG,36,5,502,4.6,11.0,0.416,1.4,3.9,0.345,3.2,7.1,0.455,0.477,1.7,2.7,0.632,1.0,3.8,4.8,6.5,1.8,0.1,2.6,2.8,12.3,,goodwbr01,11.8,0.501,0.357,0.247,3.1,11.4,7.4,26.0,2.5,0.2,17.4,18.2,0.1,0.7,0.7,0.069,-2.6,1.1,-1.6,0.1,13.9,0.266,0.201,0.117,0.058,0.455,0.634,0.355,0.333,0.222,0.345,0.244,0.632,0.0,0,0.145,2,0
375,Zach Collins,24,SAS,C,28,4,502,5.5,11.1,0.49,1.0,2.9,0.341,4.4,8.2,0.544,0.535,3.7,4.7,0.8,3.3,7.7,11.0,4.4,0.9,1.6,3.2,4.8,15.6,,colliza01,16.4,0.594,0.265,0.419,9.5,22.5,16.0,16.3,1.2,3.8,19.7,19.2,0.6,0.7,1.2,0.118,-1.2,1.0,-0.2,0.2,11.0,0.29,0.316,0.065,0.065,0.544,0.756,0.347,0.5,0.6,0.341,0.742,1.0,0.039,6,0.049,0,0
376,Goran Dragić,35,2TM,PG,21,8,498,4.1,10.9,0.377,1.2,4.6,0.254,3.0,6.4,0.466,0.43,2.0,2.4,0.818,0.9,3.8,4.7,6.2,1.4,0.3,2.5,3.3,11.3,,dragigo01,10.0,0.474,0.417,0.219,2.9,11.3,7.1,22.9,1.9,0.7,17.0,17.2,-0.1,0.4,0.4,0.034,-2.8,-0.5,-3.3,-0.2,15.2,0.192,0.172,0.166,0.053,0.466,0.621,0.538,0.28,0.25,0.254,0.195,0.875,0.007,1,0.19,1,0
376,Goran Dragić,35,TOR,PG,5,2,90,5.2,13.6,0.382,1.6,5.6,0.286,3.6,8.0,0.45,0.441,4.0,4.0,1.0,0.8,4.8,5.6,3.6,2.0,0.4,0.4,3.2,16.0,,dragigo01,16.2,0.521,0.412,0.294,2.3,15.3,8.4,14.4,2.8,1.1,2.5,18.7,0.2,0.1,0.3,0.162,-0.6,2.6,1.9,0.1,15.3,0.206,0.147,0.235,0.0,0.45,0.571,0.4,0.375,,0.286,0.111,0.75,0.029,1,0.214,1,0
376,Goran Dragić,35,BRK,PG,16,6,408,3.9,10.3,0.376,1.1,4.3,0.245,2.8,6.0,0.471,0.427,1.5,2.0,0.739,1.0,3.5,4.5,6.8,1.2,0.3,2.9,3.3,10.3,,dragigo01,8.6,0.46,0.419,0.197,3.0,10.4,6.8,24.7,1.7,0.7,20.6,16.9,-0.2,0.3,0.1,0.006,-3.3,-1.1,-4.4,-0.3,15.2,0.188,0.179,0.145,0.068,0.471,0.636,0.571,0.235,0.25,0.245,0.219,0.917,0.0,0,0.184,0,0
377,Thanasis Antetokounmpo,29,MIL,SF,48,6,473,5.3,9.7,0.547,0.2,1.1,0.143,5.2,8.7,0.596,0.555,2.2,3.5,0.63,3.0,4.6,7.7,1.7,1.2,0.9,2.0,5.2,13.0,,antetth01,12.5,0.577,0.109,0.359,9.2,13.4,11.3,6.5,1.6,2.4,14.9,15.7,0.4,0.5,0.9,0.095,-3.5,-0.1,-3.5,-0.2,5.2,0.656,0.164,0.039,0.008,0.596,0.69,0.333,0.2,1.0,0.143,0.618,0.5,0.219,24,0.429,1,0
378,Admiral Schofield,24,ORL,SF,38,1,469,4.1,9.9,0.419,2.0,6.1,0.329,2.1,3.8,0.56,0.519,0.9,1.2,0.8,1.3,5.5,6.8,1.9,0.3,0.4,1.6,4.5,11.2,,schofad01,7.5,0.538,0.612,0.116,3.8,16.3,10.0,7.9,0.4,1.0,13.4,14.5,-0.1,0.3,0.3,0.027,-4.2,-1.2,-5.4,-0.4,17.6,0.147,0.209,0.023,0.008,0.56,0.632,0.481,0.667,1.0,0.329,0.714,0.962,0.023,1,0.367,2,0
379,Lindy Waters III,24,OKC,SG,25,1,465,5.5,13.5,0.406,4.1,11.3,0.363,1.4,2.2,0.621,0.557,0.3,0.4,0.8,0.5,5.2,5.7,1.9,1.5,0.6,0.9,2.4,15.4,,waterli01,13.0,0.562,0.834,0.029,1.3,15.0,8.1,8.1,2.0,1.6,5.8,17.5,0.3,0.5,0.8,0.081,-0.8,-0.8,-1.6,0.1,22.4,0.04,0.097,0.023,0.006,0.621,0.714,0.647,0.25,1.0,0.363,0.722,0.887,0.023,4,0.247,0,0
380,Anthony Gill,29,WAS,PF,44,0,463,4.8,8.5,0.569,1.1,2.0,0.538,3.7,6.5,0.578,0.633,3.3,4.0,0.808,2.6,4.0,6.6,2.1,0.4,0.9,1.4,4.5,14.0,,gillan01,14.7,0.682,0.239,0.477,8.0,12.2,10.2,8.3,0.5,2.0,12.0,14.4,1.1,0.2,1.4,0.14,-0.6,-1.3,-1.9,0.0,9.2,0.294,0.45,0.018,0.0,0.578,0.625,0.551,0.5,,0.538,0.771,1.0,0.046,3,0.462,0,0
381,Trevor Ariza,36,LAL,SF,24,11,462,2.6,7.7,0.333,1.6,5.8,0.27,1.0,1.9,0.52,0.434,0.8,1.4,0.556,0.8,5.6,6.4,2.1,1.0,0.5,0.9,1.6,7.5,,arizatr01,7.0,0.449,0.747,0.182,2.3,16.7,9.5,7.5,1.3,1.2,9.3,11.0,-0.2,0.4,0.2,0.02,-3.3,-0.2,-3.4,-0.2,19.3,0.162,0.081,0.01,0.0,0.52,0.688,0.25,0.0,,0.27,0.769,1.0,0.01,1,0.365,0,0
382,Killian Tillie,23,MEM,C,36,3,461,3.4,9.9,0.339,2.1,6.7,0.314,1.2,3.2,0.39,0.445,0.4,0.6,0.625,1.6,3.0,4.7,1.7,1.8,1.2,1.0,4.5,9.2,,tilliki02,7.6,0.452,0.677,0.063,4.7,9.1,6.8,5.9,2.4,2.9,9.1,12.8,-0.1,0.6,0.6,0.058,-3.8,1.1,-2.7,-0.1,18.1,0.126,0.15,0.039,0.0,0.39,0.688,0.211,0.2,,0.314,0.625,0.963,0.024,3,0.291,0,0
383,Dylan Windler,25,CLE,SF,50,0,459,2.9,7.7,0.378,1.6,5.5,0.3,1.3,2.2,0.571,0.485,1.2,1.4,0.833,1.6,5.3,7.0,2.7,1.1,0.2,1.3,3.7,8.6,,windldy01,8.8,0.519,0.714,0.184,5.2,16.0,10.7,10.0,1.5,0.6,13.1,11.8,0.2,0.6,0.8,0.084,-3.0,1.2,-1.7,0.0,18.7,0.194,0.082,0.01,0.0,0.571,0.632,0.5,0.0,,0.3,0.813,0.952,0.041,3,0.429,0,0
384,Matt Thomas,27,CHI,SG,40,0,459,4.3,10.5,0.41,2.7,7.1,0.385,1.6,3.4,0.465,0.541,1.3,1.6,0.8,0.2,3.7,3.9,1.6,0.6,0.2,0.6,1.4,12.6,,thomama02,9.9,0.564,0.679,0.149,0.7,11.5,6.1,5.8,0.9,0.6,5.3,14.5,0.3,0.2,0.6,0.058,-1.2,-1.5,-2.6,-0.1,22.6,0.007,0.015,0.082,0.216,0.465,1.0,0.0,0.273,0.552,0.385,0.85,0.886,0.0,0,0.242,0,0
385,Kelan Martin,26,2TM,SF,30,1,450,5.6,13.7,0.409,1.8,6.0,0.293,3.8,7.7,0.5,0.474,0.7,1.0,0.692,1.4,3.0,4.4,1.7,1.0,0.7,1.1,2.9,13.7,,martike03,9.4,0.484,0.439,0.076,4.1,9.6,6.8,6.7,1.4,1.7,7.3,18.1,-0.1,0.2,0.0,0.005,-2.6,-1.0,-3.6,-0.2,14.9,0.234,0.123,0.088,0.117,0.5,0.65,0.19,0.467,0.55,0.293,0.646,1.0,0.023,3,0.347,1,0
385,Kelan Martin,26,IND,SF,27,1,444,5.7,13.6,0.417,1.8,6.0,0.297,3.9,7.6,0.511,0.482,0.7,1.1,0.692,1.3,3.0,4.3,1.7,1.1,0.7,1.1,2.9,13.9,,martike03,9.7,0.492,0.44,0.077,4.0,9.5,6.7,6.8,1.4,1.8,7.5,18.1,-0.1,0.2,0.1,0.01,-2.4,-0.9,-3.3,-0.1,15.4,0.238,0.119,0.083,0.119,0.511,0.65,0.2,0.5,0.55,0.297,0.646,1.0,0.024,3,0.351,1,0
385,Kelan Martin,26,BOS,SF,3,0,6,0.0,18.0,0.0,0.0,6.0,0.0,0.0,12.0,0.0,0.0,0.0,0.0,,6.0,6.0,12.0,0.0,0.0,0.0,0.0,0.0,0.0,,martike03,-11.3,0.0,0.333,0.0,18.5,17.6,18.0,0.0,0.0,0.0,0.0,22.0,-0.1,0.0,0.0,-0.382,-14.7,-10.5,-25.1,0.0,14.4,0.0,0.333,0.333,0.0,0.0,,0.0,0.0,,0.0,,,0.0,0,0.0,0,0
386,Yuta Watanabe,27,TOR,SF,38,4,445,4.5,11.2,0.406,2.2,6.4,0.342,2.3,4.8,0.492,0.504,1.9,3.2,0.6,1.5,6.0,7.4,1.7,0.9,1.3,1.5,3.1,13.2,,watanyu01,11.5,0.524,0.572,0.29,4.2,19.0,11.2,6.6,1.2,3.5,10.9,16.8,0.1,0.6,0.7,0.075,-1.9,0.0,-2.0,0.0,17.2,0.167,0.13,0.101,0.029,0.492,0.565,0.333,0.571,0.5,0.342,0.655,1.0,0.029,2,0.43,0,0
387,Juancho Hernangómez,26,3TM,PF,40,9,445,3.6,8.6,0.415,1.9,5.6,0.348,1.6,3.0,0.541,0.528,1.5,2.8,0.559,2.3,5.8,8.1,1.6,1.1,0.8,1.3,2.0,10.6,,hernaju01,11.5,0.542,0.651,0.321,7.0,17.1,12.2,6.0,1.6,2.0,11.7,13.4,0.3,0.6,0.9,0.095,-0.7,0.1,-0.6,0.2,16.5,0.217,0.123,0.009,0.0,0.541,0.696,0.308,0.0,,0.348,0.8,1.0,0.057,5,0.362,0,0
387,Juancho Hernangómez,26,BOS,PF,18,0,96,1.9,10.1,0.185,1.1,6.8,0.167,0.7,3.4,0.222,0.241,2.3,3.4,0.667,3.4,6.0,9.4,1.1,1.5,0.7,2.3,2.6,7.1,,hernaju01,3.8,0.307,0.667,0.333,10.4,17.6,14.1,4.0,2.1,1.9,16.2,17.0,-0.3,0.2,-0.1,-0.05,-6.9,-1.4,-8.3,-0.2,18.6,0.148,0.148,0.037,0.0,0.222,0.5,0.0,0.0,,0.167,1.0,1.0,0.0,0,0.167,0,0
387,Juancho Hernangómez,26,SAS,PF,5,0,51,1.4,4.2,0.333,0.0,2.1,0.0,1.4,2.1,0.667,0.333,2.1,2.8,0.75,2.8,7.8,10.6,2.1,0.7,0.7,1.4,0.0,4.9,,hernaju01,9.0,0.451,0.5,0.667,8.2,22.8,15.4,6.9,0.9,1.6,20.5,8.1,0.0,0.1,0.1,0.055,-2.4,-0.1,-2.5,0.0,13.8,0.333,0.167,0.0,0.0,0.667,1.0,0.0,,,0.0,0.0,,0.0,0,0.333,0,0
387,Juancho Hernangómez,26,UTA,PF,17,9,298,4.5,8.8,0.507,2.5,5.8,0.438,1.9,3.0,0.64,0.651,1.2,2.5,0.476,1.8,5.4,7.2,1.7,1.1,0.8,1.0,2.2,12.7,,hernaju01,14.5,0.638,0.658,0.288,5.7,16.0,11.0,6.5,1.5,2.1,8.9,13.2,0.6,0.4,0.9,0.149,1.5,0.7,2.2,0.3,17.0,0.233,0.11,0.0,0.0,0.64,0.706,0.5,,,0.438,0.875,1.0,0.082,5,0.438,0,0
388,Trey Burke,29,DAL,PG,42,0,441,6.9,17.6,0.391,2.1,6.7,0.317,4.7,10.9,0.436,0.451,1.6,1.9,0.87,0.3,2.4,2.7,4.7,1.0,0.0,2.1,3.2,17.5,,burketr01,10.0,0.475,0.381,0.107,1.0,7.3,4.2,20.7,1.4,0.0,10.4,25.6,-0.4,0.4,0.0,0.003,-3.6,-1.4,-5.0,-0.3,17.0,0.098,0.163,0.126,0.233,0.436,0.714,0.429,0.444,0.32,0.317,0.259,0.846,0.0,0,0.146,0,0
389,Thomas Bryant,24,WAS,C,27,9,439,6.3,12.1,0.52,1.0,3.4,0.286,5.3,8.7,0.613,0.561,2.9,3.3,0.875,2.1,6.7,8.9,1.9,0.5,1.7,1.6,3.5,16.5,,bryanth01,16.6,0.607,0.284,0.27,6.7,20.4,13.6,7.9,0.7,4.1,10.3,18.7,0.7,0.4,1.1,0.118,-0.4,-0.7,-1.0,0.1,11.5,0.385,0.169,0.034,0.128,0.613,0.754,0.48,0.2,0.474,0.286,0.738,1.0,0.223,30,0.167,0,0
390,Elijah Hughes,23,2TM,SG,36,4,434,3.9,11.9,0.326,2.1,7.9,0.263,1.8,4.1,0.449,0.413,0.6,0.7,0.778,0.5,4.3,4.8,1.8,1.2,0.7,1.4,3.2,10.5,,hugheel01,5.4,0.426,0.66,0.063,1.5,13.4,7.3,7.2,1.6,1.8,10.3,16.5,-0.6,0.3,-0.4,-0.043,-5.2,-1.7,-6.9,-0.5,20.4,0.09,0.09,0.125,0.035,0.449,0.692,0.615,0.278,0.0,0.263,0.5,0.84,0.021,2,0.274,2,0
390,Elijah Hughes,23,UTA,SF,14,1,112,4.8,11.6,0.417,3.2,9.0,0.357,1.6,2.6,0.625,0.556,1.0,1.0,1.0,0.6,4.8,5.5,1.9,1.3,0.3,2.3,2.3,13.8,,hugheel01,10.5,0.576,0.778,0.083,2.0,14.2,8.3,7.6,1.8,0.8,15.8,17.2,0.0,0.1,0.1,0.063,-1.2,-0.3,-1.5,0.0,21.1,0.111,0.056,0.028,0.028,0.625,0.75,1.0,0.0,0.0,0.357,0.8,0.9,0.028,1,0.393,0,0
390,Elijah Hughes,23,POR,SG,22,3,322,3.6,12.1,0.296,1.7,7.5,0.224,1.9,4.6,0.415,0.366,0.4,0.7,0.667,0.4,4.1,4.6,1.8,1.1,0.8,1.1,3.6,9.3,,hugheel01,3.7,0.375,0.62,0.056,1.3,13.1,7.0,7.1,1.5,2.1,8.3,16.2,-0.7,0.1,-0.5,-0.079,-6.6,-2.3,-8.8,-0.6,19.8,0.083,0.102,0.157,0.037,0.415,0.667,0.545,0.294,0.0,0.224,0.412,0.8,0.019,1,0.224,2,0
391,Joe Harris,30,BRK,SF,14,14,423,4.8,10.6,0.452,3.5,7.5,0.466,1.3,3.1,0.417,0.617,0.4,0.5,0.833,0.4,4.3,4.8,1.2,0.6,0.2,1.4,2.6,13.4,,harrijo01,9.6,0.624,0.71,0.048,1.3,12.8,7.2,4.5,0.8,0.4,11.2,14.5,0.3,0.2,0.5,0.06,-0.9,-0.5,-1.4,0.1,17.1,0.097,0.105,0.04,0.016,0.417,0.5,0.385,0.6,0.5,0.466,0.867,0.878,0.0,0,0.261,0,0
392,Patrick Williams,20,CHI,PF,17,9,422,4.6,8.7,0.529,1.3,2.5,0.517,3.3,6.2,0.534,0.603,2.6,3.5,0.732,1.5,4.4,5.9,1.3,0.8,0.8,1.4,2.4,13.1,,willipa01,12.7,0.637,0.284,0.402,4.6,13.8,9.2,4.8,1.0,1.8,11.8,14.2,0.6,0.3,0.9,0.099,-0.9,-0.7,-1.5,0.0,13.2,0.275,0.147,0.108,0.186,0.534,0.714,0.4,0.545,0.368,0.517,0.667,0.933,0.069,7,0.414,0,0
393,Olivier Sarr,22,OKC,C,22,2,421,5.0,8.6,0.574,1.1,2.5,0.448,3.8,6.2,0.625,0.639,2.1,2.5,0.828,2.9,5.0,8.0,1.6,0.5,1.3,1.9,4.4,13.1,,sarrol01,14.0,0.672,0.287,0.287,8.2,14.6,11.4,6.9,0.7,3.3,16.2,13.9,0.7,0.3,1.0,0.117,-2.7,-1.3,-4.0,-0.2,10.8,0.238,0.396,0.069,0.01,0.625,0.667,0.575,0.857,0.0,0.448,0.778,1.0,0.267,19,0.241,0,0
394,Enes Freedom,29,BOS,C,35,1,411,4.5,8.5,0.526,0.2,0.4,0.4,4.3,8.1,0.533,0.536,2.1,2.5,0.857,5.3,8.7,14.0,0.7,0.4,1.2,1.8,3.7,11.2,,kanteen01,15.0,0.585,0.052,0.289,16.5,25.4,21.0,2.7,0.6,3.1,15.5,13.9,0.6,0.7,1.4,0.16,-1.2,-0.2,-1.4,0.1,4.4,0.557,0.33,0.041,0.021,0.533,0.537,0.5,0.5,1.0,0.4,0.388,1.0,0.031,2,0.2,0,0
395,Sandro Mamukelashvili,22,MIL,PF,41,3,407,5.0,10.2,0.496,1.9,4.6,0.423,3.1,5.6,0.556,0.591,1.6,1.9,0.818,3.1,4.2,7.3,1.9,0.8,0.8,1.3,2.5,13.6,,mamuksa01,14.7,0.618,0.452,0.191,9.3,12.0,10.7,7.4,1.1,2.1,10.7,14.6,0.8,0.3,1.1,0.135,0.6,-1.0,-0.3,0.2,13.3,0.409,0.104,0.026,0.009,0.556,0.638,0.25,0.667,0.0,0.423,0.629,1.0,0.087,8,0.25,0,0
396,Semi Ojeleye,27,2TM,PF,30,0,406,2.7,8.8,0.303,1.3,4.4,0.3,1.3,4.3,0.306,0.379,2.0,2.6,0.793,2.4,4.2,6.6,0.8,0.6,0.5,0.8,2.7,8.7,,ojelese01,6.7,0.438,0.505,0.293,7.2,12.0,9.7,2.9,0.8,1.4,7.5,12.8,-0.1,0.3,0.2,0.029,-4.1,-1.6,-5.7,-0.4,14.7,0.091,0.263,0.141,0.0,0.306,0.667,0.269,0.143,,0.3,0.733,0.8,0.061,5,0.28,1,0
396,Semi Ojeleye,27,MIL,PF,20,0,308,2.1,8.2,0.257,1.3,4.8,0.268,0.8,3.4,0.241,0.336,1.2,1.5,0.769,2.9,3.9,6.8,0.6,0.6,0.6,0.6,3.0,6.7,,ojelese01,5.0,0.376,0.586,0.186,8.8,11.1,10.0,2.0,0.8,1.6,6.2,11.2,-0.1,0.2,0.1,0.011,-4.9,-1.7,-6.6,-0.4,16.2,0.086,0.229,0.1,0.0,0.241,0.667,0.188,0.0,,0.268,0.857,0.818,0.057,3,0.341,1,0
396,Semi Ojeleye,27,LAC,PF,10,0,98,4.4,10.7,0.414,1.5,3.3,0.444,2.9,7.3,0.4,0.483,4.8,5.9,0.813,0.7,5.1,5.9,1.5,0.7,0.4,1.5,1.5,15.1,,ojelese01,12.0,0.569,0.31,0.552,2.2,14.7,8.6,5.8,1.0,0.9,10.0,18.0,0.1,0.1,0.2,0.086,-1.7,-1.4,-3.1,0.0,13.2,0.103,0.345,0.241,0.0,0.4,0.667,0.4,0.286,,0.444,0.625,0.75,0.069,2,0.0,0,0
397,Day'Ron Sharpe,20,BRK,PF,32,8,391,7.9,13.7,0.577,0.2,0.6,0.286,7.7,13.1,0.592,0.584,2.2,3.8,0.585,7.5,7.3,14.7,1.6,0.9,1.4,2.8,5.5,18.2,,sharpda01,20.7,0.593,0.047,0.275,23.2,21.4,22.3,6.7,1.2,3.4,15.2,21.7,0.8,0.5,1.2,0.152,-0.3,-2.5,-2.8,-0.1,3.2,0.772,0.161,0.02,0.0,0.592,0.652,0.333,0.333,,0.286,0.595,1.0,0.195,22,0.143,0,0
398,Luka Garza,23,DET,C,32,5,389,6.1,13.6,0.449,1.5,4.5,0.327,4.6,9.1,0.51,0.503,3.5,5.6,0.623,5.4,3.9,9.3,1.9,0.8,0.6,1.7,5.1,17.2,,garzalu01,15.6,0.535,0.333,0.415,15.3,12.3,13.9,8.3,1.1,1.4,9.4,21.1,0.5,0.2,0.8,0.093,-0.5,-2.0,-2.5,-0.1,12.7,0.293,0.218,0.068,0.088,0.51,0.674,0.5,0.2,0.231,0.327,0.52,1.0,0.027,4,0.061,0,0
399,Isaiah Livers,23,DET,SF,19,5,383,3.9,8.5,0.456,2.5,6.0,0.422,1.3,2.4,0.538,0.606,1.1,1.3,0.857,1.4,3.9,5.4,2.0,1.2,0.7,1.4,3.5,11.4,,liveris01,11.1,0.629,0.711,0.156,4.0,12.5,8.0,8.0,1.7,1.6,13.5,12.4,0.4,0.3,0.7,0.085,-1.3,-0.2,-1.5,0.0,20.1,0.111,0.078,0.033,0.067,0.538,0.8,0.429,0.667,0.167,0.422,0.643,0.963,0.011,1,0.406,0,0
400,Gary Clark,27,NOP,PF,38,1,378,3.1,8.4,0.375,2.7,6.7,0.4,0.5,1.7,0.278,0.534,0.7,1.0,0.7,2.2,6.4,8.6,1.7,1.2,0.7,1.0,1.9,9.6,,clarkga01,11.4,0.547,0.795,0.114,6.6,20.1,13.2,6.4,1.7,1.8,9.8,11.6,0.3,0.4,0.7,0.092,0.1,0.0,0.1,0.2,20.1,0.091,0.102,0.011,0.0,0.278,0.125,0.444,0.0,,0.4,0.8,0.964,0.011,0,0.571,0,0
401,Paul Millsap,36,2TM,C,33,1,376,4.3,11.0,0.391,0.8,3.4,0.229,3.5,7.7,0.463,0.426,1.6,2.3,0.708,3.9,7.0,10.9,2.8,1.0,1.2,1.8,6.4,11.0,,millspa01,10.8,0.458,0.304,0.209,12.3,20.7,16.6,10.4,1.3,3.1,13.1,16.7,0.0,0.5,0.5,0.061,-3.7,0.2,-3.5,-0.1,10.2,0.348,0.235,0.087,0.009,0.463,0.525,0.444,0.3,0.0,0.229,0.459,0.875,0.052,3,0.314,0,0
401,Paul Millsap,36,BRK,C,24,0,270,4.3,11.3,0.376,0.8,3.6,0.222,3.5,7.7,0.448,0.412,1.6,2.3,0.706,3.9,8.0,11.9,3.2,0.7,1.5,1.5,6.4,10.9,,millspa01,11.2,0.443,0.318,0.2,12.0,23.6,17.9,11.8,0.9,3.6,10.6,16.5,0.1,0.3,0.4,0.069,-3.6,0.5,-3.1,-0.1,10.2,0.365,0.2,0.082,0.012,0.448,0.516,0.412,0.286,0.0,0.222,0.423,0.833,0.047,3,0.296,0,0
401,Paul Millsap,36,PHI,C,9,1,106,4.4,10.2,0.433,0.7,2.7,0.25,3.7,7.5,0.5,0.467,1.7,2.4,0.714,4.1,4.4,8.5,1.7,1.7,0.7,2.7,6.5,11.2,,millspa01,9.7,0.499,0.267,0.233,12.9,13.5,13.2,6.8,2.4,1.7,19.5,17.4,0.0,0.1,0.1,0.041,-4.1,-0.4,-4.5,-0.1,10.2,0.3,0.333,0.1,0.0,0.5,0.556,0.5,0.333,,0.25,0.545,1.0,0.067,0,0.375,0,0
402,Miles McBride,21,NYK,PG,40,2,372,3.1,10.5,0.296,1.6,6.6,0.25,1.5,3.9,0.375,0.375,0.8,1.2,0.667,0.4,3.7,4.1,4.0,1.4,0.1,0.5,4.4,8.6,,mcbrimi01,6.1,0.393,0.63,0.111,1.1,11.2,6.1,15.9,1.9,0.3,4.2,13.9,-0.1,0.4,0.2,0.032,-5.5,1.0,-4.5,-0.2,19.1,0.139,0.093,0.019,0.12,0.375,0.6,0.2,0.0,0.308,0.25,0.267,0.765,0.009,0,0.25,0,0
403,Chris Chiozza,26,GSW,PG,34,1,372,2.3,7.8,0.296,1.6,5.1,0.321,0.7,2.7,0.25,0.401,0.2,0.3,0.667,0.9,2.6,3.5,6.3,1.3,0.0,3.1,3.1,6.5,,chiozch01,4.4,0.407,0.654,0.037,2.7,7.7,5.3,22.5,1.7,0.0,28.0,13.4,-0.5,0.5,0.0,-0.004,-5.7,-0.2,-6.0,-0.4,19.4,0.111,0.136,0.049,0.049,0.25,0.222,0.273,0.0,0.5,0.321,0.143,0.765,0.0,0,0.245,0,0
404,Gorgui Dieng,32,ATL,C,44,3,371,5.1,10.9,0.473,2.8,6.6,0.426,2.3,4.3,0.545,0.603,1.8,2.5,0.731,3.1,8.6,11.7,3.3,1.1,1.3,1.9,5.0,14.9,,dienggo01,17.3,0.624,0.607,0.232,9.5,26.1,17.8,12.7,1.5,3.1,13.9,16.9,0.8,0.4,1.2,0.155,1.4,0.8,2.1,0.4,18.7,0.134,0.071,0.089,0.098,0.545,0.733,0.375,0.6,0.364,0.426,0.833,0.931,0.018,2,0.059,0,0
405,Nick Richards,24,CHO,C,50,5,367,5.9,8.8,0.667,0.0,0.0,,5.9,8.8,0.667,0.667,2.9,4.2,0.698,3.3,5.1,8.4,1.3,0.9,2.1,2.4,5.0,14.7,,richani01,15.9,0.689,0.0,0.478,9.7,15.2,12.4,4.9,1.2,5.4,18.1,15.4,0.6,0.3,1.0,0.125,-2.6,-0.2,-2.8,-0.1,2.7,0.689,0.278,0.033,0.0,0.667,0.774,0.36,1.0,,,0.783,,0.4,30,,0,0
406,Jared Butler,21,UTA,SG,42,1,360,6.1,15.1,0.404,2.8,8.8,0.318,3.3,6.3,0.524,0.497,1.1,1.6,0.688,0.5,4.0,4.5,6.3,1.7,0.8,3.3,4.7,16.1,,butleja02,12.1,0.509,0.583,0.106,1.6,11.8,6.8,26.0,2.3,2.0,17.3,23.1,0.0,0.5,0.4,0.057,-2.3,0.7,-1.6,0.0,18.4,0.066,0.232,0.066,0.053,0.524,0.6,0.429,0.6,0.75,0.318,0.182,0.5,0.0,0,0.114,1,0
407,Santi Aldama,21,MEM,PF,32,0,360,5.3,13.2,0.402,0.6,4.8,0.125,4.7,8.4,0.56,0.424,2.0,3.2,0.625,3.3,5.4,8.7,2.1,0.6,1.0,1.6,3.6,13.2,,aldamsa01,10.2,0.452,0.364,0.242,9.4,16.1,12.6,7.7,0.8,2.5,9.9,18.4,-0.1,0.4,0.3,0.044,-4.2,-1.5,-5.7,-0.3,11.5,0.326,0.182,0.091,0.008,0.56,0.674,0.458,0.417,0.0,0.125,0.638,0.833,0.068,9,0.229,0,0
408,Markelle Fultz,23,ORL,PG,18,3,360,8.3,17.5,0.474,0.4,1.7,0.235,7.9,15.8,0.5,0.486,2.5,3.1,0.806,0.4,4.5,4.9,9.9,2.0,0.5,4.0,2.2,19.5,,fultzma01,17.7,0.517,0.097,0.177,1.2,13.2,7.2,48.9,2.7,1.3,17.5,27.5,0.0,0.4,0.4,0.053,-0.1,0.4,0.2,0.2,11.1,0.229,0.309,0.211,0.154,0.5,0.775,0.389,0.459,0.37,0.235,0.177,0.5,0.011,2,0.118,3,0
409,Ish Wainright,27,PHO,PF,45,0,359,4.1,10.4,0.394,1.9,5.9,0.322,2.2,4.5,0.489,0.486,0.7,1.2,0.583,2.7,2.7,5.4,1.5,2.0,0.6,1.3,4.9,10.8,,wainris01,9.4,0.494,0.567,0.115,8.3,7.9,8.1,5.3,2.7,1.5,10.6,14.7,0.0,0.6,0.6,0.079,-3.0,1.0,-2.0,0.0,15.8,0.231,0.163,0.019,0.019,0.489,0.708,0.294,0.0,0.0,0.322,0.636,1.0,0.038,3,0.475,0,0
410,Wenyen Gabriel,24,3TM,PF,26,5,358,5.4,11.1,0.491,0.8,2.8,0.286,4.6,8.2,0.561,0.527,2.5,4.2,0.595,3.9,5.8,9.8,1.4,0.5,1.1,1.6,6.8,14.2,,gabriwe01,12.5,0.549,0.255,0.382,11.8,17.2,14.5,5.6,0.7,2.7,11.1,17.4,0.4,0.3,0.7,0.09,-3.7,-2.1,-5.9,-0.4,9.6,0.473,0.245,0.018,0.009,0.561,0.692,0.37,0.0,0.0,0.286,0.543,1.0,0.136,13,0.571,0,0
410,Wenyen Gabriel,24,BRK,PF,1,0,1,0.0,0.0,,0.0,0.0,,0.0,0.0,,,0.0,0.0,,0.0,36.0,36.0,0.0,0.0,0.0,0.0,0.0,0.0,,gabriwe01,11.8,,,,0.0,100.0,54.5,0.0,0.0,0.0,,0.0,0.0,0.0,0.0,0.167,-1.9,0.3,-1.6,0.0,,,,,,,,,,,,,,,0,,0,0
410,Wenyen Gabriel,24,LAC,PF,6,0,46,3.9,10.2,0.385,1.6,3.9,0.4,2.3,6.3,0.375,0.462,1.6,3.1,0.5,3.9,7.0,11.0,1.6,0.8,1.6,2.3,8.6,11.0,,gabriwe01,8.3,0.474,0.385,0.308,11.9,20.1,16.1,6.0,1.1,3.7,16.9,17.0,0.0,0.1,0.0,0.041,-6.6,-0.9,-7.5,-0.1,11.2,0.385,0.231,0.0,0.0,0.375,0.4,0.333,,,0.4,0.0,1.0,0.0,0,0.2,0,0
410,Wenyen Gabriel,24,LAL,PF,19,5,311,5.7,11.2,0.505,0.7,2.7,0.261,5.0,8.6,0.581,0.536,2.7,4.4,0.605,3.9,5.6,9.5,1.4,0.5,1.0,1.5,6.6,14.7,,gabriwe01,13.1,0.558,0.237,0.392,11.8,16.5,14.2,5.5,0.6,2.6,10.3,17.5,0.4,0.2,0.6,0.096,-3.3,-2.3,-5.7,-0.3,8.1,0.485,0.247,0.021,0.01,0.581,0.723,0.375,0.0,0.0,0.261,0.581,1.0,0.155,13,0.652,0,0
411,Cody Zeller,29,POR,C,27,0,355,5.2,9.1,0.567,0.0,0.4,0.0,5.2,8.7,0.593,0.567,3.9,5.0,0.776,5.1,7.6,12.7,2.2,0.8,0.6,1.9,5.7,14.2,,zelleco01,17.2,0.627,0.044,0.544,14.9,24.1,19.3,9.4,1.1,1.7,14.6,15.9,0.9,0.2,1.1,0.143,-1.2,-1.0,-2.1,0.0,3.7,0.6,0.267,0.033,0.011,0.593,0.611,0.542,0.333,1.0,0.0,0.686,,0.2,15,0.25,0,0
412,Keljin Blevins,26,POR,SF,31,1,349,3.5,11.4,0.306,2.2,7.4,0.292,1.3,4.0,0.333,0.401,0.6,1.1,0.545,1.7,3.0,4.6,2.0,1.3,0.1,1.8,3.0,9.8,,blevike01,4.8,0.41,0.649,0.099,4.9,9.5,7.1,7.7,1.8,0.3,12.8,16.5,-0.6,0.1,-0.5,-0.066,-5.6,-2.9,-8.5,-0.6,18.4,0.207,0.063,0.027,0.054,0.333,0.391,0.286,0.0,0.333,0.292,0.615,0.857,0.018,1,0.319,0,0
413,Marquese Chriss,24,DAL,PF,34,0,346,6.5,13.9,0.463,0.8,2.6,0.32,5.6,11.3,0.495,0.493,2.3,3.4,0.667,3.4,7.3,10.7,1.8,1.4,1.2,1.8,6.7,16.0,,chrisma01,14.8,0.518,0.187,0.246,10.6,22.5,16.5,7.7,1.9,3.1,10.3,21.5,0.2,0.6,0.8,0.108,-3.8,0.0,-3.8,-0.2,7.8,0.53,0.254,0.015,0.015,0.495,0.592,0.265,1.0,0.5,0.32,0.833,1.0,0.269,27,0.2,1,0
414,Moses Brown,22,2TM,C,40,6,345,6.7,11.3,0.593,0.0,0.0,,6.7,11.3,0.593,0.593,4.5,7.5,0.597,4.1,10.0,14.1,0.1,0.7,1.7,2.1,5.5,17.8,,brownmo01,18.5,0.612,0.0,0.667,12.7,30.5,21.7,0.4,1.0,4.2,12.5,20.7,0.5,0.7,1.2,0.16,-2.4,-0.9,-3.3,-0.1,2.5,0.75,0.231,0.009,0.009,0.593,0.642,0.48,0.0,0.0,,0.813,,0.454,40,,0,0
414,Moses Brown,22,DAL,C,26,1,169,5.8,10.7,0.54,0.0,0.0,,5.8,10.7,0.54,0.54,5.8,9.2,0.628,3.4,9.6,13.0,0.2,0.6,1.9,3.0,6.0,17.3,,brownmo01,15.5,0.588,0.0,0.86,10.5,29.6,20.1,0.9,0.9,4.8,16.9,22.1,0.1,0.3,0.4,0.111,-4.7,-0.2,-4.8,-0.1,2.3,0.78,0.2,0.02,0.0,0.54,0.59,0.4,0.0,,,0.852,,0.54,19,,0,0
414,Moses Brown,22,CLE,C,14,5,176,7.6,11.9,0.638,0.0,0.0,,7.6,11.9,0.638,0.638,3.3,5.9,0.552,4.7,10.4,15.1,0.0,0.8,1.4,1.2,5.1,18.4,,brownmo01,21.4,0.636,0.0,0.5,14.8,31.4,23.2,0.0,1.1,3.5,7.8,19.3,0.4,0.3,0.8,0.207,-0.2,-1.7,-1.9,0.0,2.6,0.724,0.259,0.0,0.017,0.638,0.69,0.533,,0.0,,0.784,,0.379,21,,0,0
415,Kira Lewis Jr.,20,NOP,PG,24,0,341,6.2,15.4,0.404,1.4,6.1,0.224,4.9,9.3,0.523,0.449,1.1,1.3,0.833,1.0,3.2,4.1,5.2,1.2,0.1,2.7,1.8,14.9,,lewiski01,9.8,0.466,0.397,0.082,2.9,10.0,6.3,21.7,1.6,0.3,14.7,22.3,-0.3,0.2,-0.1,-0.017,-2.8,-1.2,-4.0,-0.2,14.5,0.247,0.171,0.103,0.062,0.523,0.694,0.4,0.333,0.333,0.224,0.435,0.846,0.027,3,0.224,3,0
416,David Duke Jr.,22,BRK,PG,22,7,341,4.1,11.4,0.361,1.0,3.9,0.243,3.2,7.5,0.423,0.403,1.8,2.2,0.81,3.2,3.9,7.1,1.8,1.5,0.7,1.0,3.8,11.0,,dukeda01,10.0,0.444,0.343,0.194,9.8,11.5,10.7,6.6,2.0,1.8,7.1,15.9,0.0,0.3,0.3,0.048,-3.0,-0.9,-3.9,-0.2,10.6,0.463,0.13,0.028,0.037,0.423,0.5,0.214,0.0,0.5,0.243,0.567,1.0,0.093,10,0.541,0,0
417,PJ Dozier,25,DEN,SG,18,0,340,3.8,10.5,0.364,1.6,5.1,0.313,2.2,5.4,0.412,0.439,1.1,1.4,0.769,1.5,5.2,6.7,3.1,1.2,0.6,1.4,3.5,10.3,,doziepj01,8.7,0.463,0.485,0.131,4.8,15.6,10.3,11.3,1.6,1.6,11.0,15.2,-0.1,0.4,0.3,0.038,-3.0,1.0,-2.0,0.0,17.2,0.141,0.141,0.081,0.152,0.412,0.714,0.143,0.5,0.333,0.313,0.333,0.867,0.051,4,0.271,0,0
418,Jarrett Culver,22,MEM,SG,37,0,338,5.4,14.4,0.378,1.3,5.0,0.255,4.2,9.4,0.443,0.422,1.7,3.6,0.471,1.4,3.7,5.1,3.5,2.1,0.5,2.1,4.5,13.8,,culveja01,8.7,0.433,0.348,0.252,3.9,11.1,7.4,13.0,2.8,1.3,11.8,20.6,-0.4,0.5,0.1,0.012,-5.7,0.3,-5.4,-0.3,13.1,0.259,0.193,0.081,0.119,0.443,0.543,0.346,0.364,0.438,0.255,0.41,0.833,0.044,4,0.17,0,0
419,Kris Dunn,27,POR,PG,14,3,336,4.7,10.9,0.431,0.1,1.2,0.091,4.6,9.7,0.473,0.436,1.8,1.9,0.944,1.0,4.3,5.2,8.5,2.5,0.3,3.4,4.1,11.4,,dunnkr01,12.5,0.482,0.108,0.176,2.8,13.6,8.0,35.1,3.3,0.9,22.5,18.3,-0.1,0.3,0.2,0.024,-4.6,-0.8,-5.4,-0.3,9.1,0.275,0.412,0.108,0.098,0.473,0.607,0.405,0.455,0.4,0.091,0.14,1.0,0.049,4,0.0,0,0
420,Isaiah Thomas,32,3TM,PG,22,1,333,7.2,18.1,0.401,3.0,9.0,0.337,4.2,9.1,0.464,0.485,2.4,2.8,0.846,0.4,2.7,3.1,3.7,0.8,0.5,1.6,3.7,19.9,,thomais02,12.0,0.516,0.497,0.156,1.3,8.1,4.6,15.7,1.0,1.4,7.8,24.8,0.0,0.1,0.2,0.026,-1.9,-2.6,-4.5,-0.2,17.5,0.126,0.18,0.132,0.066,0.464,0.571,0.233,0.636,0.545,0.337,0.487,0.786,0.0,0,0.241,0,0
420,Isaiah Thomas,32,LAL,PG,4,1,101,4.3,13.9,0.308,1.8,7.8,0.227,2.5,6.1,0.412,0.372,2.9,3.9,0.727,0.4,2.5,2.9,2.1,0.0,0.7,1.8,4.3,13.2,,thomais02,3.2,0.422,0.564,0.282,1.1,7.4,4.3,8.1,0.0,1.8,10.2,20.8,-0.2,0.0,-0.2,-0.084,-6.0,-2.5,-8.5,-0.2,18.7,0.103,0.077,0.205,0.051,0.412,0.5,0.0,0.625,0.0,0.227,0.571,0.8,0.0,0,0.182,0,0
420,Isaiah Thomas,32,DAL,PG,1,0,13,8.3,22.2,0.375,0.0,8.3,0.0,8.3,13.8,0.6,0.375,0.0,0.0,,0.0,0.0,0.0,11.1,0.0,0.0,0.0,0.0,16.6,,thomais02,12.6,0.375,0.375,0.0,0.0,0.0,0.0,52.6,0.0,0.0,0.0,27.7,0.0,0.0,0.0,0.006,-0.6,-3.7,-4.2,0.0,17.6,0.125,0.0,0.25,0.25,0.6,1.0,,0.5,0.5,0.0,0.0,,0.0,0,0.0,0,0
420,Isaiah Thomas,32,CHO,PG,17,0,219,8.5,19.7,0.433,3.8,9.5,0.397,4.8,10.2,0.468,0.529,2.3,2.5,0.933,0.5,3.0,3.5,3.9,1.2,0.5,1.6,3.6,23.2,,thomais02,16.0,0.557,0.483,0.125,1.4,8.8,5.1,17.0,1.5,1.3,7.3,26.5,0.2,0.1,0.4,0.078,-0.1,-2.6,-2.7,0.0,16.2,0.133,0.225,0.1,0.058,0.468,0.563,0.259,0.667,0.714,0.397,0.517,0.783,0.0,0,0.276,0,0
421,Brad Wanamaker,32,2TM,PG,23,2,320,3.2,8.7,0.364,0.5,1.9,0.235,2.7,6.8,0.4,0.39,2.6,2.8,0.92,0.7,3.7,4.4,6.2,0.8,0.7,2.6,5.1,9.3,,wanambr01,7.5,0.472,0.221,0.325,2.1,11.6,6.8,22.4,1.1,1.6,20.7,14.9,-0.1,0.1,0.0,0.004,-5.3,-0.5,-5.8,-0.3,13.3,0.208,0.195,0.169,0.169,0.4,0.438,0.467,0.462,0.231,0.235,0.458,0.75,0.0,0,0.118,1,0
421,Brad Wanamaker,32,IND,PG,22,1,293,3.2,8.8,0.361,0.5,2.1,0.235,2.7,6.8,0.4,0.389,2.5,2.7,0.909,0.7,3.6,4.3,5.9,0.6,0.7,2.8,5.2,9.3,,wanambr01,6.5,0.465,0.236,0.306,2.2,11.2,6.7,21.4,0.8,1.8,22.0,15.3,-0.2,0.1,-0.1,-0.016,-5.6,-1.0,-6.6,-0.3,12.0,0.222,0.208,0.139,0.153,0.4,0.438,0.467,0.4,0.273,0.235,0.409,0.75,0.0,0,0.118,1,0
421,Brad Wanamaker,32,WAS,PG,1,1,27,2.7,6.7,0.4,0.0,0.0,,2.7,6.7,0.4,0.4,4.0,4.0,1.0,0.0,5.3,5.3,9.3,2.7,0.0,0.0,4.0,9.3,,wanambr01,18.1,0.554,0.0,0.6,0.0,16.2,8.2,33.9,3.7,0.0,0.0,10.4,0.1,0.0,0.1,0.216,-1.8,4.7,2.9,0.0,14.7,0.0,0.0,0.6,0.4,0.4,,,0.667,0.0,,1.0,,0.0,0,,0,0
422,Collin Sexton,23,CLE,SG,11,11,316,7.7,17.2,0.45,1.3,5.1,0.244,6.5,12.1,0.538,0.487,3.3,4.4,0.744,1.5,2.6,4.1,2.6,1.1,0.0,3.5,2.8,20.1,,sextoco01,11.2,0.523,0.298,0.258,4.6,7.9,6.3,11.9,1.6,0.0,15.6,27.9,-0.4,0.3,-0.1,-0.009,-3.5,-0.7,-4.1,-0.2,10.6,0.238,0.232,0.066,0.06,0.538,0.694,0.371,0.4,0.333,0.244,0.316,0.818,0.007,1,0.156,0,0
423,Justin Anderson,28,2TM,SF,16,6,316,4.1,10.8,0.379,1.7,6.7,0.254,2.4,4.1,0.583,0.458,1.7,2.2,0.789,0.5,4.8,5.2,3.8,0.9,0.7,0.9,2.5,11.6,,anderju01,10.4,0.493,0.621,0.2,1.4,15.0,8.1,14.2,1.2,1.7,7.2,15.1,0.2,0.2,0.4,0.054,-1.9,-1.3,-3.2,-0.1,20.3,0.147,0.095,0.042,0.095,0.583,0.714,0.444,0.25,0.667,0.254,0.667,0.933,0.032,1,0.339,0,0
423,Justin Anderson,28,CLE,SF,3,0,47,3.1,6.1,0.5,1.5,4.6,0.333,1.5,1.5,1.0,0.625,2.3,3.1,0.75,0.0,4.6,4.6,4.6,0.8,0.0,1.5,3.1,10.0,,anderju01,10.7,0.666,0.75,0.5,0.0,13.8,7.1,17.3,1.1,0.0,17.0,11.1,0.1,0.0,0.1,0.124,-3.0,0.4,-2.6,0.0,22.0,0.125,0.0,0.0,0.125,1.0,1.0,,,1.0,0.333,1.0,1.0,0.0,0,0.333,0,0
423,Justin Anderson,28,IND,SF,13,6,269,4.3,11.6,0.368,1.7,7.1,0.245,2.5,4.6,0.559,0.443,1.6,2.0,0.8,0.5,4.8,5.4,3.6,0.9,0.8,0.8,2.4,11.9,,anderju01,10.3,0.475,0.609,0.172,1.6,15.2,8.3,13.6,1.3,1.9,6.0,15.8,0.1,0.1,0.2,0.041,-1.7,-1.6,-3.3,-0.1,18.6,0.149,0.103,0.046,0.092,0.559,0.692,0.444,0.25,0.625,0.245,0.632,0.923,0.034,1,0.34,0,0
424,James Bouknight,21,CHO,SG,31,0,304,5.8,16.7,0.348,2.0,5.8,0.347,3.8,10.9,0.348,0.408,3.2,3.7,0.871,2.6,3.6,6.2,3.1,0.8,0.1,1.8,3.4,16.8,,bouknja01,10.1,0.459,0.348,0.22,7.6,10.6,9.1,11.9,1.1,0.3,8.8,23.7,-0.1,0.1,0.0,0.001,-3.4,-3.7,-7.1,-0.4,12.0,0.333,0.241,0.043,0.035,0.348,0.553,0.147,0.0,0.2,0.347,0.438,0.765,0.028,4,0.224,0,0
425,Justin Robinson,24,3TM,PG,25,0,304,3.3,11.0,0.301,2.1,7.2,0.295,1.2,3.8,0.313,0.398,0.5,0.9,0.5,0.5,2.0,2.5,3.8,1.1,0.1,2.0,3.2,9.2,,robinju01,3.6,0.404,0.656,0.086,1.4,6.0,3.7,14.0,1.4,0.3,15.0,16.0,-0.5,0.2,-0.3,-0.055,-6.4,-1.3,-7.6,-0.4,20.1,0.065,0.075,0.118,0.086,0.313,0.833,0.143,0.182,0.25,0.295,0.2,0.778,0.0,0,0.262,2,0
425,Justin Robinson,24,MIL,PG,17,0,198,3.3,10.4,0.316,1.8,6.7,0.27,1.5,3.6,0.4,0.404,0.4,0.4,1.0,0.4,2.0,2.4,3.8,1.5,0.0,2.0,3.1,8.7,,robinju01,4.3,0.415,0.649,0.035,1.1,5.8,3.5,13.7,1.9,0.0,16.0,14.8,-0.3,0.1,-0.1,-0.03,-6.3,-0.3,-6.6,-0.2,20.5,0.088,0.07,0.14,0.053,0.4,1.0,0.25,0.25,0.0,0.27,0.25,0.7,0.0,0,0.216,1,0
425,Justin Robinson,24,SAC,PG,3,0,15,2.4,19.2,0.125,0.0,7.2,0.0,2.4,12.0,0.2,0.125,0.0,0.0,,0.0,2.4,2.4,4.8,0.0,0.0,2.4,4.8,4.8,,robinju01,-13.5,0.125,0.375,0.0,0.0,7.3,3.6,17.3,0.0,0.0,11.1,25.8,-0.1,0.0,-0.1,-0.459,-18.5,-7.7,-26.2,-0.1,16.2,0.0,0.25,0.25,0.125,0.2,,0.0,0.0,1.0,0.0,0.0,,0.0,0,0.333,0,0
425,Justin Robinson,24,DET,PG,5,0,91,3.6,11.1,0.321,3.2,8.3,0.381,0.4,2.8,0.143,0.464,0.8,2.4,0.333,0.8,2.0,2.8,3.6,0.4,0.4,2.0,3.2,11.1,,robinju01,4.9,0.457,0.75,0.214,2.3,6.3,4.2,14.3,0.5,1.0,14.0,16.8,-0.1,0.0,-0.1,-0.041,-4.7,-2.3,-6.9,-0.1,23.7,0.036,0.036,0.036,0.143,0.143,0.0,0.0,0.0,0.25,0.381,0.0,0.875,0.0,0,0.333,1,0
426,Paul Reed,22,PHI,C,38,2,302,6.4,11.4,0.563,0.2,1.0,0.25,6.2,10.5,0.591,0.573,0.7,1.7,0.429,5.2,5.7,11.0,1.9,3.9,1.7,1.2,6.8,13.8,,reedpa01,21.4,0.568,0.083,0.146,16.6,17.4,17.0,8.3,5.5,4.2,8.9,16.7,0.6,0.7,1.3,0.212,-0.8,2.9,2.1,0.3,5.4,0.625,0.219,0.042,0.031,0.591,0.767,0.19,0.25,0.333,0.25,0.577,1.0,0.24,22,0.5,1,0
427,Markieff Morris,32,MIA,PF,17,1,298,6.5,13.8,0.474,1.6,4.7,0.333,5.0,9.1,0.547,0.531,1.0,1.1,0.889,2.1,3.4,5.4,2.8,0.7,0.1,2.4,4.0,15.6,,morrima02,10.9,0.547,0.342,0.079,6.6,10.5,8.6,12.1,1.0,0.4,14.5,20.6,0.0,0.3,0.3,0.054,-1.5,-0.4,-1.9,0.0,14.4,0.14,0.175,0.211,0.114,0.547,0.75,0.45,0.5,0.538,0.333,0.488,1.0,0.044,4,0.487,0,0
428,Brook Lopez,33,MIL,C,13,11,298,7.4,15.8,0.466,2.3,6.4,0.358,5.1,9.4,0.538,0.538,2.4,2.8,0.87,2.3,4.1,6.4,0.7,1.0,1.8,1.4,4.1,19.4,,lopezbr01,16.0,0.57,0.405,0.176,6.9,11.9,9.4,3.0,1.3,4.8,7.8,21.9,0.3,0.3,0.7,0.108,-0.7,-0.7,-1.3,0.1,13.2,0.298,0.198,0.084,0.015,0.538,0.821,0.346,0.091,0.0,0.358,0.714,0.947,0.122,15,0.34,0,0
429,Justin Champagnie,20,TOR,SF,36,0,281,4.0,8.6,0.463,1.3,3.6,0.357,2.7,5.0,0.538,0.537,1.2,1.2,1.0,4.7,4.5,9.2,1.4,1.0,0.5,1.0,4.1,10.4,,champju01,13.6,0.571,0.418,0.134,13.5,14.3,13.9,5.4,1.4,1.4,10.1,12.0,0.5,0.3,0.8,0.138,-1.3,-0.7,-2.0,0.0,11.7,0.358,0.209,0.015,0.0,0.538,0.625,0.429,0.0,,0.357,0.571,1.0,0.06,3,0.536,0,0
430,Nathan Knight,24,MIN,PF,37,2,267,6.1,11.9,0.511,0.5,1.8,0.308,5.5,10.1,0.547,0.534,5.9,8.1,0.733,4.3,7.1,11.5,3.0,0.9,1.1,2.4,5.7,18.6,,knighna01,18.7,0.603,0.148,0.682,12.5,21.8,17.1,11.9,1.2,2.9,13.6,20.7,0.6,0.3,1.0,0.171,-0.7,0.1,-0.6,0.1,5.7,0.591,0.25,0.011,0.0,0.547,0.673,0.273,0.0,,0.308,0.707,1.0,0.182,13,0.308,0,0
431,Michael Porter Jr.,23,DEN,SF,9,9,265,5.0,14.0,0.359,1.4,6.5,0.208,3.7,7.5,0.491,0.408,0.7,1.2,0.556,1.2,6.8,8.0,2.3,1.4,0.3,1.6,2.2,12.1,,portemi01,7.5,0.416,0.466,0.087,3.9,20.4,12.4,8.9,1.9,0.7,10.1,19.7,-0.5,0.3,-0.2,-0.032,-3.9,0.5,-3.5,-0.1,17.2,0.165,0.097,0.107,0.165,0.491,0.706,0.3,0.273,0.529,0.208,0.704,0.9,0.019,2,0.104,1,0
432,JT Thor,19,CHO,PF,33,0,262,3.3,7.6,0.436,1.0,3.7,0.259,2.3,3.8,0.607,0.5,1.6,2.7,0.6,1.5,4.4,5.9,2.6,1.1,1.5,1.4,3.6,9.2,,thorjt01,9.7,0.525,0.491,0.364,4.4,13.1,8.7,9.2,1.5,4.0,13.6,12.0,0.1,0.2,0.3,0.058,-3.1,0.1,-3.0,-0.1,15.8,0.255,0.127,0.073,0.055,0.607,0.786,0.429,0.25,0.667,0.259,0.706,1.0,0.145,7,0.111,0,0
433,Daishen Nix,19,HOU,SG,24,0,261,3.7,9.2,0.403,1.0,3.6,0.269,2.8,5.7,0.488,0.455,2.2,4.1,0.533,1.0,3.6,4.6,5.5,2.1,0.0,3.6,2.9,10.6,,nixda01,8.1,0.48,0.388,0.448,2.9,11.0,6.9,21.5,2.7,0.0,24.5,17.3,-0.3,0.1,-0.2,-0.033,-5.4,-1.0,-6.4,-0.3,12.7,0.358,0.239,0.0,0.015,0.488,0.667,0.25,,0.0,0.269,0.4,0.714,0.045,3,0.154,1,0
434,KZ Okpala,22,MIA,PF,21,0,244,4.4,10.2,0.435,1.3,3.8,0.346,3.1,6.3,0.488,0.5,1.2,1.6,0.727,1.6,4.4,6.0,2.1,0.6,1.0,0.7,3.7,11.4,,okpalkz01,10.4,0.521,0.377,0.159,5.2,13.7,9.5,8.3,0.8,3.0,6.3,14.4,0.2,0.3,0.5,0.097,-3.2,0.4,-2.8,-0.1,12.0,0.319,0.232,0.058,0.014,0.488,0.545,0.5,0.25,0.0,0.346,0.762,1.0,0.101,7,0.615,0,0
435,Leandro Bolmaro,21,MIN,SF,35,2,241,2.5,8.1,0.315,0.7,2.7,0.278,1.8,5.4,0.333,0.361,1.6,1.9,0.846,2.4,4.0,6.4,3.1,0.9,0.0,1.9,3.9,7.5,,bolmale01,5.4,0.419,0.333,0.241,6.9,12.3,9.6,11.0,1.2,0.0,17.9,12.6,-0.1,0.2,0.0,0.004,-5.1,-0.7,-5.8,-0.2,13.7,0.352,0.111,0.074,0.13,0.333,0.474,0.167,0.5,0.0,0.278,0.583,0.8,0.037,2,0.222,1,0
436,Jaylen Hoard,22,OKC,SF,7,5,240,6.6,13.5,0.489,1.4,3.7,0.36,5.2,9.8,0.538,0.539,0.9,2.1,0.429,4.5,8.1,12.6,2.5,0.9,0.7,1.2,2.1,15.4,,hoardja01,18.0,0.536,0.278,0.156,12.7,23.5,18.0,11.6,1.2,1.9,7.7,18.7,0.3,0.3,0.6,0.118,1.2,-2.1,-0.9,0.1,10.0,0.322,0.344,0.033,0.022,0.538,0.724,0.387,0.333,0.5,0.36,0.429,0.889,0.044,4,0.28,0,0
437,Usman Garuba,19,HOU,PF,24,2,239,2.9,6.6,0.432,0.8,3.0,0.25,2.1,3.6,0.583,0.489,0.8,1.1,0.714,3.2,9.3,12.5,2.6,1.5,1.7,0.9,4.2,7.2,,garubus01,12.9,0.51,0.455,0.159,9.6,28.7,19.1,9.6,2.0,4.1,11.3,9.4,0.2,0.3,0.5,0.105,-1.8,0.9,-0.9,0.1,12.6,0.5,0.023,0.023,0.0,0.583,0.636,0.0,0.0,,0.25,0.571,1.0,0.136,5,0.25,0,0
438,Mychal Mulder,27,2TM,PG,17,3,239,3.6,11.6,0.312,2.6,8.1,0.315,1.1,3.5,0.304,0.422,0.6,0.6,1.0,0.3,3.3,3.6,0.8,0.6,0.3,1.2,2.0,10.4,,muldemy01,3.7,0.438,0.701,0.052,0.9,9.8,5.3,3.0,0.8,0.8,9.2,15.8,-0.4,0.1,-0.2,-0.05,-5.9,-1.8,-7.7,-0.3,20.8,0.117,0.104,0.026,0.052,0.304,0.556,0.0,0.5,0.25,0.315,0.571,1.0,0.039,2,0.241,0,0
438,Mychal Mulder,27,ORL,PG,15,2,195,3.7,12.4,0.299,2.4,8.5,0.283,1.3,3.9,0.333,0.396,0.4,0.4,1.0,0.4,3.5,3.9,0.6,0.7,0.2,1.5,2.2,10.2,,muldemy01,2.1,0.405,0.687,0.03,1.1,10.3,5.7,2.2,1.0,0.5,10.5,16.8,-0.5,0.1,-0.4,-0.091,-6.9,-1.7,-8.6,-0.3,19.4,0.134,0.104,0.03,0.045,0.333,0.556,0.0,0.5,0.333,0.283,0.571,1.0,0.045,2,0.217,0,0
438,Mychal Mulder,27,MIA,PG,2,1,44,3.3,8.2,0.4,3.3,6.5,0.5,0.0,1.6,0.0,0.6,1.6,1.6,1.0,0.0,2.5,2.5,1.6,0.0,0.8,0.0,0.8,11.5,,muldemy01,10.7,0.643,0.8,0.2,0.0,7.6,3.9,6.3,0.0,2.4,0.0,11.0,0.1,0.0,0.1,0.132,-1.3,-2.6,-3.9,0.0,22.2,0.0,0.1,0.0,0.1,0.0,,0.0,,0.0,0.5,,1.0,0.0,0,0.375,0,0
439,Jake Layman,27,MIN,SF,34,1,231,4.7,11.4,0.411,1.2,5.5,0.229,3.4,5.9,0.579,0.466,2.0,2.8,0.722,0.9,4.7,5.6,1.4,1.1,0.8,1.6,1.9,12.6,,laymaja01,9.0,0.5,0.479,0.247,2.7,14.3,8.4,5.3,1.4,2.1,11.0,16.4,-0.1,0.2,0.1,0.024,-3.3,-0.6,-3.9,-0.1,14.4,0.301,0.123,0.055,0.041,0.579,0.773,0.222,0.25,0.667,0.229,0.682,1.0,0.096,6,0.486,0,0
440,Denzel Valentine,28,2TM,SG,24,0,222,4.1,10.7,0.379,3.1,7.6,0.404,1.0,3.1,0.316,0.523,0.0,0.0,,1.5,5.4,6.8,1.8,1.3,0.0,1.9,3.2,11.2,,valende01,8.1,0.523,0.712,0.0,4.6,16.1,10.4,7.0,1.8,0.0,15.4,15.5,-0.1,0.3,0.2,0.039,-3.1,0.4,-2.7,0.0,21.1,0.061,0.091,0.106,0.03,0.316,0.75,0.333,0.143,0.0,0.404,0.333,0.895,0.015,1,0.426,0,0
440,Denzel Valentine,28,CLE,SG,22,0,204,4.1,10.9,0.371,3.2,7.8,0.409,0.9,3.2,0.278,0.516,0.0,0.0,,1.6,5.1,6.7,1.9,1.2,0.0,1.8,3.0,11.3,,valende01,8.4,0.516,0.71,0.0,5.0,15.4,10.3,7.6,1.7,0.0,13.9,15.6,-0.1,0.2,0.2,0.045,-2.7,0.3,-2.4,0.0,20.6,0.065,0.081,0.113,0.032,0.278,0.75,0.2,0.143,0.0,0.409,0.4,0.889,0.016,1,0.432,0,0
440,Denzel Valentine,28,UTA,SG,2,0,18,4.0,8.0,0.5,2.0,6.0,0.333,2.0,2.0,1.0,0.625,0.0,0.0,,0.0,8.0,8.0,0.0,2.0,0.0,4.0,6.0,10.0,,valende01,4.2,0.625,0.75,0.0,0.0,23.5,12.2,0.0,2.7,0.0,33.3,14.5,0.0,0.0,0.0,-0.026,-8.1,1.6,-6.5,0.0,21.6,0.0,0.25,0.0,0.0,1.0,,1.0,,,0.333,0.0,1.0,0.0,0,0.333,0,0
441,Kevin Knox,22,2TM,SF,30,0,222,5.0,13.8,0.365,2.4,8.8,0.278,2.6,5.0,0.516,0.453,2.6,3.6,0.727,2.3,4.9,7.1,1.6,0.6,0.3,1.1,3.1,15.1,,knoxke01,10.9,0.491,0.635,0.259,6.8,14.8,10.7,6.5,0.9,0.8,6.9,20.0,0.1,0.2,0.2,0.047,-1.9,-2.2,-4.1,-0.1,18.6,0.153,0.106,0.059,0.047,0.516,0.769,0.556,0.0,0.25,0.278,0.75,1.0,0.082,7,0.315,1,0
441,Kevin Knox,22,NYK,SF,13,0,111,4.9,13.0,0.375,3.2,9.1,0.357,1.6,3.9,0.417,0.5,2.3,3.2,0.7,2.6,4.5,7.1,1.0,0.6,0.3,1.6,1.6,15.2,,knoxke01,11.6,0.529,0.7,0.25,7.6,13.8,10.7,4.2,0.9,0.9,10.1,19.5,0.0,0.1,0.1,0.062,0.5,-1.9,-1.4,0.0,20.0,0.125,0.075,0.075,0.025,0.417,1.0,0.0,0.0,0.0,0.357,0.6,1.0,0.05,2,0.25,1,0
441,Kevin Knox,22,ATL,SF,17,0,111,5.2,14.6,0.356,1.6,8.4,0.192,3.6,6.2,0.579,0.411,2.9,3.9,0.75,1.9,5.2,7.1,2.3,0.6,0.3,0.6,4.5,14.9,,knoxke01,10.1,0.457,0.578,0.267,5.9,15.7,10.8,8.8,0.9,0.8,3.8,20.6,0.0,0.1,0.1,0.031,-4.4,-2.5,-6.9,-0.1,17.2,0.178,0.133,0.044,0.067,0.579,0.625,0.833,0.0,0.333,0.192,0.818,1.0,0.111,5,0.385,0,0
442,Skylar Mays,24,ATL,SG,28,5,220,5.2,10.5,0.5,1.3,4.1,0.32,3.9,6.4,0.615,0.563,1.3,1.5,0.889,0.8,3.3,4.1,2.8,1.1,0.0,1.6,1.5,13.1,,mayssk01,11.7,0.589,0.391,0.141,2.5,9.9,6.2,10.8,1.6,0.0,12.8,15.5,0.2,0.1,0.3,0.061,-1.2,-0.8,-2.0,0.0,12.1,0.422,0.109,0.016,0.063,0.615,0.667,0.429,0.0,0.75,0.32,0.417,1.0,0.031,2,0.36,0,0
443,Georgios Kalaitzakis,23,2TM,SF,13,4,214,5.2,11.3,0.463,1.7,4.4,0.385,3.5,6.9,0.512,0.537,2.4,5.0,0.467,1.0,2.5,3.5,2.0,1.9,0.3,3.4,3.2,14.5,,kalaige01,8.6,0.536,0.388,0.448,3.0,7.3,5.1,8.8,2.5,0.9,20.0,20.2,-0.3,0.2,-0.1,-0.024,-5.1,-1.9,-7.0,-0.3,13.6,0.269,0.179,0.09,0.075,0.512,0.667,0.583,0.333,0.0,0.385,0.524,0.8,0.075,4,0.154,0,0
443,Georgios Kalaitzakis,23,MIL,SF,9,0,48,3.7,8.2,0.455,1.5,3.0,0.5,2.3,5.2,0.429,0.545,3.0,6.8,0.444,3.0,3.0,6.0,0.0,0.7,0.7,3.0,6.0,12.0,,kalaige01,5.8,0.535,0.364,0.818,9.0,8.7,8.8,0.0,1.0,2.0,21.1,16.9,0.0,0.0,0.0,-0.01,-5.8,-2.1,-7.9,-0.1,13.4,0.182,0.273,0.182,0.0,0.429,0.5,0.667,0.0,,0.5,0.333,1.0,0.0,0,0.0,0,0
443,Georgios Kalaitzakis,23,OKC,SF,4,4,166,5.6,12.1,0.464,1.7,4.8,0.364,3.9,7.4,0.529,0.536,2.2,4.6,0.476,0.4,2.4,2.8,2.6,2.2,0.2,3.5,2.4,15.2,,kalaige01,9.4,0.536,0.393,0.375,1.2,6.9,4.0,11.4,2.9,0.6,19.7,21.1,-0.2,0.2,-0.1,-0.028,-4.9,-1.9,-6.8,-0.2,13.9,0.286,0.161,0.071,0.089,0.529,0.688,0.556,0.5,0.0,0.364,0.556,0.75,0.089,4,0.182,0,0
444,Malcolm Hill,26,2TM,SG,19,0,212,4.1,8.8,0.462,2.2,6.1,0.361,1.9,2.7,0.688,0.587,1.9,2.4,0.786,1.9,4.1,5.9,1.4,1.2,0.5,0.5,4.1,12.2,,hillma01,12.7,0.619,0.692,0.269,5.8,12.6,9.2,5.0,1.6,1.2,4.9,12.7,0.4,0.2,0.6,0.126,-1.1,-0.5,-1.6,0.0,19.3,0.115,0.115,0.019,0.058,0.688,0.667,0.667,0.0,1.0,0.361,0.636,0.846,0.0,0,0.306,0,0
444,Malcolm Hill,26,ATL,SG,3,0,46,3.9,6.3,0.625,2.3,3.9,0.6,1.6,2.3,0.667,0.813,3.1,3.1,1.0,1.6,3.1,4.7,0.8,3.1,0.8,0.0,5.5,13.3,,hillma01,19.0,0.871,0.625,0.5,4.8,9.5,7.1,2.9,4.3,1.9,0.0,9.3,0.2,0.1,0.2,0.252,0.3,3.5,3.8,0.1,19.0,0.125,0.0,0.125,0.125,0.667,1.0,,0.0,1.0,0.6,0.5,1.0,0.0,0,0.8,0,0
444,Malcolm Hill,26,CHI,SF,16,0,166,4.1,9.5,0.432,2.2,6.7,0.323,2.0,2.8,0.692,0.545,1.5,2.2,0.7,2.0,4.3,6.3,1.5,0.7,0.4,0.7,3.7,11.9,,hillma01,11.0,0.568,0.705,0.227,6.1,13.5,9.8,5.6,0.9,1.0,5.8,13.6,0.2,0.1,0.3,0.091,-1.5,-1.6,-3.1,0.0,19.6,0.114,0.136,0.0,0.045,0.692,0.6,0.667,,1.0,0.323,0.667,0.8,0.0,0,0.226,0,0
445,Tim Frazier,31,2TM,PG,12,3,208,2.4,7.8,0.311,1.0,2.9,0.353,1.4,4.8,0.286,0.378,0.9,1.6,0.556,0.9,2.4,3.3,5.9,0.5,0.2,2.6,4.7,6.8,,fraziti01,3.3,0.398,0.378,0.2,2.5,7.1,4.8,22.5,0.7,0.4,23.5,13.3,-0.3,0.1,-0.2,-0.046,-6.8,-1.8,-8.6,-0.3,16.2,0.067,0.178,0.133,0.244,0.286,1.0,0.25,0.167,0.182,0.353,0.375,0.833,0.0,0,0.235,0,0
445,Tim Frazier,31,ORL,PG,10,3,200,2.3,7.7,0.302,1.1,3.1,0.353,1.3,4.7,0.269,0.372,0.9,1.6,0.556,0.9,2.5,3.4,5.9,0.5,0.2,2.3,4.3,6.7,,fraziti01,3.8,0.394,0.395,0.209,2.6,7.4,5.0,22.6,0.7,0.5,21.7,13.0,-0.2,0.1,-0.2,-0.037,-6.4,-1.7,-8.0,-0.3,17.5,0.07,0.186,0.116,0.233,0.269,1.0,0.25,0.2,0.1,0.353,0.286,0.833,0.0,0,0.235,0,0
445,Tim Frazier,31,CLE,PG,2,0,8,4.5,9.0,0.5,0.0,0.0,,4.5,9.0,0.5,0.5,0.0,0.0,,0.0,0.0,0.0,4.5,0.0,0.0,9.0,13.5,9.0,,fraziti01,-10.3,0.5,0.0,0.0,0.0,0.0,0.0,17.9,0.0,0.0,50.0,22.1,-0.1,0.0,0.0,-0.283,-17.8,-5.8,-23.6,0.0,14.9,0.0,0.0,0.5,0.5,0.5,,,0.0,1.0,,1.0,,0.0,0,,0,0
446,Alfonzo McKinnie,29,CHI,SF,17,3,206,4.2,10.7,0.393,1.6,4.7,0.333,2.6,5.9,0.441,0.467,0.3,1.4,0.25,2.3,3.5,5.8,0.9,0.3,0.5,1.2,4.5,10.3,,mckinal01,5.6,0.457,0.443,0.131,7.1,10.9,9.0,3.2,0.5,1.3,9.8,15.3,-0.2,0.1,-0.1,-0.015,-5.6,-3.4,-9.0,-0.4,14.1,0.311,0.082,0.082,0.082,0.441,0.526,0.6,0.0,0.4,0.333,0.733,1.0,0.148,7,0.407,0,0
447,Joe Wieskamp,22,SAS,SG,29,0,205,3.5,9.8,0.357,2.5,7.6,0.326,1.1,2.3,0.462,0.482,1.2,2.3,0.538,0.7,1.8,2.5,1.6,0.7,0.5,0.4,2.5,10.7,,wieskjo01,7.1,0.494,0.768,0.232,2.0,5.2,3.6,5.5,0.9,1.2,3.1,13.1,0.1,0.1,0.1,0.035,-2.9,-1.1,-3.9,-0.1,21.5,0.071,0.054,0.036,0.071,0.462,0.75,0.333,0.5,0.25,0.326,0.5,0.929,0.0,0,0.209,0,0
448,Ed Davis,32,CLE,C,31,3,201,2.0,2.9,0.688,0.0,0.0,,2.0,2.9,0.688,0.688,1.1,2.5,0.429,2.5,9.0,11.5,1.3,0.5,1.6,0.9,5.9,5.0,,davised01,9.3,0.632,0.0,0.875,7.9,26.9,17.6,4.5,0.7,4.0,18.4,6.0,0.2,0.3,0.5,0.126,-4.2,2.5,-1.8,0.0,2.3,0.75,0.25,0.0,0.0,0.688,0.75,0.5,,,,0.727,,0.125,2,,0,0
449,Tyler Cook,24,CHI,PF,20,2,200,4.1,6.8,0.605,0.0,0.0,,4.1,6.8,0.605,0.605,3.8,5.8,0.656,2.9,6.7,9.5,0.5,0.7,0.7,1.3,5.0,12.1,,cookty01,13.0,0.643,0.0,0.842,9.1,20.7,14.9,2.0,1.0,1.7,11.8,13.0,0.4,0.2,0.5,0.127,-3.0,-1.1,-4.1,-0.1,2.2,0.684,0.316,0.0,0.0,0.605,0.692,0.417,,,,0.783,,0.395,14,,0,0
450,Javonte Smart,22,2TM,PG,17,1,200,3.4,10.8,0.317,1.4,4.9,0.296,2.0,5.9,0.333,0.383,0.9,1.1,0.833,0.9,3.4,4.3,2.9,1.1,0.5,2.0,2.2,9.2,,smartja01,5.1,0.407,0.45,0.1,2.7,10.0,6.5,10.4,1.5,1.5,14.9,15.9,-0.3,0.2,-0.2,-0.038,-5.9,-0.8,-6.6,-0.2,16.9,0.183,0.167,0.133,0.067,0.333,0.545,0.3,0.125,0.25,0.296,0.364,0.875,0.0,0,0.148,1,0
450,Javonte Smart,22,MIL,PG,13,1,160,2.5,9.7,0.256,0.9,4.1,0.222,1.6,5.6,0.28,0.302,1.1,1.4,0.833,0.9,3.4,4.3,3.2,0.9,0.5,2.0,2.5,7.0,,smartja01,2.5,0.34,0.419,0.14,2.7,9.7,6.3,10.9,1.2,1.2,16.5,14.6,-0.4,0.1,-0.2,-0.071,-7.3,-0.8,-8.1,-0.2,15.4,0.209,0.14,0.14,0.093,0.28,0.556,0.0,0.167,0.25,0.222,0.429,1.0,0.0,0,0.167,0,0
450,Javonte Smart,22,MIA,PG,4,0,40,7.2,15.3,0.471,3.6,8.1,0.444,3.6,7.2,0.5,0.588,0.0,0.0,,0.9,3.6,4.5,1.8,1.8,0.9,1.8,0.9,18.0,,smartja01,15.6,0.588,0.529,0.0,2.9,11.2,7.1,8.1,2.5,2.6,10.5,21.1,0.0,0.1,0.1,0.094,-0.2,-0.7,-0.9,0.0,18.5,0.118,0.235,0.118,0.0,0.5,0.5,0.75,0.0,,0.444,0.25,0.75,0.0,0,0.111,1,0
451,Lindell Wigginton,23,MIL,PG,19,0,199,4.7,11.0,0.426,1.6,4.7,0.346,3.1,6.3,0.486,0.5,3.4,6.3,0.543,0.5,4.0,4.5,4.2,0.9,0.2,2.2,3.1,14.5,,wiggili01,10.2,0.524,0.426,0.574,1.6,11.5,6.7,15.7,1.2,0.5,13.6,19.0,0.0,0.1,0.2,0.044,-3.2,-1.9,-5.0,-0.2,12.7,0.377,0.18,0.016,0.0,0.486,0.609,0.273,0.0,,0.346,0.765,1.0,0.016,0,0.308,0,0
452,Braxton Key,24,2TM,SF,11,0,197,6.0,13.2,0.458,1.1,3.8,0.286,4.9,9.3,0.529,0.5,1.3,2.4,0.538,2.4,6.8,9.1,2.0,1.8,2.0,2.0,4.8,14.4,,keybr01,13.7,0.508,0.292,0.181,6.8,21.4,13.7,8.9,2.5,5.0,12.4,19.4,-0.1,0.3,0.2,0.052,-3.8,0.6,-3.3,-0.1,11.8,0.292,0.292,0.069,0.056,0.529,0.762,0.476,0.2,0.0,0.286,0.741,0.833,0.097,6,0.429,0,0
452,Braxton Key,24,PHI,SF,2,0,6,6.0,12.0,0.5,0.0,6.0,0.0,6.0,6.0,1.0,0.5,0.0,0.0,,6.0,6.0,12.0,6.0,6.0,0.0,12.0,6.0,12.0,,keybr01,9.0,0.5,0.5,0.0,18.9,18.3,18.6,25.7,8.3,0.0,50.0,29.9,0.0,0.0,0.0,-0.169,-9.5,3.3,-6.2,0.0,12.7,0.5,0.0,0.0,0.0,1.0,1.0,,,,0.0,0.0,,0.0,0,0.0,0,0
452,Braxton Key,24,DET,SF,9,0,191,6.0,13.2,0.457,1.1,3.8,0.3,4.9,9.4,0.52,0.5,1.3,2.5,0.538,2.3,6.8,9.0,1.9,1.7,2.1,1.7,4.7,14.5,,keybr01,13.9,0.508,0.286,0.186,6.5,21.5,13.6,8.4,2.3,5.2,10.6,19.0,0.0,0.3,0.2,0.059,-3.7,0.5,-3.2,-0.1,11.0,0.286,0.3,0.071,0.057,0.52,0.75,0.476,0.2,0.0,0.3,0.769,0.833,0.1,6,0.45,0,0
453,Udoka Azubuike,22,UTA,C,17,6,195,6.8,9.0,0.755,0.0,0.0,,6.8,9.0,0.755,0.755,1.1,2.0,0.545,3.3,9.8,13.1,0.0,0.2,2.0,2.2,4.6,14.8,,azubuud01,17.6,0.743,0.0,0.224,10.5,28.8,19.9,0.0,0.3,5.0,18.2,14.7,0.3,0.3,0.6,0.157,-1.8,0.4,-1.4,0.0,2.8,0.694,0.286,0.02,0.0,0.755,0.824,0.643,0.0,,,0.892,,0.571,26,,0,0
454,Greg Monroe,31,4TM,C,14,0,195,5.9,10.5,0.561,0.0,0.0,,5.9,10.5,0.561,0.561,2.2,4.2,0.522,5.5,6.3,11.8,4.1,1.5,1.8,2.2,4.4,14.0,,monrogr01,19.5,0.566,0.0,0.404,16.9,18.8,17.7,16.2,2.0,4.8,15.2,17.3,0.4,0.3,0.7,0.169,-0.3,0.7,0.4,0.1,2.9,0.632,0.351,0.0,0.018,0.561,0.694,0.35,,0.0,,0.563,,0.018,1,,0,0
454,Greg Monroe,31,MIN,C,4,0,81,5.8,9.8,0.591,0.0,0.0,,5.8,9.8,0.591,0.591,1.3,3.1,0.429,2.7,8.0,10.7,7.1,1.8,2.7,3.1,4.0,12.9,,monrogr01,18.9,0.578,0.0,0.318,7.8,24.4,15.9,28.1,2.3,7.1,21.8,16.6,0.1,0.1,0.3,0.149,-0.3,4.8,4.5,0.1,3.7,0.545,0.409,0.0,0.045,0.591,0.917,0.222,,0.0,,0.692,,0.0,0,,0,0
454,Greg Monroe,31,WAS,C,2,0,18,8.0,16.0,0.5,0.0,0.0,,8.0,16.0,0.5,0.5,0.0,0.0,,14.0,6.0,20.0,2.0,2.0,2.0,4.0,4.0,16.0,,monrogr01,25.1,0.5,0.0,0.0,43.8,18.2,30.8,9.0,2.7,4.7,20.0,24.7,0.0,0.0,0.1,0.135,-0.1,-4.3,-4.4,0.0,2.3,0.75,0.25,0.0,0.0,0.5,0.667,0.0,,,,0.5,,0.0,0,,0,0
454,Greg Monroe,31,MIL,C,5,0,70,5.7,11.3,0.5,0.0,0.0,,5.7,11.3,0.5,0.5,2.6,4.6,0.556,5.7,5.1,10.8,1.0,1.5,1.0,1.5,3.6,13.9,,monrogr01,16.0,0.52,0.0,0.409,17.0,14.8,15.9,4.0,2.1,2.8,10.4,17.7,0.1,0.1,0.2,0.119,-2.2,-2.3,-4.5,0.0,3.0,0.636,0.364,0.0,0.0,0.5,0.429,0.625,,,,0.455,,0.045,1,,0,0
454,Greg Monroe,31,UTA,C,3,0,26,5.5,6.9,0.8,0.0,0.0,,5.5,6.9,0.8,0.8,5.5,9.7,0.571,8.3,4.2,12.5,4.2,0.0,1.4,0.0,8.3,16.6,,monrogr01,27.0,0.743,0.0,1.4,26.1,12.2,19.0,16.7,0.0,3.4,0.0,13.5,0.2,0.0,0.2,0.39,4.6,-0.3,4.4,0.0,2.5,0.8,0.2,0.0,0.0,0.8,1.0,0.0,,,,0.5,,0.0,0,,0,0
455,Mamadi Diakite,25,OKC,PF,13,3,188,4.8,9.0,0.532,0.0,1.0,0.0,4.8,8.0,0.595,0.532,1.1,2.1,0.545,3.3,8.0,11.3,0.4,1.0,1.7,1.3,6.3,10.7,,diakima01,11.6,0.54,0.106,0.234,9.2,23.3,16.1,1.6,1.3,4.5,11.9,13.5,0.1,0.3,0.3,0.08,-5.9,0.9,-5.0,-0.1,6.8,0.426,0.34,0.106,0.021,0.595,0.6,0.688,0.4,0.0,0.0,0.84,,0.255,10,0.4,0,0
456,Reggie Perry,21,2TM,PF,10,1,187,7.7,15.2,0.506,0.6,3.1,0.188,7.1,12.1,0.587,0.525,1.7,2.9,0.6,2.9,6.2,9.0,2.3,1.7,1.2,2.1,6.4,17.7,,perryre01,15.6,0.537,0.203,0.19,8.5,19.5,13.8,11.1,2.4,3.2,11.4,22.4,0.1,0.2,0.2,0.058,-3.1,-1.0,-4.1,-0.1,15.2,0.342,0.266,0.089,0.101,0.587,0.815,0.333,0.429,0.625,0.188,0.676,1.0,0.089,6,0.063,0,0
456,Reggie Perry,21,POR,PF,9,1,177,7.9,15.9,0.5,0.6,3.3,0.188,7.3,12.6,0.581,0.519,1.8,3.1,0.6,3.1,6.3,9.4,2.4,1.8,1.2,2.2,6.1,18.3,,perryre01,16.2,0.532,0.205,0.192,9.0,20.0,14.3,11.7,2.5,3.3,11.5,23.4,0.0,0.2,0.2,0.057,-2.8,-1.0,-3.8,-0.1,10.4,0.346,0.269,0.09,0.09,0.581,0.815,0.333,0.429,0.571,0.188,0.667,1.0,0.09,6,0.063,0,0
456,Reggie Perry,21,IND,PF,1,0,10,3.6,3.6,1.0,0.0,0.0,,3.6,3.6,1.0,1.0,0.0,0.0,,0.0,3.6,3.6,0.0,0.0,0.0,0.0,10.8,7.2,,perryre01,4.2,1.0,0.0,0.0,0.0,11.3,5.6,0.0,0.0,0.0,0.0,4.3,0.0,0.0,0.0,0.077,-7.7,-1.2,-8.9,0.0,20.1,0.0,0.0,0.0,1.0,1.0,,,,1.0,,1.0,,0.0,0,,0,0
457,Kyle Guy,24,MIA,SG,19,0,186,5.0,12.6,0.4,2.7,7.7,0.35,2.3,4.8,0.48,0.508,1.5,2.3,0.667,0.8,2.5,3.3,3.3,1.4,0.2,2.5,2.3,14.3,,guyky01,9.5,0.526,0.615,0.185,2.5,7.8,5.2,13.5,1.9,0.6,15.6,19.9,-0.1,0.2,0.1,0.035,-3.1,-0.3,-3.4,-0.1,18.7,0.108,0.169,0.031,0.077,0.48,0.857,0.091,0.5,0.8,0.35,0.5,0.786,0.0,0,0.225,0,0
458,Willie Cauley-Stein,28,2TM,C,20,2,183,3.1,6.9,0.457,0.2,0.4,0.5,3.0,6.5,0.455,0.471,0.2,0.4,0.5,2.6,5.3,7.9,2.0,1.2,0.6,1.4,3.7,6.7,,caulewi01,8.3,0.474,0.057,0.057,7.9,16.4,12.2,7.5,1.7,1.5,16.3,10.6,0.0,0.3,0.2,0.066,-4.1,1.1,-3.0,0.0,5.3,0.629,0.2,0.057,0.057,0.455,0.545,0.143,1.0,0.0,0.5,0.8,1.0,0.257,7,0.0,0,0
458,Willie Cauley-Stein,28,DAL,C,18,2,177,3.3,7.1,0.457,0.2,0.4,0.5,3.1,6.7,0.455,0.471,0.2,0.4,0.5,2.6,5.1,7.7,1.8,1.2,0.6,1.4,3.5,6.9,,caulewi01,8.4,0.474,0.057,0.057,8.2,15.7,11.9,7.0,1.7,1.5,16.3,10.9,0.0,0.2,0.2,0.063,-4.1,0.9,-3.1,0.0,5.3,0.629,0.2,0.057,0.057,0.455,0.545,0.143,1.0,0.0,0.5,0.8,1.0,0.257,7,0.0,0,0
458,Willie Cauley-Stein,28,PHI,C,2,0,6,0.0,0.0,,0.0,0.0,,0.0,0.0,,,0.0,0.0,,0.0,12.0,12.0,6.0,0.0,0.0,0.0,12.0,0.0,,caulewi01,4.2,,,,0.0,36.6,18.6,20.4,0.0,0.0,,0.0,0.0,0.0,0.0,0.136,-4.6,5.8,1.2,0.0,,,,,,,,,,,,,,,0,,0,0
459,Frank Kaminsky,28,PHO,C,9,0,181,7.2,13.1,0.545,1.0,3.0,0.333,6.2,10.1,0.608,0.583,3.6,4.0,0.9,2.2,6.0,8.2,2.6,1.6,1.4,1.0,2.8,18.9,,kaminfr01,21.3,0.635,0.227,0.303,6.7,17.3,12.1,10.1,2.1,3.4,6.3,19.0,0.5,0.3,0.9,0.228,2.4,2.5,4.9,0.3,9.2,0.303,0.394,0.061,0.015,0.608,0.65,0.577,0.75,0.0,0.333,0.71,1.0,0.076,4,0.067,0,0
460,Charlie Brown Jr.,24,2TM,SG,22,2,177,2.0,7.9,0.256,0.2,2.4,0.083,1.8,5.5,0.333,0.269,1.8,2.0,0.9,2.8,3.7,6.5,1.2,2.0,0.8,1.0,3.7,6.1,,brownch02,6.5,0.346,0.308,0.256,9.0,11.2,10.1,4.5,2.8,2.0,10.3,12.3,-0.2,0.2,0.0,0.012,-5.2,0.4,-4.8,-0.1,13.6,0.385,0.205,0.077,0.026,0.333,0.467,0.25,0.0,0.0,0.083,0.444,1.0,0.077,2,0.167,0,0
460,Charlie Brown Jr.,24,DAL,SG,3,0,15,2.4,12.0,0.2,0.0,7.2,0.0,2.4,4.8,0.5,0.2,0.0,0.0,,0.0,2.4,2.4,2.4,4.8,2.4,0.0,4.8,4.8,,brownch02,5.1,0.2,0.6,0.0,0.0,7.4,3.7,8.9,6.7,6.0,0.0,15.0,-0.1,0.0,0.0,-0.05,-7.7,5.1,-2.6,0.0,17.2,0.2,0.0,0.2,0.0,0.5,1.0,,0.0,,0.0,0.0,,0.2,1,0.333,0,0
460,Charlie Brown Jr.,24,PHI,SG,19,2,162,2.0,7.6,0.265,0.2,2.0,0.111,1.8,5.6,0.32,0.279,2.0,2.2,0.9,3.1,3.8,6.9,1.1,1.8,0.7,1.1,3.6,6.2,,brownch02,6.6,0.365,0.265,0.294,9.8,11.5,10.7,4.1,2.5,1.7,11.5,12.0,-0.1,0.2,0.1,0.018,-5.0,-0.1,-5.0,-0.1,10.0,0.412,0.235,0.059,0.029,0.32,0.429,0.25,0.0,0.0,0.111,0.5,1.0,0.059,1,0.111,0,0
461,Markus Howard,22,DEN,SG,31,0,176,8.0,20.7,0.386,5.7,14.3,0.4,2.3,6.3,0.355,0.525,4.1,4.7,0.87,0.4,2.0,2.5,1.4,1.8,0.0,1.4,3.5,25.8,,howarma02,16.1,0.567,0.693,0.228,1.3,6.1,3.8,6.2,2.5,0.0,5.9,29.4,0.1,0.2,0.3,0.082,0.8,-2.0,-1.2,0.0,20.2,0.089,0.119,0.04,0.059,0.355,0.333,0.417,0.25,0.333,0.4,0.545,0.821,0.0,0,0.243,0,0
462,Vlatko Čančar,24,DEN,PF,15,1,176,4.7,8.4,0.561,1.4,2.5,0.583,3.3,5.9,0.552,0.646,1.8,2.9,0.643,1.6,4.7,6.3,3.5,0.4,0.6,1.8,3.7,12.7,,cancavl01,12.7,0.657,0.293,0.341,5.2,14.1,9.8,13.2,0.6,1.5,16.0,14.0,0.3,0.1,0.4,0.114,-0.9,-0.9,-1.7,0.0,10.6,0.39,0.195,0.098,0.024,0.552,0.75,0.375,0.25,0.0,0.583,0.938,1.0,0.049,2,0.417,0,0
463,Jamorko Pickett,24,DET,PF,13,0,176,3.7,10.2,0.36,2.7,8.0,0.333,1.0,2.3,0.455,0.49,0.2,0.4,0.5,1.2,5.3,6.5,1.4,0.0,1.4,1.0,2.5,10.2,,pickeja01,7.6,0.491,0.78,0.04,3.5,16.8,9.8,5.8,0.0,3.6,8.9,13.6,0.0,0.1,0.1,0.015,-2.8,-2.1,-5.0,-0.1,21.1,0.04,0.16,0.0,0.02,0.455,0.5,0.5,,0.0,0.333,0.8,0.923,0.02,1,0.359,0,0
464,Zavier Simpson,24,OKC,PG,4,4,174,3.9,10.8,0.365,0.2,1.7,0.125,3.7,9.1,0.409,0.375,1.0,1.0,1.0,0.4,3.9,4.3,6.2,1.0,0.8,2.1,3.1,9.1,,simpsza01,7.7,0.406,0.154,0.096,1.2,11.4,6.2,25.2,1.4,2.1,15.6,15.9,-0.2,0.1,-0.1,-0.018,-6.0,-1.9,-7.9,-0.3,9.1,0.25,0.442,0.096,0.058,0.409,0.538,0.391,0.4,0.0,0.125,0.222,1.0,0.0,0,0.0,0,0
465,Victor Oladipo,29,MIA,SG,8,1,173,7.3,15.2,0.479,3.1,7.5,0.417,4.2,7.7,0.541,0.582,2.9,4.0,0.737,0.6,4.2,4.8,5.8,1.0,0.2,3.3,2.7,20.6,,oladivi01,16.8,0.608,0.493,0.26,2.0,12.9,7.5,26.3,1.4,0.6,16.4,25.1,0.2,0.2,0.4,0.124,1.8,-0.5,1.3,0.1,16.9,0.247,0.096,0.082,0.082,0.541,0.667,0.286,0.667,0.333,0.417,0.25,0.467,0.027,2,0.139,1,0
466,Hassani Gravett,25,ORL,PG,8,3,171,3.8,8.0,0.474,2.3,5.5,0.423,1.5,2.5,0.583,0.618,0.6,0.8,0.75,0.2,4.2,4.4,4.2,1.1,0.2,1.9,2.7,10.5,,graveha01,10.1,0.629,0.684,0.105,0.6,12.4,6.5,17.0,1.4,0.5,18.5,12.3,0.1,0.1,0.3,0.071,-2.4,0.2,-2.3,0.0,20.9,0.079,0.105,0.079,0.053,0.583,0.333,0.5,1.0,0.5,0.423,0.429,0.727,0.0,0,0.192,1,0
467,Charles Bassey,21,PHI,C,23,0,168,6.4,10.1,0.638,0.0,0.9,0.0,6.4,9.2,0.698,0.638,1.9,2.6,0.75,4.7,8.6,13.3,1.5,1.1,3.6,1.7,6.9,14.8,,bassech01,21.5,0.66,0.085,0.255,14.9,26.1,20.6,6.5,1.5,9.1,13.3,16.1,0.4,0.3,0.8,0.22,-0.4,2.1,1.7,0.2,5.6,0.574,0.213,0.106,0.021,0.698,0.741,0.7,0.6,0.0,0.0,0.667,,0.319,13,0.25,0,0
468,Alize Johnson,25,3TM,PF,23,0,167,3.7,8.4,0.436,0.0,0.9,0.0,3.7,7.5,0.486,0.436,1.5,2.6,0.583,6.0,7.1,13.1,1.9,1.1,0.0,2.6,3.9,8.8,,johnsal02,10.7,0.463,0.103,0.308,18.8,22.1,20.4,7.1,1.5,0.0,21.3,14.8,0.0,0.1,0.1,0.041,-3.6,-1.8,-5.5,-0.1,6.5,0.564,0.282,0.051,0.0,0.486,0.5,0.455,0.5,,0.0,0.529,,0.0,0,0.5,1,0
468,Alize Johnson,25,CHI,PF,16,0,121,3.6,6.8,0.522,0.0,0.6,0.0,3.6,6.2,0.571,0.522,1.2,2.1,0.571,4.8,6.0,10.7,2.4,0.9,0.0,2.4,4.5,8.3,,johnsal02,10.2,0.537,0.087,0.304,15.0,18.5,16.7,8.6,1.2,0.0,23.5,12.4,0.1,0.1,0.2,0.063,-3.4,-0.6,-4.0,-0.1,6.6,0.478,0.391,0.043,0.0,0.571,0.636,0.556,0.0,,0.0,0.583,,0.0,0,0.5,1,0
468,Alize Johnson,25,WAS,PF,3,0,18,4.0,12.0,0.333,0.0,4.0,0.0,4.0,8.0,0.5,0.333,0.0,2.0,0.0,10.0,14.0,24.0,0.0,0.0,0.0,6.0,0.0,8.0,,johnsal02,5.7,0.311,0.333,0.167,31.3,42.4,36.9,0.0,0.0,0.0,31.8,23.3,-0.1,0.0,-0.1,-0.183,-7.7,-8.3,-16.1,-0.1,9.7,0.667,0.0,0.0,0.0,0.5,0.5,,,,0.0,0.0,,0.0,0,0.5,0,0
468,Alize Johnson,25,NOP,PF,4,0,28,3.9,12.9,0.3,0.0,0.0,,3.9,12.9,0.3,0.3,3.9,5.1,0.75,9.0,7.7,16.7,1.3,2.6,0.0,1.3,3.9,11.6,,johnsal02,15.9,0.383,0.0,0.4,27.1,24.3,25.7,4.9,3.5,0.0,7.8,19.6,0.0,0.0,0.1,0.088,-1.9,-3.0,-4.8,0.0,3.2,0.7,0.2,0.1,0.0,0.3,0.286,0.0,1.0,,,0.667,,0.0,0,,0,0
469,Kevin Pangos,29,CLE,PG,24,3,166,3.3,10.0,0.326,1.3,5.6,0.231,2.0,4.3,0.45,0.391,0.7,0.9,0.75,0.4,2.0,2.4,6.5,0.7,0.0,1.5,2.4,8.5,,pangoke01,6.5,0.408,0.565,0.087,1.4,5.9,3.7,24.6,0.9,0.0,12.8,14.6,-0.1,0.1,0.1,0.016,-4.7,-1.4,-6.1,-0.2,17.7,0.109,0.217,0.043,0.043,0.45,0.6,0.4,0.5,0.5,0.231,0.111,0.333,0.0,0,0.038,0,0
470,Haywood Highsmith,25,MIA,SF,19,1,163,3.5,10.2,0.348,2.0,6.2,0.321,1.5,4.0,0.389,0.446,0.4,1.1,0.4,2.2,3.5,5.7,1.3,0.4,0.7,0.7,2.9,9.5,,highsha01,7.0,0.446,0.609,0.109,7.1,10.9,9.0,5.1,0.6,1.9,5.9,14.0,0.0,0.2,0.1,0.041,-3.3,-1.3,-4.6,-0.1,16.7,0.217,0.13,0.0,0.043,0.389,0.3,0.5,,0.5,0.321,0.857,1.0,0.0,0,0.571,0,0
471,Sam Hauser,24,BOS,SF,26,0,158,5.2,11.4,0.46,4.3,10.0,0.432,0.9,1.4,0.667,0.65,0.0,0.0,,1.1,5.5,6.6,2.3,0.2,0.5,0.5,1.6,14.8,,hausesa01,14.8,0.65,0.88,0.0,3.5,16.0,9.9,9.1,0.3,1.2,3.8,14.5,0.4,0.2,0.6,0.171,2.7,-0.3,2.3,0.2,22.7,0.1,0.02,0.0,0.0,0.667,0.8,0.0,,,0.432,0.75,1.0,0.0,0,0.318,0,0
472,Paul Watson,27,OKC,SF,9,3,156,2.8,8.1,0.343,1.4,6.0,0.231,1.4,2.1,0.667,0.429,0.2,0.5,0.5,0.7,5.5,6.2,1.8,0.7,0.7,0.9,2.3,7.2,,watsopa01,5.7,0.432,0.743,0.057,1.9,16.1,8.9,7.2,0.9,1.8,10.0,11.0,-0.1,0.1,0.0,0.001,-4.8,-0.6,-5.4,-0.1,19.7,0.114,0.114,0.029,0.0,0.667,0.75,0.5,1.0,,0.231,0.5,1.0,0.029,0,0.423,0,0
473,Cassius Stanley,22,DET,SG,9,1,155,4.4,10.7,0.413,0.9,3.9,0.235,3.5,6.7,0.517,0.457,2.3,2.3,1.0,1.2,3.3,4.4,0.9,1.2,0.5,1.4,3.9,12.1,,stanlca01,8.0,0.516,0.37,0.217,3.3,10.3,6.6,3.9,1.6,1.2,10.6,15.6,0.0,0.1,0.1,0.021,-4.9,-1.0,-5.8,-0.2,12.5,0.152,0.413,0.043,0.022,0.517,0.571,0.526,0.5,0.0,0.235,0.6,1.0,0.022,0,0.471,0,0
474,Bruno Fernando,23,2TM,C,30,0,152,8.5,13.0,0.655,0.2,0.5,0.5,8.3,12.6,0.66,0.664,3.6,5.7,0.625,4.3,8.8,13.0,1.7,0.2,2.6,3.3,5.7,20.8,,fernabr01,21.2,0.671,0.036,0.436,13.0,26.6,19.8,7.5,0.3,6.5,17.6,22.4,0.2,0.2,0.4,0.14,-0.4,0.2,-0.1,0.1,4.7,0.618,0.291,0.036,0.018,0.66,0.676,0.625,0.5,1.0,0.5,0.714,1.0,0.309,17,0.5,0,0
474,Bruno Fernando,23,BOS,C,20,0,58,4.3,8.7,0.5,0.6,0.6,1.0,3.7,8.1,0.462,0.536,2.5,3.1,0.8,4.3,5.0,9.3,2.5,0.0,1.9,3.1,3.7,11.8,,fernabr01,12.6,0.586,0.071,0.357,13.4,14.6,14.0,9.6,0.0,4.7,23.6,16.1,0.0,0.1,0.1,0.102,-3.2,0.4,-2.8,0.0,6.2,0.643,0.071,0.143,0.071,0.462,0.444,0.0,0.5,1.0,1.0,0.5,1.0,0.143,2,0.0,0,0
474,Bruno Fernando,23,HOU,C,10,0,94,11.1,15.7,0.707,0.0,0.4,0.0,11.1,15.3,0.725,0.707,4.2,7.3,0.579,4.2,11.1,15.3,1.1,0.4,3.1,3.4,6.9,26.4,,fernabr01,26.5,0.699,0.024,0.463,12.8,34.1,23.4,6.3,0.5,7.6,15.4,26.3,0.2,0.1,0.3,0.164,1.3,0.2,1.5,0.1,3.2,0.61,0.366,0.0,0.0,0.725,0.76,0.667,,,0.0,0.759,,0.366,15,1.0,0,0
475,Theo Pinson,26,DAL,SF,19,0,148,3.4,9.5,0.359,2.4,7.3,0.333,1.0,2.2,0.444,0.487,2.4,2.4,1.0,0.5,4.6,5.1,4.1,1.2,0.5,1.2,2.9,11.7,,pinsoth01,11.9,0.553,0.769,0.256,1.5,14.3,7.9,15.9,1.7,1.2,10.3,14.7,0.2,0.2,0.4,0.122,-1.5,1.0,-0.5,0.1,21.9,0.051,0.077,0.026,0.077,0.444,0.5,0.333,0.0,0.667,0.333,0.25,0.9,0.026,1,0.1,0,0
476,Abdel Nader,28,PHO,SF,14,0,145,3.0,8.7,0.343,1.0,3.5,0.286,2.0,5.2,0.381,0.4,1.5,2.5,0.6,1.0,5.7,6.7,1.7,2.0,1.0,2.7,5.0,8.4,,naderab01,4.9,0.431,0.4,0.286,3.0,16.6,10.0,5.9,2.7,2.5,21.8,15.0,-0.3,0.3,0.0,-0.009,-7.1,2.2,-4.9,-0.1,12.8,0.257,0.286,0.0,0.0,0.381,0.778,0.0,,,0.286,0.375,1.0,0.029,1,0.357,1,0
477,Devin Cannady,25,ORL,PG,5,0,145,3.7,10.9,0.341,3.7,9.2,0.405,0.0,1.7,0.0,0.511,1.2,1.7,0.714,0.2,1.2,1.5,2.5,1.2,0.7,1.2,2.2,12.4,,cannade01,8.6,0.531,0.841,0.159,0.7,3.7,2.2,10.0,1.7,1.9,9.6,15.5,0.0,0.1,0.1,0.033,-2.8,-0.4,-3.2,0.0,22.5,0.045,0.045,0.045,0.023,0.0,0.0,0.0,0.0,0.0,0.405,,1.0,0.0,0,0.297,0,0
478,Solomon Hill,30,ATL,SF,13,1,139,0.8,5.2,0.15,0.5,3.4,0.154,0.3,1.8,0.143,0.2,0.0,0.0,,1.6,4.4,6.0,3.1,1.0,0.5,0.3,4.1,2.1,,hillso01,3.3,0.2,0.65,0.0,4.8,13.3,9.1,10.3,1.4,1.3,4.8,6.6,-0.1,0.1,0.0,-0.006,-5.2,1.2,-4.0,-0.1,17.9,0.25,0.1,0.0,0.0,0.143,0.2,0.0,,,0.154,1.0,1.0,0.0,0,0.231,1,0
479,Xavier Moon,27,LAC,SG,10,0,137,6.6,13.4,0.49,1.3,3.7,0.357,5.3,9.7,0.541,0.539,0.8,1.3,0.6,0.5,3.2,3.7,6.3,1.8,0.8,1.6,2.4,15.2,,moonxa01,16.2,0.545,0.275,0.098,1.6,9.0,5.4,27.0,2.5,1.9,10.1,19.0,0.2,0.2,0.3,0.121,-1.1,1.0,-0.1,0.1,16.4,0.098,0.137,0.176,0.314,0.541,0.4,0.286,0.556,0.688,0.357,0.15,0.6,0.0,0,0.071,0,0
480,Jahmi'us Ramsey,20,SAC,SG,19,0,134,6.4,15.6,0.414,1.3,4.8,0.278,5.1,10.7,0.475,0.457,1.9,3.8,0.5,1.1,2.4,3.5,1.9,0.3,0.3,1.3,2.7,16.1,,ramseja01,7.9,0.468,0.31,0.241,3.2,7.4,5.3,7.9,0.4,0.6,7.2,22.2,-0.1,0.0,-0.1,-0.048,-3.5,-3.4,-6.9,-0.2,12.4,0.31,0.224,0.069,0.086,0.475,0.667,0.231,0.25,0.6,0.278,0.579,0.8,0.034,2,0.167,0,0
481,Didi Louzada,22,2TM,SF,9,1,129,3.3,9.2,0.364,2.5,6.4,0.391,0.8,2.8,0.3,0.5,0.6,0.6,1.0,1.4,3.3,4.7,1.4,0.6,0.6,1.4,3.6,9.8,,louzama01,6.4,0.517,0.697,0.061,4.1,10.6,7.2,5.3,0.8,1.5,12.9,13.0,0.0,0.0,0.0,-0.005,-4.1,-3.4,-7.5,-0.2,22.3,0.061,0.121,0.061,0.061,0.3,0.5,0.0,0.0,1.0,0.391,0.333,1.0,0.0,0,0.174,0,0
481,Didi Louzada,22,NOP,SF,2,0,7,0.0,15.4,0.0,0.0,15.4,0.0,0.0,0.0,,0.0,0.0,0.0,,10.3,0.0,10.3,5.1,0.0,0.0,0.0,0.0,0.0,,louzama01,-1.2,0.0,1.0,0.0,31.0,0.0,15.8,17.1,0.0,0.0,0.0,18.4,0.0,0.0,0.0,-0.238,-4.1,-8.4,-12.5,0.0,25.1,0.0,0.0,0.0,0.0,,,,,,0.0,,,0.0,0,0.333,0,0
481,Didi Louzada,22,POR,SG,7,1,122,3.5,8.9,0.4,2.7,5.9,0.45,0.9,3.0,0.3,0.55,0.6,0.6,1.0,0.9,3.5,4.4,1.2,0.6,0.6,1.5,3.8,10.3,,louzama01,6.8,0.567,0.667,0.067,2.6,11.2,6.8,4.7,0.8,1.6,13.9,12.7,0.0,0.0,0.0,0.008,-4.1,-3.1,-7.2,-0.2,19.4,0.067,0.133,0.067,0.067,0.3,0.5,0.0,0.0,1.0,0.45,0.333,1.0,0.0,0,0.15,0,0
482,Boban Marjanović,33,DAL,C,23,0,128,11.8,19.7,0.6,0.3,1.1,0.25,11.5,18.6,0.621,0.607,3.7,6.2,0.591,2.3,8.7,11.0,0.8,0.0,0.8,4.2,6.8,27.6,,marjabo01,18.5,0.615,0.057,0.314,6.9,27.0,16.9,4.8,0.0,2.1,15.8,33.3,-0.1,0.2,0.1,0.045,-3.2,-1.2,-4.4,-0.1,7.0,0.329,0.414,0.171,0.029,0.621,0.783,0.552,0.417,1.0,0.25,0.732,1.0,0.129,9,0.0,0,0
483,Marcus Garrett,23,MIA,SG,12,0,128,1.4,5.9,0.238,0.3,1.1,0.25,1.1,4.8,0.235,0.262,0.6,1.4,0.4,2.5,3.9,6.5,2.0,1.4,0.8,0.6,4.5,3.7,,garrema01,4.7,0.28,0.19,0.238,8.1,12.2,10.2,7.0,2.0,2.5,7.9,8.8,-0.1,0.2,0.1,0.032,-6.4,1.0,-5.4,-0.1,9.3,0.476,0.143,0.095,0.095,0.235,0.2,0.333,0.0,0.5,0.25,0.5,1.0,0.0,0,0.5,0,0
484,Jay Scrubb,21,LAC,SG,18,0,121,5.4,13.7,0.391,1.8,6.2,0.286,3.6,7.4,0.48,0.457,2.1,3.0,0.7,0.6,4.2,4.8,2.4,1.2,0.9,2.1,2.7,14.6,,scrubja01,9.3,0.486,0.457,0.217,1.8,11.9,7.0,9.7,1.6,2.1,12.2,20.8,-0.1,0.1,0.0,0.002,-4.4,-0.4,-4.8,-0.1,16.2,0.239,0.087,0.13,0.087,0.48,0.545,0.5,0.5,0.25,0.286,0.333,0.667,0.043,1,0.143,0,0
485,Devontae Cacok,25,SAS,PF,15,0,121,6.2,9.2,0.677,0.0,0.0,,6.2,9.2,0.677,0.677,1.2,2.1,0.571,2.4,10.1,12.5,1.8,2.4,2.1,0.9,4.8,13.7,,cacokde01,20.2,0.675,0.0,0.226,6.9,29.7,18.2,6.9,3.2,4.9,8.1,12.9,0.3,0.3,0.5,0.206,0.7,3.5,4.2,0.2,4.6,0.387,0.484,0.129,0.0,0.677,0.833,0.533,0.75,,,0.667,,0.097,3,,0,0
486,Jalen Johnson,20,ATL,PF,22,0,120,6.6,12.3,0.537,0.9,3.9,0.231,5.7,8.4,0.679,0.573,1.5,2.1,0.714,0.6,7.2,7.8,0.9,0.9,0.6,2.7,2.7,15.6,,johnsja05,11.3,0.59,0.317,0.171,1.8,21.8,11.9,3.7,1.2,1.5,17.0,19.3,-0.1,0.1,0.0,0.013,-3.9,-1.1,-4.9,-0.1,10.8,0.488,0.073,0.073,0.049,0.679,0.95,0.0,0.0,0.0,0.231,0.789,1.0,0.244,10,0.385,0,0
487,Neemias Queta,22,SAC,C,15,0,120,5.1,11.4,0.447,0.0,0.0,,5.1,11.4,0.447,0.447,3.3,5.1,0.647,4.2,5.1,9.3,1.8,0.3,2.4,1.8,5.4,13.5,,quetane01,12.7,0.495,0.0,0.447,12.6,15.6,14.1,7.2,0.4,5.8,11.7,18.4,0.0,0.1,0.1,0.051,-4.1,-1.0,-5.1,-0.1,5.4,0.447,0.368,0.132,0.053,0.447,0.529,0.5,0.2,0.0,,0.647,,0.158,5,,0,0
488,Melvin Frazier,25,OKC,SG,3,0,120,3.9,14.4,0.271,0.3,6.3,0.048,3.6,8.1,0.444,0.281,1.5,2.1,0.714,1.5,2.4,3.9,0.3,0.3,0.0,0.9,2.4,9.6,,frazime01,-0.4,0.313,0.438,0.146,4.2,7.0,5.6,1.2,0.4,0.0,5.5,19.5,-0.4,0.0,-0.4,-0.16,-9.7,-6.7,-16.4,-0.4,12.4,0.25,0.313,0.0,0.0,0.444,0.667,0.267,,,0.048,0.75,1.0,0.021,1,0.667,0,0
489,Freddie Gillespie,24,ORL,PF,9,2,119,2.7,6.7,0.409,0.0,0.3,0.0,2.7,6.4,0.429,0.409,0.9,2.1,0.429,3.9,7.0,10.9,1.5,0.9,2.7,1.5,5.4,6.4,,gillefr01,9.5,0.419,0.045,0.318,11.5,20.5,16.0,5.9,1.2,6.9,16.6,10.9,-0.1,0.2,0.1,0.049,-5.6,1.0,-4.6,-0.1,6.5,0.273,0.545,0.136,0.0,0.429,0.333,0.417,0.667,,0.0,0.778,,0.091,2,1.0,0,0
490,Jabari Parker,26,BOS,PF,12,0,112,5.8,12.2,0.474,2.6,5.1,0.5,3.2,7.1,0.455,0.579,2.9,2.9,1.0,1.6,7.4,9.0,1.9,1.3,0.3,2.6,4.2,17.0,,parkeja01,14.8,0.632,0.421,0.237,5.0,21.7,13.5,7.9,1.8,0.8,16.0,19.6,0.1,0.2,0.3,0.141,-0.3,1.1,0.7,0.1,15.4,0.184,0.184,0.026,0.132,0.455,0.714,0.286,0.0,0.2,0.5,0.4,0.75,0.079,3,0.375,1,0
491,Derrick Walton,26,DET,PG,3,3,108,2.0,8.7,0.231,1.0,4.3,0.231,1.0,4.3,0.231,0.288,1.3,1.3,1.0,0.7,2.7,3.3,7.0,2.3,1.3,3.7,2.7,6.3,,waltode01,5.9,0.342,0.5,0.154,1.9,8.4,5.0,26.4,3.2,3.3,28.4,15.4,-0.3,0.1,-0.2,-0.071,-5.3,1.0,-4.3,-0.1,18.1,0.077,0.192,0.038,0.192,0.231,0.5,0.2,0.0,0.2,0.231,0.0,1.0,0.0,0,0.0,0,0
492,Jeff Dowtin Jr.,24,3TM,PG,9,0,108,2.7,8.7,0.308,0.3,3.0,0.111,2.3,5.7,0.412,0.327,0.7,0.7,1.0,2.7,3.3,6.0,3.3,1.7,0.3,1.7,1.7,6.3,,dowtije01,6.8,0.353,0.346,0.077,7.9,9.8,8.9,12.7,2.2,0.9,15.7,12.8,-0.1,0.1,0.0,-0.01,-5.7,0.1,-5.6,-0.1,17.3,0.115,0.231,0.192,0.115,0.412,0.667,0.333,0.2,0.667,0.111,0.143,1.0,0.0,0,0.556,0,0
492,Jeff Dowtin Jr.,24,GSW,PG,4,0,28,3.9,7.7,0.5,0.0,1.3,0.0,3.9,6.4,0.6,0.5,0.0,0.0,,1.3,7.7,9.0,3.9,0.0,1.3,1.3,2.6,7.7,,dowtije01,9.5,0.5,0.167,0.0,4.0,22.7,13.7,14.6,0.0,3.4,14.3,10.9,0.0,0.0,0.1,0.089,-4.3,0.7,-3.6,0.0,13.8,0.0,0.333,0.167,0.333,0.6,,0.5,1.0,0.5,0.0,0.0,,0.0,0,1.0,0,0
492,Jeff Dowtin Jr.,24,MIL,PG,1,0,3,0.0,12.0,0.0,0.0,12.0,0.0,0.0,0.0,,0.0,0.0,0.0,,0.0,0.0,0.0,0.0,0.0,0.0,0.0,0.0,0.0,,dowtije01,-12.9,0.0,1.0,0.0,0.0,0.0,0.0,0.0,0.0,0.0,0.0,14.2,0.0,0.0,0.0,-0.344,-15.7,-6.9,-22.6,0.0,23.4,0.0,0.0,0.0,0.0,,,,,,0.0,,,0.0,0,1.0,0,0
492,Jeff Dowtin Jr.,24,ORL,PG,4,0,77,2.3,8.9,0.263,0.5,3.3,0.143,1.9,5.6,0.333,0.289,0.9,0.9,1.0,3.3,1.9,5.1,3.3,2.3,0.0,1.9,1.4,6.1,,dowtije01,6.5,0.327,0.368,0.105,9.6,5.5,7.5,12.5,3.1,0.0,16.8,13.4,-0.1,0.1,-0.1,-0.033,-5.8,0.2,-5.6,-0.1,14.6,0.158,0.211,0.211,0.053,0.333,0.667,0.25,0.0,1.0,0.143,0.25,1.0,0.0,0,0.429,0,0
493,Langston Galloway,30,2TM,SG,7,0,107,2.0,8.7,0.231,0.7,5.4,0.125,1.3,3.4,0.4,0.269,0.0,0.0,,1.0,5.0,6.1,4.0,0.3,0.0,2.0,2.4,4.7,,gallola01,0.7,0.269,0.615,0.0,3.1,14.7,9.0,13.7,0.4,0.0,18.8,12.8,-0.3,0.1,-0.2,-0.1,-8.0,-1.8,-9.8,-0.2,19.4,0.115,0.038,0.115,0.115,0.4,0.333,0.0,0.667,0.333,0.125,0.5,0.5,0.0,0,0.375,0,0
493,Langston Galloway,30,BRK,SG,4,0,58,3.1,8.1,0.385,1.2,5.0,0.25,1.9,3.1,0.6,0.462,0.0,0.0,,0.6,4.3,5.0,3.1,0.0,0.0,3.1,3.1,7.4,,gallola01,1.8,0.462,0.615,0.0,1.9,12.8,7.5,11.0,0.0,0.0,27.8,13.3,-0.1,0.0,-0.1,-0.072,-7.7,-2.8,-10.4,-0.1,19.0,0.154,0.0,0.154,0.077,0.6,0.5,,1.0,0.0,0.25,0.667,0.5,0.0,0,0.25,0,0
493,Langston Galloway,30,MIL,SG,3,0,49,0.7,9.6,0.077,0.0,5.9,0.0,0.7,3.7,0.2,0.077,0.0,0.0,,1.5,5.9,7.3,5.1,0.7,0.0,0.7,1.5,1.5,,gallola01,-0.6,0.077,0.615,0.0,4.4,17.0,10.8,16.9,1.0,0.0,7.1,12.2,-0.2,0.0,-0.1,-0.133,-8.5,-0.6,-9.1,-0.1,19.9,0.077,0.077,0.077,0.154,0.2,0.0,0.0,0.0,0.5,0.0,0.0,,0.0,0,0.5,0,0
494,Louis King,22,SAC,SF,10,0,104,5.2,16.3,0.319,2.8,9.3,0.296,2.4,6.9,0.35,0.404,2.4,3.5,0.7,0.0,4.2,4.2,3.1,0.7,0.3,0.0,4.8,15.6,,kinglo02,8.1,0.438,0.574,0.213,0.0,12.7,6.3,12.5,0.9,0.8,0.0,21.2,0.0,0.0,0.0,0.0,-3.0,-1.6,-4.6,-0.1,20.1,0.021,0.128,0.085,0.191,0.35,1.0,0.333,0.25,0.333,0.296,0.429,0.75,0.0,0,0.296,0,0
495,Chaundee Brown Jr.,23,2TM,SF,5,2,104,3.5,11.1,0.313,2.1,6.2,0.333,1.4,4.8,0.286,0.406,1.7,2.1,0.833,0.3,5.2,5.5,1.4,0.7,0.0,0.3,2.4,10.7,,brownch05,6.4,0.447,0.563,0.188,1.1,15.7,8.4,5.1,0.9,0.0,2.8,14.9,0.0,0.0,0.0,0.002,-4.3,-2.4,-6.6,-0.1,16.2,0.188,0.094,0.156,0.0,0.286,0.5,0.0,0.2,,0.333,0.5,1.0,0.0,0,0.222,1,0
495,Chaundee Brown Jr.,23,LAL,SF,2,0,21,1.7,12.0,0.143,0.0,5.1,0.0,1.7,6.9,0.25,0.143,0.0,0.0,,0.0,3.4,3.4,0.0,0.0,0.0,1.7,0.0,3.4,,brownch05,-8.7,0.143,0.429,0.0,0.0,10.2,5.1,0.0,0.0,0.0,12.5,16.4,-0.1,0.0,-0.1,-0.306,-11.6,-5.0,-16.6,-0.1,13.2,0.286,0.143,0.143,0.0,0.25,0.5,0.0,0.0,,0.0,0.0,,0.0,0,0.333,0,0
495,Chaundee Brown Jr.,23,ATL,SG,3,2,83,3.9,10.8,0.36,2.6,6.5,0.4,1.3,4.3,0.3,0.48,2.2,2.6,0.833,0.4,5.6,6.1,1.7,0.9,0.0,0.0,3.0,12.6,,brownch05,10.3,0.525,0.6,0.24,1.3,17.0,9.2,6.4,1.2,0.0,0.0,14.6,0.1,0.0,0.1,0.08,-2.4,-1.7,-4.1,0.0,19.2,0.16,0.08,0.16,0.0,0.3,0.5,0.0,0.25,,0.4,0.667,1.0,0.0,0,0.2,1,0
496,Luke Kornet,26,3TM,C,15,0,103,4.5,9.4,0.481,0.0,1.7,0.0,4.5,7.7,0.591,0.481,1.4,2.1,0.667,4.5,5.6,10.1,3.1,1.0,1.0,0.0,3.1,10.5,,kornelu01,16.6,0.506,0.185,0.222,14.0,16.4,15.2,12.4,1.4,2.6,0.0,12.7,0.2,0.2,0.4,0.194,-0.9,0.4,-0.5,0.0,8.8,0.519,0.222,0.074,0.0,0.591,0.643,0.667,0.0,,0.0,0.692,,0.185,4,0.0,0,0
496,Luke Kornet,26,CLE,C,2,0,15,2.4,12.0,0.2,0.0,2.4,0.0,2.4,9.6,0.25,0.2,4.8,7.2,0.667,4.8,2.4,7.2,2.4,0.0,2.4,0.0,2.4,9.6,,kornelu01,8.7,0.316,0.2,0.6,15.1,7.2,11.1,8.8,0.0,5.9,0.0,18.6,0.0,0.0,0.0,0.008,-6.7,-3.2,-9.9,0.0,7.7,0.6,0.2,0.0,0.0,0.25,0.333,0.0,,,0.0,1.0,,0.0,0,0.0,0,0
496,Luke Kornet,26,MIL,C,1,0,3,0.0,12.0,0.0,0.0,0.0,,0.0,12.0,0.0,0.0,0.0,0.0,,12.0,0.0,12.0,0.0,0.0,0.0,0.0,12.0,0.0,,kornelu01,-5.0,0.0,0.0,0.0,36.1,0.0,17.7,0.0,0.0,0.0,0.0,14.2,0.0,0.0,0.0,-0.154,-14.2,-10.5,-24.7,0.0,11.9,0.0,0.0,1.0,0.0,0.0,,,0.0,,,,,0.0,0,,0,0
496,Luke Kornet,26,BOS,C,12,0,85,5.1,8.9,0.571,0.0,1.7,0.0,5.1,7.2,0.706,0.571,0.8,1.3,0.667,4.2,6.4,10.6,3.4,1.3,0.8,0.0,3.0,11.0,,kornelu01,18.8,0.582,0.19,0.143,13.0,18.6,15.9,13.5,1.8,2.1,0.0,11.6,0.3,0.2,0.4,0.239,0.6,1.4,2.1,0.1,6.9,0.524,0.238,0.048,0.0,0.706,0.727,0.8,0.0,,0.0,0.667,,0.238,4,0.0,0,0
497,Chris Silva,25,2TM,PF,10,0,91,3.2,5.9,0.533,0.0,0.0,,3.2,5.9,0.533,0.533,4.0,4.7,0.833,5.1,9.1,14.2,2.8,0.0,0.4,3.2,7.9,10.3,,silvach01,11.6,0.641,0.0,0.8,16.5,28.2,22.4,10.6,0.0,1.2,28.3,13.8,0.1,0.1,0.3,0.137,-5.0,0.1,-4.9,-0.1,4.0,0.533,0.4,0.0,0.067,0.533,0.75,0.333,,0.0,,0.75,,0.133,2,,0,0
497,Chris Silva,25,MIN,PF,1,0,3,0.0,0.0,,0.0,0.0,,0.0,0.0,,,0.0,0.0,,0.0,12.0,12.0,0.0,0.0,0.0,0.0,0.0,0.0,,silvach01,3.8,,,,0.0,36.6,17.9,0.0,0.0,0.0,,0.0,0.0,0.0,0.0,0.052,-5.3,-0.5,-5.8,0.0,,,,,,,,,,,,,,,0,,0,0
497,Chris Silva,25,MIA,PF,9,0,88,3.3,6.1,0.533,0.0,0.0,,3.3,6.1,0.533,0.533,4.1,4.9,0.833,5.3,9.0,14.3,2.9,0.0,0.4,3.3,8.2,10.6,,silvach01,11.9,0.641,0.0,0.8,17.0,27.9,22.6,10.9,0.0,1.2,28.3,14.3,0.1,0.1,0.3,0.14,-5.0,0.1,-4.9,-0.1,4.0,0.533,0.4,0.0,0.067,0.533,0.75,0.333,,0.0,,0.75,,0.133,2,,0,0
498,Tyler Johnson,29,2TM,PG,6,0,91,2.4,7.9,0.3,2.0,5.1,0.385,0.4,2.8,0.143,0.425,0.0,0.0,,1.2,3.6,4.7,2.8,1.2,1.2,0.8,2.8,6.7,,johnsty01,7.1,0.425,0.65,0.0,3.5,10.7,7.1,9.5,1.6,2.8,9.1,10.5,0.0,0.1,0.1,0.033,-3.9,0.8,-3.0,0.0,22.2,0.0,0.0,0.15,0.2,0.143,,,0.0,0.25,0.385,1.0,1.0,0.0,0,0.308,0,0
498,Tyler Johnson,29,PHI,PG,3,0,38,3.8,9.5,0.4,2.8,6.6,0.429,0.9,2.8,0.333,0.55,0.0,0.0,,0.9,4.7,5.7,1.9,0.9,0.9,0.9,3.8,10.4,,johnsty01,9.4,0.55,0.7,0.0,3.0,14.4,8.8,7.4,1.3,2.4,9.1,13.0,0.0,0.0,0.1,0.072,-2.4,0.5,-2.0,0.0,23.6,0.0,0.0,0.1,0.2,0.333,,,0.0,0.5,0.429,1.0,1.0,0.0,0,0.0,0,0
498,Tyler Johnson,29,SAS,PG,3,0,53,1.4,6.8,0.2,1.4,4.1,0.333,0.0,2.7,0.0,0.3,0.0,0.0,,1.4,2.7,4.1,3.4,1.4,1.4,0.7,2.0,4.1,,johnsty01,5.5,0.3,0.6,0.0,3.9,8.0,5.9,11.0,1.8,3.2,9.1,8.8,0.0,0.0,0.0,0.006,-4.9,1.1,-3.8,0.0,20.8,0.0,0.0,0.2,0.2,0.0,,,0.0,0.0,0.333,,1.0,0.0,0,0.667,0,0
499,Devon Dotson,22,CHI,PG,11,0,85,4.7,9.7,0.478,0.8,3.8,0.222,3.8,5.9,0.643,0.522,2.1,3.8,0.556,0.4,3.4,3.8,6.4,0.4,0.0,2.1,4.7,12.3,,dotsode01,9.8,0.538,0.391,0.391,1.3,10.5,6.0,23.9,0.6,0.0,15.6,16.6,0.1,0.0,0.1,0.048,-3.4,-1.5,-4.9,-0.1,12.2,0.478,0.0,0.13,0.0,0.643,0.818,,0.0,,0.222,0.556,1.0,0.0,0,0.333,0,0
500,Udonis Haslem,41,MIA,C,13,0,83,6.1,13.4,0.452,0.4,1.7,0.25,5.6,11.7,0.481,0.468,1.3,1.3,1.0,1.7,9.1,10.8,1.7,0.4,0.4,2.2,6.5,13.9,,hasleud01,8.6,0.495,0.129,0.097,5.6,28.2,17.1,7.4,0.6,1.3,13.4,20.0,-0.1,0.1,0.1,0.033,-6.4,-0.7,-7.1,-0.1,9.4,0.419,0.161,0.194,0.097,0.481,0.692,0.0,0.5,0.333,0.25,0.769,1.0,0.0,0,0.75,0,0
501,Wes Iwundu,27,ATL,SF,3,1,82,3.5,7.9,0.444,1.3,2.2,0.6,2.2,5.7,0.385,0.528,1.3,1.8,0.75,1.3,4.4,5.7,0.0,0.4,0.0,0.4,3.5,9.7,,iwundwe01,7.1,0.557,0.278,0.222,4.0,13.3,8.7,0.0,0.6,0.0,4.8,11.1,0.1,0.0,0.1,0.046,-4.1,-2.7,-6.8,-0.1,12.3,0.278,0.167,0.111,0.167,0.385,0.4,0.333,0.0,0.667,0.6,0.6,0.667,0.0,0,0.6,0,0
502,Bol Bol,22,DEN,PF,14,0,81,6.7,12.0,0.556,0.4,1.8,0.25,6.2,10.2,0.609,0.574,0.9,2.2,0.4,1.8,7.1,8.9,2.2,0.4,0.9,1.8,1.8,14.7,,bolbo01,13.5,0.565,0.148,0.185,5.7,21.4,13.8,9.1,0.6,2.2,12.0,18.0,0.0,0.1,0.1,0.065,-0.5,-0.4,-1.0,0.0,10.6,0.296,0.185,0.296,0.074,0.609,0.875,0.8,0.375,0.0,0.25,1.0,1.0,0.222,5,0.25,0,0
503,Carsen Edwards,23,DET,SG,4,0,79,4.1,13.7,0.3,1.8,7.3,0.25,2.3,6.4,0.357,0.367,0.5,0.5,1.0,0.9,1.8,2.7,6.4,0.9,0.0,2.3,1.8,10.5,,edwarca01,5.5,0.378,0.533,0.033,2.6,5.8,4.1,26.2,1.2,0.0,14.1,19.2,-0.1,0.0,-0.1,-0.075,-6.0,-3.4,-9.3,-0.1,17.6,0.233,0.067,0.1,0.067,0.357,0.286,0.0,0.333,1.0,0.25,0.4,0.25,0.0,0,0.063,0,0
504,Ryan Arcidiacono,27,NYK,PG,10,0,76,2.8,5.7,0.5,1.9,4.3,0.444,0.9,1.4,0.667,0.667,0.0,0.0,,0.0,3.8,3.8,1.9,0.5,0.0,1.4,2.4,7.6,,arcidry01,6.1,0.667,0.75,0.0,0.0,11.5,5.7,7.5,0.7,0.0,20.0,8.6,0.0,0.1,0.1,0.052,-4.6,0.0,-4.6,-0.1,21.5,0.0,0.083,0.167,0.0,0.667,,1.0,0.5,,0.444,1.0,1.0,0.0,0,0.222,0,0
505,Tyrone Wallace,27,NOP,SG,6,0,75,3.4,9.6,0.35,1.0,3.8,0.25,2.4,5.8,0.417,0.4,0.5,2.4,0.2,0.0,3.8,3.8,0.5,1.4,0.5,1.0,3.4,8.2,,wallaty01,2.5,0.383,0.4,0.25,0.0,12.1,5.9,1.8,2.0,1.3,8.3,13.9,-0.2,0.1,-0.1,-0.057,-7.7,-0.6,-8.2,-0.1,13.0,0.35,0.15,0.05,0.05,0.417,0.714,0.0,0.0,0.0,0.25,1.0,1.0,0.0,0,0.375,0,0
506,Isaiah Todd,20,WAS,PF,12,0,74,3.4,12.6,0.269,1.9,7.8,0.25,1.5,4.9,0.3,0.346,1.0,2.9,0.333,1.5,4.4,5.8,1.9,1.9,1.0,1.9,1.9,9.7,,toddis01,4.7,0.349,0.615,0.231,4.6,13.3,9.0,7.3,2.7,2.3,12.3,19.6,-0.2,0.1,-0.2,-0.104,-5.7,-1.2,-6.9,-0.1,18.0,0.154,0.115,0.077,0.038,0.3,0.25,0.333,0.0,1.0,0.25,0.667,1.0,0.0,0,0.563,0,0
507,Trevelin Queen,24,HOU,SG,10,0,74,7.3,16.1,0.455,4.4,11.7,0.375,2.9,4.4,0.667,0.591,1.9,1.9,1.0,3.4,4.4,7.8,1.9,2.4,0.5,3.4,2.9,20.9,,queentr01,18.2,0.619,0.727,0.121,10.3,13.4,11.9,8.8,3.2,1.2,16.8,23.9,0.1,0.1,0.1,0.08,2.7,-0.8,1.9,0.1,19.6,0.242,0.03,0.0,0.0,0.667,0.75,0.0,,,0.375,0.5,0.556,0.03,1,0.167,0,0
508,Aleem Ford,24,ORL,SF,5,0,74,2.9,9.7,0.3,1.0,7.3,0.133,1.9,2.4,0.8,0.35,0.0,0.0,,1.0,6.3,7.3,1.0,0.5,0.0,1.9,3.4,6.8,,fordal03,0.5,0.35,0.75,0.0,2.8,18.6,10.7,3.8,0.7,0.0,16.7,14.0,-0.2,0.1,-0.2,-0.103,-9.1,-2.2,-11.4,-0.2,19.5,0.15,0.1,0.0,0.0,0.8,1.0,0.5,,,0.133,0.75,1.0,0.05,1,0.2,0,0
509,Quinndary Weatherspoon,25,GSW,SG,11,0,73,5.9,10.4,0.571,0.5,2.5,0.2,5.4,7.9,0.688,0.595,2.5,2.5,1.0,1.0,5.9,6.9,2.5,0.5,0.5,1.5,7.4,14.8,,weathqu01,12.0,0.647,0.238,0.238,3.1,17.4,10.5,10.1,0.7,1.3,11.5,15.7,0.1,0.1,0.2,0.148,-4.5,0.1,-4.4,0.0,8.5,0.476,0.238,0.048,0.0,0.688,0.8,0.6,0.0,,0.2,0.818,1.0,0.048,1,0.2,0,0
510,Yves Pons,22,MEM,SF,12,0,71,2.5,8.1,0.313,1.5,4.6,0.333,1.0,3.5,0.286,0.406,0.0,1.0,0.0,2.5,3.5,6.1,0.5,0.5,2.0,0.5,3.0,6.6,,ponsyv01,5.9,0.385,0.563,0.125,7.2,10.6,8.8,1.7,0.7,5.0,5.6,10.3,0.0,0.1,0.0,0.03,-4.9,-1.7,-6.6,-0.1,15.0,0.25,0.125,0.063,0.0,0.286,0.25,0.0,1.0,,0.333,0.0,1.0,0.313,1,0.556,0,0
511,Rayjon Tucker,24,2TM,SG,5,0,71,3.0,4.6,0.667,2.0,2.5,0.8,1.0,2.0,0.5,0.889,2.5,3.5,0.714,1.5,2.5,4.1,5.1,2.0,0.0,0.5,2.5,10.6,,tuckera01,17.7,0.869,0.556,0.778,4.7,7.5,6.1,18.1,2.7,0.0,7.6,7.9,0.3,0.1,0.4,0.243,2.3,1.2,3.5,0.1,20.9,0.222,0.0,0.111,0.111,0.5,1.0,,0.0,0.0,0.8,0.0,0.5,0.111,1,0.2,0,0
511,Rayjon Tucker,24,DEN,SG,3,0,29,1.2,2.5,0.5,1.2,2.5,0.5,0.0,0.0,,0.75,3.7,5.0,0.75,1.2,3.7,5.0,5.0,1.2,0.0,0.0,3.7,7.4,,tuckera01,13.6,0.798,1.0,2.0,4.0,11.2,7.7,16.7,1.7,0.0,0.0,5.7,0.1,0.0,0.1,0.213,0.6,1.3,1.9,0.0,25.8,0.0,0.0,0.0,0.0,,,,,,0.5,,0.0,0.0,0,0.0,0,0
511,Rayjon Tucker,24,MIL,SG,2,0,42,4.3,6.0,0.714,2.6,2.6,1.0,1.7,3.4,0.5,0.929,1.7,2.6,0.667,1.7,1.7,3.4,5.1,2.6,0.0,0.9,1.7,12.9,,tuckera01,20.5,0.901,0.429,0.429,5.2,4.9,5.1,19.1,3.4,0.0,10.7,9.5,0.2,0.0,0.2,0.264,3.5,1.1,4.6,0.1,16.0,0.286,0.0,0.143,0.143,0.5,1.0,,0.0,0.0,1.0,0.0,0.667,0.143,1,0.333,0,0
512,Isaac Bonga,22,TOR,SF,15,0,69,1.6,6.8,0.231,0.5,2.1,0.25,1.0,4.7,0.222,0.269,2.6,4.2,0.625,2.1,1.6,3.7,2.1,4.2,1.0,1.0,5.2,6.3,,bongais01,8.7,0.363,0.308,0.615,6.0,5.0,5.5,7.3,5.8,2.8,10.8,11.5,-0.1,0.1,0.1,0.06,-5.4,5.0,-0.4,0.0,11.0,0.385,0.231,0.0,0.077,0.222,0.2,0.333,,0.0,0.25,0.5,1.0,0.0,0,1.0,0,0
513,Brandon Knight,30,DAL,PG,5,0,65,5.5,13.8,0.4,2.2,9.4,0.235,3.3,4.4,0.75,0.48,4.4,4.4,1.0,0.0,4.4,4.4,4.4,0.6,0.0,2.2,2.8,17.7,,knighbr03,13.0,0.561,0.68,0.32,0.0,13.7,6.8,18.6,0.8,0.0,12.3,22.5,0.1,0.1,0.1,0.091,-2.7,-1.9,-4.6,0.0,19.4,0.28,0.04,0.0,0.0,0.75,0.857,0.0,,,0.235,0.667,0.75,0.0,0,0.118,1,0
514,B.J. Johnson,26,ORL,SF,4,0,65,6.1,13.8,0.44,2.2,5.5,0.4,3.9,8.3,0.467,0.52,0.0,0.0,,3.3,5.0,8.3,0.0,0.0,0.6,0.0,2.2,14.4,,johnsbj01,12.1,0.52,0.4,0.0,9.7,14.7,12.2,0.0,0.0,1.4,0.0,16.7,0.1,0.0,0.1,0.065,-0.7,-3.9,-4.7,0.0,16.9,0.2,0.08,0.12,0.2,0.467,0.4,0.0,0.667,0.6,0.4,0.714,1.0,0.04,1,0.2,0,0
515,Kai Jones,21,CHO,C,21,0,63,5.1,8.0,0.643,0.6,1.1,0.5,4.6,6.9,0.667,0.679,1.7,4.6,0.375,1.7,4.6,6.3,2.3,0.6,1.1,3.4,4.6,12.6,,joneska01,9.2,0.628,0.143,0.571,5.0,13.7,9.2,8.6,0.8,3.0,25.5,15.9,0.0,0.0,0.0,0.009,-5.2,-1.4,-6.6,-0.1,7.7,0.5,0.214,0.071,0.071,0.667,1.0,0.333,0.0,0.0,0.5,0.875,1.0,0.5,7,0.5,0,0
516,RJ Nembhard Jr.,22,CLE,SG,14,0,63,3.4,10.3,0.333,0.0,1.1,0.0,3.4,9.1,0.375,0.333,1.7,2.3,0.75,1.7,2.3,4.0,6.9,0.6,0.0,1.7,1.1,8.6,,nembhrj01,8.0,0.38,0.111,0.222,5.4,6.9,6.1,26.1,0.8,0.0,13.2,16.0,0.0,0.0,0.0,0.01,-4.4,-1.5,-6.0,-0.1,8.0,0.389,0.333,0.111,0.056,0.375,0.857,0.0,0.0,0.0,0.0,0.5,,0.0,0,0.0,0,0
517,Malik Fitts,24,2TM,PF,15,0,63,4.6,10.9,0.421,2.9,5.7,0.5,1.7,5.1,0.333,0.553,0.0,0.0,,1.1,8.6,9.7,2.9,0.0,0.0,1.1,2.3,12.0,,fittsma01,10.7,0.553,0.526,0.0,3.5,25.2,14.7,12.7,0.0,0.0,9.5,14.6,0.1,0.1,0.1,0.097,-0.6,-0.5,-1.1,0.0,16.7,0.211,0.158,0.053,0.053,0.333,0.75,0.0,0.0,0.0,0.5,1.0,1.0,0.053,1,0.5,1,1
517,Malik Fitts,24,UTA,PF,7,0,35,2.1,9.3,0.222,2.1,4.1,0.5,0.0,5.1,0.0,0.333,0.0,0.0,,0.0,10.3,10.3,0.0,0.0,0.0,2.1,3.1,6.2,,fittsma01,-1.6,0.333,0.444,0.0,0.0,30.3,15.6,0.0,0.0,0.0,18.2,13.7,-0.1,0.0,-0.1,-0.104,-7.9,-1.9,-9.8,-0.1,18.1,0.111,0.222,0.111,0.111,0.0,0.0,0.0,0.0,0.0,0.5,,1.0,0.0,0,0.25,1,1
517,Malik Fitts,24,BOS,PF,8,0,28,7.7,12.9,0.6,3.9,7.7,0.5,3.9,5.1,0.75,0.75,0.0,0.0,,2.6,6.4,9.0,6.4,0.0,0.0,0.0,1.3,19.3,,fittsma01,26.1,0.75,0.6,0.0,7.9,18.8,13.5,28.6,0.0,0.0,0.0,15.7,0.2,0.0,0.2,0.348,8.6,1.2,9.8,0.1,15.4,0.3,0.1,0.0,0.0,0.75,1.0,0.0,,,0.5,1.0,1.0,0.1,1,0.667,0,0
518,Brodric Thomas,25,BOS,SG,12,0,60,4.8,10.8,0.444,1.2,5.4,0.222,3.6,5.4,0.667,0.5,1.8,3.0,0.6,1.2,4.8,6.0,6.6,0.6,0.6,3.6,4.2,12.6,,thomabr01,10.0,0.52,0.5,0.278,3.7,14.1,9.0,26.0,0.8,1.5,22.9,19.2,0.0,0.1,0.1,0.052,-3.6,0.8,-2.8,0.0,14.5,0.389,0.111,0.0,0.0,0.667,0.857,0.0,,,0.222,0.833,0.5,0.167,1,0.111,0,0
519,Tacko Fall,26,CLE,C,11,1,59,3.1,7.3,0.417,0.0,0.0,,3.1,7.3,0.417,0.417,1.2,4.3,0.286,4.3,9.8,14.0,1.2,0.0,3.7,1.8,1.8,7.3,,fallta01,11.3,0.398,0.0,0.583,13.4,29.4,21.6,4.6,0.0,9.1,16.6,13.6,-0.1,0.1,0.1,0.043,-4.1,0.8,-3.4,0.0,3.2,0.667,0.333,0.0,0.0,0.417,0.625,0.0,,,,0.6,,0.25,2,,0,0
520,Sam Merrill,25,MEM,SG,6,0,58,5.0,14.9,0.333,4.3,14.3,0.304,0.6,0.6,1.0,0.479,1.2,2.5,0.5,0.6,3.7,4.3,2.5,0.0,0.0,1.2,1.9,15.5,,merrisa01,7.5,0.485,0.958,0.167,1.8,11.1,6.3,9.0,0.0,0.0,7.2,19.6,0.0,0.0,0.0,0.029,-2.2,-3.4,-5.6,-0.1,18.1,0.042,0.0,0.0,0.0,1.0,1.0,,,,0.304,1.0,0.429,0.0,0,0.174,0,0
521,Gabriel Deck,26,OKC,PF,7,0,56,5.1,9.0,0.571,1.3,2.6,0.5,3.9,6.4,0.6,0.643,0.0,0.0,,0.6,3.2,3.9,3.2,0.6,0.0,1.3,1.3,11.6,,deckga01,11.5,0.643,0.286,0.0,1.8,9.3,5.5,13.7,0.9,0.0,12.5,12.3,0.1,0.0,0.1,0.08,-1.2,-1.3,-2.5,0.0,9.5,0.357,0.071,0.143,0.0,0.6,0.6,1.0,0.5,,0.5,0.667,1.0,0.0,0,0.5,0,0
522,James Ennis III,31,3TM,SF,7,0,56,7.1,15.4,0.458,1.9,5.1,0.375,5.1,10.3,0.5,0.521,2.6,3.2,0.8,3.2,4.5,7.7,1.9,1.3,1.3,1.3,3.2,18.6,,ennisja01,17.7,0.553,0.333,0.208,9.9,13.1,11.6,7.4,1.7,3.1,7.1,22.0,0.1,0.1,0.1,0.114,-0.1,-1.0,-1.1,0.0,10.2,0.542,0.083,0.0,0.042,0.5,0.538,0.5,,0.0,0.375,0.75,1.0,0.0,0,0.125,0,0
522,James Ennis III,31,BRK,SF,2,0,14,5.1,18.0,0.286,2.6,5.1,0.5,2.6,12.9,0.2,0.357,0.0,0.0,,5.1,7.7,12.9,0.0,2.6,2.6,0.0,0.0,12.9,,ennisja01,14.7,0.357,0.286,0.0,16.0,22.7,19.4,0.0,3.5,6.4,0.0,21.5,0.0,0.0,0.0,0.034,-0.5,-0.6,-1.1,0.0,8.3,0.714,0.0,0.0,0.0,0.2,0.2,,,,0.5,1.0,1.0,0.0,0,0.0,0,0
522,James Ennis III,31,LAC,SF,2,0,28,9.0,14.1,0.636,2.6,5.1,0.5,6.4,9.0,0.714,0.727,5.1,5.1,1.0,2.6,3.9,6.4,0.0,1.3,1.3,1.3,5.1,25.7,,ennisja01,26.3,0.784,0.364,0.364,7.8,11.0,9.5,0.0,1.7,3.0,7.3,21.6,0.1,0.0,0.2,0.277,3.7,0.3,4.0,0.0,12.3,0.455,0.091,0.0,0.091,0.714,1.0,0.0,,0.0,0.5,0.8,1.0,0.0,0,0.0,0,0
522,James Ennis III,31,DEN,SF,3,0,14,5.1,15.4,0.333,0.0,5.1,0.0,5.1,10.3,0.5,0.333,0.0,2.6,0.0,2.6,2.6,5.1,7.7,0.0,0.0,2.6,2.6,10.3,,ennisja01,3.7,0.311,0.333,0.167,8.2,7.7,8.0,29.8,0.0,0.0,13.4,23.3,0.0,0.0,0.0,-0.134,-7.2,-4.0,-11.1,0.0,10.0,0.5,0.167,0.0,0.0,0.5,0.333,1.0,,,0.0,0.5,,0.0,0,0.5,0,0
523,D.J. Wilson,25,TOR,PF,4,1,54,7.3,10.0,0.733,0.0,1.3,0.0,7.3,8.7,0.846,0.733,5.3,6.7,0.8,0.7,10.0,10.7,3.3,3.3,0.7,1.3,4.0,20.0,,wilsodj01,27.9,0.773,0.133,0.667,1.9,31.8,16.1,14.6,4.6,1.8,9.3,17.0,0.2,0.1,0.4,0.328,1.8,3.2,5.0,0.1,9.6,0.4,0.133,0.2,0.133,0.846,1.0,0.5,0.667,1.0,0.0,0.727,,0.267,4,0.5,0,0
524,Myles Powell,24,PHI,PG,11,0,52,3.5,11.8,0.294,0.7,4.2,0.167,2.8,7.6,0.364,0.324,1.4,1.4,1.0,0.7,3.5,4.2,2.1,0.7,0.0,2.1,5.5,9.0,,powelmy01,0.2,0.364,0.353,0.118,2.2,10.6,6.4,8.0,1.0,0.0,14.4,18.0,-0.2,0.0,-0.1,-0.109,-10.5,-2.2,-12.7,-0.1,13.5,0.353,0.176,0.0,0.118,0.364,0.667,0.0,,0.0,0.167,0.0,0.0,0.0,0,0.0,0,0
525,Mason Jones,23,LAL,SG,4,0,51,4.9,10.6,0.467,0.7,2.8,0.25,4.2,7.8,0.545,0.5,8.5,10.6,0.8,0.7,6.4,7.1,2.8,1.4,0.0,0.7,5.6,19.1,,jonesma05,17.8,0.625,0.267,1.0,2.1,18.9,10.5,10.9,1.9,0.0,4.4,19.0,0.2,0.0,0.2,0.201,-1.2,0.3,-0.9,0.0,10.5,0.267,0.4,0.067,0.0,0.545,0.75,0.5,0.0,,0.25,0.667,0.0,0.0,0,0.0,0,0
526,Tremont Waters,24,2TM,PG,3,0,50,2.9,10.1,0.286,1.4,6.5,0.222,1.4,3.6,0.4,0.357,0.0,0.0,,0.0,2.9,2.9,5.0,3.6,0.0,2.9,2.9,7.2,,watertr01,5.4,0.357,0.643,0.0,0.0,9.2,4.3,18.2,5.0,0.0,22.2,15.5,-0.1,0.1,0.0,-0.042,-7.8,0.1,-7.7,-0.1,16.4,0.0,0.143,0.143,0.071,0.4,,0.5,0.5,0.0,0.222,0.0,0.5,0.0,0,0.222,0,0
526,Tremont Waters,24,TOR,PG,2,0,42,2.6,10.3,0.25,1.7,7.7,0.222,0.9,2.6,0.333,0.333,0.0,0.0,,0.0,3.4,3.4,6.0,3.4,0.0,3.4,1.7,6.9,,watertr01,5.1,0.333,0.75,0.0,0.0,10.9,5.2,21.7,4.8,0.0,25.0,16.3,-0.1,0.1,-0.1,-0.061,-7.5,-0.6,-8.1,-0.1,25.2,0.0,0.083,0.083,0.083,0.333,,0.0,1.0,0.0,0.222,0.0,0.5,0.0,0,0.222,0,0
526,Tremont Waters,24,WAS,PG,1,0,8,4.5,9.0,0.5,0.0,0.0,,4.5,9.0,0.5,0.5,0.0,0.0,,0.0,0.0,0.0,0.0,4.5,0.0,0.0,9.0,9.0,,watertr01,7.3,0.5,0.0,0.0,0.0,0.0,0.0,0.0,6.2,0.0,0.0,11.1,0.0,0.0,0.0,0.058,-9.4,4.0,-5.4,0.0,7.6,0.0,0.5,0.5,0.0,0.5,,1.0,0.0,,,0.0,,0.0,0,,0,0
527,Cameron McGriff,24,POR,SF,3,0,46,3.9,11.0,0.357,1.6,4.7,0.333,2.3,6.3,0.375,0.429,1.6,1.6,1.0,4.7,7.0,11.7,2.3,0.0,0.8,0.0,5.5,11.0,,mcgrica01,12.5,0.47,0.429,0.143,13.8,22.3,17.9,9.4,0.0,2.1,0.0,14.0,0.1,0.0,0.1,0.097,-1.0,-3.0,-4.0,0.0,13.0,0.357,0.143,0.0,0.071,0.375,0.4,0.5,,0.0,0.333,0.667,0.0,0.0,0,0.333,0,0
528,Miye Oni,24,UTA,SG,16,0,44,1.6,7.4,0.222,0.8,6.5,0.125,0.8,0.8,1.0,0.278,0.0,0.8,0.0,0.8,4.9,5.7,4.1,0.0,0.0,0.8,5.7,4.1,,onimi01,0.4,0.265,0.889,0.111,2.6,14.4,8.7,14.2,0.0,0.0,9.6,10.3,-0.1,0.0,0.0,-0.032,-7.6,-0.3,-7.9,-0.1,21.8,0.111,0.0,0.0,0.0,1.0,1.0,,,,0.125,0.0,1.0,0.0,0,0.625,0,0
529,Gabriel Lundberg,27,PHO,SG,4,0,44,4.1,15.5,0.263,2.5,6.5,0.375,1.6,9.0,0.182,0.342,0.0,0.0,,1.6,4.1,5.7,9.0,2.5,0.0,2.5,5.7,10.6,,lundbga01,7.7,0.342,0.421,0.0,5.0,11.9,8.5,31.5,3.3,0.0,13.6,21.5,-0.1,0.1,0.0,-0.005,-5.3,0.5,-4.8,0.0,19.3,0.158,0.053,0.0,0.368,0.182,0.0,0.0,,0.286,0.375,0.0,0.667,0.0,0,0.0,0,0
530,Vernon Carey Jr.,20,2TM,C,7,1,44,5.7,10.6,0.538,0.0,0.0,,5.7,10.6,0.538,0.538,4.9,10.6,0.462,6.5,3.3,9.8,0.0,1.6,0.8,2.5,3.3,16.4,,careyve01,15.8,0.534,0.0,1.0,19.9,9.8,14.8,0.0,2.2,1.9,13.8,21.6,0.0,0.0,0.1,0.068,-3.0,-4.5,-7.5,-0.1,8.1,0.615,0.0,0.077,0.308,0.538,0.75,,0.0,0.25,,0.286,,0.0,0,,0,0
530,Vernon Carey Jr.,20,CHO,C,4,1,17,6.4,12.7,0.5,0.0,0.0,,6.4,12.7,0.5,0.5,4.2,6.4,0.667,6.4,4.2,10.6,0.0,2.1,0.0,2.1,2.1,16.9,,careyve01,17.2,0.546,0.0,0.5,18.4,12.6,15.6,0.0,2.8,0.0,12.0,20.8,0.0,0.0,0.0,0.099,-2.8,-5.2,-8.0,0.0,7.6,0.667,0.0,0.0,0.333,0.5,0.75,,,0.0,,0.333,,0.0,0,,0,0
530,Vernon Carey Jr.,20,WAS,C,3,0,27,5.3,9.3,0.571,0.0,0.0,,5.3,9.3,0.571,0.571,5.3,13.3,0.4,6.7,2.7,9.3,0.0,1.3,1.3,2.7,4.0,16.0,,careyve01,15.0,0.526,0.0,1.429,20.8,8.1,14.4,0.0,1.8,3.1,14.9,22.1,0.0,0.0,0.0,0.049,-3.2,-4.1,-7.3,0.0,8.6,0.571,0.0,0.143,0.286,0.571,0.75,,0.0,0.5,,0.25,,0.0,0,,0,0
531,Jared Harper,24,NOP,PG,5,0,43,11.7,21.8,0.538,4.2,10.0,0.417,7.5,11.7,0.643,0.635,3.3,3.3,1.0,1.7,0.0,1.7,11.7,3.3,0.8,1.7,4.2,31.0,,harpeja01,36.9,0.666,0.462,0.154,5.0,0.0,2.6,64.1,4.6,2.2,6.7,29.7,0.3,0.1,0.4,0.422,14.2,3.1,17.3,0.2,16.8,0.192,0.115,0.077,0.154,0.643,0.4,1.0,0.5,0.75,0.417,0.333,0.6,0.038,1,0.083,0,0
532,Cameron Oliver,25,ATL,SF,2,0,43,8.4,12.6,0.667,0.8,2.5,0.333,7.5,10.0,0.75,0.7,1.7,2.5,0.667,1.7,3.3,5.0,2.5,0.8,0.8,0.0,4.2,19.3,,oliveca01,21.4,0.705,0.2,0.2,5.1,10.1,7.6,11.1,1.1,2.1,0.0,16.6,0.2,0.0,0.2,0.219,2.3,-0.5,1.7,0.0,7.8,0.6,0.133,0.0,0.067,0.75,0.667,1.0,,1.0,0.333,0.778,1.0,0.067,1,0.333,0,0
533,Robert Woodard II,22,SAC,SF,12,0,42,1.7,13.7,0.125,0.9,3.4,0.25,0.9,10.3,0.083,0.156,1.7,1.7,1.0,4.3,5.1,9.4,2.6,0.9,0.9,0.9,2.6,6.0,,woodaro01,2.1,0.207,0.25,0.125,12.8,15.7,14.3,9.0,1.1,2.1,5.6,18.3,-0.2,0.0,-0.1,-0.147,-6.8,-3.6,-10.4,-0.1,12.7,0.188,0.25,0.125,0.188,0.083,0.333,0.0,0.0,0.0,0.25,1.0,1.0,0.063,1,0.25,0,0
534,Sharife Cooper,20,ATL,PG,13,0,39,2.8,12.9,0.214,0.9,5.5,0.167,1.8,7.4,0.25,0.25,0.0,0.0,,0.0,4.6,4.6,4.6,0.0,0.0,4.6,0.9,6.5,,coopesh01,-5.4,0.25,0.429,0.0,0.0,14.0,7.0,16.3,0.0,0.0,26.3,21.3,-0.2,0.0,-0.2,-0.297,-11.3,-5.0,-16.3,-0.1,11.6,0.5,0.071,0.0,0.0,0.25,0.143,1.0,,,0.167,0.5,0.0,0.0,0,0.333,0,0
535,Cassius Winston,23,WAS,PG,7,0,39,3.7,10.2,0.364,1.8,5.5,0.333,1.8,4.6,0.4,0.455,3.7,3.7,1.0,0.0,0.9,0.9,6.5,0.0,0.0,2.8,8.3,12.9,,winstca01,6.0,0.549,0.545,0.364,0.0,2.8,1.4,24.4,0.0,0.0,19.0,18.0,0.0,0.0,0.0,0.015,-5.9,-3.5,-9.3,-0.1,19.1,0.091,0.091,0.182,0.091,0.4,0.0,0.0,0.5,1.0,0.333,0.5,1.0,0.0,0,0.167,0,0
536,Xavier Sneed,24,2TM,SF,9,0,39,1.8,9.2,0.2,0.9,7.4,0.125,0.9,1.8,0.5,0.25,0.0,0.0,,1.8,3.7,5.5,0.9,0.0,0.0,0.0,1.8,4.6,,sneedxa01,0.4,0.25,0.8,0.0,5.5,10.9,8.3,3.3,0.0,0.0,0.0,11.0,-0.1,0.0,0.0,-0.056,-6.9,-3.7,-10.6,-0.1,22.2,0.1,0.0,0.1,0.0,0.5,1.0,,0.0,,0.125,0.0,1.0,0.0,0,0.5,0,0
536,Xavier Sneed,24,MEM,SF,2,0,8,0.0,9.0,0.0,0.0,9.0,0.0,0.0,0.0,,0.0,0.0,0.0,,4.5,4.5,9.0,0.0,0.0,0.0,0.0,9.0,0.0,,sneedxa01,-7.1,0.0,1.0,0.0,12.8,13.4,13.1,0.0,0.0,0.0,0.0,10.2,0.0,0.0,0.0,-0.143,-14.5,-5.5,-19.9,0.0,24.3,0.0,0.0,0.0,0.0,,,,,,0.0,,,0.0,0,0.5,0,0
536,Xavier Sneed,24,UTA,SF,7,0,31,2.3,9.3,0.25,1.2,7.0,0.167,1.2,2.3,0.5,0.313,0.0,0.0,,1.2,3.5,4.6,1.2,0.0,0.0,0.0,0.0,5.8,,sneedxa01,2.4,0.313,0.75,0.0,3.7,10.3,7.1,4.1,0.0,0.0,0.0,11.2,0.0,0.0,0.0,-0.033,-4.9,-3.3,-8.2,0.0,20.1,0.125,0.0,0.125,0.0,0.5,1.0,,0.0,,0.167,0.0,1.0,0.0,0,0.5,0,0
537,Nik Stauskas,28,2TM,SG,8,0,39,4.6,12.9,0.357,3.7,9.2,0.4,0.9,3.7,0.25,0.5,3.7,5.5,0.667,0.9,1.8,2.8,1.8,0.0,0.0,0.9,0.9,16.6,,stausni01,10.5,0.541,0.714,0.429,3.0,5.7,4.4,7.3,0.0,0.0,5.7,20.0,0.0,0.0,0.1,0.078,-0.9,-2.7,-3.6,0.0,21.3,0.071,0.071,0.071,0.071,0.25,0.0,0.0,1.0,0.0,0.4,1.0,0.75,0.0,0,0.5,0,0
537,Nik Stauskas,28,MIA,SG,2,0,24,4.5,12.0,0.375,3.0,6.0,0.5,1.5,6.0,0.25,0.5,4.5,6.0,0.75,1.5,3.0,4.5,1.5,0.0,0.0,0.0,1.5,16.5,,stausni01,13.1,0.564,0.5,0.5,4.8,9.3,7.1,6.0,0.0,0.0,0.0,18.1,0.1,0.0,0.1,0.142,0.0,-1.3,-1.3,0.0,17.4,0.125,0.125,0.125,0.125,0.25,0.0,0.0,1.0,0.0,0.5,1.0,1.0,0.0,0,0.75,0,0
537,Nik Stauskas,28,BOS,SG,6,0,15,4.8,14.4,0.333,4.8,14.4,0.333,0.0,0.0,,0.5,2.4,4.8,0.5,0.0,0.0,0.0,2.4,0.0,0.0,2.4,0.0,16.8,,stausni01,6.2,0.509,1.0,0.333,0.0,0.0,0.0,9.4,0.0,0.0,12.7,23.1,0.0,0.0,0.0,-0.025,-2.4,-4.8,-7.3,0.0,25.2,0.0,0.0,0.0,0.0,,,,,,0.333,,0.5,0.0,0,0.333,0,0
538,Petr Cornelie,26,DEN,PF,13,0,38,4.7,14.2,0.333,0.9,7.6,0.125,3.8,6.6,0.571,0.367,2.8,3.8,0.75,6.6,6.6,13.3,2.8,0.9,0.9,3.8,6.6,13.3,,cornepe01,9.6,0.418,0.533,0.267,21.3,19.9,20.6,10.8,1.3,2.4,19.3,24.0,-0.1,0.0,0.0,-0.015,-6.1,-2.7,-8.8,-0.1,15.9,0.333,0.067,0.0,0.067,0.571,0.6,1.0,,0.0,0.125,1.0,1.0,0.267,2,0.375,0,0
539,Darren Collison,34,LAL,PG,3,0,37,1.9,6.8,0.286,0.0,2.9,0.0,1.9,3.9,0.5,0.286,0.0,0.0,,0.0,3.9,3.9,1.9,1.0,0.0,1.0,4.9,3.9,,collida01,-0.2,0.286,0.429,0.0,0.0,11.6,5.8,6.8,1.3,0.0,12.5,9.3,-0.1,0.0,-0.1,-0.07,-10.0,-0.9,-10.9,-0.1,16.1,0.286,0.0,0.0,0.286,0.5,1.0,,,0.0,0.0,1.0,,0.0,0,1.0,0,0
540,Justin Jackson,26,2TM,SF,7,0,37,4.9,14.6,0.333,2.9,8.8,0.333,1.9,5.8,0.333,0.433,1.9,1.9,1.0,1.0,5.8,6.8,1.9,0.0,0.0,1.0,2.9,14.6,,jacksju01,7.7,0.472,0.6,0.133,3.0,16.9,10.1,7.1,0.0,0.0,5.9,19.7,0.0,0.0,0.0,0.032,-2.2,-1.1,-3.3,0.0,20.4,0.0,0.2,0.067,0.133,0.333,,0.667,0.0,0.0,0.333,1.0,1.0,0.0,0,0.111,0,0
540,Justin Jackson,26,BOS,SF,1,0,2,0.0,18.0,0.0,0.0,0.0,,0.0,18.0,0.0,0.0,36.0,36.0,1.0,0.0,0.0,0.0,0.0,0.0,0.0,0.0,0.0,36.0,,jacksju01,22.7,0.532,0.0,2.0,0.0,0.0,0.0,0.0,0.0,0.0,0.0,41.4,0.0,0.0,0.0,0.251,1.9,-4.4,-2.5,0.0,20.9,0.0,0.0,0.0,1.0,0.0,,,,0.0,,,,0.0,0,,0,0
540,Justin Jackson,26,PHO,SF,6,0,35,5.1,14.4,0.357,3.1,9.3,0.333,2.1,5.1,0.4,0.464,0.0,0.0,,1.0,6.2,7.2,2.1,0.0,0.0,1.0,3.1,13.4,,jacksju01,6.8,0.464,0.643,0.0,3.1,17.9,10.7,7.5,0.0,0.0,6.7,18.4,0.0,0.0,0.0,0.019,-2.5,-0.9,-3.4,0.0,19.8,0.0,0.214,0.071,0.071,0.4,,0.667,0.0,0.0,0.333,1.0,1.0,0.0,0,0.111,0,0
541,Marko Simonovic,22,CHI,C,9,0,35,4.1,15.4,0.267,1.0,5.1,0.2,3.1,10.3,0.3,0.3,8.2,11.3,0.727,5.1,5.1,10.3,0.0,1.0,1.0,2.1,6.2,17.5,,simonma01,10.2,0.428,0.333,0.733,16.2,16.0,16.1,0.0,1.4,2.5,9.2,27.5,0.0,0.0,0.0,-0.011,-6.1,-5.0,-11.1,-0.1,12.2,0.333,0.2,0.0,0.133,0.3,0.6,0.0,,0.0,0.2,0.667,1.0,0.067,1,0.0,0,0
542,Cheick Diallo,25,DET,C,3,0,31,3.5,9.3,0.375,0.0,0.0,,3.5,9.3,0.375,0.375,5.8,7.0,0.833,4.6,9.3,13.9,0.0,1.2,0.0,1.2,7.0,12.8,,diallch01,12.3,0.517,0.0,0.75,13.3,29.4,20.9,0.0,1.6,0.0,8.6,16.1,0.0,0.0,0.1,0.108,-4.2,-3.3,-7.5,0.0,3.1,0.375,0.625,0.0,0.0,0.375,0.667,0.2,,,,0.333,,0.125,1,,0,0
543,Micah Potter,23,DET,C,3,0,31,5.8,12.8,0.455,0.0,2.3,0.0,5.8,10.5,0.556,0.455,2.3,2.3,1.0,4.6,5.8,10.5,0.0,1.2,1.2,1.2,4.6,13.9,,pottemi01,13.6,0.505,0.182,0.182,13.3,18.4,15.7,0.0,1.6,2.9,7.8,17.8,0.0,0.0,0.0,0.073,-4.0,-3.0,-7.1,0.0,8.3,0.364,0.273,0.182,0.0,0.556,0.5,0.667,0.5,,0.0,0.6,,0.0,0,0.0,0,0
544,Juwan Morgan,24,2TM,PF,2,0,31,2.3,3.5,0.667,1.2,2.3,0.5,1.2,1.2,1.0,0.833,0.0,0.0,,2.3,2.3,4.6,1.2,0.0,0.0,0.0,3.5,5.8,,morgaju01,8.3,0.833,0.667,0.0,6.6,7.4,7.0,4.2,0.0,0.0,0.0,4.1,0.1,0.0,0.1,0.124,-3.3,-3.9,-7.1,0.0,17.1,0.333,0.0,0.0,0.0,1.0,1.0,,,,0.5,1.0,1.0,0.0,0,0.0,0,0
544,Juwan Morgan,24,TOR,PF,1,0,27,2.7,4.0,0.667,1.3,2.7,0.5,1.3,1.3,1.0,0.833,0.0,0.0,,2.7,2.7,5.3,1.3,0.0,0.0,0.0,4.0,6.7,,morgaju01,9.5,0.833,0.667,0.0,7.6,8.5,8.0,4.8,0.0,0.0,0.0,4.8,0.1,0.0,0.1,0.139,-3.2,-4.2,-7.3,0.0,17.1,0.333,0.0,0.0,0.0,1.0,1.0,,,,0.5,1.0,1.0,0.0,0,0.0,0,0
544,Juwan Morgan,24,BOS,PF,1,0,4,0.0,0.0,,0.0,0.0,,0.0,0.0,,,0.0,0.0,,0.0,0.0,0.0,0.0,0.0,0.0,0.0,0.0,0.0,,morgaju01,0.0,,,,0.0,0.0,0.0,0.0,0.0,0.0,,0.0,0.0,0.0,0.0,0.024,-4.0,-2.0,-6.0,0.0,,,,,,,,,,,,,,,0,,0,0
545,Jordan Schakel,23,WAS,SG,4,0,30,1.2,13.2,0.091,1.2,7.2,0.167,0.0,6.0,0.0,0.136,2.4,2.4,1.0,2.4,7.2,9.6,0.0,1.2,0.0,1.2,0.0,6.0,,schakjo01,-1.2,0.21,0.545,0.182,7.5,21.8,14.8,0.0,1.6,0.0,7.8,19.1,-0.2,0.0,-0.1,-0.204,-8.6,-4.3,-13.0,-0.1,17.8,0.091,0.273,0.0,0.091,0.0,0.0,0.0,,0.0,0.167,,1.0,0.0,0,0.167,0,0
546,Daniel Oturu,22,TOR,C,3,0,27,4.0,8.0,0.5,0.0,1.3,0.0,4.0,6.7,0.6,0.5,4.0,6.7,0.6,1.3,5.3,6.7,0.0,0.0,2.7,0.0,1.3,12.0,,oturuda01,13.4,0.549,0.167,0.833,3.8,17.0,10.0,0.0,0.0,7.2,0.0,13.0,0.0,0.0,0.1,0.121,-2.7,-2.5,-5.2,0.0,6.8,0.5,0.333,0.0,0.0,0.6,0.667,0.5,,,0.0,0.333,,0.0,0,0.0,0,0
547,Deividas Sirvydis,21,DET,SG,3,0,27,1.3,13.3,0.1,1.3,9.3,0.143,0.0,4.0,0.0,0.15,0.0,0.0,,0.0,8.0,8.0,1.3,4.0,1.3,0.0,5.3,4.0,,sirvyde01,0.1,0.15,0.7,0.0,0.0,25.3,12.0,4.9,5.4,3.3,0.0,15.9,-0.1,0.1,-0.1,-0.139,-10.8,2.2,-8.7,0.0,19.4,0.2,0.1,0.0,0.0,0.0,0.0,0.0,,,0.143,,1.0,0.0,0,0.0,0,0
548,Mac McClung,23,2TM,SG,2,0,25,4.3,8.6,0.5,1.4,4.3,0.333,2.9,4.3,0.667,0.583,1.4,1.4,1.0,0.0,4.3,4.3,1.4,1.4,1.4,4.3,7.2,11.5,,mccluma01,5.2,0.621,0.5,0.167,0.0,12.9,6.5,5.2,1.9,3.6,31.8,16.3,0.0,0.0,0.0,-0.043,-8.4,-1.2,-9.6,0.0,16.3,0.333,0.0,0.0,0.167,0.667,0.5,,,1.0,0.333,1.0,1.0,0.167,1,0.0,0,0
548,Mac McClung,23,CHI,PG,1,0,3,12.0,12.0,1.0,0.0,0.0,,12.0,12.0,1.0,1.0,0.0,0.0,,0.0,0.0,0.0,0.0,0.0,0.0,12.0,0.0,24.0,,mccluma01,8.7,1.0,0.0,0.0,0.0,0.0,0.0,0.0,0.0,0.0,50.0,29.4,0.0,0.0,0.0,-0.251,-6.9,-8.4,-15.3,0.0,16.0,0.0,0.0,0.0,1.0,1.0,,,,1.0,,1.0,,0.0,0,,0,0
548,Mac McClung,23,LAL,SG,1,0,22,3.3,8.2,0.4,1.6,4.9,0.333,1.6,3.3,0.5,0.5,1.6,1.6,1.0,0.0,4.9,4.9,1.6,1.6,1.6,3.3,8.2,9.8,,mccluma01,4.7,0.551,0.6,0.2,0.0,14.6,7.3,6.0,2.2,4.0,26.9,14.5,0.0,0.0,0.0,-0.015,-8.6,-0.2,-8.8,0.0,16.6,0.4,0.0,0.0,0.0,0.5,0.5,,,,0.333,1.0,1.0,0.2,1,0.0,0,0
549,Shaquille Harrison,28,BRK,SG,2,0,23,3.1,9.4,0.333,0.0,3.1,0.0,3.1,6.3,0.5,0.333,0.0,0.0,,1.6,4.7,6.3,4.7,1.6,1.6,3.1,4.7,6.3,,harrish01,4.6,0.333,0.333,0.0,4.9,13.8,9.5,16.6,2.1,3.9,25.0,15.0,-0.1,0.0,0.0,-0.067,-9.0,0.6,-8.3,0.0,9.5,0.5,0.167,0.0,0.0,0.5,0.667,0.0,,,0.0,0.5,,0.0,0,1.0,0,0
550,Carlik Jones,24,2TM,PG,5,0,23,1.6,14.1,0.111,0.0,1.6,0.0,1.6,12.5,0.125,0.111,3.1,3.1,1.0,1.6,3.1,4.7,7.8,1.6,0.0,4.7,0.0,6.3,,jonesca03,-1.8,0.202,0.111,0.222,4.8,9.7,7.3,26.7,2.2,0.0,23.3,25.1,-0.2,0.0,-0.1,-0.285,-11.3,-4.2,-15.5,-0.1,10.1,0.333,0.111,0.333,0.111,0.125,0.333,0.0,0.0,0.0,0.0,0.0,,0.0,0,1.0,0,0
550,Carlik Jones,24,DAL,PG,3,0,19,0.0,13.3,0.0,0.0,1.9,0.0,0.0,11.4,0.0,0.0,3.8,3.8,1.0,1.9,3.8,5.7,9.5,1.9,0.0,5.7,0.0,3.8,,jonesca03,-4.0,0.127,0.143,0.286,5.8,11.7,8.8,32.3,2.6,0.0,27.6,25.8,-0.2,0.0,-0.1,-0.338,-13.0,-4.3,-17.3,-0.1,10.0,0.286,0.143,0.429,0.0,0.0,0.0,0.0,0.0,,0.0,,,0.0,0,1.0,0,0
550,Carlik Jones,24,DEN,PG,2,0,4,9.0,18.0,0.5,0.0,0.0,,9.0,18.0,0.5,0.5,0.0,0.0,,0.0,0.0,0.0,0.0,0.0,0.0,0.0,0.0,18.0,,jonesca03,8.9,0.5,0.0,0.0,0.0,0.0,0.0,0.0,0.0,0.0,0.0,21.9,0.0,0.0,0.0,-0.03,-3.0,-3.7,-6.7,0.0,10.2,0.5,0.0,0.0,0.5,0.5,1.0,,,0.0,,0.0,,0.0,0,,0,0
551,Chandler Hutchison,25,PHO,SF,6,0,22,1.6,3.3,0.5,0.0,0.0,,1.6,3.3,0.5,0.5,3.3,3.3,1.0,0.0,8.2,8.2,3.3,0.0,0.0,6.5,1.6,6.5,,hutchch01,1.0,0.694,0.0,1.0,0.0,23.8,12.2,10.5,0.0,0.0,58.1,13.5,-0.1,0.0,0.0,-0.086,-8.0,-0.5,-8.5,0.0,5.0,0.5,0.5,0.0,0.0,0.5,0.0,1.0,,,,1.0,,0.0,0,,0,0
552,Damyean Dotson,27,NYK,SG,2,0,21,3.4,6.9,0.5,0.0,1.7,0.0,3.4,5.1,0.667,0.5,0.0,0.0,,0.0,3.4,3.4,1.7,0.0,0.0,0.0,0.0,6.9,,dotsoda01,6.4,0.5,0.25,0.0,0.0,10.4,5.1,6.9,0.0,0.0,0.0,8.3,0.0,0.0,0.0,0.045,-3.7,-1.2,-4.9,0.0,11.3,0.25,0.25,0.25,0.0,0.667,1.0,0.0,1.0,,0.0,0.5,,0.0,0,1.0,0,0
553,Gabe York,28,IND,SG,2,0,21,3.4,12.0,0.286,1.7,10.3,0.167,1.7,1.7,1.0,0.357,5.1,8.6,0.6,0.0,3.4,3.4,6.9,3.4,1.7,1.7,6.9,13.7,,yorkga01,12.7,0.435,0.857,0.714,0.0,10.8,5.3,25.1,4.7,4.1,9.8,20.8,0.0,0.0,0.0,0.059,-3.7,2.2,-1.5,0.0,22.4,0.0,0.143,0.0,0.0,1.0,,1.0,,,0.167,1.0,1.0,0.0,0,0.167,0,0
554,Joel Ayayi,21,WAS,SG,7,0,20,1.8,10.8,0.167,0.0,1.8,0.0,1.8,9.0,0.2,0.167,0.0,0.0,,1.8,3.6,5.4,7.2,0.0,0.0,0.0,0.0,3.6,,ayayijo01,3.4,0.167,0.167,0.0,5.6,10.9,8.3,25.4,0.0,0.0,0.0,13.3,0.0,0.0,0.0,-0.098,-4.3,-1.7,-6.0,0.0,12.6,0.167,0.333,0.167,0.167,0.2,0.0,0.0,1.0,0.0,0.0,0.0,,0.0,0,0.0,0,0
555,Jay Huff,23,LAL,C,4,0,20,0.0,5.4,0.0,0.0,3.6,0.0,0.0,1.8,0.0,0.0,0.0,0.0,,1.8,5.4,7.2,1.8,1.8,1.8,1.8,1.8,0.0,,huffja01,0.6,0.0,0.667,0.0,5.4,16.1,10.8,5.9,2.4,4.5,25.0,8.6,-0.1,0.0,0.0,-0.117,-8.3,0.9,-7.4,0.0,19.9,0.0,0.333,0.0,0.0,0.0,,0.0,,,0.0,,,0.0,0,0.0,0,0
556,McKinley Wright IV,23,MIN,PG,5,0,19,3.8,5.7,0.667,1.9,3.8,0.5,1.9,1.9,1.0,0.833,0.0,0.0,,0.0,0.0,0.0,5.7,0.0,0.0,1.9,1.9,9.5,,wrighmc01,9.5,0.833,0.667,0.0,0.0,0.0,0.0,20.9,0.0,0.0,25.0,8.8,0.0,0.0,0.0,0.092,-1.4,-2.8,-4.2,0.0,19.3,0.0,0.333,0.0,0.0,1.0,,1.0,,,0.5,0.0,0.0,0.0,0,0.0,0,0
557,George King,28,DAL,SF,4,0,19,0.0,9.5,0.0,0.0,7.6,0.0,0.0,1.9,0.0,0.0,1.9,3.8,0.5,0.0,9.5,9.5,0.0,0.0,0.0,1.9,7.6,1.9,,kingge03,-12.3,0.085,0.8,0.4,0.0,29.3,14.6,0.0,0.0,0.0,14.5,16.3,-0.1,0.0,-0.1,-0.296,-16.5,-3.5,-20.1,-0.1,19.6,0.0,0.2,0.0,0.0,0.0,,0.0,,,0.0,,,0.0,0,0.75,0,0
558,Norvel Pelle,28,UTA,C,3,0,19,5.7,9.5,0.6,0.0,0.0,,5.7,9.5,0.6,0.6,0.0,0.0,,5.7,5.7,11.4,0.0,0.0,1.9,3.8,1.9,11.4,,pelleno01,12.2,0.6,0.0,0.0,17.9,16.7,17.3,0.0,0.0,4.6,28.6,16.0,0.0,0.0,0.0,0.038,-3.0,-4.1,-7.1,0.0,0.4,1.0,0.0,0.0,0.0,0.6,0.6,,,,,0.667,,0.4,2,,0,0
559,Wayne Selden,27,NYK,SG,3,0,19,1.9,7.6,0.25,1.9,3.8,0.5,0.0,3.8,0.0,0.375,3.8,7.6,0.5,0.0,1.9,1.9,1.9,0.0,0.0,0.0,1.9,9.5,,seldewa01,4.3,0.434,0.5,1.0,0.0,5.8,2.8,7.2,0.0,0.0,0.0,13.3,0.0,0.0,0.0,0.016,-4.3,-1.6,-5.9,0.0,15.9,0.0,0.5,0.0,0.0,0.0,,0.0,,,0.5,,1.0,0.0,0,0.5,0,0
560,Craig Sword,28,WAS,SG,3,0,19,5.7,7.6,0.75,0.0,1.9,0.0,5.7,5.7,1.0,0.75,0.0,0.0,,0.0,0.0,0.0,1.9,7.6,0.0,1.9,13.3,11.4,,swordcr01,14.2,0.75,0.25,0.0,0.0,0.0,0.0,7.7,10.4,0.0,20.0,11.7,0.0,0.0,0.1,0.158,-8.6,10.0,1.4,0.0,7.0,0.75,0.0,0.0,0.0,1.0,1.0,,,,0.0,1.0,,0.0,0,1.0,0,0
561,Eugene Omoruyi,24,DAL,SF,4,0,18,4.0,10.0,0.4,2.0,4.0,0.5,2.0,6.0,0.333,0.5,4.0,8.0,0.5,4.0,10.0,14.0,4.0,0.0,0.0,0.0,4.0,14.0,,omorueu01,17.0,0.518,0.4,0.8,12.3,30.9,21.6,15.8,0.0,0.0,0.0,16.9,0.1,0.0,0.1,0.201,3.3,0.7,4.0,0.0,17.7,0.0,0.2,0.2,0.2,0.333,,1.0,0.0,0.0,0.5,0.0,1.0,0.0,0,0.5,0,0
562,Emanuel Terry,25,PHO,PF,3,0,18,0.0,10.0,0.0,0.0,0.0,,0.0,10.0,0.0,0.0,0.0,0.0,,16.0,14.0,30.0,4.0,2.0,0.0,10.0,8.0,0.0,,terryem01,-0.1,0.0,0.0,0.0,48.9,40.6,44.7,12.2,2.7,0.0,50.0,23.9,-0.1,0.0,-0.1,-0.256,-13.0,-5.3,-18.3,-0.1,2.2,0.6,0.4,0.0,0.0,0.0,0.0,0.0,,,,,,0.0,0,,0,0
563,Scotty Hopson,32,OKC,SG,1,0,18,4.0,8.0,0.5,0.0,2.0,0.0,4.0,6.0,0.667,0.5,0.0,0.0,,0.0,2.0,2.0,2.0,0.0,0.0,4.0,2.0,8.0,,hopsosc01,0.1,0.5,0.25,0.0,0.0,5.8,2.9,8.1,0.0,0.0,33.3,14.4,-0.1,0.0,0.0,-0.132,-8.7,-2.9,-11.6,0.0,17.3,0.0,0.25,0.0,0.5,0.667,,0.0,,1.0,0.0,0.5,,0.0,0,0.0,0,0
564,Aaron Henry,22,PHI,SF,6,0,17,2.1,10.6,0.2,0.0,2.1,0.0,2.1,8.5,0.25,0.2,0.0,0.0,,0.0,2.1,2.1,0.0,0.0,4.2,4.2,4.2,4.2,,henryaa01,-7.4,0.2,0.2,0.0,0.0,6.5,3.3,0.0,0.0,10.6,28.6,18.5,-0.1,0.0,-0.1,-0.306,-14.0,-2.4,-16.5,-0.1,12.0,0.2,0.2,0.4,0.0,0.25,1.0,0.0,0.0,,0.0,1.0,,0.0,0,0.0,0,0
565,Trayvon Palmer,27,DET,SG,1,0,17,0.0,2.1,0.0,0.0,0.0,,0.0,2.1,0.0,0.0,0.0,0.0,,0.0,4.2,4.2,0.0,0.0,0.0,2.1,4.2,0.0,,palmetr01,-5.7,0.0,0.0,0.0,0.0,13.4,6.4,0.0,0.0,0.0,50.0,5.0,-0.1,0.0,0.0,-0.133,-13.1,-1.8,-15.0,-0.1,4.0,0.0,1.0,0.0,0.0,0.0,,0.0,,,,,,0.0,0,,0,0
566,Dakota Mathias,26,MEM,SG,6,0,16,4.5,13.5,0.333,4.5,13.5,0.333,0.0,0.0,,0.5,0.0,0.0,,0.0,4.5,4.5,2.3,2.3,0.0,0.0,2.3,13.5,,mathida01,11.0,0.5,1.0,0.0,0.0,13.4,6.5,8.0,3.0,0.0,0.0,15.4,0.0,0.0,0.0,0.114,-1.4,1.7,0.3,0.0,25.1,0.0,0.0,0.0,0.0,,,,,,0.333,,1.0,0.0,0,0.167,0,0
567,Jaylen Morris,26,SAS,SG,3,0,16,0.0,13.5,0.0,0.0,4.5,0.0,0.0,9.0,0.0,0.0,4.5,9.0,0.5,0.0,4.5,4.5,4.5,0.0,0.0,2.3,4.5,4.5,,morrija01,-11.4,0.129,0.333,0.667,0.0,13.2,6.6,14.0,0.0,0.0,11.4,23.1,-0.1,0.0,-0.1,-0.376,-15.8,-5.7,-21.5,-0.1,11.6,0.5,0.167,0.0,0.0,0.0,0.0,0.0,,,0.0,,,0.167,0,0.0,0,0
568,Sekou Doumbouya,21,LAL,PF,2,0,16,11.3,18.0,0.625,2.3,4.5,0.5,9.0,13.5,0.667,0.688,6.8,9.0,0.75,4.5,9.0,13.5,0.0,6.8,4.5,4.5,2.3,31.5,,doumbse01,40.7,0.717,0.25,0.5,13.5,26.8,20.2,0.0,9.0,11.1,17.0,31.6,0.0,0.1,0.1,0.3,8.8,10.0,18.8,0.1,8.9,0.5,0.25,0.0,0.0,0.667,1.0,0.0,,,0.5,0.5,1.0,0.0,0,0.0,0,0
569,Jemerrio Jones,26,LAL,SF,2,0,15,4.8,7.2,0.667,0.0,0.0,,4.8,7.2,0.667,0.667,0.0,0.0,,4.8,2.4,7.2,0.0,2.4,0.0,0.0,4.8,9.6,,jonesje01,14.8,0.667,0.0,0.0,14.4,7.1,10.8,0.0,3.2,0.0,0.0,8.6,0.0,0.0,0.1,0.17,-1.1,0.1,-1.0,0.0,2.7,0.667,0.333,0.0,0.0,0.667,1.0,0.0,,,,0.5,,0.0,0,,0,0
570,Moses Wright,23,2TM,PF,4,0,14,2.6,10.3,0.25,0.0,2.6,0.0,2.6,7.7,0.333,0.25,7.7,7.7,1.0,2.6,5.1,7.7,5.1,0.0,2.6,0.0,0.0,12.9,,wrighmo01,18.3,0.47,0.25,0.75,7.9,15.9,11.9,16.8,0.0,6.5,0.0,17.1,0.0,0.0,0.1,0.18,1.1,0.4,1.4,0.0,13.2,0.25,0.0,0.5,0.0,0.333,1.0,,0.0,,0.0,1.0,,0.0,0,1.0,0,0
570,Moses Wright,23,LAC,PF,1,0,1,0.0,0.0,,0.0,0.0,,0.0,0.0,,,0.0,0.0,,0.0,0.0,0.0,36.0,0.0,0.0,0.0,0.0,0.0,,wrighmo01,31.2,,,,0.0,0.0,0.0,100.0,0.0,0.0,,0.0,0.0,0.0,0.0,0.443,10.8,13.4,24.2,0.0,,,,,,,,,,,,,,,0,,0,0
570,Moses Wright,23,DAL,PF,3,0,13,2.8,11.1,0.25,0.0,2.8,0.0,2.8,8.3,0.333,0.25,8.3,8.3,1.0,2.8,5.5,8.3,2.8,0.0,2.8,0.0,0.0,13.8,,wrighmo01,17.3,0.47,0.25,0.75,8.5,17.1,12.8,10.4,0.0,7.0,0.0,18.4,0.0,0.0,0.0,0.16,0.3,-0.6,-0.3,0.0,13.2,0.25,0.0,0.5,0.0,0.333,1.0,,0.0,,0.0,1.0,,0.0,0,1.0,0,0
571,Cat Barber,27,ATL,PG,3,0,13,0.0,11.1,0.0,0.0,0.0,,0.0,11.1,0.0,0.0,0.0,11.1,0.0,2.8,5.5,8.3,8.3,0.0,0.0,2.8,2.8,0.0,,barbeca01,-11.2,0.0,0.0,1.0,8.5,16.7,12.6,26.7,0.0,0.0,14.8,22.7,-0.1,0.0,-0.1,-0.45,-15.8,-7.6,-23.5,-0.1,9.6,0.5,0.0,0.0,0.5,0.0,0.0,,,0.0,,,,0.0,0,,0,0
572,Jarron Cumberland,24,POR,SG,3,0,12,3.0,6.0,0.5,0.0,3.0,0.0,3.0,3.0,1.0,0.5,0.0,0.0,,3.0,6.0,9.0,3.0,0.0,0.0,0.0,6.0,6.0,,cumbeja01,8.4,0.5,0.5,0.0,8.8,19.0,13.7,11.6,0.0,0.0,0.0,7.2,0.0,0.0,0.0,0.079,-4.4,-2.2,-6.6,0.0,15.8,0.5,0.0,0.0,0.0,1.0,1.0,,,,0.0,1.0,,0.0,0,0.0,0,0
573,JaQuori McLaughlin,24,DAL,PG,4,0,11,0.0,6.5,0.0,0.0,3.3,0.0,0.0,3.3,0.0,0.0,0.0,0.0,,0.0,0.0,0.0,6.5,0.0,0.0,0.0,3.3,0.0,,mclauja01,-2.9,0.0,0.5,0.0,0.0,0.0,0.0,22.3,0.0,0.0,0.0,8.2,0.0,0.0,0.0,-0.101,-9.4,-4.2,-13.6,0.0,21.9,0.0,0.0,0.0,0.5,0.0,,,,0.0,0.0,,,0.0,0,1.0,0,0
574,Rob Edwards,25,OKC,SG,2,0,11,3.3,13.1,0.25,3.3,13.1,0.25,0.0,0.0,,0.375,0.0,0.0,,0.0,9.8,9.8,0.0,0.0,0.0,3.3,0.0,9.8,,edwarro01,-0.8,0.375,1.0,0.0,0.0,28.5,14.0,0.0,0.0,0.0,20.0,19.6,-0.1,0.0,0.0,-0.181,-8.3,-2.9,-11.2,0.0,24.3,0.0,0.0,0.0,0.0,,,,,,0.25,,0.0,0.0,0,0.5,0,0
575,Emmanuel Mudiay,25,SAC,PG,2,0,11,0.0,6.5,0.0,0.0,0.0,,0.0,6.5,0.0,0.0,9.8,13.1,0.75,0.0,0.0,0.0,13.1,3.3,0.0,3.3,3.3,9.8,,mudiaem01,12.3,0.399,0.0,2.0,0.0,0.0,0.0,43.4,4.4,0.0,21.0,18.6,0.0,0.0,0.0,0.023,-2.7,1.5,-1.2,0.0,13.0,0.0,0.0,1.0,0.0,0.0,,,0.0,,,,,0.0,0,,0,0
576,Tre Scott,25,CLE,SF,2,0,11,9.8,19.6,0.5,0.0,3.3,0.0,9.8,16.4,0.6,0.5,0.0,0.0,,3.3,3.3,6.5,0.0,3.3,3.3,0.0,6.5,19.6,,scotttr01,20.4,0.5,0.167,0.0,10.3,9.8,10.1,0.0,4.5,8.1,0.0,24.1,0.0,0.0,0.0,0.138,-4.8,1.8,-3.0,0.0,8.2,0.5,0.167,0.167,0.0,0.6,0.667,1.0,0.0,,0.0,0.667,,0.0,0,0.0,0,0
577,Shaq Buchanan,25,MEM,SG,2,0,10,3.6,14.4,0.25,0.0,7.2,0.0,3.6,7.2,0.5,0.25,0.0,0.0,,3.6,3.6,7.2,7.2,3.6,0.0,7.2,3.6,7.2,,buchash01,0.6,0.25,0.5,0.0,10.2,10.7,10.5,24.9,4.8,0.0,33.3,24.6,-0.1,0.0,0.0,-0.23,-11.0,0.3,-10.7,0.0,13.6,0.5,0.0,0.0,0.0,0.5,0.5,,,,0.0,1.0,,0.0,0,0.0,0,0
578,DaQuan Jeffries,24,MEM,SG,3,0,9,4.0,8.0,0.5,0.0,4.0,0.0,4.0,4.0,1.0,0.5,0.0,0.0,,0.0,8.0,8.0,4.0,0.0,0.0,0.0,4.0,8.0,,jeffrda01,8.4,0.5,0.5,0.0,0.0,23.8,11.6,14.0,0.0,0.0,0.0,9.1,0.0,0.0,0.0,0.099,-5.8,0.9,-4.9,0.0,12.1,0.5,0.0,0.0,0.0,1.0,1.0,,,,0.0,1.0,,0.5,1,1.0,0,0
579,Jon Teske,24,MEM,C,3,0,8,0.0,4.5,0.0,0.0,0.0,,0.0,4.5,0.0,0.0,0.0,9.0,0.0,0.0,9.0,9.0,4.5,4.5,0.0,0.0,4.5,0.0,,teskejo01,1.5,0.0,0.0,2.0,0.0,26.8,13.1,13.8,6.0,0.0,0.0,9.6,0.0,0.0,0.0,-0.08,-8.5,3.7,-4.8,0.0,15.5,0.0,0.0,1.0,0.0,0.0,,,0.0,,,,,0.0,0,,0,0
580,Feron Hunt,22,NYK,SF,2,0,8,0.0,9.0,0.0,0.0,0.0,,0.0,9.0,0.0,0.0,0.0,0.0,,4.5,0.0,4.5,4.5,4.5,0.0,4.5,4.5,0.0,,huntfe01,-3.0,0.0,0.0,0.0,13.2,0.0,6.7,16.0,6.3,0.0,33.3,16.4,-0.1,0.0,0.0,-0.234,-12.3,1.0,-11.3,0.0,1.5,1.0,0.0,0.0,0.0,0.0,0.0,,,,,,,0.5,0,,0,0
581,Anthony Lamb,24,SAS,SF,2,0,8,0.0,9.0,0.0,0.0,9.0,0.0,0.0,0.0,,0.0,0.0,0.0,,0.0,4.5,4.5,9.0,0.0,0.0,0.0,0.0,0.0,,lamban01,-0.5,0.0,1.0,0.0,0.0,13.2,6.6,27.9,0.0,0.0,0.0,10.6,0.0,0.0,0.0,-0.138,-6.2,-1.8,-8.0,0.0,27.1,0.0,0.0,0.0,0.0,,,,,,0.0,,,0.0,0,0.0,0,0
582,M.J. Walker,23,PHO,SG,2,0,8,0.0,18.0,0.0,0.0,9.0,0.0,0.0,9.0,0.0,0.0,0.0,0.0,,0.0,4.5,4.5,4.5,9.0,0.0,0.0,4.5,0.0,,walkemj01,-3.3,0.0,0.5,0.0,0.0,13.1,6.7,13.8,12.0,0.0,0.0,21.5,-0.1,0.0,0.0,-0.276,-15.8,6.2,-9.6,0.0,15.4,0.25,0.25,0.0,0.0,0.0,0.0,0.0,,,0.0,,,0.0,0,0.5,0,0
583,Malik Newman,24,CLE,PG,1,0,8,13.5,22.5,0.6,0.0,4.5,0.0,13.5,18.0,0.75,0.6,9.0,9.0,1.0,0.0,4.5,4.5,4.5,0.0,0.0,4.5,0.0,36.0,,newmama01,28.6,0.68,0.2,0.4,0.0,13.5,6.9,27.8,0.0,0.0,14.5,38.1,0.0,0.0,0.0,0.179,6.3,0.1,6.4,0.0,14.8,0.2,0.0,0.4,0.2,0.75,1.0,,1.0,0.0,0.0,0.667,,0.0,0,0.0,0,0
584,Paris Bass,26,PHO,SF,2,0,7,10.3,30.9,0.333,0.0,10.3,0.0,10.3,20.6,0.5,0.333,10.3,10.3,1.0,10.3,10.3,20.6,0.0,5.1,0.0,10.3,10.3,30.9,,basspa01,13.9,0.436,0.333,0.333,31.5,29.9,30.6,0.0,6.9,0.0,22.5,54.6,0.0,0.0,0.0,-0.17,-11.2,-1.2,-12.4,0.0,11.7,0.333,0.333,0.0,0.0,0.5,1.0,0.0,,,0.0,0.5,,0.167,1,0.0,0,0
585,Scottie Lewis,21,CHO,SG,2,0,7,0.0,0.0,,0.0,0.0,,0.0,0.0,,,5.1,10.3,0.5,0.0,0.0,0.0,5.1,5.1,0.0,0.0,0.0,5.1,,lewissc01,14.6,0.568,,,0.0,0.0,0.0,16.2,6.9,0.0,0.0,5.3,0.0,0.0,0.0,0.164,0.0,5.9,6.0,0.0,,,,,,,,,,,,,,,0,,0,0
586,Jaysean Paige,27,DET,PG,1,0,7,0.0,15.4,0.0,0.0,10.3,0.0,0.0,5.1,0.0,0.0,0.0,0.0,,0.0,5.1,5.1,5.1,0.0,0.0,5.1,10.3,0.0,,paigeja01,-22.2,0.0,0.667,0.0,0.0,16.3,7.7,18.1,0.0,0.0,25.0,24.5,-0.1,0.0,-0.1,-0.574,-25.0,-6.5,-31.5,0.0,23.7,0.0,0.0,0.0,0.333,0.0,,,,0.0,0.0,,,0.0,0,0.0,0,0
587,Jordan Goodwin,23,WAS,SG,2,0,6,0.0,18.0,0.0,0.0,6.0,0.0,0.0,12.0,0.0,0.0,0.0,0.0,,0.0,6.0,6.0,0.0,0.0,0.0,0.0,6.0,0.0,,goodwjo01,-20.4,0.0,0.333,0.0,0.0,18.2,9.2,0.0,0.0,0.0,0.0,22.2,-0.1,0.0,-0.1,-0.533,-24.7,-9.4,-34.1,0.0,16.6,0.333,0.0,0.0,0.333,0.0,0.0,,,0.0,0.0,,,0.0,0,0.0,0,0
588,Jaden Springer,19,PHI,SG,2,0,6,6.0,6.0,1.0,0.0,0.0,,6.0,6.0,1.0,1.0,0.0,0.0,,6.0,6.0,12.0,0.0,0.0,12.0,6.0,0.0,12.0,,sprinja01,26.4,1.0,0.0,0.0,18.9,18.3,18.6,0.0,0.0,30.0,50.0,15.0,0.0,0.0,0.0,0.138,8.3,8.7,17.1,0.0,9.1,0.0,1.0,0.0,0.0,1.0,,1.0,,,,0.0,,0.0,0,,0,0
589,Arnoldas Kulboka,24,CHO,SF,2,0,5,0.0,7.2,0.0,0.0,7.2,0.0,0.0,0.0,,0.0,0.0,0.0,,0.0,0.0,0.0,0.0,0.0,0.0,0.0,7.2,0.0,,kulboar01,-10.7,0.0,1.0,0.0,0.0,0.0,0.0,0.0,0.0,0.0,0.0,8.5,0.0,0.0,0.0,-0.217,-14.7,-7.1,-21.8,0.0,23.4,0.0,0.0,0.0,0.0,,,,,,0.0,,,0.0,0,1.0,0,0
590,Zylan Cheatham,26,UTA,SF,1,0,5,0.0,21.6,0.0,0.0,14.4,0.0,0.0,7.2,0.0,0.0,0.0,0.0,,0.0,0.0,0.0,0.0,0.0,0.0,0.0,0.0,0.0,,cheatzy01,-23.8,0.0,0.667,0.0,0.0,0.0,0.0,0.0,0.0,0.0,0.0,26.1,-0.1,0.0,-0.1,-0.61,-19.3,-11.3,-30.6,0.0,17.2,0.333,0.0,0.0,0.0,0.0,0.0,,,,0.0,,,0.0,0,0.5,0,0
591,Matt Ryan,24,BOS,SF,1,0,5,7.2,36.0,0.2,7.2,36.0,0.2,0.0,0.0,,0.3,0.0,0.0,,0.0,0.0,0.0,0.0,7.2,0.0,0.0,0.0,21.6,,ryanma01,3.5,0.3,1.0,0.0,0.0,0.0,0.0,0.0,9.9,0.0,0.0,44.0,0.0,0.0,0.0,-0.25,-9.9,-3.8,-13.7,0.0,25.6,0.0,0.0,0.0,0.0,,,,,,0.2,,1.0,0.0,0,0.4,0,0
592,Tyrell Terry,21,MEM,PG,2,0,3,12.0,12.0,1.0,0.0,0.0,,12.0,12.0,1.0,1.0,0.0,0.0,,0.0,0.0,0.0,0.0,0.0,0.0,0.0,12.0,24.0,,terryty01,20.0,1.0,0.0,0.0,0.0,0.0,0.0,0.0,0.0,0.0,0.0,13.7,0.0,0.0,0.0,0.222,-3.4,2.5,-1.0,0.0,15.2,0.0,0.0,1.0,0.0,1.0,,,1.0,,,0.0,,0.0,0,,0,0
593,Javin DeLaurier,23,MIL,C,1,0,3,0.0,0.0,,0.0,0.0,,0.0,0.0,,,0.0,0.0,,0.0,12.0,12.0,0.0,12.0,0.0,0.0,12.0,0.0,,delauja01,15.6,,,,0.0,34.6,17.7,0.0,16.0,0.0,,0.0,0.0,0.0,0.0,0.26,-4.8,11.8,7.0,0.0,,,,,,,,,,,,,,,0,,0,0
594,Jaime Echenique,24,WAS,C,1,0,3,0.0,0.0,,0.0,0.0,,0.0,0.0,,,0.0,0.0,,0.0,0.0,0.0,0.0,0.0,0.0,0.0,0.0,0.0,,echenja01,0.0,,,,0.0,0.0,0.0,0.0,0.0,0.0,,0.0,0.0,0.0,0.0,-0.012,-5.5,-3.0,-8.5,0.0,,,,,,,,,,,,,,,0,,0,0
595,Nate Hinton,22,IND,SG,2,0,2,0.0,18.0,0.0,0.0,0.0,,0.0,18.0,0.0,0.0,0.0,0.0,,0.0,0.0,0.0,0.0,0.0,0.0,18.0,0.0,0.0,,hintona01,-45.2,0.0,0.0,0.0,0.0,0.0,0.0,0.0,0.0,0.0,50.0,42.8,-0.1,0.0,-0.1,-1.231,-28.1,-14.5,-42.6,0.0,8.1,0.0,1.0,0.0,0.0,0.0,,0.0,,,,,,0.0,0,,0,0
596,David Johnson,20,TOR,SG,2,0,2,0.0,18.0,0.0,0.0,18.0,0.0,0.0,0.0,,0.0,0.0,0.0,,0.0,0.0,0.0,0.0,0.0,0.0,0.0,0.0,0.0,,johnsda08,-20.0,0.0,1.0,0.0,0.0,0.0,0.0,0.0,0.0,0.0,0.0,21.4,0.0,0.0,0.0,-0.495,-19.0,-8.7,-27.7,0.0,26.1,0.0,0.0,0.0,0.0,,,,,,0.0,,,0.0,0,0.0,0,0
597,Jordan Bell,27,CHI,C,1,0,2,0.0,0.0,,0.0,0.0,,0.0,0.0,,,0.0,0.0,,18.0,0.0,18.0,0.0,18.0,0.0,0.0,36.0,0.0,,belljo01,29.9,,,,56.6,0.0,28.1,0.0,24.4,0.0,,0.0,0.0,0.0,0.0,0.6,-8.1,10.8,2.7,0.0,,,,,,,,,,,,,,,0,,0,0
598,Tyler Hall,24,NYK,SG,1,0,2,0.0,0.0,,0.0,0.0,,0.0,0.0,,,0.0,0.0,,0.0,0.0,0.0,0.0,0.0,0.0,0.0,0.0,0.0,,hallty01,0.0,,,,0.0,0.0,0.0,0.0,0.0,0.0,,0.0,0.0,0.0,0.0,0.007,-8.1,-0.5,-8.5,0.0,,,,,,,,,,,,,,,0,,0,0
599,Joe Johnson,40,BOS,SG,1,0,2,18.0,18.0,1.0,0.0,0.0,,18.0,18.0,1.0,1.0,0.0,0.0,,0.0,0.0,0.0,0.0,0.0,0.0,0.0,0.0,36.0,,johnsjo02,38.7,1.0,0.0,0.0,0.0,0.0,0.0,0.0,0.0,0.0,0.0,22.0,0.0,0.0,0.0,0.335,12.1,2.8,15.0,0.0,18.1,0.0,0.0,0.0,1.0,1.0,,,,1.0,,0.0,,0.0,0,,0,0
600,C.J. Miles,34,BOS,SG,1,0,2,0.0,0.0,,0.0,0.0,,0.0,0.0,,,0.0,0.0,,0.0,0.0,0.0,0.0,0.0,0.0,0.0,18.0,0.0,,milescj01,-7.8,,,,0.0,0.0,0.0,0.0,0.0,0.0,,0.0,0.0,0.0,0.0,0.03,-16.3,0.0,-16.3,0.0,,,,,,,,,,,,,,,0,,0,0
601,Matt Mooney,25,NYK,SG,1,0,2,0.0,18.0,0.0,0.0,18.0,0.0,0.0,0.0,,0.0,0.0,0.0,,0.0,0.0,0.0,0.0,18.0,0.0,18.0,0.0,0.0,,moonema01,-20.0,0.0,1.0,0.0,0.0,0.0,0.0,0.0,25.0,0.0,50.0,43.8,-0.1,0.0,0.0,-0.915,-33.9,11.5,-22.3,0.0,25.1,0.0,0.0,0.0,0.0,,,,,,0.0,,,0.0,0,0.0,0,0
602,Ahmad Caver,25,IND,SG,1,0,1,36.0,36.0,1.0,0.0,0.0,,36.0,36.0,1.0,1.0,0.0,0.0,,0.0,0.0,0.0,0.0,0.0,0.0,0.0,0.0,72.0,,caverah01,76.2,1.0,0.0,0.0,0.0,0.0,0.0,0.0,0.0,0.0,0.0,42.8,0.0,0.0,0.0,1.204,31.0,5.9,36.9,0.0,1.8,1.0,0.0,0.0,0.0,1.0,1.0,,,,,1.0,,0.0,0,,0,0
603,Sam Dekker,27,TOR,PF,1,0,1,0.0,0.0,,0.0,0.0,,0.0,0.0,,,0.0,0.0,,0.0,0.0,0.0,0.0,0.0,0.0,0.0,0.0,0.0,,dekkesa01,0.0,,,,0.0,0.0,0.0,0.0,0.0,0.0,,0.0,0.0,0.0,0.0,0.003,-6.2,-3.4,-9.6,0.0,,,,,,,,,,,,,,,0,,0,0
604,DeJon Jarreau,24,IND,SG,1,0,1,0.0,0.0,,0.0,0.0,,0.0,0.0,,,0.0,0.0,,0.0,0.0,0.0,0.0,0.0,0.0,0.0,0.0,0.0,,jarrede01,0.0,,,,0.0,0.0,0.0,0.0,0.0,0.0,,0.0,0.0,0.0,0.0,-0.022,-6.5,-1.5,-8.0,0.0,,,,,,,,,,,,,,,0,,0,0
605,Ade Murkey,24,SAC,SG,1,0,1,0.0,0.0,,0.0,0.0,,0.0,0.0,,,0.0,0.0,,0.0,0.0,0.0,0.0,0.0,0.0,0.0,0.0,0.0,,murkead01,0.0,,,,0.0,0.0,0.0,0.0,0.0,0.0,,0.0,0.0,0.0,0.0,-0.017,-7.4,-2.3,-9.7,0.0,,,,,,,,,,,,,,,0,,0,0
