Rk,Player,Age,Team,Pos,G,GS,MP,FG,FGA,FG%,3P,3PA,3P%,2P,2PA,2P%,eFG%,FT,FTA,FT%,ORB,DRB,TRB,AST,STL,BLK,TOV,PF,PTS,Awards,Player-additional,PER,TS%,3PAr,FTr,ORB%,DRB%,TRB%,AST%,STL%,BLK%,TOV%,USG%,OWS,DWS,WS,WS/48,OBPM,DBPM,BPM,VORP,Dist.,0-3,3-10,10-16,16-3P,2P.1,0-3.1,3-10.1,10-16.1,16-3P.1,3P.1,2P.2,3P.2,%FGA,#,%3PA,Att.,Md.
1,DeMar DeRozan,34,CHI,SF,79,79,2989,7.8,16.3,0.48,0.9,2.7,0.333,6.9,13.6,0.509,0.507,6.3,7.4,0.853,0.5,3.6,4.1,5.1,1.1,0.5,1.6,1.9,22.8,CPOY-2,derozde01,19.7,0.584,0.166,0.452,1.6,11.3,6.4,21.8,1.5,1.5,7.7,25.8,7.0,2.2,9.2,0.147,2.1,-0.3,1.8,2.8,13.2,0.182,0.172,0.25,0.23,0.509,0.684,0.494,0.49,0.402,0.333,0.282,0.853,0.019,18,0.316,1,0
2,Domantas Sabonis,27,SAC,C,82,82,2928,7.8,13.1,0.594,0.4,1.1,0.379,7.4,12.1,0.613,0.609,3.6,5.1,0.704,3.6,10.2,13.8,8.3,0.9,0.6,3.3,3.1,19.6,MVP-8DPOY-10NBA3,sabondo01,23.2,0.637,0.081,0.389,11.0,32.3,21.4,33.9,1.2,1.5,17.9,22.2,8.6,4.0,12.6,0.206,4.0,2.4,6.5,6.2,6.2,0.455,0.361,0.07,0.032,0.613,0.722,0.516,0.467,0.471,0.379,0.607,0.909,0.113,111,0.057,0,0
3,Coby White,23,CHI,PG,79,78,2881,6.8,15.1,0.447,2.6,6.9,0.376,4.1,8.2,0.508,0.534,2.7,3.2,0.838,0.5,3.9,4.5,5.1,0.7,0.2,2.1,2.3,18.9,,whiteco01,14.5,0.57,0.46,0.215,1.7,12.4,6.9,20.8,0.9,0.6,11.1,22.7,3.1,1.6,4.7,0.078,0.7,-1.3,-0.7,0.9,15.5,0.25,0.156,0.085,0.05,0.508,0.656,0.362,0.485,0.267,0.376,0.289,0.833,0.012,14,0.126,4,0
4,Mikal Bridges,27,BRK,SF,82,82,2854,7.1,16.3,0.436,2.8,7.5,0.372,4.3,8.9,0.49,0.521,3.3,4.0,0.814,0.9,3.8,4.7,3.8,1.0,0.4,2.1,1.5,20.3,,bridgmi01,14.9,0.56,0.457,0.245,2.5,12.0,7.1,16.3,1.4,0.9,10.3,24.3,2.1,2.1,4.2,0.07,0.7,-1.0,-0.4,1.2,15.9,0.165,0.163,0.158,0.056,0.49,0.668,0.398,0.468,0.292,0.372,0.494,0.882,0.016,20,0.338,5,1
5,Paolo Banchero,21,ORL,PF,80,80,2799,8.2,18.1,0.455,1.5,4.5,0.339,6.7,13.6,0.493,0.497,5.2,7.2,0.725,1.1,6.1,7.1,5.5,0.9,0.6,3.2,2.0,23.2,AS,banchpa01,17.3,0.546,0.249,0.397,3.4,20.0,11.6,25.2,1.3,1.6,13.0,29.7,1.3,4.0,5.3,0.09,1.3,0.0,1.3,2.3,12.6,0.225,0.235,0.183,0.108,0.493,0.703,0.403,0.395,0.421,0.339,0.363,0.655,0.063,80,0.068,2,0
6,Kevin Durant,35,PHO,PF,75,75,2791,9.7,18.5,0.523,2.2,5.2,0.413,7.5,13.3,0.567,0.581,4.7,5.5,0.856,0.5,5.9,6.4,4.9,0.9,1.2,3.1,1.7,26.2,MVP-9ASNBA2,duranke01,21.2,0.626,0.283,0.295,1.7,17.5,10.0,22.2,1.2,2.9,13.1,29.0,5.1,3.2,8.3,0.142,4.0,0.1,4.0,4.3,15.0,0.125,0.153,0.279,0.16,0.567,0.827,0.53,0.491,0.53,0.413,0.511,0.815,0.054,75,0.165,0,0
7,Dejounte Murray,27,ATL,SG,78,78,2783,8.7,18.9,0.459,2.6,7.2,0.363,6.1,11.8,0.518,0.528,2.7,3.4,0.794,0.8,4.6,5.4,6.5,1.4,0.3,2.6,1.8,22.7,,murrade01,17.7,0.555,0.379,0.179,2.3,14.4,8.1,27.9,1.9,0.8,11.3,26.6,3.3,1.6,4.9,0.084,2.3,-0.6,1.7,2.6,14.9,0.17,0.191,0.181,0.079,0.518,0.581,0.464,0.521,0.509,0.363,0.261,0.706,0.011,14,0.222,1,0
8,Anthony Edwards,22,MIN,SG,79,78,2770,9.3,20.2,0.461,2.5,6.9,0.357,6.9,13.3,0.515,0.522,5.5,6.6,0.836,0.7,4.9,5.6,5.3,1.3,0.5,3.1,1.8,26.6,MVP-7CPOY-8ASNBA2,edwaran01,19.7,0.575,0.341,0.325,2.2,14.8,8.8,24.6,1.8,1.3,11.9,32.3,2.9,4.7,7.5,0.13,2.7,0.5,3.3,3.7,14.1,0.228,0.192,0.125,0.114,0.515,0.707,0.438,0.446,0.333,0.357,0.331,0.558,0.051,67,0.086,5,0
9,Nikola Jokić,28,DEN,C,79,79,2737,10.8,18.6,0.583,1.1,3.0,0.359,9.7,15.5,0.626,0.612,4.7,5.8,0.817,2.9,9.9,12.8,9.3,1.4,0.9,3.1,2.6,27.4,MVP-1CPOY-4ASNBA1,jokicni01,31.0,0.65,0.164,0.31,9.3,29.6,19.8,42.0,2.0,2.1,12.9,29.3,12.0,5.1,17.0,0.299,9.0,4.2,13.2,10.6,9.7,0.26,0.404,0.115,0.057,0.626,0.741,0.614,0.537,0.37,0.359,0.572,0.807,0.013,17,0.035,8,0
10,Jalen Brunson,27,NYK,PG,77,77,2726,10.4,21.8,0.479,2.8,6.9,0.401,7.6,14.8,0.516,0.543,5.6,6.6,0.847,0.6,3.1,3.7,6.9,0.9,0.2,2.5,1.9,29.2,MVP-5CPOY-5ASNBA2,brunsja01,23.4,0.592,0.319,0.302,1.8,9.7,5.7,33.5,1.3,0.4,9.1,32.5,8.8,2.4,11.2,0.198,6.3,-0.4,5.8,5.4,14.3,0.127,0.275,0.189,0.09,0.516,0.636,0.519,0.474,0.426,0.401,0.23,0.583,0.002,3,0.131,1,0
11,Josh Hart,28,NYK,SF,81,42,2707,3.9,9.0,0.434,1.1,3.4,0.31,2.9,5.6,0.511,0.493,1.2,1.5,0.791,1.7,7.3,9.0,4.4,1.0,0.3,1.6,2.3,10.1,,hartjo01,11.8,0.522,0.38,0.169,5.3,22.8,14.0,16.3,1.4,0.8,13.9,13.5,2.0,3.6,5.7,0.1,-1.3,1.4,0.0,1.4,12.8,0.321,0.169,0.1,0.029,0.511,0.661,0.339,0.382,0.3,0.31,0.633,0.888,0.016,10,0.24,1,0
12,Anthony Davis,30,LAL,C,76,76,2700,9.5,17.1,0.556,0.4,1.4,0.271,9.1,15.7,0.582,0.567,5.6,6.9,0.816,3.2,9.6,12.8,3.5,1.2,2.4,2.1,2.4,25.0,DPOY-4ASNBA2DEF1,davisan02,25.8,0.621,0.083,0.402,10.4,28.3,19.8,15.5,1.6,5.7,9.5,26.7,7.2,4.7,11.8,0.21,3.5,1.7,5.1,4.9,8.0,0.369,0.309,0.15,0.09,0.582,0.774,0.487,0.432,0.365,0.271,0.67,0.966,0.162,196,0.15,0,0
13,Fred VanVleet,29,HOU,PG,73,73,2684,5.7,13.7,0.416,3.0,7.9,0.387,2.6,5.8,0.454,0.527,2.6,3.1,0.86,0.4,3.3,3.7,7.9,1.4,0.8,1.7,2.5,17.0,,vanvlfr01,16.7,0.568,0.576,0.225,1.3,9.9,5.6,31.1,1.8,2.0,10.1,19.7,5.3,3.1,8.4,0.15,2.6,0.8,3.4,3.6,19.9,0.093,0.123,0.073,0.136,0.454,0.505,0.384,0.459,0.478,0.387,0.219,0.568,0.0,0,0.09,8,0
14,De'Aaron Fox,26,SAC,PG,74,74,2659,9.7,21.0,0.465,2.9,7.9,0.369,6.9,13.1,0.522,0.534,4.2,5.7,0.738,0.9,3.7,4.6,5.7,2.0,0.4,2.6,2.6,26.6,CPOY-12,foxde01,20.1,0.567,0.374,0.273,2.8,11.8,7.2,25.2,2.7,1.1,10.1,31.0,3.3,3.2,6.5,0.117,2.6,0.1,2.7,3.2,15.0,0.134,0.248,0.172,0.072,0.522,0.72,0.534,0.423,0.351,0.369,0.198,0.626,0.017,24,0.134,1,0
15,Pascal Siakam,29,2TM,PF,80,80,2657,9.2,17.2,0.536,1.2,3.3,0.346,8.1,13.9,0.581,0.569,3.9,5.4,0.732,1.9,5.8,7.7,4.6,0.9,0.3,1.9,2.6,23.5,,siakapa01,19.7,0.601,0.194,0.312,5.8,18.1,11.9,19.4,1.1,0.8,8.9,25.3,5.4,1.5,6.9,0.124,2.6,-0.7,1.9,2.7,9.9,0.304,0.312,0.129,0.061,0.581,0.739,0.515,0.445,0.423,0.346,0.507,0.976,0.033,40,0.297,0,0
15,Pascal Siakam,29,TOR,PF,39,39,1354,8.6,16.6,0.522,1.2,3.9,0.317,7.4,12.7,0.584,0.559,4.5,5.9,0.758,1.4,5.1,6.5,5.1,0.9,0.3,2.2,2.3,23.0,,siakapa01,18.8,0.6,0.233,0.358,4.3,15.9,10.0,22.1,1.1,0.7,10.3,25.3,2.4,0.6,3.0,0.106,2.2,-0.8,1.4,1.2,10.7,0.284,0.307,0.125,0.051,0.584,0.768,0.503,0.474,0.313,0.317,0.53,0.978,0.037,22,0.276,0,0
15,Pascal Siakam,29,IND,PF,41,41,1303,9.8,17.9,0.549,1.1,2.8,0.386,8.8,15.1,0.58,0.579,3.3,4.8,0.699,2.3,6.5,8.8,4.2,0.9,0.4,1.6,2.9,24.1,,siakapa01,20.7,0.602,0.156,0.267,7.4,20.3,13.9,16.5,1.1,0.9,7.4,25.2,3.0,0.9,3.9,0.143,3.0,-0.5,2.5,1.5,9.1,0.324,0.316,0.133,0.071,0.58,0.714,0.527,0.419,0.5,0.386,0.486,0.974,0.029,18,0.327,0,0
16,Jayson Tatum,25,BOS,PF,74,74,2645,9.1,19.4,0.471,3.1,8.3,0.376,6.0,11.1,0.542,0.552,5.6,6.8,0.833,0.9,7.3,8.2,5.0,1.0,0.6,2.6,2.0,27.0,MVP-6CPOY-9ASNBA1,tatumja01,22.3,0.604,0.427,0.349,2.9,20.9,12.3,21.0,1.4,1.4,10.3,30.2,6.4,4.1,10.4,0.189,4.5,0.6,5.1,4.7,15.4,0.222,0.167,0.092,0.092,0.542,0.741,0.441,0.389,0.397,0.376,0.357,0.485,0.065,86,0.059,0,0
17,Austin Reaves,25,LAL,SG,82,57,2629,6.3,12.9,0.486,2.1,5.8,0.367,4.1,7.1,0.583,0.568,3.2,3.7,0.853,0.8,4.0,4.8,6.2,0.9,0.3,2.4,2.1,17.8,,reaveau01,15.5,0.613,0.447,0.289,2.5,11.9,7.4,23.5,1.2,0.8,14.1,20.3,3.9,2.0,5.9,0.108,0.9,-0.4,0.4,1.6,16.1,0.179,0.193,0.118,0.064,0.583,0.81,0.519,0.45,0.383,0.367,0.409,0.675,0.014,13,0.143,3,0
18,Tyrese Maxey,23,PHI,PG,70,70,2626,8.7,19.5,0.45,2.9,7.8,0.373,5.8,11.7,0.501,0.524,4.5,5.2,0.868,0.5,3.0,3.5,5.9,0.9,0.5,1.6,2.1,24.9,MIP-1AS,maxeyty01,19.8,0.573,0.401,0.266,1.5,9.5,5.4,26.7,1.3,1.1,6.8,28.0,5.9,2.1,8.1,0.147,4.1,-1.0,3.1,3.4,14.7,0.222,0.229,0.092,0.056,0.501,0.667,0.406,0.392,0.413,0.373,0.343,0.599,0.004,6,0.072,3,0
19,Luka Dončić,24,DAL,PG,70,70,2624,11.0,22.7,0.487,3.9,10.2,0.382,7.1,12.5,0.573,0.573,6.6,8.3,0.786,0.8,8.1,8.9,9.4,1.4,0.5,3.9,2.0,32.5,MVP-3CPOY-6ASNBA1,doncilu01,28.1,0.617,0.45,0.368,2.5,24.4,13.5,44.3,1.8,1.3,12.8,36.0,8.5,3.5,12.0,0.22,8.3,1.7,9.9,8.0,16.9,0.123,0.192,0.152,0.082,0.573,0.838,0.569,0.442,0.422,0.382,0.177,0.299,0.001,2,0.032,5,0
20,Nikola Vučević,33,CHI,C,76,74,2610,8.1,16.7,0.484,1.3,4.3,0.294,6.8,12.4,0.55,0.522,1.5,1.8,0.822,2.9,8.2,11.0,3.5,0.7,0.8,1.7,2.6,18.9,,vucevni01,17.7,0.54,0.258,0.107,8.8,25.8,17.1,15.2,1.0,2.4,8.6,23.3,2.7,2.8,5.4,0.1,0.8,-0.7,0.1,1.4,12.1,0.225,0.302,0.128,0.086,0.55,0.645,0.552,0.477,0.404,0.294,0.745,1.0,0.031,31,0.054,0,0
21,Jalen Green,21,HOU,SG,82,82,2601,7.8,18.4,0.423,2.8,8.4,0.332,5.0,10.1,0.498,0.498,3.9,4.9,0.804,0.6,5.3,5.9,4.0,0.9,0.4,2.6,1.6,22.3,,greenja05,14.7,0.541,0.454,0.264,1.7,15.9,8.7,17.3,1.2,1.0,11.4,27.4,0.2,2.9,3.1,0.056,0.4,-0.9,-0.5,1.0,15.8,0.217,0.166,0.064,0.099,0.498,0.692,0.344,0.353,0.424,0.332,0.34,0.552,0.042,48,0.089,3,0
22,Rudy Gobert,31,MIN,C,76,76,2593,5.6,8.5,0.661,0.0,0.0,0.0,5.6,8.5,0.664,0.661,3.5,5.4,0.638,4.0,9.7,13.6,1.4,0.7,2.2,1.6,3.3,14.7,DPOY-1DEF1,goberru01,19.3,0.675,0.005,0.635,13.1,29.2,21.5,5.6,1.0,5.5,13.1,15.4,5.8,5.8,11.6,0.216,0.1,1.7,1.8,2.5,2.7,0.757,0.195,0.029,0.013,0.664,0.755,0.4,0.222,0.375,0.0,0.685,,0.441,248,0.0,1,0
23,Keegan Murray,23,SAC,SF,77,77,2588,6.2,13.6,0.454,2.5,7.1,0.358,3.6,6.5,0.56,0.548,1.4,1.7,0.831,1.5,4.4,5.8,1.8,1.1,0.8,0.9,2.9,16.3,,murrake02,13.3,0.569,0.524,0.127,4.5,13.9,9.1,6.9,1.5,2.1,5.9,18.1,2.6,2.6,5.2,0.096,-0.4,-0.5,-0.9,0.8,17.3,0.139,0.149,0.112,0.076,0.56,0.728,0.559,0.477,0.378,0.358,0.746,0.978,0.084,72,0.252,1,0
24,Miles Bridges,25,CHO,SF,69,67,2581,7.8,16.9,0.462,2.2,6.3,0.349,5.6,10.6,0.529,0.527,2.4,2.9,0.825,1.0,6.1,7.0,3.2,0.9,0.5,1.9,1.6,20.2,,bridgmi02,15.4,0.556,0.372,0.174,3.0,19.5,11.0,14.6,1.2,1.2,9.6,24.7,0.7,1.4,2.2,0.04,0.2,-1.3,-1.1,0.6,13.6,0.283,0.207,0.058,0.081,0.529,0.696,0.424,0.343,0.347,0.349,0.555,0.879,0.058,66,0.196,7,0
25,Damian Lillard,33,MIL,PG,73,73,2579,7.6,17.8,0.424,3.1,8.7,0.354,4.5,9.1,0.49,0.51,6.6,7.2,0.92,0.5,4.0,4.5,7.1,1.0,0.3,2.7,1.9,24.8,CPOY-11AS,lillada01,19.6,0.59,0.487,0.403,1.6,11.8,6.8,28.8,1.3,0.6,11.4,28.4,5.8,1.9,7.7,0.143,3.4,-1.3,2.1,2.7,17.2,0.194,0.147,0.078,0.094,0.49,0.677,0.314,0.404,0.45,0.354,0.196,0.509,0.01,8,0.058,7,0
26,Giannis Antetokounmpo,29,MIL,PF,73,73,2567,11.7,19.2,0.611,0.5,1.7,0.274,11.3,17.5,0.645,0.624,7.2,11.0,0.657,2.7,9.0,11.8,6.7,1.2,1.1,3.5,2.9,31.2,MVP-4DPOY-9CPOY-12ASNBA1,antetgi01,29.9,0.649,0.091,0.571,8.6,27.0,17.9,32.7,1.6,2.6,12.7,33.0,9.5,3.7,13.2,0.246,6.7,2.4,9.0,7.2,6.7,0.519,0.251,0.068,0.072,0.645,0.818,0.452,0.323,0.374,0.274,0.509,0.5,0.193,251,0.024,1,0
27,Michael Porter Jr.,25,DEN,SF,81,81,2565,7.3,15.1,0.484,3.1,7.8,0.397,4.2,7.4,0.575,0.586,1.3,1.5,0.836,1.5,6.4,7.9,1.7,0.6,0.7,1.3,2.1,19.0,,portemi01,15.5,0.601,0.513,0.102,4.7,19.3,12.2,6.7,0.8,1.8,7.5,20.7,3.1,3.1,6.2,0.115,1.2,-1.2,0.1,1.3,17.5,0.179,0.092,0.08,0.136,0.575,0.725,0.414,0.477,0.544,0.397,0.758,0.964,0.055,49,0.211,1,0
28,Shai Gilgeous-Alexander,25,OKC,PG,75,75,2553,11.2,21.0,0.535,1.3,3.8,0.353,9.9,17.2,0.576,0.567,8.0,9.2,0.874,0.9,4.9,5.9,6.6,2.1,0.9,2.3,2.6,31.8,MVP-2DPOY-7CPOY-3ASNBA1,gilgesh01,29.3,0.636,0.181,0.436,3.0,14.7,9.1,29.8,2.8,2.4,8.4,32.8,10.5,4.2,14.6,0.275,6.7,2.3,9.0,7.1,11.3,0.252,0.224,0.26,0.083,0.576,0.731,0.492,0.53,0.472,0.353,0.223,0.368,0.027,37,0.059,0,0
29,Grayson Allen,28,PHO,SG,75,74,2513,4.9,9.8,0.499,2.9,6.4,0.461,1.9,3.4,0.57,0.649,1.8,2.1,0.878,0.7,3.5,4.2,3.3,1.0,0.6,1.4,2.2,14.5,,allengr01,13.8,0.679,0.652,0.216,2.3,10.6,6.6,12.1,1.3,1.6,11.3,14.5,4.7,2.2,6.9,0.132,1.1,0.1,1.3,2.0,18.2,0.192,0.13,0.023,0.001,0.57,0.687,0.438,0.375,0.0,0.461,0.57,0.912,0.031,17,0.294,0,0
30,LeBron James,39,LAL,PF,71,71,2504,9.8,18.2,0.54,2.1,5.2,0.41,7.7,13.0,0.592,0.599,4.4,5.8,0.75,0.9,6.6,7.4,8.5,1.3,0.5,3.5,1.1,26.2,CPOY-10ASNBA3,jamesle01,23.7,0.63,0.286,0.318,2.8,19.3,11.5,37.5,1.7,1.3,14.5,29.2,5.7,2.8,8.5,0.164,5.5,0.9,6.5,5.4,11.6,0.345,0.217,0.078,0.073,0.592,0.772,0.482,0.313,0.366,0.41,0.435,0.685,0.071,84,0.096,1,0
31,Paul George,33,LAC,PF,74,74,2502,8.4,17.8,0.471,3.5,8.5,0.413,4.9,9.3,0.523,0.569,3.8,4.2,0.907,0.5,5.1,5.6,3.8,1.6,0.5,2.2,2.9,24.0,AS,georgpa01,19.3,0.613,0.476,0.235,1.7,15.3,8.8,16.1,2.2,1.3,10.1,26.6,4.4,2.8,7.3,0.14,2.9,0.2,3.2,3.3,17.7,0.128,0.125,0.122,0.15,0.523,0.703,0.448,0.523,0.432,0.413,0.448,0.733,0.032,29,0.138,1,0
32,Dennis Schröder,30,2TM,PG,80,58,2486,5.8,13.4,0.435,2.0,5.3,0.375,3.8,8.1,0.474,0.509,2.6,3.1,0.836,0.6,2.9,3.5,7.1,0.9,0.2,2.2,2.4,16.2,,schrode01,13.3,0.55,0.397,0.23,1.7,9.2,5.3,28.0,1.2,0.6,13.0,20.3,2.3,1.0,3.3,0.063,-0.5,-1.3,-1.8,0.1,15.2,0.193,0.173,0.148,0.09,0.474,0.609,0.375,0.445,0.422,0.375,0.332,0.812,0.0,0,0.168,5,0
32,Dennis Schröder,30,TOR,PG,51,33,1559,5.7,12.9,0.442,1.8,5.1,0.35,3.9,7.8,0.501,0.511,2.9,3.4,0.852,0.5,2.7,3.2,7.2,1.1,0.2,1.9,2.4,16.1,,schrode01,13.9,0.559,0.394,0.267,1.5,8.5,4.9,28.0,1.4,0.5,11.7,19.4,2.0,0.5,2.5,0.076,-0.5,-1.3,-1.8,0.1,15.3,0.19,0.163,0.157,0.097,0.501,0.613,0.407,0.466,0.5,0.35,0.394,0.922,0.0,0,0.209,4,0
32,Dennis Schröder,30,BRK,PG,29,25,927,6.1,14.3,0.424,2.4,5.7,0.412,3.7,8.5,0.432,0.507,2.0,2.5,0.797,0.7,3.3,4.0,6.8,0.7,0.3,2.7,2.3,16.5,,schrode01,12.3,0.535,0.402,0.174,1.9,10.3,6.0,28.0,0.9,0.9,15.0,21.8,0.3,0.5,0.8,0.042,-0.5,-1.4,-1.9,0.0,15.1,0.198,0.188,0.133,0.079,0.432,0.603,0.333,0.408,0.276,0.412,0.221,0.672,0.0,0,0.108,1,0
33,D'Angelo Russell,27,LAL,PG,76,69,2484,7.1,15.7,0.456,3.3,7.9,0.415,3.9,7.8,0.497,0.56,2.3,2.8,0.828,0.4,3.0,3.4,7.0,1.0,0.5,2.3,2.3,19.8,,russeda01,16.0,0.588,0.505,0.178,1.3,8.9,5.3,27.6,1.3,1.3,11.8,23.0,3.3,1.8,5.1,0.099,1.7,-0.8,0.9,1.8,17.4,0.109,0.205,0.115,0.067,0.497,0.788,0.403,0.46,0.375,0.415,0.383,0.735,0.001,1,0.127,5,0
34,James Harden,34,LAC,PG,72,72,2470,5.1,12.0,0.428,2.7,7.1,0.381,2.4,4.9,0.497,0.541,4.4,5.0,0.878,0.5,4.9,5.4,8.9,1.1,0.8,2.7,1.9,17.4,,hardeja01,18.6,0.612,0.594,0.418,1.6,14.8,8.4,33.6,1.5,2.1,16.0,20.6,5.9,2.5,8.4,0.163,3.8,0.3,4.1,3.8,18.5,0.144,0.137,0.099,0.027,0.497,0.703,0.345,0.457,0.318,0.381,0.157,0.462,0.002,2,0.076,0,0
35,Devin Booker,27,PHO,PG,68,68,2447,9.4,19.2,0.492,2.2,6.1,0.364,7.2,13.0,0.552,0.55,6.0,6.7,0.886,0.8,3.7,4.5,6.9,0.9,0.4,2.6,3.0,27.1,ASNBA3,bookede01,21.9,0.611,0.32,0.35,2.7,11.1,7.1,31.2,1.2,1.0,10.6,29.8,7.2,2.0,9.2,0.181,4.0,-1.0,3.0,3.1,15.4,0.14,0.158,0.231,0.151,0.552,0.76,0.447,0.551,0.472,0.364,0.373,0.612,0.013,14,0.074,0,0
36,Jarrett Allen,25,CLE,C,77,77,2442,7.7,12.1,0.634,0.0,0.1,0.0,7.7,12.0,0.638,0.634,3.4,4.6,0.742,3.6,8.4,12.0,3.1,0.8,1.2,1.8,2.2,18.7,DPOY-10,allenja01,21.8,0.664,0.007,0.383,11.3,25.8,18.7,13.2,1.1,3.0,11.2,19.4,6.8,3.9,10.7,0.21,2.1,0.9,3.0,3.1,4.2,0.554,0.338,0.081,0.02,0.638,0.738,0.531,0.5,0.25,0.0,0.823,,0.243,170,0.333,0,0
37,Jabari Smith Jr.,20,HOU,PF,76,76,2424,5.6,12.4,0.454,2.0,5.6,0.363,3.6,6.7,0.53,0.537,2.2,2.7,0.811,2.1,7.1,9.1,1.8,0.8,0.9,1.3,3.0,15.5,,smithja05,13.8,0.571,0.456,0.222,6.1,21.3,13.6,7.1,1.0,2.3,8.9,17.6,2.4,3.2,5.6,0.111,-0.5,0.1,-0.4,1.0,16.1,0.187,0.14,0.142,0.074,0.53,0.686,0.479,0.458,0.371,0.363,0.617,0.949,0.066,46,0.182,5,0
38,Stephen Curry,35,GSW,PG,74,74,2421,9.7,21.5,0.45,5.3,13.0,0.408,4.4,8.5,0.515,0.573,4.4,4.8,0.923,0.6,4.4,4.9,5.6,0.8,0.4,3.1,1.7,29.1,CPOY-1ASNBA3,curryst01,20.6,0.616,0.606,0.224,1.7,12.9,7.4,24.7,1.1,1.0,11.7,31.3,5.2,2.0,7.2,0.142,6.3,-1.1,5.2,4.4,19.8,0.074,0.173,0.065,0.082,0.515,0.692,0.508,0.426,0.441,0.408,0.399,0.611,0.0,0,0.08,2,0
39,Bam Adebayo,26,MIA,C,71,71,2416,7.9,15.2,0.521,0.2,0.6,0.357,7.7,14.5,0.528,0.529,4.4,5.8,0.755,2.4,8.6,11.0,4.1,1.2,1.0,2.4,2.4,20.4,DPOY-3ASDEF1,adebaba01,19.8,0.576,0.041,0.381,7.4,27.3,17.3,18.9,1.7,2.7,12.0,24.9,2.9,4.3,7.2,0.144,0.8,1.7,2.4,2.7,8.5,0.245,0.367,0.278,0.069,0.528,0.727,0.515,0.406,0.386,0.357,0.573,1.0,0.148,134,0.167,0,0
40,Chet Holmgren,21,OKC,C,82,82,2413,7.5,14.2,0.53,1.9,5.2,0.37,5.6,9.0,0.623,0.598,3.3,4.1,0.793,1.9,7.7,9.7,3.0,0.8,2.8,2.0,2.9,20.2,ROY-2,holmgch01,20.4,0.632,0.366,0.289,6.2,23.1,15.0,11.6,1.1,7.3,10.9,21.6,4.6,4.4,8.9,0.178,1.8,1.5,3.4,3.3,12.8,0.296,0.208,0.093,0.037,0.623,0.77,0.535,0.461,0.343,0.37,0.652,0.977,0.156,137,0.106,2,0
41,Brook Lopez,35,MIL,C,79,79,2411,5.5,11.3,0.485,2.2,6.0,0.366,3.3,5.2,0.621,0.583,1.6,2.0,0.821,1.7,4.4,6.1,1.9,0.6,2.8,1.2,2.9,14.8,,lopezbr01,14.8,0.608,0.535,0.177,5.4,13.0,9.3,7.1,0.9,6.7,8.8,16.0,3.1,2.8,5.9,0.117,0.2,0.8,1.0,1.8,16.6,0.248,0.122,0.077,0.019,0.621,0.786,0.413,0.431,0.571,0.366,0.739,1.0,0.058,42,0.141,0,0
42,Kentavious Caldwell-Pope,30,DEN,SG,76,76,2402,4.0,8.8,0.46,1.9,4.6,0.406,2.2,4.2,0.52,0.566,1.5,1.7,0.894,0.5,2.3,2.7,2.7,1.5,0.6,1.1,2.3,11.5,,caldwke01,10.7,0.602,0.525,0.193,1.5,6.8,4.2,9.5,2.0,1.5,10.5,12.9,2.2,2.6,4.8,0.096,-2.1,0.7,-1.4,0.4,17.2,0.177,0.085,0.089,0.124,0.52,0.615,0.44,0.423,0.507,0.406,0.745,0.944,0.02,12,0.373,0,0
43,Bogdan Bogdanović,31,ATL,SG,79,33,2401,7.1,16.5,0.428,3.6,9.6,0.374,3.5,6.9,0.503,0.537,2.3,2.5,0.921,0.8,3.3,4.1,3.7,1.4,0.4,1.7,2.7,20.0,6MOY-5,bogdabo01,14.7,0.569,0.583,0.149,2.3,10.3,6.2,14.9,1.9,1.0,8.7,22.3,2.8,1.2,3.9,0.079,0.9,-0.7,0.2,1.4,18.4,0.123,0.148,0.095,0.051,0.503,0.563,0.46,0.514,0.464,0.374,0.558,0.863,0.008,7,0.204,5,0
44,Brandon Miller,21,CHO,SF,74,68,2383,7.2,16.4,0.44,2.8,7.4,0.373,4.4,8.9,0.495,0.524,2.2,2.6,0.827,0.9,3.9,4.8,2.6,1.0,0.6,2.0,2.8,19.3,ROY-3,millebr02,13.0,0.552,0.455,0.16,2.7,12.4,7.4,11.6,1.4,1.6,10.2,23.9,-0.3,1.0,0.8,0.015,-0.9,-1.6,-2.6,-0.3,16.7,0.141,0.168,0.163,0.073,0.495,0.673,0.412,0.426,0.494,0.373,0.493,0.908,0.039,39,0.181,4,0
45,Harrison Barnes,31,SAC,PF,82,82,2381,5.2,11.1,0.474,2.3,5.8,0.387,3.0,5.2,0.571,0.576,2.4,3.0,0.801,1.0,2.8,3.8,1.5,0.8,0.2,0.9,1.5,15.1,,barneha02,11.9,0.611,0.526,0.268,3.1,8.8,5.9,5.6,1.1,0.5,6.6,15.7,3.1,1.5,4.7,0.094,-0.6,-1.2,-1.8,0.1,15.9,0.182,0.223,0.052,0.018,0.571,0.684,0.515,0.421,0.538,0.387,0.631,0.966,0.034,21,0.421,0,0
46,Derrick White,29,BOS,SG,73,73,2381,5.9,12.7,0.461,3.0,7.5,0.396,2.9,5.2,0.555,0.578,2.1,2.3,0.901,0.8,3.9,4.7,5.7,1.1,1.3,1.7,2.3,16.7,DPOY-8DEF2,whitede01,16.9,0.611,0.59,0.181,2.4,11.3,7.0,21.2,1.5,3.2,11.0,18.6,5.2,3.3,8.5,0.171,2.4,1.4,3.8,3.5,18.0,0.114,0.192,0.08,0.024,0.555,0.771,0.509,0.373,0.5,0.396,0.419,0.801,0.015,13,0.202,0,0
47,Tobias Harris,31,PHI,PF,70,70,2368,7.0,14.5,0.487,1.4,3.9,0.353,5.7,10.5,0.537,0.535,2.8,3.2,0.878,1.2,5.7,6.9,3.3,1.1,0.7,1.4,1.7,18.3,,harrito02,16.5,0.576,0.271,0.224,3.7,17.7,10.6,13.8,1.5,1.8,8.2,20.7,3.2,2.7,5.9,0.121,1.0,-0.1,0.9,1.7,11.9,0.268,0.251,0.14,0.069,0.537,0.686,0.431,0.511,0.394,0.353,0.444,0.956,0.043,39,0.26,0,0
48,Donte DiVincenzo,27,NYK,SG,81,63,2360,6.8,15.3,0.443,4.3,10.8,0.401,2.5,4.6,0.542,0.584,1.3,1.7,0.754,1.0,3.6,4.5,3.3,1.6,0.5,1.7,2.5,19.2,,divindo01,16.0,0.597,0.702,0.114,3.0,11.2,7.1,13.7,2.3,1.4,9.7,21.3,3.6,3.0,6.6,0.135,2.5,0.9,3.4,3.2,19.2,0.178,0.081,0.027,0.012,0.542,0.603,0.407,0.556,0.5,0.401,0.636,0.919,0.025,20,0.251,3,1
49,Jordan Poole,24,WAS,SG,78,66,2346,7.5,18.2,0.413,2.8,8.7,0.326,4.7,9.5,0.492,0.491,2.9,3.4,0.877,0.5,2.8,3.3,5.3,1.3,0.4,2.9,3.7,20.8,,poolejo01,12.1,0.529,0.476,0.185,1.4,8.4,4.8,21.4,1.7,0.9,12.8,26.4,-1.5,0.8,-0.6,-0.013,-2.0,-1.9,-3.9,-1.2,17.1,0.156,0.18,0.116,0.073,0.492,0.714,0.394,0.387,0.425,0.326,0.408,0.668,0.008,9,0.108,4,0
50,Jaylen Brown,27,BOS,SF,70,70,2343,9.6,19.3,0.499,2.2,6.3,0.354,7.4,13.0,0.57,0.557,3.2,4.6,0.703,1.3,4.7,5.9,3.8,1.3,0.6,2.6,2.8,24.7,AS,brownja02,18.6,0.58,0.326,0.239,4.0,13.4,8.9,16.6,1.8,1.4,10.7,28.9,2.7,3.2,5.9,0.121,0.9,-0.1,0.7,1.6,13.0,0.247,0.237,0.119,0.07,0.57,0.723,0.487,0.52,0.398,0.354,0.429,0.634,0.075,76,0.205,0,0
51,Malik Beasley,27,MIL,SG,79,77,2337,4.9,11.1,0.443,3.5,8.3,0.413,1.5,2.8,0.533,0.598,0.4,0.5,0.714,0.6,3.8,4.5,1.7,0.9,0.1,0.8,2.4,13.7,,beaslma01,10.3,0.603,0.751,0.048,2.0,11.4,6.8,6.1,1.2,0.3,6.8,14.6,1.9,1.6,3.5,0.073,-1.0,-0.8,-1.8,0.1,20.7,0.073,0.1,0.04,0.036,0.533,0.736,0.472,0.414,0.423,0.413,0.688,0.951,0.008,5,0.399,0,0
52,Franz Wagner,22,ORL,SF,72,72,2337,8.1,16.9,0.482,1.4,5.1,0.281,6.7,11.7,0.57,0.525,4.2,4.9,0.85,1.1,4.8,5.9,4.1,1.2,0.4,2.1,2.6,21.9,,wagnefr01,17.6,0.575,0.305,0.291,3.6,15.7,9.6,18.8,1.6,1.1,10.0,25.7,3.1,3.2,6.4,0.131,0.9,0.3,1.2,1.9,11.3,0.315,0.32,0.039,0.022,0.57,0.716,0.459,0.442,0.292,0.281,0.419,0.787,0.06,65,0.12,4,0
53,Kawhi Leonard,32,LAC,SF,68,68,2330,9.4,18.0,0.525,2.2,5.2,0.417,7.3,12.8,0.569,0.585,3.9,4.4,0.885,1.3,5.1,6.4,3.8,1.7,0.9,1.8,1.5,24.9,ASNBA2,leonaka01,23.2,0.626,0.289,0.246,4.2,15.6,10.1,16.9,2.4,2.3,8.5,26.5,6.0,2.9,8.9,0.184,4.8,0.6,5.5,4.4,13.9,0.168,0.2,0.246,0.097,0.569,0.79,0.539,0.5,0.425,0.417,0.451,0.657,0.072,76,0.193,0,0
54,Herbert Jones,25,NOP,SF,76,76,2321,4.5,9.1,0.498,1.8,4.2,0.418,2.8,4.9,0.568,0.595,2.1,2.5,0.867,1.1,3.1,4.2,3.1,1.6,1.0,1.4,3.5,13.0,DPOY-5DEF1,joneshe01,13.2,0.636,0.464,0.269,3.6,9.4,6.5,11.3,2.2,2.6,12.4,14.1,3.3,3.0,6.3,0.131,-0.9,1.5,0.6,1.6,13.8,0.311,0.162,0.022,0.041,0.568,0.705,0.389,0.231,0.417,0.418,0.609,0.965,0.07,39,0.527,1,0
55,Aaron Gordon,28,DEN,PF,73,73,2297,6.2,11.2,0.556,0.6,2.2,0.29,5.6,9.1,0.619,0.584,2.8,4.2,0.658,2.7,4.7,7.4,4.1,0.9,0.7,1.6,2.2,15.9,,gordoaa01,16.8,0.607,0.193,0.376,8.6,13.9,11.4,15.2,1.2,1.7,11.2,17.8,4.5,2.6,7.1,0.148,1.2,0.1,1.3,1.9,7.4,0.554,0.183,0.053,0.017,0.619,0.738,0.382,0.263,0.417,0.29,0.642,0.85,0.256,171,0.391,1,0
56,Klay Thompson,33,GSW,SF,77,63,2284,7.7,17.9,0.432,4.2,10.9,0.387,3.5,7.0,0.503,0.551,2.0,2.2,0.927,0.6,3.5,4.0,2.8,0.8,0.6,1.8,2.0,21.7,,thompkl01,13.9,0.576,0.611,0.121,1.7,10.2,6.0,11.2,1.1,1.4,8.9,24.2,1.8,1.7,3.6,0.075,1.1,-1.5,-0.4,0.9,20.3,0.051,0.108,0.107,0.124,0.503,0.724,0.484,0.463,0.464,0.387,0.721,0.937,0.002,2,0.132,2,0
57,Kyle Kuzma,28,WAS,PF,70,70,2281,9.6,20.7,0.463,2.4,7.1,0.336,7.2,13.6,0.53,0.521,2.9,3.8,0.775,1.0,6.3,7.3,4.7,0.6,0.8,3.0,2.4,24.5,,kuzmaky01,15.7,0.547,0.343,0.183,2.8,19.3,10.9,20.7,0.8,1.8,11.9,29.7,-1.0,1.1,0.2,0.004,0.5,-1.6,-1.1,0.5,13.7,0.206,0.272,0.117,0.062,0.53,0.789,0.451,0.357,0.341,0.336,0.538,0.788,0.046,57,0.222,1,0
58,Jrue Holiday,33,BOS,PG,69,69,2263,5.3,11.0,0.48,2.2,5.1,0.429,3.1,5.8,0.526,0.581,1.0,1.1,0.833,1.3,4.6,5.9,5.3,1.0,0.8,2.0,1.7,13.7,DPOY-6DEF2,holidjr01,14.4,0.597,0.467,0.104,4.2,13.2,8.9,19.3,1.3,2.1,14.7,16.3,3.3,3.0,6.3,0.133,1.0,1.1,2.1,2.4,15.7,0.163,0.219,0.099,0.052,0.526,0.688,0.49,0.397,0.417,0.429,0.461,0.754,0.01,5,0.261,1,0
59,Deni Avdija,23,WAS,SF,75,75,2257,6.5,12.8,0.506,1.4,3.7,0.374,5.1,9.1,0.56,0.56,3.2,4.4,0.74,1.3,7.3,8.6,4.6,1.0,0.6,2.6,3.0,17.6,,avdijde01,14.9,0.597,0.293,0.34,3.9,22.1,12.8,17.8,1.2,1.3,14.8,20.2,1.7,1.5,3.2,0.068,-0.7,-0.2,-0.9,0.6,10.9,0.336,0.298,0.044,0.03,0.56,0.737,0.427,0.171,0.458,0.374,0.569,0.852,0.057,42,0.272,3,0
60,Devin Vassell,23,SAS,SG,68,62,2248,8.0,16.9,0.472,2.7,7.1,0.372,5.3,9.8,0.544,0.55,2.6,3.2,0.801,0.4,3.7,4.2,4.4,1.2,0.4,1.7,1.2,21.2,,vassede01,15.7,0.578,0.422,0.19,1.3,11.3,6.3,19.1,1.5,0.8,8.6,23.5,2.0,1.6,3.6,0.077,0.9,-0.9,0.0,1.1,16.4,0.163,0.126,0.159,0.13,0.544,0.715,0.511,0.548,0.358,0.372,0.602,0.837,0.05,49,0.188,2,0
61,Luguentz Dort,24,OKC,SF,79,79,2246,4.6,10.5,0.438,2.5,6.3,0.394,2.1,4.2,0.506,0.557,2.1,2.5,0.826,1.2,3.4,4.6,1.8,1.2,0.8,1.2,3.7,13.8,,dortlu01,11.1,0.593,0.603,0.236,3.8,10.0,7.0,6.3,1.5,1.9,9.3,15.4,2.0,2.5,4.6,0.097,-1.4,-0.2,-1.6,0.2,17.4,0.212,0.096,0.05,0.04,0.506,0.612,0.397,0.424,0.308,0.394,0.636,0.994,0.041,23,0.278,0,0
62,Max Strus,27,CLE,SF,70,70,2239,4.9,11.7,0.418,2.7,7.7,0.351,2.2,4.0,0.546,0.533,1.2,1.6,0.794,1.1,4.4,5.4,4.6,1.0,0.5,1.8,2.7,13.7,,strusma01,11.7,0.553,0.658,0.133,3.4,13.5,8.5,17.3,1.4,1.2,12.7,17.4,1.2,2.6,3.9,0.083,-1.1,0.5,-0.6,0.8,18.3,0.238,0.078,0.016,0.01,0.546,0.607,0.351,0.667,0.429,0.351,0.684,0.964,0.036,22,0.23,3,1
63,Dillon Brooks,28,HOU,SF,72,72,2227,5.3,12.4,0.428,2.1,6.0,0.359,3.2,6.4,0.492,0.515,2.0,2.4,0.844,0.9,3.1,4.0,1.9,1.0,0.2,1.4,3.9,14.8,,brookdi01,9.4,0.549,0.482,0.191,2.5,9.4,5.9,7.5,1.4,0.4,9.6,17.6,0.6,2.1,2.7,0.058,-3.3,-0.3,-3.6,-0.9,15.7,0.173,0.228,0.083,0.034,0.492,0.707,0.36,0.422,0.462,0.359,0.587,0.962,0.021,14,0.154,2,0
64,Tyrese Haliburton,23,IND,PG,69,68,2224,8.1,17.0,0.477,3.2,8.7,0.364,4.9,8.3,0.595,0.57,3.1,3.7,0.855,0.6,3.8,4.4,12.2,1.3,0.8,2.6,1.2,22.5,ASNBA3,halibty01,23.3,0.605,0.51,0.217,1.8,12.0,6.9,44.9,1.8,1.7,12.2,24.6,7.6,1.5,9.0,0.195,7.3,-0.4,6.9,5.0,17.6,0.155,0.171,0.087,0.077,0.595,0.66,0.592,0.56,0.506,0.364,0.315,0.472,0.026,27,0.08,4,0
65,Jalen Williams,22,OKC,PF,71,71,2223,8.7,16.1,0.54,1.7,3.9,0.427,7.0,12.2,0.576,0.592,2.9,3.6,0.814,0.6,4.0,4.6,5.2,1.3,0.7,2.0,2.8,21.9,CPOY-12,willija06,19.1,0.621,0.243,0.223,1.9,11.8,7.1,21.3,1.7,1.9,10.1,23.7,4.5,2.7,7.3,0.157,2.0,0.3,2.3,2.4,11.9,0.261,0.241,0.171,0.085,0.576,0.73,0.473,0.529,0.488,0.427,0.404,0.748,0.075,63,0.104,0,0
66,P.J. Washington,25,2TM,PF,73,45,2221,5.7,13.1,0.436,2.1,6.7,0.32,3.6,6.5,0.558,0.518,1.6,2.4,0.683,1.4,5.3,6.7,2.3,1.2,1.0,1.6,2.7,15.2,,washipj01,12.2,0.537,0.509,0.179,4.2,16.5,10.3,9.3,1.6,2.4,9.9,19.1,0.0,1.9,1.9,0.04,-1.7,-0.4,-2.1,-0.1,15.5,0.2,0.239,0.039,0.012,0.558,0.722,0.454,0.438,0.3,0.32,0.797,0.955,0.06,45,0.266,2,0
66,P.J. Washington,25,CHO,PF,44,17,1286,6.4,14.2,0.446,2.2,6.8,0.324,4.1,7.4,0.558,0.524,1.9,2.6,0.713,1.5,5.0,6.5,2.7,1.1,0.9,1.8,3.1,16.8,,washipj01,13.0,0.545,0.479,0.185,4.5,16.1,10.1,11.5,1.5,2.3,10.7,21.2,0.0,0.8,0.8,0.028,-1.7,-1.1,-2.8,-0.3,15.0,0.224,0.238,0.043,0.016,0.558,0.719,0.438,0.455,0.375,0.324,0.784,0.937,0.059,28,0.176,2,0
66,P.J. Washington,25,DAL,PF,29,28,935,4.9,11.6,0.421,2.0,6.5,0.314,2.8,5.1,0.556,0.508,1.2,2.0,0.627,1.2,5.7,6.9,1.7,1.3,1.0,1.2,2.2,13.1,,washipj01,11.0,0.522,0.56,0.169,3.7,17.1,10.5,6.2,1.7,2.5,8.5,16.3,0.0,1.1,1.1,0.056,-1.8,0.7,-1.2,0.2,16.1,0.159,0.242,0.033,0.007,0.556,0.729,0.479,0.4,0.0,0.314,0.824,0.981,0.063,17,0.396,0,0
67,Jaden Ivey,21,DET,SG,77,61,2217,6.8,15.8,0.429,2.0,6.0,0.336,4.8,9.8,0.485,0.492,3.7,4.9,0.749,1.4,2.9,4.3,4.8,0.9,0.7,3.1,3.3,19.2,,iveyja01,12.4,0.536,0.379,0.311,4.3,9.1,6.6,20.2,1.2,1.6,14.7,24.9,-0.5,1.0,0.5,0.01,-1.4,-1.7,-3.1,-0.6,13.8,0.222,0.249,0.118,0.032,0.485,0.657,0.413,0.339,0.387,0.336,0.423,0.895,0.015,14,0.225,6,0
68,Ayo Dosunmu,24,CHI,SG,76,37,2212,5.9,11.7,0.501,1.9,4.8,0.403,3.9,6.9,0.568,0.583,1.4,1.7,0.81,0.9,2.6,3.5,3.9,1.1,0.6,1.7,2.7,15.0,,dosunay01,13.4,0.604,0.41,0.146,2.7,8.3,5.5,15.6,1.5,1.7,11.9,17.2,2.6,1.5,4.1,0.089,-0.6,-0.2,-0.8,0.7,13.0,0.334,0.164,0.05,0.042,0.568,0.654,0.466,0.361,0.533,0.403,0.548,0.891,0.019,13,0.485,1,0
69,Zion Williamson,23,NOP,PF,70,70,2207,10.2,17.8,0.57,0.1,0.3,0.333,10.1,17.6,0.574,0.573,5.7,8.1,0.702,2.0,4.6,6.6,5.7,1.3,0.8,3.1,2.6,26.1,,willizi01,22.8,0.61,0.016,0.452,6.2,14.2,10.2,26.5,1.7,2.1,12.8,29.7,4.7,2.8,7.5,0.164,3.3,0.6,3.8,3.3,4.0,0.547,0.404,0.03,0.003,0.574,0.717,0.396,0.394,0.333,0.333,0.474,0.833,0.08,78,0.111,0,0
70,Mike Conley,36,MIN,PG,76,76,2193,4.8,10.6,0.457,2.9,6.6,0.442,1.9,3.9,0.481,0.595,1.7,1.8,0.911,0.6,3.0,3.6,7.4,1.4,0.3,1.7,2.1,14.3,,conlemi01,15.8,0.627,0.629,0.174,2.0,9.0,5.6,28.4,2.0,0.7,12.8,16.0,5.0,3.3,8.2,0.18,2.0,1.4,3.4,3.0,18.8,0.084,0.161,0.09,0.036,0.481,0.648,0.49,0.362,0.348,0.442,0.461,0.804,0.0,0,0.225,0,0
71,Jeremy Sochan,20,SAS,PF,74,73,2193,5.6,12.7,0.438,1.1,3.7,0.308,4.4,9.0,0.492,0.483,1.8,2.4,0.771,2.2,5.6,7.8,4.1,1.0,0.7,2.3,2.8,14.1,,sochaje01,11.4,0.513,0.293,0.186,6.7,16.9,11.7,16.0,1.3,1.5,14.3,18.8,-0.5,1.9,1.4,0.03,-2.8,-0.6,-3.4,-0.8,11.0,0.332,0.256,0.084,0.035,0.492,0.659,0.362,0.292,0.333,0.308,0.596,0.986,0.098,68,0.317,4,0
72,Buddy Hield,31,2TM,SF,84,42,2160,6.2,14.2,0.436,3.6,9.5,0.386,2.5,4.7,0.539,0.565,0.9,1.0,0.881,1.0,3.5,4.5,3.9,1.2,0.7,1.7,2.8,16.9,,hieldbu01,13.3,0.578,0.668,0.069,3.1,10.9,7.0,14.5,1.6,1.6,10.5,19.2,1.9,1.6,3.5,0.077,1.0,-0.6,0.4,1.3,19.1,0.161,0.098,0.031,0.042,0.539,0.657,0.446,0.346,0.444,0.386,0.671,0.918,0.008,6,0.178,0,0
72,Buddy Hield,31,IND,SF,52,28,1336,6.2,13.9,0.443,3.7,9.6,0.384,2.5,4.3,0.575,0.575,0.8,0.9,0.848,0.9,3.6,4.5,3.7,1.2,0.8,1.7,2.8,16.8,,hieldbu01,13.1,0.586,0.691,0.064,2.9,11.3,7.1,12.9,1.5,1.8,10.4,18.6,1.2,0.8,2.0,0.07,1.0,-0.8,0.2,0.7,19.4,0.164,0.097,0.017,0.031,0.575,0.635,0.54,0.333,0.5,0.384,0.717,0.912,0.012,5,0.162,0,0
72,Buddy Hield,31,PHI,SG,32,14,824,6.2,14.5,0.426,3.6,9.2,0.389,2.6,5.3,0.492,0.55,1.0,1.1,0.923,1.2,3.3,4.5,4.2,1.2,0.5,1.8,2.9,17.0,,hieldbu01,13.6,0.566,0.634,0.078,3.6,10.2,6.8,17.1,1.6,1.2,10.6,20.2,0.7,0.8,1.5,0.088,1.0,-0.3,0.8,0.6,18.9,0.156,0.099,0.051,0.06,0.492,0.692,0.303,0.353,0.4,0.389,0.6,0.927,0.003,1,0.204,0,0
73,CJ McCollum,32,NOP,PG,66,66,2159,8.1,17.6,0.459,4.0,9.3,0.429,4.1,8.3,0.492,0.572,1.9,2.3,0.827,0.7,4.1,4.8,5.1,1.0,0.7,1.8,2.1,22.0,,mccolcj01,17.9,0.592,0.528,0.132,2.0,12.6,7.4,21.4,1.4,1.9,9.0,24.7,3.5,2.4,5.9,0.132,3.3,-0.3,3.1,2.8,17.5,0.107,0.186,0.121,0.058,0.492,0.584,0.464,0.477,0.443,0.429,0.392,0.741,0.005,5,0.12,0,0
74,Spencer Dinwiddie,30,2TM,PG,76,52,2152,4.2,10.7,0.392,2.1,6.2,0.337,2.1,4.6,0.467,0.489,2.8,3.5,0.805,0.5,2.9,3.4,6.0,0.9,0.4,1.5,2.3,13.3,,dinwisp01,11.7,0.543,0.575,0.328,1.5,9.0,5.2,22.7,1.2,0.9,11.1,16.6,2.3,1.3,3.6,0.081,-1.3,-0.6,-1.9,0.1,17.9,0.127,0.213,0.063,0.023,0.467,0.642,0.426,0.325,0.267,0.337,0.157,0.782,0.017,8,0.25,2,0
74,Spencer Dinwiddie,30,BRK,PG,48,48,1474,4.8,12.2,0.391,2.2,6.8,0.32,2.6,5.4,0.48,0.48,3.1,3.9,0.781,0.6,3.2,3.9,7.0,0.9,0.2,1.5,2.1,14.8,,dinwisp01,13.5,0.53,0.557,0.321,1.9,10.1,5.9,27.5,1.3,0.6,9.8,18.6,2.0,0.9,2.9,0.095,-0.5,-0.8,-1.3,0.3,17.0,0.14,0.222,0.06,0.02,0.48,0.643,0.441,0.333,0.2,0.32,0.16,0.719,0.016,5,0.212,2,0
74,Spencer Dinwiddie,30,LAL,PG,28,4,678,3.0,7.5,0.397,1.9,4.8,0.389,1.1,2.7,0.412,0.521,2.3,2.7,0.88,0.2,2.3,2.5,3.6,0.7,0.7,1.5,2.8,10.1,,dinwisp01,8.0,0.586,0.638,0.355,0.7,6.7,3.9,12.2,0.9,1.7,15.1,12.2,0.3,0.4,0.7,0.052,-3.2,-0.1,-3.2,-0.2,18.8,0.078,0.177,0.071,0.035,0.412,0.636,0.36,0.3,0.4,0.389,0.143,0.943,0.021,3,0.367,0,0
75,Tre Jones,24,SAS,PG,77,48,2138,5.1,10.1,0.505,1.1,3.2,0.335,4.0,6.9,0.584,0.558,1.7,2.0,0.856,1.0,3.9,4.9,8.0,1.3,0.2,2.0,1.5,13.0,,jonestr01,14.7,0.591,0.318,0.197,2.9,11.8,7.3,30.8,1.7,0.3,15.1,15.2,3.4,1.6,4.9,0.111,-0.4,0.1,-0.4,0.9,11.5,0.328,0.242,0.1,0.012,0.584,0.726,0.497,0.367,0.286,0.335,0.406,0.906,0.003,1,0.403,2,0
76,Grant Williams,25,2TM,PF,76,43,2130,4.7,10.2,0.456,2.1,5.7,0.375,2.5,4.5,0.558,0.56,1.8,2.4,0.757,1.5,3.9,5.4,2.9,0.7,0.7,1.8,3.8,13.3,,willigr01,10.6,0.588,0.555,0.231,4.4,12.2,8.3,11.3,1.0,1.6,14.1,15.9,1.3,1.3,2.6,0.059,-1.9,-0.7,-2.6,-0.3,16.4,0.183,0.165,0.079,0.017,0.558,0.793,0.4,0.375,0.4,0.375,0.74,0.952,0.02,10,0.318,1,0
76,Grant Williams,25,DAL,PF,47,33,1242,3.8,9.2,0.413,2.3,6.1,0.376,1.5,3.1,0.486,0.538,1.2,1.6,0.745,1.3,3.6,4.9,2.3,0.7,0.8,1.5,4.0,11.1,,willigr01,8.3,0.56,0.662,0.174,4.1,10.8,7.4,8.2,0.9,1.9,13.4,13.6,0.4,1.0,1.3,0.052,-2.7,-0.7,-3.4,-0.4,18.6,0.132,0.132,0.05,0.022,0.486,0.69,0.333,0.375,0.429,0.376,0.75,0.987,0.013,2,0.386,1,0
76,Grant Williams,25,CHO,PF,29,10,888,5.9,11.7,0.503,1.9,5.1,0.373,4.0,6.6,0.605,0.585,2.6,3.4,0.765,1.6,4.4,6.0,3.8,0.8,0.5,2.3,3.6,16.3,,willigr01,13.9,0.618,0.438,0.295,4.9,14.2,9.4,15.7,1.1,1.3,14.7,19.0,0.9,0.3,1.3,0.07,-0.8,-0.7,-1.5,0.1,14.3,0.24,0.201,0.111,0.01,0.605,0.855,0.448,0.375,0.333,0.373,0.735,0.894,0.028,8,0.206,0,0
77,Jaren Jackson Jr.,24,MEM,C,66,66,2124,8.7,19.7,0.444,2.0,6.2,0.32,6.8,13.5,0.501,0.494,5.7,7.1,0.808,1.4,4.7,6.2,2.6,1.4,1.8,2.7,4.0,25.2,,jacksja02,17.4,0.552,0.315,0.359,4.2,15.0,9.4,13.1,1.8,4.7,10.6,30.4,0.2,2.8,3.0,0.067,0.0,0.4,0.4,1.3,11.9,0.221,0.39,0.066,0.008,0.501,0.63,0.439,0.455,0.333,0.32,0.491,0.932,0.034,34,0.15,8,0
78,Tim Hardaway Jr.,31,DAL,SF,79,12,2120,6.7,16.6,0.402,3.6,10.1,0.353,3.1,6.4,0.478,0.51,2.4,2.9,0.852,0.4,3.9,4.3,2.4,0.7,0.1,1.2,1.8,19.3,6MOY-9,hardati02,12.1,0.542,0.612,0.173,1.1,11.9,6.5,9.2,1.0,0.2,6.2,22.6,0.8,1.4,2.2,0.05,-0.8,-2.1,-2.9,-0.5,19.7,0.093,0.087,0.102,0.106,0.478,0.725,0.365,0.45,0.379,0.353,0.685,0.858,0.016,15,0.253,3,0
79,Nic Claxton,24,BRK,C,71,71,2116,6.2,9.9,0.629,0.0,0.1,0.2,6.2,9.8,0.633,0.63,1.8,3.3,0.551,3.3,8.7,12.0,2.5,0.8,2.5,1.6,3.0,14.3,,claxtni01,18.7,0.629,0.009,0.337,9.7,27.3,18.2,10.4,1.1,6.2,12.2,15.6,3.5,3.2,6.7,0.152,-0.3,1.5,1.2,1.7,3.6,0.596,0.337,0.05,0.009,0.633,0.769,0.434,0.345,0.6,0.2,0.729,1.0,0.328,172,0.8,0,0
80,Jaime Jaquez Jr.,22,MIA,SF,75,20,2113,5.8,11.9,0.489,1.1,3.4,0.322,4.7,8.4,0.558,0.536,2.4,3.0,0.811,1.4,3.5,4.9,3.3,1.3,0.3,1.9,2.8,15.1,ROY-46MOY-9,jaqueja01,12.9,0.574,0.29,0.251,4.4,11.0,7.6,13.9,1.8,0.9,12.4,18.7,1.4,2.7,4.0,0.092,-2.2,0.3,-1.9,0.1,10.9,0.286,0.337,0.069,0.019,0.558,0.668,0.506,0.438,0.231,0.322,0.533,0.969,0.05,29,0.51,4,0
81,Taurean Prince,29,LAL,PF,78,49,2108,4.3,9.8,0.442,2.4,6.1,0.396,1.9,3.7,0.519,0.566,0.9,1.2,0.735,0.4,3.6,3.9,2.0,1.0,0.6,1.2,2.5,11.9,,princta02,8.8,0.579,0.622,0.119,1.2,10.5,6.1,7.2,1.3,1.4,10.8,13.8,0.3,1.7,1.9,0.043,-2.6,-0.2,-2.8,-0.4,17.8,0.128,0.168,0.059,0.023,0.519,0.699,0.438,0.441,0.308,0.396,0.866,0.943,0.014,7,0.41,3,0
82,Victor Wembanyama,20,SAS,C,71,71,2106,9.4,20.3,0.465,2.2,6.7,0.325,7.2,13.5,0.534,0.519,5.0,6.3,0.796,2.8,10.2,12.9,4.7,1.5,4.3,4.4,2.6,26.0,ROY-1DPOY-2DEF1,wembavi01,23.1,0.565,0.332,0.309,8.2,30.7,19.4,21.5,2.0,10.0,16.2,32.2,-0.7,4.4,3.7,0.085,1.9,3.3,5.2,3.8,13.0,0.293,0.204,0.089,0.082,0.534,0.706,0.463,0.321,0.33,0.325,0.728,0.797,0.158,165,0.056,1,0
83,Jaden McDaniels,23,MIN,SF,72,71,2105,5.3,10.7,0.489,1.5,4.4,0.337,3.8,6.4,0.592,0.557,1.0,1.4,0.722,1.0,2.9,3.8,1.7,1.1,0.7,1.5,3.7,12.9,DEF2,mcdanja02,9.4,0.571,0.406,0.126,3.2,8.7,6.0,6.8,1.5,1.8,11.6,15.7,0.3,3.1,3.4,0.077,-3.3,0.7,-2.6,-0.3,13.6,0.22,0.237,0.107,0.03,0.592,0.783,0.497,0.507,0.263,0.337,0.62,0.988,0.092,49,0.608,2,0
84,Brandon Ingram,26,NOP,SF,64,64,2103,8.6,17.4,0.492,1.5,4.1,0.355,7.1,13.3,0.534,0.534,4.2,5.3,0.801,0.7,4.8,5.5,6.2,0.9,0.7,2.8,2.5,22.8,,ingrabr01,18.2,0.578,0.238,0.302,2.3,14.7,8.6,26.7,1.2,1.9,12.4,27.2,2.7,2.4,5.1,0.117,1.4,-0.3,1.2,1.7,14.4,0.147,0.155,0.28,0.179,0.534,0.753,0.449,0.512,0.462,0.355,0.415,0.779,0.034,35,0.128,2,0
85,Scottie Barnes,22,TOR,SG,60,60,2094,7.7,16.2,0.475,1.7,5.1,0.341,5.9,11.1,0.536,0.528,3.4,4.3,0.781,2.4,6.1,8.5,6.2,1.3,1.5,2.8,2.0,20.5,AS,barnesc01,19.5,0.566,0.314,0.266,7.3,18.9,13.0,26.2,1.7,3.7,13.6,24.8,2.3,2.0,4.3,0.098,2.9,0.8,3.7,3.0,12.4,0.271,0.268,0.079,0.069,0.536,0.733,0.429,0.297,0.446,0.341,0.462,0.911,0.084,73,0.149,1,0
86,Jusuf Nurkić,29,PHO,C,76,76,2078,5.5,10.9,0.51,0.4,1.6,0.244,5.2,9.3,0.555,0.528,2.9,4.5,0.64,3.9,10.6,14.5,5.2,1.4,1.4,3.0,4.4,14.4,,nurkiju01,17.4,0.559,0.144,0.416,12.8,31.7,22.8,19.9,1.9,3.4,19.1,19.1,2.0,3.8,5.8,0.133,-1.0,2.1,1.1,1.6,6.5,0.504,0.311,0.03,0.011,0.555,0.63,0.446,0.526,0.286,0.244,0.651,1.0,0.104,56,0.1,0,0
87,Myles Turner,27,IND,C,77,77,2076,8.3,15.8,0.524,2.0,5.6,0.358,6.2,10.1,0.615,0.587,4.2,5.5,0.773,2.0,7.3,9.2,1.7,0.7,2.5,1.9,4.0,22.8,,turnemy01,19.3,0.626,0.356,0.349,6.2,22.9,14.5,6.4,0.9,5.5,9.4,23.4,3.6,2.2,5.8,0.134,1.0,-0.1,0.9,1.5,13.2,0.249,0.253,0.081,0.061,0.615,0.761,0.487,0.568,0.618,0.358,0.8,0.991,0.077,66,0.127,1,0
88,Collin Sexton,25,UTA,SG,78,51,2075,8.8,18.0,0.487,2.2,5.6,0.394,6.6,12.4,0.53,0.549,5.5,6.4,0.859,1.2,2.3,3.6,6.6,1.1,0.3,2.9,2.7,25.3,,sextoco01,19.9,0.607,0.313,0.356,3.8,7.1,5.4,29.5,1.4,0.8,12.1,27.5,5.2,0.3,5.5,0.127,3.8,-1.9,1.9,2.0,12.3,0.203,0.346,0.098,0.039,0.53,0.744,0.451,0.402,0.439,0.394,0.418,0.805,0.027,23,0.212,2,0
89,Cam Thomas,22,BRK,SG,66,51,2075,9.1,20.6,0.442,2.5,6.9,0.364,6.6,13.8,0.481,0.503,5.0,5.8,0.856,0.5,3.2,3.7,3.3,0.8,0.3,2.2,2.4,25.7,,thomaca02,16.1,0.554,0.333,0.281,1.4,10.1,5.6,15.7,1.1,0.7,8.5,30.5,1.3,1.2,2.5,0.058,0.7,-1.9,-1.2,0.4,14.8,0.138,0.225,0.187,0.117,0.481,0.646,0.433,0.462,0.41,0.364,0.432,0.674,0.002,2,0.126,1,0
90,Cade Cunningham,22,DET,PG,62,62,2074,9.1,20.3,0.449,2.1,5.8,0.355,7.0,14.4,0.487,0.5,4.1,4.8,0.869,0.6,4.1,4.7,8.1,1.0,0.4,3.7,2.7,24.4,,cunnica01,17.1,0.546,0.287,0.235,1.7,12.9,7.2,37.5,1.3,0.9,14.1,30.8,0.7,1.0,1.8,0.041,2.0,-1.6,0.3,1.2,13.5,0.177,0.275,0.154,0.106,0.487,0.618,0.402,0.528,0.427,0.355,0.262,0.706,0.022,23,0.116,5,0
91,Corey Kispert,24,WAS,SF,80,22,2067,6.7,13.8,0.486,3.2,8.4,0.383,3.5,5.5,0.643,0.602,2.0,2.7,0.726,0.5,3.4,3.9,2.7,0.7,0.3,1.7,2.5,18.6,,kispeco01,12.8,0.62,0.605,0.198,1.5,10.3,5.8,10.7,0.9,0.6,10.2,19.6,1.7,0.4,2.1,0.048,-0.2,-2.0,-2.1,-0.1,17.7,0.2,0.149,0.038,0.009,0.643,0.78,0.525,0.4,0.571,0.383,0.752,0.967,0.03,18,0.215,2,0
92,Saddiq Bey,24,ATL,SF,63,51,2062,5.1,12.2,0.416,2.0,6.3,0.316,3.1,5.9,0.522,0.497,3.0,3.5,0.837,2.9,4.3,7.2,1.6,0.9,0.2,0.9,1.5,15.1,,beysa01,13.1,0.549,0.514,0.291,8.5,13.4,10.9,6.0,1.2,0.5,6.4,17.0,2.8,0.7,3.5,0.081,0.1,-2.0,-1.8,0.1,14.5,0.287,0.155,0.033,0.011,0.522,0.645,0.361,0.261,0.375,0.316,0.492,0.982,0.066,44,0.453,1,0
93,Kelly Oubre Jr.,28,PHI,SF,68,52,2055,6.8,15.4,0.441,1.8,5.7,0.311,5.0,9.7,0.517,0.498,3.0,4.1,0.75,1.6,4.3,6.0,1.8,1.3,0.8,1.5,3.4,18.4,,oubreke01,13.5,0.535,0.37,0.264,5.0,13.5,9.2,7.3,1.8,2.1,8.2,22.4,0.6,2.4,3.0,0.07,-1.5,-0.7,-2.3,-0.1,12.4,0.308,0.237,0.068,0.017,0.517,0.693,0.356,0.35,0.267,0.311,0.552,0.851,0.117,86,0.308,0,0
94,Alperen Şengün,21,HOU,C,63,63,2046,9.3,17.3,0.537,0.6,2.0,0.297,8.7,15.3,0.567,0.553,4.3,6.2,0.693,3.2,7.1,10.4,5.5,1.3,0.8,2.9,3.7,23.4,,sengual01,22.0,0.585,0.113,0.358,9.5,21.5,15.4,25.2,1.8,2.1,12.5,27.0,3.8,3.1,6.9,0.163,3.1,1.7,4.9,3.5,7.9,0.338,0.394,0.115,0.04,0.567,0.69,0.496,0.513,0.385,0.297,0.626,1.0,0.075,64,0.018,2,0
95,Jimmy Butler,34,MIA,PF,60,60,2042,7.0,14.0,0.499,1.1,2.6,0.414,5.9,11.4,0.519,0.537,6.9,8.1,0.858,1.9,3.8,5.6,5.3,1.4,0.3,1.8,1.2,22.0,,butleji01,22.0,0.626,0.183,0.579,5.8,11.9,8.8,23.1,1.9,0.8,9.3,24.0,6.4,2.7,9.1,0.214,3.9,0.7,4.6,3.4,9.7,0.267,0.356,0.139,0.055,0.519,0.679,0.465,0.391,0.409,0.414,0.452,0.8,0.057,41,0.483,0,0
96,Alex Caruso,29,CHI,SG,71,57,2040,4.5,9.5,0.468,2.4,5.9,0.408,2.1,3.7,0.563,0.593,1.3,1.7,0.76,1.1,3.7,4.8,4.4,2.1,1.2,1.8,3.2,12.6,DPOY-10DEF2,carusal01,14.5,0.613,0.616,0.177,3.3,11.8,7.5,16.4,2.9,3.5,14.9,14.7,2.3,2.6,4.9,0.115,0.2,2.3,2.5,2.3,17.1,0.216,0.115,0.022,0.031,0.563,0.675,0.387,0.667,0.353,0.408,0.436,0.89,0.031,15,0.363,0,0
97,Terry Rozier,29,2TM,SG,61,60,2040,7.8,17.6,0.443,2.6,7.2,0.363,5.2,10.4,0.498,0.518,3.0,3.5,0.869,0.6,3.7,4.4,6.0,1.1,0.4,1.9,1.8,21.3,,roziete01,17.3,0.555,0.411,0.198,1.9,12.0,6.8,27.5,1.5,1.0,8.9,25.9,2.3,1.6,3.9,0.091,2.2,-0.7,1.5,1.8,15.2,0.16,0.224,0.112,0.092,0.498,0.563,0.509,0.411,0.467,0.363,0.29,0.651,0.002,2,0.28,2,0
97,Terry Rozier,29,CHO,SG,30,30,1065,8.5,18.6,0.459,2.8,7.8,0.358,5.7,10.7,0.533,0.535,3.7,4.4,0.845,0.6,3.4,4.0,6.7,1.1,0.4,2.2,1.8,23.5,,roziete01,19.2,0.574,0.423,0.235,1.7,10.9,6.2,31.3,1.5,1.1,9.7,27.8,1.6,0.4,2.0,0.09,3.8,-1.5,2.3,1.1,15.2,0.186,0.208,0.102,0.082,0.533,0.598,0.544,0.446,0.467,0.358,0.325,0.639,0.002,1,0.254,2,0
97,Terry Rozier,29,MIA,PG,31,30,975,7.0,16.6,0.423,2.4,6.6,0.371,4.6,10.0,0.458,0.497,2.3,2.5,0.913,0.7,4.1,4.8,5.3,1.1,0.3,1.5,1.8,18.8,,roziete01,15.1,0.531,0.396,0.154,2.1,13.1,7.6,23.4,1.6,0.9,7.9,23.8,0.6,1.2,1.9,0.092,0.4,0.3,0.7,0.7,15.1,0.129,0.245,0.125,0.105,0.458,0.5,0.473,0.375,0.468,0.371,0.242,0.667,0.002,1,0.315,0,0
98,Keldon Johnson,24,SAS,SF,69,27,2038,6.9,15.2,0.454,2.2,6.5,0.346,4.7,8.7,0.533,0.527,3.1,3.9,0.792,1.7,5.0,6.7,3.4,0.9,0.4,1.8,2.6,19.1,,johnske04,14.2,0.565,0.426,0.256,5.0,15.1,10.0,14.2,1.2,0.8,9.4,21.9,1.5,1.5,3.0,0.071,-0.3,-1.4,-1.7,0.2,13.4,0.261,0.256,0.038,0.019,0.533,0.636,0.439,0.485,0.5,0.346,0.492,0.906,0.038,28,0.3,1,0
99,Kyrie Irving,31,DAL,SG,58,58,2030,10.0,20.1,0.497,3.1,7.5,0.411,6.9,12.6,0.548,0.573,3.4,3.7,0.905,0.8,4.4,5.1,5.3,1.3,0.5,1.9,2.0,26.4,CPOY-7,irvinky01,21.9,0.608,0.372,0.186,2.4,13.2,7.8,23.8,1.7,1.2,8.0,28.1,4.9,2.0,6.9,0.163,4.8,0.1,4.9,3.6,15.1,0.144,0.226,0.171,0.087,0.548,0.675,0.527,0.518,0.449,0.411,0.375,0.653,0.006,6,0.166,1,0
100,Karl-Anthony Towns,28,MIN,PF,62,62,2026,8.5,16.9,0.504,2.4,5.8,0.416,6.1,11.1,0.55,0.575,4.5,5.2,0.873,1.7,7.5,9.2,3.4,0.8,0.7,3.1,3.6,24.0,AS,townska01,18.8,0.625,0.344,0.307,5.5,22.6,14.4,15.1,1.0,1.8,14.1,27.4,2.6,3.6,6.3,0.148,1.6,0.9,2.5,2.3,12.7,0.258,0.29,0.063,0.045,0.55,0.69,0.471,0.45,0.395,0.416,0.641,0.971,0.043,35,0.089,1,0
101,Jalen Suggs,22,ORL,SG,75,75,2025,6.0,12.7,0.471,2.7,6.8,0.397,3.3,5.8,0.556,0.578,2.1,2.8,0.756,0.9,3.2,4.1,3.6,1.9,0.8,2.3,3.6,16.8,DPOY-10DEF2,suggsja01,14.1,0.602,0.539,0.218,2.8,10.6,6.6,15.0,2.6,2.2,14.4,19.7,1.5,3.2,4.7,0.112,-0.6,1.6,1.0,1.5,16.7,0.204,0.137,0.078,0.041,0.556,0.712,0.48,0.321,0.483,0.397,0.486,0.869,0.048,26,0.252,1,0
102,Keyonte George,20,UTA,PG,75,44,2023,5.7,14.5,0.391,2.6,7.8,0.334,3.1,6.7,0.459,0.482,3.4,4.0,0.848,0.3,3.5,3.8,5.9,0.6,0.1,3.3,1.6,17.3,,georgke01,10.4,0.533,0.54,0.274,0.8,10.6,5.7,23.1,0.9,0.3,17.1,22.8,-0.4,0.1,-0.3,-0.008,-1.5,-2.9,-4.4,-1.2,17.9,0.075,0.228,0.104,0.053,0.459,0.689,0.425,0.447,0.302,0.334,0.366,0.701,0.015,12,0.127,3,0
103,Josh Giddey,21,OKC,SG,80,80,2011,7.2,15.2,0.475,1.5,4.4,0.337,5.7,10.8,0.53,0.523,1.8,2.2,0.806,2.0,7.2,9.2,6.9,0.9,0.8,3.0,2.0,17.7,,giddejo01,16.6,0.547,0.287,0.146,6.4,21.5,14.2,26.6,1.2,2.0,15.7,23.1,1.4,2.9,4.3,0.102,1.0,0.4,1.5,1.8,10.9,0.283,0.336,0.064,0.03,0.53,0.671,0.425,0.519,0.4,0.337,0.522,0.963,0.006,4,0.37,0,0
104,Bobby Portis,28,MIL,PF,82,4,2008,8.4,16.5,0.508,1.8,4.4,0.407,6.6,12.0,0.545,0.562,1.8,2.2,0.79,2.5,8.3,10.9,1.9,1.2,0.6,1.6,3.4,20.3,6MOY-3,portibo01,17.5,0.581,0.268,0.135,7.9,24.8,16.6,7.8,1.6,1.4,8.6,22.9,2.1,2.6,4.7,0.112,0.0,-0.8,-0.8,0.6,12.9,0.215,0.218,0.198,0.101,0.545,0.731,0.485,0.478,0.409,0.407,0.552,0.98,0.028,22,0.419,0,0
105,Aaron Nesmith,24,IND,SF,72,47,1995,5.7,11.5,0.496,2.5,6.0,0.419,3.2,5.4,0.581,0.606,1.9,2.5,0.781,1.1,3.8,5.0,1.9,1.2,0.9,1.2,4.3,15.8,,nesmiaa01,12.8,0.631,0.526,0.216,3.6,12.0,7.8,6.6,1.5,2.0,8.4,16.0,2.8,1.3,4.1,0.098,-0.3,-0.2,-0.5,0.8,15.2,0.246,0.167,0.052,0.009,0.581,0.699,0.434,0.485,0.667,0.419,0.697,0.986,0.052,31,0.419,0,0
106,Gary Trent Jr.,25,TOR,SG,71,41,1994,6.5,15.3,0.426,3.2,8.2,0.393,3.3,7.1,0.464,0.531,1.3,1.7,0.771,0.5,2.9,3.4,2.1,1.4,0.2,0.8,1.7,17.6,,trentga02,12.0,0.548,0.535,0.113,1.4,9.2,5.2,8.6,1.9,0.4,5.0,20.0,0.8,0.9,1.7,0.04,-1.2,-1.4,-2.6,-0.3,18.4,0.113,0.12,0.1,0.131,0.464,0.667,0.441,0.365,0.387,0.393,0.574,0.904,0.012,8,0.163,0,0
107,Norman Powell,30,LAC,SG,76,3,1990,6.7,13.9,0.486,3.0,6.9,0.435,3.7,6.9,0.536,0.594,2.6,3.1,0.831,0.3,3.2,3.5,1.5,0.8,0.4,1.2,2.5,19.1,6MOY-4,powelno01,13.9,0.626,0.5,0.224,0.9,9.8,5.5,5.9,1.1,1.0,7.3,20.0,2.8,1.3,4.1,0.099,0.4,-1.2,-0.8,0.6,16.4,0.143,0.214,0.091,0.052,0.536,0.736,0.482,0.429,0.4,0.435,0.689,0.916,0.023,15,0.32,2,0
108,Immanuel Quickley,24,2TM,SG,68,38,1985,7.0,16.2,0.434,3.1,7.9,0.395,3.9,8.4,0.471,0.53,3.8,4.4,0.853,0.3,4.4,4.7,6.0,0.9,0.2,1.8,2.2,21.0,,quickim01,16.7,0.577,0.484,0.274,0.9,13.7,7.2,24.6,1.2,0.5,9.2,23.8,3.5,1.2,4.7,0.115,2.2,-0.9,1.3,1.7,16.8,0.114,0.224,0.125,0.053,0.471,0.696,0.405,0.446,0.319,0.395,0.387,0.667,0.006,5,0.189,0,0
108,Immanuel Quickley,24,NYK,SG,30,0,720,7.6,16.7,0.454,3.2,8.1,0.395,4.4,8.6,0.509,0.549,4.1,4.7,0.872,0.2,3.6,3.8,3.7,0.8,0.1,1.5,2.2,22.5,,quickim01,17.1,0.598,0.484,0.281,0.8,11.3,6.0,15.9,1.1,0.4,7.6,24.4,1.6,0.6,2.2,0.149,2.7,-0.2,2.5,0.8,16.9,0.101,0.203,0.152,0.06,0.509,0.647,0.471,0.529,0.35,0.395,0.398,0.719,0.003,1,0.278,0,0
108,Immanuel Quickley,24,TOR,PG,38,38,1265,6.7,15.9,0.422,3.0,7.7,0.395,3.7,8.2,0.448,0.518,3.6,4.3,0.841,0.3,4.8,5.2,7.3,1.0,0.2,2.0,2.1,20.1,,quickim01,16.5,0.564,0.485,0.27,1.0,15.1,7.9,29.5,1.3,0.5,10.1,23.5,1.9,0.6,2.5,0.095,1.9,-1.3,0.6,0.8,16.7,0.122,0.236,0.109,0.048,0.448,0.721,0.371,0.377,0.296,0.395,0.38,0.636,0.007,4,0.137,0,0
109,Brandin Podziemski,20,GSW,SG,74,28,1968,5.0,10.9,0.454,1.6,4.3,0.385,3.3,6.6,0.499,0.529,0.9,1.4,0.633,2.2,5.7,7.8,5.0,1.1,0.3,1.6,2.2,12.5,ROY-5,podzibr01,13.0,0.54,0.392,0.132,6.6,16.7,11.7,18.1,1.5,0.6,12.2,15.4,2.1,2.0,4.1,0.1,-0.5,0.4,-0.1,0.9,13.8,0.186,0.322,0.07,0.03,0.499,0.685,0.443,0.333,0.333,0.385,0.552,0.767,0.008,4,0.192,1,0
110,Naz Reid,24,MIN,PF,81,14,1964,7.4,15.6,0.477,3.1,7.5,0.414,4.3,8.1,0.535,0.576,2.0,2.7,0.736,1.3,6.4,7.8,1.9,1.2,1.3,2.0,3.2,20.0,6MOY-1,reidna01,16.0,0.595,0.479,0.174,4.4,19.3,12.2,8.3,1.6,3.3,10.8,23.1,1.1,3.8,4.9,0.12,0.4,1.1,1.5,1.7,14.5,0.212,0.271,0.036,0.001,0.535,0.717,0.403,0.484,0.0,0.414,0.624,1.0,0.049,39,0.275,2,0
111,Caris LeVert,29,CLE,SG,68,10,1958,6.3,15.1,0.421,2.0,6.1,0.325,4.4,9.0,0.486,0.487,2.8,3.7,0.766,0.7,4.4,5.1,6.4,1.4,0.6,2.2,2.2,17.5,,leverca01,14.6,0.524,0.405,0.245,2.3,13.7,8.0,25.7,1.9,1.6,11.4,23.1,1.0,2.6,3.6,0.088,-0.6,0.8,0.2,1.1,13.6,0.261,0.212,0.11,0.012,0.486,0.617,0.379,0.389,0.4,0.325,0.414,0.769,0.043,33,0.175,1,0
112,Royce O'Neale,30,2TM,SF,79,14,1954,3.9,9.9,0.397,2.9,7.8,0.37,1.1,2.2,0.496,0.542,0.4,0.6,0.686,1.1,5.8,6.9,4.0,1.1,0.8,1.3,3.2,11.2,,onealro01,11.1,0.548,0.783,0.065,3.4,17.9,10.7,15.0,1.5,2.0,11.6,13.9,1.3,2.1,3.4,0.085,-1.0,1.0,0.0,1.0,21.5,0.109,0.085,0.019,0.004,0.496,0.627,0.326,0.5,0.5,0.37,0.672,0.936,0.007,3,0.166,7,0
112,Royce O'Neale,30,BRK,SF,49,6,1202,3.8,9.7,0.388,2.9,7.9,0.366,0.9,1.8,0.483,0.537,0.4,0.7,0.682,1.1,5.5,6.6,4.1,1.0,0.9,1.5,3.6,10.9,,onealro01,10.4,0.544,0.815,0.068,3.4,17.1,10.1,15.5,1.3,2.2,13.2,13.9,0.6,1.2,1.8,0.07,-1.6,0.8,-0.7,0.4,22.6,0.098,0.065,0.022,0.0,0.483,0.531,0.381,0.571,,0.366,0.69,0.928,0.009,2,0.151,6,0
112,Royce O'Neale,30,PHO,SF,30,8,752,4.2,10.2,0.411,2.8,7.5,0.376,1.4,2.7,0.509,0.549,0.4,0.6,0.692,1.1,6.4,7.5,3.9,1.3,0.7,1.1,2.6,11.7,,onealro01,12.3,0.555,0.734,0.061,3.5,19.2,11.7,14.3,1.8,1.8,9.1,13.9,0.8,0.9,1.7,0.108,-0.2,1.4,1.3,0.6,20.5,0.126,0.117,0.014,0.009,0.509,0.741,0.28,0.333,0.5,0.376,0.655,0.949,0.005,1,0.191,1,0
113,Jonathan Kuminga,21,GSW,PF,74,46,1949,8.4,15.9,0.529,1.0,3.0,0.321,7.4,12.9,0.578,0.56,4.1,5.5,0.746,1.7,4.9,6.6,3.0,1.0,0.7,2.3,3.1,21.9,,kuminjo01,17.0,0.598,0.191,0.347,5.2,14.4,9.8,12.5,1.4,1.7,10.9,24.1,2.7,1.9,4.6,0.113,0.0,-0.4,-0.4,0.8,9.4,0.296,0.364,0.109,0.039,0.578,0.749,0.519,0.394,0.353,0.321,0.615,0.906,0.182,138,0.279,1,0
114,Donovan Mitchell,27,CLE,SG,55,55,1942,9.3,20.2,0.462,3.4,9.2,0.368,6.0,11.0,0.539,0.545,5.1,5.9,0.865,0.9,4.3,5.2,6.2,1.9,0.6,2.9,2.2,27.1,AS,mitchdo01,22.1,0.595,0.454,0.292,2.7,13.4,8.1,28.3,2.6,1.4,11.1,31.4,3.6,2.9,6.4,0.159,4.6,1.2,5.8,3.9,16.4,0.209,0.139,0.097,0.101,0.539,0.702,0.411,0.462,0.455,0.368,0.249,0.56,0.019,18,0.051,1,0
115,Trae Young,25,ATL,PG,54,54,1942,8.0,18.7,0.43,3.2,8.7,0.373,4.8,10.0,0.479,0.516,6.5,7.5,0.855,0.4,2.3,2.8,10.8,1.3,0.2,4.4,2.0,25.7,AS,youngtr01,20.3,0.585,0.465,0.404,1.2,7.3,4.2,45.1,1.8,0.5,16.5,30.5,4.0,0.6,4.6,0.114,4.9,-2.3,2.6,2.2,17.6,0.121,0.189,0.157,0.067,0.479,0.598,0.424,0.456,0.471,0.373,0.252,0.337,0.001,0,0.053,5,0
116,Dorian Finney-Smith,30,BRK,PF,68,56,1934,4.0,9.5,0.421,2.2,6.3,0.348,1.8,3.3,0.56,0.535,0.6,0.9,0.717,2.0,3.9,5.9,2.0,1.0,0.7,1.1,2.8,10.8,,finnedo01,10.1,0.546,0.658,0.09,6.0,12.1,9.0,7.6,1.4,1.8,10.0,13.2,1.0,1.6,2.6,0.065,-2.0,-0.1,-2.0,0.0,17.6,0.225,0.096,0.012,0.01,0.56,0.687,0.306,0.667,0.0,0.348,0.745,0.974,0.057,24,0.348,2,0
117,Tyus Jones,27,WAS,PG,66,66,1933,6.1,12.4,0.489,2.0,4.8,0.414,4.1,7.6,0.537,0.569,0.6,0.7,0.8,0.4,3.0,3.3,9.0,1.3,0.3,1.2,0.9,14.7,,jonesty01,16.5,0.578,0.384,0.06,1.1,9.0,5.0,34.6,1.7,0.8,8.8,16.3,3.9,0.7,4.5,0.113,1.5,-0.9,0.7,1.3,14.8,0.111,0.297,0.174,0.033,0.537,0.635,0.49,0.56,0.5,0.414,0.418,0.792,0.0,0,0.246,0,0
118,Jonas Valančiūnas,31,NOP,C,82,82,1925,7.5,13.4,0.559,0.7,2.2,0.308,6.8,11.2,0.609,0.585,3.0,3.8,0.785,3.5,10.0,13.5,3.2,0.6,1.3,2.1,4.1,18.7,,valanjo01,19.8,0.619,0.167,0.285,10.9,30.6,20.9,13.3,0.8,3.5,12.1,20.8,3.9,3.1,7.1,0.177,0.7,0.5,1.2,1.6,8.9,0.344,0.323,0.115,0.051,0.609,0.729,0.526,0.542,0.486,0.308,0.619,1.0,0.083,54,0.2,0,0
119,Nickeil Alexander-Walker,25,MIN,SG,82,20,1921,4.4,10.1,0.439,2.5,6.3,0.391,2.0,3.8,0.517,0.56,1.0,1.2,0.8,0.7,2.5,3.1,3.8,1.2,0.8,1.4,2.7,12.3,,alexani01,10.9,0.578,0.623,0.121,2.2,7.5,4.9,14.5,1.6,1.9,11.8,14.8,1.5,2.8,4.3,0.107,-1.1,1.3,0.2,1.1,17.7,0.149,0.145,0.046,0.037,0.517,0.65,0.449,0.44,0.35,0.391,0.581,0.977,0.02,9,0.469,2,0
120,Andrew Wiggins,28,GSW,SF,71,59,1920,6.6,14.6,0.453,1.7,4.8,0.358,4.9,9.9,0.498,0.511,2.7,3.5,0.751,2.0,4.0,6.0,2.2,0.8,0.8,1.6,2.8,17.6,,wiggian01,12.7,0.544,0.326,0.242,6.2,11.8,9.0,8.6,1.1,1.9,9.2,20.9,1.2,1.6,2.8,0.07,-1.4,-1.2,-2.5,-0.3,13.2,0.203,0.292,0.083,0.096,0.498,0.639,0.491,0.338,0.36,0.358,0.592,0.901,0.049,37,0.157,1,0
121,Duncan Robinson,29,MIA,SF,68,36,1905,5.7,12.8,0.45,3.5,8.9,0.395,2.2,3.8,0.579,0.589,1.5,1.7,0.889,0.3,3.0,3.3,3.6,0.9,0.3,1.8,3.1,16.5,,robindu01,12.2,0.612,0.701,0.133,0.9,9.5,5.1,15.1,1.2,0.8,11.7,19.0,1.6,2.0,3.6,0.091,-0.5,-0.4,-0.9,0.6,19.6,0.121,0.144,0.027,0.007,0.579,0.695,0.526,0.444,0.2,0.395,0.752,0.914,0.004,3,0.222,2,0
122,John Collins,26,UTA,PF,68,66,1901,7.5,14.1,0.532,1.6,4.4,0.371,5.9,9.7,0.605,0.59,2.8,3.5,0.795,3.0,7.9,10.9,1.5,0.8,1.2,1.9,3.6,19.4,,collijo01,17.5,0.621,0.311,0.248,9.2,24.0,16.7,6.1,1.0,2.9,10.6,20.4,3.1,1.3,4.4,0.11,0.5,-1.4,-0.9,0.5,11.0,0.303,0.304,0.043,0.039,0.605,0.783,0.493,0.438,0.276,0.371,0.73,0.988,0.15,106,0.431,0,0
123,Darius Garland,24,CLE,PG,57,57,1901,7.1,15.9,0.446,2.5,6.7,0.371,4.6,9.2,0.501,0.524,2.8,3.3,0.834,0.6,2.3,2.9,7.1,1.4,0.1,3.3,1.8,19.5,,garlada01,14.5,0.56,0.423,0.208,1.8,7.1,4.5,29.4,1.9,0.3,16.1,25.3,0.7,2.0,2.7,0.067,0.2,-1.2,-1.0,0.5,15.7,0.17,0.214,0.115,0.077,0.501,0.643,0.406,0.505,0.446,0.371,0.346,0.652,0.0,0,0.14,0,0
124,Isaiah Hartenstein,25,NYK,C,75,49,1896,4.5,6.9,0.644,0.0,0.1,0.333,4.4,6.9,0.646,0.645,2.1,3.0,0.707,4.6,7.3,11.9,3.6,1.7,1.6,1.8,4.0,11.1,,harteis01,18.9,0.67,0.008,0.43,14.4,22.7,18.5,13.5,2.3,4.2,17.6,12.0,4.6,3.5,8.1,0.204,0.7,2.8,3.5,2.6,3.5,0.641,0.26,0.085,0.005,0.646,0.709,0.568,0.387,1.0,0.333,0.654,1.0,0.258,86,0.0,0,0
125,Eric Gordon,35,PHO,SG,68,24,1893,5.2,11.8,0.443,2.9,7.5,0.378,2.4,4.2,0.561,0.565,1.0,1.2,0.797,0.3,2.0,2.3,2.6,1.3,0.6,1.4,1.5,14.2,,gordoer01,10.8,0.58,0.642,0.104,1.0,6.0,3.6,10.0,1.7,1.4,10.2,16.5,1.0,1.5,2.5,0.063,-1.3,-0.5,-1.7,0.1,18.4,0.175,0.149,0.026,0.008,0.561,0.731,0.391,0.5,0.2,0.378,0.653,0.933,0.002,1,0.202,1,0
126,Jalen Johnson,22,ATL,SF,56,52,1889,6.8,13.4,0.511,1.4,3.8,0.355,5.5,9.6,0.574,0.562,2.0,2.8,0.728,1.4,7.9,9.3,3.9,1.3,0.9,1.9,2.5,17.1,,johnsja05,16.3,0.584,0.285,0.209,4.1,24.8,14.1,15.4,1.7,2.2,11.6,19.1,2.1,1.7,3.8,0.098,0.4,0.8,1.2,1.5,10.6,0.342,0.272,0.083,0.019,0.574,0.696,0.471,0.431,0.462,0.355,0.705,0.972,0.15,98,0.285,1,0
127,Isaac Okoro,23,CLE,SF,69,42,1887,4.5,9.2,0.49,1.6,4.1,0.391,2.9,5.1,0.57,0.577,1.8,2.6,0.679,1.3,2.7,3.9,2.5,1.1,0.6,1.0,2.7,12.3,,okorois01,11.4,0.599,0.448,0.285,4.0,8.2,6.1,9.5,1.5,1.6,9.1,13.9,2.1,2.0,4.2,0.106,-1.8,0.7,-1.1,0.4,12.5,0.388,0.15,0.008,0.006,0.57,0.64,0.403,0.0,1.0,0.391,0.795,0.976,0.046,18,0.642,1,0
128,Clint Capela,29,ATL,C,73,73,1883,6.7,11.8,0.571,0.0,0.0,0.0,6.7,11.8,0.572,0.571,2.5,3.9,0.631,6.4,8.4,14.8,1.7,0.8,2.0,1.4,3.1,16.0,,capelca01,20.7,0.59,0.002,0.333,18.7,26.5,22.4,6.9,1.1,5.1,9.5,17.3,4.4,1.9,6.3,0.161,1.0,-1.0,0.1,1.0,2.5,0.693,0.291,0.011,0.003,0.572,0.636,0.433,0.429,0.0,0.0,0.68,,0.252,144,0.0,1,0
129,Terance Mann,27,LAC,SG,75,71,1873,4.9,9.5,0.515,1.4,3.9,0.348,3.5,5.6,0.633,0.587,1.5,1.8,0.832,1.7,3.2,4.9,2.3,0.8,0.3,0.9,2.8,12.6,,mannte01,12.0,0.615,0.414,0.193,5.4,9.7,7.7,8.5,1.1,0.7,8.2,13.6,3.0,1.2,4.2,0.106,-0.8,-0.7,-1.5,0.2,13.1,0.292,0.193,0.085,0.016,0.633,0.833,0.463,0.405,0.25,0.348,0.639,0.944,0.105,45,0.515,1,0
130,Malik Monk,25,SAC,SG,72,0,1872,7.6,17.2,0.443,2.8,8.1,0.35,4.8,9.0,0.528,0.526,3.3,3.9,0.829,0.5,3.5,4.1,7.1,0.9,0.7,2.9,3.0,21.3,CPOY-126MOY-2,monkma01,16.0,0.564,0.474,0.23,1.6,11.3,6.3,28.9,1.2,1.9,13.2,25.9,1.9,1.6,3.5,0.09,1.5,-1.0,0.6,1.2,16.2,0.169,0.189,0.108,0.06,0.528,0.656,0.456,0.5,0.444,0.35,0.464,0.784,0.049,41,0.132,0,0
131,Bruce Brown,27,2TM,SG,67,44,1866,5.4,11.2,0.478,1.0,3.2,0.323,4.3,8.1,0.538,0.523,2.3,2.7,0.824,1.0,4.5,5.5,3.7,1.1,0.3,1.7,2.9,14.0,,brownbr01,11.6,0.563,0.282,0.244,3.1,14.0,8.5,13.2,1.5,0.8,11.8,16.5,1.2,1.0,2.2,0.058,-2.4,-1.0,-3.3,-0.6,11.6,0.244,0.285,0.148,0.041,0.538,0.718,0.44,0.477,0.375,0.323,0.618,0.925,0.021,12,0.39,1,0
131,Bruce Brown,27,IND,SG,33,33,981,5.5,11.5,0.475,1.2,3.7,0.327,4.3,7.8,0.545,0.527,2.5,3.0,0.817,0.9,4.7,5.7,3.7,1.3,0.3,1.5,3.0,14.6,,brownbr01,12.2,0.568,0.322,0.261,2.9,14.9,8.9,12.3,1.7,0.6,10.5,16.7,0.9,0.6,1.5,0.074,-1.7,-0.5,-2.3,-0.1,12.9,0.207,0.264,0.162,0.045,0.545,0.692,0.458,0.529,0.429,0.327,0.552,0.909,0.019,6,0.436,1,0
131,Bruce Brown,27,TOR,PG,34,11,885,5.2,10.9,0.481,0.8,2.6,0.317,4.4,8.3,0.532,0.519,2.0,2.4,0.833,1.1,4.1,5.3,3.7,1.0,0.4,1.8,2.7,13.3,,brownbr01,10.9,0.557,0.235,0.224,3.4,12.9,8.1,14.3,1.3,0.9,13.3,16.4,0.3,0.4,0.7,0.04,-3.1,-1.4,-4.5,-0.5,10.3,0.287,0.31,0.131,0.037,0.532,0.74,0.422,0.4,0.3,0.317,0.688,0.95,0.022,6,0.317,0,0
132,Jamal Murray,26,DEN,PG,59,59,1861,9.2,19.1,0.481,2.8,6.6,0.425,6.4,12.5,0.51,0.554,3.0,3.6,0.853,0.8,3.9,4.7,7.4,1.1,0.8,2.4,2.0,24.2,,murraja01,20.7,0.586,0.346,0.187,2.6,11.6,7.2,31.2,1.5,1.8,10.5,27.9,3.8,2.1,5.9,0.153,4.5,-0.4,4.1,2.9,15.2,0.166,0.167,0.169,0.151,0.51,0.652,0.461,0.455,0.47,0.425,0.337,0.6,0.019,19,0.111,2,0
133,RJ Barrett,23,2TM,SG,58,58,1838,8.5,17.2,0.495,1.8,4.9,0.36,6.8,12.3,0.549,0.547,4.1,5.7,0.715,1.0,5.1,6.2,3.8,0.6,0.4,2.5,2.5,22.9,,barrerj01,16.4,0.58,0.284,0.331,3.1,16.0,9.5,16.7,0.8,1.1,11.1,26.5,1.6,1.2,2.9,0.075,0.7,-1.5,-0.8,0.6,10.4,0.364,0.276,0.057,0.019,0.549,0.694,0.42,0.3,0.412,0.36,0.592,0.989,0.05,39,0.352,0,0
133,RJ Barrett,23,NYK,SG,26,26,766,7.7,18.2,0.423,2.0,6.1,0.331,5.7,12.1,0.469,0.478,4.8,5.8,0.831,0.9,4.3,5.2,3.0,0.6,0.4,2.2,2.1,22.3,,barrerj01,14.3,0.536,0.335,0.32,2.8,13.5,8.1,12.8,0.8,1.1,9.6,27.6,0.4,0.7,1.1,0.07,-0.3,-1.7,-2.0,0.0,12.2,0.278,0.255,0.093,0.039,0.469,0.62,0.374,0.306,0.4,0.331,0.537,1.0,0.034,10,0.377,0,0
133,RJ Barrett,23,TOR,SG,32,32,1072,9.1,16.5,0.553,1.6,4.0,0.392,7.6,12.5,0.605,0.601,3.5,5.6,0.629,1.1,5.7,6.9,4.4,0.6,0.4,2.7,2.8,23.4,,barrerj01,17.8,0.615,0.244,0.339,3.4,17.8,10.5,19.5,0.9,1.1,12.3,25.7,1.2,0.5,1.7,0.078,1.5,-1.4,0.1,0.6,8.7,0.431,0.293,0.028,0.004,0.605,0.731,0.451,0.286,0.5,0.392,0.622,0.979,0.063,29,0.325,0,0
134,Georges Niang,30,CLE,PF,82,10,1831,5.6,12.4,0.449,2.9,7.8,0.376,2.7,4.6,0.572,0.567,1.0,1.2,0.85,0.4,5.0,5.5,1.9,0.6,0.4,1.4,3.8,15.1,,niangge01,9.9,0.583,0.627,0.095,1.4,15.5,8.5,7.5,0.8,0.9,9.9,17.6,0.5,2.0,2.4,0.064,-2.5,-0.4,-2.9,-0.4,17.9,0.12,0.196,0.049,0.008,0.572,0.684,0.524,0.548,0.2,0.376,0.741,0.973,0.0,0,0.354,0,0
135,Jerami Grant,29,POR,PF,54,54,1830,7.5,16.7,0.451,2.2,5.4,0.402,5.4,11.3,0.474,0.516,5.0,6.1,0.817,0.7,3.0,3.8,3.0,0.9,0.7,2.3,2.3,22.3,,grantje01,15.4,0.573,0.325,0.367,2.1,10.0,5.8,13.8,1.2,1.7,10.5,25.7,1.7,1.0,2.7,0.071,1.0,-1.1,-0.1,0.9,13.2,0.214,0.255,0.096,0.109,0.474,0.599,0.406,0.415,0.441,0.402,0.445,0.973,0.028,18,0.333,0,0
136,Rui Hachimura,25,LAL,PF,68,39,1826,7.2,13.3,0.537,1.9,4.6,0.422,5.2,8.8,0.597,0.609,2.0,2.6,0.739,1.1,4.7,5.8,1.6,0.8,0.5,0.9,2.0,18.2,,hachiru01,15.0,0.628,0.343,0.198,3.7,13.7,8.9,6.3,1.1,1.2,5.9,18.5,2.7,1.5,4.1,0.108,0.0,-0.9,-0.9,0.5,12.6,0.296,0.197,0.09,0.072,0.597,0.81,0.398,0.525,0.367,0.422,0.796,0.99,0.127,77,0.457,0,0
137,Payton Pritchard,26,BOS,PG,82,5,1825,5.9,12.5,0.468,2.9,7.5,0.385,3.0,5.0,0.593,0.583,0.9,1.1,0.821,1.4,3.8,5.2,5.5,0.8,0.1,1.2,2.1,15.5,,pritcpa01,15.3,0.597,0.602,0.088,4.3,11.1,7.8,20.7,1.1,0.3,8.5,17.2,4.2,1.9,6.1,0.16,1.3,-0.2,1.0,1.4,19.1,0.132,0.117,0.083,0.066,0.593,0.762,0.486,0.566,0.476,0.385,0.273,0.85,0.0,0,0.251,5,1
138,Lauri Markkanen,26,UTA,PF,55,55,1820,8.4,17.6,0.48,3.5,8.7,0.399,5.0,8.9,0.559,0.578,4.9,5.5,0.899,2.4,6.5,8.9,2.2,1.0,0.5,1.5,2.0,25.3,,markkla01,21.5,0.631,0.493,0.311,7.4,19.6,13.6,9.5,1.3,1.3,7.1,25.0,5.2,0.9,6.2,0.163,5.1,-1.5,3.6,2.6,15.7,0.175,0.24,0.061,0.03,0.559,0.724,0.5,0.389,0.407,0.399,0.742,0.983,0.098,77,0.178,1,0
139,Reggie Jackson,33,DEN,PG,82,23,1817,6.5,15.0,0.431,2.0,5.6,0.359,4.4,9.4,0.475,0.499,1.6,1.9,0.806,0.7,2.4,3.1,6.1,0.9,0.3,2.1,3.0,16.5,,jacksre01,11.7,0.521,0.376,0.13,2.1,7.2,4.7,23.0,1.2,0.6,11.7,21.7,0.6,1.5,2.1,0.056,-1.8,-1.5,-3.2,-0.6,14.6,0.187,0.247,0.089,0.102,0.475,0.61,0.422,0.433,0.39,0.359,0.402,0.775,0.011,6,0.204,4,0
140,Cole Anthony,23,ORL,PG,81,0,1817,6.6,15.1,0.435,1.8,5.4,0.338,4.7,9.7,0.49,0.496,3.6,4.3,0.826,1.3,4.9,6.2,4.7,1.3,0.7,2.5,3.5,18.6,,anthoco01,14.6,0.545,0.36,0.286,4.1,16.1,10.1,19.8,1.7,1.9,12.8,23.7,0.9,2.7,3.6,0.096,-0.6,0.7,0.1,1.0,14.9,0.152,0.244,0.169,0.075,0.49,0.647,0.484,0.434,0.316,0.338,0.28,0.892,0.014,9,0.204,3,0
141,Daniel Gafford,25,2TM,C,74,66,1815,6.9,9.5,0.725,0.0,0.0,,6.9,9.5,0.725,0.725,2.3,3.5,0.674,3.9,7.3,11.1,2.3,1.3,3.0,1.5,4.5,16.1,,gaffoda01,21.7,0.731,0.0,0.365,11.4,22.1,16.7,9.1,1.7,7.1,11.7,14.7,5.2,2.5,7.8,0.205,0.7,1.9,2.6,2.1,2.7,0.667,0.302,0.027,0.004,0.725,0.813,0.566,0.385,0.5,,0.761,,0.392,177,,0,0
141,Daniel Gafford,25,WAS,C,45,45,1192,6.1,8.9,0.69,0.0,0.0,,6.1,8.9,0.69,0.69,2.5,3.6,0.706,4.0,6.9,10.9,2.1,1.3,2.9,1.4,4.4,14.8,,gaffoda01,19.9,0.707,0.0,0.405,11.5,21.1,16.2,8.0,1.7,6.6,11.7,13.9,3.0,1.4,4.4,0.178,-0.2,1.1,0.9,0.9,3.2,0.633,0.32,0.041,0.007,0.69,0.774,0.564,0.417,0.5,,0.729,,0.347,94,,0,0
141,Daniel Gafford,25,DAL,PF,29,21,623,8.4,10.7,0.78,0.0,0.0,,8.4,10.7,0.78,0.78,2.0,3.2,0.607,3.7,7.9,11.6,2.7,1.2,3.2,1.6,4.6,18.7,,gaffoda01,25.0,0.769,0.0,0.301,11.3,23.9,17.6,11.1,1.6,7.9,11.7,16.4,2.2,1.1,3.3,0.257,2.5,3.4,5.9,1.3,2.2,0.72,0.274,0.005,0.0,0.78,0.866,0.569,0.0,,,0.807,,0.462,83,,0,0
142,Ivica Zubac,26,LAC,C,68,68,1794,6.8,10.4,0.649,0.0,0.0,,6.8,10.4,0.649,0.649,2.4,3.3,0.723,3.9,8.6,12.6,1.9,0.4,1.7,1.6,3.6,15.9,,zubaciv01,19.3,0.671,0.0,0.32,12.8,26.2,19.7,7.5,0.6,4.2,11.8,16.4,4.5,2.3,6.8,0.182,0.8,0.0,0.8,1.3,3.7,0.493,0.466,0.04,0.0,0.649,0.711,0.599,0.476,,,0.772,,0.245,112,,0,0
143,Deandre Ayton,25,POR,C,55,55,1784,8.6,15.1,0.57,0.0,0.2,0.1,8.6,14.9,0.576,0.571,1.3,1.6,0.823,3.6,8.7,12.3,1.8,1.1,0.8,2.0,2.2,18.6,,aytonde01,18.9,0.587,0.013,0.105,10.4,28.9,19.1,8.8,1.5,2.1,11.2,21.1,1.8,2.1,3.9,0.106,0.5,-0.2,0.3,1.0,8.9,0.255,0.308,0.268,0.155,0.576,0.764,0.541,0.453,0.552,0.1,0.749,1.0,0.117,80,0.4,1,0
144,Derrick Jones Jr.,26,DAL,SF,76,66,1783,4.8,10.0,0.483,1.7,4.8,0.343,3.2,5.2,0.613,0.566,2.0,2.7,0.713,1.7,3.4,5.0,1.5,1.1,1.0,1.3,2.4,13.3,,jonesde02,11.7,0.592,0.483,0.275,5.0,10.3,7.7,5.5,1.4,2.5,10.5,14.9,1.5,1.6,3.1,0.083,-1.3,-0.3,-1.5,0.2,13.2,0.327,0.168,0.018,0.004,0.613,0.691,0.494,0.444,0.0,0.343,0.764,0.988,0.158,62,0.586,0,0
145,Kyle Anderson,30,MIN,PF,79,10,1782,4.0,8.7,0.46,0.2,1.0,0.229,3.8,7.8,0.488,0.472,2.0,2.8,0.708,1.2,4.3,5.5,6.7,1.4,0.9,1.8,2.6,10.2,,anderky01,12.7,0.513,0.111,0.316,4.0,13.0,8.7,25.0,2.0,2.3,15.6,14.5,1.4,3.1,4.5,0.121,-1.6,2.7,1.1,1.4,9.0,0.192,0.48,0.189,0.028,0.488,0.627,0.438,0.476,0.5,0.229,0.511,1.0,0.025,10,0.688,1,0
146,Jalen Duren,20,DET,C,61,60,1777,7.1,11.4,0.619,0.0,0.1,0.0,7.1,11.3,0.623,0.619,2.9,3.7,0.79,3.9,10.5,14.4,3.0,0.7,1.0,2.6,3.9,17.0,,durenja01,18.7,0.653,0.007,0.321,11.8,33.0,22.2,12.7,0.9,2.3,16.7,18.5,3.0,1.8,4.8,0.13,-0.2,0.1,-0.1,0.9,3.9,0.521,0.397,0.055,0.02,0.623,0.741,0.536,0.29,0.182,0.0,0.676,,0.296,156,0.0,0,0
147,Bradley Beal,30,PHO,SG,53,53,1767,7.7,15.0,0.513,2.1,4.8,0.43,5.6,10.2,0.552,0.582,2.2,2.7,0.813,1.1,3.6,4.7,5.4,1.1,0.6,2.7,2.6,19.6,,bealbr01,16.3,0.607,0.32,0.182,3.6,10.8,7.4,22.5,1.4,1.3,14.2,22.7,2.4,1.5,3.9,0.107,0.9,-0.6,0.4,1.1,13.5,0.233,0.193,0.132,0.122,0.552,0.725,0.472,0.474,0.433,0.43,0.442,0.861,0.034,22,0.311,0,0
148,Scoot Henderson,19,POR,PG,62,32,1765,6.3,16.3,0.385,1.8,5.5,0.325,4.5,10.8,0.416,0.44,3.4,4.2,0.819,1.1,2.9,4.0,6.9,1.0,0.3,4.3,4.0,17.7,,hendesc01,9.5,0.489,0.336,0.256,3.2,9.5,6.2,29.9,1.3,0.7,19.3,26.5,-2.5,0.9,-1.7,-0.045,-3.5,-2.3,-5.8,-1.7,14.0,0.237,0.177,0.167,0.083,0.416,0.503,0.312,0.451,0.318,0.325,0.277,0.598,0.024,14,0.123,4,0
149,Nick Richards,26,CHO,C,67,51,1759,5.3,7.7,0.691,0.0,0.0,0.0,5.3,7.7,0.693,0.691,2.7,3.7,0.737,3.5,7.5,11.0,1.1,0.5,1.5,1.5,3.6,13.3,,richani01,16.7,0.717,0.003,0.476,10.7,24.2,17.2,4.5,0.7,3.9,13.8,13.3,3.8,1.3,5.1,0.14,-1.6,-0.7,-2.3,-0.1,3.1,0.684,0.245,0.059,0.011,0.693,0.782,0.543,0.364,0.25,0.0,0.681,,0.354,120,0.0,0,0
150,Kelly Olynyk,32,2TM,C,78,27,1759,5.6,10.2,0.555,1.2,3.2,0.387,4.4,7.0,0.632,0.616,3.1,3.7,0.833,2.2,6.2,8.4,7.1,1.5,0.6,3.1,4.7,15.6,,olynyke01,17.4,0.661,0.312,0.362,6.7,19.0,12.9,27.6,2.0,1.5,20.9,17.5,3.5,1.4,4.9,0.133,0.7,1.1,1.8,1.7,11.6,0.344,0.225,0.064,0.054,0.632,0.76,0.545,0.406,0.444,0.387,0.537,0.967,0.016,8,0.187,0,0
150,Kelly Olynyk,32,UTA,C,50,8,1019,5.1,9.1,0.562,1.3,3.0,0.429,3.9,6.1,0.626,0.632,2.8,3.4,0.842,2.2,6.7,9.0,7.7,1.3,0.4,2.9,4.7,14.3,,olynyke01,17.3,0.677,0.326,0.368,6.9,20.5,13.7,29.6,1.8,1.1,21.3,15.6,2.5,0.7,3.1,0.148,1.3,1.3,2.6,1.2,12.1,0.295,0.264,0.058,0.058,0.626,0.776,0.588,0.267,0.4,0.429,0.477,0.972,0.016,4,0.202,0,0
150,Kelly Olynyk,32,TOR,C,28,19,740,6.4,11.6,0.548,1.2,3.5,0.338,5.2,8.2,0.637,0.598,3.4,4.1,0.824,2.2,5.4,7.6,6.2,1.8,0.9,3.5,4.8,17.3,,olynyke01,17.4,0.644,0.297,0.356,6.6,17.0,11.7,24.8,2.4,2.1,20.4,20.0,1.0,0.7,1.7,0.113,0.0,0.7,0.7,0.5,11.1,0.397,0.184,0.071,0.05,0.637,0.747,0.477,0.529,0.5,0.338,0.598,0.958,0.017,4,0.169,0,0
151,Caleb Martin,28,MIA,SF,64,23,1756,4.9,11.5,0.431,1.7,4.8,0.349,3.3,6.7,0.489,0.504,1.6,2.0,0.778,1.5,4.2,5.8,2.9,1.0,0.6,1.6,2.6,13.1,,martica02,10.8,0.531,0.415,0.177,4.7,13.5,9.1,11.8,1.3,1.6,11.3,17.3,0.2,2.2,2.4,0.066,-2.2,0.2,-2.0,0.0,14.5,0.218,0.216,0.072,0.079,0.489,0.598,0.463,0.325,0.409,0.349,0.581,0.926,0.036,18,0.353,2,0
152,Sam Hauser,26,BOS,SF,79,13,1741,5.1,11.5,0.446,4.1,9.6,0.424,1.1,1.9,0.559,0.623,0.4,0.4,0.895,0.9,4.8,5.7,1.7,0.8,0.5,0.7,2.0,14.7,,hausesa01,13.0,0.629,0.833,0.034,2.9,13.7,8.6,6.2,1.1,1.3,5.3,15.0,2.7,2.1,4.9,0.134,1.2,0.0,1.2,1.4,22.7,0.072,0.048,0.027,0.02,0.559,0.675,0.407,0.467,0.636,0.424,0.731,0.975,0.016,9,0.241,2,0
153,Al Horford,37,BOS,C,65,33,1740,4.4,8.7,0.511,2.2,5.3,0.419,2.2,3.3,0.658,0.64,0.5,0.6,0.867,1.7,6.8,8.5,3.5,0.8,1.3,1.0,1.9,11.6,,horfoal01,15.0,0.65,0.616,0.072,5.3,19.7,12.8,12.3,1.1,3.1,10.0,12.0,3.5,2.7,6.2,0.172,1.7,2.0,3.6,2.5,17.2,0.184,0.155,0.024,0.021,0.658,0.818,0.523,0.6,0.333,0.419,0.726,1.0,0.045,18,0.384,0,0
154,Toumani Camara,23,POR,PF,70,49,1739,4.1,9.1,0.45,1.2,3.6,0.337,2.9,5.5,0.523,0.516,1.6,2.0,0.758,2.9,4.2,7.1,1.8,1.4,0.7,1.7,3.6,10.9,,camarto01,10.6,0.547,0.393,0.226,8.4,14.0,11.0,7.2,1.9,1.7,14.9,13.8,0.6,1.4,2.0,0.055,-3.1,0.0,-3.1,-0.5,11.6,0.352,0.224,0.023,0.009,0.523,0.643,0.367,0.3,0.25,0.337,0.504,1.0,0.068,24,0.448,0,0
155,Obi Toppin,25,IND,PF,82,28,1730,6.9,12.0,0.573,2.1,5.3,0.403,4.8,6.8,0.706,0.661,1.6,2.1,0.77,1.8,4.9,6.7,2.7,1.0,0.9,1.4,3.0,17.5,,toppiob01,16.5,0.677,0.437,0.173,5.6,15.4,10.5,9.4,1.3,2.0,10.0,16.8,3.6,1.1,4.8,0.132,1.8,-0.3,1.5,1.5,12.7,0.378,0.157,0.026,0.002,0.706,0.808,0.516,0.4,0.0,0.403,0.796,0.99,0.193,101,0.368,3,0
156,Bilal Coulibaly,19,WAS,SF,63,15,1715,3.9,9.1,0.435,1.3,3.9,0.346,2.6,5.2,0.502,0.509,1.9,2.7,0.702,1.2,4.2,5.4,2.3,1.2,1.0,1.8,2.9,11.2,,coulibi01,8.9,0.543,0.428,0.303,3.4,12.8,8.0,8.2,1.6,2.3,15.1,14.2,-0.5,0.9,0.4,0.013,-3.6,-0.5,-4.2,-0.9,13.2,0.313,0.188,0.035,0.037,0.502,0.667,0.346,0.133,0.25,0.346,0.621,0.953,0.134,51,0.481,0,0
157,OG Anunoby,26,2TM,SF,50,50,1702,6.0,12.2,0.489,2.2,5.6,0.382,3.8,6.6,0.581,0.577,1.4,1.9,0.753,1.0,3.4,4.4,2.3,1.4,0.8,1.7,2.5,15.5,,anunoog01,12.8,0.595,0.463,0.154,3.0,10.6,6.8,9.0,2.0,1.9,11.6,17.6,1.1,1.5,2.6,0.073,-1.0,0.5,-0.6,0.6,13.9,0.31,0.121,0.066,0.04,0.581,0.721,0.357,0.368,0.522,0.382,0.689,0.961,0.144,75,0.476,0,0
157,OG Anunoby,26,TOR,SF,27,27,900,6.3,12.8,0.489,2.4,6.5,0.374,3.8,6.3,0.608,0.584,1.3,1.8,0.717,1.0,3.3,4.2,2.9,1.1,0.5,1.7,2.5,16.3,,anunoog01,12.6,0.598,0.508,0.143,2.9,10.2,6.5,11.4,1.5,1.3,11.2,18.2,0.6,0.4,1.0,0.052,-0.8,-0.7,-1.6,0.1,15.2,0.265,0.131,0.056,0.04,0.608,0.753,0.405,0.389,0.615,0.374,0.729,0.951,0.128,36,0.405,0,0
157,OG Anunoby,26,NYK,SF,23,23,802,5.6,11.5,0.488,1.8,4.7,0.394,3.8,6.8,0.553,0.568,1.5,1.9,0.791,1.0,3.5,4.6,1.6,1.8,1.0,1.7,2.6,14.6,,anunoog01,13.0,0.591,0.406,0.168,3.2,11.1,7.1,6.2,2.5,2.7,12.1,16.8,0.5,1.1,1.6,0.097,-1.3,1.8,0.6,0.5,12.6,0.367,0.109,0.078,0.039,0.553,0.691,0.286,0.35,0.4,0.394,0.643,0.976,0.164,39,0.587,0,0
158,Jabari Walker,21,POR,SF,72,23,1700,5.0,10.8,0.46,0.9,2.9,0.295,4.1,7.8,0.522,0.5,2.7,3.6,0.754,3.2,7.6,10.8,1.5,0.9,0.5,1.4,3.7,13.5,,walkeja01,13.0,0.546,0.273,0.336,9.4,25.0,16.7,6.2,1.2,1.2,10.2,16.3,1.4,1.6,2.9,0.083,-2.4,-0.9,-3.3,-0.6,9.8,0.393,0.263,0.049,0.022,0.522,0.67,0.358,0.2,0.545,0.295,0.617,1.0,0.055,17,0.446,2,0
159,Andrew Nembhard,24,IND,PG,68,47,1697,5.5,11.1,0.498,1.3,3.6,0.357,4.2,7.4,0.567,0.557,1.0,1.2,0.804,0.8,2.2,3.0,5.9,1.3,0.1,2.1,3.0,13.3,,nembhan01,11.3,0.573,0.328,0.107,2.4,7.0,4.7,20.0,1.8,0.3,15.6,16.0,1.3,0.7,2.0,0.057,-1.6,-0.5,-2.2,-0.1,14.1,0.19,0.207,0.197,0.079,0.567,0.737,0.472,0.534,0.488,0.357,0.412,0.918,0.002,1,0.31,0,0
160,Cason Wallace,20,OKC,SG,82,13,1692,4.6,9.4,0.491,2.1,5.0,0.419,2.5,4.4,0.572,0.602,0.6,0.8,0.784,1.1,2.9,4.0,2.6,1.6,0.8,1.0,2.7,11.9,,wallaca01,12.0,0.612,0.529,0.084,3.6,8.6,6.2,8.9,2.2,2.0,8.9,12.9,1.9,2.1,4.0,0.115,-0.9,1.0,0.1,0.9,16.0,0.229,0.12,0.059,0.063,0.572,0.752,0.377,0.5,0.357,0.419,0.655,0.969,0.054,19,0.496,0,0
161,Trey Murphy III,23,NOP,SF,57,23,1690,5.9,13.2,0.443,3.6,9.5,0.38,2.3,3.7,0.602,0.579,2.6,3.2,0.815,0.9,5.1,6.0,2.6,1.1,0.6,0.7,1.5,17.9,,murphtr02,16.3,0.612,0.717,0.243,2.8,15.5,9.2,10.2,1.5,1.6,4.7,18.6,3.4,2.0,5.4,0.154,2.5,0.0,2.5,1.9,20.3,0.142,0.1,0.027,0.014,0.602,0.795,0.419,0.471,0.222,0.38,0.679,0.893,0.068,38,0.2,1,0
162,Kristaps Porziņģis,28,BOS,C,57,57,1690,8.3,16.0,0.516,2.3,6.2,0.375,5.9,9.8,0.606,0.589,5.5,6.4,0.858,2.1,6.6,8.7,2.4,0.9,2.4,1.9,3.3,24.4,,porzikr01,23.2,0.647,0.39,0.402,6.5,19.1,13.1,10.0,1.2,5.8,9.1,25.1,4.9,3.0,7.9,0.226,3.5,1.6,5.1,3.0,14.6,0.251,0.176,0.126,0.057,0.606,0.751,0.538,0.505,0.395,0.375,0.716,0.991,0.128,89,0.024,2,0
163,Kyle Lowry,37,2TM,PG,60,55,1690,3.5,8.0,0.432,2.1,5.3,0.392,1.4,2.7,0.512,0.562,1.3,1.6,0.84,0.7,3.4,4.1,5.4,1.3,0.4,1.8,3.1,10.4,,lowryky01,10.9,0.594,0.663,0.199,2.2,10.8,6.4,20.1,1.7,1.2,17.2,12.9,1.6,1.9,3.5,0.1,-1.9,0.9,-1.0,0.4,19.7,0.114,0.111,0.072,0.04,0.512,0.628,0.5,0.333,0.533,0.392,0.477,0.806,0.0,0,0.248,2,0
163,Kyle Lowry,37,MIA,PG,37,35,1037,3.6,8.4,0.426,2.2,5.6,0.385,1.4,2.8,0.506,0.554,1.2,1.5,0.833,0.9,3.6,4.5,5.1,1.4,0.5,1.8,3.3,10.5,,lowryky01,10.9,0.582,0.665,0.174,2.7,11.5,7.0,19.5,1.9,1.4,16.9,13.5,0.8,1.4,2.2,0.1,-2.0,1.3,-0.8,0.3,19.6,0.116,0.124,0.062,0.033,0.506,0.607,0.5,0.2,0.75,0.385,0.488,0.823,0.0,0,0.224,2,0
163,Kyle Lowry,37,PHI,PG,23,20,653,3.3,7.4,0.444,2.0,4.9,0.404,1.3,2.5,0.522,0.578,1.5,1.8,0.848,0.5,3.1,3.6,5.8,1.1,0.3,1.8,2.9,10.1,,lowryky01,11.0,0.615,0.659,0.244,1.5,9.6,5.5,21.1,1.5,0.8,17.6,12.0,0.8,0.6,1.4,0.102,-1.7,0.4,-1.3,0.1,19.9,0.111,0.089,0.089,0.052,0.522,0.667,0.5,0.5,0.286,0.404,0.458,0.778,0.0,0,0.292,0,0
164,Jordan Clarkson,31,UTA,SG,55,19,1682,7.2,17.5,0.413,1.9,6.6,0.294,5.3,10.9,0.485,0.469,3.8,4.3,0.881,1.0,3.0,4.0,5.9,0.7,0.1,3.1,1.7,20.2,,clarkjo01,12.7,0.521,0.379,0.246,3.2,9.0,6.2,24.6,1.0,0.3,13.9,26.1,0.1,0.1,0.2,0.006,-1.3,-3.2,-4.5,-1.1,14.9,0.113,0.339,0.125,0.044,0.485,0.598,0.473,0.412,0.5,0.294,0.37,0.703,0.017,13,0.133,8,0
165,De'Andre Hunter,26,ATL,SF,57,37,1681,6.5,14.2,0.459,2.5,6.5,0.385,4.0,7.7,0.521,0.547,3.6,4.2,0.847,0.7,4.1,4.8,1.9,0.9,0.3,1.8,3.1,19.1,,huntede01,12.7,0.595,0.459,0.296,1.9,12.9,7.2,7.3,1.1,0.9,10.0,20.6,1.6,0.6,2.2,0.062,-0.9,-1.5,-2.4,-0.2,16.1,0.166,0.149,0.137,0.089,0.521,0.682,0.485,0.429,0.424,0.385,0.674,0.906,0.027,13,0.322,0,0
166,Pat Connaughton,31,MIL,SF,76,3,1676,3.2,7.5,0.435,1.8,5.1,0.345,1.5,2.3,0.633,0.553,0.9,1.2,0.759,1.1,4.0,5.1,3.5,0.9,0.4,1.1,2.1,9.2,,connapa01,9.6,0.574,0.686,0.167,3.4,12.0,7.8,12.0,1.1,1.0,11.6,10.9,1.6,1.2,2.8,0.08,-1.6,0.0,-1.6,0.2,18.2,0.205,0.104,0.003,0.003,0.633,0.789,0.333,0.0,1.0,0.345,0.667,0.963,0.017,3,0.403,0,0
167,Christian Braun,22,DEN,SG,82,4,1655,4.8,10.5,0.46,1.4,3.6,0.384,3.5,6.9,0.498,0.525,2.0,2.9,0.694,1.7,4.9,6.7,2.9,0.9,0.8,1.2,3.0,13.1,,braunch01,12.1,0.554,0.34,0.277,5.4,14.8,10.2,10.2,1.3,1.8,9.2,15.7,1.5,2.0,3.4,0.1,-1.7,-0.2,-1.9,0.0,11.4,0.342,0.263,0.025,0.031,0.498,0.667,0.339,0.083,0.333,0.384,0.692,0.937,0.068,30,0.341,1,0
168,Simone Fontecchio,28,2TM,SF,66,43,1644,5.5,12.0,0.46,2.9,7.3,0.401,2.6,4.7,0.551,0.582,1.2,1.4,0.818,1.4,4.0,5.4,2.2,1.0,0.5,1.5,2.4,15.2,,fontesi01,12.1,0.6,0.609,0.12,4.3,12.2,8.3,8.7,1.3,1.2,10.5,16.5,1.5,0.6,2.1,0.061,0.0,-1.0,-1.0,0.4,16.8,0.17,0.177,0.033,0.011,0.551,0.656,0.474,0.389,0.667,0.401,0.729,0.978,0.049,21,0.434,0,0
168,Simone Fontecchio,28,UTA,SF,50,34,1160,5.0,11.1,0.45,2.8,7.2,0.391,2.2,3.9,0.56,0.577,1.0,1.2,0.8,1.6,3.8,5.5,2.3,0.9,0.6,1.6,2.5,13.8,,fontesi01,11.2,0.592,0.651,0.112,5.0,11.7,8.4,8.6,1.2,1.4,12.0,15.4,0.9,0.3,1.3,0.052,-0.4,-1.2,-1.6,0.1,17.7,0.165,0.156,0.022,0.006,0.56,0.61,0.518,0.375,1.0,0.391,0.7,0.989,0.053,15,0.451,0,0
168,Simone Fontecchio,28,DET,SF,16,9,484,6.8,14.1,0.479,3.2,7.5,0.426,3.6,6.6,0.539,0.592,1.6,1.9,0.846,0.9,4.3,5.2,2.1,1.0,0.4,1.3,2.2,18.4,,fontesi01,14.4,0.613,0.532,0.137,2.7,13.6,8.1,8.8,1.4,0.9,7.8,19.2,0.6,0.3,0.8,0.083,1.0,-0.4,0.6,0.3,15.8,0.179,0.216,0.053,0.021,0.539,0.735,0.415,0.4,0.5,0.426,0.771,0.953,0.042,6,0.396,0,0
169,Ochai Agbaji,23,2TM,SG,78,28,1641,3.9,9.5,0.411,1.4,4.6,0.294,2.5,4.9,0.523,0.483,0.8,1.2,0.661,1.6,3.1,4.7,1.8,1.0,1.0,1.4,2.6,10.0,,agbajoc01,7.7,0.497,0.487,0.129,4.9,9.6,7.2,6.6,1.4,2.4,12.3,13.4,-0.5,0.6,0.1,0.002,-3.5,-0.9,-4.4,-1.0,13.7,0.289,0.176,0.037,0.012,0.523,0.664,0.329,0.438,0.2,0.294,0.75,0.984,0.085,31,0.455,1,0
169,Ochai Agbaji,23,UTA,SG,51,10,1003,3.8,8.9,0.426,1.7,5.1,0.331,2.1,3.8,0.551,0.52,0.5,0.7,0.75,1.3,3.3,4.5,1.7,1.0,1.0,1.2,2.4,9.8,,agbajoc01,8.1,0.531,0.57,0.08,3.9,9.9,6.9,6.1,1.3,2.6,11.7,12.2,0.1,0.3,0.4,0.019,-2.5,-0.5,-3.0,-0.3,15.9,0.201,0.181,0.036,0.012,0.551,0.72,0.422,0.333,0.333,0.331,0.831,0.979,0.068,15,0.451,0,0
169,Ochai Agbaji,23,TOR,SG,27,18,638,4.1,10.4,0.391,0.8,3.9,0.217,3.2,6.5,0.496,0.432,1.2,2.0,0.611,2.2,2.9,5.1,2.0,1.1,0.8,1.7,2.9,10.2,,agbajoc01,7.1,0.453,0.375,0.196,6.6,9.0,7.8,7.4,1.5,2.1,13.1,15.4,-0.6,0.3,-0.3,-0.024,-5.0,-1.5,-6.5,-0.7,11.4,0.408,0.168,0.038,0.011,0.496,0.627,0.194,0.571,0.0,0.217,0.667,1.0,0.109,16,0.464,1,0
170,Julius Randle,29,NYK,PF,46,46,1630,8.7,18.5,0.472,1.7,5.4,0.311,7.0,13.1,0.539,0.518,5.2,6.7,0.781,2.2,7.2,9.3,5.1,0.6,0.3,3.5,2.8,24.3,AS,randlju01,18.9,0.569,0.292,0.361,6.8,22.4,14.6,22.8,0.8,0.7,14.1,29.9,1.9,1.9,3.8,0.113,2.2,-0.3,1.9,1.6,11.7,0.266,0.291,0.115,0.037,0.539,0.689,0.469,0.406,0.419,0.311,0.423,0.868,0.032,24,0.148,0,0
171,Precious Achiuwa,24,2TM,C,74,18,1624,5.2,10.4,0.501,0.6,2.2,0.268,4.6,8.2,0.562,0.529,1.5,2.5,0.616,4.2,6.6,10.8,2.2,1.0,1.5,1.8,3.2,12.5,,achiupr01,14.6,0.545,0.207,0.239,13.0,20.5,16.7,8.4,1.4,3.9,13.8,15.9,1.2,2.2,3.4,0.102,-1.7,0.3,-1.4,0.2,8.0,0.52,0.215,0.047,0.011,0.562,0.697,0.317,0.273,0.2,0.268,0.593,0.962,0.145,62,0.474,0,0
171,Precious Achiuwa,24,TOR,C,25,0,437,6.4,14.0,0.459,1.1,3.9,0.277,5.4,10.1,0.528,0.497,2.0,3.5,0.571,4.1,7.1,11.2,3.6,1.3,1.0,2.4,3.3,15.9,,achiupr01,15.0,0.512,0.276,0.247,12.3,22.1,17.1,14.5,1.8,2.4,13.3,21.2,0.0,0.4,0.4,0.048,-1.4,-0.2,-1.6,0.0,9.5,0.418,0.247,0.047,0.012,0.528,0.662,0.357,0.25,0.5,0.277,0.662,1.0,0.147,21,0.362,0,0
171,Precious Achiuwa,24,NYK,PF,49,18,1187,4.8,9.1,0.525,0.4,1.5,0.26,4.4,7.6,0.578,0.547,1.4,2.1,0.643,4.3,6.4,10.6,1.6,0.9,1.7,1.6,3.1,11.3,,achiupr01,14.5,0.564,0.167,0.234,13.3,19.9,16.6,6.2,1.3,4.4,14.1,14.0,1.2,1.8,3.0,0.122,-1.9,0.5,-1.4,0.2,6.5,0.579,0.197,0.047,0.01,0.578,0.711,0.288,0.286,0.0,0.26,0.563,0.923,0.144,41,0.58,0,0
172,Santi Aldama,23,MEM,PF,61,35,1618,5.5,12.6,0.435,2.4,6.8,0.349,3.1,5.9,0.534,0.528,1.2,1.9,0.621,1.6,6.2,7.8,3.1,1.0,1.2,1.5,2.0,14.6,,aldamsa01,13.1,0.539,0.535,0.153,4.7,19.7,11.9,13.3,1.3,3.1,10.2,17.9,0.4,2.0,2.4,0.07,-0.7,0.4,-0.2,0.7,15.8,0.211,0.188,0.049,0.016,0.534,0.692,0.411,0.393,0.333,0.349,0.674,0.962,0.067,34,0.296,0,0
173,Cameron Johnson,27,BRK,PF,58,47,1599,6.2,13.9,0.446,3.1,7.9,0.391,3.1,6.0,0.519,0.557,1.9,2.5,0.789,1.2,4.4,5.7,3.1,1.1,0.3,1.3,2.4,17.5,,johnsca02,14.5,0.582,0.57,0.176,3.7,13.8,8.6,12.9,1.5,0.8,7.9,19.6,2.0,1.3,3.3,0.1,0.9,-0.5,0.4,1.0,17.5,0.17,0.126,0.073,0.061,0.519,0.724,0.41,0.378,0.342,0.391,0.601,0.957,0.034,18,0.331,1,0
174,Malaki Branham,20,SAS,PG,75,29,1594,6.1,14.2,0.432,2.1,6.1,0.347,4.0,8.1,0.494,0.506,1.2,1.4,0.873,0.6,2.7,3.3,3.5,0.6,0.2,2.1,2.1,15.6,,branhma01,8.7,0.526,0.427,0.1,1.9,8.2,5.0,14.0,0.8,0.4,12.2,19.8,-0.9,0.6,-0.3,-0.008,-3.4,-2.2,-5.6,-1.5,15.1,0.186,0.189,0.134,0.064,0.494,0.744,0.328,0.5,0.25,0.347,0.657,0.968,0.019,12,0.272,0,0
175,Paul Reed,24,PHI,C,82,24,1590,5.9,10.9,0.54,0.5,1.3,0.368,5.4,9.6,0.563,0.561,1.4,1.9,0.718,4.4,6.7,11.0,2.5,1.5,1.9,1.5,4.5,13.6,,reedpa01,17.4,0.58,0.119,0.177,13.2,20.9,16.9,9.8,2.1,4.8,11.5,15.9,2.5,2.6,5.1,0.154,-0.6,1.0,0.4,0.9,7.1,0.473,0.265,0.094,0.05,0.563,0.674,0.394,0.511,0.5,0.368,0.643,0.857,0.106,45,0.298,0,0
176,Ausar Thompson,21,DET,SF,63,38,1583,5.3,10.9,0.483,0.5,2.6,0.186,4.8,8.3,0.575,0.505,1.6,2.7,0.597,2.9,6.2,9.1,2.7,1.5,1.3,1.9,4.0,12.6,,thompau01,12.8,0.522,0.235,0.248,8.9,19.6,14.2,10.8,2.1,3.2,13.6,16.6,0.1,1.7,1.8,0.053,-2.8,0.6,-2.2,-0.1,9.8,0.377,0.283,0.05,0.054,0.575,0.652,0.544,0.458,0.308,0.186,0.673,0.952,0.183,79,0.575,4,0
177,Anfernee Simons,24,POR,SG,46,46,1582,8.2,19.0,0.43,3.5,9.2,0.385,4.6,9.8,0.472,0.523,3.7,4.1,0.916,0.5,3.3,3.8,5.8,0.5,0.1,2.9,2.2,23.6,,simonan01,15.9,0.568,0.484,0.213,1.5,10.9,5.9,27.6,0.7,0.3,12.1,28.0,1.7,0.5,2.2,0.068,2.7,-2.5,0.2,0.8,17.1,0.14,0.183,0.105,0.088,0.472,0.658,0.392,0.477,0.338,0.385,0.162,0.622,0.018,14,0.077,0,0
178,Kevin Huerter,25,SAC,SG,64,59,1562,5.7,12.9,0.443,2.8,7.9,0.361,2.9,5.0,0.571,0.553,0.8,1.1,0.766,0.9,4.3,5.2,3.8,1.0,0.5,1.2,3.1,15.1,,huertke01,12.4,0.564,0.609,0.084,2.7,13.6,8.0,14.4,1.4,1.3,8.4,17.3,1.5,1.4,2.9,0.089,-0.5,-0.4,-0.8,0.5,18.2,0.146,0.152,0.075,0.018,0.571,0.732,0.553,0.381,0.2,0.361,0.808,0.951,0.02,9,0.173,0,0
179,Bennedict Mathurin,21,IND,SF,59,19,1538,6.9,15.5,0.446,1.9,5.0,0.374,5.1,10.5,0.481,0.507,4.3,5.2,0.821,1.4,4.1,5.5,2.8,0.8,0.3,2.3,2.7,20.0,,mathube01,13.0,0.562,0.323,0.338,4.4,12.8,8.6,9.8,1.1,0.7,11.3,23.4,0.8,0.7,1.4,0.045,-1.2,-2.3,-3.4,-0.6,12.4,0.275,0.253,0.089,0.06,0.481,0.582,0.393,0.458,0.425,0.374,0.583,0.75,0.03,17,0.107,0,0
180,Evan Mobley,22,CLE,PF,50,50,1532,7.5,13.0,0.58,0.5,1.4,0.373,7.0,11.6,0.604,0.6,2.9,4.0,0.719,2.6,8.4,11.0,3.8,1.1,1.7,2.1,3.1,18.4,,mobleev01,20.1,0.626,0.107,0.31,8.2,25.9,17.2,15.9,1.5,4.2,12.5,20.6,2.8,2.7,5.5,0.174,0.9,2.0,2.9,1.9,6.5,0.464,0.337,0.065,0.027,0.604,0.77,0.462,0.361,0.133,0.373,0.725,1.0,0.239,129,0.424,0,0
181,Chris Paul,38,GSW,PG,58,18,1531,4.8,11.0,0.441,1.8,4.9,0.371,3.0,6.0,0.498,0.525,1.0,1.2,0.827,0.4,4.9,5.3,9.2,1.6,0.1,1.8,2.5,12.5,,paulch01,14.7,0.544,0.45,0.111,1.3,14.4,7.9,33.4,2.2,0.4,13.4,15.6,2.6,1.7,4.3,0.136,-0.2,1.2,1.0,1.2,19.0,0.021,0.109,0.233,0.186,0.498,0.8,0.608,0.514,0.379,0.371,0.164,0.679,0.0,0,0.176,4,0
182,Russell Westbrook,35,LAC,PG,68,11,1529,7.1,15.6,0.454,1.0,3.6,0.273,6.1,12.0,0.509,0.486,2.6,3.8,0.688,2.2,5.9,8.1,7.2,1.7,0.5,3.4,2.8,17.8,6MOY-7,westbru01,16.2,0.514,0.232,0.241,7.1,17.8,12.7,29.2,2.4,1.4,16.4,25.2,0.2,1.9,2.1,0.066,-0.2,0.7,0.5,1.0,9.6,0.385,0.27,0.074,0.039,0.509,0.655,0.363,0.367,0.346,0.273,0.378,0.857,0.075,38,0.403,0,0
183,Nicolas Batum,35,2TM,PF,60,38,1529,2.7,6.0,0.453,1.7,4.4,0.395,1.0,1.7,0.606,0.596,0.4,0.5,0.714,1.6,4.2,5.8,3.0,1.1,0.9,0.9,2.6,7.5,,batumni01,10.2,0.603,0.723,0.082,5.0,13.1,9.0,10.7,1.5,2.3,13.1,8.6,1.7,1.6,3.3,0.103,-1.3,0.8,-0.4,0.6,20.5,0.191,0.043,0.027,0.016,0.606,0.653,0.636,0.429,0.25,0.395,0.628,1.0,0.035,9,0.535,1,0
183,Nicolas Batum,35,LAC,PF,3,0,54,2.0,5.3,0.375,1.3,4.7,0.286,0.7,0.7,1.0,0.5,0.0,0.0,,0.0,4.7,4.7,3.3,2.0,2.7,0.7,3.3,5.3,,batumni01,9.8,0.5,0.875,0.0,0.0,14.2,7.3,11.2,2.7,6.7,11.1,7.3,0.0,0.1,0.1,0.091,-1.5,4.4,2.8,0.1,22.0,0.0,0.125,0.0,0.0,1.0,,1.0,,,0.286,1.0,1.0,0.125,1,0.571,0,0
183,Nicolas Batum,35,PHI,PF,57,38,1475,2.8,6.1,0.456,1.7,4.3,0.399,1.0,1.7,0.6,0.599,0.4,0.5,0.714,1.7,4.2,5.9,3.0,1.1,0.8,1.0,2.5,7.6,,batumni01,10.3,0.606,0.718,0.085,5.1,13.0,9.0,10.6,1.5,2.1,13.2,8.7,1.6,1.5,3.2,0.104,-1.3,0.7,-0.5,0.5,18.9,0.198,0.04,0.028,0.016,0.6,0.653,0.6,0.429,0.25,0.399,0.619,1.0,0.032,8,0.534,1,0
184,Zach Collins,26,SAS,C,69,29,1526,7.0,14.5,0.484,1.4,4.3,0.32,5.7,10.3,0.552,0.531,2.9,3.8,0.753,2.8,5.9,8.7,4.6,0.8,1.2,3.1,4.9,18.3,,colliza01,14.3,0.565,0.294,0.263,8.3,18.0,13.1,18.9,1.1,2.8,16.1,22.7,0.4,1.5,1.8,0.057,-2.0,-0.1,-2.0,0.0,11.5,0.266,0.313,0.088,0.039,0.552,0.726,0.472,0.463,0.208,0.32,0.713,1.0,0.042,25,0.099,0,0
185,Josh Green,23,DAL,SG,57,33,1505,4.3,8.9,0.479,1.7,4.5,0.385,2.6,4.5,0.572,0.575,0.9,1.4,0.684,1.0,3.4,4.4,3.1,1.1,0.2,1.4,2.6,11.2,,greenjo02,9.9,0.588,0.5,0.152,2.9,10.4,6.7,11.1,1.5,0.5,13.1,13.1,1.0,1.2,2.2,0.071,-2.4,-0.3,-2.7,-0.3,14.5,0.265,0.158,0.045,0.032,0.572,0.768,0.339,0.294,0.5,0.385,0.748,0.958,0.091,31,0.626,0,0
186,Walker Kessler,22,UTA,C,64,22,1493,5.5,8.4,0.654,0.1,0.5,0.211,5.4,8.0,0.68,0.66,1.4,2.2,0.602,4.0,7.6,11.6,1.4,0.7,3.7,1.6,3.2,12.5,,kesslwa01,18.0,0.663,0.054,0.266,12.3,23.1,17.7,5.6,1.0,9.2,14.4,12.8,2.4,1.7,4.1,0.131,-0.4,1.3,0.9,1.1,3.4,0.68,0.257,0.003,0.006,0.68,0.752,0.511,0.0,0.0,0.211,0.742,1.0,0.363,124,1.0,0,0
187,Draymond Green,33,GSW,PF,55,52,1490,4.5,9.0,0.497,1.2,3.1,0.395,3.2,5.9,0.551,0.566,1.3,1.8,0.73,1.8,7.8,9.6,8.0,1.3,1.1,3.3,4.0,11.5,,greendr01,14.5,0.587,0.347,0.199,5.6,23.0,14.4,28.6,1.8,2.9,25.0,15.3,1.4,2.2,3.6,0.116,-0.6,3.0,2.4,1.6,11.6,0.293,0.296,0.056,0.008,0.551,0.67,0.5,0.143,1.0,0.395,0.769,0.941,0.022,7,0.31,0,0
188,Peyton Watson,21,DEN,SF,80,4,1488,5.0,10.8,0.465,1.1,3.7,0.296,3.9,7.1,0.553,0.516,1.7,2.6,0.67,1.4,4.9,6.2,2.1,1.0,2.1,1.4,3.5,12.9,,watsope01,11.8,0.539,0.34,0.237,4.3,14.6,9.6,7.4,1.4,5.0,10.5,16.2,0.3,2.2,2.5,0.079,-3.0,0.8,-2.2,-0.1,12.0,0.342,0.204,0.089,0.025,0.553,0.66,0.407,0.525,0.364,0.296,0.785,0.978,0.143,58,0.434,6,0
189,Matisse Thybulle,26,POR,SF,65,19,1487,3.1,7.7,0.397,1.9,5.6,0.346,1.1,2.1,0.535,0.524,0.5,0.7,0.759,0.7,2.6,3.3,2.2,2.7,1.2,1.0,2.3,8.6,,thybuma01,10.4,0.537,0.729,0.091,2.1,8.5,5.1,8.3,3.8,3.0,10.8,10.6,0.4,1.8,2.2,0.072,-2.8,3.4,0.6,0.9,19.3,0.132,0.12,0.013,0.006,0.535,0.643,0.421,0.75,0.0,0.346,0.63,1.0,0.025,8,0.385,1,0
190,Khris Middleton,32,MIL,SF,55,55,1487,7.7,15.6,0.493,2.3,6.0,0.381,5.4,9.6,0.563,0.566,2.4,2.9,0.833,1.0,5.3,6.2,7.1,1.2,0.4,3.1,3.4,20.0,,middlkh01,17.0,0.595,0.384,0.187,3.0,15.7,9.5,28.9,1.6,0.9,15.4,23.9,1.9,1.4,3.4,0.109,1.1,0.0,1.1,1.2,16.7,0.101,0.159,0.187,0.17,0.563,0.708,0.51,0.517,0.578,0.381,0.372,0.702,0.005,2,0.186,0,0
191,Bojan Bogdanović,34,2TM,PF,57,27,1478,7.5,16.6,0.454,3.2,8.1,0.398,4.3,8.5,0.507,0.551,2.8,3.6,0.785,0.5,3.2,3.7,2.4,0.7,0.1,2.5,2.3,21.1,6MOY-9,bogdabo02,12.6,0.581,0.49,0.219,1.6,10.0,5.7,10.3,1.0,0.3,11.9,24.6,0.3,0.7,1.1,0.034,-0.7,-2.5,-3.2,-0.4,16.7,0.117,0.181,0.14,0.072,0.507,0.625,0.48,0.484,0.429,0.398,0.648,0.872,0.006,4,0.275,0,0
191,Bojan Bogdanović,34,DET,PF,28,27,921,7.8,16.6,0.468,3.4,8.1,0.415,4.4,8.5,0.518,0.569,3.2,4.1,0.779,0.5,3.2,3.7,2.8,0.9,0.2,2.5,2.2,22.1,,bogdabo02,14.1,0.6,0.487,0.245,1.5,10.0,5.7,12.2,1.2,0.4,11.8,24.7,0.5,0.3,0.8,0.042,0.3,-2.5,-2.1,0.0,16.6,0.111,0.2,0.141,0.061,0.518,0.723,0.447,0.5,0.423,0.415,0.584,0.86,0.002,1,0.232,0,0
191,Bojan Bogdanović,34,NYK,SF,29,0,557,7.1,16.5,0.43,3.0,8.2,0.37,4.1,8.3,0.488,0.521,2.3,2.9,0.8,0.6,3.2,3.7,1.7,0.5,0.1,2.5,2.5,19.6,,bogdabo02,10.1,0.549,0.496,0.176,1.8,9.9,5.8,7.1,0.6,0.2,12.1,24.3,-0.2,0.4,0.2,0.021,-2.4,-2.5,-4.9,-0.4,16.8,0.129,0.148,0.137,0.09,0.488,0.485,0.553,0.457,0.435,0.37,0.762,0.894,0.012,3,0.346,0,0
192,Julian Champagnie,22,SAS,SF,74,59,1468,4.0,9.9,0.408,2.5,6.8,0.365,1.5,3.1,0.504,0.534,1.8,2.3,0.815,1.0,4.0,5.1,2.5,1.2,1.0,1.4,1.9,12.4,,champju02,10.6,0.57,0.689,0.229,3.1,12.2,7.6,9.3,1.6,2.4,11.4,14.4,0.6,1.3,1.8,0.059,-1.8,-0.1,-1.9,0.0,18.4,0.194,0.09,0.012,0.015,0.504,0.641,0.306,0.0,0.333,0.365,0.857,0.98,0.067,19,0.329,0,0
193,Patrick Beverley,35,2TM,PG,73,13,1462,3.9,9.3,0.417,1.5,4.5,0.337,2.4,4.9,0.49,0.497,1.8,2.2,0.822,1.2,4.7,5.9,5.2,1.1,0.8,1.6,3.2,11.1,,beverpa01,11.6,0.539,0.478,0.237,3.7,14.3,9.0,19.0,1.4,1.9,13.4,14.3,1.2,1.5,2.7,0.09,-1.5,0.5,-1.1,0.3,15.4,0.153,0.293,0.066,0.011,0.49,0.672,0.441,0.32,0.25,0.337,0.361,0.852,0.003,1,0.309,0,0
193,Patrick Beverley,35,PHI,PG,47,5,919,4.1,9.4,0.432,1.4,4.3,0.321,2.7,5.2,0.523,0.504,2.0,2.5,0.81,1.2,4.5,5.7,5.6,0.9,0.7,1.9,3.3,11.5,,beverpa01,11.7,0.547,0.452,0.261,3.5,14.1,8.7,21.0,1.3,1.8,15.4,14.9,0.7,0.9,1.7,0.087,-1.5,0.0,-1.5,0.1,14.9,0.154,0.315,0.066,0.012,0.523,0.703,0.474,0.375,0.333,0.321,0.348,0.771,0.004,1,0.22,0,0
193,Patrick Beverley,35,MIL,PG,26,8,543,3.6,9.1,0.391,1.7,4.8,0.361,1.9,4.4,0.424,0.486,1.5,1.8,0.852,1.3,5.0,6.2,4.5,1.3,0.9,1.1,3.0,10.4,,beverpa01,11.4,0.524,0.522,0.196,3.9,14.8,9.5,15.8,1.7,2.0,9.6,13.2,0.5,0.6,1.1,0.095,-1.6,1.2,-0.4,0.2,15.9,0.152,0.254,0.065,0.007,0.424,0.619,0.371,0.222,0.0,0.361,0.393,0.962,0.0,0,0.444,0,0
194,Amir Coffey,26,LAC,SF,70,13,1460,4.1,8.7,0.472,1.7,4.5,0.38,2.4,4.1,0.571,0.571,1.5,1.8,0.859,0.7,2.9,3.6,1.9,1.0,0.3,0.8,2.5,11.4,,coffeam01,10.0,0.604,0.523,0.202,2.3,8.9,5.7,6.8,1.4,0.9,7.9,12.5,1.6,1.0,2.6,0.084,-1.9,-0.3,-2.2,-0.1,16.6,0.151,0.159,0.128,0.04,0.571,0.774,0.5,0.489,0.357,0.38,0.771,0.971,0.023,7,0.5,3,0
195,Isaiah Joe,24,OKC,SG,78,1,1445,5.5,12.1,0.458,3.7,8.8,0.416,1.9,3.3,0.568,0.609,1.1,1.3,0.865,0.8,3.7,4.5,2.5,1.1,0.5,1.2,2.2,15.8,,joeis01,13.4,0.626,0.728,0.107,2.6,11.0,6.9,8.9,1.5,1.4,8.5,16.6,1.9,1.6,3.5,0.116,1.1,-0.3,0.9,1.0,21.3,0.091,0.041,0.07,0.07,0.568,0.773,0.4,0.5,0.471,0.416,0.76,0.966,0.039,15,0.212,2,0
196,Desmond Bane,25,MEM,SG,42,42,1443,9.0,19.4,0.464,3.4,9.0,0.381,5.6,10.4,0.536,0.552,3.5,4.0,0.87,0.9,3.7,4.6,5.7,1.1,0.5,2.8,3.0,24.9,,banede01,18.5,0.589,0.464,0.207,2.6,11.8,7.0,29.2,1.5,1.4,11.7,28.5,1.8,1.3,3.1,0.102,3.1,-0.3,2.8,1.7,15.9,0.216,0.168,0.061,0.091,0.536,0.72,0.377,0.553,0.38,0.381,0.404,0.613,0.009,7,0.144,2,0
197,Vince Williams Jr.,23,MEM,SG,52,33,1436,4.2,9.5,0.446,2.0,5.2,0.378,2.3,4.3,0.529,0.55,2.6,3.3,0.8,1.5,5.8,7.3,4.4,1.2,0.9,2.3,3.4,13.1,,willivi01,12.8,0.597,0.551,0.343,4.3,18.3,11.0,18.0,1.6,2.2,17.4,15.8,1.1,1.7,2.8,0.093,-1.7,1.0,-0.7,0.5,15.7,0.245,0.142,0.045,0.016,0.529,0.667,0.407,0.353,0.0,0.378,0.511,0.924,0.024,9,0.335,0,0
198,Isaiah Stewart,22,DET,PF,46,45,1423,4.7,9.7,0.487,1.7,4.4,0.383,3.0,5.2,0.575,0.575,1.6,2.2,0.753,1.9,5.8,7.7,1.8,0.4,1.0,1.7,2.5,12.7,,stewais01,11.3,0.6,0.458,0.223,5.7,18.4,11.9,7.1,0.6,2.3,13.6,14.5,0.9,0.8,1.7,0.056,-1.6,-0.7,-2.3,-0.1,13.5,0.301,0.212,0.018,0.01,0.575,0.635,0.519,0.429,0.25,0.383,0.723,1.0,0.071,21,0.349,0,0
199,Moritz Wagner,26,ORL,C,80,1,1415,8.4,14.0,0.601,1.0,2.9,0.33,7.5,11.1,0.673,0.636,4.2,5.2,0.814,3.0,5.9,8.8,2.4,1.0,0.5,2.5,4.1,22.1,,wagnemo01,20.6,0.676,0.208,0.37,9.6,19.3,14.4,11.2,1.4,1.4,13.1,22.8,3.5,2.0,5.6,0.188,1.7,0.3,2.0,1.4,7.6,0.504,0.272,0.005,0.009,0.673,0.799,0.46,0.333,0.4,0.33,0.796,0.974,0.091,48,0.322,1,0
200,Tyler Herro,24,MIA,SG,42,40,1407,8.3,18.8,0.441,3.4,8.5,0.396,4.9,10.3,0.478,0.531,2.4,2.8,0.856,0.5,5.2,5.7,4.8,0.8,0.1,2.4,1.6,22.4,,herroty01,15.7,0.558,0.453,0.151,1.5,16.5,8.9,22.4,1.1,0.2,10.6,27.8,0.4,1.6,2.0,0.068,1.5,-0.7,0.8,1.0,17.0,0.086,0.197,0.166,0.098,0.478,0.587,0.49,0.467,0.375,0.396,0.417,0.811,0.008,4,0.12,1,0
201,Wendell Carter Jr.,24,ORL,C,55,48,1406,5.7,10.9,0.525,1.6,4.4,0.374,4.1,6.5,0.626,0.6,2.4,3.4,0.694,2.9,6.9,9.8,2.4,0.9,0.7,1.7,3.1,15.4,,cartewe01,15.9,0.623,0.402,0.315,9.3,22.7,15.9,9.9,1.2,1.9,12.3,17.2,2.2,2.1,4.4,0.149,0.5,0.4,0.9,1.0,12.6,0.332,0.191,0.059,0.016,0.626,0.809,0.395,0.44,0.286,0.374,0.736,0.984,0.186,71,0.415,0,0
202,Onyeka Okongwu,23,ATL,C,55,8,1405,5.7,9.4,0.611,0.6,1.8,0.333,5.1,7.6,0.676,0.642,2.4,3.0,0.793,3.7,5.9,9.6,1.9,0.7,1.5,1.2,4.2,14.4,,okongon01,16.9,0.674,0.189,0.318,10.8,18.6,14.6,7.2,0.9,3.8,9.8,13.7,3.5,1.0,4.5,0.153,0.0,-0.5,-0.4,0.5,6.8,0.559,0.233,0.014,0.005,0.676,0.74,0.529,0.4,1.0,0.333,0.775,1.0,0.244,78,0.739,1,0
203,Amen Thompson,21,HOU,SF,62,23,1388,6.2,11.6,0.536,0.2,1.5,0.138,6.0,10.1,0.595,0.545,2.7,4.0,0.684,3.8,6.8,10.6,4.2,2.0,1.0,2.3,3.7,15.4,,thompam01,18.2,0.576,0.13,0.348,11.3,20.4,15.8,17.0,2.7,2.5,14.9,18.5,1.9,2.4,4.3,0.149,-0.1,1.9,1.8,1.3,6.9,0.518,0.251,0.054,0.047,0.595,0.714,0.464,0.292,0.333,0.138,0.481,0.875,0.217,88,0.293,1,0
204,Haywood Highsmith,27,MIA,PF,66,26,1366,4.0,8.7,0.465,2.0,5.1,0.396,2.0,3.6,0.562,0.581,0.6,0.9,0.639,1.7,3.8,5.5,1.8,1.4,0.8,0.9,3.1,10.7,,highsha01,11.1,0.587,0.584,0.109,5.3,12.1,8.7,7.2,1.9,2.1,9.0,12.4,1.1,1.9,3.1,0.108,-1.8,1.1,-0.7,0.5,16.6,0.191,0.179,0.027,0.018,0.562,0.667,0.475,0.667,0.167,0.396,0.636,0.987,0.055,16,0.417,0,0
205,Dyson Daniels,20,NOP,PG,61,16,1358,3.7,8.2,0.447,1.1,3.6,0.311,2.6,4.7,0.551,0.514,0.9,1.4,0.642,1.6,4.6,6.3,4.3,2.3,0.7,1.6,2.7,9.4,,daniedy01,12.0,0.529,0.434,0.17,5.1,14.1,9.7,15.4,3.1,1.8,15.0,12.6,0.7,2.2,2.9,0.103,-1.9,2.5,0.6,0.9,14.2,0.238,0.232,0.09,0.006,0.551,0.635,0.528,0.393,0.5,0.311,0.526,1.0,0.055,13,0.363,4,0
206,Andre Drummond,30,CHI,C,79,10,1351,7.1,12.8,0.556,0.0,0.1,0.0,7.1,12.7,0.56,0.556,3.4,5.8,0.592,7.1,11.8,18.9,1.0,1.9,1.3,2.2,3.7,17.7,,drumman01,23.0,0.576,0.006,0.454,21.5,37.4,29.3,4.1,2.7,3.6,12.3,21.3,2.3,2.6,4.9,0.175,0.8,-0.7,0.1,0.7,2.8,0.713,0.26,0.021,0.0,0.56,0.614,0.416,0.5,,0.0,0.558,,0.16,65,0.0,3,0
207,Marcus Sasser,23,DET,PG,71,11,1351,5.8,13.6,0.428,2.4,6.4,0.375,3.4,7.2,0.474,0.516,1.5,1.8,0.879,0.3,3.0,3.3,6.3,1.2,0.3,2.4,2.7,15.6,,sassema01,11.8,0.542,0.469,0.129,0.9,9.6,5.2,25.4,1.6,0.8,14.3,19.9,0.3,0.6,0.9,0.033,-1.5,-1.1,-2.6,-0.2,17.7,0.088,0.164,0.166,0.113,0.474,0.644,0.452,0.482,0.362,0.375,0.318,0.644,0.002,1,0.154,0,0
208,Kris Murray,23,POR,SF,62,29,1348,3.9,9.8,0.396,1.3,4.9,0.268,2.6,4.9,0.525,0.463,1.0,1.5,0.661,2.3,3.7,6.0,2.1,1.4,0.6,1.5,2.5,10.0,,murrakr01,9.0,0.481,0.5,0.153,6.7,12.3,9.3,8.4,1.9,1.4,12.3,14.1,-0.4,1.0,0.7,0.024,-3.5,-0.2,-3.6,-0.6,14.1,0.287,0.18,0.03,0.003,0.525,0.657,0.333,0.455,0.0,0.268,0.5,0.98,0.06,21,0.475,1,0
209,Miles McBride,23,NYK,PG,68,14,1328,5.6,12.3,0.452,3.0,7.2,0.41,2.6,5.1,0.511,0.572,1.2,1.4,0.86,0.8,1.9,2.7,3.1,1.4,0.2,0.8,2.9,15.2,,mcbrimi01,13.1,0.59,0.586,0.11,2.6,5.9,4.2,12.2,1.9,0.5,5.9,16.4,2.4,1.3,3.6,0.131,-0.4,0.4,-0.1,0.6,17.8,0.172,0.081,0.099,0.062,0.511,0.679,0.351,0.444,0.357,0.41,0.375,0.899,0.035,12,0.395,3,0
210,Jakob Poeltl,28,TOR,C,50,50,1319,6.8,10.3,0.656,0.0,0.0,,6.8,10.3,0.656,0.656,1.6,2.9,0.551,4.0,7.7,11.7,3.5,1.0,2.1,2.1,4.1,15.1,,poeltja01,18.9,0.653,0.0,0.283,11.9,24.1,17.9,14.0,1.3,5.1,15.3,16.2,2.4,1.4,3.8,0.138,-0.3,1.0,0.7,0.9,3.9,0.545,0.349,0.106,0.0,0.656,0.786,0.5,0.5,,,0.798,,0.074,26,,0,0
211,Joel Embiid,29,PHI,C,39,39,1309,12.4,23.4,0.529,1.5,3.8,0.388,10.9,19.6,0.556,0.561,11.0,12.4,0.883,2.6,9.2,11.8,6.0,1.3,1.8,4.1,3.1,37.2,AS,embiijo01,34.1,0.644,0.163,0.531,7.9,28.8,18.1,32.4,1.7,4.6,12.5,39.6,5.2,2.3,7.5,0.275,8.5,3.1,11.6,4.5,12.3,0.224,0.189,0.243,0.18,0.556,0.749,0.472,0.473,0.516,0.388,0.533,0.833,0.026,19,0.05,2,0
212,Jeff Green,37,HOU,PF,78,6,1307,4.6,10.1,0.456,1.5,4.4,0.331,3.1,5.7,0.553,0.529,3.4,4.1,0.819,1.3,3.6,4.9,1.9,0.4,0.9,1.3,2.8,14.0,,greenje02,11.3,0.59,0.437,0.407,3.7,10.9,7.3,7.3,0.6,2.2,9.6,15.5,1.4,1.2,2.6,0.095,-1.6,-0.4,-2.1,0.0,14.5,0.199,0.26,0.077,0.027,0.553,0.767,0.453,0.5,0.1,0.331,0.737,0.943,0.068,20,0.45,4,0
213,Cameron Payne,29,2TM,PG,78,10,1304,5.7,13.3,0.432,2.9,7.4,0.39,2.9,5.9,0.486,0.541,1.6,1.8,0.866,0.6,2.7,3.2,5.7,1.2,0.3,1.8,3.5,16.0,,payneca01,12.8,0.566,0.555,0.139,1.8,8.1,4.9,21.9,1.6,0.8,11.4,19.1,1.4,1.0,2.4,0.089,-0.5,-0.6,-1.1,0.3,17.9,0.141,0.173,0.094,0.037,0.486,0.485,0.47,0.533,0.444,0.39,0.452,0.788,0.0,0,0.127,1,0
213,Cameron Payne,29,MIL,PG,47,2,702,5.2,11.4,0.455,2.7,6.7,0.397,2.5,4.7,0.538,0.572,1.9,2.3,0.841,0.3,2.9,3.2,5.6,1.1,0.2,1.6,3.7,14.9,,payneca01,12.6,0.603,0.59,0.198,0.8,8.7,4.8,20.7,1.5,0.4,11.4,16.7,1.1,0.5,1.6,0.108,-1.0,-0.5,-1.5,0.1,18.7,0.104,0.153,0.113,0.041,0.538,0.609,0.471,0.56,0.556,0.397,0.388,0.846,0.0,0,0.183,1,0
213,Cameron Payne,29,PHI,PG,31,8,602,6.4,15.5,0.413,3.1,8.1,0.382,3.3,7.4,0.447,0.514,1.3,1.4,0.913,1.0,2.3,3.3,5.7,1.2,0.5,2.1,3.2,17.2,,payneca01,13.0,0.533,0.525,0.089,2.9,7.3,5.0,23.4,1.6,1.2,11.5,21.8,0.3,0.5,0.8,0.067,0.0,-0.8,-0.7,0.2,17.0,0.174,0.189,0.077,0.035,0.447,0.422,0.469,0.5,0.333,0.382,0.509,0.731,0.0,0,0.074,0,0
214,Gary Harris,29,ORL,SG,54,27,1297,3.6,8.2,0.441,2.1,5.7,0.371,1.5,2.6,0.598,0.569,0.9,1.2,0.756,0.7,1.9,2.5,2.4,1.4,0.4,0.9,2.5,10.3,,harriga01,9.4,0.587,0.69,0.152,2.2,6.1,4.1,9.1,1.9,1.0,8.9,11.7,1.1,1.5,2.7,0.099,-2.3,1.1,-1.2,0.3,19.4,0.118,0.121,0.037,0.034,0.598,0.686,0.556,0.636,0.4,0.371,0.727,0.974,0.02,4,0.429,1,0
215,Dereck Lively II,19,DAL,C,55,42,1294,6.1,8.2,0.747,0.0,0.1,0.0,6.1,8.2,0.752,0.747,1.1,2.3,0.506,3.8,6.8,10.5,1.7,1.0,2.1,1.4,4.0,13.4,ROY-6,livelde01,18.1,0.728,0.007,0.274,11.4,20.4,16.0,6.4,1.3,5.2,13.1,12.6,3.1,1.8,4.9,0.183,-0.3,0.8,0.5,0.8,2.4,0.75,0.23,0.01,0.003,0.752,0.833,0.515,0.0,1.0,0.0,0.81,,0.527,141,1.0,0,0
216,T.J. McConnell,31,IND,PG,71,4,1291,9.2,16.5,0.556,0.5,1.2,0.409,8.7,15.3,0.568,0.572,1.4,1.7,0.79,1.0,4.3,5.3,10.9,2.0,0.2,3.0,2.2,20.3,6MOY-7,mccontj01,20.9,0.586,0.074,0.105,3.2,13.6,8.4,41.8,2.6,0.5,14.8,23.7,2.8,1.1,3.9,0.143,2.9,0.1,3.0,1.6,8.5,0.241,0.403,0.256,0.025,0.568,0.741,0.527,0.493,0.333,0.409,0.317,0.778,0.0,0,0.205,1,0
217,Aaron Holiday,27,HOU,PG,78,1,1269,5.3,11.8,0.446,2.4,6.2,0.387,2.9,5.7,0.51,0.547,1.6,1.8,0.921,0.7,2.8,3.5,4.0,1.2,0.2,1.5,3.5,14.6,,holidaa01,11.5,0.578,0.52,0.151,1.9,8.5,5.2,15.4,1.6,0.4,10.6,16.7,1.3,1.2,2.5,0.094,-1.8,0.3,-1.5,0.2,17.3,0.122,0.17,0.139,0.048,0.51,0.647,0.437,0.534,0.35,0.387,0.255,0.81,0.005,2,0.212,1,0
218,Cedi Osman,28,SAS,SF,72,3,1269,5.2,10.9,0.479,2.4,6.3,0.389,2.8,4.6,0.601,0.591,1.0,1.5,0.673,0.7,4.4,5.1,3.4,1.0,0.3,1.3,3.0,13.9,,osmande01,11.2,0.601,0.576,0.135,2.1,13.3,7.7,13.0,1.3,0.7,10.4,15.1,1.0,0.9,1.9,0.071,-1.7,-0.3,-2.1,0.0,16.7,0.221,0.151,0.034,0.018,0.601,0.776,0.448,0.154,0.571,0.389,0.724,0.965,0.005,2,0.235,0,0
219,Gradey Dick,20,TOR,SG,60,17,1268,5.4,12.6,0.425,2.5,6.8,0.365,2.9,5.8,0.495,0.524,1.2,1.4,0.863,0.8,3.0,3.7,1.9,1.0,0.1,1.4,2.5,14.5,,dickgr01,8.9,0.546,0.542,0.115,2.3,9.3,5.7,7.4,1.3,0.1,9.7,17.4,-0.1,0.4,0.3,0.01,-3.2,-2.2,-5.4,-1.1,17.2,0.18,0.13,0.072,0.076,0.495,0.638,0.431,0.344,0.412,0.365,0.842,0.977,0.034,13,0.378,3,0
220,Naji Marshall,26,NOP,SF,66,1,1257,4.9,10.5,0.463,1.7,4.3,0.387,3.2,6.2,0.516,0.542,1.9,2.5,0.791,1.5,5.4,6.9,3.7,1.4,0.3,1.9,2.6,13.3,,marshna01,12.7,0.576,0.409,0.234,4.8,16.4,10.6,13.6,1.9,0.9,13.8,16.3,1.0,1.6,2.6,0.1,-1.3,0.5,-0.7,0.4,14.3,0.218,0.253,0.082,0.038,0.516,0.65,0.43,0.467,0.429,0.387,0.563,0.966,0.027,9,0.54,8,1
221,Kris Dunn,29,UTA,PG,66,32,1249,4.2,9.0,0.47,1.2,3.2,0.369,3.1,5.8,0.525,0.535,0.6,0.9,0.688,1.4,4.0,5.4,7.3,2.0,0.8,2.3,3.9,10.3,,dunnkr01,12.8,0.546,0.355,0.102,4.4,12.2,8.3,27.1,2.6,2.0,19.5,13.6,1.1,0.9,2.0,0.076,-1.5,1.4,-0.1,0.6,12.6,0.163,0.419,0.058,0.006,0.525,0.686,0.481,0.389,0.5,0.369,0.274,0.951,0.054,17,0.351,1,0
222,Gordon Hayward,33,2TM,SF,51,28,1245,5.4,11.7,0.464,1.1,2.6,0.411,4.3,9.1,0.479,0.51,2.6,3.5,0.742,1.1,4.1,5.2,4.6,1.2,0.4,1.9,1.9,14.5,,haywago01,12.8,0.548,0.223,0.298,3.4,13.0,8.1,18.3,1.6,1.0,12.6,18.4,0.6,0.9,1.5,0.058,-1.6,-0.5,-2.1,0.0,12.1,0.236,0.238,0.176,0.127,0.479,0.674,0.406,0.451,0.294,0.411,0.607,0.946,0.052,19,0.311,0,0
222,Gordon Hayward,33,CHO,SF,25,25,798,6.3,13.4,0.468,1.0,2.8,0.361,5.3,10.6,0.496,0.505,2.8,3.7,0.765,1.1,4.2,5.3,5.2,1.3,0.5,2.3,2.1,16.3,,haywago01,14.2,0.544,0.205,0.273,3.4,13.4,8.2,22.1,1.7,1.4,13.3,21.2,0.3,0.4,0.7,0.041,-1.2,-0.6,-1.8,0.0,12.3,0.209,0.249,0.202,0.135,0.496,0.742,0.432,0.467,0.275,0.361,0.556,0.955,0.051,14,0.279,0,0
222,Gordon Hayward,33,OKC,SF,26,3,447,3.9,8.5,0.453,1.2,2.3,0.517,2.7,6.2,0.429,0.524,2.2,3.1,0.692,1.0,4.1,5.2,3.4,1.0,0.1,1.2,1.7,11.1,,haywago01,10.3,0.56,0.274,0.368,3.4,12.2,8.0,11.5,1.3,0.2,10.9,13.4,0.4,0.5,0.8,0.088,-2.4,-0.2,-2.6,-0.1,11.9,0.311,0.208,0.104,0.104,0.429,0.545,0.318,0.364,0.364,0.517,0.788,0.933,0.057,5,0.379,0,0
223,GG Jackson II,19,MEM,PF,48,18,1233,7.0,16.4,0.428,3.0,8.4,0.357,4.1,8.1,0.502,0.519,3.4,4.5,0.752,1.5,4.2,5.7,1.7,0.8,0.7,1.9,1.9,20.4,,jacksgg01,13.7,0.554,0.508,0.272,4.5,13.2,8.7,8.0,1.1,1.8,9.3,24.2,0.2,1.1,1.2,0.048,-0.2,-1.8,-2.0,0.0,15.7,0.263,0.149,0.039,0.041,0.502,0.676,0.333,0.227,0.261,0.357,0.576,0.863,0.076,38,0.224,1,0
224,Aaron Wiggins,25,OKC,SG,78,4,1228,6.2,11.1,0.562,1.8,3.7,0.492,4.4,7.4,0.598,0.645,1.6,2.1,0.789,1.8,3.7,5.5,2.5,1.6,0.6,1.6,2.7,15.9,,wiggiaa01,15.6,0.664,0.334,0.188,5.7,11.0,8.4,9.3,2.2,1.4,12.1,16.4,2.1,1.6,3.7,0.144,0.4,0.4,0.7,0.8,10.7,0.422,0.186,0.04,0.019,0.598,0.698,0.457,0.467,0.0,0.492,0.667,0.968,0.042,12,0.413,0,0
225,Larry Nance Jr.,31,NOP,C,61,0,1216,4.1,7.1,0.573,0.8,1.9,0.415,3.3,5.2,0.631,0.629,1.4,1.8,0.77,2.8,6.3,9.1,3.3,1.8,0.6,1.5,2.9,10.4,,nancela02,14.9,0.653,0.27,0.253,8.7,19.3,14.1,12.1,2.5,1.5,15.5,11.3,2.1,1.9,4.1,0.16,-0.2,2.2,2.0,1.2,9.8,0.411,0.245,0.062,0.012,0.631,0.727,0.525,0.4,0.667,0.415,0.766,0.963,0.22,46,0.585,3,0
226,Duop Reath,27,POR,C,68,20,1214,6.8,14.8,0.461,2.6,7.3,0.359,4.2,7.5,0.559,0.549,2.0,2.8,0.742,2.8,4.7,7.4,2.0,1.0,1.1,1.5,4.8,18.3,,reathdu01,15.1,0.571,0.491,0.186,8.1,15.4,11.5,8.9,1.3,2.8,8.8,20.7,1.4,1.0,2.4,0.095,-0.2,-0.7,-0.9,0.3,14.5,0.263,0.218,0.022,0.006,0.559,0.687,0.413,0.545,0.333,0.359,0.697,0.989,0.052,23,0.18,0,0
227,Alec Burks,32,2TM,SG,66,1,1212,6.2,16.9,0.369,3.7,9.8,0.376,2.6,7.1,0.36,0.478,4.3,5.0,0.868,0.7,3.7,4.5,2.6,0.8,0.4,1.4,2.2,20.5,,burksal01,12.9,0.536,0.58,0.293,2.2,11.8,6.9,10.7,1.1,0.9,7.0,24.4,0.7,0.7,1.4,0.054,-0.3,-2.0,-2.3,-0.1,18.2,0.086,0.132,0.125,0.077,0.36,0.469,0.307,0.38,0.295,0.376,0.5,0.782,0.0,0,0.282,0,0
227,Alec Burks,32,DET,SG,43,0,901,6.4,16.2,0.394,4.0,9.9,0.401,2.4,6.4,0.384,0.516,4.8,5.4,0.903,0.6,3.8,4.4,2.7,0.8,0.4,1.3,2.6,21.6,,burksal01,15.1,0.581,0.608,0.33,1.9,11.8,6.8,11.2,1.1,1.0,6.4,23.5,1.3,0.4,1.7,0.092,1.3,-1.7,-0.4,0.4,19.2,0.069,0.135,0.101,0.086,0.384,0.536,0.273,0.463,0.343,0.401,0.541,0.788,0.0,0,0.279,0,0
227,Alec Burks,32,NYK,SG,23,1,311,5.8,18.9,0.307,2.9,9.6,0.301,2.9,9.3,0.313,0.383,2.8,3.8,0.727,0.9,3.7,4.6,2.3,0.8,0.1,1.9,1.3,17.2,,burksal01,6.5,0.42,0.509,0.202,2.9,11.6,7.2,9.2,1.1,0.3,8.3,26.9,-0.6,0.3,-0.4,-0.055,-4.9,-3.0,-7.8,-0.5,17.1,0.129,0.123,0.184,0.055,0.313,0.381,0.4,0.267,0.111,0.301,0.4,0.76,0.0,0,0.289,0,0
228,Kevon Looney,27,GSW,C,74,36,1195,4.2,7.0,0.597,0.0,0.0,0.0,4.2,7.0,0.599,0.597,1.7,2.5,0.675,4.3,8.3,12.6,4.0,0.8,0.9,1.5,4.7,10.1,,looneke01,15.1,0.62,0.004,0.356,13.1,24.6,18.9,14.1,1.1,2.2,15.6,11.3,2.5,1.6,4.0,0.162,-0.8,1.4,0.6,0.8,4.2,0.485,0.421,0.06,0.03,0.599,0.681,0.541,0.429,0.429,0.0,0.676,,0.12,24,0.0,1,0
229,David Roddy,22,2TM,PF,65,13,1177,5.0,12.5,0.403,1.5,5.0,0.293,3.6,7.5,0.478,0.462,1.4,2.1,0.691,1.6,4.8,6.5,2.4,0.8,0.3,1.7,2.2,13.0,,roddyda01,8.7,0.484,0.401,0.166,4.8,15.2,9.8,10.3,1.1,0.9,11.5,18.1,-0.9,1.0,0.1,0.004,-4.0,-1.0,-5.0,-0.9,12.2,0.291,0.247,0.049,0.012,0.478,0.639,0.356,0.25,0.0,0.293,0.598,0.979,0.042,12,0.311,1,0
229,David Roddy,22,MEM,PF,48,13,1114,5.0,12.5,0.402,1.5,5.0,0.301,3.5,7.4,0.47,0.462,1.5,2.2,0.687,1.6,4.8,6.5,2.5,0.8,0.4,1.7,2.2,13.0,,roddyda01,8.7,0.485,0.404,0.174,4.8,15.2,9.8,10.4,1.1,0.9,11.5,18.1,-0.9,1.0,0.1,0.005,-3.9,-1.0,-5.0,-0.8,12.8,0.288,0.249,0.047,0.013,0.47,0.622,0.354,0.278,0.0,0.301,0.593,0.979,0.044,12,0.301,1,0
229,David Roddy,22,PHO,PF,17,0,63,5.7,13.1,0.435,0.6,4.6,0.125,5.1,8.6,0.6,0.457,0.6,0.6,1.0,1.1,5.1,6.3,2.3,1.1,0.0,1.7,2.3,12.6,,roddyda01,7.9,0.469,0.348,0.043,3.8,15.4,9.9,8.8,1.6,0.0,11.3,18.2,-0.1,0.1,0.0,-0.006,-4.8,-1.0,-5.8,-0.1,11.5,0.348,0.217,0.087,0.0,0.6,0.875,0.4,0.0,,0.125,0.667,1.0,0.0,0,0.5,0,0
230,Vasilije Micić,30,2TM,PG,60,21,1176,4.9,11.3,0.43,1.3,4.7,0.279,3.6,6.6,0.537,0.488,1.9,2.3,0.813,0.4,2.3,2.7,8.0,0.9,0.2,3.0,2.1,12.9,,micicva01,10.7,0.524,0.416,0.203,1.3,7.1,4.2,31.1,1.3,0.6,19.7,18.8,-0.1,0.4,0.4,0.015,-2.5,-2.2,-4.6,-0.8,15.1,0.276,0.146,0.086,0.076,0.537,0.706,0.296,0.469,0.464,0.279,0.353,0.605,0.003,1,0.084,0,0
230,Vasilije Micić,30,OKC,PG,30,0,361,3.7,9.1,0.407,1.1,4.5,0.244,2.6,4.6,0.565,0.467,1.4,1.9,0.737,0.1,2.3,2.4,7.6,0.9,0.3,2.9,2.2,9.9,,micicva01,8.0,0.498,0.495,0.209,0.3,6.8,3.7,25.7,1.2,0.8,22.6,15.4,-0.1,0.3,0.2,0.021,-3.9,-1.4,-5.3,-0.3,16.1,0.198,0.176,0.066,0.066,0.565,0.944,0.25,0.5,0.333,0.244,0.577,0.818,0.011,1,0.133,0,0
230,Vasilije Micić,30,CHO,PG,30,21,815,5.4,12.3,0.437,1.4,4.8,0.294,4.0,7.5,0.529,0.495,2.1,2.5,0.839,0.6,2.3,2.8,8.2,1.0,0.2,3.1,2.0,14.3,,micicva01,11.9,0.532,0.391,0.201,1.7,7.3,4.4,33.5,1.3,0.5,18.7,20.3,0.1,0.1,0.2,0.012,-1.9,-2.5,-4.4,-0.5,14.2,0.301,0.136,0.093,0.079,0.529,0.655,0.316,0.462,0.5,0.294,0.289,0.531,0.0,0,0.064,0,0
231,Patrick Williams,22,CHI,PF,43,30,1174,4.9,11.0,0.443,1.8,4.5,0.399,3.1,6.5,0.474,0.525,1.6,2.0,0.788,1.4,3.7,5.1,2.0,1.2,1.0,1.7,2.7,13.2,,willipa01,11.0,0.553,0.412,0.184,4.3,11.7,7.9,7.7,1.7,2.9,12.8,16.6,0.1,1.0,1.2,0.048,-2.1,-0.1,-2.3,-0.1,14.6,0.267,0.128,0.092,0.1,0.474,0.573,0.326,0.485,0.389,0.399,0.55,0.966,0.109,29,0.304,0,0
232,John Konchar,27,MEM,SF,55,23,1173,2.7,6.4,0.423,1.2,3.7,0.317,1.5,2.7,0.568,0.514,0.6,0.8,0.84,2.2,5.7,7.9,3.4,1.6,1.6,1.4,2.3,7.2,,konchjo01,11.4,0.537,0.577,0.12,6.5,18.0,12.0,13.0,2.1,4.1,17.4,9.7,0.5,1.7,2.2,0.091,-2.6,2.2,-0.4,0.5,15.1,0.322,0.091,0.01,0.0,0.568,0.657,0.316,0.0,,0.317,0.68,1.0,0.014,3,0.492,0,0
233,Drew Eubanks,26,PHO,C,75,6,1169,4.7,7.8,0.601,0.1,0.1,1.0,4.6,7.7,0.596,0.607,2.2,2.9,0.774,3.2,6.7,9.9,1.9,0.8,1.9,1.9,3.5,11.7,,eubandr01,14.4,0.645,0.012,0.368,10.5,20.1,15.6,7.2,1.1,4.6,17.2,13.2,1.6,1.6,3.1,0.129,-2.0,0.8,-1.2,0.2,4.3,0.506,0.403,0.055,0.024,0.596,0.742,0.49,0.286,0.0,1.0,0.805,1.0,0.336,66,1.0,0,0
234,Joe Ingles,36,ORL,SF,68,0,1169,3.0,7.0,0.436,2.2,5.0,0.435,0.9,2.0,0.439,0.59,0.9,1.0,0.824,0.6,3.8,4.4,6.3,1.3,0.2,2.1,2.7,9.1,,inglejo01,10.6,0.612,0.709,0.15,1.8,12.6,7.1,23.0,1.8,0.4,21.7,11.6,1.1,1.5,2.6,0.108,-1.7,1.2,-0.5,0.5,19.9,0.079,0.198,0.009,0.004,0.439,0.778,0.311,0.0,1.0,0.435,0.448,0.929,0.0,0,0.199,2,0
235,Anthony Black,20,ORL,PG,69,33,1164,3.6,7.6,0.466,1.1,2.9,0.394,2.4,4.7,0.51,0.54,1.5,2.5,0.613,1.0,3.3,4.3,2.8,1.1,0.6,1.7,3.4,9.8,,blackan01,8.4,0.56,0.381,0.324,3.3,10.8,7.0,10.6,1.5,1.7,16.6,12.7,0.1,1.5,1.6,0.067,-3.8,0.8,-3.0,-0.3,13.0,0.308,0.162,0.085,0.065,0.51,0.684,0.4,0.286,0.25,0.394,0.731,0.919,0.109,25,0.5,0,0
236,Jordan Hawkins,21,NOP,SG,67,10,1160,5.4,14.2,0.382,3.4,9.2,0.366,2.0,4.9,0.411,0.501,2.1,2.5,0.838,0.9,3.7,4.6,2.2,0.6,0.2,1.2,2.2,16.3,,hawkijo01,10.2,0.533,0.654,0.175,2.8,11.3,7.1,8.2,0.8,0.6,7.5,19.9,0.3,1.0,1.3,0.053,-1.3,-1.7,-3.1,-0.3,20.3,0.083,0.081,0.075,0.107,0.411,0.526,0.351,0.353,0.408,0.366,0.738,0.991,0.024,7,0.245,2,0
237,Trey Lyles,28,SAC,PF,58,0,1158,4.4,10.0,0.445,2.6,6.8,0.384,1.8,3.2,0.578,0.576,1.5,2.2,0.7,1.9,6.1,8.0,2.2,0.5,0.6,1.2,2.7,13.0,,lylestr01,11.9,0.596,0.682,0.218,5.8,19.4,12.4,8.1,0.7,1.5,9.7,14.4,1.3,1.0,2.4,0.098,-0.4,-0.7,-1.1,0.3,18.8,0.178,0.1,0.022,0.019,0.578,0.754,0.375,0.571,0.0,0.384,0.729,1.0,0.025,6,0.384,3,0
238,Moses Moody,21,GSW,SG,66,9,1156,6.0,13.1,0.462,2.2,6.2,0.36,3.8,6.9,0.555,0.548,2.3,2.9,0.785,2.0,4.1,6.1,1.8,1.3,0.7,1.4,2.8,16.6,,moodymo01,13.7,0.578,0.476,0.221,6.2,12.1,9.2,6.7,1.8,1.9,8.7,18.4,1.2,1.2,2.4,0.101,-0.2,0.1,-0.1,0.6,15.2,0.179,0.24,0.064,0.04,0.555,0.733,0.475,0.481,0.353,0.36,0.582,0.903,0.05,17,0.27,0,0
239,Jae Crowder,33,MIL,PF,50,25,1156,3.6,8.4,0.422,1.8,5.2,0.349,1.7,3.2,0.538,0.53,0.8,1.1,0.722,1.0,4.0,5.0,2.1,1.2,0.3,0.7,2.3,9.7,,crowdja01,8.9,0.546,0.615,0.133,3.0,12.1,7.6,7.2,1.6,0.7,7.4,11.5,0.6,1.0,1.6,0.065,-2.6,0.0,-2.6,-0.2,18.6,0.104,0.148,0.059,0.074,0.538,0.714,0.475,0.5,0.45,0.349,0.893,0.966,0.0,0,0.452,1,0
240,Trayce Jackson-Davis,23,GSW,PF,68,16,1130,7.4,10.6,0.702,0.0,0.0,0.0,7.4,10.5,0.704,0.702,2.4,4.2,0.561,4.3,6.6,10.9,2.6,0.9,2.4,1.6,3.4,17.2,,jackstr02,21.6,0.692,0.003,0.398,13.1,19.4,16.3,10.4,1.2,6.1,11.2,16.4,3.2,1.6,4.8,0.205,1.5,1.2,2.8,1.4,2.5,0.648,0.343,0.006,0.0,0.704,0.777,0.561,1.0,,0.0,0.751,,0.373,112,0.0,0,0
241,Malcolm Brogdon,31,POR,PG,39,25,1121,7.0,15.9,0.44,2.6,6.4,0.412,4.4,9.5,0.458,0.522,3.1,3.7,0.819,0.9,3.9,4.8,6.9,0.9,0.3,1.9,1.9,19.7,,brogdma01,17.0,0.56,0.401,0.234,2.6,12.8,7.4,30.9,1.2,0.6,9.9,23.0,2.0,0.6,2.6,0.111,2.7,-0.7,2.0,1.1,15.4,0.206,0.157,0.117,0.119,0.458,0.608,0.385,0.431,0.322,0.412,0.257,0.756,0.002,0,0.121,0,0
242,Dean Wade,27,CLE,PF,54,32,1108,3.1,7.5,0.414,2.6,6.6,0.391,0.6,1.0,0.567,0.584,0.6,0.8,0.769,1.2,5.9,7.1,1.4,1.3,0.8,0.6,3.0,9.5,,wadede01,10.2,0.598,0.871,0.112,3.8,18.2,11.1,5.0,1.8,2.0,7.6,10.5,0.9,1.6,2.5,0.11,-1.7,1.8,0.1,0.6,22.6,0.073,0.013,0.017,0.026,0.567,0.765,0.0,0.5,0.333,0.391,0.647,0.987,0.03,6,0.351,0,0
243,Josh Richardson,30,MIA,SG,43,6,1103,5.0,11.3,0.444,2.2,6.2,0.347,2.9,5.1,0.561,0.539,1.7,1.8,0.944,0.6,3.4,3.9,3.4,0.8,0.5,1.2,2.5,13.9,,richajo01,11.4,0.573,0.548,0.156,1.8,10.7,6.2,13.9,1.1,1.2,8.9,16.5,0.9,1.2,2.1,0.093,-1.3,0.0,-1.3,0.2,17.9,0.118,0.159,0.101,0.075,0.561,0.683,0.582,0.457,0.462,0.347,0.511,0.97,0.023,7,0.226,1,0
244,Davion Mitchell,25,SAC,PG,72,4,1101,4.8,10.6,0.452,1.9,5.2,0.361,2.9,5.4,0.539,0.54,1.0,1.4,0.714,0.6,2.5,3.1,4.4,0.6,0.1,1.4,2.8,12.4,,mitchda01,9.3,0.555,0.489,0.13,1.9,7.9,4.8,16.0,0.7,0.2,11.2,14.9,0.8,0.6,1.3,0.059,-2.4,-1.0,-3.4,-0.4,16.2,0.155,0.192,0.09,0.074,0.539,0.76,0.5,0.31,0.458,0.361,0.472,0.965,0.0,0,0.291,0,0
245,Dario Šarić,29,GSW,C,64,9,1098,5.9,12.7,0.466,2.4,6.5,0.376,3.5,6.3,0.56,0.562,2.6,3.0,0.849,2.4,6.9,9.3,4.7,1.0,0.3,2.6,3.7,16.9,,saricda01,15.3,0.6,0.508,0.24,7.3,20.4,13.9,17.8,1.4,0.8,15.4,19.5,1.6,1.2,2.8,0.123,0.6,0.4,1.0,0.9,16.1,0.152,0.263,0.041,0.036,0.56,0.797,0.48,0.375,0.357,0.376,0.654,1.0,0.003,1,0.117,0,0
246,James Wiseman,22,DET,C,63,6,1091,6.2,10.1,0.613,0.0,0.1,0.0,6.2,10.0,0.617,0.613,2.4,3.4,0.706,3.6,7.5,11.1,1.8,0.4,1.3,2.2,4.7,14.7,,wisemja01,14.8,0.637,0.007,0.334,11.0,23.5,17.2,7.3,0.5,3.1,15.9,16.3,1.3,0.8,2.1,0.094,-2.6,-0.9,-3.5,-0.4,4.8,0.446,0.433,0.079,0.036,0.617,0.787,0.515,0.375,0.273,0.0,0.706,,0.282,81,0.0,1,0
247,Dante Exum,28,DAL,PG,55,17,1088,5.3,10.0,0.533,1.8,3.6,0.491,3.6,6.4,0.557,0.621,1.8,2.3,0.779,0.8,4.1,4.9,5.2,0.7,0.2,1.6,2.8,14.2,,exumda01,13.7,0.645,0.358,0.225,2.5,12.4,7.5,19.3,1.0,0.4,12.9,15.0,2.1,0.8,2.9,0.127,-0.3,-0.3,-0.6,0.4,11.9,0.328,0.238,0.053,0.023,0.557,0.697,0.375,0.688,0.143,0.491,0.528,0.981,0.056,14,0.426,2,0
248,Sam Merrill,27,CLE,SG,61,1,1069,5.3,13.2,0.402,4.8,11.9,0.404,0.5,1.3,0.385,0.584,0.9,0.9,0.929,0.7,3.3,4.0,3.6,0.6,0.1,0.6,2.4,16.3,,merrisa01,13.1,0.598,0.901,0.071,2.3,10.2,6.3,14.1,0.9,0.3,4.5,17.5,1.9,0.9,2.8,0.125,1.3,-0.8,0.5,0.7,23.6,0.041,0.038,0.015,0.005,0.385,0.5,0.467,0.0,0.0,0.404,0.8,0.965,0.0,0,0.195,1,0
249,Dennis Smith Jr.,26,BRK,PG,56,2,1059,5.0,11.5,0.435,1.1,3.7,0.294,3.9,7.8,0.502,0.482,1.5,2.0,0.741,1.7,3.9,5.6,6.9,2.3,0.4,2.3,4.1,12.5,,smithde03,13.4,0.508,0.322,0.172,5.0,12.1,8.5,27.3,3.2,1.0,15.8,17.7,0.5,1.3,1.8,0.08,-2.6,1.8,-0.8,0.3,11.5,0.37,0.198,0.044,0.065,0.502,0.672,0.299,0.267,0.318,0.294,0.426,0.875,0.083,25,0.349,1,0
250,Shaedon Sharpe,20,POR,SG,32,25,1059,6.0,14.8,0.406,2.0,6.1,0.333,3.9,8.6,0.457,0.475,3.3,4.0,0.824,1.4,4.0,5.4,3.2,1.0,0.4,2.4,3.0,17.3,,sharpsh01,11.4,0.524,0.415,0.274,4.2,13.3,8.5,13.8,1.3,1.0,12.9,22.4,-0.2,0.6,0.5,0.022,-1.9,-0.9,-2.8,-0.2,14.9,0.235,0.168,0.099,0.083,0.457,0.569,0.37,0.372,0.417,0.333,0.466,0.717,0.071,26,0.156,3,0
251,Jordan Goodwin,25,2TM,PG,57,12,1055,4.8,13.0,0.369,1.4,4.8,0.298,3.4,8.2,0.411,0.424,1.5,2.0,0.746,3.0,5.6,8.6,5.3,1.6,0.6,1.9,2.6,12.6,,goodwjo01,12.6,0.451,0.369,0.154,9.3,17.3,13.3,20.9,2.2,1.6,12.1,19.0,-0.2,1.4,1.2,0.054,-1.5,0.5,-1.0,0.3,14.0,0.215,0.204,0.136,0.076,0.411,0.561,0.308,0.365,0.345,0.298,0.293,0.857,0.008,1,0.248,0,0
251,Jordan Goodwin,25,PHO,PG,40,0,558,4.8,12.5,0.389,1.5,5.2,0.288,3.4,7.3,0.46,0.448,1.6,1.9,0.862,2.6,5.0,7.5,5.0,1.5,0.6,1.9,2.8,12.8,,goodwjo01,12.5,0.481,0.415,0.15,8.5,14.8,11.8,18.7,2.0,1.4,12.4,18.2,0.2,0.6,0.8,0.072,-1.3,0.4,-0.9,0.2,14.8,0.212,0.192,0.119,0.062,0.46,0.659,0.351,0.348,0.333,0.288,0.365,0.913,0.005,0,0.25,0,0
251,Jordan Goodwin,25,MEM,PG,17,12,497,4.8,13.7,0.349,1.4,4.4,0.311,3.4,9.3,0.367,0.399,1.4,2.2,0.633,3.5,6.4,9.9,5.6,1.8,0.7,2.0,2.4,12.3,,goodwjo01,12.7,0.42,0.323,0.159,10.2,20.2,15.0,23.4,2.5,1.7,11.8,19.8,-0.3,0.7,0.4,0.035,-1.8,0.6,-1.2,0.1,13.3,0.217,0.217,0.153,0.09,0.367,0.463,0.268,0.379,0.353,0.311,0.213,0.789,0.011,1,0.246,0,0
252,Marvin Bagley III,24,2TM,C,50,25,1053,8.2,13.9,0.586,0.3,0.8,0.391,7.9,13.2,0.597,0.597,3.3,4.3,0.762,4.4,6.2,10.7,1.9,0.7,1.1,2.0,2.8,19.9,,baglema01,19.4,0.629,0.056,0.309,13.1,19.2,16.1,8.1,0.9,2.6,11.3,21.0,2.0,0.7,2.7,0.122,1.0,-1.4,-0.4,0.4,5.1,0.544,0.292,0.091,0.017,0.597,0.721,0.454,0.405,0.143,0.391,0.665,1.0,0.189,71,0.304,0,0
252,Marvin Bagley III,24,DET,C,26,10,478,8.1,13.6,0.591,0.1,0.5,0.167,8.0,13.2,0.606,0.594,3.8,4.6,0.82,3.5,5.4,8.9,2.0,0.4,1.1,2.2,3.0,20.0,,baglema01,18.2,0.638,0.033,0.337,10.5,17.1,13.8,9.0,0.5,2.5,12.2,21.1,0.9,0.3,1.1,0.112,0.4,-1.6,-1.2,0.1,4.9,0.552,0.276,0.105,0.033,0.606,0.71,0.54,0.421,0.0,0.167,0.66,1.0,0.204,34,0.167,0,0
252,Marvin Bagley III,24,WAS,C,24,15,575,8.3,14.2,0.581,0.5,1.1,0.471,7.8,13.1,0.59,0.599,2.9,4.1,0.708,5.3,6.9,12.1,1.8,0.9,1.2,1.9,2.6,19.9,,baglema01,20.5,0.622,0.075,0.286,15.3,20.9,18.0,7.3,1.2,2.7,10.5,20.9,1.1,0.4,1.6,0.13,1.5,-1.2,0.3,0.3,5.2,0.537,0.304,0.079,0.004,0.59,0.73,0.391,0.389,1.0,0.471,0.669,1.0,0.176,37,0.353,0,0
253,Torrey Craig,33,CHI,SF,53,14,1049,3.7,8.6,0.43,2.1,5.3,0.392,1.6,3.4,0.49,0.55,0.9,1.2,0.75,2.4,5.1,7.4,2.0,1.0,0.7,1.1,3.8,10.4,,craigto01,10.8,0.568,0.61,0.143,7.2,16.1,11.6,7.3,1.4,2.1,10.7,12.5,1.0,0.9,1.9,0.087,-1.8,-0.2,-2.0,0.0,16.8,0.219,0.124,0.02,0.028,0.49,0.582,0.419,0.2,0.286,0.392,0.583,0.967,0.02,3,0.451,0,0
254,Jalen Smith,23,IND,C,61,14,1047,8.0,13.6,0.592,2.1,5.0,0.424,5.9,8.6,0.689,0.67,2.5,3.6,0.692,3.9,7.7,11.6,2.2,0.6,1.3,1.5,4.3,20.7,,smithja04,20.7,0.682,0.365,0.263,12.1,24.3,18.2,8.0,0.8,2.9,9.1,19.4,3.1,0.9,4.0,0.182,3.2,-0.8,2.4,1.2,11.7,0.41,0.177,0.015,0.033,0.689,0.765,0.557,0.833,0.385,0.424,0.671,1.0,0.129,49,0.167,1,0
255,Dalano Banton,24,2TM,PG,54,9,1047,6.9,17.2,0.404,2.0,6.8,0.296,4.9,10.3,0.475,0.463,3.2,4.1,0.783,1.4,4.7,6.1,4.4,1.1,0.7,2.6,2.2,19.2,,bantoda01,13.3,0.504,0.398,0.24,4.2,15.2,9.5,19.4,1.6,1.7,12.2,25.7,-0.4,0.9,0.5,0.024,-0.7,-0.6,-1.3,0.2,12.6,0.232,0.268,0.068,0.034,0.475,0.655,0.396,0.294,0.235,0.296,0.336,0.847,0.034,17,0.146,0,0
255,Dalano Banton,24,BOS,PG,24,1,171,4.0,10.7,0.373,0.4,3.4,0.125,3.6,7.4,0.486,0.392,3.4,4.2,0.8,2.5,4.8,7.4,4.0,1.1,0.6,2.1,4.2,11.8,,bantoda01,9.9,0.468,0.314,0.392,7.9,13.9,11.0,13.9,1.4,1.5,14.3,17.8,0.0,0.2,0.2,0.063,-4.7,0.6,-4.1,-0.1,11.3,0.275,0.353,0.02,0.039,0.486,0.643,0.444,0.0,0.0,0.125,0.412,1.0,0.078,4,0.313,0,0
255,Dalano Banton,24,POR,PG,30,8,876,7.5,18.5,0.408,2.3,7.5,0.311,5.2,10.9,0.474,0.471,3.2,4.1,0.78,1.2,4.7,5.9,4.4,1.2,0.7,2.8,1.8,20.6,,bantoda01,14.0,0.508,0.408,0.223,3.5,15.5,9.1,20.5,1.6,1.8,12.0,27.2,-0.4,0.7,0.3,0.016,0.1,-0.9,-0.8,0.3,14.0,0.227,0.258,0.073,0.033,0.474,0.657,0.388,0.303,0.267,0.311,0.325,0.842,0.029,13,0.131,0,0
256,Ziaire Williams,22,MEM,SF,51,15,1038,5.2,13.1,0.397,2.0,6.6,0.307,3.2,6.6,0.487,0.474,2.2,2.6,0.827,1.2,5.0,6.2,2.6,1.2,0.3,2.3,2.9,14.6,,willizi02,9.3,0.511,0.5,0.198,3.5,15.9,9.5,11.1,1.7,0.8,13.8,19.7,-0.9,1.1,0.2,0.01,-4.0,-0.4,-4.5,-0.6,15.9,0.22,0.127,0.085,0.069,0.487,0.747,0.25,0.281,0.346,0.307,0.641,0.897,0.095,32,0.37,2,0
257,Jae'Sean Tate,28,HOU,SF,65,9,1031,3.8,8.0,0.472,0.8,2.7,0.299,3.0,5.3,0.559,0.522,0.9,1.4,0.667,2.1,4.7,6.9,2.2,1.5,0.5,1.3,4.8,9.3,,tateja01,9.3,0.538,0.336,0.17,6.3,14.3,10.2,8.2,2.0,1.3,13.1,11.7,0.4,1.3,1.8,0.082,-3.7,1.5,-2.3,-0.1,10.8,0.336,0.301,0.009,0.017,0.559,0.61,0.551,0.0,0.0,0.299,0.506,1.0,0.026,4,0.545,0,0
258,Kenrich Williams,29,OKC,PF,69,1,1029,4.6,9.8,0.468,2.0,4.9,0.397,2.6,4.9,0.54,0.568,0.2,0.5,0.5,2.1,5.2,7.3,3.3,1.3,0.3,1.1,3.5,11.4,,willike04,11.9,0.568,0.504,0.05,6.9,15.4,11.3,11.4,1.8,0.8,10.1,13.4,1.1,1.3,2.5,0.115,-1.1,0.3,-0.8,0.3,15.4,0.296,0.104,0.039,0.057,0.54,0.699,0.379,0.182,0.25,0.397,0.733,0.964,0.032,7,0.312,1,0
259,Jose Alvarado,25,NOP,PG,56,0,1028,5.0,12.1,0.412,2.7,7.2,0.377,2.2,4.8,0.464,0.525,1.2,1.8,0.673,0.9,3.6,4.5,4.1,2.1,0.5,1.4,3.1,13.9,6MOY-6,alvarjo01,12.5,0.54,0.6,0.151,2.7,11.0,6.9,15.3,2.8,1.4,9.8,17.3,0.6,1.5,2.1,0.097,-1.5,1.5,-0.1,0.5,17.7,0.136,0.188,0.067,0.009,0.464,0.617,0.415,0.304,0.333,0.377,0.578,0.885,0.0,0,0.28,1,0
260,Quentin Grimes,23,2TM,SG,51,18,1025,4.3,11.5,0.372,2.8,8.4,0.338,1.4,3.1,0.466,0.495,1.2,1.6,0.756,0.5,3.0,3.5,2.3,1.2,0.2,1.0,2.6,12.6,,grimequ01,8.9,0.516,0.732,0.137,1.6,9.3,5.5,8.7,1.7,0.6,7.5,15.8,0.3,1.0,1.3,0.06,-2.6,0.4,-2.2,-0.1,19.4,0.168,0.049,0.018,0.034,0.466,0.582,0.375,0.167,0.182,0.338,0.732,0.963,0.021,4,0.317,0,0
260,Quentin Grimes,23,NYK,SG,45,18,910,4.5,11.3,0.395,3.0,8.4,0.363,1.4,2.9,0.486,0.53,0.9,1.3,0.706,0.6,2.9,3.5,2.1,1.2,0.1,0.8,2.6,12.9,,grimequ01,9.5,0.543,0.741,0.119,1.7,9.2,5.4,7.8,1.7,0.3,6.5,15.3,0.7,0.9,1.5,0.081,-1.9,0.4,-1.5,0.1,19.6,0.171,0.045,0.01,0.031,0.486,0.592,0.385,0.0,0.222,0.363,0.75,0.961,0.014,1,0.325,0,0
260,Quentin Grimes,23,DET,SG,6,0,115,2.8,13.1,0.214,1.3,8.8,0.143,1.6,4.4,0.357,0.262,3.1,3.4,0.909,0.3,3.4,3.8,4.4,1.6,1.3,2.2,2.8,10.0,,grimequ01,3.9,0.342,0.667,0.262,1.0,10.9,5.8,15.8,2.1,3.0,13.0,20.0,-0.4,0.1,-0.3,-0.109,-7.8,-0.4,-8.1,-0.2,19.2,0.143,0.071,0.071,0.048,0.357,0.5,0.333,0.333,0.0,0.143,0.6,1.0,0.071,3,0.25,0,0
261,De'Anthony Melton,25,PHI,SG,38,33,1023,4.9,12.7,0.386,2.7,7.5,0.36,2.2,5.1,0.425,0.493,2.3,2.8,0.835,1.0,4.0,5.0,4.0,2.1,0.6,1.4,3.0,14.8,,meltode01,13.4,0.533,0.594,0.219,3.0,12.4,7.6,15.4,2.9,1.4,9.0,18.3,0.8,1.4,2.1,0.099,-0.7,1.2,0.5,0.7,17.6,0.181,0.153,0.031,0.042,0.425,0.538,0.345,0.273,0.333,0.36,0.484,0.792,0.028,10,0.178,0,0
262,Daniel Theis,31,2TM,C,60,3,1015,5.5,10.4,0.532,0.9,2.5,0.366,4.6,7.9,0.586,0.577,1.3,1.8,0.76,3.0,5.6,8.7,2.2,0.7,1.8,1.5,4.5,13.3,,theisda01,14.4,0.597,0.242,0.171,9.8,17.1,13.6,8.3,1.0,4.5,11.8,15.4,1.4,1.2,2.5,0.119,-1.7,0.1,-1.6,0.1,9.5,0.413,0.232,0.099,0.014,0.586,0.719,0.426,0.483,0.0,0.366,0.792,1.0,0.157,42,0.239,1,0
262,Daniel Theis,31,IND,C,1,0,8,4.5,18.0,0.25,0.0,4.5,0.0,4.5,13.5,0.333,0.25,0.0,0.0,,0.0,0.0,0.0,0.0,0.0,0.0,0.0,4.5,9.0,,theisda01,-6.9,0.25,0.25,0.0,0.0,0.0,0.0,0.0,0.0,0.0,0.0,21.0,0.0,0.0,0.0,-0.261,-13.2,-7.3,-20.5,0.0,9.4,0.25,0.5,0.0,0.0,0.333,1.0,0.0,,,0.0,1.0,,0.25,1,0.0,0,0
262,Daniel Theis,31,LAC,C,59,3,1007,5.5,10.3,0.536,0.9,2.5,0.371,4.6,7.8,0.589,0.581,1.4,1.8,0.76,3.0,5.7,8.7,2.2,0.8,1.8,1.5,4.5,13.4,,theisda01,14.5,0.601,0.242,0.173,9.9,17.2,13.7,8.3,1.0,4.6,11.9,15.4,1.4,1.2,2.6,0.122,-1.6,0.1,-1.5,0.1,9.5,0.415,0.228,0.1,0.014,0.589,0.717,0.439,0.483,0.0,0.371,0.791,1.0,0.156,41,0.243,1,0
263,Lonnie Walker IV,25,BRK,SG,58,0,1011,7.4,17.5,0.423,3.7,9.6,0.384,3.7,7.9,0.471,0.528,1.6,2.1,0.763,0.5,4.1,4.5,2.6,1.1,0.7,1.8,2.5,20.1,,walkelo01,13.1,0.545,0.551,0.12,1.4,12.7,6.9,11.5,1.6,1.8,9.0,24.4,-0.1,0.9,0.8,0.038,-0.4,-1.0,-1.4,0.2,17.7,0.163,0.126,0.063,0.098,0.471,0.663,0.355,0.387,0.354,0.384,0.462,0.712,0.018,5,0.229,1,0
264,Talen Horton-Tucker,23,UTA,PG,51,11,1009,6.6,16.6,0.396,2.1,6.5,0.33,4.4,10.1,0.438,0.46,3.1,3.9,0.807,0.7,3.6,4.3,6.3,1.6,0.7,2.3,3.4,18.4,,hortota01,13.4,0.503,0.391,0.234,2.3,10.8,6.6,25.5,2.2,1.7,11.2,24.0,0.3,0.5,0.8,0.039,-0.9,-0.4,-1.2,0.2,13.8,0.187,0.312,0.082,0.028,0.438,0.621,0.407,0.237,0.154,0.33,0.242,0.8,0.037,12,0.203,2,0
265,Killian Hayes,22,DET,PG,42,31,1008,4.2,10.1,0.413,0.8,2.6,0.297,3.4,7.5,0.455,0.452,1.2,1.8,0.66,0.4,3.9,4.2,7.3,1.3,0.7,1.8,2.7,10.3,,hayeski01,10.5,0.474,0.261,0.177,1.2,12.2,6.6,27.8,1.7,1.7,14.3,15.1,0.0,0.7,0.7,0.032,-2.9,0.2,-2.7,-0.2,14.7,0.06,0.226,0.343,0.11,0.455,0.706,0.469,0.423,0.387,0.297,0.484,0.864,0.018,5,0.284,0,0
266,Jevon Carter,28,CHI,PG,72,0,1004,4.9,13.1,0.378,2.8,8.4,0.329,2.2,4.7,0.466,0.484,0.1,0.3,0.571,0.4,1.8,2.2,3.4,1.3,0.6,1.3,2.5,12.8,,carteje01,8.5,0.485,0.641,0.019,1.2,5.6,3.3,12.9,1.8,1.6,8.9,17.7,-0.5,0.7,0.2,0.009,-3.3,-0.7,-4.0,-0.5,20.4,0.041,0.088,0.134,0.096,0.466,0.333,0.438,0.469,0.543,0.329,0.689,0.87,0.0,0,0.252,1,0
267,Luke Kennard,27,MEM,SG,39,22,999,5.1,11.4,0.448,3.9,8.6,0.45,1.2,2.8,0.442,0.617,1.4,1.6,0.889,0.4,3.7,4.1,4.9,0.7,0.1,1.9,1.4,15.5,,kennalu01,13.1,0.641,0.756,0.143,1.2,11.6,6.2,20.8,1.0,0.2,13.9,16.7,1.4,0.7,2.1,0.099,0.6,-0.9,-0.3,0.4,21.8,0.06,0.054,0.079,0.051,0.442,0.684,0.235,0.44,0.375,0.45,0.765,0.944,0.0,0,0.118,0,0
268,Garrison Mathews,27,ATL,SG,66,5,992,3.7,8.2,0.456,3.1,7.0,0.44,0.7,1.2,0.545,0.644,1.2,1.5,0.81,0.6,2.7,3.3,1.3,0.7,0.3,0.7,4.2,11.8,,mathega01,8.9,0.665,0.854,0.186,1.8,8.6,5.1,4.8,1.0,0.7,7.2,11.1,1.4,0.2,1.6,0.077,-2.1,-0.9,-3.0,-0.2,22.6,0.044,0.031,0.053,0.018,0.545,0.8,0.0,0.583,0.75,0.44,0.722,0.976,0.0,0,0.316,0,0
269,Jaden Hardy,21,DAL,SG,73,7,989,7.1,17.4,0.407,2.9,8.2,0.362,4.1,9.3,0.447,0.492,2.1,2.8,0.776,0.7,4.0,4.8,4.0,0.8,0.1,2.3,2.9,19.3,,hardyja02,11.2,0.517,0.468,0.159,2.2,12.2,7.2,15.7,1.1,0.4,10.8,24.9,-0.4,0.7,0.3,0.014,-2.0,-2.1,-4.1,-0.5,16.4,0.184,0.134,0.129,0.086,0.447,0.568,0.344,0.435,0.366,0.362,0.404,0.84,0.023,9,0.254,4,0
270,Tre Mann,22,2TM,PG,41,28,987,5.3,11.5,0.459,1.7,4.6,0.373,3.6,6.9,0.516,0.533,1.6,2.2,0.763,0.7,4.7,5.4,6.0,1.9,0.1,2.4,1.8,13.9,,manntr01,13.7,0.559,0.399,0.187,2.2,15.0,8.5,24.1,2.5,0.3,16.0,18.2,0.4,0.8,1.2,0.058,-1.7,0.4,-1.3,0.2,15.1,0.237,0.212,0.104,0.047,0.516,0.667,0.433,0.424,0.333,0.373,0.194,0.766,0.022,4,0.198,0,0
270,Tre Mann,22,OKC,PG,13,0,119,6.1,12.1,0.5,2.4,5.7,0.421,3.6,6.4,0.571,0.6,0.3,0.3,1.0,1.2,6.1,7.3,6.1,0.9,0.0,2.7,0.9,14.8,,manntr01,14.2,0.606,0.475,0.025,3.9,18.0,11.2,22.3,1.2,0.0,18.2,18.0,0.1,0.1,0.3,0.102,0.4,-0.2,0.1,0.1,16.2,0.25,0.1,0.075,0.1,0.571,0.6,0.5,0.333,0.75,0.421,0.333,0.75,0.0,0,0.158,0,0
270,Tre Mann,22,CHO,PG,28,28,868,5.2,11.4,0.453,1.6,4.4,0.364,3.6,7.0,0.509,0.524,1.8,2.4,0.759,0.7,4.5,5.2,6.0,2.0,0.1,2.3,1.9,13.8,,manntr01,13.7,0.552,0.388,0.21,2.0,14.6,8.1,24.3,2.7,0.3,15.7,18.2,0.3,0.6,0.9,0.052,-2.0,0.5,-1.5,0.1,14.1,0.236,0.228,0.109,0.04,0.509,0.677,0.429,0.433,0.182,0.364,0.174,0.769,0.025,4,0.206,0,0
271,Cam Reddish,24,LAL,SF,48,26,984,3.3,8.6,0.389,1.4,4.0,0.336,2.0,4.5,0.435,0.468,1.5,2.0,0.759,1.0,2.6,3.6,1.8,1.7,0.5,1.1,2.3,9.5,,reddica01,7.7,0.504,0.47,0.231,3.2,7.7,5.6,6.0,2.3,1.2,10.7,12.7,-0.3,0.9,0.6,0.03,-4.0,0.8,-3.2,-0.3,14.0,0.265,0.188,0.03,0.047,0.435,0.629,0.295,0.143,0.091,0.336,0.722,1.0,0.056,10,0.573,0,0
272,Luke Kornet,28,BOS,C,63,7,983,5.2,7.4,0.7,0.0,0.0,1.0,5.2,7.4,0.698,0.702,1.8,2.0,0.907,4.3,5.2,9.6,2.5,0.8,2.2,0.8,2.8,12.2,,kornelu01,19.8,0.736,0.005,0.266,13.5,15.1,14.3,8.9,1.2,5.5,8.5,11.0,3.5,1.6,5.1,0.248,1.6,1.8,3.4,1.3,2.1,0.773,0.212,0.01,0.0,0.698,0.79,0.372,0.5,,1.0,0.709,1.0,0.404,72,0.0,0,0
273,Keon Ellis,24,SAC,SG,57,21,978,3.9,8.5,0.461,2.6,6.2,0.417,1.4,2.4,0.578,0.612,1.0,1.3,0.743,1.2,3.4,4.6,3.1,1.9,1.1,1.4,4.1,11.4,,elliske01,12.0,0.627,0.724,0.151,3.6,10.8,7.1,11.1,2.5,2.7,13.0,12.4,1.1,1.2,2.3,0.114,-0.9,2.1,1.2,0.8,20.5,0.103,0.095,0.034,0.043,0.578,0.667,0.591,0.625,0.3,0.417,0.649,0.943,0.03,7,0.298,1,0
274,Xavier Tillman Sr.,25,2TM,PF,54,15,974,4.5,10.3,0.434,0.7,3.0,0.247,3.7,7.3,0.51,0.47,0.8,1.8,0.44,2.6,5.2,7.8,2.8,1.9,1.6,1.3,2.8,10.5,,tillmxa01,12.2,0.472,0.29,0.179,7.7,16.1,11.8,11.3,2.6,4.2,10.1,14.8,-0.1,1.6,1.4,0.071,-3.1,1.9,-1.2,0.2,11.2,0.337,0.294,0.061,0.018,0.51,0.617,0.415,0.412,0.4,0.247,0.812,1.0,0.065,16,0.617,0,0
274,Xavier Tillman Sr.,25,MEM,C,34,13,700,4.5,11.0,0.408,0.6,2.7,0.226,3.9,8.2,0.469,0.437,0.9,2.2,0.419,2.9,5.2,8.1,2.9,2.2,1.8,1.5,3.1,10.5,,tillmxa01,11.8,0.44,0.249,0.202,8.4,16.4,12.3,12.1,2.9,4.7,11.1,16.0,-0.5,1.2,0.6,0.043,-3.8,2.1,-1.7,0.1,9.4,0.38,0.286,0.066,0.019,0.469,0.568,0.361,0.429,0.25,0.226,0.813,1.0,0.07,13,0.604,0,0
274,Xavier Tillman Sr.,25,BOS,PF,20,2,274,4.5,8.7,0.515,1.1,3.7,0.286,3.4,5.0,0.684,0.576,0.5,0.9,0.571,1.8,5.3,7.1,2.6,1.2,1.2,0.7,2.0,10.5,,tillmxa01,13.3,0.579,0.424,0.106,5.8,15.1,10.6,9.3,1.6,2.9,6.7,11.8,0.4,0.4,0.8,0.142,-1.3,1.3,0.0,0.1,13.1,0.197,0.318,0.045,0.015,0.684,0.923,0.571,0.333,1.0,0.286,0.808,1.0,0.045,3,0.643,0,0
275,Josh Okogie,25,PHO,SG,60,11,960,3.2,7.7,0.417,1.1,3.5,0.309,2.1,4.2,0.509,0.488,2.8,3.8,0.745,2.8,3.0,5.8,2.4,1.8,0.9,1.4,2.5,10.4,,okogijo01,12.0,0.552,0.456,0.495,9.2,9.0,9.1,8.4,2.4,2.2,12.5,13.0,1.0,1.1,2.1,0.104,-1.3,0.8,-0.5,0.4,12.7,0.35,0.16,0.029,0.005,0.509,0.569,0.394,0.5,0.0,0.309,0.632,0.966,0.068,13,0.638,0,0
276,Goga Bitadze,24,ORL,C,62,33,957,4.7,7.9,0.603,0.1,0.5,0.143,4.7,7.3,0.636,0.608,2.1,3.3,0.655,4.1,6.7,10.8,3.0,1.2,2.7,1.7,4.0,11.7,,bitadgo01,17.8,0.629,0.067,0.416,13.3,21.9,17.5,11.7,1.7,7.0,15.1,13.3,1.8,1.9,3.7,0.186,-0.7,2.8,2.1,1.0,3.8,0.689,0.23,0.005,0.01,0.636,0.715,0.438,0.0,0.0,0.143,0.637,1.0,0.273,51,0.286,0,0
277,Max Christie,20,LAL,SG,67,7,944,3.9,9.2,0.427,1.6,4.5,0.356,2.3,4.7,0.496,0.515,1.4,1.8,0.783,0.6,4.8,5.4,2.3,0.8,0.6,1.3,2.2,10.8,,chrisma02,8.4,0.544,0.49,0.191,1.9,14.2,8.4,8.0,1.0,1.6,11.8,13.6,-0.1,0.8,0.7,0.036,-3.2,-0.4,-3.6,-0.4,16.3,0.166,0.158,0.124,0.062,0.496,0.6,0.342,0.533,0.533,0.356,0.639,0.976,0.075,16,0.415,1,0
278,Kevin Love,35,MIA,PF,55,5,924,6.2,14.0,0.44,3.3,9.5,0.344,2.9,4.5,0.643,0.557,3.3,4.2,0.787,2.3,10.9,13.2,4.5,0.7,0.4,1.9,3.8,18.9,,loveke01,18.5,0.597,0.68,0.301,7.2,34.5,20.7,19.0,1.0,1.1,10.6,21.9,1.7,1.6,3.3,0.17,2.7,1.0,3.6,1.3,19.4,0.139,0.142,0.011,0.028,0.643,0.78,0.569,0.75,0.3,0.344,0.622,0.988,0.003,0,0.135,1,0
279,Day'Ron Sharpe,22,BRK,C,61,1,921,6.6,11.5,0.571,0.2,0.6,0.267,6.4,10.9,0.588,0.578,2.9,4.8,0.61,6.3,8.9,15.2,3.3,0.9,1.7,2.7,5.1,16.2,,sharpda01,20.0,0.596,0.051,0.418,18.6,27.9,23.1,14.0,1.3,4.3,16.7,19.7,1.6,1.3,2.9,0.152,-0.4,0.4,0.0,0.5,3.7,0.643,0.289,0.014,0.003,0.588,0.688,0.4,0.0,0.0,0.267,0.616,1.0,0.167,44,0.267,0,0
280,Jonathan Isaac,26,ORL,PF,58,2,914,5.8,11.3,0.51,1.7,4.4,0.375,4.1,6.9,0.598,0.584,2.3,3.2,0.72,2.9,7.4,10.2,1.2,1.7,2.8,1.1,2.5,15.5,6MOY-9,isaacjo01,19.2,0.61,0.392,0.287,9.3,24.2,16.7,4.8,2.3,7.1,7.7,16.7,1.5,2.1,3.6,0.188,1.4,2.4,3.8,1.4,12.6,0.395,0.091,0.056,0.066,0.598,0.717,0.385,0.375,0.368,0.375,0.654,0.976,0.203,52,0.491,1,0
281,Markelle Fultz,25,ORL,PG,43,18,910,6.1,12.9,0.472,0.2,0.7,0.222,5.9,12.2,0.487,0.479,0.9,1.3,0.697,2.2,3.2,5.5,4.7,1.7,0.6,2.0,2.6,13.3,,fultzma01,12.6,0.492,0.055,0.101,7.2,10.7,8.9,19.7,2.3,1.5,12.8,18.8,0.0,1.3,1.3,0.069,-2.6,1.2,-1.4,0.1,7.4,0.353,0.353,0.187,0.052,0.487,0.626,0.435,0.361,0.353,0.222,0.42,1.0,0.043,11,0.722,1,0
282,Doug McDermott,32,2TM,SF,64,0,904,4.9,11.3,0.433,3.7,9.1,0.41,1.2,2.2,0.527,0.599,0.4,0.8,0.579,0.4,2.0,2.3,2.8,0.6,0.1,1.1,2.5,14.0,,mcderdo01,9.1,0.6,0.806,0.067,1.2,6.0,3.6,10.3,0.8,0.2,8.7,14.9,0.6,0.3,0.9,0.046,-1.5,-1.9,-3.4,-0.3,22.0,0.099,0.042,0.025,0.028,0.527,0.607,0.333,0.571,0.5,0.41,0.931,0.979,0.021,6,0.214,0,0
282,Doug McDermott,32,SAS,SF,46,0,700,4.9,11.1,0.442,3.9,8.9,0.439,1.0,2.2,0.452,0.619,0.5,0.9,0.588,0.4,2.1,2.5,2.9,0.6,0.1,1.2,2.5,14.2,,mcderdo01,9.5,0.62,0.805,0.079,1.2,6.2,3.7,11.1,0.7,0.2,9.7,14.9,0.5,0.2,0.8,0.053,-1.0,-1.8,-2.9,-0.2,21.8,0.116,0.028,0.023,0.028,0.452,0.56,0.0,0.4,0.5,0.439,0.947,0.974,0.023,5,0.208,0,0
282,Doug McDermott,32,IND,SF,18,0,204,4.9,12.2,0.406,3.2,9.9,0.321,1.8,2.3,0.769,0.536,0.2,0.4,0.5,0.4,1.6,1.9,2.3,0.9,0.0,0.7,2.8,13.2,,mcderdo01,7.7,0.537,0.812,0.029,1.1,5.0,3.1,7.6,1.2,0.0,5.4,15.2,0.1,0.0,0.1,0.024,-3.0,-2.2,-5.1,-0.2,22.3,0.043,0.087,0.029,0.029,0.769,1.0,0.667,1.0,0.5,0.321,0.9,1.0,0.014,1,0.232,0,0
283,Jaylin Williams,21,OKC,C,69,1,897,3.8,9.2,0.417,2.1,5.8,0.368,1.7,3.4,0.5,0.533,1.3,1.6,0.805,1.4,7.9,9.4,4.4,1.1,1.1,1.4,3.9,11.1,,willija07,12.7,0.561,0.632,0.18,4.7,23.7,14.5,15.0,1.5,2.8,12.1,13.5,1.0,1.5,2.4,0.13,-0.8,1.9,1.1,0.7,17.9,0.18,0.118,0.053,0.018,0.5,0.61,0.407,0.333,0.5,0.368,0.833,1.0,0.026,5,0.215,0,0
284,Nikola Jović,20,MIA,PF,46,38,896,5.1,11.3,0.452,2.6,6.5,0.399,2.5,4.7,0.525,0.568,1.3,1.9,0.702,1.0,6.7,7.7,3.6,1.0,0.6,1.7,3.3,14.1,,jovicni01,12.8,0.583,0.58,0.167,3.1,21.3,12.1,14.7,1.4,1.5,12.2,17.1,0.6,1.3,1.9,0.103,-0.9,1.3,0.3,0.5,16.7,0.178,0.196,0.032,0.014,0.525,0.6,0.509,0.222,0.5,0.399,0.694,0.892,0.007,2,0.288,0,0
285,Bryce McGowens,21,CHO,SG,59,14,882,4.1,9.4,0.439,1.4,4.2,0.333,2.7,5.2,0.523,0.513,2.7,3.5,0.776,0.7,3.5,4.2,2.1,0.9,0.4,1.2,3.0,12.3,,mcgowbr01,9.3,0.565,0.443,0.37,2.1,11.2,6.5,8.1,1.2,1.1,10.1,14.9,0.4,0.3,0.6,0.034,-3.7,-1.1,-4.9,-0.6,13.9,0.3,0.178,0.03,0.048,0.523,0.58,0.488,0.571,0.273,0.333,0.493,0.971,0.03,7,0.382,0,0
286,Cam Whitmore,19,HOU,SF,47,2,880,8.7,19.1,0.454,3.2,9.0,0.359,5.4,10.1,0.538,0.539,3.1,4.6,0.679,1.8,5.6,7.4,1.4,1.2,0.7,1.9,2.6,23.7,,whitmca01,16.6,0.561,0.471,0.24,5.3,16.7,11.0,6.0,1.7,1.8,8.2,27.1,0.4,1.1,1.5,0.082,1.0,-0.9,0.1,0.5,14.9,0.257,0.206,0.026,0.041,0.538,0.642,0.448,0.5,0.368,0.359,0.579,0.937,0.107,40,0.173,2,0
287,Jaxson Hayes,23,LAL,C,70,5,877,5.2,7.2,0.72,0.0,0.3,0.0,5.2,6.9,0.754,0.72,2.1,3.4,0.622,2.8,5.8,8.7,1.4,1.4,1.2,1.8,5.0,12.4,,hayesja02,14.0,0.718,0.046,0.469,9.2,17.1,13.4,5.0,1.8,2.9,16.9,12.5,1.4,1.1,2.5,0.135,-2.8,0.9,-1.9,0.0,4.0,0.68,0.263,0.0,0.011,0.754,0.857,0.5,,0.5,0.0,0.849,,0.469,75,0.125,1,0
288,Blake Wesley,20,SAS,SG,61,3,876,4.2,8.8,0.474,0.5,2.3,0.218,3.7,6.6,0.563,0.502,2.1,3.2,0.667,0.7,3.1,3.9,6.8,1.2,0.4,2.3,3.7,11.0,,weslebl01,10.1,0.537,0.256,0.363,2.2,9.5,5.8,25.3,1.6,0.9,18.1,14.7,0.3,0.6,0.9,0.05,-4.0,0.1,-4.0,-0.4,9.8,0.433,0.219,0.07,0.023,0.563,0.624,0.574,0.267,0.2,0.218,0.556,1.0,0.116,22,0.309,2,0
289,Malachi Flynn,25,3TM,PG,69,0,876,5.6,13.4,0.418,2.3,6.9,0.331,3.3,6.4,0.513,0.505,2.1,2.9,0.732,0.9,3.8,4.7,5.3,1.6,0.3,2.6,2.7,15.6,,flynnma01,11.9,0.533,0.52,0.218,2.6,12.0,7.2,21.1,2.1,0.8,15.0,20.4,-0.1,0.6,0.5,0.029,-2.0,-0.2,-2.2,0.0,17.2,0.163,0.151,0.098,0.068,0.513,0.623,0.408,0.469,0.545,0.331,0.275,0.714,0.0,0,0.148,0,0
289,Malachi Flynn,25,TOR,PG,31,0,474,4.3,10.4,0.409,2.1,6.1,0.35,2.1,4.3,0.491,0.511,1.3,1.7,0.773,1.0,3.9,4.9,5.5,1.4,0.5,2.5,3.2,11.9,,flynnma01,10.1,0.535,0.584,0.161,3.0,12.3,7.5,20.3,1.8,1.1,18.4,16.2,0.0,0.3,0.2,0.025,-2.8,0.0,-2.7,-0.1,17.4,0.182,0.139,0.066,0.029,0.491,0.52,0.474,0.556,0.25,0.35,0.429,0.929,0.0,0,0.2,0,0
289,Malachi Flynn,25,NYK,PG,14,0,60,5.4,13.8,0.391,2.4,7.8,0.308,3.0,6.0,0.5,0.478,5.4,6.6,0.818,0.0,3.6,3.6,3.6,0.6,0.0,1.8,1.8,18.6,,flynnma01,12.5,0.557,0.565,0.478,0.0,11.3,5.6,14.1,0.8,0.0,9.7,22.2,0.1,0.0,0.1,0.093,-1.7,-0.9,-2.6,0.0,17.6,0.217,0.043,0.043,0.13,0.5,0.8,0.0,1.0,0.0,0.308,0.4,0.5,0.0,0,0.077,0,0
289,Malachi Flynn,25,DET,PG,24,0,342,7.5,17.4,0.43,2.5,8.0,0.316,4.9,9.4,0.528,0.503,2.7,4.0,0.684,0.8,3.7,4.5,5.4,2.0,0.2,2.8,2.2,20.2,,flynnma01,14.4,0.528,0.461,0.23,2.6,11.6,7.0,23.3,2.7,0.5,12.9,26.0,-0.1,0.3,0.2,0.023,-1.0,-0.3,-1.3,0.1,16.5,0.139,0.176,0.133,0.091,0.528,0.696,0.379,0.409,0.733,0.316,0.17,0.5,0.0,0,0.105,0,0
290,Christian Wood,28,LAL,PF,50,1,872,5.1,10.9,0.466,1.4,4.7,0.307,3.6,6.2,0.587,0.532,2.7,3.9,0.702,1.6,8.9,10.5,2.0,0.7,1.4,2.1,3.0,14.3,,woodch01,12.3,0.568,0.432,0.356,5.2,26.1,16.2,7.4,0.9,3.3,14.1,17.6,0.0,1.1,1.2,0.064,-2.6,-0.2,-2.8,-0.2,13.8,0.261,0.223,0.042,0.042,0.587,0.812,0.424,0.455,0.182,0.307,0.761,0.971,0.102,24,0.228,0,0
291,Zach LaVine,28,CHI,SG,25,23,872,7.0,15.5,0.452,2.4,7.0,0.349,4.6,8.5,0.536,0.531,3.6,4.3,0.854,0.3,5.0,5.3,4.0,0.9,0.3,2.1,2.4,20.1,,lavinza01,15.1,0.578,0.449,0.274,1.0,15.8,8.3,16.8,1.2,0.9,11.0,23.8,0.8,0.6,1.5,0.08,0.8,-0.7,0.1,0.5,15.7,0.237,0.136,0.053,0.125,0.536,0.64,0.431,0.5,0.468,0.349,0.396,0.525,0.04,13,0.183,0,0
292,Maxi Kleber,32,DAL,C,43,7,871,2.6,6.0,0.432,1.3,3.8,0.348,1.3,2.2,0.574,0.541,1.4,1.9,0.702,1.2,4.7,5.9,2.8,0.7,1.2,1.2,3.3,7.9,,klebima01,8.8,0.573,0.63,0.322,3.8,14.1,9.0,9.5,0.9,3.0,14.4,9.6,0.6,0.8,1.4,0.08,-2.3,1.0,-1.3,0.2,18.0,0.178,0.075,0.082,0.034,0.574,0.769,0.273,0.583,0.2,0.348,0.839,0.969,0.041,6,0.348,0,0
293,Justin Holiday,34,DEN,SG,58,9,862,3.7,8.1,0.454,2.3,5.7,0.404,1.4,2.4,0.569,0.595,0.1,0.2,0.75,0.4,2.6,3.0,2.8,1.5,0.4,0.6,2.9,9.8,,holidju01,9.7,0.598,0.701,0.021,1.2,7.8,4.6,9.5,2.1,0.9,6.7,10.6,0.9,0.9,1.8,0.101,-2.5,0.9,-1.6,0.1,19.9,0.134,0.031,0.021,0.113,0.569,0.692,0.333,0.75,0.455,0.404,0.788,0.964,0.057,10,0.485,0,0
294,Chimezie Metu,26,2TM,C,51,12,859,5.2,10.2,0.504,1.2,3.9,0.298,4.0,6.3,0.633,0.561,2.4,2.7,0.906,1.7,6.4,8.1,1.9,1.8,0.7,2.2,3.0,13.9,,metuch01,13.3,0.61,0.385,0.262,5.5,19.6,12.7,7.4,2.4,1.6,16.0,16.2,0.5,1.1,1.5,0.085,-2.1,0.8,-1.3,0.2,12.7,0.311,0.217,0.061,0.025,0.633,0.803,0.491,0.4,0.333,0.298,0.737,0.929,0.156,34,0.319,0,0
294,Chimezie Metu,26,PHO,C,37,5,448,5.3,10.4,0.508,1.2,4.1,0.294,4.1,6.3,0.646,0.565,3.1,3.5,0.884,1.9,6.9,8.8,1.5,1.5,0.7,2.2,3.1,14.9,,metuch01,13.9,0.621,0.392,0.331,6.4,20.6,13.9,5.8,2.1,1.8,15.3,17.0,0.4,0.6,1.0,0.106,-1.6,0.3,-1.3,0.1,12.2,0.385,0.162,0.038,0.023,0.646,0.82,0.333,0.4,0.333,0.294,0.824,1.0,0.192,23,0.294,0,0
294,Chimezie Metu,26,DET,C,14,7,411,5.0,10.0,0.5,1.1,3.8,0.302,3.9,6.2,0.62,0.557,1.8,1.8,0.952,1.5,5.9,7.4,2.4,2.1,0.6,2.2,2.8,12.9,,metuch01,12.6,0.596,0.377,0.184,4.5,18.5,11.4,9.3,2.8,1.5,16.9,15.4,0.1,0.4,0.5,0.063,-2.7,1.4,-1.3,0.1,13.2,0.228,0.281,0.088,0.026,0.62,0.769,0.594,0.4,0.333,0.302,0.636,0.846,0.114,11,0.349,0,0
295,Trendon Watford,23,BRK,PF,63,2,856,6.9,13.1,0.527,1.1,2.9,0.397,5.8,10.2,0.564,0.571,3.2,4.1,0.794,2.2,6.0,8.2,3.4,1.0,0.8,2.6,4.5,18.2,,watfotr01,15.7,0.611,0.219,0.312,6.5,18.7,12.4,14.6,1.3,2.0,15.1,21.1,0.9,0.9,1.8,0.1,-0.9,0.4,-0.5,0.3,9.5,0.305,0.392,0.061,0.023,0.564,0.705,0.492,0.421,0.286,0.397,0.431,0.963,0.023,7,0.338,0,0
296,Taylor Hendricks,20,UTA,PF,40,23,856,4.5,10.1,0.45,2.2,5.9,0.379,2.3,4.2,0.55,0.56,1.0,1.2,0.793,1.9,5.8,7.8,1.3,1.2,1.3,1.1,3.2,12.3,,hendrta01,11.8,0.578,0.583,0.121,6.0,17.7,11.9,5.0,1.6,3.1,9.7,13.7,0.7,0.6,1.2,0.07,-1.3,-0.4,-1.6,0.1,16.5,0.158,0.196,0.038,0.025,0.55,0.737,0.447,0.667,0.0,0.379,0.545,1.0,0.092,20,0.514,0,0
297,Dwight Powell,32,DAL,C,63,9,836,3.1,4.6,0.679,0.0,0.1,0.333,3.1,4.4,0.689,0.684,2.7,3.8,0.708,4.2,5.0,9.2,3.6,1.1,0.9,1.4,4.9,9.0,,poweldw01,14.5,0.716,0.028,0.84,12.7,15.2,14.0,12.4,1.5,2.1,18.1,9.1,2.2,0.9,3.1,0.181,-1.1,0.8,-0.3,0.4,2.4,0.811,0.16,0.0,0.0,0.689,0.767,0.294,,,0.333,0.62,1.0,0.217,18,0.667,0,0
298,Troy Brown Jr.,24,2TM,SF,59,15,827,3.7,9.8,0.372,2.0,6.1,0.333,1.6,3.7,0.435,0.476,1.4,1.6,0.865,1.1,5.2,6.3,2.6,1.0,0.1,1.3,1.8,10.8,,browntr01,8.8,0.51,0.624,0.164,3.5,16.0,9.8,9.7,1.4,0.3,11.0,14.3,0.0,0.9,0.8,0.048,-2.8,0.2,-2.6,-0.1,18.8,0.128,0.142,0.031,0.075,0.435,0.586,0.25,0.429,0.529,0.333,0.459,0.915,0.018,3,0.312,2,0
298,Troy Brown Jr.,24,MIN,SF,37,3,410,4.6,10.4,0.441,2.7,7.4,0.369,1.8,3.0,0.618,0.572,1.7,1.9,0.864,1.2,5.1,6.3,3.1,0.7,0.2,1.6,2.3,13.5,,browntr01,11.6,0.603,0.712,0.186,4.1,15.4,10.0,11.7,1.0,0.4,12.4,15.7,0.4,0.6,1.0,0.118,-0.2,0.5,0.4,0.2,19.9,0.136,0.076,0.042,0.034,0.618,0.75,0.333,0.6,0.75,0.369,0.476,0.871,0.0,0,0.321,1,0
298,Troy Brown Jr.,24,DET,SF,22,12,417,2.8,9.3,0.296,1.4,4.9,0.281,1.4,4.4,0.314,0.37,1.1,1.3,0.867,0.9,5.3,6.2,2.2,1.4,0.1,1.0,1.4,8.0,,browntr01,5.9,0.406,0.528,0.139,2.9,16.6,9.6,7.8,1.8,0.2,9.5,12.9,-0.5,0.3,-0.2,-0.021,-5.3,-0.2,-5.5,-0.4,17.6,0.12,0.213,0.019,0.12,0.314,0.385,0.217,0.0,0.462,0.281,0.438,1.0,0.037,3,0.298,1,0
299,Marcus Morris,34,2TM,PF,49,7,817,5.1,11.6,0.439,2.1,5.2,0.403,3.0,6.4,0.469,0.53,1.6,1.9,0.818,1.0,4.9,5.9,1.6,0.7,0.6,1.3,3.3,13.9,,morrima03,9.9,0.558,0.451,0.167,3.1,15.2,9.1,6.1,0.9,1.4,9.6,16.6,0.2,0.8,1.0,0.06,-2.5,-1.3,-3.8,-0.4,18.5,0.072,0.121,0.178,0.178,0.469,0.684,0.375,0.511,0.404,0.403,0.471,0.938,0.008,2,0.294,1,0
299,Marcus Morris,34,PHI,PF,37,7,637,5.1,11.6,0.439,2.0,5.1,0.4,3.1,6.5,0.47,0.527,1.8,2.0,0.861,1.0,5.1,6.2,1.5,0.7,0.6,1.1,3.4,14.0,,morrima03,10.5,0.559,0.439,0.176,3.1,16.1,9.4,5.7,1.0,1.6,7.9,16.3,0.3,0.6,1.0,0.073,-2.3,-1.1,-3.4,-0.2,17.8,0.093,0.122,0.161,0.185,0.47,0.684,0.32,0.545,0.395,0.4,0.444,0.972,0.01,2,0.267,0,0
299,Marcus Morris,34,CLE,PF,12,0,180,5.2,11.8,0.441,2.4,5.8,0.414,2.8,6.0,0.467,0.542,1.0,1.6,0.625,1.0,4.0,5.0,2.0,0.4,0.4,2.2,2.6,13.8,,morrima03,8.0,0.552,0.492,0.136,3.2,12.3,7.8,7.7,0.5,1.0,15.0,18.0,-0.1,0.2,0.1,0.015,-3.2,-1.9,-5.1,-0.1,19.3,0.0,0.119,0.237,0.153,0.467,,0.571,0.429,0.444,0.414,0.571,0.833,0.0,0,0.379,1,0
300,Caleb Houstan,21,ORL,SF,59,13,815,3.5,9.1,0.388,3.2,8.5,0.373,0.4,0.6,0.615,0.563,0.9,1.1,0.808,1.2,2.5,3.7,1.3,0.7,0.2,0.7,2.7,11.2,,houstca01,8.3,0.582,0.937,0.126,4.0,8.1,6.1,4.8,0.9,0.5,6.9,12.5,0.7,0.8,1.5,0.089,-1.4,-0.5,-1.9,0.0,23.9,0.019,0.019,0.015,0.01,0.615,0.5,0.75,1.0,0.0,0.373,0.5,0.986,0.0,0,0.378,0,0
301,Ben Sheppard,22,IND,SG,57,1,814,4.0,10.1,0.393,2.2,6.9,0.314,1.8,3.2,0.562,0.5,1.0,1.1,0.885,0.7,3.3,3.9,2.3,1.5,0.1,0.7,3.9,11.1,,sheppbe01,8.1,0.524,0.681,0.114,2.1,10.3,6.2,7.5,1.9,0.2,5.9,13.2,0.3,0.4,0.8,0.046,-3.3,-0.1,-3.4,-0.3,18.1,0.162,0.114,0.035,0.009,0.562,0.676,0.385,0.5,1.0,0.314,0.659,0.98,0.026,5,0.506,0,0
302,Jake LaRavia,22,MEM,PF,35,6,806,5.3,13.5,0.389,2.4,7.0,0.34,2.9,6.6,0.442,0.477,4.0,4.9,0.826,2.3,3.4,5.7,2.6,1.3,0.5,2.0,3.1,16.9,,laravja01,12.6,0.54,0.515,0.36,6.7,10.9,8.7,11.1,1.8,1.4,11.4,21.1,0.3,0.8,1.0,0.062,-1.4,-1.0,-2.5,-0.1,15.7,0.218,0.218,0.023,0.026,0.442,0.591,0.303,0.571,0.25,0.34,0.569,0.887,0.026,8,0.167,1,0
303,Bismack Biyombo,31,2TM,C,40,27,791,3.4,6.0,0.565,0.0,0.0,,3.4,6.0,0.565,0.565,1.2,2.5,0.481,2.8,6.7,9.5,2.4,0.5,1.7,1.9,4.1,7.9,,biyombi01,9.9,0.562,0.0,0.412,8.3,21.1,14.5,9.5,0.7,4.4,21.3,10.7,0.1,1.0,1.1,0.066,-4.8,1.4,-3.4,-0.3,3.5,0.489,0.504,0.008,0.0,0.565,0.719,0.424,0.0,,,0.757,,0.198,24,,0,0
303,Bismack Biyombo,31,MEM,C,30,27,718,3.4,6.0,0.563,0.0,0.0,,3.4,6.0,0.563,0.563,1.1,2.3,0.478,2.9,6.7,9.6,2.6,0.5,1.7,1.9,4.1,7.8,,biyombi01,10.0,0.56,0.0,0.387,8.3,21.3,14.5,10.1,0.7,4.4,21.4,10.6,0.1,0.9,1.0,0.066,-4.8,1.6,-3.2,-0.2,3.7,0.487,0.504,0.008,0.0,0.563,0.724,0.417,0.0,,,0.776,,0.21,24,,0,0
303,Bismack Biyombo,31,OKC,C,10,0,73,3.5,5.9,0.583,0.0,0.0,,3.5,5.9,0.583,0.583,2.0,3.9,0.5,2.5,6.4,8.9,1.0,0.5,1.5,2.0,3.5,8.9,,biyombi01,8.9,0.58,0.0,0.667,7.9,19.1,13.7,3.3,0.7,3.8,20.5,11.6,0.0,0.1,0.1,0.066,-5.4,0.2,-5.2,-0.1,3.3,0.5,0.5,0.0,0.0,0.583,0.667,0.5,,,,0.571,,0.083,0,,0,0
304,JT Thor,21,CHO,PF,63,3,781,3.7,8.4,0.437,1.3,3.7,0.346,2.4,4.7,0.51,0.514,0.5,0.9,0.55,2.0,4.7,6.7,1.3,0.5,1.2,0.7,2.8,9.2,,thorjt01,9.1,0.519,0.443,0.109,6.0,15.3,10.5,5.1,0.7,3.2,7.3,11.7,0.2,0.3,0.6,0.034,-3.5,-1.1,-4.5,-0.5,13.6,0.344,0.109,0.06,0.044,0.51,0.651,0.2,0.364,0.375,0.346,0.712,1.0,0.104,16,0.519,0,0
305,Isaiah Jackson,22,IND,C,59,3,771,7.2,10.9,0.665,0.0,0.2,0.0,7.2,10.7,0.677,0.665,3.4,4.8,0.716,4.4,6.7,11.1,2.3,1.6,2.8,1.8,6.4,17.9,,jacksis01,21.5,0.689,0.017,0.438,13.8,21.2,17.5,8.3,2.1,6.3,12.3,17.2,2.2,1.1,3.3,0.204,0.3,1.4,1.7,0.7,3.1,0.67,0.27,0.03,0.013,0.677,0.795,0.397,0.571,0.667,0.0,0.755,,0.352,72,0.5,0,0
306,Mitchell Robinson,25,NYK,C,31,21,768,3.4,6.0,0.575,0.0,0.0,,3.4,6.0,0.575,0.575,1.3,3.1,0.409,6.7,5.7,12.3,0.8,1.7,1.6,1.2,2.6,8.1,,robinmi01,16.1,0.554,0.0,0.52,20.7,17.7,19.2,3.1,2.4,4.3,13.8,10.2,1.2,1.3,2.5,0.155,-0.3,0.4,0.0,0.4,1.0,0.929,0.071,0.0,0.0,0.575,0.602,0.222,,,,0.479,,0.409,45,,0,0
307,Jock Landale,28,HOU,C,56,3,763,5.0,9.7,0.515,0.5,1.9,0.25,4.5,7.8,0.578,0.539,2.5,3.1,0.8,4.2,4.0,8.1,3.1,0.9,1.6,1.5,3.5,12.9,,landajo01,15.6,0.584,0.194,0.316,12.2,11.9,12.1,11.8,1.3,4.0,11.7,14.8,1.4,0.9,2.3,0.146,-0.5,0.4,-0.1,0.4,9.0,0.388,0.262,0.117,0.039,0.578,0.638,0.519,0.625,0.25,0.25,0.75,1.0,0.117,20,0.1,0,0
308,Cody Martin,28,CHO,SF,28,22,753,3.9,10.3,0.381,1.3,4.1,0.314,2.6,6.2,0.426,0.444,1.0,1.6,0.606,0.9,4.3,5.2,5.0,1.5,0.9,2.1,2.3,10.1,,martico01,9.2,0.46,0.4,0.153,2.8,13.9,8.1,19.1,2.1,2.2,16.1,16.1,-0.7,0.5,-0.2,-0.012,-4.1,0.6,-3.5,-0.3,14.8,0.223,0.158,0.098,0.121,0.426,0.667,0.382,0.381,0.077,0.314,0.436,0.704,0.033,5,0.36,0,0
309,KJ Martin,23,2TM,SF,60,2,746,4.7,8.7,0.536,0.4,1.4,0.286,4.3,7.4,0.582,0.558,1.1,2.0,0.537,2.0,4.3,6.3,2.5,1.1,0.6,1.5,4.8,10.8,,martike04,9.9,0.563,0.155,0.227,6.0,13.6,9.7,9.4,1.5,1.5,13.9,13.4,0.3,0.8,1.1,0.071,-4.0,-0.1,-4.1,-0.4,9.4,0.613,0.227,0.0,0.006,0.582,0.649,0.415,,0.0,0.286,0.787,1.0,0.227,34,0.536,0,0
309,KJ Martin,23,LAC,SF,2,0,31,4.6,11.6,0.4,1.2,5.8,0.2,3.5,5.8,0.6,0.45,1.2,2.3,0.5,1.2,2.3,3.5,1.2,2.3,1.2,2.3,3.5,11.6,,martike04,6.9,0.46,0.5,0.2,3.8,7.0,5.5,4.3,3.2,2.9,15.5,18.2,-0.1,0.0,0.0,-0.034,-6.8,0.7,-6.1,0.0,13.5,0.2,0.3,0.0,0.0,0.6,1.0,0.333,,,0.2,1.0,1.0,0.2,2,0.6,0,0
309,KJ Martin,23,PHI,SF,58,2,715,4.7,8.6,0.544,0.4,1.2,0.304,4.3,7.5,0.581,0.564,1.1,2.0,0.538,2.0,4.4,6.4,2.5,1.0,0.6,1.5,4.9,10.8,,martike04,10.0,0.569,0.135,0.228,6.1,13.8,9.9,9.6,1.4,1.4,13.8,13.2,0.4,0.7,1.1,0.076,-3.9,-0.1,-4.0,-0.4,5.4,0.637,0.222,0.0,0.006,0.581,0.642,0.421,,0.0,0.304,0.779,1.0,0.228,32,0.522,0,0
310,Delon Wright,31,2TM,PG,47,1,742,3.6,9.1,0.394,1.2,3.3,0.368,2.4,5.8,0.408,0.46,1.8,2.2,0.822,0.9,3.3,4.2,5.8,2.6,0.5,0.7,1.6,10.2,,wrighde01,13.6,0.505,0.362,0.239,2.7,10.0,6.3,20.8,3.5,1.3,6.3,12.8,0.8,0.9,1.7,0.109,-2.0,2.5,0.4,0.5,13.4,0.218,0.314,0.059,0.048,0.408,0.634,0.322,0.273,0.111,0.368,0.429,0.88,0.005,1,0.235,1,0
310,Delon Wright,31,WAS,PG,33,0,456,3.8,9.6,0.393,1.1,3.0,0.368,2.7,6.6,0.405,0.451,1.9,2.3,0.828,1.0,3.6,4.7,6.5,2.8,0.6,0.9,1.7,10.6,,wrighde01,14.1,0.497,0.311,0.238,3.0,11.0,6.9,22.8,3.6,1.4,7.5,13.5,0.4,0.4,0.9,0.092,-1.8,2.3,0.5,0.3,12.7,0.197,0.352,0.074,0.066,0.405,0.625,0.349,0.333,0.125,0.368,0.324,0.786,0.008,1,0.158,1,0
310,Delon Wright,31,MIA,PG,14,1,286,3.3,8.3,0.394,1.4,3.8,0.367,1.9,4.5,0.417,0.477,1.6,2.0,0.813,0.8,2.6,3.4,4.7,2.4,0.4,0.4,1.3,9.6,,wrighde01,12.9,0.52,0.455,0.242,2.4,8.4,5.3,17.6,3.3,1.0,3.9,11.9,0.4,0.5,0.8,0.136,-2.4,2.8,0.3,0.2,14.2,0.258,0.242,0.03,0.015,0.417,0.647,0.25,0.0,0.0,0.367,0.667,1.0,0.0,0,0.333,0,0
311,Ish Smith,35,CHO,PG,43,5,741,3.2,7.7,0.418,0.2,0.4,0.5,3.0,7.3,0.413,0.43,0.1,0.2,0.75,0.5,3.2,3.7,7.0,0.8,0.2,2.3,2.4,6.8,,smithis01,6.8,0.435,0.051,0.025,1.6,10.2,5.8,26.4,1.1,0.5,22.7,12.3,-0.5,0.2,-0.4,-0.025,-5.6,-1.2,-6.8,-0.9,10.3,0.222,0.278,0.31,0.139,0.413,0.457,0.477,0.306,0.455,0.5,0.387,0.75,0.0,0,0.125,1,0
312,Mo Bamba,25,PHI,C,57,17,740,4.7,9.6,0.49,1.2,3.1,0.391,3.5,6.5,0.537,0.553,1.7,2.4,0.68,3.7,7.8,11.6,2.0,1.1,2.9,1.9,4.9,12.3,,bambamo01,15.4,0.575,0.323,0.253,11.3,24.5,17.8,7.6,1.5,7.4,15.1,15.1,0.6,1.3,2.0,0.128,-2.3,1.4,-1.0,0.2,10.6,0.475,0.146,0.02,0.035,0.537,0.617,0.345,0.75,0.143,0.391,0.611,1.0,0.187,33,0.125,0,0
313,Nick Smith Jr.,19,CHO,SG,51,0,729,5.6,14.3,0.391,3.1,7.2,0.432,2.5,7.1,0.35,0.5,0.6,0.7,0.867,0.9,2.7,3.6,2.9,0.5,0.3,1.9,2.7,14.9,,smithni01,8.1,0.511,0.505,0.052,2.7,8.6,5.5,12.0,0.7,0.9,11.7,20.3,-0.6,0.1,-0.5,-0.036,-3.1,-2.8,-5.9,-0.7,18.5,0.09,0.138,0.138,0.128,0.35,0.385,0.425,0.4,0.189,0.432,0.38,0.841,0.007,2,0.233,1,0
314,Landry Shamet,26,WAS,SG,46,5,726,5.9,13.6,0.431,2.6,7.8,0.338,3.2,5.8,0.556,0.527,1.9,2.3,0.826,0.8,2.3,3.1,2.7,1.2,0.5,1.5,3.8,16.2,,shamela01,10.5,0.556,0.573,0.168,2.3,6.9,4.6,10.2,1.6,1.1,9.3,18.8,0.1,0.2,0.3,0.022,-2.7,-1.3,-4.0,-0.4,17.8,0.153,0.135,0.073,0.066,0.556,0.69,0.405,0.55,0.556,0.338,0.738,0.925,0.044,8,0.274,0,0
315,Chris Duarte,26,SAC,SF,59,11,719,4.0,10.5,0.381,2.2,6.4,0.346,1.8,4.2,0.434,0.486,1.3,1.7,0.788,1.3,4.0,5.3,2.2,1.4,0.4,1.3,4.0,11.5,,duartch01,8.4,0.512,0.605,0.157,4.0,12.7,8.3,7.8,1.9,1.0,10.4,14.9,0.0,0.7,0.7,0.047,-3.5,0.1,-3.4,-0.2,18.3,0.152,0.119,0.067,0.057,0.434,0.656,0.36,0.429,0.0,0.346,0.667,0.886,0.024,4,0.346,1,0
316,Jordan Nwora,25,2TM,SF,52,1,712,7.0,15.1,0.462,2.2,6.6,0.336,4.8,8.5,0.56,0.535,2.2,2.7,0.83,1.4,6.1,7.5,3.1,1.3,0.7,2.7,2.4,18.4,,nworajo01,13.7,0.565,0.438,0.177,4.3,19.1,11.6,12.3,1.8,1.6,14.1,22.4,-0.1,0.6,0.5,0.034,-1.1,-1.5,-2.5,-0.1,14.3,0.268,0.197,0.06,0.037,0.56,0.663,0.542,0.389,0.182,0.336,0.585,0.841,0.033,9,0.298,2,0
316,Jordan Nwora,25,IND,SF,18,0,183,7.3,16.1,0.451,2.2,7.1,0.306,5.1,9.0,0.565,0.518,1.8,2.2,0.818,1.6,4.9,6.5,3.5,1.2,0.2,2.4,3.7,18.5,,nworajo01,12.2,0.541,0.439,0.134,4.9,15.5,10.2,12.7,1.5,0.4,12.1,22.6,0.0,0.1,0.1,0.03,-1.8,-2.2,-4.0,-0.1,14.0,0.317,0.159,0.049,0.037,0.565,0.654,0.462,0.5,0.333,0.306,0.731,1.0,0.049,4,0.278,0,0
316,Jordan Nwora,25,TOR,SF,34,1,529,6.9,14.8,0.465,2.2,6.5,0.347,4.6,8.3,0.557,0.541,2.4,2.9,0.833,1.4,6.5,7.9,3.0,1.4,0.8,2.8,2.0,18.4,,nworajo01,14.2,0.573,0.438,0.194,4.1,20.4,12.1,12.2,1.8,2.0,14.8,22.3,-0.1,0.5,0.4,0.035,-0.8,-1.2,-2.0,0.0,14.5,0.249,0.212,0.065,0.037,0.557,0.667,0.565,0.357,0.125,0.347,0.529,0.788,0.028,5,0.305,2,0
317,LaMelo Ball,22,CHO,PG,22,22,711,9.3,21.4,0.433,3.5,10.0,0.355,5.7,11.4,0.5,0.515,4.6,5.3,0.865,1.5,4.3,5.7,8.9,2.0,0.2,4.2,4.0,26.6,,ballla01,20.8,0.561,0.466,0.246,4.4,13.7,8.9,43.1,2.8,0.5,15.0,34.3,0.6,0.5,1.1,0.074,3.8,-0.5,3.3,1.0,15.4,0.191,0.265,0.054,0.024,0.5,0.654,0.455,0.348,0.1,0.355,0.159,0.586,0.002,0,0.157,0,0
318,Chris Boucher,31,TOR,PF,50,0,705,5.6,11.1,0.507,1.6,4.8,0.33,4.0,6.3,0.642,0.578,3.6,4.7,0.772,3.2,7.4,10.6,1.2,0.7,1.2,1.4,3.5,16.4,,bouchch01,16.0,0.625,0.433,0.424,9.5,23.1,16.1,4.5,1.0,3.0,9.8,17.3,1.2,0.6,1.7,0.119,-0.3,-1.4,-1.7,0.1,12.4,0.373,0.166,0.009,0.018,0.642,0.765,0.417,0.5,0.25,0.33,0.595,1.0,0.092,18,0.415,0,0
319,Jacob Gilyard,25,2TM,PG,41,14,699,3.1,7.7,0.4,2.6,6.5,0.405,0.5,1.2,0.375,0.57,0.1,0.1,1.0,0.5,1.9,2.4,7.1,1.7,0.3,1.5,2.0,8.9,,gilyaja01,11.1,0.573,0.84,0.013,1.4,6.0,3.6,27.7,2.3,0.7,16.6,11.1,0.8,0.6,1.4,0.095,-2.0,0.6,-1.4,0.1,27.5,0.027,0.04,0.013,0.08,0.375,0.25,0.5,0.0,0.417,0.405,0.111,0.824,0.0,0,0.238,2,0
319,Jacob Gilyard,25,MEM,PG,37,14,654,3.3,7.9,0.417,2.8,6.6,0.425,0.5,1.3,0.375,0.594,0.1,0.1,1.0,0.4,1.9,2.4,7.2,1.5,0.3,1.6,1.9,9.5,,gilyaja01,11.6,0.597,0.833,0.014,1.3,6.1,3.6,28.5,2.0,0.7,16.7,11.4,0.9,0.5,1.4,0.103,-1.5,0.2,-1.3,0.1,23.5,0.028,0.042,0.014,0.083,0.375,0.25,0.5,0.0,0.417,0.425,0.111,0.824,0.0,0,0.25,1,0
319,Jacob Gilyard,25,BRK,PG,4,0,45,0.0,4.8,0.0,0.0,4.8,0.0,0.0,0.0,,0.0,0.0,0.0,,0.8,1.6,2.4,4.8,4.8,0.0,0.8,3.2,0.0,,gilyaja01,4.5,0.0,1.0,0.0,2.4,5.0,3.6,15.8,6.6,0.0,14.3,6.7,-0.1,0.1,0.0,-0.017,-8.7,6.5,-2.2,0.0,31.5,0.0,0.0,0.0,0.0,,,,,,0.0,,,0.0,0,0.0,1,0
320,Bruno Fernando,25,ATL,C,45,2,682,5.8,9.9,0.583,0.0,0.2,0.0,5.8,9.7,0.596,0.583,3.4,5.1,0.667,3.1,7.1,10.2,2.4,1.3,1.5,2.3,5.6,14.9,,fernabr01,15.2,0.615,0.021,0.513,9.1,22.2,15.4,9.3,1.8,3.7,16.1,16.7,0.8,0.7,1.5,0.103,-3.1,0.9,-2.3,-0.1,3.7,0.567,0.369,0.037,0.005,0.596,0.755,0.391,0.286,0.0,0.0,0.817,,0.219,38,0.0,0,0
321,Dalen Terry,21,CHI,SG,59,2,681,3.6,8.3,0.439,0.9,3.9,0.23,2.7,4.4,0.627,0.494,1.3,2.3,0.581,1.5,4.4,6.0,4.3,1.4,1.0,1.7,4.3,9.5,,terryda01,10.2,0.512,0.471,0.274,4.7,14.1,9.3,15.6,2.0,2.7,15.4,13.4,0.1,0.7,0.8,0.06,-3.4,1.1,-2.3,0.0,13.2,0.357,0.153,0.019,0.0,0.627,0.679,0.583,0.0,,0.23,0.462,0.941,0.115,16,0.446,1,0
322,Gary Payton II,31,GSW,SG,44,0,680,5.5,9.7,0.563,1.1,2.9,0.364,4.4,6.8,0.648,0.617,0.7,1.2,0.609,2.4,3.5,6.0,2.5,2.1,1.0,1.4,4.1,12.7,,paytoga02,13.9,0.621,0.301,0.126,7.4,10.5,9.0,9.4,2.8,2.4,12.3,13.6,0.9,0.9,1.8,0.125,-1.3,2.2,0.9,0.5,9.4,0.388,0.306,0.005,0.0,0.648,0.718,0.571,0.0,,0.364,0.819,1.0,0.126,20,0.636,0,0
323,Mason Plumlee,33,LAC,C,46,11,674,4.6,8.2,0.569,0.0,0.3,0.0,4.6,7.9,0.592,0.569,3.7,5.3,0.707,3.2,9.3,12.5,2.9,0.7,0.9,1.9,3.6,13.0,,plumlma01,15.8,0.621,0.039,0.647,10.4,28.2,19.6,10.8,1.0,2.3,15.5,15.1,1.2,0.9,2.0,0.146,-1.1,0.4,-0.8,0.2,3.8,0.562,0.379,0.02,0.0,0.592,0.698,0.466,0.0,,0.0,0.736,,0.268,38,0.667,0,0
324,Dāvis Bertāns,31,2TM,PF,43,1,674,4.9,12.5,0.393,4.1,10.7,0.38,0.9,1.8,0.471,0.556,1.6,1.8,0.909,0.5,2.8,3.3,1.9,1.4,0.6,1.0,3.0,15.5,,bertada01,11.6,0.583,0.855,0.141,1.5,8.8,5.1,7.2,1.9,1.7,6.8,17.4,0.5,0.4,0.9,0.061,-0.8,-0.6,-1.4,0.1,23.8,0.064,0.038,0.004,0.038,0.471,0.6,0.444,0.0,0.333,0.38,0.938,0.961,0.017,3,0.225,1,0
324,Dāvis Bertāns,31,OKC,PF,15,0,91,4.0,10.3,0.385,4.0,9.5,0.417,0.0,0.8,0.0,0.577,5.5,5.9,0.933,0.8,3.2,4.0,3.6,1.2,1.2,0.4,4.0,17.4,,bertada01,17.3,0.675,0.923,0.577,2.5,9.4,6.1,12.2,1.6,3.1,3.0,16.0,0.3,0.1,0.4,0.229,3.2,0.8,4.0,0.1,23.8,0.038,0.0,0.038,0.0,0.0,0.0,,0.0,,0.417,,0.9,0.0,0,0.375,0,0
324,Dāvis Bertāns,31,CHO,PF,28,1,583,5.1,12.8,0.394,4.1,10.9,0.375,1.0,2.0,0.5,0.553,1.0,1.1,0.889,0.4,2.7,3.1,1.6,1.4,0.6,1.0,2.8,15.2,,bertada01,10.7,0.57,0.846,0.087,1.3,8.7,4.9,6.5,1.9,1.4,7.3,17.7,0.2,0.3,0.4,0.034,-1.4,-0.8,-2.3,0.0,23.7,0.067,0.043,0.0,0.043,0.5,0.643,0.444,,0.333,0.375,0.938,0.97,0.019,3,0.205,1,0
325,Keita Bates-Diop,28,2TM,SF,53,8,665,3.9,9.0,0.434,1.1,3.7,0.304,2.8,5.3,0.526,0.497,1.7,2.3,0.762,1.7,4.3,6.0,2.1,1.4,1.2,0.8,1.9,10.7,,bateske01,11.5,0.534,0.416,0.253,5.5,12.8,9.3,7.4,1.8,2.9,7.5,13.0,0.5,0.8,1.3,0.091,-1.5,0.4,-1.0,0.2,11.7,0.343,0.181,0.06,0.0,0.526,0.632,0.333,0.5,,0.304,0.627,0.952,0.096,15,0.623,0,0
325,Keita Bates-Diop,28,PHO,SF,39,8,597,3.9,9.0,0.427,1.2,3.9,0.313,2.7,5.2,0.512,0.493,1.6,2.2,0.722,1.8,4.3,6.1,2.1,1.3,1.2,0.8,2.0,10.5,,bateske01,11.3,0.525,0.427,0.24,6.0,12.8,9.6,7.4,1.8,3.0,7.3,13.0,0.4,0.7,1.1,0.089,-1.5,0.3,-1.2,0.1,12.4,0.34,0.173,0.06,0.0,0.512,0.608,0.346,0.444,,0.313,0.614,0.95,0.1,14,0.656,0,0
325,Keita Bates-Diop,28,BRK,SF,14,0,68,4.2,8.5,0.5,0.5,2.6,0.2,3.7,5.8,0.636,0.531,3.2,3.2,1.0,0.5,4.2,4.8,2.1,1.6,1.1,1.1,1.1,12.2,,bateske01,13.4,0.617,0.313,0.375,1.6,13.2,7.2,8.1,2.2,2.7,9.7,13.2,0.1,0.1,0.2,0.112,-1.3,1.5,0.2,0.0,11.0,0.375,0.25,0.063,0.0,0.636,0.833,0.25,1.0,,0.2,0.714,1.0,0.063,1,0.2,0,0
326,Jalen Wilson,23,BRK,PF,43,3,664,4.1,9.7,0.425,1.3,4.0,0.324,2.8,5.7,0.495,0.492,2.1,2.5,0.826,2.5,4.6,7.1,2.4,0.6,0.2,1.0,2.6,11.6,,wilsoja03,10.8,0.537,0.413,0.257,7.5,14.2,10.8,9.3,0.8,0.5,8.7,14.3,0.6,0.4,1.1,0.077,-1.8,-1.1,-2.9,-0.2,14.0,0.229,0.251,0.084,0.022,0.495,0.683,0.356,0.4,0.5,0.324,0.615,1.0,0.0,0,0.392,2,0
327,Craig Porter Jr.,23,CLE,PG,51,6,649,6.4,12.6,0.509,0.7,1.9,0.353,5.8,10.8,0.536,0.535,2.3,3.1,0.732,1.2,4.9,6.0,6.5,1.2,0.8,2.5,2.2,15.8,,portecr01,15.4,0.564,0.149,0.246,3.7,15.1,9.4,26.5,1.6,2.1,15.1,20.2,0.6,0.9,1.5,0.108,-0.6,1.1,0.5,0.4,10.2,0.32,0.241,0.193,0.096,0.536,0.644,0.473,0.455,0.5,0.353,0.385,0.833,0.044,9,0.176,1,0
328,Rayan Rupert,19,POR,SG,39,12,633,3.1,9.2,0.335,1.6,4.4,0.359,1.5,4.7,0.313,0.422,1.1,1.4,0.76,1.4,3.9,5.2,3.5,0.7,0.2,1.8,3.2,8.8,,ruperra01,5.8,0.451,0.484,0.155,4.0,12.8,8.1,13.5,0.9,0.4,15.3,13.6,-0.4,0.3,-0.1,-0.009,-5.6,-1.2,-6.7,-0.8,15.2,0.143,0.273,0.093,0.006,0.313,0.478,0.295,0.133,0.0,0.359,0.538,0.857,0.012,2,0.346,0,0
329,Oshae Brissett,25,BOS,SF,55,1,630,3.9,8.7,0.444,0.9,3.1,0.273,3.0,5.6,0.541,0.493,2.9,4.7,0.602,3.5,5.7,9.1,2.5,1.1,0.5,1.1,3.1,11.5,,brissos01,12.8,0.53,0.359,0.542,10.9,16.3,13.7,8.7,1.5,1.1,9.5,14.5,0.8,0.9,1.7,0.131,-2.0,0.2,-1.8,0.0,11.4,0.34,0.261,0.013,0.026,0.541,0.673,0.4,0.5,0.25,0.273,0.66,1.0,0.144,20,0.436,0,0
330,Danilo Gallinari,35,3TM,SF,49,0,630,4.7,10.9,0.437,1.7,5.3,0.323,3.0,5.5,0.546,0.516,4.8,5.6,0.857,1.1,5.0,6.2,3.1,0.8,0.3,1.3,2.9,16.0,,gallida01,13.4,0.601,0.489,0.516,3.4,15.3,9.3,11.6,1.1,0.8,9.0,17.2,1.0,0.3,1.3,0.098,-0.8,-1.0,-1.9,0.0,17.2,0.142,0.116,0.153,0.1,0.546,0.852,0.409,0.517,0.316,0.323,0.528,0.867,0.053,8,0.097,0,0
330,Danilo Gallinari,35,WAS,PF,26,0,385,5.3,12.2,0.435,1.9,6.0,0.313,3.5,6.3,0.552,0.511,4.4,5.2,0.839,1.1,6.0,7.1,2.9,0.6,0.3,1.1,2.4,16.9,,gallida01,13.4,0.581,0.489,0.427,3.3,18.2,10.6,10.8,0.7,0.6,7.2,18.3,0.5,0.1,0.6,0.08,-0.8,-1.8,-2.6,-0.1,18.3,0.122,0.115,0.153,0.122,0.552,0.875,0.4,0.55,0.375,0.313,0.486,0.85,0.046,5,0.031,0,0
330,Danilo Gallinari,35,DET,SF,6,0,90,4.8,8.8,0.545,2.8,4.8,0.583,2.0,4.0,0.5,0.705,8.4,9.6,0.875,0.8,4.8,5.6,4.8,0.8,0.8,0.4,3.6,20.8,,gallida01,23.3,0.799,0.545,1.091,2.4,15.1,8.7,18.6,1.1,1.9,3.0,15.9,0.5,0.1,0.6,0.304,5.9,1.0,6.9,0.2,17.0,0.227,0.045,0.136,0.045,0.5,0.6,1.0,0.333,0.0,0.583,0.8,0.857,0.045,0,0.417,0,0
330,Danilo Gallinari,35,MIL,SF,17,0,155,3.3,8.6,0.378,0.7,3.9,0.176,2.6,4.6,0.55,0.419,3.7,4.2,0.889,1.4,2.8,4.2,2.8,1.4,0.2,2.3,3.5,10.9,,gallida01,7.7,0.523,0.459,0.486,4.3,8.3,6.4,9.6,1.9,0.6,18.2,15.3,0.0,0.1,0.1,0.025,-5.0,-0.2,-5.2,-0.1,16.4,0.162,0.162,0.162,0.054,0.55,1.0,0.333,0.5,0.0,0.176,0.545,1.0,0.081,3,0.118,0,0
331,Jordan McLaughlin,27,MIN,PG,56,0,626,4.0,8.3,0.483,2.4,5.1,0.472,1.6,3.2,0.5,0.628,0.7,1.0,0.722,1.0,3.1,4.1,6.3,2.0,0.4,1.1,1.8,11.2,,mclaujo01,15.5,0.638,0.614,0.124,3.4,9.4,6.5,23.7,2.8,1.0,11.1,12.1,1.4,1.1,2.5,0.193,1.4,2.9,4.2,1.0,17.0,0.214,0.117,0.028,0.028,0.5,0.613,0.353,0.0,0.75,0.472,0.643,0.976,0.0,0,0.494,1,1
332,Seth Curry,33,2TM,SG,44,4,616,4.7,11.9,0.392,2.2,6.3,0.352,2.5,5.6,0.438,0.485,1.6,1.8,0.903,1.1,2.9,4.0,2.6,1.3,0.4,1.2,2.3,13.2,,curryse01,9.9,0.519,0.529,0.152,3.2,9.0,6.1,9.7,1.7,0.9,8.8,16.8,0.1,0.4,0.5,0.04,-2.6,-0.6,-3.3,-0.2,19.5,0.059,0.103,0.074,0.235,0.438,0.833,0.524,0.133,0.396,0.352,0.5,0.868,0.0,0,0.324,1,0
332,Seth Curry,33,DAL,SG,36,3,457,4.3,11.4,0.372,2.3,6.3,0.363,2.0,5.1,0.385,0.472,1.3,1.5,0.895,1.2,2.9,4.1,2.4,1.3,0.2,1.3,2.5,12.1,,curryse01,8.6,0.502,0.552,0.131,3.6,8.8,6.2,8.4,1.8,0.6,9.4,15.9,-0.1,0.4,0.3,0.034,-3.2,-0.9,-4.0,-0.2,19.9,0.062,0.076,0.069,0.241,0.385,0.778,0.455,0.0,0.371,0.363,0.48,0.862,0.0,0,0.35,0,0
332,Seth Curry,33,CHO,SG,8,1,159,5.9,13.4,0.441,2.0,6.3,0.321,3.8,7.0,0.548,0.517,2.5,2.7,0.917,0.7,2.9,3.6,3.2,1.1,0.7,1.1,1.6,16.3,,curryse01,13.5,0.56,0.475,0.203,2.1,9.5,5.7,13.2,1.6,1.8,7.2,19.3,0.1,0.1,0.2,0.058,-1.1,0.0,-1.1,0.0,19.1,0.051,0.169,0.085,0.22,0.548,1.0,0.6,0.4,0.462,0.321,0.529,0.889,0.0,0,0.25,1,0
333,A.J. Green,24,MIL,SG,56,0,614,4.9,11.5,0.423,4.0,9.9,0.408,0.8,1.6,0.519,0.599,1.0,1.1,0.895,0.5,3.2,3.8,1.8,0.5,0.2,0.7,2.9,14.8,,greenaj01,10.5,0.617,0.862,0.097,1.6,9.6,5.7,6.4,0.7,0.6,5.5,15.2,0.7,0.3,1.1,0.084,-0.4,-1.7,-2.1,0.0,24.1,0.026,0.02,0.031,0.061,0.519,1.0,0.25,0.333,0.5,0.408,0.857,0.942,0.0,0,0.225,0,0
334,Johnny Davis,21,WAS,SG,50,6,613,3.6,9.0,0.403,0.8,2.3,0.35,2.8,6.7,0.421,0.448,0.8,1.4,0.583,1.1,3.2,4.2,1.9,1.1,0.6,0.8,3.3,8.9,,davisjo06,6.2,0.462,0.26,0.156,3.1,9.6,6.3,6.6,1.4,1.3,7.3,12.2,-0.3,0.2,-0.1,-0.009,-5.5,-1.1,-6.6,-0.7,11.0,0.292,0.273,0.13,0.045,0.421,0.644,0.333,0.25,0.0,0.35,0.604,1.0,0.045,7,0.45,1,0
335,MarJon Beauchamp,23,MIL,SF,48,1,608,4.8,9.8,0.488,1.8,4.4,0.4,3.0,5.4,0.56,0.578,1.1,1.7,0.679,1.3,4.6,5.9,1.8,0.8,0.4,1.6,3.2,12.5,,beaucma01,9.7,0.592,0.452,0.169,4.1,13.6,8.9,6.7,1.0,1.0,13.2,14.6,0.2,0.5,0.7,0.056,-2.3,-0.9,-3.2,-0.2,14.8,0.277,0.127,0.054,0.09,0.56,0.63,0.476,0.556,0.467,0.4,0.588,0.967,0.096,12,0.387,0,0
336,Marcus Smart,29,MEM,PG,20,20,605,6.1,14.1,0.43,2.5,8.0,0.313,3.6,6.1,0.583,0.519,2.6,3.3,0.768,0.4,2.8,3.2,5.1,2.4,0.3,3.7,3.2,17.2,,smartma01,11.8,0.552,0.565,0.236,1.0,8.9,4.8,22.7,3.3,0.8,19.2,22.9,-0.5,0.7,0.2,0.02,-3.3,0.9,-2.4,0.0,18.1,0.105,0.177,0.118,0.034,0.583,0.68,0.548,0.571,0.5,0.313,0.25,0.905,0.0,0,0.209,2,0
337,Mike Muscala,32,3TM,C,53,6,600,3.4,9.4,0.359,1.7,5.8,0.292,1.7,3.6,0.467,0.449,1.0,1.5,0.68,2.3,5.2,7.5,2.2,0.5,0.8,1.3,3.1,9.4,,muscami01,7.5,0.47,0.615,0.16,7.0,15.8,11.3,7.6,0.7,1.8,11.6,13.4,-0.2,0.3,0.1,0.009,-3.9,-1.4,-5.3,-0.5,17.9,0.167,0.103,0.058,0.058,0.467,0.615,0.375,0.333,0.333,0.292,0.643,1.0,0.032,4,0.24,0,0
337,Mike Muscala,32,WAS,C,24,2,338,3.5,9.6,0.367,1.5,5.4,0.275,2.0,4.2,0.487,0.444,1.6,2.1,0.75,2.3,5.6,8.0,2.3,0.5,0.7,1.7,3.3,10.1,,muscami01,7.6,0.481,0.567,0.222,6.8,17.2,11.9,8.2,0.7,1.7,13.9,14.3,-0.2,0.1,0.0,-0.005,-4.4,-1.8,-6.2,-0.4,17.5,0.178,0.1,0.089,0.067,0.487,0.625,0.333,0.375,0.5,0.275,0.737,1.0,0.022,2,0.255,0,0
337,Mike Muscala,32,DET,C,13,4,171,3.2,9.3,0.341,2.7,7.2,0.382,0.4,2.1,0.2,0.489,0.4,0.8,0.5,2.1,4.0,6.1,2.1,0.6,1.1,0.4,2.7,9.5,,muscami01,8.9,0.492,0.773,0.091,6.4,12.6,9.5,7.7,0.8,2.5,4.2,11.9,0.1,0.1,0.2,0.049,-1.7,-0.6,-2.2,0.0,21.3,0.068,0.114,0.023,0.023,0.2,0.333,0.2,0.0,0.0,0.382,0.0,1.0,0.023,0,0.235,0,0
337,Mike Muscala,32,OKC,C,16,0,91,3.2,8.7,0.364,0.4,4.4,0.091,2.8,4.4,0.636,0.386,0.0,0.4,0.0,2.8,5.5,8.3,1.6,0.4,0.4,1.6,3.2,6.7,,muscami01,4.3,0.379,0.5,0.045,8.9,16.5,12.9,5.3,0.5,1.0,15.1,12.6,-0.1,0.1,0.0,-0.017,-6.4,-1.6,-8.0,-0.1,15.0,0.318,0.091,0.0,0.091,0.636,0.714,1.0,,0.0,0.091,0.571,1.0,0.091,2,0.182,0,0
338,Jericho Sims,25,NYK,C,45,11,585,2.3,3.4,0.691,0.0,0.0,,2.3,3.4,0.691,0.691,1.0,1.5,0.667,3.4,5.6,9.0,1.5,0.5,1.2,1.0,2.8,5.7,,simsje01,10.9,0.702,0.0,0.436,10.7,17.5,14.1,5.4,0.7,3.0,19.6,6.0,0.9,0.7,1.5,0.127,-2.4,0.7,-1.8,0.0,2.1,0.8,0.182,0.018,0.0,0.691,0.795,0.3,0.0,,,0.632,,0.582,26,,0,0
339,Brice Sensabaugh,20,UTA,SF,32,11,584,5.2,13.4,0.39,2.1,7.1,0.296,3.1,6.3,0.495,0.468,2.3,2.5,0.902,1.0,5.3,6.3,3.4,0.8,0.4,2.9,2.7,14.9,,sensabr01,8.6,0.511,0.528,0.188,3.0,16.1,9.6,13.0,1.1,0.9,16.6,20.3,-0.5,0.2,-0.3,-0.024,-3.3,-2.1,-5.5,-0.5,17.3,0.041,0.248,0.138,0.046,0.495,0.667,0.463,0.567,0.3,0.296,0.51,0.794,0.009,2,0.296,0,0
340,Jarred Vanderbilt,24,LAL,PF,29,6,581,3.7,7.1,0.518,0.5,1.7,0.296,3.2,5.4,0.586,0.553,1.5,2.2,0.667,2.5,6.0,8.6,2.2,2.2,0.3,1.7,2.7,9.3,,vandeja01,11.6,0.578,0.237,0.316,8.3,17.7,13.2,7.7,2.9,0.7,17.7,11.7,0.3,0.8,1.1,0.089,-2.9,1.3,-1.6,0.0,8.1,0.474,0.272,0.018,0.0,0.586,0.685,0.452,0.0,,0.296,0.706,1.0,0.193,21,0.704,1,0
341,Shake Milton,27,3TM,SG,48,0,581,4.9,12.1,0.405,1.1,4.0,0.281,3.8,8.1,0.466,0.451,2.5,3.0,0.816,0.9,3.8,4.6,3.7,1.2,0.4,1.9,3.3,13.4,,miltosh01,9.2,0.499,0.328,0.251,2.8,11.5,7.3,14.4,1.6,0.9,12.5,18.7,-0.2,0.8,0.6,0.048,-4.3,0.6,-3.7,-0.3,12.6,0.215,0.226,0.205,0.026,0.466,0.69,0.295,0.4,0.6,0.281,0.639,0.944,0.0,0,0.391,1,0
341,Shake Milton,27,MIN,SG,38,0,491,4.7,11.7,0.4,1.0,3.9,0.264,3.7,7.8,0.467,0.444,2.6,3.2,0.818,0.5,3.2,3.7,3.7,1.2,0.4,2.1,3.2,13.1,,miltosh01,8.3,0.496,0.331,0.275,1.7,9.7,5.9,14.1,1.6,0.9,13.5,18.7,-0.3,0.7,0.4,0.039,-4.8,0.6,-4.2,-0.3,13.1,0.206,0.244,0.206,0.013,0.467,0.667,0.333,0.394,1.0,0.264,0.6,0.929,0.0,0,0.396,1,0
341,Shake Milton,27,DET,SG,4,0,63,6.3,14.9,0.423,1.7,5.1,0.333,4.6,9.7,0.471,0.481,1.1,1.7,0.667,4.0,6.3,10.3,3.4,1.1,0.6,1.7,1.7,15.4,,miltosh01,14.6,0.494,0.346,0.115,12.2,19.8,15.9,14.1,1.5,1.4,9.9,20.5,0.0,0.0,0.1,0.047,0.2,0.1,0.3,0.0,14.0,0.231,0.115,0.231,0.077,0.471,0.667,0.0,0.5,0.5,0.333,0.75,1.0,0.0,0,0.444,0,0
341,Shake Milton,27,NYK,SG,6,0,27,5.3,12.0,0.444,1.3,2.7,0.5,4.0,9.3,0.429,0.5,2.7,2.7,1.0,0.0,8.0,8.0,5.3,1.3,0.0,0.0,9.3,14.7,,miltosh01,13.8,0.557,0.222,0.222,0.0,25.0,12.5,20.9,1.9,0.0,0.0,15.8,0.1,0.0,0.1,0.201,-5.7,2.2,-3.5,0.0,10.7,0.333,0.222,0.111,0.111,0.429,1.0,0.0,0.0,0.0,0.5,1.0,1.0,0.0,0,0.0,0,0
342,Evan Fournier,31,2TM,SG,32,0,580,4.9,13.7,0.357,2.0,8.1,0.254,2.9,5.6,0.505,0.432,1.8,2.2,0.806,0.3,3.3,3.6,3.0,1.8,0.4,1.3,3.0,13.7,,fournev01,8.5,0.464,0.588,0.163,0.9,10.4,5.6,11.6,2.4,1.0,8.1,19.0,-0.5,0.4,-0.1,-0.005,-4.7,0.3,-4.3,-0.3,20.0,0.072,0.158,0.104,0.077,0.505,0.563,0.486,0.652,0.294,0.254,0.609,0.848,0.0,0,0.3,0,0
342,Evan Fournier,31,NYK,SG,3,0,39,3.7,18.5,0.2,1.8,13.8,0.133,1.8,4.6,0.4,0.25,1.8,1.8,1.0,0.0,3.7,3.7,2.8,3.7,0.0,0.9,3.7,11.1,,fournev01,2.2,0.287,0.75,0.1,0.0,11.6,5.8,10.2,5.2,0.0,4.6,24.2,-0.2,0.1,-0.1,-0.108,-11.8,0.4,-11.3,-0.1,21.5,0.05,0.05,0.1,0.05,0.4,1.0,0.0,0.5,0.0,0.133,0.5,1.0,0.0,0,0.267,0,0
342,Evan Fournier,31,DET,SG,29,0,541,5.0,13.4,0.373,2.1,7.7,0.27,2.9,5.7,0.512,0.45,1.8,2.3,0.794,0.3,3.3,3.6,3.0,1.7,0.5,1.3,2.9,13.8,,fournev01,8.9,0.482,0.572,0.169,1.0,10.3,5.6,11.7,2.2,1.1,8.5,18.6,-0.3,0.4,0.0,0.002,-4.2,0.3,-3.8,-0.3,18.6,0.075,0.169,0.104,0.08,0.512,0.533,0.5,0.667,0.313,0.27,0.614,0.839,0.0,0,0.304,0,0
343,Zeke Nnaji,23,DEN,PF,58,0,576,4.3,9.3,0.463,0.4,1.4,0.261,3.9,7.9,0.5,0.483,2.6,3.9,0.677,3.8,4.1,7.9,2.0,0.9,2.4,1.7,5.1,11.6,,nnajize01,12.4,0.528,0.154,0.416,12.1,12.2,12.1,7.0,1.3,5.6,13.3,15.4,0.4,0.8,1.2,0.099,-3.8,0.1,-3.7,-0.2,6.1,0.597,0.215,0.027,0.007,0.5,0.584,0.313,0.25,0.0,0.261,0.619,1.0,0.181,24,0.391,0,0
344,Trey Jemison,24,2TM,C,25,14,573,4.7,8.5,0.551,0.0,0.0,,4.7,8.5,0.551,0.551,1.3,1.6,0.84,4.0,4.4,8.4,1.7,0.8,1.8,2.1,4.3,10.7,,jemistr01,11.8,0.582,0.0,0.184,11.7,13.9,12.8,7.1,1.0,4.6,18.8,13.5,0.3,0.6,0.9,0.073,-4.7,-0.4,-5.1,-0.5,4.1,0.588,0.279,0.118,0.015,0.551,0.663,0.368,0.5,0.0,,0.56,,0.162,18,,0,0
344,Trey Jemison,24,WAS,C,2,0,1,0.0,0.0,,0.0,0.0,,0.0,0.0,,,0.0,0.0,,0.0,36.0,36.0,0.0,0.0,0.0,36.0,0.0,0.0,,jemistr01,-36.1,,,,0.0,100.0,53.5,0.0,0.0,0.0,100.0,42.1,0.0,0.0,0.0,-1.2,-30.3,-3.6,-33.9,0.0,,,,,,,,,,,,,,,0,,0,0
344,Trey Jemison,24,MEM,C,23,14,572,4.7,8.6,0.551,0.0,0.0,,4.7,8.6,0.551,0.551,1.3,1.6,0.84,4.0,4.3,8.4,1.7,0.8,1.8,2.1,4.3,10.8,,jemistr01,11.9,0.582,0.0,0.184,11.8,13.7,12.7,7.1,1.0,4.6,18.3,13.5,0.3,0.6,0.9,0.075,-4.7,-0.4,-5.1,-0.4,4.1,0.588,0.279,0.118,0.015,0.551,0.663,0.368,0.5,0.0,,0.56,,0.162,18,,0,0
345,Andre Jackson Jr.,22,MIL,SG,57,8,572,3.1,6.3,0.5,1.1,2.9,0.37,2.1,3.4,0.611,0.585,0.5,0.7,0.727,2.7,4.4,7.1,3.1,1.0,0.4,1.8,5.8,7.9,,jacksan01,8.5,0.596,0.46,0.11,8.4,13.1,10.8,10.8,1.3,0.9,21.1,10.0,0.5,0.5,1.0,0.081,-3.6,0.0,-3.6,-0.2,13.8,0.27,0.15,0.1,0.02,0.611,0.741,0.267,0.7,1.0,0.37,0.515,1.0,0.16,16,0.63,0,0
346,Jared Butler,23,WAS,SG,40,0,566,6.2,12.8,0.488,1.5,5.0,0.308,4.7,7.8,0.602,0.547,2.0,2.3,0.861,0.6,3.1,3.7,8.0,1.8,0.5,3.2,3.7,16.0,,butleja02,14.1,0.579,0.388,0.179,1.7,9.5,5.5,30.9,2.4,1.2,18.7,19.9,0.3,0.3,0.6,0.054,-1.5,-0.5,-2.1,0.0,13.9,0.214,0.328,0.05,0.02,0.602,0.86,0.424,0.7,0.5,0.308,0.365,0.667,0.01,2,0.154,3,0
347,Kevin Knox,24,DET,SF,31,11,560,5.5,12.0,0.462,2.0,6.0,0.33,3.5,5.9,0.598,0.546,1.3,1.4,0.909,1.2,3.7,4.8,1.5,0.8,0.5,1.4,3.2,14.3,,knoxke01,9.9,0.57,0.505,0.118,3.5,11.5,7.5,5.9,1.1,1.1,10.1,16.6,0.1,0.2,0.4,0.033,-2.8,-1.8,-4.6,-0.4,15.6,0.188,0.194,0.081,0.032,0.598,0.686,0.583,0.6,0.167,0.33,0.782,0.968,0.124,20,0.372,0,0
348,Lamar Stevens,26,2TM,PF,38,3,559,7.0,15.5,0.45,0.9,3.0,0.304,6.1,12.5,0.485,0.479,2.7,3.5,0.778,2.3,5.9,8.2,1.8,1.5,1.4,1.5,2.9,17.5,,stevela01,14.6,0.516,0.192,0.225,6.9,18.2,12.4,7.9,2.0,3.6,8.3,22.2,0.0,0.8,0.8,0.068,-2.2,-0.1,-2.2,0.0,9.8,0.308,0.242,0.188,0.071,0.485,0.622,0.414,0.4,0.353,0.304,0.543,1.0,0.1,21,0.565,1,0
348,Lamar Stevens,26,BOS,PF,19,1,122,6.2,13.3,0.467,0.9,2.4,0.375,5.3,10.9,0.486,0.5,2.4,3.2,0.727,3.5,5.6,9.1,2.4,1.8,1.5,2.7,4.1,15.6,,stevela01,14.5,0.532,0.178,0.244,11.1,16.1,13.7,8.9,2.4,3.6,15.3,21.0,0.0,0.2,0.2,0.093,-2.9,0.9,-2.0,0.0,8.7,0.444,0.222,0.089,0.067,0.486,0.75,0.1,0.0,0.667,0.375,0.667,1.0,0.178,7,0.75,0,0
348,Lamar Stevens,26,MEM,PF,19,2,437,7.2,16.1,0.446,0.9,3.1,0.289,6.3,12.9,0.484,0.474,2.8,3.5,0.791,2.0,5.9,7.9,1.6,1.4,1.4,1.2,2.6,18.0,,stevela01,14.7,0.512,0.195,0.221,5.8,18.8,12.0,7.7,1.9,3.6,6.6,22.5,0.0,0.6,0.6,0.061,-2.0,-0.3,-2.3,0.0,10.9,0.277,0.246,0.21,0.072,0.484,0.574,0.479,0.439,0.286,0.289,0.513,1.0,0.082,14,0.526,1,0
349,Richaun Holmes,30,2TM,C,40,10,555,5.3,9.5,0.558,0.1,0.2,0.333,5.3,9.3,0.563,0.561,2.2,3.0,0.723,4.6,7.2,11.8,1.6,0.7,1.2,1.6,4.8,12.9,,holmeri01,14.5,0.593,0.02,0.32,13.7,21.8,17.7,6.0,0.9,2.9,12.5,14.7,0.8,0.5,1.3,0.114,-2.4,-0.8,-3.3,-0.2,3.7,0.578,0.361,0.041,0.0,0.563,0.694,0.396,0.167,,0.333,0.716,1.0,0.204,28,0.667,0,0
349,Richaun Holmes,30,DAL,C,23,2,237,5.0,9.0,0.559,0.0,0.0,,5.0,9.0,0.559,0.559,1.8,3.2,0.571,5.0,6.8,11.8,2.3,0.5,1.4,1.8,5.0,11.8,,holmeri01,13.9,0.572,0.0,0.356,15.3,20.7,18.0,8.4,0.6,3.3,15.0,14.5,0.3,0.3,0.6,0.119,-2.4,-0.6,-3.0,-0.1,3.1,0.678,0.305,0.017,0.0,0.559,0.675,0.333,0.0,,,0.606,,0.169,10,,0,0
349,Richaun Holmes,30,WAS,PF,17,8,318,5.5,10.0,0.557,0.1,0.3,0.333,5.4,9.6,0.565,0.563,2.5,2.9,0.846,4.3,7.5,11.8,1.1,0.9,1.1,1.4,4.6,13.7,,holmeri01,14.9,0.608,0.034,0.295,12.5,22.7,17.5,4.3,1.2,2.6,10.8,14.8,0.5,0.2,0.7,0.11,-2.4,-1.0,-3.4,-0.1,4.4,0.511,0.398,0.057,0.0,0.565,0.711,0.429,0.2,,0.333,0.792,1.0,0.227,18,0.667,0,0
350,Tristan Thompson,32,CLE,C,49,0,549,4.8,7.9,0.608,0.0,0.1,0.0,4.8,7.8,0.613,0.608,1.0,3.4,0.288,4.8,6.6,11.4,3.3,0.8,0.9,1.9,3.9,10.6,,thomptr01,13.9,0.563,0.008,0.433,15.1,20.4,17.8,12.7,1.1,2.3,16.9,13.8,0.6,0.8,1.4,0.119,-2.1,0.6,-1.4,0.1,3.4,0.658,0.3,0.033,0.0,0.613,0.684,0.472,0.5,,0.0,0.548,,0.2,20,0.0,1,0
351,Julian Strawther,21,DEN,SF,50,0,545,5.4,14.7,0.369,2.7,9.1,0.297,2.7,5.5,0.488,0.462,1.5,2.0,0.71,0.3,3.7,4.0,3.1,1.1,0.5,1.5,3.6,15.0,,strawju01,8.2,0.482,0.622,0.14,1.0,11.1,6.2,11.3,1.5,1.1,8.9,20.7,-0.4,0.6,0.2,0.015,-4.6,-1.4,-6.0,-0.6,18.6,0.131,0.144,0.086,0.018,0.488,0.621,0.469,0.368,0.25,0.297,0.659,0.951,0.009,2,0.116,0,0
352,Omer Yurtseven,25,UTA,C,48,12,545,6.5,12.2,0.538,0.3,1.6,0.208,6.2,10.6,0.588,0.552,1.3,1.8,0.679,4.8,9.0,13.7,1.9,0.5,1.2,2.4,3.4,14.7,,yurtsom01,15.0,0.565,0.13,0.152,14.7,27.3,21.0,7.7,0.7,2.9,15.9,17.9,0.3,0.4,0.7,0.062,-1.6,-1.5,-3.0,-0.1,7.4,0.332,0.467,0.049,0.022,0.588,0.738,0.5,0.444,0.5,0.208,0.66,1.0,0.185,29,0.458,0,0
353,Vit Krejci,23,ATL,PG,22,14,541,3.4,6.9,0.49,1.9,4.5,0.412,1.5,2.4,0.639,0.625,0.3,0.4,0.833,0.7,2.7,3.5,3.3,0.9,0.4,1.3,3.2,9.0,,krejcvi01,8.4,0.633,0.654,0.058,2.1,8.6,5.2,11.6,1.2,1.0,15.8,9.8,0.5,0.1,0.6,0.056,-3.3,-0.4,-3.7,-0.2,18.8,0.144,0.115,0.067,0.019,0.639,0.667,0.583,0.714,0.5,0.412,0.696,0.929,0.038,4,0.279,0,0
354,Bones Hyland,23,LAC,PG,37,5,540,6.5,16.7,0.386,2.9,9.0,0.326,3.5,7.7,0.457,0.474,1.2,1.5,0.783,0.3,3.3,3.7,6.2,1.7,0.3,2.9,3.4,17.1,,hylanbo01,10.8,0.49,0.538,0.092,1.1,10.1,5.7,24.5,2.4,0.7,14.4,24.8,-0.5,0.5,0.0,0.003,-2.8,-0.8,-3.6,-0.2,17.5,0.135,0.203,0.084,0.04,0.457,0.647,0.412,0.333,0.3,0.326,0.302,0.5,0.008,2,0.126,1,0
355,Jalen McDaniels,26,TOR,SF,50,1,538,4.3,12.6,0.344,0.8,4.8,0.169,3.5,7.9,0.449,0.376,1.8,2.5,0.73,1.2,4.1,5.3,2.5,1.3,0.4,2.0,3.5,11.3,,mcdanja01,5.0,0.412,0.376,0.196,3.6,12.7,8.1,9.1,1.7,1.0,12.8,18.7,-1.1,0.3,-0.8,-0.074,-7.2,-1.8,-9.0,-1.0,12.9,0.201,0.339,0.063,0.021,0.449,0.553,0.453,0.25,0.0,0.169,0.679,0.917,0.042,7,0.296,0,0
356,Scotty Pippen Jr.,23,MEM,PG,21,16,527,6.8,13.9,0.493,2.0,4.9,0.417,4.8,8.9,0.534,0.567,2.8,3.8,0.745,1.5,3.1,4.6,6.7,2.5,0.7,3.8,4.1,18.5,,pippesc02,16.4,0.596,0.355,0.271,4.4,9.7,7.0,30.7,3.3,1.8,19.8,23.0,0.3,0.7,1.0,0.09,-0.1,1.4,1.3,0.4,12.6,0.32,0.182,0.118,0.025,0.534,0.646,0.432,0.417,0.4,0.417,0.414,0.833,0.025,4,0.097,0,0
357,Sasha Vezenkov,28,SAC,PF,42,0,511,5.9,13.5,0.44,3.2,8.5,0.375,2.7,5.0,0.549,0.558,0.8,1.1,0.8,2.1,4.6,6.8,1.3,1.4,0.5,0.8,3.0,15.9,,vezenal01,13.3,0.569,0.628,0.079,6.4,14.8,10.5,5.1,1.9,1.3,5.7,17.5,0.5,0.5,1.0,0.098,-0.2,-0.7,-0.9,0.1,17.7,0.199,0.141,0.021,0.01,0.549,0.763,0.333,0.0,0.5,0.375,0.795,0.978,0.005,1,0.308,1,0
358,Danuel House Jr.,30,PHI,SF,34,4,509,3.3,7.4,0.448,1.1,3.5,0.3,2.3,3.9,0.582,0.519,2.5,3.3,0.761,1.1,3.0,4.1,2.0,1.1,0.4,1.3,3.2,10.2,,houseda01,8.5,0.575,0.476,0.438,3.4,9.3,6.3,7.2,1.5,0.9,13.2,12.2,0.3,0.4,0.7,0.066,-3.4,-0.5,-4.0,-0.3,14.5,0.343,0.124,0.019,0.038,0.582,0.694,0.308,1.0,0.25,0.3,0.719,0.933,0.038,4,0.48,2,0
359,Mark Williams,22,CHO,C,19,19,508,6.9,10.7,0.649,0.0,0.0,,6.9,10.7,0.649,0.649,3.3,4.5,0.719,5.4,7.7,13.0,1.6,1.1,1.4,1.2,3.5,17.1,,willima07,22.5,0.675,0.0,0.424,16.3,24.6,20.4,6.8,1.6,3.7,8.7,17.1,1.6,0.5,2.1,0.198,1.6,-0.8,0.8,0.3,2.6,0.742,0.245,0.013,0.0,0.649,0.741,0.378,0.5,,,0.633,,0.331,47,,0,0
360,Jaden Springer,21,2TM,SG,49,2,507,4.2,10.5,0.399,0.7,3.4,0.208,3.5,7.1,0.49,0.432,2.5,3.0,0.833,2.3,3.2,5.5,3.1,2.6,1.1,2.4,4.7,11.6,,sprinja01,10.7,0.49,0.324,0.284,7.1,9.8,8.4,11.5,3.5,2.7,17.0,17.1,-0.3,0.8,0.6,0.052,-4.9,1.5,-3.4,-0.2,12.5,0.284,0.243,0.115,0.034,0.49,0.69,0.306,0.412,0.4,0.208,0.429,0.9,0.054,8,0.438,0,0
360,Jaden Springer,21,PHI,SG,32,1,377,4.4,11.3,0.39,0.8,3.5,0.216,3.6,7.7,0.469,0.424,2.7,3.2,0.824,2.4,3.2,5.5,3.3,2.4,1.1,2.5,4.7,12.2,,sprinja01,10.6,0.481,0.314,0.288,7.2,9.8,8.5,12.6,3.3,2.7,16.4,18.2,-0.2,0.5,0.3,0.038,-4.5,1.0,-3.4,-0.1,12.0,0.314,0.22,0.11,0.042,0.469,0.649,0.269,0.385,0.4,0.216,0.474,0.875,0.059,7,0.486,0,0
360,Jaden Springer,21,BOS,SG,17,1,130,3.6,8.3,0.433,0.6,3.0,0.182,3.0,5.3,0.579,0.467,1.9,2.2,0.875,2.2,3.3,5.5,2.5,3.0,1.1,2.2,4.7,9.7,,sprinja01,10.9,0.522,0.367,0.267,6.9,9.6,8.3,8.6,4.2,2.7,19.3,13.9,0.0,0.3,0.2,0.092,-6.0,2.8,-3.2,0.0,13.0,0.167,0.333,0.133,0.0,0.579,1.0,0.4,0.5,,0.182,0.273,1.0,0.033,1,0.273,0,0
361,Patrick Baldwin Jr.,21,WAS,SF,38,7,493,4.3,11.3,0.381,2.3,7.1,0.32,2.0,4.2,0.483,0.481,1.4,2.0,0.679,1.2,7.7,9.0,2.1,1.3,1.1,1.4,4.1,12.3,,baldwpa01,9.7,0.502,0.626,0.181,3.6,23.5,13.3,7.6,1.7,2.5,10.2,15.9,-0.3,0.5,0.2,0.019,-4.0,-0.6,-4.6,-0.3,18.0,0.219,0.097,0.026,0.032,0.483,0.676,0.267,0.25,0.0,0.32,0.714,1.0,0.058,9,0.165,0,0
362,Robert Covington,33,2TM,SF,29,6,488,3.2,7.2,0.439,1.4,4.1,0.339,1.8,3.1,0.571,0.536,1.6,1.9,0.846,2.3,4.9,7.2,1.8,2.9,1.3,0.8,4.1,9.4,,covinro01,13.6,0.58,0.571,0.265,6.9,15.2,11.0,6.3,3.9,3.4,9.1,10.7,0.6,0.9,1.5,0.145,-1.1,3.2,2.2,0.5,19.0,0.245,0.143,0.031,0.01,0.571,0.625,0.571,0.333,0.0,0.339,0.75,1.0,0.031,3,0.268,0,0
362,Robert Covington,33,LAC,PF,3,3,69,1.6,4.7,0.333,1.0,4.2,0.25,0.5,0.5,1.0,0.444,0.5,1.0,0.5,1.0,3.1,4.2,3.7,3.1,1.0,0.0,3.7,4.7,,covinro01,10.6,0.455,0.889,0.222,3.4,9.5,6.5,12.1,4.3,2.6,0.0,6.3,0.1,0.1,0.2,0.124,-2.3,4.5,2.3,0.1,22.2,0.111,0.0,0.0,0.0,1.0,1.0,,,,0.25,1.0,1.0,0.111,1,0.375,0,0
362,Robert Covington,33,PHI,SF,26,3,419,3.4,7.6,0.449,1.5,4.1,0.354,2.0,3.5,0.561,0.545,1.8,2.1,0.875,2.5,5.2,7.6,1.5,2.8,1.4,0.9,4.2,10.1,,covinro01,14.1,0.593,0.539,0.27,7.5,16.1,11.7,5.3,3.9,3.5,9.9,11.4,0.5,0.8,1.3,0.149,-0.9,3.0,2.2,0.4,15.8,0.258,0.157,0.034,0.011,0.561,0.609,0.571,0.333,0.0,0.354,0.739,1.0,0.022,2,0.25,0,0
363,P.J. Tucker,38,2TM,PF,31,10,486,1.3,3.7,0.36,1.0,2.6,0.371,0.4,1.1,0.333,0.49,0.2,0.2,1.0,2.1,4.2,6.3,1.2,1.2,0.5,0.6,4.0,3.9,,tuckepj01,5.9,0.507,0.7,0.06,6.7,12.9,9.8,3.9,1.6,1.3,13.5,5.3,0.2,0.5,0.7,0.068,-4.0,0.4,-3.6,-0.2,20.5,0.14,0.1,0.02,0.04,0.333,0.571,0.0,0.0,0.5,0.371,0.6,1.0,0.0,0,0.971,0,0
363,P.J. Tucker,38,PHI,PF,3,3,66,1.1,2.7,0.4,1.1,2.7,0.4,0.0,0.0,,0.6,0.0,0.0,,0.5,7.1,7.6,0.0,1.6,1.1,1.1,4.9,3.3,,tuckepj01,4.7,0.6,1.0,0.0,1.6,22.1,11.7,0.0,2.2,2.8,28.6,4.6,0.0,0.1,0.1,0.053,-5.2,1.2,-4.0,0.0,23.5,0.0,0.0,0.0,0.0,,,,,,0.4,,1.0,0.0,0,1.0,0,0
363,P.J. Tucker,38,LAC,PF,28,7,420,1.4,3.9,0.356,0.9,2.6,0.367,0.4,1.3,0.333,0.478,0.3,0.3,1.0,2.3,3.8,6.1,1.4,1.1,0.4,0.5,3.9,3.9,,tuckepj01,6.1,0.497,0.667,0.067,7.5,11.4,9.5,4.5,1.5,1.1,11.5,5.5,0.3,0.3,0.6,0.07,-3.9,0.3,-3.5,-0.2,17.6,0.156,0.111,0.022,0.044,0.333,0.571,0.0,0.0,0.5,0.367,0.6,1.0,0.0,0,0.967,0,0
364,Tari Eason,22,HOU,PF,22,0,480,6.6,14.2,0.466,1.4,3.7,0.36,5.2,10.4,0.504,0.513,1.6,2.5,0.636,3.4,8.0,11.5,2.0,2.3,1.4,1.5,3.8,16.1,,easonta01,17.1,0.528,0.265,0.175,10.2,24.2,17.1,8.3,3.1,3.6,8.9,19.8,0.3,1.0,1.3,0.125,-0.4,2.0,1.6,0.4,9.9,0.434,0.185,0.069,0.048,0.504,0.561,0.371,0.462,0.556,0.36,0.471,1.0,0.122,20,0.3,0,0
365,Monte Morris,28,2TM,PG,33,0,476,4.7,11.6,0.405,2.0,5.3,0.386,2.6,6.3,0.422,0.493,1.0,1.4,0.684,0.5,3.8,4.3,5.2,1.4,0.7,0.5,1.1,12.4,,morrimo01,13.2,0.508,0.458,0.124,1.7,11.5,6.8,20.0,2.0,1.7,4.2,15.5,0.5,0.7,1.2,0.123,-0.8,1.5,0.7,0.3,17.5,0.111,0.098,0.203,0.131,0.422,0.588,0.2,0.419,0.45,0.386,0.314,0.926,0.0,0,0.3,2,0
365,Monte Morris,28,DET,PG,6,0,68,6.4,17.5,0.364,1.1,5.8,0.182,5.3,11.6,0.455,0.394,0.5,1.1,0.5,1.1,5.3,6.4,4.2,0.5,0.5,1.1,0.5,14.3,,morrimo01,8.5,0.398,0.333,0.061,3.2,16.7,9.8,17.5,0.7,1.3,5.6,22.5,-0.1,0.0,-0.1,-0.065,-4.7,-2.2,-6.9,-0.1,17.2,0.152,0.182,0.182,0.152,0.455,0.4,0.5,0.667,0.2,0.182,0.3,0.5,0.0,0,0.273,2,0
365,Monte Morris,28,MIN,PG,27,0,408,4.4,10.6,0.417,2.2,5.2,0.424,2.2,5.4,0.41,0.521,1.1,1.5,0.706,0.4,3.5,4.0,5.4,1.6,0.7,0.4,1.1,12.1,,morrimo01,13.9,0.537,0.492,0.142,1.5,10.6,6.3,20.4,2.2,1.7,3.8,14.3,0.6,0.7,1.3,0.154,-0.2,2.2,2.0,0.4,17.8,0.1,0.075,0.208,0.125,0.41,0.667,0.0,0.36,0.533,0.424,0.32,0.96,0.0,0,0.305,0,0
366,Bol Bol,24,PHO,PF,43,0,469,7.1,11.6,0.616,1.7,4.0,0.423,5.4,7.6,0.717,0.689,1.2,1.5,0.789,2.5,8.1,10.5,1.3,0.8,1.9,1.5,3.2,17.1,,bolbo01,18.7,0.7,0.344,0.126,8.1,24.1,16.5,5.3,1.0,4.7,10.7,16.5,1.0,0.7,1.6,0.168,1.4,0.8,2.1,0.5,13.4,0.185,0.272,0.146,0.053,0.717,0.929,0.683,0.591,0.5,0.423,0.789,1.0,0.106,15,0.596,0,0
367,Isaiah Livers,25,DET,PF,23,6,469,3.1,8.9,0.345,1.7,5.9,0.286,1.4,3.0,0.462,0.44,0.9,1.4,0.667,1.2,2.5,3.7,1.9,1.0,0.4,1.2,3.3,8.8,,liveris01,5.1,0.46,0.664,0.155,3.5,8.0,5.7,7.0,1.3,0.9,11.4,12.7,-0.3,0.2,-0.1,-0.015,-5.0,-1.5,-6.5,-0.5,19.2,0.155,0.086,0.017,0.078,0.462,0.667,0.3,0.0,0.333,0.286,0.778,1.0,0.034,4,0.364,1,0
368,Anthony Gill,31,WAS,PF,50,3,466,5.8,12.4,0.469,0.8,3.2,0.244,5.0,9.2,0.546,0.5,2.2,2.8,0.806,2.9,4.4,7.3,2.6,1.0,0.8,1.8,3.7,14.6,,gillan01,12.1,0.537,0.256,0.225,8.3,13.4,10.8,10.0,1.3,1.9,11.6,18.0,0.1,0.2,0.4,0.038,-2.6,-1.5,-4.1,-0.3,9.5,0.356,0.338,0.044,0.006,0.546,0.667,0.426,0.429,1.0,0.244,0.692,1.0,0.038,5,0.293,0,0
369,Yuta Watanabe,29,2TM,SF,34,0,464,3.2,9.0,0.353,1.9,6.6,0.294,1.2,2.4,0.516,0.461,0.8,1.3,0.588,0.9,3.3,4.2,1.2,0.9,0.5,1.5,3.0,9.1,,watanyu01,4.7,0.474,0.733,0.147,2.8,10.1,6.5,4.2,1.3,1.3,13.3,13.3,-0.5,0.4,-0.1,-0.009,-5.3,-1.1,-6.4,-0.5,18.7,0.095,0.103,0.043,0.026,0.516,0.818,0.333,0.6,0.0,0.294,0.563,1.0,0.043,5,0.412,0,0
369,Yuta Watanabe,29,PHO,SF,29,0,382,3.3,9.1,0.361,2.3,7.1,0.32,1.0,2.1,0.5,0.485,0.9,1.4,0.667,1.0,3.2,4.2,0.9,0.8,0.7,1.5,3.2,9.8,,watanyu01,5.4,0.502,0.773,0.155,3.4,9.6,6.7,3.3,1.2,1.6,13.4,13.6,-0.3,0.3,0.0,0.004,-4.6,-1.4,-6.0,-0.4,20.7,0.093,0.082,0.031,0.021,0.5,0.778,0.25,0.667,0.0,0.32,0.545,1.0,0.031,3,0.413,0,0
369,Yuta Watanabe,29,MEM,SF,5,0,82,2.6,8.3,0.316,0.4,4.4,0.1,2.2,4.0,0.556,0.342,0.0,0.9,0.0,0.0,4.0,4.0,2.2,1.3,0.0,1.3,2.2,5.7,,watanyu01,1.5,0.327,0.526,0.105,0.0,12.5,6.0,8.4,1.8,0.0,13.1,12.0,-0.2,0.1,-0.1,-0.074,-8.5,0.0,-8.6,-0.1,16.6,0.105,0.211,0.105,0.053,0.556,1.0,0.5,0.5,0.0,0.1,0.6,1.0,0.105,2,0.4,0,0
370,Nassir Little,23,PHO,SF,45,2,458,4.5,9.7,0.46,1.7,5.5,0.3,2.8,4.2,0.667,0.544,1.3,1.6,0.85,1.1,4.8,5.9,1.7,0.8,0.8,1.1,3.1,11.9,,littlna01,9.9,0.572,0.565,0.161,3.6,14.3,9.3,6.1,1.1,1.9,9.5,13.9,0.3,0.4,0.7,0.074,-2.4,-0.6,-3.0,-0.1,16.4,0.21,0.161,0.032,0.032,0.667,0.769,0.6,0.25,0.75,0.3,0.722,1.0,0.097,12,0.357,0,0
371,Sandro Mamukelashvili,24,SAS,C,46,5,451,5.8,12.4,0.471,1.5,5.1,0.297,4.3,7.3,0.593,0.532,2.0,2.7,0.735,3.6,8.1,11.7,3.9,0.6,1.0,1.5,2.8,15.2,,mamuksa01,15.8,0.559,0.413,0.219,10.7,24.7,17.6,15.4,0.7,2.2,10.1,17.7,0.6,0.4,1.0,0.11,-0.1,-0.4,-0.5,0.2,13.4,0.323,0.213,0.045,0.006,0.593,0.66,0.515,0.429,1.0,0.297,0.611,1.0,0.077,10,0.297,3,0
372,Alex Len,30,SAC,C,48,0,444,4.1,6.6,0.617,0.0,0.2,0.0,4.1,6.3,0.641,0.617,1.6,2.8,0.588,3.7,6.6,10.4,4.1,0.9,2.7,2.2,5.4,9.7,,lenal01,14.7,0.625,0.037,0.42,11.3,21.2,16.1,14.4,1.2,6.8,22.0,11.8,0.6,0.7,1.3,0.138,-2.7,2.9,0.2,0.2,4.9,0.506,0.37,0.062,0.025,0.641,0.805,0.433,0.4,1.0,0.0,0.72,,0.321,20,0.333,0,0
373,Thomas Bryant,26,MIA,C,38,4,441,7.0,12.2,0.577,0.3,1.8,0.182,6.7,10.4,0.646,0.591,3.3,3.8,0.872,3.3,8.2,11.5,1.9,0.8,1.3,1.7,3.8,17.7,,bryanth01,19.0,0.639,0.148,0.315,10.2,26.2,18.1,8.3,1.1,3.5,11.0,19.3,0.9,0.8,1.6,0.177,-0.6,0.2,-0.4,0.2,7.5,0.43,0.315,0.06,0.047,0.646,0.766,0.596,0.444,0.143,0.182,0.695,1.0,0.248,34,0.273,0,0
374,Thaddeus Young,35,2TM,PF,33,6,439,5.3,8.9,0.602,0.1,0.6,0.143,5.2,8.3,0.634,0.606,0.5,1.2,0.4,3.8,4.7,8.4,4.7,1.9,0.4,1.2,4.0,11.2,,youngth01,15.9,0.598,0.065,0.139,11.7,14.5,13.0,17.9,2.5,1.0,11.6,12.6,0.9,0.4,1.3,0.138,-0.5,0.8,0.3,0.2,4.6,0.528,0.333,0.065,0.009,0.634,0.667,0.611,0.429,1.0,0.143,0.734,1.0,0.046,5,0.571,0,0
374,Thaddeus Young,35,TOR,PF,23,6,350,5.6,8.9,0.621,0.1,0.6,0.167,5.5,8.3,0.654,0.626,0.5,1.2,0.417,3.0,4.7,7.7,5.1,1.9,0.3,1.1,3.9,11.7,,youngth01,16.0,0.618,0.069,0.138,8.9,14.8,11.8,19.8,2.5,0.8,10.7,12.6,0.7,0.3,1.0,0.138,-0.2,0.9,0.6,0.2,4.9,0.517,0.333,0.069,0.011,0.654,0.689,0.621,0.5,1.0,0.167,0.755,1.0,0.057,5,0.5,0,0
374,Thaddeus Young,35,PHO,PF,10,0,89,4.4,8.5,0.524,0.0,0.4,0.0,4.4,8.1,0.55,0.524,0.4,1.2,0.333,6.9,4.4,11.3,2.8,2.0,0.8,1.6,4.4,9.3,,youngth01,15.1,0.515,0.048,0.143,22.8,13.3,17.8,10.4,2.7,2.0,15.2,12.8,0.1,0.1,0.3,0.137,-1.5,0.6,-0.9,0.0,4.2,0.571,0.333,0.048,0.0,0.55,0.583,0.571,0.0,,0.0,0.636,,0.0,0,1.0,0,0
375,Skylar Mays,26,2TM,PG,38,5,433,5.2,13.2,0.396,1.3,4.5,0.296,3.9,8.7,0.448,0.447,1.1,1.4,0.765,0.8,2.7,3.6,7.1,1.7,0.3,1.7,2.2,12.9,,mayssk01,12.0,0.466,0.34,0.107,2.5,8.9,5.6,29.1,2.4,0.8,10.7,18.4,0.1,0.3,0.4,0.044,-2.1,0.1,-2.0,0.0,12.4,0.201,0.264,0.151,0.044,0.448,0.406,0.476,0.375,0.714,0.296,0.277,0.875,0.038,4,0.148,0,0
375,Skylar Mays,26,POR,PG,21,5,356,5.4,14.0,0.384,1.4,5.0,0.286,3.9,9.0,0.438,0.435,1.3,1.7,0.765,0.9,2.8,3.7,7.6,1.4,0.3,1.8,2.0,13.4,,mayssk01,11.9,0.457,0.355,0.123,2.7,9.4,5.8,31.8,1.9,0.8,11.0,19.5,0.0,0.2,0.3,0.034,-1.8,-0.5,-2.3,0.0,13.7,0.203,0.246,0.152,0.043,0.438,0.393,0.441,0.429,0.667,0.286,0.179,0.857,0.029,2,0.122,0,0
375,Skylar Mays,26,LAL,SG,17,0,77,4.7,9.8,0.476,0.9,2.3,0.4,3.7,7.5,0.5,0.524,0.0,0.0,,0.5,2.3,2.8,4.7,3.3,0.5,0.9,2.8,10.3,,mayssk01,12.3,0.524,0.238,0.0,1.5,6.9,4.3,16.8,4.3,1.1,8.7,12.9,0.0,0.1,0.1,0.092,-3.5,2.9,-0.6,0.0,11.2,0.19,0.381,0.143,0.048,0.5,0.5,0.625,0.0,1.0,0.4,0.75,1.0,0.095,2,0.4,0,0
376,Chuma Okeke,25,ORL,SF,47,8,432,3.3,9.3,0.357,1.9,6.8,0.28,1.4,2.5,0.567,0.46,0.3,0.6,0.571,1.5,5.2,6.7,1.7,0.7,0.6,1.3,1.6,8.9,,okekech01,6.9,0.465,0.732,0.063,4.9,17.0,10.9,6.2,1.0,1.5,12.2,13.3,-0.3,0.6,0.3,0.029,-3.2,-0.2,-3.4,-0.2,20.2,0.107,0.116,0.018,0.027,0.567,0.917,0.385,0.0,0.333,0.28,0.765,0.957,0.045,4,0.293,1,0
377,Dominick Barlow,20,SAS,PF,33,1,420,4.8,9.7,0.496,0.3,0.8,0.333,4.5,8.9,0.51,0.509,2.5,3.6,0.69,3.9,5.8,9.7,3.1,1.0,1.2,0.8,4.0,12.3,,barlodo01,14.6,0.548,0.08,0.372,11.5,17.7,14.5,11.7,1.4,2.8,6.4,14.1,0.7,0.4,1.1,0.126,-1.7,0.0,-1.7,0.0,7.4,0.398,0.257,0.221,0.044,0.51,0.578,0.483,0.48,0.2,0.333,0.698,1.0,0.088,9,0.889,0,0
378,Reggie Bullock,32,HOU,SF,44,0,417,2.9,7.1,0.415,2.3,5.8,0.403,0.6,1.3,0.467,0.579,0.1,0.1,1.0,0.5,5.8,6.3,1.3,1.0,0.4,0.9,2.5,8.3,,bullore01,7.7,0.582,0.817,0.012,1.5,17.4,9.4,4.6,1.4,1.1,10.8,9.4,0.1,0.5,0.6,0.072,-2.9,0.5,-2.4,0.0,22.1,0.049,0.037,0.049,0.049,0.467,1.0,0.333,0.25,0.25,0.403,1.0,0.963,0.0,0,0.433,0,0
379,Patty Mills,35,2TM,PG,32,5,415,4.0,11.4,0.351,2.1,7.5,0.276,1.9,3.8,0.5,0.443,1.0,1.0,1.0,0.8,2.3,3.0,2.9,1.7,0.1,1.4,2.8,11.0,,millspa02,7.2,0.467,0.664,0.084,2.3,7.1,4.7,11.1,2.4,0.2,10.5,15.9,-0.3,0.4,0.1,0.009,-5.0,0.4,-4.6,-0.3,20.2,0.046,0.122,0.069,0.099,0.5,0.833,0.313,0.556,0.538,0.276,0.545,0.958,0.0,0,0.276,0,0
379,Patty Mills,35,ATL,PG,19,0,202,3.4,9.1,0.373,2.3,6.1,0.382,1.1,3.0,0.353,0.5,0.0,0.0,,0.9,2.7,3.6,2.5,1.6,0.2,1.4,3.0,9.1,,millspa02,6.6,0.5,0.667,0.0,2.6,8.4,5.4,8.7,2.1,0.4,13.6,12.2,-0.1,0.1,0.0,0.008,-4.1,0.4,-3.8,-0.1,20.4,0.039,0.118,0.078,0.098,0.353,0.5,0.167,0.5,0.4,0.382,0.667,1.0,0.0,0,0.412,0,0
379,Patty Mills,35,MIA,PG,13,5,213,4.6,13.5,0.338,1.9,9.0,0.208,2.7,4.6,0.593,0.406,1.9,1.9,1.0,0.7,1.9,2.5,3.4,1.9,0.0,1.4,2.5,12.8,,millspa02,7.9,0.448,0.663,0.138,2.1,5.9,4.0,13.4,2.6,0.0,8.6,19.4,-0.2,0.3,0.0,0.009,-5.8,0.5,-5.3,-0.2,20.0,0.05,0.125,0.063,0.1,0.593,1.0,0.4,0.6,0.625,0.208,0.5,0.909,0.0,0,0.189,0,0
380,Trent Forrest,25,ATL,SG,38,0,414,3.0,7.8,0.378,0.2,0.9,0.2,2.8,7.0,0.4,0.389,1.1,1.5,0.765,1.0,3.5,4.4,8.0,1.0,0.3,1.7,2.2,7.2,,forretr01,8.9,0.426,0.111,0.189,2.8,10.9,6.7,27.6,1.3,0.7,17.0,11.8,0.1,0.1,0.2,0.027,-3.8,-0.7,-4.4,-0.3,8.4,0.244,0.467,0.178,0.0,0.4,0.591,0.238,0.563,,0.2,0.281,1.0,0.011,1,0.4,0,0
381,Svi Mykhailiuk,26,BOS,SF,41,2,413,5.0,11.9,0.416,3.7,9.4,0.389,1.3,2.5,0.517,0.569,0.5,0.8,0.667,1.0,3.5,4.4,3.1,1.0,0.1,1.0,1.7,14.1,,mykhasv01,11.7,0.575,0.788,0.066,3.0,10.0,6.7,11.0,1.3,0.2,7.8,16.1,0.5,0.4,0.9,0.106,-0.9,-0.9,-1.8,0.0,21.9,0.109,0.036,0.051,0.015,0.517,0.667,0.8,0.143,0.0,0.389,0.733,0.929,0.036,3,0.278,1,0
382,Wesley Matthews,37,ATL,SG,36,3,413,3.0,8.5,0.351,2.1,6.0,0.348,0.9,2.4,0.357,0.474,1.6,2.1,0.75,0.8,3.8,4.6,2.0,1.4,1.0,0.7,3.7,9.6,,matthwe02,8.2,0.511,0.711,0.247,2.3,12.1,7.0,6.9,1.9,2.4,6.9,11.7,0.2,0.3,0.4,0.049,-3.1,0.3,-2.8,-0.1,19.7,0.113,0.082,0.082,0.01,0.357,0.455,0.375,0.25,0.0,0.348,0.9,0.958,0.0,0,0.391,0,0
383,Aleksej Pokusevski,22,2TM,PF,28,0,405,4.4,10.8,0.405,1.6,4.9,0.327,2.8,5.9,0.47,0.479,2.7,3.6,0.732,1.5,6.4,7.9,3.1,1.3,1.2,1.7,2.0,13.0,,pokusal01,12.7,0.525,0.455,0.339,4.6,20.4,12.3,12.0,1.8,3.0,12.0,17.2,0.0,0.4,0.4,0.05,-1.8,-0.1,-1.9,0.0,16.8,0.231,0.207,0.033,0.074,0.47,0.786,0.28,0.5,0.0,0.327,0.774,1.0,0.05,6,0.291,0,0
383,Aleksej Pokusevski,22,OKC,PF,10,0,60,2.4,9.6,0.25,1.2,6.6,0.182,1.2,3.0,0.4,0.313,1.2,2.4,0.5,1.2,4.8,6.0,3.0,0.6,0.6,1.8,3.0,7.2,,pokusal01,2.5,0.338,0.688,0.25,3.9,14.3,9.3,9.7,0.8,1.5,14.5,15.0,-0.1,0.1,-0.1,-0.063,-7.7,-2.2,-9.9,-0.1,19.3,0.063,0.188,0.0,0.063,0.4,1.0,0.333,,0.0,0.182,0.5,1.0,0.0,0,0.455,0,0
383,Aleksej Pokusevski,22,CHO,PF,18,0,345,4.7,11.0,0.429,1.7,4.6,0.364,3.0,6.4,0.475,0.505,2.9,3.9,0.757,1.6,6.7,8.2,3.1,1.5,1.3,1.7,1.8,14.0,,pokusal01,14.5,0.552,0.419,0.352,4.7,21.5,12.9,12.4,2.0,3.2,11.7,17.6,0.2,0.3,0.5,0.07,-0.8,0.3,-0.5,0.1,14.3,0.257,0.21,0.038,0.076,0.475,0.778,0.273,0.5,0.0,0.364,0.793,1.0,0.057,6,0.25,0,0
384,Luka Šamanić,24,UTA,PF,43,7,404,5.3,14.1,0.38,1.2,5.7,0.203,4.2,8.4,0.5,0.421,3.9,5.0,0.786,2.0,7.1,9.1,1.7,0.4,0.6,2.5,2.9,15.8,,samanlu01,8.9,0.485,0.405,0.354,6.0,21.6,13.9,6.5,0.6,1.5,13.3,21.8,-0.4,0.2,-0.2,-0.029,-4.9,-2.9,-7.8,-0.6,12.5,0.215,0.373,0.006,0.0,0.5,0.735,0.356,1.0,,0.203,0.681,1.0,0.063,9,0.359,0,0
385,Javon Freeman-Liberty,24,TOR,PG,22,6,403,4.9,11.1,0.444,0.9,3.8,0.238,4.0,7.3,0.549,0.484,2.9,3.2,0.917,1.4,4.8,6.3,3.6,0.9,0.4,2.2,2.5,13.7,,freemja01,10.7,0.547,0.339,0.29,4.3,15.1,9.6,13.4,1.2,0.9,15.2,17.5,0.1,0.2,0.2,0.029,-3.1,-2.0,-5.2,-0.3,12.2,0.306,0.234,0.089,0.032,0.549,0.579,0.448,0.727,0.5,0.238,0.467,1.0,0.032,3,0.262,0,0
386,Derrick Rose,35,MEM,PG,24,7,399,6.9,14.9,0.461,1.4,3.7,0.366,5.5,11.2,0.492,0.506,2.2,2.4,0.889,0.6,3.4,4.1,7.0,0.7,0.2,2.8,1.9,17.2,,rosede01,13.1,0.54,0.248,0.164,1.8,10.9,6.2,32.3,1.0,0.5,14.9,22.3,0.1,0.3,0.4,0.046,-1.3,-1.5,-2.8,-0.1,11.6,0.279,0.267,0.127,0.079,0.492,0.652,0.318,0.333,0.769,0.366,0.426,0.867,0.0,0,0.341,0,0
387,DeAndre Jordan,35,DEN,C,36,2,396,5.3,8.5,0.624,0.0,0.0,,5.3,8.5,0.624,0.624,2.4,4.8,0.491,4.9,9.4,14.3,2.4,0.5,1.5,2.1,5.1,12.9,,jordade01,16.0,0.61,0.0,0.57,15.6,28.0,22.0,8.5,0.8,3.4,16.5,15.4,0.6,0.6,1.2,0.147,-1.7,-0.1,-1.7,0.0,2.0,0.828,0.161,0.011,0.0,0.624,0.675,0.4,0.0,,,0.724,,0.441,37,,0,0
388,Kobe Brown,24,LAC,PF,44,0,394,3.4,8.2,0.411,1.3,4.4,0.292,2.1,3.8,0.548,0.489,0.1,0.2,0.5,1.8,3.8,5.7,2.3,1.1,0.5,0.8,4.5,8.1,,brownko01,7.6,0.49,0.533,0.022,5.9,11.6,8.9,8.1,1.5,1.4,9.0,11.1,0.1,0.3,0.5,0.055,-4.0,0.2,-3.8,-0.2,15.5,0.289,0.111,0.056,0.011,0.548,0.654,0.4,0.2,1.0,0.292,0.652,1.0,0.078,7,0.292,0,0
389,Lester Quiñones,23,GSW,SG,37,0,394,5.1,12.9,0.397,2.9,8.0,0.364,2.2,4.8,0.453,0.511,1.8,2.6,0.69,1.9,4.7,6.6,3.3,0.5,0.2,1.6,4.0,15.0,,quinole01,10.3,0.533,0.624,0.206,5.8,13.8,9.9,12.0,0.7,0.5,10.0,18.3,0.3,0.3,0.6,0.068,-2.0,-1.3,-3.3,-0.1,19.1,0.113,0.163,0.099,0.0,0.453,0.625,0.391,0.357,,0.364,0.458,0.938,0.021,3,0.182,2,1
390,Eugene Omoruyi,26,WAS,SF,43,0,393,7.4,15.3,0.485,1.2,4.2,0.283,6.2,11.1,0.562,0.524,2.9,4.5,0.653,3.2,4.6,7.8,3.2,2.5,0.5,1.9,5.7,19.0,,omorueu01,16.0,0.549,0.275,0.293,9.3,13.9,11.6,13.0,3.2,1.0,10.0,22.5,0.2,0.4,0.6,0.074,-1.9,-0.4,-2.3,0.0,9.9,0.419,0.269,0.018,0.018,0.562,0.671,0.422,0.333,0.333,0.283,0.618,0.923,0.066,11,0.174,0,0
391,Matt Ryan,26,NOP,SF,28,1,390,4.5,10.4,0.434,3.8,8.4,0.451,0.7,2.0,0.364,0.615,1.2,1.3,0.929,0.6,3.1,3.7,1.7,0.6,0.1,1.8,3.0,14.0,,ryanma01,9.0,0.638,0.805,0.124,1.7,9.6,5.7,6.1,0.8,0.3,13.8,15.4,0.2,0.3,0.5,0.065,-1.4,-1.3,-2.7,-0.1,22.6,0.027,0.035,0.08,0.053,0.364,0.667,0.5,0.222,0.333,0.451,1.0,0.927,0.0,0,0.319,0,0
392,Justin Minaya,24,POR,SF,34,1,381,2.1,7.0,0.297,1.1,4.6,0.245,0.9,2.4,0.4,0.378,0.5,0.9,0.556,2.8,2.5,5.3,2.0,0.9,0.9,0.9,3.3,5.8,,minayju01,5.8,0.391,0.662,0.122,8.3,8.1,8.2,7.3,1.2,2.4,10.3,9.7,-0.1,0.2,0.1,0.009,-5.1,-0.5,-5.6,-0.3,17.5,0.243,0.081,0.014,0.0,0.4,0.556,0.0,0.0,,0.245,0.4,0.917,0.041,2,0.245,0,0
393,Johnny Juzang,22,UTA,SG,20,5,372,4.9,10.6,0.464,3.1,7.5,0.416,1.8,3.2,0.576,0.609,1.0,1.4,0.714,0.7,2.8,3.5,2.2,0.4,0.2,1.3,2.8,13.9,,juzanjo01,9.6,0.62,0.7,0.127,2.1,8.5,5.3,8.4,0.5,0.5,10.1,14.5,0.4,0.0,0.4,0.047,-1.5,-2.2,-3.7,-0.2,19.3,0.027,0.236,0.018,0.018,0.576,1.0,0.538,0.5,0.5,0.416,0.789,1.0,0.009,1,0.442,0,0
394,Noah Clowney,19,BRK,PF,23,4,370,4.9,9.0,0.538,1.2,3.2,0.364,3.7,5.8,0.633,0.602,2.0,2.9,0.7,2.5,5.4,7.9,1.8,0.8,1.6,1.5,2.4,12.9,,clownno01,14.2,0.626,0.355,0.323,7.5,16.7,12.0,6.9,1.1,3.9,12.4,14.2,0.5,0.4,0.9,0.111,-0.8,0.1,-0.7,0.1,10.5,0.419,0.215,0.011,0.0,0.633,0.795,0.3,1.0,,0.364,0.763,1.0,0.118,11,0.606,0,0
395,Tosan Evbuomwan,22,2TM,SF,17,8,367,3.5,7.0,0.507,1.2,3.1,0.375,2.4,3.8,0.615,0.592,1.7,2.5,0.68,1.8,4.1,5.9,1.6,0.6,0.5,0.9,2.3,9.9,,evbuoto01,9.9,0.616,0.451,0.352,5.3,13.0,9.1,5.9,0.8,1.2,9.9,10.6,0.4,0.2,0.5,0.071,-2.4,-0.7,-3.0,-0.1,13.2,0.254,0.296,0.0,0.0,0.615,0.722,0.524,,,0.375,0.833,1.0,0.014,1,0.719,0,0
395,Tosan Evbuomwan,22,MEM,SF,4,0,74,1.9,7.3,0.267,1.0,3.9,0.25,1.0,3.4,0.286,0.333,0.0,0.0,,3.9,2.9,6.8,2.9,0.0,0.5,0.5,2.4,4.9,,evbuoto01,5.7,0.333,0.533,0.0,11.4,9.2,10.3,10.9,0.0,1.3,6.3,9.3,0.0,0.0,0.0,0.016,-4.2,-2.2,-6.4,-0.1,14.2,0.067,0.4,0.0,0.0,0.286,1.0,0.167,,,0.25,1.0,1.0,0.0,0,0.75,0,0
395,Tosan Evbuomwan,22,DET,SF,13,8,293,3.9,6.9,0.571,1.2,2.9,0.417,2.7,3.9,0.688,0.661,2.1,3.1,0.68,1.2,4.4,5.7,1.2,0.7,0.5,1.0,2.2,11.2,,evbuoto01,10.9,0.679,0.429,0.446,3.7,13.9,8.8,4.6,1.0,1.2,10.7,10.9,0.4,0.1,0.5,0.085,-1.9,-0.3,-2.2,0.0,12.2,0.304,0.268,0.0,0.0,0.688,0.706,0.667,,,0.417,0.818,1.0,0.018,1,0.708,0,0
396,Ousmane Dieng,20,OKC,PF,33,0,365,4.8,11.4,0.422,2.1,6.9,0.3,2.8,4.5,0.609,0.513,1.4,1.6,0.875,1.0,4.0,5.0,3.6,0.8,0.5,1.9,2.2,13.1,,diengou01,10.1,0.54,0.603,0.138,3.2,12.0,7.8,12.9,1.1,1.3,13.4,16.9,0.0,0.4,0.4,0.055,-2.3,-0.7,-3.0,-0.1,17.5,0.19,0.129,0.043,0.034,0.609,0.818,0.333,0.4,0.75,0.3,0.857,1.0,0.112,13,0.314,0,0
397,Jontay Porter,24,TOR,PF,26,5,360,4.0,10.4,0.385,2.0,6.0,0.333,2.0,4.4,0.455,0.481,1.5,1.8,0.833,2.6,5.6,8.2,6.0,2.0,2.0,2.1,3.5,11.5,,portejo01,14.9,0.514,0.577,0.173,7.8,17.5,12.5,21.8,2.7,4.9,15.8,15.8,0.2,0.4,0.7,0.089,-0.3,1.9,1.7,0.3,16.8,0.231,0.096,0.077,0.019,0.455,0.542,0.6,0.0,0.5,0.333,0.65,1.0,0.038,2,0.083,0,0
398,Ben Simmons,27,BRK,PG,15,12,359,4.3,7.4,0.581,0.0,0.0,,4.3,7.4,0.581,0.581,0.6,1.5,0.4,3.1,8.8,11.9,8.6,1.2,0.9,2.7,3.6,9.2,,simmobe01,16.3,0.571,0.0,0.203,9.2,27.6,18.1,33.2,1.7,2.3,25.1,13.0,0.5,0.5,1.0,0.133,-0.5,2.9,2.4,0.4,3.2,0.649,0.297,0.054,0.0,0.581,0.75,0.273,0.25,,,0.581,,0.149,11,,0,0
399,Brandon Boston Jr.,22,LAC,SF,32,0,345,6.8,16.8,0.404,1.5,5.4,0.269,5.3,11.4,0.468,0.447,2.4,3.4,0.697,2.0,3.4,5.4,1.4,1.1,0.8,2.5,4.2,17.4,,bostobr01,8.7,0.476,0.323,0.205,6.4,10.4,8.5,5.4,1.6,2.1,12.0,25.4,-0.6,0.3,-0.3,-0.04,-6.2,-2.7,-9.0,-0.6,13.9,0.205,0.168,0.211,0.093,0.468,0.636,0.296,0.5,0.333,0.269,0.588,0.786,0.068,11,0.25,0,0
400,Jarace Walker,20,IND,PF,33,0,340,4.8,11.6,0.409,2.3,5.8,0.4,2.4,5.8,0.418,0.509,0.8,1.0,0.889,1.3,5.4,6.7,4.2,1.6,1.2,1.8,3.1,12.7,,walkeja02,11.8,0.527,0.5,0.082,4.0,17.0,10.5,13.9,2.1,2.6,13.0,16.1,0.1,0.3,0.4,0.058,-0.5,0.7,0.2,0.2,17.4,0.164,0.136,0.082,0.118,0.418,0.5,0.267,0.556,0.385,0.4,0.565,0.818,0.036,4,0.182,0,0
401,JaVale McGee,36,SAC,C,46,0,339,8.4,14.0,0.598,0.1,0.7,0.143,8.3,13.3,0.624,0.602,2.8,4.8,0.578,4.5,8.9,13.4,1.8,1.5,2.1,3.6,4.9,19.6,,mcgeeja01,19.0,0.609,0.053,0.341,13.6,28.4,20.8,7.6,2.0,5.4,18.3,23.4,0.1,0.6,0.7,0.101,-1.9,0.6,-1.3,0.1,4.9,0.492,0.417,0.03,0.008,0.624,0.769,0.509,0.0,0.0,0.143,0.769,1.0,0.303,35,0.0,0,0
402,Olivier-Maxence Prosper,21,DAL,PF,40,1,336,4.3,11.1,0.385,1.4,4.8,0.289,2.9,6.3,0.458,0.447,3.0,4.4,0.683,2.7,5.8,8.5,2.4,0.7,0.4,0.9,2.1,13.0,,prospol01,11.6,0.496,0.433,0.394,8.2,17.5,12.8,8.4,1.0,1.0,6.2,16.6,0.2,0.3,0.5,0.076,-1.7,-1.3,-2.9,-0.1,12.8,0.356,0.135,0.038,0.038,0.458,0.595,0.214,0.0,0.5,0.289,0.704,1.0,0.125,13,0.533,0,0
403,Jeremiah Robinson-Earl,23,NOP,PF,39,1,334,4.9,10.2,0.474,1.4,4.2,0.333,3.4,6.0,0.571,0.542,1.3,1.7,0.75,2.5,5.7,8.2,2.3,1.1,0.4,1.7,2.6,12.4,,robinje02,11.8,0.564,0.411,0.168,7.8,17.5,12.7,8.4,1.5,1.2,13.6,15.4,0.2,0.4,0.6,0.086,-1.9,-0.3,-2.2,0.0,13.0,0.284,0.211,0.063,0.032,0.571,0.63,0.5,0.833,0.0,0.333,0.75,1.0,0.084,7,0.513,0,0
404,Neemias Queta,24,BOS,C,28,0,333,7.2,11.2,0.644,0.0,0.0,,7.2,11.2,0.644,0.644,2.2,3.0,0.714,5.7,7.5,13.2,2.2,1.4,2.3,1.4,5.4,16.6,,quetane01,22.9,0.662,0.0,0.269,17.9,21.5,19.8,8.5,1.9,5.5,10.1,16.9,1.1,0.7,1.8,0.259,0.4,1.1,1.5,0.3,3.2,0.567,0.375,0.048,0.01,0.644,0.78,0.462,0.4,1.0,,0.701,,0.288,28,,0,0
405,Julian Phillips,20,CHI,SF,40,0,323,3.6,8.6,0.416,1.3,4.2,0.316,2.2,4.3,0.513,0.494,1.4,2.1,0.684,1.3,2.7,4.0,1.4,0.8,0.8,1.1,4.5,9.9,,phillju01,7.0,0.521,0.494,0.247,4.1,8.5,6.2,5.3,1.1,2.2,10.5,13.0,0.0,0.2,0.2,0.031,-4.7,-0.6,-5.3,-0.3,13.6,0.39,0.078,0.013,0.026,0.513,0.467,0.667,1.0,0.5,0.316,0.75,1.0,0.091,4,0.579,0,0
406,Cody Zeller,31,NOP,C,43,0,320,2.9,7.0,0.419,0.1,0.3,0.333,2.8,6.6,0.424,0.427,2.6,4.3,0.605,5.4,7.2,12.6,4.4,1.0,0.6,1.8,5.1,8.6,,zelleco01,12.8,0.483,0.048,0.613,16.9,22.0,19.5,15.2,1.4,1.5,16.9,12.9,0.4,0.4,0.8,0.124,-2.9,0.3,-2.6,0.0,3.8,0.661,0.258,0.016,0.016,0.424,0.512,0.25,0.0,0.0,0.333,0.56,1.0,0.145,9,0.0,0,0
407,Ja Morant,24,MEM,PG,9,9,318,9.1,19.2,0.471,1.6,5.8,0.275,7.5,13.5,0.555,0.512,5.9,7.2,0.813,0.7,5.0,5.7,8.3,0.8,0.6,3.1,2.2,25.6,,moranja01,20.6,0.57,0.3,0.376,2.0,15.8,8.6,42.2,1.1,1.5,12.0,30.4,0.5,0.3,0.8,0.124,2.7,0.4,3.1,0.4,11.9,0.288,0.288,0.088,0.035,0.555,0.714,0.49,0.267,0.5,0.275,0.288,0.5,0.047,6,0.098,0,0
408,Ashton Hagans,24,POR,PG,19,1,316,3.3,8.1,0.408,0.9,2.8,0.32,2.4,5.2,0.457,0.465,1.6,1.9,0.824,1.6,3.5,5.1,6.2,1.3,1.0,3.4,4.6,9.1,,haganas01,8.5,0.51,0.352,0.239,4.7,11.7,8.0,23.7,1.7,2.6,27.7,14.6,-0.2,0.3,0.0,0.006,-4.4,0.9,-3.5,-0.1,11.8,0.254,0.338,0.056,0.0,0.457,0.778,0.25,0.25,,0.32,0.429,1.0,0.0,0,0.12,0,0
409,Devonte' Graham,28,SAS,PG,23,0,313,4.4,12.4,0.352,2.9,9.5,0.301,1.5,2.9,0.52,0.468,1.5,1.8,0.813,0.6,3.6,4.1,5.6,1.0,0.2,2.0,1.6,13.1,,grahade01,9.4,0.495,0.769,0.148,1.7,10.8,6.2,21.0,1.4,0.5,12.9,17.8,-0.1,0.2,0.1,0.018,-3.0,-0.9,-3.9,-0.1,21.9,0.083,0.037,0.074,0.037,0.52,0.667,0.5,0.375,0.5,0.301,0.385,0.72,0.0,0,0.145,1,0
410,A.J. Lawson,23,DAL,SG,42,0,311,6.3,14.0,0.446,1.5,5.8,0.26,4.7,8.2,0.577,0.5,1.7,2.7,0.652,1.6,4.2,5.8,2.3,1.2,0.3,1.6,2.5,15.7,,lawsoaj01,11.2,0.519,0.413,0.19,4.9,12.6,8.8,8.9,1.5,0.8,9.6,20.0,0.0,0.3,0.2,0.036,-3.1,-1.5,-4.6,-0.2,11.8,0.364,0.198,0.008,0.017,0.577,0.773,0.208,0.0,1.0,0.26,0.61,1.0,0.107,12,0.64,0,0
411,Nathan Mensah,25,CHO,C,25,0,307,1.4,3.3,0.429,0.0,0.0,,1.4,3.3,0.429,0.429,1.1,1.4,0.75,3.4,4.2,7.6,1.1,0.7,1.6,1.6,7.5,3.9,,mensana01,5.0,0.496,0.0,0.429,10.3,13.6,11.9,3.7,1.0,4.3,29.6,6.8,0.0,0.2,0.1,0.023,-8.7,-0.1,-8.8,-0.5,4.0,0.393,0.607,0.0,0.0,0.429,0.545,0.353,,,,0.667,,0.107,3,,0,0
412,Stanley Umude,24,DET,SG,24,2,307,4.3,9.9,0.44,2.8,6.2,0.453,1.5,3.6,0.419,0.583,3.4,3.8,0.906,0.9,5.0,6.0,1.3,0.9,0.8,1.6,4.7,14.9,,umudest01,11.4,0.647,0.631,0.381,2.9,15.9,9.3,4.9,1.3,2.0,12.5,15.6,0.3,0.2,0.5,0.085,-1.5,-0.1,-1.6,0.0,18.3,0.083,0.202,0.06,0.024,0.419,0.714,0.412,0.2,0.0,0.453,0.846,1.0,0.024,2,0.547,0,0
413,Orlando Robinson,23,MIA,C,36,7,304,4.3,8.5,0.5,0.9,1.8,0.533,3.3,6.8,0.491,0.556,2.3,3.0,0.76,3.3,6.6,9.9,4.0,0.8,0.9,2.1,4.1,11.7,,robinor01,14.0,0.596,0.208,0.347,10.4,21.0,15.7,15.8,1.1,2.6,17.8,14.8,0.4,0.5,0.9,0.135,-1.9,0.8,-1.1,0.1,9.1,0.361,0.347,0.056,0.028,0.491,0.692,0.4,0.0,0.0,0.533,0.607,1.0,0.097,5,0.2,0,0
414,Furkan Korkmaz,26,PHI,SG,35,0,300,3.6,9.1,0.395,1.7,4.8,0.35,1.9,4.3,0.444,0.487,1.7,2.4,0.7,0.5,3.1,3.6,3.0,1.7,0.4,1.2,2.0,10.6,,korkmfu01,9.2,0.519,0.526,0.263,1.4,9.7,5.5,11.0,2.3,0.9,10.5,13.6,0.0,0.3,0.4,0.057,-3.2,0.4,-2.7,-0.1,17.4,0.184,0.171,0.053,0.066,0.444,0.643,0.462,0.0,0.2,0.35,0.75,0.714,0.026,2,0.1,0,0
415,Cory Joseph,32,GSW,PG,26,0,296,2.8,7.8,0.359,1.6,5.1,0.31,1.2,2.7,0.455,0.461,0.5,0.9,0.571,0.7,2.9,3.6,5.1,0.5,0.4,1.5,3.0,7.7,,josepco01,6.2,0.47,0.656,0.109,2.2,8.6,5.5,17.2,0.7,0.9,15.2,11.3,0.0,0.2,0.2,0.034,-4.0,-0.7,-4.7,-0.2,20.4,0.031,0.156,0.078,0.078,0.455,0.0,0.7,0.4,0.2,0.31,0.6,0.923,0.0,0,0.238,1,0
416,Ricky Council IV,22,PHI,SG,32,0,289,6.7,14.0,0.482,1.5,4.0,0.375,5.2,10.0,0.525,0.536,6.6,8.8,0.746,1.7,4.0,5.7,2.0,1.0,0.1,0.6,2.1,21.6,,councri01,18.6,0.604,0.286,0.634,5.3,12.4,8.8,8.2,1.4,0.3,3.4,22.1,0.8,0.3,1.0,0.173,2.1,-0.8,1.3,0.2,10.6,0.321,0.33,0.036,0.027,0.525,0.639,0.405,0.5,0.667,0.375,0.667,1.0,0.08,8,0.313,0,0
417,Garrett Temple,37,TOR,SG,27,2,289,3.6,9.7,0.372,1.5,5.0,0.3,2.1,4.7,0.447,0.449,2.2,2.7,0.818,2.2,3.4,5.6,3.5,1.5,0.4,1.7,3.5,11.0,,templga01,9.5,0.502,0.513,0.282,6.7,10.5,8.6,12.5,2.0,0.9,13.8,15.0,0.0,0.2,0.2,0.032,-3.4,-1.2,-4.7,-0.2,14.5,0.308,0.128,0.013,0.038,0.447,0.625,0.2,0.0,0.0,0.3,0.471,1.0,0.026,2,0.525,0,0
418,Leaky Black,24,CHO,SF,26,3,284,3.2,6.6,0.481,1.1,2.5,0.45,2.0,4.1,0.5,0.567,1.3,1.9,0.667,1.1,4.9,6.1,3.0,1.0,1.4,0.8,2.4,8.7,,blackle01,11.5,0.589,0.385,0.288,3.5,15.9,9.5,11.4,1.4,3.6,9.3,10.1,0.3,0.2,0.5,0.084,-2.6,0.3,-2.4,0.0,12.4,0.308,0.212,0.038,0.058,0.5,0.75,0.182,0.5,0.333,0.45,0.688,1.0,0.077,4,0.45,0,0
419,Lindy Waters III,26,OKC,SG,38,0,280,6.3,13.4,0.471,4.8,10.9,0.435,1.5,2.4,0.632,0.649,0.3,0.3,1.0,0.9,4.2,5.1,3.1,0.6,0.9,0.9,3.0,17.6,,waterli01,15.3,0.653,0.817,0.019,2.9,12.6,8.0,11.5,0.9,2.3,6.3,17.3,0.6,0.3,0.9,0.15,2.4,-0.5,1.9,0.3,22.4,0.067,0.038,0.01,0.067,0.632,0.714,0.75,1.0,0.429,0.435,0.667,0.919,0.01,1,0.271,0,0
420,Kessler Edwards,23,SAC,SF,54,0,275,4.5,10.7,0.415,2.6,6.8,0.385,1.8,3.9,0.467,0.537,0.7,1.2,0.556,1.2,4.3,5.5,2.0,1.3,0.5,0.5,3.4,12.2,,edwarke02,10.3,0.541,0.634,0.11,3.6,13.7,8.5,7.1,1.8,1.3,4.4,14.0,0.2,0.3,0.5,0.083,-1.6,0.1,-1.5,0.0,18.3,0.171,0.122,0.012,0.061,0.467,0.643,0.3,0.0,0.4,0.385,0.643,1.0,0.037,2,0.423,0,0
421,Damian Jones,28,CLE,C,39,0,270,5.7,9.6,0.597,0.4,1.9,0.214,5.3,7.7,0.69,0.618,2.4,2.8,0.857,2.7,5.6,8.3,2.0,0.9,1.7,1.7,3.6,14.3,,jonesda03,15.8,0.659,0.194,0.292,8.4,17.3,12.9,7.9,1.3,4.3,13.8,15.4,0.4,0.4,0.8,0.15,-1.7,1.2,-0.5,0.1,8.2,0.542,0.139,0.069,0.056,0.69,0.795,0.4,0.8,0.25,0.214,0.775,1.0,0.25,17,0.429,0,0
422,Onuralp Bitim,24,CHI,SG,23,1,268,4.3,11.3,0.381,1.6,5.9,0.273,2.7,5.4,0.5,0.452,0.5,0.7,0.8,0.8,3.5,4.3,1.7,0.4,0.3,1.3,3.2,10.7,,bitimon01,5.0,0.464,0.524,0.06,2.5,11.1,6.7,6.5,0.6,0.8,10.4,15.8,-0.3,0.1,-0.1,-0.027,-5.4,-2.0,-7.4,-0.4,16.2,0.202,0.143,0.083,0.048,0.5,0.706,0.25,0.571,0.25,0.273,0.75,1.0,0.06,3,0.341,0,0
423,Kira Lewis Jr.,22,3TM,PG,28,0,265,4.6,12.5,0.37,0.5,4.5,0.121,4.1,8.0,0.508,0.391,2.3,2.7,0.85,1.2,2.3,3.5,5.0,1.2,0.3,1.9,1.8,12.1,,lewiski01,8.6,0.441,0.359,0.217,3.8,7.0,5.4,18.8,1.7,0.7,12.2,18.5,-0.2,0.2,0.0,-0.005,-4.4,-1.4,-5.8,-0.3,13.1,0.25,0.261,0.076,0.054,0.508,0.609,0.542,0.429,0.0,0.121,0.433,0.75,0.011,1,0.212,0,0
423,Kira Lewis Jr.,22,NOP,PG,15,0,144,4.0,13.0,0.308,0.5,5.0,0.1,3.5,8.0,0.438,0.327,2.5,2.7,0.909,1.0,2.5,3.5,4.5,1.2,0.2,2.0,2.0,11.0,,lewiski01,5.7,0.387,0.385,0.212,3.1,7.6,5.4,16.2,1.7,0.7,12.3,19.6,-0.3,0.1,-0.1,-0.045,-6.4,-1.1,-7.5,-0.2,12.9,0.365,0.173,0.019,0.058,0.438,0.579,0.222,1.0,0.0,0.1,0.5,1.0,0.019,1,0.2,0,0
423,Kira Lewis Jr.,22,TOR,PG,1,0,2,0.0,0.0,,0.0,0.0,,0.0,0.0,,,0.0,0.0,,0.0,0.0,0.0,0.0,0.0,0.0,0.0,18.0,0.0,,lewiski01,-7.3,,,,0.0,0.0,0.0,0.0,0.0,0.0,,0.0,0.0,0.0,0.0,-0.011,-22.1,-0.2,-22.3,0.0,,,,,,,,,,,,,,,0,,0,0
423,Kira Lewis Jr.,22,UTA,PG,12,0,119,5.4,12.1,0.45,0.6,3.9,0.154,4.8,8.2,0.593,0.475,2.1,2.7,0.778,1.5,2.1,3.6,5.7,1.2,0.3,1.8,1.2,13.6,,lewiski01,12.3,0.512,0.325,0.225,4.7,6.4,5.6,22.2,1.6,0.7,12.0,17.6,0.1,0.0,0.1,0.042,-1.6,-1.9,-3.5,0.0,13.3,0.1,0.375,0.15,0.05,0.593,0.75,0.733,0.333,0.0,0.154,0.375,0.5,0.0,0,0.231,0,0
424,Jamal Cain,24,MIA,PF,26,1,259,4.7,11.0,0.43,1.5,4.3,0.355,3.2,6.7,0.479,0.5,2.5,3.2,0.783,2.1,3.1,5.1,1.4,1.4,0.7,1.1,3.1,13.5,,cainja01,11.5,0.544,0.392,0.291,6.5,9.7,8.1,5.6,1.9,1.9,8.2,16.7,0.1,0.3,0.5,0.089,-2.5,0.2,-2.3,0.0,13.2,0.215,0.253,0.101,0.038,0.479,0.647,0.35,0.375,0.667,0.355,0.652,0.727,0.076,5,0.581,0,0
425,Jared Rhoden,24,DET,SG,17,0,245,4.8,9.7,0.5,1.8,4.6,0.387,3.1,5.1,0.6,0.591,0.7,1.2,0.625,0.4,4.4,4.8,2.1,0.4,1.9,1.0,4.1,12.2,,rhodeja01,10.3,0.597,0.47,0.121,1.3,13.9,7.5,8.0,0.6,4.5,9.1,13.3,0.1,0.2,0.3,0.06,-2.9,0.4,-2.5,0.0,17.9,0.076,0.121,0.212,0.121,0.6,0.8,0.75,0.571,0.375,0.387,0.762,1.0,0.076,4,0.452,1,0
426,Justin Champagnie,22,WAS,SF,15,1,235,4.9,11.9,0.41,2.0,6.9,0.289,2.9,5.1,0.576,0.494,1.8,2.3,0.8,2.9,5.2,8.1,2.9,1.5,1.4,1.5,2.1,13.6,,champju01,13.6,0.526,0.577,0.192,8.5,15.8,12.1,10.7,2.0,3.1,10.6,17.0,0.1,0.2,0.3,0.058,-1.1,-0.8,-1.8,0.0,16.0,0.295,0.115,0.0,0.013,0.576,0.739,0.222,,0.0,0.289,0.737,1.0,0.038,3,0.444,1,1
427,Javonte Green,30,CHI,SF,9,5,230,7.0,11.7,0.6,1.6,4.2,0.37,5.5,7.5,0.729,0.667,1.6,2.0,0.769,3.1,7.4,10.5,0.8,1.6,1.3,1.1,3.0,17.2,,greenja02,20.2,0.681,0.36,0.173,9.5,23.3,16.3,3.3,2.2,3.6,8.0,16.7,0.5,0.3,0.9,0.18,1.9,0.1,2.0,0.2,10.2,0.493,0.133,0.013,0.0,0.729,0.73,0.7,1.0,,0.37,0.686,1.0,0.173,11,0.63,0,0
428,Ibou Badji,21,POR,C,22,1,226,2.2,3.5,0.636,0.0,0.0,,2.2,3.5,0.636,0.636,1.0,1.9,0.5,3.2,4.9,8.1,2.1,0.5,3.2,2.4,7.3,5.4,,badjiib01,8.1,0.623,0.0,0.545,9.4,16.3,12.6,7.7,0.7,8.0,35.5,8.0,0.0,0.2,0.2,0.046,-7.7,1.9,-5.8,-0.2,4.2,0.591,0.227,0.136,0.045,0.636,0.769,0.2,0.667,1.0,,0.5,,0.409,7,,0,0
429,Collin Gillespie,24,DEN,PG,24,0,225,5.1,11.0,0.464,2.4,6.1,0.395,2.7,5.0,0.548,0.572,1.3,1.9,0.667,0.2,3.2,3.4,4.3,2.1,0.0,2.2,3.8,13.9,,gilleco01,11.0,0.586,0.551,0.174,0.5,9.6,5.2,15.5,2.9,0.0,15.9,17.1,0.1,0.3,0.4,0.076,-3.7,0.9,-2.7,0.0,17.9,0.188,0.13,0.029,0.101,0.548,0.538,0.556,1.0,0.429,0.395,0.353,0.933,0.014,1,0.105,0,0
430,Gabe Vincent,27,LAL,PG,11,0,218,2.5,8.1,0.306,0.5,4.6,0.107,2.0,3.5,0.571,0.337,0.2,0.3,0.5,0.7,0.8,1.5,3.5,1.5,0.0,0.8,3.1,5.6,,vincega01,3.1,0.341,0.571,0.041,2.1,2.4,2.3,11.6,2.0,0.0,9.1,10.9,-0.3,0.1,-0.1,-0.033,-6.9,0.4,-6.5,-0.2,18.8,0.122,0.122,0.041,0.143,0.571,0.667,0.667,0.5,0.429,0.107,0.5,0.667,0.0,0,0.179,0,0
431,Markieff Morris,34,DAL,PF,26,1,216,3.8,11.3,0.338,2.5,7.0,0.357,1.3,4.3,0.308,0.449,0.8,1.0,0.833,0.7,5.8,6.5,2.7,0.8,0.5,2.0,2.0,11.0,,morrima02,6.6,0.467,0.618,0.088,2.0,17.6,9.9,9.4,1.1,1.2,14.5,16.4,-0.3,0.2,-0.1,-0.014,-4.0,-1.3,-5.3,-0.2,20.4,0.044,0.103,0.118,0.118,0.308,0.333,0.429,0.25,0.25,0.357,0.5,0.867,0.0,0,0.238,0,0
432,Jaylen Nowell,24,2TM,SG,13,1,214,5.7,13.1,0.436,1.0,4.9,0.207,4.7,8.2,0.571,0.474,1.2,1.5,0.778,1.0,3.0,4.0,3.2,0.7,0.3,1.2,2.5,13.6,,nowelja01,9.2,0.494,0.372,0.115,3.0,9.6,6.2,13.6,0.9,0.8,7.9,17.8,0.0,0.1,0.1,0.016,-4.1,-1.4,-5.4,-0.2,14.5,0.103,0.269,0.128,0.128,0.571,0.625,0.429,0.7,0.7,0.207,0.536,1.0,0.013,1,0.172,1,0
432,Jaylen Nowell,24,MEM,SG,9,1,156,5.1,12.7,0.4,0.9,5.3,0.174,4.2,7.4,0.563,0.436,0.7,0.7,1.0,0.7,2.5,3.2,3.7,0.7,0.0,1.2,3.0,11.8,,nowelja01,6.7,0.453,0.418,0.055,2.0,8.0,4.9,15.7,0.9,0.0,8.2,16.9,-0.1,0.1,0.0,-0.007,-5.9,-1.6,-7.4,-0.2,17.3,0.036,0.255,0.164,0.127,0.563,0.5,0.429,0.667,0.714,0.174,0.444,1.0,0.0,0,0.174,1,0
432,Jaylen Nowell,24,DET,SG,4,0,58,7.4,14.3,0.522,1.2,3.7,0.333,6.2,10.6,0.588,0.565,2.5,3.7,0.667,1.9,4.3,6.2,1.9,0.6,1.2,1.2,1.2,18.6,,nowelja01,15.9,0.585,0.261,0.261,5.7,13.7,9.6,8.1,0.8,2.9,7.2,20.3,0.1,0.0,0.1,0.078,0.7,-0.8,-0.1,0.0,11.8,0.261,0.304,0.043,0.13,0.588,0.667,0.429,1.0,0.667,0.333,0.7,1.0,0.043,1,0.167,0,0
433,Théo Maledon,22,2TM,PG,17,1,213,3.4,11.8,0.286,0.8,5.1,0.167,2.5,6.8,0.375,0.321,2.4,2.5,0.933,0.7,3.4,4.1,4.7,1.2,0.0,3.0,3.5,10.0,,maledth01,3.2,0.385,0.429,0.214,2.0,10.8,6.3,17.8,1.6,0.0,19.0,19.6,-0.6,0.1,-0.5,-0.122,-8.3,-2.1,-10.3,-0.5,10.2,0.214,0.229,0.086,0.043,0.375,0.533,0.313,0.333,0.0,0.167,0.6,1.0,0.0,0,0.233,2,0
433,Théo Maledon,22,CHO,PG,13,1,200,3.4,11.9,0.288,0.9,5.4,0.167,2.5,6.5,0.389,0.326,2.0,2.2,0.917,0.7,3.4,4.1,5.0,1.3,0.0,2.7,3.2,9.7,,maledth01,3.9,0.379,0.455,0.182,2.2,11.0,6.5,19.0,1.7,0.0,17.4,19.1,-0.5,0.1,-0.5,-0.11,-7.7,-1.8,-9.5,-0.4,15.6,0.212,0.197,0.091,0.045,0.389,0.571,0.308,0.333,0.0,0.167,0.643,1.0,0.0,0,0.233,2,0
433,Théo Maledon,22,PHO,PG,4,0,13,2.8,11.1,0.25,0.0,0.0,,2.8,11.1,0.25,0.25,8.3,8.3,1.0,0.0,2.8,2.8,0.0,0.0,0.0,8.3,8.3,13.8,,maledth01,-8.0,0.47,0.0,0.75,0.0,8.3,4.3,0.0,0.0,0.0,36.1,27.7,-0.1,0.0,-0.1,-0.296,-17.6,-6.1,-23.7,-0.1,4.9,0.25,0.75,0.0,0.0,0.25,0.0,0.333,,,,0.0,,0.0,0,,0,0
434,Charles Bassey,23,SAS,C,19,0,205,5.1,7.0,0.725,0.0,0.2,0.0,5.1,6.8,0.744,0.725,0.9,1.1,0.833,4.0,9.3,13.3,3.7,1.4,3.0,2.6,5.4,11.1,,bassech01,17.7,0.739,0.025,0.15,12.0,28.2,20.0,14.1,1.9,6.9,26.0,11.9,0.3,0.4,0.7,0.157,-1.8,3.1,1.3,0.2,5.0,0.65,0.1,0.2,0.025,0.744,0.846,0.75,0.5,0.0,0.0,0.793,,0.25,10,0.0,0,0
435,Taj Gibson,38,2TM,PF,20,1,204,2.6,6.5,0.405,0.4,1.8,0.2,2.3,4.8,0.481,0.432,0.4,0.4,1.0,2.1,4.4,6.5,1.9,0.5,1.2,0.9,5.5,6.0,,gibsota01,5.9,0.449,0.27,0.054,6.6,13.8,10.2,6.9,0.7,3.2,11.7,9.0,0.0,0.2,0.2,0.044,-5.3,0.1,-5.3,-0.2,10.8,0.351,0.216,0.081,0.081,0.481,0.462,0.25,1.0,0.667,0.2,0.615,1.0,0.054,1,0.8,0,0
435,Taj Gibson,38,NYK,PF,16,1,165,1.5,5.0,0.304,0.0,1.3,0.0,1.5,3.7,0.412,0.304,0.4,0.4,1.0,2.2,3.9,6.1,2.0,0.4,1.3,1.1,6.1,3.5,,gibsota01,3.2,0.335,0.261,0.087,6.8,12.3,9.5,6.7,0.6,3.4,17.3,7.6,-0.1,0.2,0.1,0.019,-6.9,0.0,-6.9,-0.2,10.1,0.391,0.217,0.0,0.13,0.412,0.444,0.2,,0.667,0.0,0.571,,0.087,1,1.0,0,0
435,Taj Gibson,38,DET,PF,4,0,39,7.4,12.9,0.571,1.8,3.7,0.5,5.5,9.2,0.6,0.643,0.0,0.0,,1.8,6.5,8.3,1.8,0.9,0.9,0.0,2.8,16.6,,gibsota01,17.6,0.643,0.286,0.0,5.6,20.4,12.9,8.0,1.2,2.2,0.0,15.3,0.1,0.0,0.1,0.149,1.2,0.4,1.7,0.0,11.5,0.286,0.214,0.214,0.0,0.6,0.5,0.333,1.0,,0.5,0.667,1.0,0.0,0,0.5,0,0
436,Moses Brown,24,POR,C,22,5,200,5.9,11.7,0.508,0.0,0.0,,5.9,11.7,0.508,0.508,1.6,5.6,0.29,6.7,8.8,15.5,1.3,0.9,1.3,2.0,4.9,13.5,,brownmo01,14.5,0.477,0.0,0.477,19.6,29.2,24.1,5.4,1.2,3.2,12.3,19.1,-0.1,0.2,0.2,0.044,-4.1,-2.4,-6.5,-0.2,3.3,0.492,0.462,0.031,0.015,0.508,0.656,0.4,0.0,0.0,,0.697,,0.262,15,,0,0
437,Kenneth Lofton Jr.,21,3TM,PF,21,0,199,6.5,14.1,0.462,1.3,4.3,0.292,5.2,9.8,0.537,0.506,3.1,4.7,0.654,2.2,4.7,6.9,6.0,1.1,0.9,2.5,4.3,17.4,,loftoke01,14.7,0.537,0.308,0.333,6.6,14.6,10.5,25.7,1.5,2.3,13.5,22.1,0.1,0.2,0.3,0.068,-0.6,0.3,-0.3,0.1,13.2,0.192,0.256,0.128,0.115,0.537,0.8,0.5,0.3,0.444,0.292,0.517,1.0,0.051,4,0.167,0,0
437,Kenneth Lofton Jr.,21,MEM,PF,15,0,99,5.1,13.5,0.378,1.1,3.6,0.3,4.0,9.8,0.407,0.419,2.9,5.5,0.533,0.7,4.7,5.5,5.1,1.1,1.1,2.2,5.5,14.2,,loftoke01,8.4,0.447,0.27,0.405,2.1,15.0,8.3,21.6,1.5,2.8,12.1,21.5,-0.1,0.1,0.0,-0.011,-5.4,0.9,-4.5,-0.1,13.3,0.189,0.216,0.216,0.108,0.407,0.714,0.5,0.25,0.0,0.3,0.545,1.0,0.081,3,0.1,0,0
437,Kenneth Lofton Jr.,21,PHI,PF,2,0,9,4.0,24.0,0.167,0.0,8.0,0.0,4.0,16.0,0.25,0.167,0.0,0.0,,0.0,12.0,12.0,0.0,0.0,0.0,8.0,0.0,8.0,,loftoke01,-20.0,0.167,0.333,0.0,0.0,37.5,18.4,0.0,0.0,0.0,25.0,38.4,-0.1,0.0,-0.1,-0.705,-23.4,-9.2,-32.6,-0.1,12.5,0.333,0.167,0.167,0.0,0.25,0.5,0.0,0.0,,0.0,1.0,,0.0,0,0.0,0,0
437,Kenneth Lofton Jr.,21,UTA,PF,4,0,91,8.3,13.8,0.6,1.6,4.7,0.333,6.7,9.1,0.739,0.657,3.6,4.4,0.818,4.0,4.0,7.9,7.5,1.2,0.8,2.4,3.6,21.8,,loftoke01,25.0,0.69,0.343,0.314,12.2,12.0,12.1,32.7,1.6,2.0,13.1,21.1,0.4,0.0,0.4,0.232,6.9,0.6,7.5,0.2,13.8,0.171,0.314,0.029,0.143,0.739,1.0,0.545,1.0,0.8,0.333,0.471,1.0,0.029,1,0.25,0,0
438,Kobe Bufkin,20,ATL,SG,17,0,196,6.2,16.9,0.37,1.7,7.3,0.225,4.6,9.6,0.481,0.418,0.7,1.5,0.5,1.1,5.0,6.1,5.0,1.3,0.9,1.8,3.7,14.9,,bufkiko01,9.1,0.424,0.435,0.087,3.2,15.6,9.2,19.3,1.7,2.3,9.5,22.4,-0.3,0.1,-0.1,-0.031,-4.3,-0.2,-4.5,-0.1,17.5,0.098,0.141,0.163,0.163,0.481,0.556,0.462,0.467,0.467,0.225,0.32,0.667,0.0,0,0.25,0,0
439,Colby Jones,21,SAC,SG,30,0,192,5.2,13.3,0.394,0.4,4.1,0.091,4.9,9.2,0.531,0.408,1.1,2.1,0.545,3.2,4.3,7.5,3.7,1.3,0.9,1.9,5.4,12.0,,jonesco02,8.9,0.422,0.31,0.155,9.7,13.7,11.7,13.9,1.8,2.4,11.6,19.1,-0.2,0.2,0.0,0.007,-5.4,0.4,-5.0,-0.1,12.1,0.183,0.338,0.155,0.014,0.531,0.462,0.583,0.455,1.0,0.091,0.538,1.0,0.014,1,0.364,0,0
440,Gui Santos,21,GSW,PF,23,0,192,5.2,10.3,0.509,1.9,5.1,0.37,3.4,5.2,0.643,0.6,3.0,3.2,0.941,3.2,6.0,9.2,2.6,0.7,0.4,1.3,4.3,15.4,,santogu01,15.6,0.656,0.491,0.309,9.7,17.7,13.8,9.6,1.0,0.9,10.1,15.2,0.5,0.2,0.7,0.169,0.0,-0.5,-0.5,0.1,13.9,0.345,0.164,0.0,0.0,0.643,0.737,0.444,,,0.37,0.667,0.9,0.036,2,0.296,0,0
441,Terry Taylor,24,CHI,PF,31,0,188,3.8,7.5,0.513,0.4,1.7,0.222,3.4,5.7,0.6,0.538,0.8,1.0,0.8,3.3,3.8,7.1,1.9,1.0,0.4,1.3,3.3,8.8,,taylote01,10.1,0.558,0.231,0.128,9.9,12.1,11.0,7.0,1.3,1.1,14.5,11.3,0.1,0.1,0.3,0.07,-3.1,-0.1,-3.2,0.0,7.5,0.564,0.179,0.026,0.0,0.6,0.636,0.571,0.0,,0.222,0.667,1.0,0.051,1,0.778,0,0
442,Micah Potter,25,UTA,PF,16,0,186,3.7,7.7,0.475,1.7,4.1,0.429,1.9,3.7,0.526,0.588,1.2,1.5,0.75,1.9,6.4,8.3,1.2,0.8,1.2,1.0,2.7,10.3,,pottemi01,11.0,0.609,0.525,0.2,6.0,19.4,12.7,4.2,1.0,2.9,10.3,10.9,0.2,0.1,0.3,0.075,-1.4,-0.9,-2.3,0.0,14.4,0.2,0.275,0.0,0.0,0.526,0.625,0.455,,,0.429,0.6,1.0,0.075,3,0.667,0,0
443,Saben Lee,24,PHO,PG,24,0,185,3.9,10.7,0.364,0.4,3.1,0.125,3.5,7.6,0.462,0.382,5.6,7.6,0.744,1.8,4.3,6.0,5.8,1.4,0.6,1.6,2.5,13.8,,leesa01,13.5,0.492,0.291,0.709,5.8,12.8,9.5,21.0,1.8,1.4,10.0,18.8,0.2,0.2,0.4,0.099,-2.0,0.6,-1.4,0.0,9.6,0.382,0.309,0.0,0.018,0.462,0.571,0.353,,0.0,0.125,0.5,1.0,0.109,4,0.625,0,0
444,Otto Porter Jr.,30,TOR,SF,15,1,174,2.9,6.8,0.424,1.7,4.8,0.348,1.2,2.1,0.6,0.545,0.6,0.6,1.0,1.2,4.8,6.0,1.7,1.0,1.0,0.4,3.9,8.1,,porteot01,8.7,0.568,0.697,0.091,3.7,14.8,9.2,5.8,1.4,2.5,5.5,8.9,0.1,0.1,0.3,0.07,-3.5,0.3,-3.2,-0.1,18.9,0.182,0.03,0.091,0.0,0.6,0.5,1.0,0.667,,0.348,1.0,0.875,0.03,0,0.391,0,0
445,AJ Griffin,20,ATL,SF,20,0,171,3.8,13.1,0.29,2.1,8.2,0.256,1.7,4.8,0.348,0.371,0.4,0.4,1.0,0.4,3.4,3.8,1.1,0.2,0.4,1.7,1.3,10.1,,griffaj01,1.2,0.382,0.629,0.032,1.2,10.6,5.7,3.7,0.3,1.1,11.3,17.3,-0.4,0.0,-0.4,-0.12,-6.0,-3.5,-9.6,-0.3,19.5,0.048,0.194,0.065,0.065,0.348,0.667,0.25,0.5,0.25,0.256,0.75,0.8,0.016,1,0.205,0,0
446,Joe Harris,32,DET,SG,16,0,170,3.0,8.3,0.359,2.1,6.4,0.333,0.8,1.9,0.444,0.487,0.2,0.4,0.5,0.6,2.1,2.8,2.1,0.6,0.4,0.8,4.0,8.3,,harrijo01,4.6,0.489,0.769,0.051,1.9,6.7,4.3,7.7,0.8,1.0,9.1,11.0,0.0,0.0,0.0,0.001,-4.7,-1.1,-5.9,-0.2,20.3,0.103,0.128,0.0,0.0,0.444,0.5,0.4,,,0.333,1.0,1.0,0.0,0,0.467,0,0
447,Trevelin Queen,26,ORL,SG,14,0,165,3.1,8.3,0.368,0.7,3.7,0.176,2.4,4.6,0.524,0.408,2.0,2.6,0.75,0.7,3.7,4.4,3.9,1.5,1.1,1.5,3.3,8.7,,queentr01,8.3,0.462,0.447,0.316,2.1,12.2,7.1,14.5,2.1,2.8,13.9,13.3,-0.1,0.3,0.2,0.056,-4.7,1.4,-3.4,-0.1,14.0,0.237,0.211,0.053,0.053,0.524,0.778,0.375,0.0,0.5,0.176,0.727,0.667,0.132,5,0.353,0,0
448,Zavier Simpson,26,MEM,PG,7,0,161,3.8,12.1,0.315,1.1,3.8,0.294,2.7,8.3,0.324,0.361,0.7,0.9,0.75,0.9,3.6,4.5,5.6,1.6,0.7,2.2,2.5,9.4,,simpsza01,6.3,0.377,0.315,0.074,2.6,11.3,6.8,22.5,2.1,1.7,15.2,17.5,-0.3,0.2,-0.2,-0.046,-6.2,0.3,-5.9,-0.2,13.4,0.167,0.333,0.093,0.093,0.324,0.667,0.222,0.0,0.4,0.294,0.25,0.8,0.019,0,0.118,0,0
449,Thanasis Antetokounmpo,31,MIL,PF,34,0,155,3.7,7.0,0.533,0.0,0.2,0.0,3.7,6.7,0.552,0.533,0.0,0.5,0.0,1.6,1.4,3.0,3.9,1.6,0.9,3.3,5.6,7.4,,antetth01,5.5,0.518,0.033,0.067,5.1,4.2,4.6,13.9,2.2,2.2,31.2,12.5,-0.2,0.1,0.0,-0.01,-6.7,0.3,-6.4,-0.2,3.7,0.767,0.167,0.0,0.033,0.552,0.609,0.4,,0.0,0.0,0.75,,0.333,7,1.0,0,0
450,Tristan Vukcevic,20,WAS,C,10,4,153,6.8,15.8,0.433,2.4,8.5,0.278,4.5,7.3,0.613,0.507,4.0,5.2,0.773,1.4,7.1,8.5,3.1,1.2,1.6,2.4,6.6,20.0,,vukcetr01,13.9,0.554,0.537,0.328,4.1,21.5,12.6,12.1,1.5,3.7,11.5,23.9,0.0,0.1,0.1,0.045,-3.5,-0.1,-3.6,-0.1,16.8,0.209,0.164,0.06,0.03,0.613,0.929,0.364,0.5,0.0,0.278,0.842,0.9,0.06,3,0.083,0,0
451,Darius Bazley,23,2TM,PF,9,0,152,4.3,7.1,0.6,0.5,1.9,0.25,3.8,5.2,0.727,0.633,2.4,2.8,0.833,1.9,4.7,6.6,1.7,1.4,1.7,1.9,0.7,11.4,,bazleda01,13.9,0.68,0.267,0.4,5.8,14.4,10.1,6.0,1.9,4.1,18.5,11.9,0.2,0.1,0.3,0.084,-0.9,0.5,-0.4,0.1,5.5,0.333,0.333,0.067,0.0,0.727,0.9,0.6,0.5,,0.25,0.5,1.0,0.233,6,0.625,0,0
451,Darius Bazley,23,PHI,PF,3,0,10,0.0,3.6,0.0,0.0,0.0,,0.0,3.6,0.0,0.0,0.0,0.0,,0.0,3.6,3.6,7.2,0.0,0.0,3.6,0.0,0.0,,bazleda01,-1.6,0.0,0.0,0.0,0.0,11.2,5.5,23.2,0.0,0.0,50.0,8.6,0.0,0.0,0.0,-0.142,-7.7,-0.7,-8.4,0.0,0.8,1.0,0.0,0.0,0.0,0.0,0.0,,,,,,,1.0,0,,0,0
451,Darius Bazley,23,UTA,PF,6,0,142,4.6,7.4,0.621,0.5,2.0,0.25,4.1,5.3,0.762,0.655,2.5,3.0,0.833,2.0,4.8,6.8,1.3,1.5,1.8,1.8,0.8,12.2,,bazleda01,14.9,0.7,0.276,0.414,6.3,14.6,10.5,4.7,2.0,4.4,17.0,12.2,0.2,0.1,0.3,0.1,-0.4,0.6,0.2,0.1,10.2,0.31,0.345,0.069,0.0,0.762,1.0,0.6,0.5,,0.25,0.5,1.0,0.207,6,0.625,0,0
452,DeJon Jarreau,26,MEM,SG,9,0,150,4.1,12.0,0.34,1.0,3.1,0.308,3.1,8.9,0.351,0.38,1.2,2.6,0.455,1.9,8.6,10.6,6.2,1.4,0.5,2.2,3.4,10.3,,jarrede01,9.6,0.392,0.26,0.22,5.6,27.3,16.0,25.4,2.0,1.2,14.1,18.3,-0.2,0.2,0.0,0.002,-4.6,0.7,-4.0,-0.1,12.5,0.26,0.28,0.1,0.1,0.351,0.538,0.286,0.4,0.0,0.308,0.077,1.0,0.04,2,0.154,0,0
453,Jules Bernard,24,WAS,SG,19,0,149,7.0,15.5,0.453,2.7,7.0,0.379,4.3,8.5,0.514,0.539,1.2,2.2,0.556,2.4,3.9,6.3,3.9,0.7,0.2,1.9,3.4,17.9,,bernaju01,12.7,0.544,0.453,0.141,7.0,11.8,9.3,15.4,0.9,0.5,10.5,21.5,0.0,0.0,0.1,0.026,-0.6,-2.5,-3.0,0.0,14.0,0.328,0.172,0.031,0.016,0.514,0.571,0.455,0.5,0.0,0.379,0.278,0.909,0.016,1,0.172,0,0
454,Jeff Dowtin Jr.,26,PHI,PG,12,0,142,5.1,9.1,0.556,2.3,4.8,0.474,2.8,4.3,0.647,0.681,0.8,1.0,0.75,0.8,4.3,5.1,6.8,1.8,0.3,1.3,0.3,13.2,,dowtije01,18.2,0.689,0.528,0.111,2.3,13.5,7.8,26.4,2.4,0.6,11.7,13.0,0.4,0.2,0.6,0.193,2.0,1.3,3.3,0.2,15.5,0.306,0.083,0.083,0.0,0.647,0.818,0.0,0.667,,0.474,0.455,0.556,0.028,1,0.105,0,0
455,Sidy Cissoko,19,SAS,SF,12,0,141,4.1,8.4,0.485,0.3,3.1,0.083,3.8,5.4,0.714,0.5,3.1,3.8,0.8,2.0,3.6,5.6,2.6,1.8,0.8,0.8,4.6,11.5,,cissosi01,12.0,0.568,0.364,0.455,6.1,10.8,8.4,9.4,2.4,1.8,7.0,12.7,0.2,0.1,0.3,0.11,-4.0,1.4,-2.7,0.0,10.4,0.424,0.212,0.0,0.0,0.714,0.857,0.429,,,0.083,0.8,1.0,0.333,10,0.5,0,0
456,Brandon Clarke,27,MEM,PF,6,1,134,8.9,15.9,0.559,0.3,1.6,0.167,8.6,14.2,0.604,0.568,0.3,1.9,0.143,3.5,5.1,8.6,2.4,1.3,1.6,0.8,2.1,18.3,,clarkbr01,18.9,0.548,0.102,0.119,10.2,16.2,13.1,12.2,1.8,4.2,4.6,20.8,0.1,0.2,0.3,0.108,0.7,0.3,1.0,0.1,9.2,0.254,0.373,0.186,0.085,0.604,0.6,0.682,0.545,0.4,0.167,0.781,1.0,0.034,2,0.667,0,0
457,Emoni Bates,20,CLE,SF,15,0,133,4.1,13.3,0.306,2.7,8.9,0.303,1.4,4.3,0.313,0.408,0.3,1.1,0.25,0.3,3.5,3.8,2.7,0.3,0.5,2.2,1.4,11.1,,batesem01,2.6,0.404,0.673,0.082,0.9,10.9,5.9,10.0,0.4,1.4,13.6,19.5,-0.4,0.1,-0.3,-0.092,-6.2,-3.0,-9.2,-0.2,20.5,0.143,0.041,0.041,0.102,0.313,0.286,0.0,0.5,0.4,0.303,0.2,1.0,0.02,0,0.182,0,0
458,Dru Smith,26,MIA,SG,9,0,131,4.1,9.1,0.455,1.9,4.7,0.412,2.2,4.4,0.5,0.561,0.5,0.5,1.0,1.6,2.2,3.8,3.8,2.5,0.8,1.4,3.3,10.7,,smithdr01,12.8,0.576,0.515,0.061,5.1,7.0,6.1,15.0,3.4,2.2,12.9,13.2,0.1,0.2,0.3,0.125,-1.8,3.2,1.4,0.1,15.4,0.273,0.121,0.061,0.03,0.5,0.667,0.5,0.0,0.0,0.412,0.5,0.857,0.0,0,0.235,0,0
459,Jeenathan Williams,24,HOU,SG,22,0,129,7.5,14.0,0.54,0.6,1.4,0.4,7.0,12.6,0.556,0.56,2.0,3.6,0.538,3.3,3.1,6.4,2.0,1.1,0.3,1.1,2.8,17.6,,willije02,15.6,0.565,0.1,0.26,9.9,9.2,9.6,8.3,1.5,0.7,6.7,19.7,0.2,0.1,0.3,0.11,-0.8,-0.8,-1.6,0.0,5.9,0.46,0.38,0.04,0.02,0.556,0.826,0.316,0.0,0.0,0.4,0.4,1.0,0.1,5,0.8,0,0
460,T.J. Warren,30,MIN,SF,11,0,125,5.2,11.8,0.439,0.6,3.7,0.154,4.6,8.1,0.571,0.463,0.9,1.2,0.75,1.4,4.9,6.3,2.6,1.2,0.3,1.2,3.2,11.8,,warretj01,9.2,0.479,0.317,0.098,4.8,14.8,10.0,10.1,1.6,0.7,8.6,16.5,0.0,0.2,0.2,0.06,-5.0,0.5,-4.5,-0.1,13.5,0.171,0.171,0.244,0.098,0.571,1.0,0.429,0.3,0.75,0.154,0.813,1.0,0.0,0,0.308,0,0
461,Timmy Allen,24,MEM,SF,5,0,125,1.7,6.6,0.261,0.0,2.0,0.0,1.7,4.6,0.375,0.261,0.3,0.6,0.5,1.2,3.7,4.9,1.4,1.2,0.0,0.6,5.2,3.7,,allenti01,0.8,0.272,0.304,0.087,3.4,11.8,7.4,5.4,1.6,0.0,7.7,8.9,-0.2,0.1,-0.1,-0.041,-10.3,-0.7,-11.1,-0.3,14.6,0.13,0.174,0.261,0.13,0.375,0.333,0.5,0.333,0.333,0.0,0.333,,0.0,0,0.714,0,0
462,Jalen Pickett,24,DEN,SG,27,0,122,4.4,10.3,0.429,2.7,7.4,0.36,1.8,3.0,0.6,0.557,0.9,1.2,0.75,0.3,3.8,4.1,6.2,1.2,0.0,2.7,3.8,12.4,,pickeja02,9.7,0.571,0.714,0.114,0.9,11.5,6.4,21.7,1.6,0.0,19.7,16.4,0.0,0.1,0.2,0.065,-2.7,-0.5,-3.3,0.0,22.6,0.029,0.057,0.086,0.114,0.6,1.0,0.5,0.333,0.75,0.36,0.5,0.778,0.0,0,0.04,1,0
463,Luka Garza,25,MIN,C,25,0,122,10.6,22.1,0.48,2.7,9.4,0.281,8.0,12.7,0.628,0.54,5.3,7.4,0.72,5.6,3.5,9.1,1.2,1.2,0.3,1.8,7.1,29.2,,garzalu01,21.8,0.576,0.427,0.333,18.6,10.7,14.4,5.9,1.6,0.7,6.5,33.3,0.2,0.2,0.4,0.166,0.6,-2.7,-2.1,0.0,13.6,0.187,0.347,0.04,0.0,0.628,0.714,0.538,1.0,,0.281,0.556,1.0,0.027,2,0.031,0,0
464,Mãozinha Pereira,23,MEM,SF,7,1,122,5.3,10.3,0.514,1.5,3.8,0.385,3.8,6.5,0.591,0.586,2.1,3.0,0.7,3.2,7.7,10.9,0.6,1.8,1.2,1.5,3.0,14.2,,pereima01,15.7,0.609,0.371,0.286,9.5,24.3,16.6,2.5,2.4,3.1,11.3,15.6,0.1,0.2,0.3,0.123,-1.2,0.7,-0.5,0.0,11.7,0.4,0.229,0.0,0.0,0.591,0.714,0.375,,,0.385,0.692,1.0,0.314,9,0.462,1,0
465,Jahmi'us Ramsey,22,TOR,SG,7,1,121,5.4,12.2,0.439,1.8,6.5,0.273,3.6,5.7,0.632,0.512,1.5,1.8,0.833,1.2,5.4,6.5,2.4,2.1,0.0,2.1,3.0,14.0,,ramseja01,10.6,0.538,0.537,0.146,3.6,16.7,10.0,9.1,2.8,0.0,13.8,17.9,-0.1,0.1,0.1,0.021,-3.9,-0.5,-4.4,-0.1,15.9,0.293,0.073,0.073,0.024,0.632,0.75,0.0,0.667,1.0,0.273,0.583,1.0,0.098,4,0.273,0,0
466,Marques Bolden,25,2TM,C,11,2,121,5.1,7.4,0.68,0.0,0.3,0.0,5.1,7.1,0.708,0.68,0.9,1.2,0.75,3.0,7.1,10.1,1.2,0.9,2.1,0.9,3.0,11.0,,boldema01,16.0,0.691,0.04,0.16,9.0,22.8,15.8,4.8,1.2,5.4,10.1,10.9,0.2,0.1,0.3,0.134,-2.1,-0.5,-2.7,0.0,5.4,0.44,0.32,0.2,0.0,0.708,0.818,0.875,0.2,,0.0,0.824,,0.2,5,0.0,0,0
466,Marques Bolden,25,MIL,C,2,0,3,0.0,0.0,,0.0,0.0,,0.0,0.0,,,0.0,0.0,,0.0,24.0,24.0,0.0,0.0,0.0,0.0,12.0,0.0,,boldema01,3.0,,,,0.0,71.5,36.5,0.0,0.0,0.0,,0.0,0.0,0.0,0.0,0.102,-7.8,2.3,-5.5,0.0,,,,,,,,,,,,,,,0,,0,0
466,Marques Bolden,25,CHO,C,9,2,118,5.2,7.6,0.68,0.0,0.3,0.0,5.2,7.3,0.708,0.68,0.9,1.2,0.75,3.1,6.7,9.8,1.2,0.9,2.1,0.9,2.7,11.3,,boldema01,16.4,0.691,0.04,0.16,9.2,21.6,15.2,4.9,1.3,5.5,10.1,11.1,0.2,0.1,0.3,0.135,-2.0,-0.6,-2.6,0.0,5.4,0.44,0.32,0.2,0.0,0.708,0.818,0.875,0.2,,0.0,0.824,,0.2,5,0.0,0,0
467,Mouhamadou Gueye,25,TOR,PF,11,0,120,3.3,11.4,0.289,0.0,0.9,0.0,3.3,10.5,0.314,0.289,1.2,2.7,0.444,3.6,3.3,6.9,1.5,0.9,5.4,3.6,4.5,7.8,,gueyemo01,4.6,0.31,0.079,0.237,10.8,10.3,10.5,5.3,1.2,13.2,22.2,19.2,-0.5,0.2,-0.4,-0.147,-11.0,-0.9,-11.9,-0.3,6.0,0.395,0.474,0.026,0.026,0.314,0.467,0.222,0.0,0.0,0.0,0.727,,0.211,6,0.0,0,0
468,Xavier Moon,29,LAC,SG,14,1,119,4.5,13.9,0.326,0.6,5.1,0.118,3.9,8.8,0.448,0.348,0.3,0.6,0.5,2.4,3.0,5.4,6.4,0.9,0.9,1.5,2.4,10.0,,moonxa01,8.1,0.352,0.37,0.043,7.9,9.2,8.5,23.4,1.2,2.3,9.6,19.1,-0.2,0.1,-0.1,-0.026,-4.7,-1.4,-6.1,-0.1,16.2,0.065,0.217,0.217,0.13,0.448,0.0,0.4,0.6,0.5,0.118,0.308,0.5,0.0,0,0.059,0,0
469,Robert Williams,26,POR,C,6,0,119,5.1,7.9,0.654,0.0,0.0,,5.1,7.9,0.654,0.654,2.1,2.7,0.778,3.3,8.2,11.5,1.5,2.1,2.1,2.1,5.1,12.4,,williro04,17.2,0.684,0.0,0.346,9.8,27.0,17.9,6.3,2.9,5.3,18.9,13.2,0.2,0.2,0.4,0.144,-2.2,2.9,0.7,0.1,5.8,0.5,0.269,0.038,0.192,0.654,0.769,0.429,1.0,0.6,,0.529,,0.269,5,,0,0
470,Brandon Williams,24,DAL,PG,17,0,113,6.4,17.2,0.37,1.0,4.8,0.2,5.4,12.4,0.436,0.398,3.5,5.4,0.647,1.3,2.9,4.1,5.4,0.3,0.3,2.2,1.3,17.2,,willibr03,9.3,0.439,0.278,0.315,3.9,8.7,6.3,20.9,0.4,0.8,10.2,26.0,-0.2,0.1,-0.1,-0.044,-2.7,-2.8,-5.5,-0.1,12.2,0.259,0.259,0.093,0.111,0.436,0.571,0.286,0.4,0.5,0.2,0.353,0.667,0.037,1,0.133,0,0
471,Udoka Azubuike,24,PHO,C,16,0,113,5.1,7.3,0.696,0.0,0.0,,5.1,7.3,0.696,0.696,1.0,4.1,0.231,3.5,6.7,10.2,1.0,0.3,1.9,1.3,5.4,11.2,,azubuud01,12.3,0.609,0.0,0.565,11.6,20.0,16.0,3.6,0.4,4.7,12.2,12.6,0.1,0.1,0.2,0.1,-3.0,-0.1,-3.2,0.0,2.7,0.696,0.261,0.043,0.0,0.696,0.813,0.5,0.0,,,0.563,,0.522,10,,0,0
472,Matthew Hurt,23,MEM,PF,8,0,113,3.8,10.8,0.353,1.6,6.4,0.25,2.2,4.5,0.5,0.426,1.0,1.0,1.0,2.9,2.2,5.1,1.3,1.0,1.0,0.6,2.5,10.2,,hurtma01,8.4,0.453,0.588,0.088,8.4,7.1,7.7,5.1,1.3,2.5,5.4,14.2,0.0,0.1,0.1,0.031,-3.0,-0.7,-3.7,-0.1,19.5,0.088,0.118,0.029,0.176,0.5,0.667,0.5,0.0,0.5,0.25,0.571,1.0,0.0,0,0.25,0,0
473,Jalen Hood-Schifino,20,LAL,SG,21,0,109,3.3,14.9,0.222,0.7,5.0,0.133,2.6,9.9,0.267,0.244,4.0,6.6,0.6,0.7,3.6,4.3,2.6,1.0,0.7,3.0,4.3,11.2,,hoodsja01,-1.5,0.316,0.333,0.444,2.1,10.7,6.6,9.1,1.3,1.6,14.3,24.9,-0.6,0.1,-0.5,-0.222,-12.4,-3.7,-16.1,-0.4,16.1,0.111,0.222,0.089,0.244,0.267,0.6,0.1,0.25,0.273,0.133,0.625,1.0,0.022,1,0.067,0,0
474,Dylan Windler,27,3TM,SF,17,0,108,5.0,10.0,0.5,4.3,9.0,0.481,0.7,1.0,0.667,0.717,0.0,0.0,,1.0,4.3,5.3,3.3,0.7,0.0,0.7,2.0,14.3,,windldy01,14.2,0.717,0.9,0.0,2.9,13.4,8.1,12.3,0.9,0.0,6.3,12.5,0.3,0.0,0.3,0.14,1.7,-1.0,0.7,0.1,23.8,0.067,0.0,0.033,0.0,0.667,1.0,,0.0,,0.481,1.0,0.846,0.0,0,0.37,0,0
474,Dylan Windler,27,NYK,SF,3,0,7,5.1,10.3,0.5,5.1,10.3,0.5,0.0,0.0,,0.75,0.0,0.0,,0.0,5.1,5.1,5.1,0.0,0.0,0.0,5.1,15.4,,windldy01,15.5,0.75,1.0,0.0,0.0,16.1,8.0,20.0,0.0,0.0,0.0,12.3,0.0,0.0,0.0,0.238,3.7,3.8,7.4,0.0,25.2,0.0,0.0,0.0,0.0,,,,,,0.5,,1.0,0.0,0,0.5,0,0
474,Dylan Windler,27,LAL,SF,8,0,28,5.1,11.6,0.444,5.1,10.3,0.5,0.0,1.3,0.0,0.667,0.0,0.0,,0.0,3.9,3.9,7.7,0.0,0.0,0.0,2.6,15.4,,windldy01,15.9,0.667,0.889,0.0,0.0,11.3,6.0,28.2,0.0,0.0,0.0,13.9,0.1,0.0,0.1,0.194,3.8,-0.6,3.2,0.0,24.3,0.0,0.0,0.111,0.0,0.0,,,0.0,,0.5,,1.0,0.0,0,0.25,0,0
474,Dylan Windler,27,ATL,SF,6,0,73,4.9,9.4,0.526,3.9,8.4,0.471,1.0,1.0,1.0,0.737,0.0,0.0,,1.5,4.4,5.9,1.5,1.0,0.0,1.0,1.5,13.8,,windldy01,13.4,0.737,0.895,0.0,4.3,14.0,9.0,5.5,1.3,0.0,9.5,12.0,0.1,0.0,0.2,0.11,0.6,-1.6,-0.9,0.0,22.0,0.105,0.0,0.0,0.0,1.0,1.0,,,,0.471,1.0,0.75,0.0,0,0.412,0,0
475,Malik Williams,25,TOR,C,7,2,107,3.0,11.4,0.265,0.3,1.7,0.2,2.7,9.8,0.276,0.279,0.0,0.7,0.0,5.0,7.7,12.8,0.7,1.0,1.3,1.0,5.0,6.4,,willima11,4.9,0.272,0.147,0.059,15.1,24.1,19.5,2.4,1.4,3.3,7.9,15.1,-0.3,0.1,-0.2,-0.069,-7.8,-3.7,-11.5,-0.3,7.4,0.471,0.235,0.118,0.029,0.276,0.375,0.25,0.0,0.0,0.2,0.5,1.0,0.118,2,0.2,0,0
476,Armoni Brooks,25,BRK,PG,10,0,104,5.2,15.9,0.326,3.8,11.1,0.344,1.4,4.8,0.286,0.446,0.3,0.7,0.5,2.4,3.8,6.2,1.7,0.3,0.3,1.0,1.0,14.5,,brookar01,8.3,0.448,0.696,0.043,7.2,11.9,9.5,6.9,0.5,0.9,6.0,20.8,-0.1,0.1,0.0,-0.018,-2.2,-3.7,-5.8,-0.1,20.0,0.109,0.152,0.022,0.022,0.286,0.0,0.571,0.0,0.0,0.344,0.75,0.909,0.0,0,0.063,0,0
477,Maxwell Lewis,21,LAL,SF,34,0,103,1.4,7.3,0.19,0.3,3.1,0.111,1.0,4.2,0.25,0.214,0.7,1.0,0.667,0.7,0.7,1.4,2.1,0.7,0.3,3.5,1.7,3.8,,lewisma05,-3.9,0.246,0.429,0.143,2.3,2.1,2.2,6.8,0.9,0.8,30.9,13.6,-0.5,0.0,-0.4,-0.195,-10.3,-3.2,-13.5,-0.3,14.3,0.238,0.19,0.048,0.095,0.25,0.2,0.25,0.0,0.5,0.111,0.333,1.0,0.048,0,0.0,0,0
478,Harry Giles,25,2TM,C,23,0,100,8.3,18.0,0.46,1.1,5.0,0.214,7.2,13.0,0.556,0.49,2.5,4.7,0.538,4.3,6.5,10.8,2.2,0.7,1.1,2.2,5.4,20.2,,gilesha01,14.8,0.503,0.28,0.26,12.8,20.0,16.4,10.5,1.0,2.7,9.7,26.7,0.0,0.1,0.1,0.027,-2.7,-2.0,-4.8,-0.1,12.5,0.36,0.26,0.06,0.04,0.556,0.667,0.462,0.333,0.5,0.214,0.7,1.0,0.12,5,0.357,0,0
478,Harry Giles,25,BRK,C,16,0,81,9.8,19.6,0.5,1.3,4.9,0.273,8.4,14.7,0.576,0.534,3.1,5.8,0.538,5.3,6.2,11.6,2.7,0.4,1.3,2.7,6.7,24.0,,gilesha01,18.5,0.543,0.25,0.295,15.7,19.5,17.6,13.0,0.6,3.3,10.8,29.8,0.0,0.1,0.1,0.071,-1.1,-1.8,-2.8,0.0,9.8,0.386,0.25,0.068,0.045,0.576,0.647,0.545,0.333,0.5,0.273,0.684,1.0,0.136,5,0.273,0,0
478,Harry Giles,25,LAL,C,7,0,19,1.9,11.4,0.167,0.0,5.7,0.0,1.9,5.7,0.333,0.167,0.0,0.0,,0.0,7.6,7.6,0.0,1.9,0.0,0.0,0.0,3.8,,gilesha01,-1.0,0.167,0.5,0.0,0.0,22.3,11.7,0.0,2.5,0.0,0.0,13.6,-0.1,0.0,-0.1,-0.162,-9.7,-3.2,-12.9,-0.1,15.2,0.167,0.333,0.0,0.0,0.333,1.0,0.0,,,0.0,1.0,,0.0,0,0.667,0,0
479,Olivier Sarr,24,OKC,C,15,0,98,4.0,7.0,0.579,0.7,2.2,0.333,3.3,4.8,0.692,0.632,3.7,5.5,0.667,3.7,9.6,13.2,0.7,0.0,2.6,1.1,6.6,12.5,,sarrol01,14.8,0.664,0.316,0.789,11.8,28.5,20.5,2.5,0.0,6.6,10.5,12.7,0.2,0.2,0.4,0.186,-2.6,-0.1,-2.6,0.0,8.9,0.579,0.105,0.0,0.0,0.692,0.818,0.0,,,0.333,0.889,1.0,0.263,5,0.5,0,0
480,Jamaree Bouyea,24,2TM,PG,9,0,95,3.8,10.6,0.357,0.4,3.4,0.111,3.4,7.2,0.474,0.375,0.0,0.0,,1.1,6.1,7.2,4.2,0.4,0.0,3.4,3.8,8.0,,bouyeja01,1.5,0.375,0.321,0.0,3.4,19.2,11.0,15.9,0.5,0.0,24.3,16.5,-0.3,0.1,-0.3,-0.129,-10.2,-2.0,-12.3,-0.2,11.7,0.286,0.321,0.036,0.036,0.474,0.625,0.222,1.0,1.0,0.111,0.444,1.0,0.0,0,0.0,1,0
480,Jamaree Bouyea,24,POR,PG,6,0,57,3.2,13.3,0.238,0.0,5.1,0.0,3.2,8.2,0.385,0.238,0.0,0.0,,1.3,5.1,6.3,5.1,0.0,0.0,5.1,1.9,6.3,,bouyeja01,-4.8,0.238,0.381,0.0,3.7,16.7,9.8,19.4,0.0,0.0,27.6,21.6,-0.4,0.0,-0.4,-0.299,-13.0,-4.8,-17.8,-0.2,15.6,0.238,0.333,0.0,0.048,0.385,0.6,0.143,,1.0,0.0,0.4,,0.0,0,0.0,1,0
480,Jamaree Bouyea,24,SAS,PG,3,0,38,4.7,6.6,0.714,0.9,0.9,1.0,3.8,5.7,0.667,0.786,0.0,0.0,,0.9,7.6,8.5,2.8,0.9,0.0,0.9,6.6,10.4,,bouyeja01,11.1,0.786,0.143,0.0,2.8,23.0,12.8,10.7,1.2,0.0,12.5,8.9,0.1,0.0,0.1,0.126,-6.1,2.2,-3.9,0.0,7.8,0.429,0.286,0.143,0.0,0.667,0.667,0.5,1.0,,1.0,0.5,1.0,0.0,0,0.0,0,0
481,Josh Minott,21,MIN,SF,32,0,91,6.7,14.2,0.472,1.6,4.0,0.4,5.1,10.3,0.5,0.528,4.7,5.5,0.857,1.6,5.1,6.7,3.2,2.0,2.0,0.8,4.0,19.8,,minotjo01,20.4,0.593,0.278,0.389,5.2,15.5,10.6,13.2,2.7,4.9,4.5,21.4,0.2,0.2,0.4,0.222,1.8,3.3,5.1,0.2,9.1,0.444,0.278,0.0,0.0,0.5,0.625,0.3,,,0.4,0.615,1.0,0.139,4,0.3,0,0
482,Chris Livingston,20,MIL,SF,21,0,90,4.4,8.8,0.5,0.4,2.0,0.2,4.0,6.8,0.588,0.523,1.2,1.6,0.75,1.2,7.2,8.4,2.0,0.8,0.0,2.0,6.0,10.4,,livinch01,6.9,0.547,0.227,0.182,3.7,21.5,12.8,7.2,1.1,0.0,17.4,13.8,0.0,0.1,0.1,0.027,-7.0,-1.0,-8.0,-0.1,7.9,0.545,0.227,0.0,0.0,0.588,0.667,0.4,,,0.2,0.5,1.0,0.045,1,0.6,0,0
483,Cole Swider,24,MIA,SF,18,0,87,6.2,15.7,0.395,4.1,12.4,0.333,2.1,3.3,0.625,0.526,0.8,0.8,1.0,0.4,2.5,2.9,2.1,0.4,0.4,3.3,1.7,17.4,,swideco01,7.1,0.54,0.789,0.053,1.3,7.9,4.6,8.8,0.6,1.1,17.1,24.0,-0.2,0.1,-0.1,-0.05,-2.1,-2.4,-4.5,-0.1,22.1,0.079,0.053,0.026,0.053,0.625,1.0,0.0,1.0,0.5,0.333,0.8,1.0,0.053,2,0.267,0,0
484,Admiral Schofield,26,ORL,PF,23,0,84,4.3,11.1,0.385,2.6,6.9,0.375,1.7,4.3,0.4,0.5,0.0,0.9,0.0,1.3,6.0,7.3,3.0,0.4,0.0,2.1,3.9,11.1,,schofad01,6.0,0.484,0.615,0.077,4.2,19.7,11.9,11.6,0.6,0.0,15.7,16.6,-0.1,0.1,0.0,0.006,-4.1,-0.8,-4.9,-0.1,18.2,0.192,0.115,0.0,0.077,0.4,0.6,0.0,,0.5,0.375,0.5,1.0,0.154,2,0.25,0,0
485,Terquavion Smith,21,PHI,PG,16,0,84,7.7,19.7,0.391,5.6,15.0,0.371,2.1,4.7,0.455,0.533,1.3,2.1,0.6,0.0,1.7,1.7,5.1,3.4,0.0,3.0,3.4,22.3,,smithte01,14.8,0.539,0.761,0.109,0.0,5.4,2.6,22.1,4.7,0.0,12.7,28.4,0.0,0.1,0.1,0.05,0.3,0.5,0.8,0.1,21.1,0.174,0.022,0.022,0.022,0.455,0.625,0.0,0.0,0.0,0.371,0.2,0.846,0.043,2,0.086,0,0
486,Buddy Boeheim,24,DET,SF,10,0,84,3.9,12.4,0.31,3.4,10.7,0.32,0.4,1.7,0.25,0.448,3.4,4.3,0.8,1.3,3.0,4.3,1.3,0.0,0.4,0.0,2.1,14.6,,boehebu01,9.1,0.509,0.862,0.345,3.9,9.5,6.6,4.8,0.0,1.0,0.0,17.0,0.1,0.0,0.1,0.047,-0.7,-2.8,-3.5,0.0,23.9,0.034,0.034,0.034,0.034,0.25,0.0,0.0,1.0,0.0,0.32,1.0,1.0,0.0,0,0.2,0,0
487,Jordan Walsh,19,BOS,SF,9,1,83,2.6,6.5,0.4,0.9,3.9,0.222,1.7,2.6,0.667,0.467,0.4,0.9,0.5,2.2,6.5,8.7,2.2,2.2,0.4,1.3,4.8,6.5,,walshjo01,8.4,0.472,0.6,0.133,6.8,18.7,13.0,7.2,3.0,1.1,15.9,9.9,0.0,0.2,0.2,0.089,-5.6,1.8,-3.8,0.0,16.1,0.267,0.133,0.0,0.0,0.667,0.75,0.5,,,0.222,0.75,1.0,0.333,4,0.444,0,0
488,Jerome Robinson,26,GSW,SG,22,0,81,4.9,14.7,0.333,0.9,7.6,0.118,4.0,7.1,0.563,0.364,3.1,4.9,0.636,0.4,2.2,2.7,2.2,0.4,1.3,0.9,2.2,13.8,,robinje01,5.7,0.41,0.515,0.333,1.4,6.6,4.0,8.0,0.6,3.3,5.0,20.7,-0.1,0.1,-0.1,-0.04,-6.1,-2.2,-8.3,-0.1,15.5,0.242,0.212,0.0,0.03,0.563,0.75,0.429,,0.0,0.118,1.0,1.0,0.061,2,0.235,0,0
489,James Bouknight,23,CHO,SG,14,0,81,8.0,18.2,0.439,5.8,13.3,0.433,2.2,4.9,0.455,0.598,0.4,0.9,0.5,0.4,3.6,4.0,2.7,0.4,0.4,0.9,1.3,22.2,,bouknja01,15.9,0.597,0.732,0.049,1.3,11.4,6.2,12.2,0.6,1.2,4.6,23.9,0.1,0.0,0.1,0.062,4.4,-2.2,2.2,0.1,20.2,0.171,0.049,0.024,0.024,0.455,0.714,0.0,0.0,0.0,0.433,0.4,0.538,0.024,1,0.233,0,0
490,Wenyen Gabriel,26,MEM,PF,5,0,81,3.6,9.8,0.364,0.4,2.7,0.167,3.1,7.1,0.438,0.386,0.0,2.2,0.0,3.1,8.0,11.1,1.3,0.9,0.9,3.6,4.4,7.6,,gabriwe01,2.3,0.351,0.273,0.227,9.1,25.3,16.9,5.3,1.2,2.3,24.8,17.0,-0.3,0.1,-0.2,-0.123,-10.6,-1.9,-12.5,-0.2,8.6,0.545,0.091,0.091,0.0,0.438,0.5,0.5,0.0,,0.167,0.714,1.0,0.136,2,0.5,0,0
491,Ryan Rollins,21,2TM,PG,13,0,78,6.5,12.5,0.519,1.4,1.8,0.75,5.1,10.6,0.478,0.574,6.0,7.8,0.765,0.9,5.1,6.0,6.5,4.6,1.4,3.7,3.7,20.3,,rolliry01,22.0,0.638,0.148,0.63,2.7,15.4,8.9,25.0,6.0,3.1,18.8,23.0,0.1,0.1,0.3,0.155,0.6,5.1,5.7,0.2,12.8,0.296,0.333,0.222,0.0,0.478,0.75,0.333,0.333,,0.75,0.091,0.667,0.0,0,0.25,0,0
491,Ryan Rollins,21,WAS,PG,10,0,66,7.1,13.6,0.52,1.1,1.6,0.667,6.0,12.0,0.5,0.56,7.1,9.3,0.765,1.1,4.9,6.0,6.0,4.4,1.6,3.8,3.8,22.4,,rolliry01,22.7,0.631,0.12,0.68,3.2,14.9,8.9,24.0,5.7,3.7,17.7,25.2,0.1,0.1,0.2,0.147,0.6,4.5,5.0,0.1,8.4,0.32,0.36,0.2,0.0,0.5,0.75,0.333,0.4,,0.667,0.091,0.5,0.0,0,0.0,0,0
491,Ryan Rollins,21,MIL,PG,3,0,12,3.0,6.0,0.5,3.0,3.0,1.0,0.0,3.0,0.0,0.75,0.0,0.0,,0.0,6.0,6.0,9.0,6.0,0.0,3.0,3.0,9.0,,rolliry01,18.5,0.75,0.5,0.0,0.0,17.9,9.1,30.9,8.0,0.0,33.3,10.8,0.0,0.0,0.0,0.199,0.6,8.5,9.2,0.0,17.2,0.0,0.0,0.5,0.0,0.0,,,0.0,,1.0,,1.0,0.0,0,1.0,0,0
492,R.J. Hampton,22,MIA,PG,8,2,76,1.9,6.6,0.286,0.5,3.8,0.125,1.4,2.8,0.5,0.321,0.5,0.9,0.5,0.9,1.9,2.8,3.8,0.0,0.0,1.4,3.8,4.7,,hamptrj01,0.9,0.336,0.571,0.143,3.0,6.0,4.5,13.6,0.0,0.0,16.8,10.5,-0.1,0.0,-0.1,-0.038,-8.1,-1.4,-9.5,-0.1,17.0,0.143,0.143,0.143,0.0,0.5,0.5,0.5,0.5,,0.125,0.333,1.0,0.0,0,0.375,0,0
493,Wendell Moore Jr.,22,MIN,SG,25,0,75,4.3,8.6,0.5,0.0,2.9,0.0,4.3,5.8,0.75,0.5,0.0,0.0,,0.0,5.8,5.8,2.9,2.4,0.5,1.9,2.4,8.6,,moorewe01,8.6,0.5,0.333,0.0,0.0,17.4,9.1,10.9,3.3,1.2,18.2,13.0,-0.1,0.2,0.1,0.052,-6.1,3.3,-2.8,0.0,13.0,0.222,0.167,0.222,0.056,0.75,1.0,0.667,0.75,0.0,0.0,0.556,,0.056,1,0.333,0,0
494,Nate Hinton,24,HOU,SG,15,0,75,5.3,12.5,0.423,3.4,6.7,0.5,1.9,5.8,0.333,0.558,1.9,2.4,0.8,3.4,7.2,10.6,4.8,1.4,1.0,1.4,5.3,15.8,,hintona01,17.6,0.585,0.538,0.192,9.9,21.7,15.7,18.6,1.9,2.5,9.6,17.7,0.2,0.1,0.3,0.187,1.9,1.7,3.6,0.1,16.0,0.269,0.115,0.0,0.077,0.333,0.429,0.333,,0.0,0.5,0.25,0.714,0.0,0,0.143,0,0
495,Mouhamed Gueye,21,ATL,PF,6,0,73,3.9,11.3,0.348,1.5,4.4,0.333,2.5,6.9,0.357,0.413,2.5,3.0,0.833,4.9,5.9,10.8,2.0,2.5,2.0,0.5,6.4,11.8,,gueyemo02,15.0,0.468,0.391,0.261,14.4,18.6,16.4,7.0,3.3,4.9,3.8,15.2,0.1,0.1,0.2,0.127,-2.1,0.6,-1.5,0.0,11.6,0.348,0.217,0.043,0.0,0.357,0.5,0.2,0.0,,0.333,1.0,1.0,0.174,3,0.444,0,0
496,Isaiah Mobley,24,CLE,PF,10,0,72,5.0,12.0,0.417,1.5,5.0,0.3,3.5,7.0,0.5,0.479,0.0,0.5,0.0,1.5,3.5,5.0,3.0,1.0,0.0,1.0,3.0,11.5,,mobleis01,8.1,0.471,0.417,0.042,4.7,10.8,7.8,11.5,1.4,0.0,7.6,16.2,0.0,0.1,0.0,0.032,-4.5,-2.1,-6.6,-0.1,12.3,0.375,0.167,0.042,0.0,0.5,0.778,0.0,0.0,,0.3,0.429,1.0,0.083,2,0.4,0,0
497,Boban Marjanović,35,HOU,C,14,0,71,9.1,17.2,0.529,0.0,1.0,0.0,9.1,16.2,0.563,0.529,4.6,7.1,0.643,3.5,12.7,16.2,3.0,0.5,1.0,2.5,2.5,22.8,,marjabo01,21.1,0.56,0.059,0.412,10.5,38.2,24.2,13.9,0.7,2.6,11.1,27.0,0.1,0.1,0.2,0.128,0.2,-0.5,-0.3,0.0,6.7,0.294,0.529,0.088,0.029,0.563,0.9,0.444,0.333,0.0,0.0,0.722,,0.206,7,0.0,0,0
498,Jason Preston,24,UTA,PG,7,0,71,3.0,9.6,0.316,0.0,1.5,0.0,3.0,8.1,0.375,0.316,0.0,0.0,,3.0,5.6,8.6,8.1,1.0,0.5,1.0,1.5,6.1,,prestja01,10.5,0.316,0.158,0.0,9.4,16.9,13.2,28.7,1.4,1.3,9.5,12.4,0.0,0.0,0.0,0.026,-2.5,-0.1,-2.6,0.0,9.9,0.105,0.579,0.158,0.0,0.375,0.5,0.273,0.667,,0.0,0.333,,0.0,0,0.333,0,0
499,Jett Howard,20,ORL,SF,18,0,67,5.4,16.1,0.333,3.8,13.4,0.28,1.6,2.7,0.6,0.45,1.1,2.1,0.5,0.5,3.2,3.8,3.2,1.1,1.1,1.6,2.1,15.6,,howarje01,8.6,0.457,0.833,0.133,1.7,10.6,6.1,13.0,1.5,2.8,8.6,22.7,-0.1,0.1,0.0,0.005,-1.4,-0.3,-1.8,0.0,23.7,0.033,0.067,0.033,0.033,0.6,0.0,1.0,1.0,0.0,0.28,1.0,0.714,0.0,0,0.08,0,0
500,Kobi Simmons,26,TOR,PG,4,0,67,4.8,11.3,0.429,1.1,4.3,0.25,3.8,7.0,0.538,0.476,0.0,0.0,,0.5,3.2,3.8,6.4,3.2,1.1,0.5,2.7,10.7,,simmoko01,14.5,0.476,0.381,0.0,1.6,10.1,5.7,24.2,4.3,2.6,4.5,14.0,0.1,0.1,0.1,0.098,-2.6,1.6,-1.0,0.0,13.1,0.286,0.19,0.095,0.048,0.538,0.5,0.5,1.0,0.0,0.25,0.429,1.0,0.048,1,0.5,0,0
501,Keyontae Johnson,23,OKC,SF,9,0,66,2.7,8.7,0.313,0.5,1.6,0.333,2.2,7.1,0.308,0.344,0.0,0.0,,2.2,3.3,5.5,2.2,0.5,0.0,2.2,2.7,6.0,,johnske08,1.6,0.344,0.188,0.0,7.0,9.8,8.4,7.2,0.7,0.0,20.0,13.1,-0.1,0.1,-0.1,-0.068,-7.5,-2.2,-9.8,-0.1,7.7,0.438,0.313,0.063,0.0,0.308,0.286,0.2,1.0,,0.333,0.5,1.0,0.063,1,0.333,0,0
502,Adama Sanogo,21,CHI,PF,9,0,66,7.6,14.7,0.519,0.0,0.0,,7.6,14.7,0.519,0.519,4.4,6.5,0.667,10.4,9.3,19.6,0.0,0.5,0.0,2.7,2.7,19.6,,sanogad01,21.9,0.558,0.0,0.444,31.6,29.4,30.5,0.0,0.8,0.0,13.4,24.8,0.1,0.1,0.2,0.133,-0.4,-6.3,-6.7,-0.1,3.1,0.556,0.407,0.037,0.0,0.519,0.667,0.273,1.0,,,0.5,,0.0,0,,0,0
503,Robin Lopez,35,MIL,C,16,2,65,3.9,10.5,0.368,1.1,4.4,0.25,2.8,6.1,0.455,0.421,1.1,1.1,1.0,1.7,1.1,2.8,2.2,0.6,1.7,1.1,3.9,10.0,,lopezro01,6.6,0.453,0.421,0.105,5.2,3.3,4.2,7.8,0.7,3.9,9.1,14.5,0.0,0.0,0.0,0.007,-4.7,-1.4,-6.1,-0.1,14.2,0.0,0.579,0.0,0.0,0.455,,0.455,,,0.25,0.8,1.0,0.0,0,0.625,0,0
504,Amari Bailey,19,CHO,PG,10,0,65,4.4,13.3,0.333,0.6,4.4,0.125,3.9,8.9,0.438,0.354,3.3,3.9,0.857,3.3,1.7,5.0,3.9,1.7,0.0,2.2,1.1,12.7,,baileam01,9.7,0.425,0.333,0.292,10.1,5.3,7.8,15.2,2.3,0.0,12.9,21.1,-0.1,0.0,-0.1,-0.044,-5.2,-3.1,-8.3,-0.1,13.5,0.333,0.042,0.167,0.125,0.438,0.5,1.0,0.25,0.333,0.125,0.286,1.0,0.125,2,0.125,0,0
505,Moussa Diabaté,22,LAC,C,11,0,64,5.6,10.7,0.526,0.0,0.0,,5.6,10.7,0.526,0.526,5.1,7.9,0.643,8.4,5.1,13.5,2.3,2.8,0.6,1.1,2.3,16.3,,diabamo01,24.7,0.576,0.0,0.737,27.4,15.4,21.2,8.6,3.9,1.4,7.4,18.6,0.2,0.1,0.3,0.25,4.0,-0.5,3.5,0.1,3.2,0.579,0.368,0.053,0.0,0.526,0.727,0.286,0.0,,,0.5,,0.316,4,,0,0
506,Jack White,26,MEM,SF,4,0,64,1.1,9.0,0.125,1.1,5.6,0.2,0.0,3.4,0.0,0.188,0.0,0.0,,2.3,4.5,6.8,0.6,2.3,0.6,1.1,1.7,3.4,,whiteja03,1.1,0.188,0.625,0.0,6.6,14.2,10.3,2.0,3.1,1.5,11.1,12.1,-0.2,0.1,-0.1,-0.1,-9.1,-1.2,-10.3,-0.1,17.1,0.25,0.063,0.063,0.0,0.0,0.0,0.0,0.0,,0.2,,1.0,0.0,0,0.2,0,0
507,Kendall Brown,20,IND,SG,15,0,63,4.6,8.6,0.533,0.0,1.1,0.0,4.6,7.4,0.615,0.533,2.9,4.6,0.625,1.7,1.1,2.9,2.9,0.0,0.0,1.1,5.1,12.0,,brownke03,7.6,0.567,0.133,0.533,5.4,3.6,4.5,9.3,0.0,0.0,9.7,13.7,0.1,0.0,0.1,0.045,-4.2,-2.6,-6.8,-0.1,7.0,0.4,0.333,0.133,0.0,0.615,0.667,0.8,0.0,,0.0,0.75,,0.2,3,0.5,0,0
508,Ish Wainright,29,2TM,SF,11,0,62,4.1,13.9,0.292,4.1,11.6,0.35,0.0,2.3,0.0,0.438,1.2,1.2,1.0,1.7,6.4,8.1,0.6,2.3,0.6,1.2,4.6,13.4,,wainris01,8.9,0.462,0.833,0.083,5.8,20.8,12.7,2.0,3.2,1.5,7.4,18.5,0.0,0.1,0.0,0.029,-2.9,0.5,-2.4,0.0,21.7,0.0,0.125,0.042,0.0,0.0,,0.0,0.0,,0.35,,1.0,0.0,0,0.25,0,0
508,Ish Wainright,29,POR,SF,7,0,46,4.7,14.1,0.333,4.7,12.5,0.375,0.0,1.6,0.0,0.5,1.6,1.6,1.0,0.0,7.0,7.0,0.0,1.6,0.8,0.8,3.1,15.7,,wainris01,10.2,0.53,0.889,0.111,0.0,23.3,11.0,0.0,2.1,2.0,5.0,18.4,0.0,0.1,0.1,0.054,-1.2,0.6,-0.6,0.0,23.8,0.0,0.056,0.056,0.0,0.0,,0.0,0.0,,0.375,,1.0,0.0,0,0.313,0,0
508,Ish Wainright,29,PHO,SF,4,0,16,2.3,13.5,0.167,2.3,9.0,0.25,0.0,4.5,0.0,0.25,0.0,0.0,,6.8,4.5,11.3,2.3,4.5,0.0,2.3,9.0,6.8,,wainris01,5.2,0.25,0.667,0.0,22.3,13.4,17.7,7.6,6.1,0.0,14.3,19.0,0.0,0.0,0.0,-0.042,-7.8,0.3,-7.5,0.0,19.5,0.0,0.333,0.0,0.0,0.0,,0.0,,,0.25,,1.0,0.0,0,0.0,0,0
509,Keon Johnson,21,BRK,SG,5,0,61,4.7,12.4,0.381,2.4,5.9,0.4,2.4,6.5,0.364,0.476,6.5,7.1,0.917,1.8,2.4,4.1,1.8,1.8,0.6,3.0,3.0,18.3,,johnske07,13.1,0.59,0.476,0.571,5.2,7.4,6.3,6.9,2.4,1.5,16.0,22.2,0.0,0.1,0.1,0.068,-1.6,-1.1,-2.7,0.0,17.5,0.19,0.095,0.048,0.19,0.364,0.5,0.5,0.0,0.25,0.4,0.75,1.0,0.048,1,0.1,0,0
510,Braxton Key,26,DEN,SF,20,0,60,4.2,10.2,0.412,1.2,3.0,0.4,3.0,7.2,0.417,0.471,3.6,4.8,0.75,1.8,9.0,10.8,5.4,1.2,0.6,0.6,3.0,13.2,,keybr01,16.5,0.536,0.294,0.471,5.7,26.9,16.6,18.8,1.7,1.4,4.6,15.7,0.1,0.1,0.2,0.18,0.5,1.6,2.1,0.1,10.2,0.412,0.235,0.0,0.059,0.417,0.429,0.25,,1.0,0.4,1.0,1.0,0.0,0,0.2,0,0
511,Jermaine Samuels,25,HOU,SF,14,0,60,5.4,8.4,0.643,0.0,1.2,0.0,5.4,7.2,0.75,0.643,1.2,1.2,1.0,1.8,6.0,7.8,1.8,0.6,1.2,0.0,3.0,12.0,,samueje01,15.1,0.672,0.143,0.143,5.3,18.1,11.6,7.0,0.8,3.1,0.0,10.5,0.1,0.1,0.2,0.178,-0.3,1.1,0.8,0.0,5.6,0.5,0.357,0.0,0.0,0.75,0.857,0.6,,,0.0,0.556,,0.071,1,1.0,0,0
512,Colin Castleton,23,LAL,C,16,0,59,5.5,9.8,0.563,0.0,0.0,,5.5,9.8,0.563,0.563,3.7,3.7,1.0,3.7,3.7,7.3,1.8,1.2,0.0,1.8,6.7,14.6,,castlco01,13.0,0.644,0.0,0.375,11.9,10.8,11.3,6.8,1.6,0.0,13.9,15.8,0.1,0.0,0.2,0.128,-3.9,-1.4,-5.2,0.0,3.6,0.5,0.438,0.063,0.0,0.563,0.625,0.429,1.0,,,0.667,,0.188,3,,0,0
513,TyTy Washington Jr.,22,MIL,PG,11,0,56,3.9,12.9,0.3,1.3,3.9,0.333,2.6,9.0,0.286,0.35,0.0,0.0,,0.6,2.6,3.2,3.2,1.9,0.0,1.3,0.6,9.0,,washity02,4.6,0.35,0.3,0.0,2.0,7.7,4.9,11.4,2.6,0.0,9.1,17.0,-0.1,0.1,-0.1,-0.072,-7.1,-1.0,-8.2,-0.1,17.5,0.05,0.2,0.1,0.35,0.286,1.0,0.25,0.5,0.143,0.333,0.5,1.0,0.0,0,0.167,0,0
514,Dereon Seabron,23,NOP,SG,6,0,55,2.6,8.5,0.308,0.7,1.3,0.5,2.0,7.2,0.273,0.346,3.3,3.9,0.833,0.7,3.9,4.6,3.3,1.3,0.7,0.0,2.6,9.2,,seabrde01,9.2,0.448,0.154,0.462,2.0,12.0,7.1,11.2,1.8,1.8,0.0,12.4,0.0,0.1,0.1,0.087,-2.7,1.2,-1.5,0.0,7.9,0.385,0.231,0.231,0.0,0.273,0.4,0.0,0.333,,0.5,0.0,1.0,0.0,0,0.5,0,0
515,Juan Toscano-Anderson,30,SAC,SF,11,0,53,2.0,8.2,0.25,0.7,2.7,0.25,1.4,5.4,0.25,0.292,0.0,0.0,,2.7,6.8,9.5,2.7,0.7,0.7,1.4,7.5,4.8,,toscaju01,2.5,0.292,0.333,0.0,8.3,21.6,14.8,9.0,0.9,1.7,14.3,11.3,-0.1,0.1,0.0,-0.024,-8.7,-0.6,-9.4,-0.1,9.7,0.417,0.25,0.0,0.0,0.25,0.4,0.0,,,0.25,1.0,1.0,0.083,1,0.75,0,0
516,Leonard Miller,20,MIN,SF,17,0,52,9.0,13.8,0.65,1.4,3.5,0.4,7.6,10.4,0.733,0.7,0.7,1.4,0.5,3.5,10.4,13.8,5.5,1.4,0.7,0.7,3.5,20.1,,millele01,27.0,0.694,0.25,0.1,11.5,31.3,21.8,25.5,1.9,1.7,4.6,18.6,0.2,0.1,0.3,0.323,5.9,3.7,9.6,0.2,10.5,0.45,0.1,0.1,0.1,0.733,0.778,0.5,0.5,1.0,0.4,0.636,1.0,0.0,0,0.4,0,0
517,Seth Lundy,23,ATL,SF,9,0,52,2.8,11.8,0.235,2.1,9.0,0.231,0.7,2.8,0.25,0.324,2.1,2.8,0.75,0.7,4.2,4.8,0.0,0.0,0.0,0.7,4.2,9.7,,lundyse01,0.0,0.373,0.765,0.235,2.0,13.1,7.3,0.0,0.0,0.0,5.1,15.8,-0.1,0.0,-0.1,-0.092,-7.7,-5.0,-12.7,-0.1,21.1,0.059,0.118,0.0,0.059,0.25,0.0,0.0,,1.0,0.231,1.0,1.0,0.0,0,0.308,0,0
518,David Duke Jr.,24,SAS,SG,4,0,51,7.1,12.7,0.556,2.1,4.2,0.5,4.9,8.5,0.583,0.639,2.1,2.1,1.0,1.4,5.6,7.1,3.5,1.4,0.0,2.1,2.8,18.4,,dukeda01,16.2,0.673,0.333,0.167,4.2,17.1,10.6,14.6,1.9,0.0,13.4,18.5,0.1,0.0,0.1,0.119,-0.1,1.4,1.4,0.0,12.6,0.333,0.167,0.056,0.111,0.583,0.833,0.333,0.0,0.5,0.5,0.714,1.0,0.0,0,0.333,0,0
519,Daishen Nix,21,MIN,PG,15,0,50,6.5,17.3,0.375,4.3,12.2,0.353,2.2,5.0,0.429,0.5,2.2,4.3,0.5,0.7,1.4,2.2,4.3,3.6,0.0,3.6,1.4,19.4,,nixda01,12.3,0.507,0.708,0.25,2.4,4.3,3.4,17.8,4.9,0.0,15.8,28.0,-0.1,0.1,0.0,0.014,-2.8,1.4,-1.4,0.0,19.3,0.083,0.208,0.0,0.0,0.429,1.0,0.2,,,0.353,0.333,0.667,0.042,1,0.176,0,0
520,Jay Huff,25,DEN,C,20,0,49,6.6,11.0,0.6,2.2,6.6,0.333,4.4,4.4,1.0,0.7,1.5,1.5,1.0,1.5,6.6,8.1,1.5,1.5,2.2,0.7,6.6,16.9,,huffja01,18.5,0.724,0.6,0.133,4.7,19.8,12.4,5.6,2.0,5.2,5.9,15.0,0.1,0.1,0.2,0.212,-0.3,1.6,1.3,0.0,16.8,0.267,0.133,0.0,0.0,1.0,1.0,1.0,,,0.333,1.0,1.0,0.067,1,0.0,0,0
521,Hunter Tyson,23,DEN,PF,18,0,48,6.0,15.0,0.4,3.0,10.5,0.286,3.0,4.5,0.667,0.5,0.0,0.0,,0.7,6.0,6.8,1.5,0.7,0.0,1.5,7.5,15.0,,tysonhu01,6.0,0.5,0.7,0.0,2.4,18.0,10.4,5.6,1.0,0.0,9.1,20.0,0.0,0.1,0.0,0.007,-6.8,-2.1,-8.9,-0.1,20.9,0.1,0.05,0.05,0.1,0.667,0.5,1.0,0.0,1.0,0.286,1.0,1.0,0.05,1,0.071,0,0
522,James Johnson,36,IND,PF,9,0,47,2.3,7.7,0.3,0.0,1.5,0.0,2.3,6.1,0.375,0.3,1.5,1.5,1.0,0.8,2.3,3.1,6.1,3.8,0.8,3.8,6.9,6.1,,johnsja01,5.0,0.368,0.2,0.2,2.4,7.2,4.8,18.6,5.0,1.7,31.5,14.2,-0.1,0.1,0.0,-0.05,-8.0,2.2,-5.8,0.0,11.1,0.2,0.4,0.2,0.0,0.375,1.0,0.25,0.0,,0.0,0.333,,0.2,2,0.0,0,0
523,DaQuan Jeffries,26,NYK,SG,17,0,46,4.7,13.3,0.353,1.6,7.8,0.2,3.1,5.5,0.571,0.412,0.0,1.6,0.0,0.0,3.9,3.9,3.9,0.0,0.8,2.3,1.6,11.0,,jeffrda01,3.1,0.391,0.588,0.118,0.0,12.2,6.1,14.9,0.0,2.0,14.4,19.6,-0.1,0.0,-0.1,-0.087,-5.6,-2.5,-8.1,-0.1,18.1,0.059,0.176,0.176,0.0,0.571,1.0,0.667,0.333,,0.2,1.0,1.0,0.0,0,0.4,0,0
524,Ryan Arcidiacono,29,NYK,PG,20,0,45,0.0,4.8,0.0,0.0,4.8,0.0,0.0,0.0,,0.0,0.0,0.0,,0.0,6.4,6.4,3.2,1.6,0.0,1.6,4.0,0.0,,arcidry01,-2.0,0.0,1.0,0.0,0.0,20.0,10.0,10.4,2.2,0.0,25.0,7.7,-0.1,0.1,-0.1,-0.089,-11.5,1.9,-9.6,-0.1,26.3,0.0,0.0,0.0,0.0,,,,,,0.0,,,0.0,0,0.0,0,0
525,Frank Ntilikina,25,CHO,PG,5,0,43,0.8,7.5,0.111,0.8,6.7,0.125,0.0,0.8,0.0,0.167,1.7,1.7,1.0,0.8,4.2,5.0,3.3,0.0,0.0,0.8,3.3,4.2,,ntilila01,0.0,0.253,0.889,0.222,2.5,13.5,7.8,11.5,0.0,0.0,9.2,11.2,-0.1,0.0,-0.1,-0.099,-10.0,-3.4,-13.4,-0.1,24.2,0.0,0.0,0.0,0.111,0.0,,,,0.0,0.125,,1.0,0.0,0,0.375,0,0
526,Oscar Tshiebwe,24,IND,PF,8,0,42,8.6,17.1,0.5,0.0,0.0,,8.6,17.1,0.5,0.5,5.1,6.9,0.75,6.9,6.9,13.7,1.7,1.7,0.9,0.0,2.6,22.3,,tshieos01,24.8,0.553,0.0,0.4,21.6,21.6,21.6,6.4,2.2,1.9,0.0,23.5,0.1,0.0,0.2,0.221,4.5,-2.3,2.2,0.0,5.0,0.35,0.55,0.0,0.1,0.5,0.571,0.455,,0.5,,0.8,,0.1,2,,0,0
527,D'Moi Hodge,25,LAL,SG,7,0,41,4.4,13.2,0.333,2.6,10.5,0.25,1.8,2.6,0.667,0.433,0.9,1.8,0.5,0.0,0.0,0.0,4.4,0.9,0.9,0.9,3.5,12.3,,hodgedm01,6.1,0.441,0.8,0.133,0.0,0.0,0.0,15.6,1.2,2.1,5.9,17.8,0.0,0.0,0.0,-0.019,-3.7,-2.6,-6.3,0.0,21.8,0.133,0.0,0.0,0.067,0.667,0.5,,,1.0,0.25,1.0,1.0,0.0,0,0.25,0,0
528,Greg Brown III,22,DAL,PF,6,0,40,4.5,9.9,0.455,0.9,2.7,0.333,3.6,7.2,0.5,0.5,3.6,8.1,0.444,2.7,5.4,8.1,3.6,0.0,3.6,3.6,4.5,13.5,,browngr01,10.5,0.501,0.273,0.818,8.2,16.3,12.3,13.0,0.0,8.8,21.1,20.3,0.0,0.0,0.0,0.0,-5.0,0.6,-4.4,0.0,8.5,0.636,0.091,0.0,0.0,0.5,0.571,0.0,,,0.333,0.75,1.0,0.273,2,0.0,0,0
529,Taze Moore,25,POR,SG,4,0,40,7.2,17.1,0.421,0.9,6.3,0.143,6.3,10.8,0.583,0.447,0.9,1.8,0.5,3.6,3.6,7.2,4.5,1.8,0.0,2.7,3.6,16.2,,mooreta02,11.8,0.453,0.368,0.105,10.6,11.9,11.2,20.4,2.5,0.0,13.1,24.3,0.0,0.0,0.0,-0.017,-2.5,-0.6,-3.1,0.0,11.9,0.368,0.211,0.0,0.053,0.583,1.0,0.0,,0.0,0.143,0.429,1.0,0.105,2,0.286,0,0
530,Alex Fudge,20,2TM,SF,6,0,40,5.4,13.5,0.4,0.9,4.5,0.2,4.5,9.0,0.5,0.433,1.8,1.8,1.0,3.6,0.9,4.5,0.0,2.7,0.0,1.8,1.8,13.5,,fudgeal01,9.8,0.472,0.333,0.133,11.3,2.7,6.9,0.0,3.6,0.0,11.2,19.2,0.0,0.0,0.0,-0.007,-3.7,-1.5,-5.2,0.0,12.6,0.333,0.2,0.067,0.067,0.5,0.6,0.333,1.0,0.0,0.2,0.4,1.0,0.2,2,0.6,0,0
530,Alex Fudge,20,LAL,SF,4,0,14,2.6,15.4,0.167,0.0,5.1,0.0,2.6,10.3,0.25,0.167,5.1,5.1,1.0,5.1,0.0,5.1,0.0,0.0,0.0,2.6,2.6,10.3,,fudgeal01,-1.9,0.291,0.333,0.333,16.7,0.0,7.9,0.0,0.0,0.0,12.7,24.3,-0.1,0.0,-0.1,-0.222,-9.9,-8.3,-18.1,-0.1,15.9,0.0,0.333,0.167,0.167,0.25,,0.0,1.0,0.0,0.0,0.0,,0.0,0,0.5,0,0
530,Alex Fudge,20,DAL,SF,2,0,26,6.9,12.5,0.556,1.4,4.2,0.333,5.5,8.3,0.667,0.611,0.0,0.0,,2.8,1.4,4.2,0.0,4.2,0.0,1.4,1.4,15.2,,fudgeal01,16.2,0.611,0.333,0.0,8.4,4.2,6.3,0.0,5.5,0.0,10.0,16.5,0.0,0.0,0.1,0.108,-0.4,2.1,1.7,0.0,9.4,0.556,0.111,0.0,0.0,0.667,0.6,1.0,,,0.333,0.5,1.0,0.333,2,0.667,0,0
531,JD Davison,21,BOS,SG,8,0,39,4.6,11.1,0.417,2.8,6.5,0.429,1.8,4.6,0.4,0.542,2.8,3.7,0.75,1.8,7.4,9.2,9.2,0.9,0.9,1.8,3.7,14.8,,davisjd01,18.8,0.581,0.583,0.333,5.8,21.2,13.8,32.9,1.3,2.3,12.7,17.6,0.1,0.1,0.2,0.228,1.8,1.4,3.3,0.1,19.2,0.083,0.167,0.0,0.167,0.4,1.0,0.0,,0.5,0.429,1.0,1.0,0.0,0,0.143,0,0
532,RaiQuan Gray,24,SAS,PF,3,0,39,9.2,15.7,0.588,2.8,6.5,0.429,6.5,9.2,0.7,0.676,0.0,0.0,,1.8,4.6,6.5,5.5,0.9,0.9,0.9,0.0,21.2,,grayra01,22.7,0.676,0.412,0.0,5.5,14.0,9.7,25.2,1.2,2.1,5.6,19.5,0.1,0.0,0.2,0.187,5.6,1.8,7.4,0.1,12.8,0.235,0.353,0.0,0.0,0.7,0.75,0.667,,,0.429,0.571,1.0,0.059,1,0.143,0,0
533,Jacob Toppin,23,NYK,SF,9,0,38,4.7,8.5,0.556,0.9,3.8,0.25,3.8,4.7,0.8,0.611,1.9,1.9,1.0,2.8,3.8,6.6,2.8,0.0,0.9,0.9,2.8,12.3,,toppija01,14.3,0.658,0.444,0.222,8.8,11.9,10.3,10.9,0.0,2.5,9.2,12.4,0.1,0.0,0.1,0.161,0.6,-1.3,-0.7,0.0,14.1,0.222,0.222,0.0,0.111,0.8,1.0,0.5,,1.0,0.25,0.75,1.0,0.333,3,0.25,0,0
534,Jalen Slawson,24,SAC,SF,12,0,37,3.9,5.8,0.667,0.0,1.9,0.0,3.9,3.9,1.0,0.667,0.0,0.0,,1.0,5.8,6.8,1.9,1.0,1.0,1.9,7.8,7.8,,slawsja01,6.6,0.667,0.333,0.0,3.0,18.6,10.6,6.9,1.3,2.5,25.0,9.2,0.0,0.0,0.0,0.058,-7.5,1.1,-6.4,0.0,11.1,0.5,0.0,0.167,0.0,1.0,1.0,,1.0,,0.0,0.75,,0.167,1,0.0,0,0
535,Charlie Brown Jr.,26,NYK,SG,8,0,37,1.9,9.7,0.2,1.9,6.8,0.286,0.0,2.9,0.0,0.3,0.0,0.0,,1.0,1.0,1.9,0.0,0.0,1.9,1.9,4.9,5.8,,brownch02,-3.2,0.3,0.7,0.0,3.0,3.0,3.0,0.0,0.0,5.1,16.7,14.0,-0.1,0.0,-0.1,-0.124,-10.2,-3.4,-13.6,-0.1,19.0,0.1,0.2,0.0,0.0,0.0,0.0,0.0,,,0.286,,1.0,0.0,0,0.286,0,0
536,D.J. Carton,23,TOR,SG,4,0,36,3.0,8.0,0.375,1.0,4.0,0.25,2.0,4.0,0.5,0.438,4.0,5.0,0.8,2.0,2.0,4.0,3.0,1.0,0.0,1.0,3.0,11.0,,cartodj01,9.6,0.539,0.5,0.625,6.0,6.2,6.1,10.5,1.3,0.0,8.9,13.3,0.0,0.0,0.0,0.062,-4.2,-1.1,-5.3,0.0,14.4,0.25,0.25,0.0,0.0,0.5,0.5,0.5,,,0.25,0.5,1.0,0.0,0,0.75,0,0
537,Dexter Dennis,24,DAL,SG,4,0,30,12.0,22.8,0.526,1.2,9.6,0.125,10.8,13.2,0.818,0.553,1.2,3.6,0.333,1.2,9.6,10.8,4.8,0.0,1.2,3.6,1.2,26.4,,dennide01,18.3,0.541,0.421,0.158,3.7,29.0,16.4,23.7,0.0,2.9,12.9,33.3,0.0,0.0,0.0,0.004,1.7,-0.1,1.7,0.0,14.3,0.316,0.053,0.105,0.105,0.818,1.0,1.0,0.5,0.5,0.125,0.444,1.0,0.053,1,0.0,0,0
538,Henri Drell,23,CHI,SF,4,0,30,4.8,12.0,0.4,2.4,7.2,0.333,2.4,4.8,0.5,0.5,1.2,2.4,0.5,1.2,3.6,4.8,4.8,2.4,1.2,2.4,7.2,13.2,,drellhe01,10.7,0.506,0.6,0.2,3.7,11.4,7.5,18.3,3.3,3.4,15.5,18.8,0.0,0.0,0.0,0.047,-5.1,0.2,-4.9,0.0,16.5,0.1,0.3,0.0,0.0,0.5,1.0,0.333,,,0.333,0.0,1.0,0.0,0,0.333,0,0
539,Jordan Miller,24,LAC,SF,8,0,28,6.4,11.6,0.556,1.3,2.6,0.5,5.1,9.0,0.571,0.611,2.6,2.6,1.0,3.9,2.6,6.4,0.0,0.0,0.0,1.3,2.6,16.7,,millejo02,14.1,0.658,0.222,0.222,12.5,7.8,10.1,0.0,0.0,0.0,9.2,17.0,0.1,0.0,0.1,0.116,0.4,-4.2,-3.8,0.0,9.2,0.556,0.0,0.111,0.111,0.571,0.8,,0.0,0.0,0.5,0.0,1.0,0.222,2,1.0,0,0
540,Mason Jones,25,SAC,SG,5,0,28,2.6,10.3,0.25,2.6,9.0,0.286,0.0,1.3,0.0,0.375,1.3,2.6,0.5,1.3,5.1,6.4,6.4,1.3,0.0,2.6,3.9,9.0,,jonesma05,5.8,0.394,0.875,0.25,3.9,16.4,10.0,21.7,1.7,0.0,18.4,16.6,0.0,0.0,0.0,-0.018,-5.4,0.0,-5.5,0.0,24.4,0.0,0.0,0.125,0.0,0.0,,,0.0,,0.286,,1.0,0.0,0,0.143,0,0
541,Pete Nance,23,CLE,PF,8,0,27,1.3,8.0,0.167,1.3,1.3,1.0,0.0,6.7,0.0,0.25,0.0,2.7,0.0,0.0,4.0,4.0,0.0,1.3,0.0,1.3,2.7,4.0,,nancepe01,-3.9,0.218,0.167,0.333,0.0,12.3,6.2,0.0,1.8,0.0,12.7,12.9,-0.1,0.0,-0.1,-0.154,-11.9,-3.2,-15.2,-0.1,10.2,0.333,0.167,0.333,0.0,0.0,0.0,0.0,0.0,,1.0,,1.0,0.0,0,0.0,0,0
542,Pat Spencer,27,GSW,PG,6,0,26,2.8,5.5,0.5,0.0,2.8,0.0,2.8,2.8,1.0,0.5,0.0,0.0,,2.8,2.8,5.5,6.9,0.0,0.0,1.4,1.4,5.5,,spencpa01,9.4,0.5,0.5,0.0,8.4,8.2,8.3,23.3,0.0,0.0,20.0,8.1,0.0,0.0,0.0,0.084,-3.4,-3.1,-6.4,0.0,15.6,0.25,0.25,0.0,0.0,1.0,1.0,1.0,,,0.0,0.5,,0.25,1,0.0,0,0
543,Dariq Whitehead,19,BRK,SF,2,0,24,1.5,7.5,0.2,0.0,4.5,0.0,1.5,3.0,0.5,0.2,1.5,3.0,0.5,0.0,6.0,6.0,4.5,0.0,1.5,0.0,0.0,4.5,,whiteda01,4.9,0.255,0.6,0.4,0.0,18.8,9.1,15.6,0.0,3.8,0.0,10.6,0.0,0.0,0.0,-0.03,-5.5,-2.4,-7.9,0.0,17.6,0.0,0.4,0.0,0.0,0.5,,0.5,,,0.0,1.0,,0.0,0,0.333,0,0
544,Mamadi Diakite,27,2TM,PF,6,0,24,6.0,9.0,0.667,0.0,1.5,0.0,6.0,7.5,0.8,0.667,6.0,9.0,0.667,1.5,4.5,6.0,3.0,1.5,1.5,1.5,3.0,18.0,,diakima01,18.6,0.694,0.167,1.0,4.5,13.8,9.1,13.5,2.1,3.5,10.4,17.0,0.1,0.0,0.1,0.168,0.8,2.7,3.5,0.0,15.1,0.5,0.333,0.0,0.0,0.8,0.667,1.0,,,0.0,1.0,,0.167,1,0.0,0,0
544,Mamadi Diakite,27,SAS,PF,3,0,16,9.0,11.3,0.8,0.0,0.0,,9.0,11.3,0.8,0.8,9.0,13.5,0.667,2.3,4.5,6.8,4.5,0.0,2.3,0.0,2.3,27.0,,diakima01,30.4,0.785,0.0,1.2,6.7,13.6,10.1,20.3,0.0,5.2,0.0,20.2,0.1,0.0,0.1,0.349,7.9,3.7,11.6,0.1,4.2,0.6,0.4,0.0,0.0,0.8,0.667,1.0,,,,1.0,,0.2,1,,0,0
544,Mamadi Diakite,27,NYK,PF,3,0,8,0.0,4.5,0.0,0.0,4.5,0.0,0.0,0.0,,0.0,0.0,0.0,,0.0,4.5,4.5,0.0,4.5,0.0,4.5,4.5,0.0,,diakima01,-5.2,0.0,1.0,0.0,0.0,14.1,7.0,0.0,6.3,0.0,50.0,10.8,-0.1,0.0,0.0,-0.194,-13.5,0.7,-12.7,0.0,25.9,0.0,0.0,0.0,0.0,,,,,,0.0,,,0.0,0,0.0,0,0
545,E.J. Liddell,23,NOP,PF,8,0,23,1.6,9.4,0.167,0.0,7.8,0.0,1.6,1.6,1.0,0.167,3.1,3.1,1.0,0.0,7.8,7.8,1.6,3.1,3.1,3.1,3.1,6.3,,liddeej01,4.3,0.291,0.833,0.333,0.0,23.9,12.1,5.2,4.3,8.6,22.5,16.8,-0.1,0.1,0.0,-0.091,-8.7,4.0,-4.7,0.0,22.1,0.167,0.0,0.0,0.0,1.0,1.0,,,,0.0,1.0,,0.167,1,0.0,0,0
546,Drew Peterson,24,BOS,PF,3,0,23,6.3,9.4,0.667,4.7,7.8,0.6,1.6,1.6,1.0,0.917,0.0,0.0,,0.0,1.6,1.6,1.6,3.1,0.0,1.6,1.6,17.2,,peterdr01,18.5,0.917,0.833,0.0,0.0,4.5,2.3,5.9,4.3,0.0,14.3,13.3,0.1,0.0,0.1,0.194,3.8,1.6,5.3,0.0,21.3,0.167,0.0,0.0,0.0,1.0,1.0,,,,0.6,1.0,1.0,0.167,1,0.2,0,0
547,Jordan Ford,25,SAC,PG,6,0,22,6.5,11.5,0.571,3.3,4.9,0.667,3.3,6.5,0.5,0.714,3.3,3.3,1.0,0.0,3.3,3.3,3.3,0.0,0.0,1.6,0.0,19.6,,fordjo01,16.8,0.761,0.429,0.286,0.0,10.4,5.1,12.8,0.0,0.0,11.3,17.3,0.1,0.0,0.1,0.157,3.3,-1.1,2.2,0.0,18.2,0.143,0.0,0.286,0.143,0.5,1.0,,0.5,0.0,0.667,0.0,0.5,0.0,0,0.333,0,0
548,Isaiah Thomas,34,PHO,PG,6,0,19,5.7,18.9,0.3,3.8,7.6,0.5,1.9,11.4,0.167,0.4,0.0,0.0,,0.0,0.0,0.0,5.7,0.0,0.0,0.0,0.0,15.2,,thomais02,6.7,0.4,0.4,0.0,0.0,0.0,0.0,21.9,0.0,0.0,0.0,22.8,0.0,0.0,0.0,-0.03,-1.6,-5.2,-6.9,0.0,13.6,0.2,0.3,0.0,0.1,0.167,0.5,0.0,,0.0,0.5,0.0,1.0,0.0,0,0.25,0,0
549,Usman Garuba,21,GSW,PF,6,0,18,2.0,12.0,0.167,0.0,2.0,0.0,2.0,10.0,0.2,0.167,2.0,4.0,0.5,6.0,8.0,14.0,2.0,2.0,6.0,4.0,4.0,6.0,,garubus01,7.0,0.218,0.167,0.333,18.2,23.7,21.0,6.6,2.7,15.1,22.5,20.8,-0.1,0.0,0.0,-0.124,-10.8,-0.1,-10.9,0.0,7.2,0.333,0.5,0.0,0.0,0.2,0.5,0.0,,,0.0,0.0,,0.0,0,0.0,0,0
550,Danny Green,36,PHI,SG,2,0,18,0.0,4.0,0.0,0.0,2.0,0.0,0.0,2.0,0.0,0.0,0.0,0.0,,0.0,4.0,4.0,2.0,2.0,0.0,0.0,2.0,0.0,,greenda02,0.7,0.0,0.5,0.0,0.0,12.5,6.1,6.5,2.7,0.0,0.0,4.8,0.0,0.0,0.0,-0.035,-7.4,0.8,-6.6,0.0,22.5,0.0,0.0,0.0,0.5,0.0,,,,0.0,0.0,,,0.0,0,1.0,0,0
551,Alondes Williams,24,MIA,SG,7,0,16,4.5,18.0,0.25,0.0,9.0,0.0,4.5,9.0,0.5,0.25,2.3,2.3,1.0,0.0,2.3,2.3,0.0,0.0,2.3,4.5,4.5,11.3,,willial06,-7.9,0.296,0.5,0.125,0.0,7.1,3.5,0.0,0.0,6.1,19.2,29.1,-0.1,0.0,-0.1,-0.357,-17.8,-5.4,-23.2,-0.1,15.7,0.25,0.25,0.0,0.0,0.5,1.0,0.0,,,0.0,0.0,,0.0,0,0.0,0,0
552,Ty Jerome,26,CLE,SG,2,0,15,4.8,9.6,0.5,0.0,2.4,0.0,4.8,7.2,0.667,0.5,0.0,0.0,,2.4,0.0,2.4,7.2,0.0,0.0,2.4,4.8,9.6,,jeromty01,7.6,0.5,0.25,0.0,7.6,0.0,3.7,27.3,0.0,0.0,20.0,14.7,0.0,0.0,0.0,0.04,-4.1,-0.8,-4.9,0.0,10.6,0.25,0.25,0.25,0.0,0.667,0.0,1.0,1.0,,0.0,0.0,,0.0,0,0.0,0,0
553,D.J. Wilson,27,PHI,PF,2,0,15,9.6,14.4,0.667,4.8,4.8,1.0,4.8,9.6,0.5,0.833,0.0,0.0,,2.4,2.4,4.8,4.8,0.0,4.8,0.0,2.4,24.0,,wilsodj01,31.6,0.833,0.333,0.0,7.2,7.5,7.4,22.5,0.0,12.2,0.0,17.3,0.1,0.0,0.1,0.355,15.5,7.0,22.4,0.1,10.3,0.333,0.333,0.0,0.0,0.5,1.0,0.0,,,1.0,1.0,1.0,0.167,1,0.5,0,0
554,Adam Flagler,24,OKC,SG,2,0,14,2.6,18.0,0.143,2.6,15.4,0.167,0.0,2.6,0.0,0.214,0.0,0.0,,0.0,0.0,0.0,10.3,0.0,0.0,0.0,0.0,7.7,,flaglad01,0.6,0.214,0.857,0.0,0.0,0.0,0.0,33.6,0.0,0.0,0.0,21.7,0.0,0.0,0.0,-0.159,-6.7,-3.9,-10.6,0.0,24.2,0.0,0.0,0.143,0.0,0.0,,,0.0,,0.167,,0.0,0.0,0,0.0,0,0
555,Andrew Funk,24,CHI,SG,5,0,13,0.0,11.1,0.0,0.0,8.3,0.0,0.0,2.8,0.0,0.0,0.0,0.0,,0.0,0.0,0.0,0.0,2.8,2.8,0.0,0.0,0.0,,funkan01,-5.0,0.0,0.75,0.0,0.0,0.0,0.0,0.0,3.8,7.9,0.0,13.5,-0.1,0.0,-0.1,-0.252,-12.4,-2.0,-14.4,0.0,19.0,0.0,0.25,0.0,0.0,0.0,,0.0,,,0.0,,,0.0,0,0.667,0,0
556,Quenton Jackson,25,IND,PG,3,0,11,0.0,3.3,0.0,0.0,0.0,,0.0,3.3,0.0,0.0,6.5,6.5,1.0,0.0,13.1,13.1,6.5,3.3,0.0,0.0,3.3,6.5,,jacksqu01,16.1,0.532,0.0,2.0,0.0,41.2,20.6,18.6,4.3,0.0,0.0,7.2,0.0,0.0,0.0,0.203,-3.5,6.8,3.3,0.0,2.3,1.0,0.0,0.0,0.0,0.0,0.0,,,,,,,0.0,0,,0,0
557,Joshua Primo,21,LAC,SG,2,0,10,3.6,10.8,0.333,0.0,3.6,0.0,3.6,7.2,0.5,0.333,0.0,0.0,,3.6,0.0,3.6,0.0,0.0,3.6,14.4,0.0,7.2,,primojo01,-12.8,0.333,0.333,0.0,11.7,0.0,5.6,0.0,0.0,9.0,57.1,30.7,-0.1,0.0,-0.1,-0.585,-16.8,-8.2,-25.0,-0.1,16.7,0.333,0.0,0.0,0.333,0.5,1.0,,,0.0,0.0,1.0,,0.0,0,0.0,0,0
558,Filip Petrušev,23,2TM,C,3,0,10,3.6,7.2,0.5,0.0,0.0,,3.6,7.2,0.5,0.5,3.6,7.2,0.5,0.0,3.6,3.6,0.0,0.0,0.0,0.0,3.6,10.8,,petrufi01,5.1,0.521,0.0,1.0,0.0,11.2,5.5,0.0,0.0,0.0,0.0,12.3,0.0,0.0,0.0,0.029,-4.7,-3.3,-8.0,0.0,12.4,0.0,0.0,1.0,0.0,0.5,,,0.5,,,1.0,,0.0,0,,0,0
558,Filip Petrušev,23,PHI,C,1,0,3,0.0,0.0,,0.0,0.0,,0.0,0.0,,,0.0,0.0,,0.0,12.0,12.0,0.0,0.0,0.0,0.0,0.0,0.0,,petrufi01,4.0,,,,0.0,37.5,18.4,0.0,0.0,0.0,,0.0,0.0,0.0,0.0,0.061,-3.0,-1.9,-4.9,0.0,,,,,,,,,,,,,,,0,,0,0
558,Filip Petrušev,23,SAC,C,2,0,7,5.1,10.3,0.5,0.0,0.0,,5.1,10.3,0.5,0.5,5.1,10.3,0.5,0.0,0.0,0.0,0.0,0.0,0.0,0.0,5.1,15.4,,petrufi01,5.5,0.521,0.0,1.0,0.0,0.0,0.0,0.0,0.0,0.0,0.0,17.6,0.0,0.0,0.0,0.015,-5.5,-3.9,-9.3,0.0,12.4,0.0,0.0,1.0,0.0,0.5,,,0.5,,,1.0,,0.0,0,,0,0
559,Lindell Wigginton,25,MIL,PG,3,0,8,9.0,22.5,0.4,0.0,9.0,0.0,9.0,13.5,0.667,0.4,9.0,9.0,1.0,0.0,0.0,0.0,0.0,0.0,0.0,4.5,4.5,27.0,,wiggili01,5.6,0.51,0.4,0.4,0.0,0.0,0.0,0.0,0.0,0.0,14.5,37.1,0.0,0.0,0.0,-0.154,-14.6,-9.2,-23.9,0.0,11.7,0.4,0.2,0.0,0.0,0.667,1.0,0.0,,,0.0,0.0,,0.0,0,0.0,0,0
560,Kaiser Gates,27,NOP,SF,1,0,7,0.0,20.6,0.0,0.0,10.3,0.0,0.0,10.3,0.0,0.0,0.0,0.0,,0.0,5.1,5.1,0.0,0.0,0.0,0.0,0.0,0.0,,gateska01,-19.9,0.0,0.5,0.0,0.0,15.7,8.0,0.0,0.0,0.0,0.0,24.9,-0.1,0.0,-0.1,-0.558,-18.6,-10.1,-28.8,-0.1,13.7,0.5,0.0,0.0,0.0,0.0,0.0,,,,0.0,,,0.0,0,0.0,0,0
561,Shaquille Harrison,30,MEM,SG,3,0,6,6.0,12.0,0.5,0.0,0.0,,6.0,12.0,0.5,0.5,0.0,0.0,,0.0,12.0,12.0,0.0,0.0,6.0,0.0,0.0,12.0,,harrish01,15.9,0.5,0.0,0.0,0.0,38.0,18.2,0.0,0.0,15.6,0.0,14.3,0.0,0.0,0.0,0.09,-0.7,5.2,4.6,0.0,1.1,1.0,0.0,0.0,0.0,0.5,0.5,,,,,1.0,,0.0,0,,0,0
562,Kevon Harris,26,ORL,SG,2,0,6,12.0,18.0,0.667,0.0,0.0,,12.0,18.0,0.667,0.667,0.0,0.0,,0.0,12.0,12.0,6.0,0.0,0.0,6.0,18.0,24.0,,harrike01,11.1,0.667,0.0,0.0,0.0,39.5,19.6,33.0,0.0,0.0,25.0,29.1,0.0,0.0,0.0,0.038,-15.5,-0.3,-15.8,0.0,11.5,0.333,0.0,0.333,0.333,0.667,1.0,,0.0,1.0,,0.5,,0.0,0,,0,0
563,Hamidou Diallo,25,WAS,SG,2,0,5,7.2,14.4,0.5,0.0,0.0,,7.2,14.4,0.5,0.5,0.0,0.0,,14.4,0.0,14.4,7.2,14.4,0.0,7.2,7.2,14.4,,diallha01,33.2,0.5,0.0,0.0,41.8,0.0,21.4,28.9,18.7,0.0,33.3,25.3,0.0,0.0,0.0,0.204,2.7,16.0,18.7,0.0,0.1,1.0,0.0,0.0,0.0,0.5,0.5,,,,,0.0,,0.0,0,,0,0
564,Ron Harper Jr.,23,TOR,PF,1,0,4,0.0,0.0,,0.0,0.0,,0.0,0.0,,,0.0,0.0,,0.0,0.0,0.0,9.0,0.0,0.0,0.0,18.0,0.0,,harpero02,0.0,,,,0.0,0.0,0.0,28.6,0.0,0.0,,0.0,0.0,0.0,0.0,0.087,-11.7,2.8,-8.8,0.0,,,,,,,,,,,,,,,0,,0,0
565,Markquis Nowell,24,TOR,SG,1,0,4,0.0,9.0,0.0,0.0,0.0,,0.0,9.0,0.0,0.0,18.0,18.0,1.0,18.0,0.0,18.0,18.0,9.0,0.0,0.0,0.0,18.0,,nowelma01,55.5,0.532,0.0,2.0,53.9,0.0,27.5,57.1,12.1,0.0,0.0,20.1,0.0,0.0,0.1,0.665,29.1,14.2,43.3,0.0,9.5,0.0,1.0,0.0,0.0,0.0,,0.0,,,,,,0.0,0,,0,0
566,Isaiah Wong,23,IND,SG,1,0,4,9.0,27.0,0.333,0.0,9.0,0.0,9.0,18.0,0.5,0.333,0.0,0.0,,0.0,0.0,0.0,0.0,0.0,0.0,0.0,0.0,18.0,,wongis01,-1.1,0.333,0.333,0.0,0.0,0.0,0.0,0.0,0.0,0.0,0.0,31.4,0.0,0.0,0.0,-0.277,-11.3,-7.7,-19.0,0.0,16.3,0.0,0.333,0.0,0.333,0.5,,0.0,,1.0,0.0,0.0,,0.0,0,1.0,0,0
567,Izaiah Brockington,24,NOP,PG,1,0,3,24.0,60.0,0.4,0.0,12.0,0.0,24.0,48.0,0.5,0.4,0.0,0.0,,12.0,12.0,24.0,0.0,0.0,0.0,0.0,0.0,48.0,,brockiz01,26.6,0.4,0.2,0.0,37.6,36.7,37.1,0.0,0.0,0.0,0.0,72.5,0.0,0.0,0.0,-0.177,-9.2,-8.5,-17.8,0.0,10.5,0.4,0.2,0.0,0.2,0.5,1.0,0.0,,0.0,0.0,0.5,,0.2,1,0.0,0,0
568,Malcolm Cazalon,22,DET,SG,1,0,3,0.0,0.0,,0.0,0.0,,0.0,0.0,,,0.0,0.0,,0.0,0.0,0.0,0.0,0.0,0.0,0.0,0.0,0.0,,cazalma01,0.0,,,,0.0,0.0,0.0,0.0,0.0,0.0,,0.0,0.0,0.0,0.0,-0.012,-6.0,-3.2,-9.1,0.0,,,,,,,,,,,,,,,0,,0,0
569,Jalen Crutcher,24,NOP,PG,1,0,3,0.0,12.0,0.0,0.0,0.0,,0.0,12.0,0.0,0.0,0.0,0.0,,0.0,0.0,0.0,0.0,0.0,0.0,0.0,0.0,0.0,,crutcja01,-12.6,0.0,0.0,0.0,0.0,0.0,0.0,0.0,0.0,0.0,0.0,14.5,0.0,0.0,0.0,-0.334,-18.5,-7.8,-26.2,0.0,4.5,0.0,1.0,0.0,0.0,0.0,,0.0,,,,,,0.0,0,,0,0
570,Dmytro Skapintsev,25,NYK,C,2,0,2,0.0,18.0,0.0,0.0,0.0,,0.0,18.0,0.0,0.0,0.0,0.0,,0.0,0.0,0.0,0.0,0.0,0.0,0.0,0.0,0.0,,skapidm01,-19.3,0.0,0.0,0.0,0.0,0.0,0.0,0.0,0.0,0.0,0.0,21.6,0.0,0.0,0.0,-0.483,-16.0,-9.8,-25.9,0.0,4.2,0.0,1.0,0.0,0.0,0.0,,0.0,,,,,,0.0,0,,0,0
571,Justin Jackson,28,MIN,SF,2,0,1,0.0,0.0,,0.0,0.0,,0.0,0.0,,,0.0,0.0,,0.0,0.0,0.0,0.0,0.0,0.0,0.0,0.0,0.0,,jacksju01,0.0,,,,0.0,0.0,0.0,0.0,0.0,0.0,,0.0,0.0,0.0,0.0,0.031,-6.3,-1.2,-7.5,0.0,,,,,,,,,,,,,,,0,,0,0
572,Javonte Smart,24,PHI,PG,1,0,1,0.0,0.0,,0.0,0.0,,0.0,0.0,,,0.0,0.0,,0.0,0.0,0.0,0.0,0.0,0.0,0.0,0.0,0.0,,smartja01,0.0,,,,0.0,0.0,0.0,0.0,0.0,0.0,,0.0,0.0,0.0,0.0,0.005,-6.2,-2.1,-8.3,0.0,,,,,,,,,,,,,,,0,,0,0
